time_s,motor_avg_rpm,motor1_rpm,motor2_rpm,motor3_rpm,motor4_rpm,pitch_deg,roll_deg,yaw_deg,gps_speed_ms,altitude_rel_m,voltage_V,current_A,power_W
3.000469,11257.142857142859,11271.42857142857,11428.57142857143,10842.857142857143,11485.714285714286,0.7997975872463905,-1.4305153108235507,-0.003894632161302972,0.18,1.5799999999999996,23.15,24.676923076923078,548.2544315384615
3.020486,11360.714285714286,11242.857142857143,11971.42857142857,10957.142857142857,11271.42857142857,0.7262412307600766,-1.4266789829276811,-0.005836817093824818,0.18,1.3199999999999998,23.39,21.284615384615385,548.8065489230768
3.040503,11310.714285714286,10985.714285714286,11671.42857142857,11185.714285714286,11400.0,0.7005148241599038,-1.4295360713104843,-0.006596562268718142,0.18,1.3199999999999998,22.31,21.93076923076923,551.2104572307693
3.06052,11342.857142857143,10900.0,11485.714285714286,11585.714285714286,11400.0,0.723468968860641,-1.4419085131743545,-0.0061461640040615505,0.28,1.5799999999999996,22.59,20.692307692307693,553.1655861538461
3.080536,11410.714285714286,10828.57142857143,12042.857142857143,11342.857142857143,11428.57142857143,0.7545585350361359,-1.4425845588092154,-0.005472655309054124,0.28,1.4099999999999997,22.24,21.884615384615383,556.0892730769231
3.100552,11271.42857142857,10528.57142857143,12142.857142857143,10957.142857142857,11457.142857142857,0.7398593942775189,-1.4465984784577113,-0.005957486565931637,0.28,1.4099999999999997,21.84,27.7,558.4083763076923
3.120569,11428.57142857143,10628.57142857143,12314.285714285714,11371.42857142857,11400.0,0.7640782827818667,-1.4230879978392628,-0.0054737824740217125,0.28,1.5799999999999996,22.57,25.130769230769232,560.0742213846154
3.140586,11285.714285714286,10557.142857142857,12042.857142857143,11585.714285714286,10957.142857142857,0.73984085299671,-1.410569253220742,-0.006182582362722258,0.28,1.7600000000000002,23.28,21.23846153846154,561.2554709230769
3.160602,11414.285714285714,10400.0,12314.285714285714,11871.42857142857,11071.42857142857,0.7730487215915168,-1.4029094974265508,-0.005469703590366447,0.26,1.5799999999999996,22.13,33.65384615384615,564.2478753846154
3.180619,11253.571428571428,10428.57142857143,12142.857142857143,11428.57142857143,11014.285714285714,0.8159501280255289,-1.4081590133169213,-0.004530581634546046,0.26,1.7600000000000002,23.37,20.553846153846155,567.4308049230768
3.200636,11314.285714285714,10357.142857142857,12642.857142857143,11271.42857142857,10985.714285714286,0.7903076597625199,-1.399847831992509,-0.005267127727637483,0.26,1.7600000000000002,23.37,19.26923076923077,568.7796121538462
3.220652,11332.142857142857,10471.42857142857,12314.285714285714,11614.285714285714,10928.57142857143,0.7521746934296802,-1.3659166295547716,-0.006299908624885183,0.26,1.4099999999999997,22.59,23.253846153846155,571.3247235384615
3.240669,11407.142857142857,10428.57142857143,12100.0,12142.857142857143,10957.142857142857,0.808258742081101,-1.3640315354116528,-0.005064934820108595,0.26,1.7600000000000002,21.97,23.076923076923077,572.2159318461539
3.260685,11421.42857142857,10500.0,12357.142857142857,11457.142857142857,11371.42857142857,0.8359958011190763,-1.3675880271784637,-0.004510506811528318,0.21,1.85,23.52,25.03846153846154,574.233444923077
3.280702,11603.571428571428,10585.714285714286,12714.285714285714,11714.285714285714,11400.0,0.8109503153449986,-1.356438665146,-0.0052193063242701185,0.21,1.7600000000000002,23.57,35.53076923076923,576.9445101538461
3.300719,11528.571428571428,10428.57142857143,12428.57142857143,11800.0,11457.142857142857,0.819654586430419,-1.3376443926848771,-0.005115829809870859,0.21,1.7600000000000002,22.26,27.96923076923077,578.2438956923078
3.320735,11607.142857142857,10257.142857142857,12642.857142857143,11971.42857142857,11557.142857142857,0.8552570431419462,-1.3339302621690385,-0.004384048655883655,0.21,1.6699999999999995,22.52,26.50769230769231,581.1332381538462
3.340751,11632.142857142859,10300.0,12642.857142857143,11971.42857142857,11614.285714285714,0.9136779280776536,-1.3287897968755316,-0.003131974661802272,0.21,1.4099999999999997,22.69,24.584615384615386,584.8169733846154
3.360768,11560.714285714286,10685.714285714286,13028.57142857143,11071.42857142857,11457.142857142857,0.9241023874160152,-1.3030725011887399,-0.0029985842922854874,0.28,1.23,22.24,23.20769230769231,584.9060872307692
3.380785,11585.714285714286,10842.857142857143,12242.857142857143,11771.42857142857,11485.714285714286,0.9291216339367484,-1.2781245568828603,-0.002970795985971793,0.28,1.85,22.98,27.7,584.7943632307691
3.400801,11632.142857142857,10828.57142857143,12142.857142857143,12100.0,11457.142857142857,0.9865156234928616,-1.2736832952124577,-0.001777554913211446,0.28,1.85,22.31,36.353846153846156,585.6706923076922
3.420818,11489.285714285714,10900.0,12142.857142857143,11428.57142857143,11485.714285714286,1.0043432444278906,-1.2613237513119533,-0.0014752984499459654,0.28,1.4099999999999997,22.82,25.130769230769232,586.0156704615384
3.440835,11664.285714285714,11371.42857142857,12428.57142857143,11457.142857142857,11400.0,1.0139407615170482,-1.2402116690520328,-0.0013610414751016179,0.28,1.6699999999999995,22.69,39.646153846153844,585.9145695384615
3.460851,11646.42857142857,11185.714285714286,12171.42857142857,11557.142857142857,11671.42857142857,0.9883128505427039,-1.223264673780131,-0.002001357097909072,0.24,1.5799999999999996,23.14,20.323076923076922,587.526758923077
3.480868,11775.0,11242.857142857143,12428.57142857143,11871.42857142857,11557.142857142857,1.0124500915274905,-1.2151122938747128,-0.0015757981451559387,0.24,1.4099999999999997,23.22,22.246153846153845,587.4435555384614
3.500884,11575.0,11271.42857142857,12100.0,11214.285714285714,11714.285714285714,1.0292132664464333,-1.204887937580116,-0.0013057552854519355,0.24,1.4099999999999997,22.15,21.79230769230769,587.0604516923077
3.520901,11653.57142857143,11428.57142857143,12428.57142857143,11014.285714285714,11742.857142857143,0.9637402218676395,-1.1930181930940456,-0.0027637150183834904,0.24,1.4899999999999998,22.73,25.407692307692308,588.1267470769232
3.540918,11692.857142857143,11871.42857142857,12042.857142857143,11457.142857142857,11400.0,0.9443155152823134,-1.1626773725631394,-0.0032336613177206468,0.24,1.4899999999999998,22.29,26.646153846153847,588.5107866153846
3.560934,11653.571428571428,11842.857142857143,11971.42857142857,11342.857142857143,11457.142857142857,0.9910602993524192,-1.1642784928179817,-0.002366871266359004,0.3,1.1400000000000001,23.26,32.13846153846154,590.00919
3.580951,11457.142857142857,11771.42857142857,11942.857142857143,10685.714285714286,11428.57142857143,0.9953379759836759,-1.150205588776466,-0.00236568767578471,0.3,1.4899999999999998,22.24,21.06153846153846,591.3051647692307
3.600968,11614.285714285714,12000.0,12457.142857142857,10657.142857142857,11342.857142857143,0.951114176317449,-1.141444365604565,-0.003328444541534157,0.3,1.4899999999999998,22.44,31.453846153846154,590.2021678461539
3.620984,11496.428571428572,11871.42857142857,12000.0,10628.57142857143,11485.714285714286,0.9299121825136741,-1.1257077296383937,-0.0038340657560642756,0.3,1.3199999999999998,21.99,22.892307692307693,587.7084286153846
3.641001,11532.142857142859,11800.0,12042.857142857143,10771.42857142857,11514.285714285714,0.9557032329675106,-1.1277328093491013,-0.003407023693059184,0.3,1.5799999999999996,22.85,19.453846153846154,588.1362320000001
3.661018,11564.285714285714,11871.42857142857,12000.0,10585.714285714286,11800.0,0.9851653297894964,-1.1333793773950862,-0.002911465397683188,0.28,1.3199999999999998,22.27,28.015384615384615,588.5887229230768
3.681034,11432.142857142857,11971.42857142857,12100.0,9857.142857142857,11800.0,1.052712893450919,-1.1579548919703715,-0.0016317117749085717,0.28,1.1400000000000001,22.92,23.346153846153847,589.3226010769231
3.701051,11553.57142857143,12242.857142857143,11942.857142857143,10128.57142857143,11900.0,1.0508938061098785,-1.1721883388662755,-0.0017506929701017982,0.28,1.1400000000000001,22.16,21.7,590.9240630769232
3.721068,11564.285714285714,12100.0,11428.57142857143,10685.714285714286,12042.857142857143,1.0628179680237282,-1.1668841848076221,-0.001579487418076597,0.28,1.1400000000000001,22.38,20.96923076923077,590.8384736923076
3.741084,11600.0,12042.857142857143,11614.285714285714,10357.142857142857,12385.714285714286,1.142370387382739,-1.1840632399668665,-2.9613542260281836e-05,0.28,1.4899999999999998,23.57,22.70769230769231,590.4474289230769
3.761101,11550.0,11871.42857142857,11971.42857142857,9828.57142857143,12528.57142857143,1.186750493344151,-1.1851287458678739,0.0008110095024249694,0.31,1.23,22.06,26.96153846153846,591.6344415384616
3.781118,11564.285714285714,12071.42857142857,11614.285714285714,9971.42857142857,12600.0,1.1838245981059228,-1.1997691663511056,0.0006799083768515628,0.31,1.4099999999999997,22.02,35.84615384615385,591.4269586153846
3.801134,11485.714285714286,11900.0,11457.142857142857,10200.0,12385.714285714286,1.2084242617662555,-1.191993974091253,0.0011278025803862883,0.31,1.4099999999999997,23.13,20.23076923076923,589.143446
3.821151,11492.857142857141,11942.857142857143,11457.142857142857,10114.285714285714,12457.142857142857,1.2767388837574447,-1.204937950716174,0.0024968984773818858,0.31,1.3199999999999998,22.64,23.76153846153846,588.7627584615385
3.841168,11525.0,11971.42857142857,11614.285714285714,9942.857142857143,12571.42857142857,1.3104690942814006,-1.2312252987131687,0.0031491944806122264,0.31,1.4899999999999998,23.28,20.23076923076923,588.4310384615385
3.861184,11578.57142857143,12042.857142857143,11642.857142857143,9985.714285714286,12642.857142857143,1.3239995848050685,-1.2388815698283664,0.003377364213233837,0.34,1.3199999999999998,22.67,20.692307692307693,587.1394196923077
3.881202,11542.857142857143,12100.0,11514.285714285714,10128.57142857143,12428.57142857143,1.3640580585022468,-1.2446615052872312,0.0041846496529831766,0.34,1.6699999999999995,22.94,20.784615384615385,588.0227466153847
3.901218,11607.142857142857,12000.0,11457.142857142857,10471.42857142857,12500.0,1.418560147607542,-1.2436746397687108,0.005312739627028932,0.34,1.6699999999999995,22.59,24.53846153846154,589.9847424615385
3.921234,11539.285714285714,11742.857142857143,11585.714285714286,10400.0,12428.57142857143,1.4372825959923854,-1.2503353337688217,0.0056607695896846635,0.34,1.4099999999999997,23.08,23.115384615384617,590.1970338461538
3.941251,11517.857142857143,11585.714285714286,12000.0,10057.142857142857,12428.57142857143,1.4801497285796172,-1.2646591211049918,0.006542427963244123,0.34,1.3199999999999998,22.64,19.823076923076922,590.9943840000001
3.961267,11517.857142857141,11485.714285714286,12142.857142857143,10085.714285714286,12357.142857142857,1.533227058239528,-1.271973761059614,0.007661656936209434,0.33,1.1400000000000001,22.4,30.76923076923077,592.8954136923077
3.981285,11571.428571428572,11714.285714285714,12000.0,10357.142857142857,12214.285714285714,1.4880654448206643,-1.2478596690305512,0.006617641163946328,0.33,1.4099999999999997,22.18,21.7,592.4437787692308
4.001301,11564.285714285714,11671.42857142857,11771.42857142857,10842.857142857143,11971.42857142857,1.5006148615770984,-1.2480731422917517,0.006841015318203104,0.33,1.4099999999999997,22.04,19.453846153846154,590.7274687692308
4.021317,11517.857142857143,11342.857142857143,12100.0,10828.57142857143,11800.0,1.5278410982180335,-1.26450226723438,0.007393318360826767,0.33,1.23,22.54,34.93076923076923,591.1048198461539
4.041335,11532.142857142857,11642.857142857143,12214.285714285714,10528.57142857143,11742.857142857143,1.561730611282854,-1.253220053249303,0.008085206251736563,0.33,0.9699999999999998,22.17,22.338461538461537,592.2059073846154
4.06135,11646.428571428572,11428.57142857143,12600.0,10842.857142857143,11714.285714285714,1.5514559569717508,-1.2379157117081163,0.007806408791209531,0.44,1.3199999999999998,22.05,33.146153846153844,593.4749383076922
4.081367,11696.42857142857,11514.285714285714,12285.714285714286,11214.285714285714,11771.42857142857,1.5629305511398783,-1.2226732644860712,0.008017607444417733,0.44,1.3199999999999998,21.97,28.384615384615383,595.3095135384615
4.101383,11750.0,11485.714285714286,12385.714285714286,11642.857142857143,11485.714285714286,1.5940938959522546,-1.2152440622285834,0.008645354106893738,0.44,1.3199999999999998,22.82,29.3,596.6954830769231
4.1214,11760.714285714286,11342.857142857143,12600.0,11457.142857142857,11642.857142857143,1.6364914558347983,-1.2236374528256226,0.009503522647616275,0.44,1.23,22.64,27.923076923076923,596.469818923077
4.141417,11857.142857142859,11242.857142857143,13357.142857142857,11185.714285714286,11642.857142857143,1.6426402124674813,-1.216896789433707,0.009585941523946382,0.44,1.1400000000000001,23.08,28.70769230769231,597.1321446153846
4.161434,11942.857142857143,11242.857142857143,13142.857142857143,11485.714285714286,11900.0,1.6300374334470733,-1.2027413019442188,0.009280659296922936,0.44,1.4099999999999997,22.2,35.48461538461538,597.6030373846154
4.181451,12003.571428571428,10985.714285714286,13071.42857142857,12214.285714285714,11742.857142857143,1.6652442255135882,-1.2051848447122182,0.009983863101966537,0.44,1.4099999999999997,22.41,25.361538461538462,598.981764923077
4.201467,11878.57142857143,10714.285714285714,13028.57142857143,12100.0,11671.42857142857,1.6975206187061462,-1.1450084872221233,0.010640880178115496,0.44,1.4099999999999997,22.36,31.638461538461538,601.2284404615385
4.221483,11892.857142857143,10714.285714285714,13071.42857142857,12042.857142857143,11742.857142857143,1.761069275451252,-1.113522045924485,0.011843897182679884,0.44,1.4899999999999998,22.76,28.70769230769231,602.1048824615385
4.2415,11903.57142857143,10557.142857142857,13642.857142857143,12042.857142857143,11371.42857142857,1.8013080068986236,-1.0988297938784102,0.012596594994864823,0.44,1.23,22.07,24.446153846153845,602.7145167692308
4.261517,11907.142857142857,10614.285714285714,13357.142857142857,12500.0,11157.142857142857,1.8371167410277809,-1.0867469813638657,0.01327010850142362,0.46,1.4899999999999998,21.52,32.73076923076923,603.80253
4.281533,11939.285714285714,10428.57142857143,13271.42857142857,12871.42857142857,11185.714285714286,1.9027311485417915,-1.0962591665335,0.014507611142537642,0.46,1.4899999999999998,21.87,31.815384615384616,604.387489076923
4.30155,11867.857142857143,10114.285714285714,14000.0,12428.57142857143,10928.57142857143,1.986169517799117,-1.106175841010278,0.016093125234690305,0.46,1.4899999999999998,23.27,22.2,604.0420276923077
4.321567,11710.714285714286,10042.857142857143,14000.0,12242.857142857143,10557.142857142857,1.9973367142851233,-1.0936969399058158,0.01629133214907453,0.46,1.3199999999999998,23.15,42.39230769230769,604.1910992307692
4.341583,11685.714285714284,9628.57142857143,13871.42857142857,12714.285714285714,10528.57142857143,2.0110229252823957,-1.079929286746562,0.016536307894864054,0.46,1.7600000000000002,22.07,24.723076923076924,603.9005033846154
4.3616,11539.285714285716,9528.57142857143,14057.142857142857,12528.57142857143,10042.857142857143,2.0435447827935573,-1.073578347342824,0.017134878263869672,0.61,1.23,22.35,23.346153846153847,603.7846383076924
4.381617,11435.714285714286,9528.57142857143,13957.142857142857,12285.714285714286,9971.42857142857,2.0324732053396617,-1.0754945763883712,0.016917010984481715,0.61,1.1400000000000001,23.0,23.3,604.1877681538462
4.401635,11471.428571428572,9742.857142857143,13957.142857142857,12685.714285714286,9500.0,1.992729304362202,-1.0662894477641736,0.016158109067669842,0.61,1.1400000000000001,22.35,29.892307692307693,603.4725693846154
4.42165,11432.142857142855,9857.142857142857,13471.42857142857,13185.714285714286,9214.285714285714,1.9786841344242125,-1.0782187264815073,0.01587176756706809,0.61,1.5799999999999996,22.33,34.15384615384615,601.7696
4.441667,11289.285714285714,9800.0,13428.57142857143,12714.285714285714,9214.285714285714,2.0134456253765913,-1.0774635512386015,0.01651539797037091,0.61,1.3199999999999998,21.99,25.684615384615384,600.5464316923077
4.461683,11417.857142857143,9828.57142857143,13828.57142857143,12757.142857142857,9257.142857142857,1.9801493663602732,-1.0876165950991057,0.01588748831914177,0.62,1.4099999999999997,22.2,27.56153846153846,598.9827349230769
4.4817,11296.428571428572,9757.142857142857,13514.285714285714,12600.0,9314.285714285714,1.9357467700423392,-1.0815900560205642,0.01503584848556305,0.62,1.3199999999999998,22.41,22.338461538461537,599.5527764615384
4.501717,11400.0,9585.714285714286,13600.0,12871.42857142857,9542.857142857143,1.9451071080586932,-1.1003819490666324,0.015183472280017998,0.62,1.3199999999999998,22.26,23.946153846153845,600.3408983076922
4.521733,11346.42857142857,9700.0,13185.714285714286,12642.857142857143,9857.142857142857,1.9394844134378788,-1.1343727774472483,0.015059625670038037,0.62,1.4899999999999998,22.26,16.984615384615385,600.9111315384615
4.541752,11417.857142857141,9800.0,13514.285714285714,12242.857142857143,10114.285714285714,1.890123607149018,-1.1579477637160052,0.014051159547567787,0.62,1.23,22.67,27.923076923076923,601.2178027692308
4.561767,11603.57142857143,10228.57142857143,13271.42857142857,12642.857142857143,10271.42857142857,1.8650005435454498,-1.210478147239827,0.01347420302686798,0.63,1.1400000000000001,22.48,28.976923076923075,601.3459233846155
4.581783,11560.714285714286,10257.142857142857,12828.57142857143,12685.714285714286,10471.42857142857,1.8914696316233952,-1.237463302022136,0.01400438769639721,0.63,1.3199999999999998,23.51,29.984615384615385,600.8059658461538
4.601801,11592.857142857143,10400.0,13228.57142857143,11971.42857142857,10771.42857142857,1.9168284538186484,-1.2923007051969604,0.014546295488303718,0.63,1.3199999999999998,22.23,23.115384615384617,601.1968089230769
4.621817,11703.57142857143,10685.714285714286,13185.714285714286,12071.42857142857,10871.42857142857,1.912828995491749,-1.3121671469758012,0.014420184618198632,0.63,1.4899999999999998,22.09,33.784615384615385,601.2581418461538
4.641834,11685.714285714286,10742.857142857143,12642.857142857143,12285.714285714286,11071.42857142857,1.8523109620939888,-1.342465124187394,0.012965067313947407,0.63,1.85,22.32,28.70769230769231,602.6540126153845
4.66185,11871.428571428572,11014.285714285714,12500.0,12385.714285714286,11585.714285714286,1.9049711620101881,-1.392167299715929,0.014185170268687727,0.63,1.5799999999999996,22.27,26.50769230769231,604.0862386153846
4.681868,11985.714285714286,11428.57142857143,12457.142857142857,12285.714285714286,11771.42857142857,2.098093518522156,-1.4415647305986037,0.0189081084454955,0.63,1.5799999999999996,22.18,29.76153846153846,606.5011007692309
4.701884,11996.428571428569,11371.42857142857,12714.285714285714,11585.714285714286,12314.285714285714,2.0688868400399625,-1.4664236524363936,0.018129951649384298,0.63,1.5799999999999996,22.63,23.53076923076923,609.1407439999999
4.721901,12078.57142857143,11771.42857142857,12500.0,11942.857142857143,12100.0,2.0012655022615076,-1.4957074112653297,0.016326317307535036,0.63,1.3199999999999998,22.85,23.9,610.7256716923077
4.741918,12117.857142857143,11971.42857142857,12071.42857142857,12385.714285714286,12042.857142857143,2.0310544543158553,-1.5367309206205457,0.017052010009726122,0.63,1.4099999999999997,22.22,24.861538461538462,612.4643064615384
4.761934,11992.857142857143,11900.0,12000.0,11900.0,12171.42857142857,2.0260377768566515,-1.593681908383181,0.01685115633577416,0.59,1.1400000000000001,23.23,29.06923076923077,612.6266707692307
4.781951,12096.428571428572,11714.285714285714,12642.857142857143,11742.857142857143,12285.714285714286,2.0436016039417204,-1.6074111374342115,0.017278153043111318,0.59,1.06,23.06,24.215384615384615,612.0398698461539
4.801968,12078.571428571428,12000.0,12285.714285714286,11714.285714285714,12314.285714285714,2.031848696404017,-1.6320347882138788,0.01687285728876726,0.59,1.06,22.91,28.153846153846153,613.0376084615384
4.821984,12232.142857142857,11871.42857142857,12600.0,12285.714285714286,12171.42857142857,2.0039903151318206,-1.663252695227997,0.015992449089432925,0.59,1.4099999999999997,22.4,24.16923076923077,615.9569395384615
4.842001,12125.0,11642.857142857143,12600.0,11971.42857142857,12285.714285714286,2.055729401638985,-1.6708897715719904,0.01742727714786123,0.59,1.4899999999999998,23.51,25.03846153846154,618.0567378461537
4.862018,12164.285714285714,11871.42857142857,13142.857142857143,11742.857142857143,11900.0,2.0649077766086403,-1.6929310975630065,0.017625872665249138,0.67,1.3199999999999998,23.2,25.407692307692308,620.1895353846154
4.882034,12171.428571428572,11514.285714285714,12914.285714285714,12314.285714285714,11942.857142857143,2.0201372799420247,-1.7069936716933085,0.016211129711361454,0.67,1.23,22.25,30.807692307692307,622.7889206153845
4.902051,12107.142857142859,11128.57142857143,13228.57142857143,12428.57142857143,11642.857142857143,2.050665253995926,-1.7139134890853722,0.017046509998030254,0.67,1.23,22.5,25.0,623.9885204615384
4.922068,12075.0,11014.285714285714,13742.857142857143,12171.42857142857,11371.42857142857,2.0910725453015613,-1.7413405737037775,0.01818763244366431,0.67,1.23,22.85,23.9,625.3976996923076
4.942084,12096.428571428572,10928.57142857143,13642.857142857143,12500.0,11314.285714285714,2.094749858021808,-1.7431679119305505,0.018222158285560897,0.67,1.3199999999999998,22.67,32.36923076923077,627.1908847692307
4.962101,12135.714285714284,10714.285714285714,13785.714285714286,12914.285714285714,11128.57142857143,2.0847510715204938,-1.7469256218435811,0.01783862243585268,0.56,1.3199999999999998,22.27,25.776923076923076,628.5847584615385
4.982118,12128.571428571431,10428.57142857143,13914.285714285714,12985.714285714286,11185.714285714286,2.1265054606252805,-1.7570387339439308,0.019038121600583713,0.56,1.4099999999999997,22.55,26.50769230769231,629.2096461538462
5.002135,12078.571428571428,10371.42857142857,14385.714285714286,12871.42857142857,10685.714285714286,2.132278267623236,-1.755980845596407,0.019139077910588238,0.56,1.4099999999999997,23.14,24.723076923076924,631.12924
5.022151,12132.142857142857,10300.0,14328.57142857143,13471.42857142857,10428.57142857143,2.121229657453506,-1.7472348252004897,0.018724415358513165,0.56,1.23,22.45,26.323076923076922,631.3537041538463
5.042168,11982.142857142857,10128.57142857143,14142.857142857143,13828.57142857143,9828.57142857143,2.1393194584358817,-1.7525065397086257,0.01920354358287708,0.56,1.3199999999999998,23.25,26.876923076923077,631.0585383076923
5.062184,12003.571428571428,10042.857142857143,14571.42857142857,13785.714285714286,9614.285714285714,2.1833480822700513,-1.7610558596168324,0.020478635156422814,0.61,1.4099999999999997,22.51,25.823076923076922,631.9898223076924
5.082201,12067.857142857143,9828.57142857143,14771.42857142857,14100.0,9571.42857142857,2.1557884020062468,-1.7581480751815677,0.01955833275293693,0.61,1.4099999999999997,23.08,33.56153846153846,633.4984753846154
5.102218,12032.142857142859,9542.857142857143,14671.42857142857,14428.57142857143,9485.714285714286,2.1447359462291415,-1.7733309901872814,0.019137951651725185,0.61,1.4099999999999997,22.17,23.43846153846154,634.9877036923077
5.122235,11957.142857142857,9400.0,14671.42857142857,14385.714285714286,9371.42857142857,2.1716706943209076,-1.7834373287170497,0.01989734425119695,0.61,1.23,22.08,28.93076923076923,636.2829855384616
5.142251,11935.714285714286,9314.285714285714,14985.714285714286,14142.857142857143,9300.0,2.1841935429389214,-1.7911490610552103,0.020210243013831067,0.61,1.4899999999999998,21.79,25.361538461538462,637.2377127692307
5.162268,11967.857142857143,9357.142857142857,14928.57142857143,14285.714285714286,9300.0,2.217786118338476,-1.8222961099708284,0.021190514315322328,0.45,1.6699999999999995,21.96,35.3,636.9051890769231
5.182285,12025.0,9114.285714285714,14985.714285714286,14728.57142857143,9271.42857142857,2.200177492687903,-1.837047287228569,0.020545032343280166,0.45,1.4099999999999997,22.05,35.34615384615385,636.503698923077
5.202301,11875.0,9042.857142857143,14828.57142857143,14385.714285714286,9242.857142857143,2.264062220704156,-1.8343071368244988,0.022518782309010024,0.45,1.4099999999999997,22.42,25.130769230769232,637.7572904615384
5.222319,11960.714285714286,9085.714285714286,15257.142857142857,14242.857142857143,9257.142857142857,2.256951449154333,-1.8277873366210018,0.022219640702612807,0.45,1.5799999999999996,22.99,25.0,638.2306775384615
5.242335,11867.857142857143,8971.42857142857,14828.57142857143,14428.57142857143,9242.857142857143,2.2185864937357347,-1.815130820031165,0.02092235017792885,0.45,1.06,22.39,26.138461538461538,640.050712923077
5.262352,11921.42857142857,8871.42857142857,14885.714285714286,14528.57142857143,9400.0,2.2827548784381957,-1.816235253290637,0.022883857582475006,0.41,1.4899999999999998,21.8,34.10769230769231,642.0365612307693
5.282368,11964.285714285714,9114.285714285714,15200.0,13957.142857142857,9585.714285714286,2.3330906902336817,-1.8191352501481344,0.024411279350638762,0.41,1.6699999999999995,22.16,33.92307692307692,642.5393176923078
5.302386,11889.285714285714,9200.0,14728.57142857143,13871.42857142857,9757.142857142857,2.293560865290944,-1.8099594800917522,0.02308966935690128,0.41,1.6699999999999995,22.69,29.3,644.9102976923076
5.322401,11842.857142857141,9271.42857142857,14242.857142857143,14242.857142857143,9614.285714285714,2.311501407267607,-1.8080621055150699,0.02359545995498383,0.41,1.4899999999999998,22.51,25.361538461538462,644.9383229230771
5.342419,11928.571428571428,9485.714285714286,14385.714285714286,14057.142857142857,9785.714285714286,2.391846990137328,-1.8186805588613493,0.02608129650995751,0.41,1.7600000000000002,22.15,23.66923076923077,643.7829298461538
5.362435,11839.285714285714,9714.285714285714,14385.714285714286,13514.285714285714,9742.857142857143,2.40356999257201,-1.8069177568496408,0.026391126101014174,0.41,1.6699999999999995,22.36,24.03846153846154,645.1870927692307
5.382452,11853.57142857143,9900.0,14100.0,13471.42857142857,9942.857142857143,2.383586253356668,-1.8061663230892393,0.025705807447366297,0.41,1.6699999999999995,23.13,30.49230769230769,646.8711993846154
5.402468,11892.857142857141,9800.0,14057.142857142857,13557.142857142857,10157.142857142857,2.4448161515956306,-1.8122714227294037,0.027590000069952356,0.41,1.6699999999999995,22.71,23.3,648.1587541538462
5.422485,11846.42857142857,9971.42857142857,13914.285714285714,13028.57142857143,10471.42857142857,2.51210600665449,-1.810516985648963,0.029667958190367414,0.41,1.4899999999999998,22.54,25.315384615384616,648.4329101538461
5.442502,11939.285714285716,10300.0,14185.714285714286,12800.0,10471.42857142857,2.5213517522389437,-1.8117294275160492,0.029914584990774463,0.41,1.7600000000000002,23.37,25.592307692307692,648.5625012307693
5.462519,11867.857142857145,10657.142857142857,13514.285714285714,12714.285714285714,10585.714285714286,2.554198206841806,-1.8051655115423664,0.030910646599371344,0.41,1.6699999999999995,21.91,24.26153846153846,649.6293116923077
5.482535,11932.142857142857,10614.285714285714,13400.0,12871.42857142857,10842.857142857143,2.592947458010115,-1.8291506134982,0.03210078223228153,0.28,1.7600000000000002,22.2,25.546153846153846,650.7329406153847
5.502552,11932.142857142857,10842.857142857143,13185.714285714286,12428.57142857143,11271.42857142857,2.676964847026331,-1.8297165524417522,0.03474454211999434,0.28,1.7600000000000002,22.17,27.23846153846154,651.3299516923078
5.522569,11903.571428571428,11128.57142857143,13428.57142857143,11871.42857142857,11185.714285714286,2.7253118738454574,-1.8411634824847103,0.03625776141003638,0.28,1.5799999999999996,22.48,23.946153846153845,652.555562
5.542585,11932.142857142857,11457.142857142857,13228.57142857143,11642.857142857143,11400.0,2.7324512998234733,-1.8273516827644805,0.03646009982198125,0.28,1.4899999999999998,22.96,31.76923076923077,654.2824661538461
5.562602,12082.142857142857,11900.0,12828.57142857143,12171.42857142857,11428.57142857143,2.8000399050006,-1.8239584822799886,0.03859560787790285,0.28,1.4099999999999997,22.48,25.638461538461538,655.0390360000001
5.582619,12064.285714285714,11614.285714285714,12600.0,12100.0,11942.857142857143,2.861180246311251,-1.7859261483997855,0.04053653329485201,0.48,1.5799999999999996,22.54,26.184615384615384,654.7632136923077
5.602636,11989.285714285716,11971.42857142857,12600.0,11514.285714285714,11871.42857142857,2.906424552777409,-1.7743449521304597,0.04192973209574797,0.48,1.5799999999999996,23.06,26.923076923076923,654.1437796923077
5.622653,12071.428571428572,11942.857142857143,12757.142857142857,11485.714285714286,12100.0,2.96321002092697,-1.7737096245591693,0.04368743810505682,0.48,1.3199999999999998,22.02,29.346153846153847,653.9604092307692
5.642669,12125.0,12528.57142857143,12314.285714285714,11514.285714285714,12142.857142857143,3.019479657984581,-1.7701137367885285,0.04544317131742547,0.48,1.6699999999999995,21.74,26.646153846153847,652.5415335384615
5.662686,12067.857142857141,12242.857142857143,11971.42857142857,11842.857142857143,12214.285714285714,3.064989272307784,-1.763689880904123,0.04687378398038056,0.88,1.4899999999999998,21.56,36.16923076923077,652.0071253846154
5.682703,12078.571428571428,12285.714285714286,12042.857142857143,11557.142857142857,12428.57142857143,3.153489021787254,-1.7843759124177927,0.04963467216448123,0.88,1.6699999999999995,23.09,39.19230769230769,650.5309798461539
5.70272,12157.142857142857,12428.57142857143,12042.857142857143,11557.142857142857,12600.0,3.2599816793732694,-1.784943566398021,0.05296816616041255,0.88,1.6699999999999995,22.03,26.6,649.3525804615384
5.722736,12160.714285714284,12685.714285714286,12242.857142857143,11185.714285714286,12528.57142857143,3.314426951327578,-1.770449833980553,0.05468956780978401,0.88,1.4899999999999998,22.34,31.684615384615384,649.2826507692308
5.742753,12164.285714285714,12571.42857142857,11800.0,11485.714285714286,12800.0,3.366741215570263,-1.7820663961127654,0.05635294449227493,0.88,1.4899999999999998,21.74,28.153846153846153,648.2126941538461
5.76277,12221.428571428572,12457.142857142857,11971.42857142857,11514.285714285714,12942.857142857143,3.48185228784175,-1.7901944165525374,0.05999746008362792,0.95,1.6699999999999995,22.5,23.115384615384617,646.9822356923077
5.782787,12185.714285714284,12528.57142857143,11671.42857142857,11314.285714285714,13228.57142857143,3.5907860509238647,-1.799326899097284,0.06345604653640881,0.95,1.6699999999999995,21.69,34.792307692307695,645.1963583076923
5.802803,12300.0,12571.42857142857,12385.714285714286,11100.0,13142.857142857143,3.669872375565191,-1.8096364447785085,0.0659976133027998,0.95,1.6699999999999995,22.65,33.96923076923077,644.1547478461539
5.82282,12496.42857142857,12942.857142857143,12171.42857142857,11400.0,13471.42857142857,3.7765117946824875,-1.8023343313818532,0.06941960382608803,0.95,1.5799999999999996,22.27,36.62307692307692,642.9176861538463
5.842837,12532.142857142857,12800.0,12214.285714285714,11842.857142857143,13271.42857142857,3.8647703333005086,-1.8222245376452317,0.07228357632891523,0.95,1.6699999999999995,22.44,25.823076923076922,642.6877467692307
5.862854,12489.285714285714,12714.285714285714,12171.42857142857,11842.857142857143,13228.57142857143,3.9738026392871255,-1.830960841195176,0.07583183716157493,1.37,1.7600000000000002,21.96,38.23076923076923,642.6085146153846
5.88287,12503.57142857143,12914.285714285714,12285.714285714286,11671.42857142857,13142.857142857143,4.094511945426907,-1.8153237218540395,0.0797514215406053,1.37,2.11,22.19,25.73076923076923,641.4963416923076
5.902887,12571.428571428572,12942.857142857143,12500.0,11900.0,12942.857142857143,4.178541478616273,-1.8170341185812942,0.08252315866392708,1.37,2.11,21.51,33.146153846153844,640.6682855384615
5.922904,12539.285714285714,13028.57142857143,11800.0,12457.142857142857,12871.42857142857,4.293646104623682,-1.8257527265580937,0.08629913101726076,1.37,1.94,22.11,29.3,639.630390923077
5.942921,12653.57142857143,12942.857142857143,12171.42857142857,12357.142857142857,13142.857142857143,4.429020904898707,-1.8197751931187267,0.09071907447051443,1.37,2.02,21.77,33.33076923076923,638.7641735384615
5.962937,12567.857142857141,12942.857142857143,12642.857142857143,11771.42857142857,12914.285714285714,4.575117581154188,-1.8133715785914473,0.09547185097958837,1.48,1.85,21.93,28.384615384615383,637.8189544615385
5.982954,12639.285714285714,12914.285714285714,12714.285714285714,11942.857142857143,12985.714285714286,4.675878263033343,-1.7953508913317435,0.09879539831797352,1.48,2.11,21.54,34.246153846153845,637.7987298461538
6.002971,12710.714285714286,12828.57142857143,12757.142857142857,12385.714285714286,12871.42857142857,4.794774186774886,-1.7893878888787396,0.10268315789648434,1.48,2.11,21.93,23.9,636.5988550769231
6.022988,12682.142857142859,12600.0,12871.42857142857,12314.285714285714,12942.857142857143,4.966398795296468,-1.7828656092384745,0.10820971387834528,1.48,1.85,21.7,32.276923076923076,635.8827307692308
6.043004,12728.57142857143,12914.285714285714,13228.57142857143,11900.0,12871.42857142857,5.098957378346343,-1.8787266621033158,0.1125766702640201,1.48,1.6699999999999995,22.04,25.03846153846154,636.2313409230769
6.063021,12710.714285714286,12914.285714285714,13100.0,12142.857142857143,12685.714285714286,5.069340527273449,-1.8989091643057752,0.11168065619926927,1.78,1.7600000000000002,22.14,39.69230769230769,636.3989335384616
6.083038,12792.857142857143,12757.142857142857,12828.57142857143,12828.57142857143,12757.142857142857,5.21343457797504,-1.8844115775434602,0.11660843566882405,1.78,1.7600000000000002,21.59,36.07692307692308,636.0877958461539
6.103054,12742.857142857143,12942.857142857143,13071.42857142857,12385.714285714286,12571.42857142857,5.400876191484915,-1.8781321051314601,0.12293690621390055,1.78,2.11,22.8,35.43846153846154,635.2819690769231
6.123071,12857.142857142859,12942.857142857143,13600.0,12285.714285714286,12600.0,5.582808439979156,-1.856109880625186,0.12904739496503798,1.78,1.85,22.41,33.33076923076923,636.2707993846154
6.143088,12753.571428571428,12871.42857142857,13100.0,12357.142857142857,12685.714285714286,5.7362445542211,-1.830416680697855,0.13420986604325794,1.78,2.1999999999999997,22.12,32.96153846153846,636.1616706153845
6.163105,12889.285714285714,12457.142857142857,13471.42857142857,12800.0,12828.57142857143,5.885648809822858,-1.813957312161644,0.13921826965117126,2.06,2.3699999999999997,22.62,26.73846153846154,635.5240341538462
6.183122,12821.42857142857,12600.0,13357.142857142857,12457.142857142857,12871.42857142857,6.084803009419301,-1.7827162455617431,0.1457481585568651,2.06,2.3699999999999997,22.12,33.56153846153846,633.4154073846154
6.203138,12892.857142857143,12642.857142857143,13642.857142857143,12457.142857142857,12828.57142857143,6.234988064832524,-1.769373633339717,0.15071877214107735,2.06,2.1999999999999997,22.52,33.738461538461536,631.6156741538462
6.223155,12989.285714285714,12942.857142857143,13071.42857142857,13071.42857142857,12871.42857142857,6.38468800283208,-1.7316456385287098,0.15563661954939806,2.06,2.3699999999999997,23.19,29.892307692307693,631.4682772307692
6.243172,12892.857142857141,12914.285714285714,13028.57142857143,12914.285714285714,12714.285714285714,6.580609722413009,-1.7179493219458195,0.1618886382371611,2.06,2.2899999999999996,22.66,41.253846153846155,630.6671478461539
6.263189,12914.285714285716,13142.857142857143,13142.857142857143,12500.0,12871.42857142857,6.770158456393454,-1.6966937619342382,0.16789289865635737,2.18,2.2899999999999996,22.47,27.053846153846155,628.7506961538461
6.283205,13025.0,13314.285714285714,13185.714285714286,12685.714285714286,12914.285714285714,6.931584198815654,-1.653711960698685,0.17299754540586393,2.18,2.2899999999999996,21.89,44.13846153846154,627.0500927692308
6.303222,13017.857142857143,13228.57142857143,12942.857142857143,12757.142857142857,13142.857142857143,7.095121020137352,-1.6322136154078284,0.1781190311997659,2.18,2.5500000000000003,22.12,31.815384615384616,626.6808069230768
6.323239,13060.714285714286,13100.0,13071.42857142857,12800.0,13271.42857142857,7.286173659177201,-1.611619942729976,0.18400162841553963,2.18,2.2899999999999996,22.21,31.861538461538462,626.1305009230769
6.343255,12971.428571428572,13185.714285714286,12985.714285714286,12242.857142857143,13471.42857142857,7.466578109473793,-1.5743887206251432,0.1894906082798993,2.18,2.2899999999999996,22.85,29.20769230769231,626.2763946153847
6.363272,13017.857142857141,13142.857142857143,13271.42857142857,12142.857142857143,13514.285714285714,7.624057423663855,-1.547629577355494,0.19428693649736664,2.5,2.4599999999999995,22.04,31.315384615384616,626.3000469230768
6.383289,13117.857142857141,13400.0,12757.142857142857,12800.0,13514.285714285714,7.8030733575566735,-1.5126093273623828,0.199624080907797,2.5,2.4599999999999995,21.79,32.323076923076925,625.4726852307692
6.403306,13060.714285714286,13428.57142857143,12500.0,12800.0,13514.285714285714,7.990797098950165,-1.487620844817841,0.20511494106023415,2.5,2.3699999999999997,21.56,34.2,624.690096
6.423323,12921.42857142857,13400.0,12500.0,12357.142857142857,13428.57142857143,8.161234789688526,-1.4616080819811983,0.21008081907648302,2.5,2.4599999999999995,22.31,32.6,623.7988887692308
6.443339,12907.142857142859,13514.285714285714,12685.714285714286,12242.857142857143,13185.714285714286,8.347574836983702,-1.4333485568040367,0.2154006492088277,2.5,2.4599999999999995,21.95,29.623076923076923,623.2294955384615
6.463356,12857.142857142857,13685.714285714286,12642.857142857143,12071.42857142857,13028.57142857143,8.502360092444585,-1.4008120159574107,0.21988545249962876,2.56,2.4599999999999995,22.36,33.56153846153846,624.6718393846154
6.483373,12789.285714285714,13471.42857142857,12171.42857142857,12642.857142857143,12871.42857142857,8.656990745979368,-1.3846981765356798,0.22431936368151736,2.56,2.4599999999999995,22.26,25.546153846153846,627.1900276923077
6.503389,12746.428571428572,13228.57142857143,12314.285714285714,12571.42857142857,12871.42857142857,8.878478582463522,-1.359187937367126,0.23032600305295514,2.56,2.9899999999999998,22.59,25.684615384615384,627.2749884615384
6.523406,12664.285714285714,13071.42857142857,12385.714285714286,12100.0,13100.0,9.076400417923322,-1.3415359283036732,0.23568739790366092,2.56,2.64,22.23,27.607692307692307,627.2171116923076
6.543423,12585.714285714284,13100.0,12714.285714285714,11771.42857142857,12757.142857142857,9.229401565829427,-1.3084865192036628,0.23994287030833947,2.56,2.5500000000000003,22.1,32.184615384615384,626.7075584615385
6.563439,12535.714285714286,13071.42857142857,12314.285714285714,12071.42857142857,12685.714285714286,9.472284367322773,-1.265036395408882,0.24617976543750744,2.7,2.64,22.89,31.592307692307692,625.8867467692307
6.583456,12442.857142857141,12714.285714285714,12142.857142857143,12314.285714285714,12600.0,9.65477204325877,-1.2504579683992765,0.25099574520693024,2.7,2.64,22.15,23.853846153846153,626.8223633846154
6.603473,12278.57142857143,12457.142857142857,12285.714285714286,11942.857142857143,12428.57142857143,9.883170823511284,-1.2273084992259304,0.25675873776306957,2.7,2.64,22.41,27.838461538461537,627.7156246153846
6.62349,12164.285714285714,12457.142857142857,12285.714285714286,11457.142857142857,12457.142857142857,10.092052103483104,-1.2036971523147604,0.26199211392860444,2.7,2.4599999999999995,22.07,24.26153846153846,628.1554906153847
6.643506,12185.714285714286,12528.57142857143,12428.57142857143,11400.0,12385.714285714286,10.276159625109484,-1.1725165922300567,0.26666357861587253,2.7,2.64,21.89,27.515384615384615,628.9525176923078
6.663523,12014.285714285716,12242.857142857143,12000.0,11642.857142857143,12171.42857142857,10.448682597767133,-1.1255989433024456,0.2710382643459411,3.02,2.4599999999999995,22.47,22.892307692307693,629.5317669230769
6.68354,11882.142857142857,12100.0,11557.142857142857,11771.42857142857,12100.0,10.673378821475504,-1.1118959248259177,0.2763843968701694,3.02,2.4599999999999995,22.92,17.66923076923077,627.5028681538462
6.703557,11685.714285714286,12000.0,11485.714285714286,11485.714285714286,11771.42857142857,10.917119747052913,-1.0983488403444457,0.2820579305251273,3.02,2.64,23.21,26.73846153846154,626.2991323076923
6.723573,11460.714285714286,11614.285714285714,11485.714285714286,10871.42857142857,11871.42857142857,11.119031228545499,-1.0712170447872824,0.28679939398347726,3.02,2.82,22.15,17.9,626.2871212307693
6.74359,11214.285714285714,11585.714285714286,11042.857142857143,10828.57142857143,11400.0,11.280034856595611,-1.04731104035567,0.29075125894319015,3.02,2.9899999999999998,22.85,22.29230769230769,626.2251784615385
6.763607,11089.285714285714,11457.142857142857,10957.142857142857,10928.57142857143,11014.285714285714,11.50846926168509,-1.0145955038409724,0.295920707066704,2.96,3.1699999999999995,22.86,18.907692307692308,626.9204116923077
6.783623,10700.0,11100.0,10300.0,10771.42857142857,10628.57142857143,11.736947787373863,-1.0033635268732684,0.30100491478079017,2.96,3.1699999999999995,22.1,21.56153846153846,626.9486098461538
6.80364,10478.571428571428,10714.285714285714,10185.714285714286,10357.142857142857,10657.142857142857,12.030088156232049,-0.9837189500177624,0.3071432484341193,2.96,2.9,23.09,21.976923076923075,625.9182432307693
6.823657,10267.857142857141,10614.285714285714,10371.42857142857,9585.714285714286,10500.0,12.280860281513085,-0.9572775825141758,0.3123982251347624,2.96,2.9899999999999998,22.8,19.23076923076923,623.3282201538462
6.843674,10314.285714285714,10628.57142857143,10457.142857142857,9871.42857142857,10300.0,12.481421958420786,-0.8885881155228308,0.316731719725788,2.96,2.9899999999999998,21.86,31.361538461538462,622.3779629230769
6.86369,10267.857142857143,10500.0,9942.857142857143,10271.42857142857,10357.142857142857,12.71669421837068,-0.8336809033518361,0.3215146351312639,3.37,3.2600000000000002,22.55,18.815384615384616,622.8306690769231
6.883707,10264.285714285714,10371.42857142857,10114.285714285714,10300.0,10271.42857142857,13.003704849645887,-0.8073229227043451,0.3269008306257882,3.37,3.2600000000000002,23.12,28.338461538461537,621.9459384615384
6.903724,10092.857142857141,10114.285714285714,10042.857142857143,9914.285714285714,10300.0,13.292032253238533,-0.7798150209789556,0.33209851245202116,3.37,2.9899999999999998,22.69,17.66923076923077,622.2683924615385
6.923741,10114.285714285714,10328.57142857143,10500.0,9442.857142857143,10185.714285714286,13.536508901590196,-0.7262012591298875,0.3365267329555032,3.37,3.3399999999999994,21.93,24.123076923076923,622.1286381538462
6.943757,10196.428571428572,10328.57142857143,10557.142857142857,9785.714285714286,10114.285714285714,13.735064665284153,-0.6621612990524437,0.3402678184144526,3.37,3.43,22.25,24.4,621.2713370769231
6.963774,10300.0,10328.57142857143,10128.57142857143,10657.142857142857,10085.714285714286,14.038767380836141,-0.6327707400399779,0.345121230036772,3.36,3.43,23.03,27.1,620.4776935384615
6.983791,10192.857142857143,9828.57142857143,10428.57142857143,10657.142857142857,9857.142857142857,14.340281066191483,-0.6789381742295582,0.34997187001474667,3.36,3.43,22.04,23.484615384615385,619.7143344615384
7.003807,10128.57142857143,9800.0,10471.42857142857,10271.42857142857,9971.42857142857,14.62149908435029,-0.6409548378529373,0.35448875968345744,3.36,3.61,23.1,16.984615384615385,619.2289886153845
7.023824,10117.857142857143,9657.142857142857,10928.57142857143,10085.714285714286,9800.0,14.845549264424323,-0.5907530816134584,0.35819194126221066,3.36,3.52,22.66,30.076923076923077,619.1626016923076
7.043841,10150.0,9628.57142857143,10657.142857142857,10457.142857142857,9857.142857142857,15.079521278790597,-0.5301672394709162,0.36194178772736546,3.36,3.61,21.66,26.6,618.4528741538462
7.063857,10271.42857142857,9585.714285714286,10842.857142857143,10957.142857142857,9700.0,15.320493356173841,-0.505552362077453,0.36562796731103836,3.57,3.43,21.79,31.953846153846154,617.3838472307692
7.083874,10285.714285714286,9785.714285714286,10957.142857142857,10528.57142857143,9871.42857142857,15.678340947084198,-0.49223445301636864,0.37019219681978405,3.57,3.43,23.09,22.70769230769231,614.5233876923077
7.103891,10378.571428571428,9585.714285714286,11614.285714285714,10457.142857142857,9857.142857142857,15.950405960994914,-0.4520755683644956,0.37381117155712573,3.57,3.0799999999999996,22.28,31.130769230769232,611.8465649230769
7.123908,10507.142857142857,9800.0,11800.0,10628.57142857143,9800.0,16.192651698467117,-0.41443554608556527,0.3771165268012688,3.57,3.3399999999999994,22.87,27.33076923076923,609.2731398461538
7.143924,10585.714285714286,10014.285714285714,11314.285714285714,11342.857142857143,9671.42857142857,16.440426181098527,-0.3674824020370829,0.38041779546093857,3.57,3.2600000000000002,22.46,24.307692307692307,607.130034923077
7.163941,10521.428571428572,9714.285714285714,11428.57142857143,11457.142857142857,9485.714285714286,16.721115403210046,-0.3640793996809021,0.38381417217044106,3.77,3.2600000000000002,22.82,27.423076923076923,605.8079506153846
7.183958,10457.142857142857,9700.0,11428.57142857143,11071.42857142857,9628.57142857143,17.07423621357219,-0.35537098883703944,0.38759405476655967,3.77,3.2600000000000002,22.33,21.33076923076923,604.7973573846153
7.203974,10571.42857142857,9614.285714285714,11900.0,11242.857142857143,9528.57142857143,17.30378069261994,-0.3371151048270268,0.3904405203914271,3.77,3.43,22.4,25.361538461538462,602.9536638461539
7.223991,10589.285714285714,9942.857142857143,11614.285714285714,11314.285714285714,9485.714285714286,17.547309625180723,-0.30714164576641967,0.3933380306666821,3.77,3.52,22.43,23.66923076923077,601.2128016923077
7.244008,10528.57142857143,9828.57142857143,11314.285714285714,11485.714285714286,9485.714285714286,17.86794242870243,-0.2856164589968265,0.3966028918875343,3.77,3.6999999999999997,22.58,19.96153846153846,598.7580764615384
7.264024,10432.142857142857,9571.42857142857,11485.714285714286,11014.285714285714,9657.142857142857,18.19270841485507,-0.3008290589995061,0.39980992413204414,3.98,3.6999999999999997,22.53,20.692307692307693,595.823318
7.284041,10560.714285714286,9542.857142857143,11971.42857142857,11157.142857142857,9571.42857142857,18.433355883677695,-0.23362076880159932,0.40245934905247466,3.98,3.6999999999999997,22.28,33.33076923076923,593.9166732307692
7.304058,10550.0,9700.0,11514.285714285714,11371.42857142857,9614.285714285714,18.77080756212009,-0.2407481160554192,0.405399902284073,3.98,3.3399999999999994,23.24,25.223076923076924,591.1263513846154
7.324075,10517.857142857143,9657.142857142857,11514.285714285714,11557.142857142857,9342.857142857143,19.07647904793899,-0.23915402984839387,0.40831514514987305,3.98,3.61,22.55,24.446153846153845,589.8762378461538
7.344091,10596.428571428572,9571.42857142857,11900.0,11514.285714285714,9400.0,19.363628060098133,-0.2105049497460867,0.4109103690739374,3.98,3.9599999999999995,21.89,26.96153846153846,588.710198923077
7.364108,10464.285714285714,9500.0,11842.857142857143,10900.0,9614.285714285714,19.722404532825554,-0.22185950091482,0.41381326227720583,4.29,3.8699999999999997,23.07,19.26923076923077,587.6669432307692
7.384125,10450.0,9614.285714285714,11742.857142857143,10957.142857142857,9485.714285714286,20.05525090446187,-0.1594564772880544,0.4164886685860494,4.29,3.8699999999999997,22.22,28.70769230769231,586.1144152307692
7.404141,10710.714285714286,9542.857142857143,11942.857142857143,11557.142857142857,9800.0,20.2758355205343,-0.15960168658385734,0.4186672888950489,4.29,3.7899999999999996,22.34,19.453846153846154,583.7079176923078
7.424158,10657.142857142857,9042.857142857143,12285.714285714286,11242.857142857143,10057.142857142857,20.709507345560137,-0.10428601672644425,0.42122924365138864,4.29,3.61,21.65,22.615384615384617,581.2829933846155
7.444174,10621.42857142857,9100.0,12428.57142857143,10628.57142857143,10328.57142857143,21.08557747367719,-0.11909012701059511,0.42344809025782154,4.29,3.3399999999999994,21.89,26.369230769230768,579.2633866153845
7.464191,10939.285714285714,9200.0,13185.714285714286,10714.285714285714,10657.142857142857,21.423065025710244,-0.05935422937629565,0.42554475516615503,4.98,3.61,21.76,42.43846153846154,576.7990818461539
7.484208,10950.0,8971.42857142857,12828.57142857143,10985.714285714286,11014.285714285714,21.795916481361207,-0.034962317129805215,0.4274096646933563,4.98,3.61,22.39,27.192307692307693,574.0733193846153
7.504225,11200.0,9100.0,13028.57142857143,11485.714285714286,11185.714285714286,22.23739440967777,-0.015070263063319864,0.42927200976165336,4.98,3.2600000000000002,21.56,26.092307692307692,572.4602569230769
7.524241,11271.428571428572,9528.57142857143,13028.57142857143,11457.142857142857,11071.42857142857,22.678418791792357,0.02137445005533419,0.4307848389868641,4.98,3.61,23.74,24.676923076923078,570.6607909230769
7.544258,11403.57142857143,9871.42857142857,13357.142857142857,11342.857142857143,11042.857142857143,23.092640406866984,0.04258748312334466,0.4320557735835192,4.98,3.3399999999999994,22.6,23.484615384615385,567.7159224615385
7.564275,11553.571428571428,10371.42857142857,13314.285714285714,11457.142857142857,11071.42857142857,23.503538409389456,0.08620630391268402,0.4331024739827671,5.28,3.52,22.18,30.16923076923077,563.2736230769231
7.584291,11810.714285714286,10828.57142857143,12914.285714285714,12457.142857142857,11042.857142857143,23.963639771834256,0.11723112134679207,0.43384738501495185,5.28,3.52,22.36,30.630769230769232,559.4859432307692
7.604308,11842.857142857143,10828.57142857143,13142.857142857143,12357.142857142857,11042.857142857143,24.428640425360523,0.12040791402977002,0.43436347322884133,5.28,3.6999999999999997,22.79,30.807692307692307,556.8079686153847
7.624325,12035.714285714286,11242.857142857143,13357.142857142857,12357.142857142857,11185.714285714286,24.84916957274803,0.15186417700236643,0.4347783612038295,5.28,3.8699999999999997,22.86,27.746153846153845,554.1347460000001
7.644341,12142.857142857141,11371.42857142857,13314.285714285714,12457.142857142857,11428.57142857143,25.28818965755097,0.16481515048796744,0.4349364560842771,5.28,3.52,21.88,36.4,551.9352367692306
7.664358,12317.857142857143,11428.57142857143,13314.285714285714,13071.42857142857,11457.142857142857,25.746085121067548,0.18562499616994735,0.4349520586730389,5.67,3.61,22.36,26.784615384615385,549.6716604615385
7.684374,12382.142857142857,11271.42857142857,13642.857142857143,12942.857142857143,11671.42857142857,26.191937608345672,0.2050844972324176,0.43478030969787756,5.67,3.61,22.11,30.26153846153846,548.554524923077
7.704391,12503.57142857143,11400.0,13957.142857142857,12685.714285714286,11971.42857142857,26.632582018158466,0.22307905160223493,0.4344798648597231,5.67,3.61,22.29,28.661538461538463,547.1236676923078
7.724408,12571.42857142857,11485.714285714286,13742.857142857143,12985.714285714286,12071.42857142857,27.079720644623364,0.24787904888995704,0.43394839381477174,5.67,3.3399999999999994,22.62,27.653846153846153,545.2924267692307
7.744424,12571.428571428572,11457.142857142857,13685.714285714286,13142.857142857143,12000.0,27.538041440193325,0.2614963981147774,0.43314804449477945,5.67,3.7899999999999996,22.34,32.23076923076923,544.4168016923077
7.76444,12589.285714285716,11585.714285714286,14100.0,12600.0,12071.42857142857,27.997837340425857,0.2887702846039818,0.4320944373016647,6.28,3.52,21.76,24.446153846153845,543.2065173846154
7.784458,12603.57142857143,11514.285714285714,14142.857142857143,12685.714285714286,12071.42857142857,28.435472306619587,0.33621560285618335,0.43084166687581504,6.28,3.52,21.87,34.01538461538462,542.0956358461539
7.804474,12539.285714285714,11428.57142857143,13600.0,12914.285714285714,12214.285714285714,28.916808438388745,0.3658429938887619,0.42900237900134375,6.28,3.52,22.26,23.715384615384615,540.6205906153845
7.824491,12678.571428571428,11514.285714285714,14057.142857142857,12828.57142857143,12314.285714285714,29.39246700272868,0.3942961410961784,0.4269151982537148,6.28,3.3399999999999994,22.45,23.623076923076923,539.1982730769231
7.844507,12600.0,11457.142857142857,13871.42857142857,12571.42857142857,12500.0,29.86455585553338,0.4312711792894904,0.42455219603402855,6.28,3.43,23.0,33.46923076923077,537.189487846154
7.864524,12589.285714285714,11642.857142857143,13742.857142857143,12757.142857142857,12214.285714285714,30.345991828379997,0.46980899606303195,0.4217501499722008,6.79,3.2600000000000002,22.99,29.023076923076925,534.6009526153846
7.884541,12714.285714285714,12071.42857142857,13228.57142857143,13557.142857142857,12000.0,30.820288487638095,0.5009723299106917,0.4186740472183266,6.79,3.2600000000000002,22.18,27.423076923076923,532.5266753846155
7.904557,12567.857142857143,11871.42857142857,13185.714285714286,13271.42857142857,11942.857142857143,31.286168810306826,0.5463919716600423,0.415258233461263,6.79,3.43,22.66,32.55384615384615,529.6496470769231
7.924574,12632.142857142857,12000.0,13471.42857142857,13185.714285714286,11871.42857142857,31.768216868139106,0.6012741486633714,0.41117533981734206,6.79,3.43,22.46,25.638461538461538,527.621796153846
7.94459,12546.42857142857,11557.142857142857,13471.42857142857,13185.714285714286,11971.42857142857,32.20375672830217,0.6635819336534249,0.4072492473026139,6.79,3.2600000000000002,23.12,26.784615384615385,524.495706
7.964607,12614.285714285714,11457.142857142857,13642.857142857143,13514.285714285714,11842.857142857143,32.61698892739688,0.7200731446308626,0.4031866884680079,7.27,3.43,22.64,25.776923076923076,520.9175703076922
7.984624,12621.428571428572,11371.42857142857,13828.57142857143,13185.714285714286,12100.0,33.05528348313977,0.7610050979542453,0.39836381964167594,7.27,3.43,22.75,26.6,517.4449338461538
8.00464,12646.42857142857,11314.285714285714,14242.857142857143,13028.57142857143,12000.0,33.49290383550771,0.8118404439894412,0.39310977289557447,7.27,3.52,22.16,27.146153846153847,514.8468906153846
8.024657,12567.857142857143,10900.0,14385.714285714286,12985.714285714286,12000.0,33.932143863666596,0.8639296615062076,0.38738726136872076,7.27,3.3399999999999994,22.63,25.084615384615386,512.1678235384616
8.044674,12617.857142857143,10828.57142857143,14528.57142857143,13142.857142857143,11971.42857142857,34.37210088598837,0.9127869708589142,0.3812208705379686,7.27,3.0799999999999996,22.37,25.638461538461538,508.19480753846153
8.06469,12578.571428571428,10771.42857142857,14385.714285714286,13357.142857142857,11800.0,34.83198445757773,0.9685952857254657,0.3741870479891533,7.63,3.3399999999999994,22.83,25.361538461538462,504.19084630769237
8.084706,12528.57142857143,10628.57142857143,14528.57142857143,13314.285714285714,11642.857142857143,35.27336537329079,1.022886598399433,0.36702307376228327,7.63,3.3399999999999994,22.25,23.076923076923077,499.87932938461535
8.104723,12617.857142857143,10714.285714285714,14628.57142857143,13357.142857142857,11771.42857142857,35.7132327735201,1.077292585010073,0.3594041727041699,7.63,3.43,22.51,23.853846153846153,496.0604096923077
8.124739,12582.142857142859,10557.142857142857,14628.57142857143,13557.142857142857,11585.714285714286,36.1891829363659,1.1315856275489247,0.3504272138270196,7.63,3.3399999999999994,22.07,23.115384615384617,491.46235184615387
8.144756,12535.714285714286,10657.142857142857,14728.57142857143,13685.714285714286,11071.42857142857,36.65295291709367,1.1936997699594658,0.34118377327098715,7.63,3.1699999999999995,22.48,24.4,487.505998
8.164773,12582.142857142859,10614.285714285714,14728.57142857143,13642.857142857143,11342.857142857143,37.121733688893336,1.266030216866605,0.3311484841125836,8.2,3.1699999999999995,22.26,24.49230769230769,483.65000200000003
8.184789,12510.714285714286,10657.142857142857,14628.57142857143,13685.714285714286,11071.42857142857,37.62163881353565,1.335940683671533,0.319531838180134,8.2,3.1699999999999995,22.92,25.26923076923077,479.65982446153845
8.204806,12603.57142857143,10714.285714285714,14828.57142857143,13742.857142857143,11128.57142857143,38.120195267989985,1.4133482512718023,0.3071680456549405,8.2,3.43,22.24,24.446153846153845,476.20728384615387
8.224822,12585.714285714286,10742.857142857143,14928.57142857143,13742.857142857143,10928.57142857143,38.61356839710764,1.4903515336744084,0.29412962822580363,8.2,3.3399999999999994,23.08,25.223076923076924,472.63697430769224
8.244839,12521.428571428572,10714.285714285714,14885.714285714286,13471.42857142857,11014.285714285714,39.13592135080154,1.5638288667133924,0.27928046105312615,8.2,3.3399999999999994,22.38,21.79230769230769,470.2403135384615
8.264855,12600.0,10828.57142857143,14885.714285714286,13785.714285714286,10900.0,39.6576171088567,1.6477674250087009,0.26352215629041875,8.67,3.3399999999999994,22.63,24.076923076923077,468.5534707692307
8.284872,12575.0,10828.57142857143,14628.57142857143,13914.285714285714,10928.57142857143,40.17089637816287,1.7434456250053154,0.2470465925594053,8.67,3.3399999999999994,22.7,25.73076923076923,466.29133384615386
8.304888,12578.57142857143,10842.857142857143,14728.57142857143,13871.42857142857,10871.42857142857,40.69988321662702,1.8411360854481091,0.22882262381195967,8.67,3.3399999999999994,22.76,25.453846153846154,462.8368130769231
8.324905,12539.285714285714,10842.857142857143,14671.42857142857,13742.857142857143,10900.0,41.22583540776935,1.9493460837540513,0.20951362521007008,8.67,3.2600000000000002,22.65,25.684615384615384,460.1485990769231
8.344922,12535.714285714286,10771.42857142857,14728.57142857143,13685.714285714286,10957.142857142857,41.72803244365626,2.0560505562147333,0.19005807353181906,8.67,3.43,22.43,25.176923076923078,457.38952923076926
8.364938,12614.285714285714,10742.857142857143,14628.57142857143,14100.0,10985.714285714286,42.23402507763435,2.153729699922958,0.1692683071767554,9.18,3.52,22.28,26.184615384615384,455.061034
8.384955,12671.428571428572,10657.142857142857,14628.57142857143,14057.142857142857,11342.857142857143,42.74133272247655,2.2473390052137385,0.14725123109322985,9.18,3.52,22.0,21.653846153846153,453.032224
8.404972,12467.857142857141,10400.0,14385.714285714286,13871.42857142857,11214.285714285714,43.23867570164848,2.348015827316173,0.12456627476465744,9.18,3.61,22.98,20.784615384615385,450.6637687692307
8.424988,12367.857142857145,10257.142857142857,14485.714285714286,13742.857142857143,10985.714285714286,43.74985337597479,2.4417756128945003,0.09987183973697891,9.18,3.3399999999999994,22.86,22.338461538461537,449.26926076923075
8.445004,12310.714285714286,10042.857142857143,14428.57142857143,13557.142857142857,11214.285714285714,44.27401682678901,2.534333081172829,0.07317203212152776,9.18,3.3399999999999994,22.83,20.6,447.07988107692313
8.465021,12078.571428571428,9857.142857142857,14242.857142857143,13314.285714285714,10900.0,44.80571593636026,2.631461442198274,0.044645573083984896,9.42,3.3399999999999994,22.76,17.76153846153846,442.8429112307692
8.485038,11860.714285714286,9700.0,13914.285714285714,13142.857142857143,10685.714285714286,45.384692896070945,2.747565575445229,0.01144033783242571,9.42,3.3399999999999994,22.42,18.130769230769232,438.00813415384613
8.505054,11732.142857142857,9585.714285714286,13871.42857142857,12942.857142857143,10528.57142857143,45.96061463189377,2.8506620448361937,-0.023326428158558756,9.42,3.52,22.61,18.584615384615386,435.6868489230769
8.52507,11592.857142857143,9485.714285714286,13600.0,12828.57142857143,10457.142857142857,46.54983026654021,2.9641425582298253,-0.06088069669970493,9.42,3.1699999999999995,22.68,17.807692307692307,433.251412
8.545087,11478.571428571428,9314.285714285714,13685.714285714286,12714.285714285714,10200.0,47.14737685603498,3.0782138954811624,-0.10106428998019353,9.42,3.3399999999999994,23.03,12.584615384615384,430.70238430769234
8.565104,11200.0,9114.285714285714,13428.57142857143,12428.57142857143,9828.57142857143,47.77088823684806,3.204576331483638,-0.14554313192705473,9.96,3.2600000000000002,22.76,10.753846153846155,428.35897723076926
8.58512,11078.571428571428,8928.57142857143,13314.285714285714,12314.285714285714,9757.142857142857,48.41162800723299,3.3332994861262613,-0.19393682466769102,9.96,3.2600000000000002,22.84,13.092307692307692,425.9206824615385
8.605137,11000.0,8814.285714285714,13185.714285714286,12457.142857142857,9542.857142857143,49.06176584977064,3.4674094031621356,-0.24587920545748426,9.96,3.3399999999999994,22.63,13.184615384615384,423.6523750769231
8.625153,10917.857142857145,8757.142857142857,13185.714285714286,12242.857142857143,9485.714285714286,49.719920688152925,3.601418298843122,-0.30146408380404394,9.96,3.52,23.1,15.384615384615385,421.4126304615385
8.64517,10900.0,8785.714285714286,13185.714285714286,12171.42857142857,9457.142857142857,50.37612622963773,3.7466783549378744,-0.35995266603756454,9.96,3.43,22.95,14.053846153846154,418.4596621538462
8.665187,10857.142857142857,8571.42857142857,13228.57142857143,12171.42857142857,9457.142857142857,51.022226844920084,3.8880930203689608,-0.42060077450280803,10.15,3.2600000000000002,23.11,15.930769230769231,415.2030849230769
8.685203,10842.857142857143,8542.857142857143,13185.714285714286,12242.857142857143,9400.0,51.653092673657085,4.029145720590982,-0.4828011224159562,10.15,3.2600000000000002,22.7,15.2,412.88254553846156
8.705219,10792.857142857143,8471.42857142857,12942.857142857143,12357.142857142857,9400.0,52.28313199213603,4.1724894249234135,-0.548167089640247,10.15,3.6999999999999997,23.07,15.292307692307693,409.4289695384616
8.725236,10828.571428571428,8271.42857142857,13228.57142857143,12357.142857142857,9457.142857142857,52.90379006296162,4.317804210165756,-0.6157765462652492,10.15,3.43,22.88,14.876923076923077,406.87180461538463
8.745252,10810.714285714284,8185.714285714285,13142.857142857143,12385.714285714286,9528.57142857143,53.52125841891638,4.462863676228222,-0.6864536453019444,10.15,3.52,23.18,16.161538461538463,404.482848
8.765269,10803.57142857143,8057.142857142857,13228.57142857143,12357.142857142857,9571.42857142857,54.129205261823486,4.603478963650787,-0.7593632331288788,10.19,3.61,22.87,14.507692307692308,401.70879538461537
8.785286,10728.571428571428,7942.857142857143,13185.714285714286,12285.714285714286,9500.0,54.73509755746042,4.742678151423042,-0.8355345550147115,10.19,3.61,22.99,15.2,399.42757569230764
8.805302,10607.142857142857,7757.142857142857,13071.42857142857,12142.857142857143,9457.142857142857,55.35118869982838,4.8929202801174885,-0.9169424320852554,10.19,3.43,22.83,14.423076923076923,397.082008
8.825318,10621.428571428572,7757.142857142857,13185.714285714286,12142.857142857143,9400.0,55.969982852270526,5.0383071901544865,-1.0028166173528925,10.19,3.43,22.5,15.561538461538461,395.37153076923073
8.845335,10517.857142857143,7657.142857142857,13071.42857142857,11971.42857142857,9371.42857142857,56.58326697042351,5.196354121903067,-1.0920672226423564,10.19,3.6999999999999997,22.85,13.823076923076924,392.9092561538461
8.865353,10507.142857142857,7600.0,13100.0,11971.42857142857,9357.142857142857,57.18802547148734,5.351330603817287,-1.184278320496149,10.44,3.61,22.72,14.6,390.67008323076925
8.885368,10375.0,7514.285714285715,13100.0,11714.285714285714,9171.42857142857,57.79189116982404,5.517771320509202,-1.280973408115394,10.44,3.61,23.06,11.946153846153846,391.08996015384616
8.905385,10310.714285714286,7357.142857142857,13028.57142857143,11800.0,9057.142857142857,58.39986043909099,5.699821964735611,-1.383381624285487,10.44,3.61,22.87,10.984615384615385,391.71187984615386
8.925402,10071.42857142857,7285.714285714285,12571.42857142857,11514.285714285714,8914.285714285714,59.0160154314584,5.886511935525414,-1.4927982488741398,10.44,3.61,23.13,10.661538461538461,389.962186
8.945417,9903.57142857143,7142.857142857143,12357.142857142857,11242.857142857143,8871.42857142857,59.6462204484928,6.0786501036419835,-1.6109331844240196,10.44,3.9599999999999995,22.84,8.1,386.8582896923077
8.965434,9864.285714285716,7114.285714285715,12357.142857142857,11342.857142857143,8642.857142857143,60.28694215679674,6.278677771959632,-1.7377785401145176,10.37,3.1699999999999995,23.09,11.538461538461538,383.37536630769233
8.985452,9767.857142857143,7100.0,12242.857142857143,11128.57142857143,8600.0,60.93038935102422,6.493896853380674,-1.8723687042989814,10.37,3.1699999999999995,22.83,8.146153846153846,380.2029423076923
9.005468,9685.714285714286,7028.571428571428,12100.0,11014.285714285714,8600.0,61.57754279817648,6.716682380889297,-2.0155617625405657,10.37,3.3399999999999994,23.12,10.392307692307693,378.23234323076923
9.025483,9632.142857142859,7028.571428571428,12042.857142857143,10871.42857142857,8585.714285714286,62.221089020656265,6.94339688787384,-2.166102019740414,10.37,3.52,22.88,10.484615384615385,376.99889553846157
9.045501,9478.57142857143,6871.428571428572,11642.857142857143,10828.57142857143,8571.42857142857,62.86877022521624,7.183318350815181,-2.3265630971744415,10.37,2.9899999999999998,23.2,10.576923076923077,376.68125569230773
9.065516,9385.714285714286,6871.428571428572,11671.42857142857,10500.0,8500.0,63.495964134313084,7.434554306547234,-2.4906774457438843,10.41,3.43,22.98,8.330769230769231,377.89329307692304
9.085533,9350.0,6800.0,11457.142857142857,10557.142857142857,8585.714285714286,64.1384002872798,7.689818025856212,-2.669236427790357,10.41,3.43,22.71,8.96923076923077,376.06488615384615
9.10555,9232.142857142859,6785.714285714285,11128.57142857143,10428.57142857143,8585.714285714286,64.79099660074213,7.953072030572658,-2.861905681339991,10.41,3.52,22.86,9.615384615384615,374.39187353846154
9.125566,9250.0,6671.428571428572,11428.57142857143,10271.42857142857,8628.57142857143,65.4368353086716,8.228492691913557,-3.06422382064304,10.41,3.3399999999999994,22.99,8.1,373.45060661538463
9.145582,9264.285714285714,6842.857142857143,11314.285714285714,10200.0,8700.0,66.07669865638854,8.517531930025243,-3.277183778454407,10.41,3.8699999999999997,22.81,9.430769230769231,370.7034643076923
9.165599,9285.714285714286,6800.0,11342.857142857143,10185.714285714286,8814.285714285714,66.71321025533547,8.823781960526405,-3.502540483663503,10.6,3.6999999999999997,22.88,6.907692307692308,369.09487076923074
9.185615,9189.285714285714,6828.571428571428,10928.57142857143,10114.285714285714,8885.714285714286,67.33818185570175,9.131589881983668,-3.7377173086899567,10.6,3.6999999999999997,22.79,7.915384615384616,367.9104689230769
9.205632,9289.285714285714,6828.571428571428,11271.42857142857,10114.285714285714,8942.857142857143,67.94970792249416,9.44056514290334,-3.9821578931019133,10.6,3.2600000000000002,22.9,6.5,365.5385455384616
9.225648,9310.714285714286,6842.857142857143,11071.42857142857,10328.57142857143,9000.0,68.5405547175531,9.764036708117088,-4.2327896173902,10.6,3.61,23.25,11.492307692307692,366.21267753846155
9.245665,9400.0,6785.714285714285,11042.857142857143,10528.57142857143,9242.857142857143,69.11515463150178,10.086458918761272,-4.491390339743943,10.6,3.61,22.98,10.753846153846155,368.9356123076923
9.265682,9475.0,6828.571428571428,11042.857142857143,10657.142857142857,9371.42857142857,69.66467997403532,10.410612204707586,-4.7531684776843575,10.41,3.61,22.95,15.246153846153845,367.75521292307695
9.285698,9692.857142857141,6842.857142857143,11271.42857142857,11042.857142857143,9614.285714285714,70.18275028711042,10.729520309298923,-5.013627535299908,10.41,3.61,22.39,15.7,365.85715307692305
9.305715,9803.57142857143,6842.857142857143,11400.0,11342.857142857143,9628.57142857143,70.66739361655632,11.046662966012228,-5.269967277201437,10.41,3.6999999999999997,22.67,13.638461538461538,363.1483030769231
9.32573,9739.285714285714,6600.0,11314.285714285714,11342.857142857143,9700.0,71.12858866154909,11.372735112563289,-5.526481860354837,10.41,3.3399999999999994,22.51,13.092307692307692,360.55891846153844
9.345748,9807.142857142857,6471.428571428572,11457.142857142857,11714.285714285714,9585.714285714286,71.57513991387053,11.705866897443247,-5.787830229169025,10.41,3.61,22.82,12.5,357.89430446153847
9.365765,9735.714285714286,6342.857142857143,11557.142857142857,11557.142857142857,9485.714285714286,72.00017643406254,12.039087544097013,-6.04891535209995,10.36,3.6999999999999997,23.06,13.86923076923077,355.3622036923077
9.385781,9910.714285714286,6228.571428571428,12071.42857142857,11971.42857142857,9371.42857142857,72.41437526505874,12.380077284766891,-6.316262151769712,10.36,3.6999999999999997,22.61,14.053846153846154,353.79421769230765
9.405797,9910.714285714286,6142.857142857143,12357.142857142857,11942.857142857143,9200.0,72.8006143026959,12.728493612023254,-6.576699948352249,10.36,3.52,22.96,14.053846153846154,354.370792
9.425814,9760.714285714286,5971.428571428572,12314.285714285714,11842.857142857143,8914.285714285714,73.17117909692121,13.058153754353631,-6.83788666371014,10.36,3.52,22.88,13.5,355.82932492307697
9.445831,9771.428571428572,5900.0,12457.142857142857,12142.857142857143,8585.714285714286,73.53200072275158,13.402441076543713,-7.10397050424416,10.36,3.61,22.99,13.092307692307692,355.180432923077
9.465846,9707.142857142857,5742.857142857143,12942.857142857143,11900.0,8242.857142857143,73.93294858384404,13.787641822977474,-7.41873250789715,10.4,3.52,22.79,12.223076923076922,354.9722892307692
9.485863,9603.57142857143,5571.428571428572,13228.57142857143,11800.0,7814.285714285715,74.31082543678986,14.200120998777079,-7.72986156986317,10.4,3.52,23.27,15.792307692307693,354.21695415384613
9.50588,9382.142857142857,5200.0,12914.285714285714,12000.0,7414.285714285715,74.67091151504627,14.619869270124967,-8.040656790049887,10.4,3.3399999999999994,23.14,14.876923076923077,353.4596072307692
9.525895,9225.0,5000.0,13100.0,12042.857142857143,6757.142857142857,75.03090773029561,15.04459858753353,-8.367904392356005,10.4,3.43,23.17,13.138461538461538,353.06848846153844
9.545912,9221.428571428572,4971.428571428572,13314.285714285714,11800.0,6800.0,75.3811901657895,15.49284426634822,-8.702535692084002,10.4,3.7899999999999996,23.22,13.592307692307692,353.12455676923076
9.565928,9135.714285714286,4785.714285714285,13914.285714285714,11428.57142857143,6414.285714285715,75.7323400132821,15.977758932803832,-9.056578540724052,10.39,3.52,22.28,18.223076923076924,356.36292661538465
9.585944,9178.571428571428,4914.285714285715,13642.857142857143,12071.42857142857,6085.714285714285,76.05646185299217,16.473831266469674,-9.397417803492294,10.39,3.52,22.18,21.192307692307693,361.76762446153845
9.605961,9078.57142857143,4871.428571428572,13314.285714285714,12285.714285714286,5842.857142857143,76.365750546359,16.934198005737425,-9.737184264189585,10.39,3.43,23.07,19.823076923076922,363.43823892307694
9.625978,8957.142857142859,5000.0,13142.857142857143,12171.42857142857,5514.285714285715,76.70459722145236,17.42916540709386,-10.134519411556367,10.39,3.43,23.07,19.138461538461538,363.78341292307687
9.645994,9135.714285714286,5071.428571428572,13685.714285714286,12314.285714285714,5471.428571428572,77.01850429397172,17.937346423667663,-10.519120537588108,10.39,3.2600000000000002,23.06,15.061538461538461,363.6787276923077
9.666011,9050.0,5085.714285714285,13471.42857142857,12042.857142857143,5600.0,77.31013899960256,18.458288305661203,-10.891090582652648,10.34,3.1699999999999995,23.18,19.776923076923076,363.9278801538461
9.686028,9075.0,4785.714285714285,13228.57142857143,12457.142857142857,5828.571428571428,77.60997620130672,18.976079936051562,-11.295316805444903,10.34,3.1699999999999995,22.57,13.276923076923078,364.4478503076923
9.706043,9050.0,4871.428571428572,13228.57142857143,12357.142857142857,5742.857142857143,77.90099477684763,19.489364891131572,-11.70678205239684,10.34,3.52,23.3,14.146153846153846,365.43821246153846
9.72606,9125.0,4700.0,13914.285714285714,11942.857142857143,5942.857142857143,78.19003742729478,20.023842742389693,-12.137160096586213,10.34,3.52,23.36,19.26923076923077,367.57217307692304
9.746077,9064.285714285714,4571.428571428572,13228.57142857143,12171.42857142857,6285.714285714285,78.47483113476433,20.58989653461143,-12.583399912058086,10.34,3.2600000000000002,23.29,16.56923076923077,368.9223783076923
9.766093,9153.57142857143,4385.714285714285,13100.0,12500.0,6628.571428571428,78.73732309683574,21.102553111477786,-13.010456842926015,10.36,3.9599999999999995,22.21,15.292307692307693,369.41572769230766
9.78611,9239.285714285714,4385.714285714285,13071.42857142857,12285.714285714286,7214.285714285715,78.99689059814743,21.617964736119223,-13.453901819256782,10.36,3.9599999999999995,22.84,20.23076923076923,369.7714570769231
9.806126,9139.285714285714,4314.285714285715,13100.0,12000.0,7142.857142857143,79.24507246983859,22.14028396890719,-13.896210150987036,10.36,3.7899999999999996,22.54,16.161538461538463,370.3522330769231
9.826143,9075.0,4385.714285714285,12600.0,11871.42857142857,7442.857142857143,79.4857763751475,22.695351196081763,-14.34445974873182,10.36,3.43,22.63,15.384615384615385,371.04120830769233
9.846159,9060.714285714286,4342.857142857143,12071.42857142857,12285.714285714286,7542.857142857143,79.73005659772082,23.23664143763754,-14.824403720228007,10.36,3.52,22.5,19.0,372.1169003076923
9.866175,9182.142857142857,4385.714285714285,12042.857142857143,11842.857142857143,8457.142857142857,79.98057000400193,23.82755586130271,-15.34608210994483,10.33,3.61,22.95,27.053846153846155,373.7141223076923
9.886192,9257.142857142857,4585.714285714285,12571.42857142857,11485.714285714286,8385.714285714286,80.23011052692618,24.44484389897821,-15.895073198990215,10.33,3.61,22.32,35.06923076923077,376.5882404615384
9.906209,9228.571428571428,4585.714285714285,12142.857142857143,11557.142857142857,8628.57142857143,80.38223414984047,25.08678894178674,-16.202612809381503,10.33,3.7899999999999996,22.39,28.2,377.5222715384615
9.926225,9253.571428571428,4571.428571428572,11771.42857142857,11942.857142857143,8728.57142857143,80.5920966078719,25.71045964183404,-16.685515875009006,10.33,3.7899999999999996,22.51,13.23076923076923,379.69245400000005
9.946241,9292.857142857141,4757.142857142857,12000.0,11428.57142857143,8985.714285714286,80.84707392766619,26.424054886339302,-17.332701069377322,10.33,3.61,23.21,11.215384615384615,384.62838215384613
9.966258,9278.571428571428,5185.714285714285,12071.42857142857,10871.42857142857,8985.714285714286,81.07737380026101,27.121807630364277,-17.940365014141808,10.32,3.7899999999999996,23.07,10.892307692307693,389.4717704615385
9.986274,9221.42857142857,5528.571428571428,11671.42857142857,10928.57142857143,8757.142857142857,81.31544846959565,27.898459762399376,-18.611814370388295,10.32,3.7899999999999996,23.0,13.5,391.29089323076926
10.006291,9225.0,5685.714285714285,11271.42857142857,11185.714285714286,8757.142857142857,81.56716397796221,28.747201750188452,-19.37749237286135,10.32,3.43,22.62,24.353846153846153,393.0671832307692
10.026307,9203.571428571428,5785.714285714285,11428.57142857143,10685.714285714286,8914.285714285714,81.83021978875233,29.66113186879372,-20.243070074858334,10.32,3.61,22.68,14.784615384615385,394.0180632307692
10.046324,9321.428571428572,6157.142857142857,11942.857142857143,10371.42857142857,8814.285714285714,82.08188420887754,30.632624806065735,-21.127352660225583,10.32,3.52,22.42,37.58461538461538,395.3659844615385
10.06634,9342.857142857143,6657.142857142857,11457.142857142857,10228.57142857143,9028.57142857143,82.30435053575644,31.554103645455818,-21.945923892145554,10.29,3.52,21.72,22.023076923076925,397.5755518461538
10.086356,9317.857142857143,6800.0,11128.57142857143,10300.0,9042.857142857143,82.5409938024295,32.61712189118233,-22.89167490087437,10.29,3.52,23.0,9.015384615384615,400.04419584615385
10.106372,9278.57142857143,7185.714285714285,11042.857142857143,9942.857142857143,8942.857142857143,82.75398991915712,33.5865708258536,-23.786798211656425,10.29,3.6999999999999997,23.2,24.907692307692308,403.4142435384615
10.126389,9407.142857142857,7757.142857142857,11014.285714285714,9714.285714285714,9142.857142857143,82.97931734313549,34.72883916456407,-24.816846934911123,10.29,3.61,22.86,9.338461538461539,408.32000753846154
10.146405,9378.57142857143,7871.428571428572,11014.285714285714,9657.142857142857,8971.42857142857,83.20716758760679,35.95067280979222,-25.946394875857393,10.29,3.6999999999999997,22.34,13.73076923076923,411.0275064615385
10.166422,9410.714285714286,8242.857142857143,10357.142857142857,10057.142857142857,8985.714285714286,83.43116711151838,37.27597125473892,-27.148712894527005,10.25,3.43,22.27,22.70769230769231,412.1258612307692
10.186438,9428.57142857143,8300.0,10371.42857142857,10042.857142857143,9000.0,83.65662578949869,38.65820562996337,-28.469640339507517,10.25,3.43,23.01,14.876923076923077,414.3464873846154
10.206455,9289.285714285714,8242.857142857143,10457.142857142857,9114.285714285714,9342.857142857143,83.87559350147868,40.128046525234886,-29.86639766559701,10.25,3.61,22.73,13.461538461538462,415.7838736923077
10.226471,9450.0,8271.42857142857,10957.142857142857,9114.285714285714,9457.142857142857,84.07395480907876,41.584031414447054,-31.22393440165521,10.25,3.43,22.54,49.12307692307692,417.5193436923077
10.246487,9478.571428571428,8300.0,10400.0,9628.57142857143,9585.714285714286,84.26229119731869,43.07244533124971,-32.61551538607609,10.25,3.43,22.24,17.123076923076923,418.9541910769231
10.266504,9450.0,8142.857142857143,10657.142857142857,9500.0,9500.0,84.4442120304755,44.60306473060513,-34.07319281220134,10.19,3.61,22.97,17.853846153846153,419.88666584615385
10.28652,9475.0,8342.857142857143,10685.714285714286,9500.0,9371.42857142857,84.61686437844098,46.171388093310085,-35.569281729338876,10.19,3.61,22.55,13.823076923076924,420.56210030769233
10.306537,9360.714285714286,8385.714285714286,10957.142857142857,8928.57142857143,9171.42857142857,84.82577311945259,48.31024444715014,-37.65871873649548,10.19,3.43,22.78,13.638461538461538,422.81481969230765
10.326553,9303.57142857143,8114.285714285715,10742.857142857143,9357.142857142857,9000.0,84.98948437060434,50.13718747418876,-39.4005489179545,10.19,3.1699999999999995,22.4,15.061538461538461,424.29073707692305
10.34657,9417.857142857143,7942.857142857143,10628.57142857143,10057.142857142857,9042.857142857143,85.14514170628401,52.034668916389904,-41.21272609478897,10.19,3.3399999999999994,22.28,11.9,425.3443232307692
10.366586,9332.142857142857,7600.0,11100.0,9914.285714285714,8714.285714285714,85.2912647839891,53.939215156830414,-43.071262880696565,10.12,3.6999999999999997,22.39,17.853846153846153,426.2462546153846
10.386602,9228.571428571428,7242.857142857143,11214.285714285714,9542.857142857143,8914.285714285714,85.43066878067843,55.93054482061812,-45.02123122401853,10.12,3.6999999999999997,22.33,16.115384615384617,425.7412687692308
10.406619,9317.857142857143,7214.285714285715,11714.285714285714,9485.714285714286,8857.142857142857,85.55679815944605,57.928976322094435,-46.93510609084864,10.12,3.43,21.22,37.53846153846154,425.73180861538464
10.426635,9346.42857142857,7042.857142857143,11314.285714285714,10371.42857142857,8657.142857142857,85.66820791725418,59.799965794589205,-48.74320939026814,10.12,3.43,22.58,17.576923076923077,425.5244833846154
10.446652,9196.428571428572,6600.0,11400.0,10300.0,8485.714285714286,85.77134280502699,61.65196257145604,-50.55173667297882,10.12,3.2600000000000002,22.78,21.015384615384615,426.65318784615386
10.466668,9325.0,6600.0,11714.285714285714,10471.42857142857,8514.285714285714,85.86942270912121,63.55125861481092,-52.431656663659226,9.92,3.43,22.34,15.2,429.7319587692308
10.486684,9217.857142857143,6414.285714285715,11942.857142857143,10300.0,8214.285714285714,85.9509941734522,65.18190287817113,-54.03640761587453,9.92,3.43,23.31,13.5,430.8655713846154
10.506701,9239.285714285714,6342.857142857143,11742.857142857143,10871.42857142857,8000.0,86.03071136606681,66.94391947738931,-55.757444352080135,9.92,3.61,22.06,16.70769230769231,429.74003815384617
10.526717,9271.428571428572,6014.285714285715,11485.714285714286,11742.857142857143,7842.857142857143,86.10030474761318,68.50235656610722,-57.309855256669714,9.92,3.6999999999999997,22.16,17.307692307692307,428.7840376923077
10.546734,9060.714285714286,5542.857142857143,11742.857142857143,11042.857142857143,7914.285714285715,86.1688245194596,70.17791074968945,-58.99839059677781,9.92,3.61,23.12,14.461538461538462,429.228861076923
10.56675,9407.142857142857,5500.0,12600.0,11585.714285714286,7942.857142857143,86.22598450809775,71.5567627525607,-60.38504040745122,9.98,3.61,21.44,46.06153846153846,430.58096184615385
10.586766,9250.0,5157.142857142857,12314.285714285714,11614.285714285714,7914.285714285715,86.27024818177563,72.46138232400546,-61.294087488980075,9.98,3.61,21.44,25.0,430.73614707692303
10.606783,9414.285714285714,5000.0,12500.0,11942.857142857143,8214.285714285714,86.31033672321054,73.2274953811343,-62.0635063983107,9.98,3.61,22.31,16.161538461538463,428.6602713846154
10.626799,9421.428571428572,4957.142857142857,12642.857142857143,12171.42857142857,7914.285714285715,86.35134193809785,74.07549017781427,-62.941828809061704,9.98,3.7899999999999996,22.92,15.2,426.69825892307693
10.646816,9446.42857142857,5142.857142857143,13071.42857142857,12000.0,7571.428571428572,86.38548503148378,74.62226134898853,-63.50219744403909,9.98,4.050000000000001,22.5,13.638461538461538,426.66739215384615
10.666832,9389.285714285716,5142.857142857143,12528.57142857143,12642.857142857143,7242.857142857143,86.41585651106601,74.94590389359988,-63.87438390943389,9.93,3.8699999999999997,23.17,19.592307692307692,429.8206903076923
10.686848,9278.57142857143,5028.571428571428,12871.42857142857,12000.0,7214.285714285715,86.4461203201658,75.3049251615788,-64.26487283274083,9.93,3.8699999999999997,22.06,15.7,433.9621478461538
10.706865,9346.42857142857,5014.285714285715,13314.285714285714,11871.42857142857,7185.714285714285,86.4756405371975,75.67603699990671,-64.63055367882062,9.93,3.8699999999999997,22.12,27.053846153846155,436.8458281538461
10.726881,9317.857142857143,4885.714285714285,12985.714285714286,12142.857142857143,7257.142857142857,86.49956362469784,75.68549541988597,-64.65502652870516,9.93,3.61,22.44,22.523076923076925,438.76285353846157
10.746897,9410.714285714286,4885.714285714285,13228.57142857143,12357.142857142857,7171.428571428572,86.52483358190733,75.78423306830966,-64.77349298649959,9.93,3.7899999999999996,23.01,20.192307692307693,437.9143023076923
10.766914,9417.857142857143,4942.857142857143,13185.714285714286,12100.0,7442.857142857143,86.56628158815786,77.00932536207455,-66.017022614693,9.89,3.61,22.63,14.146153846153846,436.7804447692307
10.78693,9403.57142857143,4985.714285714285,13314.285714285714,11900.0,7414.285714285715,86.59162702401578,77.15863751734437,-66.1813783782277,9.89,3.61,22.33,20.415384615384614,435.7486841538461
10.806947,9357.142857142859,5028.571428571428,12828.57142857143,12457.142857142857,7114.285714285715,86.61344544917374,77.05939665043908,-66.09724531775623,9.89,3.52,22.7,13.86923076923077,435.0872447692308
10.826963,9289.285714285716,4971.428571428572,12828.57142857143,12142.857142857143,7214.285714285715,86.63907298568401,77.2271892131762,-66.3011916030439,9.89,3.6999999999999997,22.51,24.16923076923077,435.3708484615385
10.84698,9253.571428571428,5200.0,12914.285714285714,11514.285714285714,7385.714285714285,86.66802723154476,77.6767300328895,-66.77671724552468,9.89,3.7899999999999996,22.77,12.907692307692308,435.27525830769235
10.866996,9307.142857142857,5271.428571428572,12985.714285714286,11585.714285714286,7385.714285714285,86.69191530914463,77.76388482017761,-66.87914759380921,9.97,3.6999999999999997,22.92,33.33076923076923,432.8534926153846
10.887012,9410.714285714286,5385.714285714285,12757.142857142857,11900.0,7600.0,86.71283431518529,77.62539767098829,-66.75724785901444,9.97,3.6999999999999997,22.88,15.107692307692307,428.43856753846154
10.907029,9385.714285714286,5400.0,12757.142857142857,11971.42857142857,7414.285714285715,86.73854779572231,77.86374135517097,-67.03115433499379,9.97,3.61,22.16,17.123076923076923,424.56287092307696
10.927045,9267.857142857143,5571.428571428572,12800.0,11185.714285714286,7514.285714285715,86.77070577885458,78.68173949593768,-67.88130514243727,9.97,3.61,23.07,25.869230769230768,424.95224076923074
10.947062,9439.285714285716,5685.714285714285,12985.714285714286,11371.42857142857,7714.285714285715,86.79720475846052,79.07765093506322,-68.28757775852213,9.97,3.8699999999999997,22.18,40.292307692307695,428.73563215384615
10.967078,9467.857142857143,6057.142857142857,12357.142857142857,11742.857142857143,7714.285714285715,86.81904994715045,79.06387383819454,-68.2834862725932,9.94,3.7899999999999996,22.29,18.584615384615386,429.44268600000004
10.987094,9417.857142857143,5985.714285714285,12385.714285714286,11485.714285714286,7814.285714285715,86.84333497598888,79.26408672575158,-68.5240092721558,9.94,3.7899999999999996,22.0,19.046153846153846,429.1552912307692
11.00711,9507.142857142857,6357.142857142857,12142.857142857143,11714.285714285714,7814.285714285715,86.87167121104994,79.9019690762778,-69.19454710862856,9.94,3.7899999999999996,23.15,14.461538461538462,428.24912553846156
11.027127,9367.857142857143,6614.285714285715,12285.714285714286,10628.57142857143,7942.857142857143,86.89959691344062,80.56867635197295,-69.89386244171638,9.94,3.7899999999999996,22.93,14.646153846153846,428.623878
11.047143,9432.142857142857,6842.857142857143,11971.42857142857,11042.857142857143,7871.428571428572,86.9244087744012,80.96970030925803,-70.31431179347445,9.94,3.7899999999999996,23.02,19.046153846153846,428.81522938461535
11.067159,9410.714285714286,6871.428571428572,11371.42857142857,11457.142857142857,7942.857142857143,86.95116137662362,81.62461136777765,-71.0326799387435,9.93,3.7899999999999996,22.2,20.46153846153846,426.1414189230769
11.087176,9496.428571428572,7000.0,11971.42857142857,10742.857142857143,8271.42857142857,86.98010150938583,82.71090084287896,-72.17900254265786,9.93,3.7899999999999996,22.9,18.630769230769232,425.30202046153846
11.107193,9432.142857142857,6700.0,12285.714285714286,10185.714285714286,8557.142857142857,87.0055679614897,83.45883394414616,-72.97432260594233,9.93,3.61,21.96,33.146153846153844,424.059886
11.127209,9485.714285714284,7257.142857142857,11871.42857142857,10157.142857142857,8657.142857142857,87.02927526144511,84.07414329111764,-73.61389570723593,9.93,3.8699999999999997,21.53,30.215384615384615,421.63889769230764
11.147225,9485.714285714284,7114.285714285715,11400.0,10771.42857142857,8657.142857142857,87.0515011596821,84.49087354843252,-74.07047670732389,9.93,3.52,22.96,8.515384615384615,421.3400358461538
11.167241,9489.285714285714,7357.142857142857,11585.714285714286,10428.57142857143,8585.714285714286,87.07534204167028,85.33618993220037,-74.99382927928404,9.88,3.6999999999999997,23.04,20.053846153846155,421.0659643076923
11.187258,9392.857142857143,7485.714285714285,11100.0,10014.285714285714,8971.42857142857,87.09832751670606,86.26821886521958,-75.96528853033145,9.88,3.6999999999999997,22.7,12.315384615384616,422.04423692307694
11.207274,9517.857142857141,7385.714285714285,11400.0,10371.42857142857,8914.285714285714,87.11961498188849,86.95301446022391,-76.68924072671103,9.88,3.6999999999999997,23.03,15.607692307692307,425.64086307692304
11.22729,9589.285714285714,7657.142857142857,11157.142857142857,10500.0,9042.857142857143,87.14061974357875,87.85102732060507,-77.62693786869605,9.88,3.6999999999999997,22.99,16.753846153846155,424.66468646153845
11.247307,9460.714285714286,7600.0,10628.57142857143,10685.714285714286,8928.57142857143,87.16066799268143,88.72137671950775,-78.55512997675712,9.88,3.6999999999999997,23.25,18.446153846153845,419.87759107692307
11.267323,9385.714285714286,7514.285714285715,10928.57142857143,9900.0,9200.0,87.1798452336829,89.84327240765167,-79.73540803342658,9.86,3.61,22.38,13.86923076923077,419.40413938461535
11.287339,9489.285714285714,7414.285714285715,11400.0,10042.857142857143,9100.0,87.19781223942138,90.74216187359903,-80.67425500395406,9.86,3.61,23.15,25.03846153846154,419.5762036923077
11.307356,9471.42857142857,7571.428571428572,11071.42857142857,10085.714285714286,9157.142857142857,87.21504662597721,91.46968404353416,-81.44704511711465,9.86,3.6999999999999997,22.8,23.253846153846155,420.5331718461538
11.327372,9446.42857142857,7385.714285714285,11042.857142857143,10357.142857142857,9000.0,87.23160565753729,92.15381014690801,-82.19973656369113,9.86,3.6999999999999997,22.97,14.461538461538462,421.63113938461544
11.347388,9464.285714285714,7442.857142857143,11071.42857142857,10371.42857142857,8971.42857142857,87.24745661294048,92.69380381862418,-82.90536531383785,9.86,3.43,22.36,22.023076923076925,422.40527815384615
11.367405,9460.714285714286,7600.0,11371.42857142857,9871.42857142857,9000.0,87.26311462083672,93.08502817914093,-83.37035866511594,9.99,3.61,23.08,10.161538461538461,423.10429200000004
11.387421,9446.428571428572,7628.571428571428,11342.857142857143,10085.714285714286,8728.57142857143,87.27770910296043,93.70617228573433,-84.04088617084906,9.99,3.61,22.22,14.376923076923077,423.5999881538462
11.407437,9475.0,7657.142857142857,10871.42857142857,10742.857142857143,8628.57142857143,87.29010481811876,94.72389262051254,-85.14024694807715,9.99,3.8699999999999997,22.76,13.961538461538462,421.4368735384615
11.427454,9478.571428571428,7571.428571428572,11671.42857142857,10114.285714285714,8557.142857142857,87.30155682113858,95.72106679566188,-86.1999774190311,9.99,3.43,22.57,11.715384615384615,418.7308852307692
11.44747,9421.428571428572,7414.285714285715,11400.0,10085.714285714286,8785.714285714286,87.31228702320223,96.62242533072032,-87.18735414876589,9.99,3.43,22.11,29.392307692307693,419.43402276923075
11.467486,9482.142857142859,7357.142857142857,11314.285714285714,10471.42857142857,8785.714285714286,87.32463563632635,97.13619429212532,-87.737041888511,9.92,3.52,22.53,23.3,420.7620332307692
11.487503,9442.857142857141,7100.0,11557.142857142857,10400.0,8714.285714285714,87.337616912471,97.42951413088981,-88.11135370809258,9.92,3.52,23.19,12.13076923076923,421.6320304615385
11.507519,9464.285714285714,7242.857142857143,11614.285714285714,10128.57142857143,8871.42857142857,87.35034819169867,97.73464553461409,-88.46549062021171,9.92,3.8699999999999997,22.81,8.423076923076923,422.8640013846154
11.527535,9478.57142857143,7314.285714285715,11642.857142857143,10328.57142857143,8628.57142857143,87.36041304084667,98.38469591643646,-89.18437241847151,9.92,3.7899999999999996,22.91,12.815384615384616,423.6912923076923
11.547552,9478.57142857143,7357.142857142857,11485.714285714286,10528.57142857143,8542.857142857143,87.37393534550291,98.44999302301935,-89.32214501633588,9.92,3.61,22.35,19.823076923076922,424.420064
11.567568,9542.857142857143,7600.0,11400.0,10771.42857142857,8400.0,87.38549245949976,98.83569654194247,-89.7237454831661,9.89,3.61,22.28,24.815384615384616,423.27312030769235
11.587584,9567.857142857141,7542.857142857143,11614.285714285714,10900.0,8214.285714285714,87.39644499113518,99.198512193657,-90.16667011778028,9.89,3.61,22.76,12.676923076923076,419.9570415384615
11.607601,9542.857142857143,7571.428571428572,11400.0,10985.714285714286,8214.285714285714,87.40881682998233,99.44914473415373,-90.38852629567893,9.89,3.6999999999999997,22.78,9.246153846153845,420.80900799999995
11.627617,9564.285714285714,7357.142857142857,11514.285714285714,11014.285714285714,8371.42857142857,87.42225444920648,99.41258883188235,-90.46041982240342,9.89,3.61,22.26,14.423076923076923,423.0531653846154
11.647633,9610.714285714286,7171.428571428572,11557.142857142857,11271.42857142857,8442.857142857143,87.43805155545157,99.09592648436484,-90.15640052534228,9.89,3.61,21.61,24.076923076923077,426.94384846153844
11.667649,9739.285714285714,7071.428571428572,12071.42857142857,11271.42857142857,8542.857142857143,87.45544254944508,98.47582815515153,-89.60261143576979,9.95,3.61,21.12,46.746153846153845,427.35759184615387
11.687666,9632.142857142857,6785.714285714285,12142.857142857143,11128.57142857143,8471.42857142857,87.4702379415709,98.17341973082492,-89.35851619913633,9.95,3.61,21.67,25.0,427.07620523076923
11.707682,9671.42857142857,6628.571428571428,12285.714285714286,11314.285714285714,8457.142857142857,87.48507553688465,97.84319854429563,-89.07907901315511,9.95,3.7899999999999996,21.79,31.546153846153846,426.1925876923077
11.727698,9557.142857142857,6271.428571428572,12428.57142857143,11128.57142857143,8400.0,87.50164083497761,97.13547939250067,-88.42616214733958,9.95,3.7899999999999996,22.11,17.76153846153846,424.8471415384615
11.747714,9550.0,6142.857142857143,12571.42857142857,11271.42857142857,8214.285714285714,87.51963920089308,96.02194858517069,-87.36241053635548,9.95,3.61,22.36,11.623076923076923,424.40327230769225
11.76773,9567.857142857141,6042.857142857143,12714.285714285714,11428.57142857143,8085.714285714285,87.5336862407474,95.55271427635955,-86.97100802850468,9.91,3.61,22.51,10.892307692307693,424.01880476923077
11.787747,9532.142857142857,5985.714285714285,12600.0,11671.42857142857,7871.428571428572,87.54810763979386,94.96753145065574,-86.41757401940646,9.91,3.61,22.89,15.107692307692307,424.4937198461538
11.807763,9442.857142857143,5985.714285714285,12357.142857142857,11514.285714285714,7914.285714285715,87.5628328016379,94.06283604720433,-85.60310662504027,9.91,3.7899999999999996,22.53,16.56923076923077,426.215712
11.82778,9478.571428571428,5971.428571428572,12571.42857142857,11614.285714285714,7757.142857142857,87.57695228393001,93.18678638877142,-84.74422022658293,9.91,3.61,23.43,17.307692307692307,427.4993867692308
11.847796,9407.142857142857,5842.857142857143,12457.142857142857,11671.42857142857,7657.142857142857,87.59020873668165,92.30155203255784,-83.94999583373782,9.91,3.3399999999999994,22.67,14.007692307692308,426.80805969230767
11.867812,9432.142857142857,5957.142857142857,12142.857142857143,11942.857142857143,7685.714285714285,87.60295939839389,91.26080286486219,-82.91908404054487,9.86,3.61,22.92,7.869230769230769,425.63294984615385
11.887828,9496.428571428572,5900.0,12242.857142857143,11871.42857142857,7971.428571428572,87.6148448493492,89.77338759458601,-81.51544844915676,9.86,3.61,22.77,14.923076923076923,423.36102846153847
11.907844,9607.142857142859,6042.857142857143,12500.0,11642.857142857143,8242.857142857143,87.62509200205871,88.49090822848409,-80.26935109568926,9.86,3.6999999999999997,22.39,14.6,424.6827158461538
11.927861,9671.42857142857,6157.142857142857,12571.42857142857,11514.285714285714,8442.857142857143,87.63314032372715,86.71807535864673,-78.56358787215648,9.86,3.52,22.15,38.46153846153846,425.199836
11.947878,9589.285714285714,6042.857142857143,12428.57142857143,11428.57142857143,8457.142857142857,87.63735377544589,84.60098171551755,-76.49940810472954,9.86,3.61,22.57,16.615384615384617,423.23548015384614
11.967893,9500.0,6171.428571428572,12214.285714285714,11214.285714285714,8400.0,87.63996959344503,82.78852024818869,-74.71951847704631,10.03,3.43,22.92,11.169230769230769,422.1052458461539
11.987909,9642.857142857143,6457.142857142857,12042.857142857143,11271.42857142857,8800.0,87.64612223777573,81.8902989572035,-73.9578291630861,10.03,3.43,22.79,10.161538461538461,424.8936869230769
12.007926,9610.714285714286,6914.285714285715,11871.42857142857,11071.42857142857,8585.714285714286,87.64814436862419,80.59068084165155,-72.65365375803412,10.03,3.52,22.65,19.546153846153846,424.98012753846155
12.027942,9578.571428571428,7114.285714285715,11614.285714285714,11014.285714285714,8571.42857142857,87.64521799026697,78.76474213603049,-70.90460140600509,10.03,3.6999999999999997,22.58,26.184615384615384,425.5502284615385
12.047958,9742.857142857143,7442.857142857143,12000.0,11157.142857142857,8371.42857142857,87.64995779792487,78.10865884266696,-70.26918455743026,10.03,3.3399999999999994,22.4,22.615384615384617,425.42323061538457
12.067975,9657.142857142857,7628.571428571428,11514.285714285714,10928.57142857143,8557.142857142857,87.65379269531124,77.33015184657148,-69.581636523389,9.95,3.52,23.1,13.592307692307692,424.90641230769234
12.087991,9507.142857142857,7657.142857142857,11242.857142857143,10685.714285714286,8442.857142857143,87.65463654728684,76.37364272586467,-68.6505552091583,9.95,3.52,22.89,10.661538461538461,424.9186264615385
12.108007,9478.57142857143,7757.142857142857,10985.714285714286,10471.42857142857,8700.0,87.65877887958766,75.74801533637346,-68.10600848216215,9.95,3.43,22.96,9.246153846153845,424.2439956923077
12.128023,9542.857142857141,8057.142857142857,10871.42857142857,10357.142857142857,8885.714285714286,87.66577263511479,75.4981424948171,-67.86967453549627,9.95,3.1699999999999995,22.82,6.861538461538461,422.19585723076926
12.14804,9564.285714285714,8114.285714285715,10900.0,10185.714285714286,9057.142857142857,87.67207239034208,75.12080115264985,-67.57733494199361,9.95,3.43,22.29,14.238461538461538,423.90245015384613
12.168056,9578.571428571428,8242.857142857143,10957.142857142857,9800.0,9314.285714285714,87.67708751710686,74.69890830891298,-67.20027193785496,9.95,3.7899999999999996,22.01,19.138461538461538,425.9432763076924
12.188072,9589.285714285714,8400.0,10828.57142857143,9585.714285714286,9542.857142857143,87.68400371854896,74.45360309312272,-67.00490384629629,9.95,3.7899999999999996,21.92,32.55384615384615,425.6085186153846
12.208088,9553.571428571428,8585.714285714286,10800.0,9371.42857142857,9457.142857142857,87.68777134023738,73.98299467047923,-66.55628252293884,9.95,3.7899999999999996,22.3,29.06923076923077,426.522642
12.228105,9614.285714285714,8885.714285714286,10371.42857142857,9614.285714285714,9585.714285714286,87.69434573809062,73.7478362649752,-66.36161300538605,9.95,3.1699999999999995,22.68,15.423076923076923,427.46531076923077
12.248121,9446.428571428572,8600.0,10471.42857142857,9100.0,9614.285714285714,87.6998709885086,73.41922313354061,-66.09932206997834,9.95,3.52,23.32,13.73076923076923,428.5192532307692
12.268137,9510.714285714284,8642.857142857143,10771.42857142857,8971.42857142857,9657.142857142857,87.70608696433861,73.19746786739177,-65.90337251658148,10.06,3.6999999999999997,23.41,16.346153846153847,429.22049599999997
12.288153,9614.285714285714,8885.714285714286,10614.285714285714,9242.857142857143,9714.285714285714,87.71242751327475,72.97497347674583,-65.73240742329007,10.06,3.6999999999999997,23.12,17.123076923076923,429.56751199999997
12.30817,9489.285714285714,8842.857142857143,10042.857142857143,9614.285714285714,9457.142857142857,87.7226725960946,73.13023073055095,-65.89067101334405,10.06,3.6999999999999997,23.19,18.26923076923077,428.80771769230773
12.328186,9592.857142857143,8785.714285714286,10371.42857142857,9671.42857142857,9542.857142857143,87.72149156738075,72.30467078196175,-65.12823944673039,10.06,3.43,21.67,20.415384615384614,430.2916549230769
12.348202,9450.0,8785.714285714286,10357.142857142857,9200.0,9457.142857142857,87.71989268737815,71.53423814686899,-64.37206176486679,10.06,3.43,22.76,13.23076923076923,430.3868709230769
12.368218,9542.857142857143,8571.42857142857,10771.42857142857,9457.142857142857,9371.42857142857,87.719439631669,70.86877470084515,-63.73369866415092,10.0,3.61,22.12,23.53076923076923,430.76274907692306
12.388234,9585.714285714286,8871.42857142857,10500.0,9628.57142857143,9342.857142857143,87.71515320867273,70.00396298673297,-62.85558723946398,10.0,3.61,22.56,13.415384615384616,431.57976446153845
12.40825,9535.714285714286,8585.714285714286,10400.0,9857.142857142857,9300.0,87.71817499823513,69.60532700853724,-62.50613420342728,10.0,3.61,22.68,15.061538461538461,432.1669924615385
12.428267,9489.285714285714,8242.857142857143,10714.285714285714,9457.142857142857,9542.857142857143,87.72156057037243,69.24628076902479,-62.19272114119118,10.0,3.1699999999999995,23.04,17.484615384615385,432.9983973846154
12.448283,9467.857142857143,7971.428571428572,11400.0,9357.142857142857,9142.857142857143,87.72513733278241,68.93386354200538,-61.90306856496304,10.0,3.3399999999999994,22.38,28.846153846153847,432.33320199999997
12.468299,9464.285714285714,7942.857142857143,11014.285714285714,9757.142857142857,9142.857142857143,87.71900812194974,68.02819615376755,-61.00687582394243,10.02,3.61,22.12,19.046153846153846,429.78253784615384
12.488315,9432.142857142857,7842.857142857143,10614.285714285714,10428.57142857143,8842.857142857143,87.71342440438312,67.1784804596137,-60.18594426351271,10.02,3.61,21.93,18.676923076923078,429.7745083076923
12.508332,9417.857142857143,7628.571428571428,10842.857142857143,10528.57142857143,8671.42857142857,87.71178946688939,66.57044454953808,-59.62853004470316,10.02,3.61,22.57,23.66923076923077,431.1602992307692
12.528348,9439.285714285714,7514.285714285715,11214.285714285714,10185.714285714286,8842.857142857143,87.69740988665656,65.31672359275248,-58.38518402375772,10.02,3.3399999999999994,22.7,15.061538461538461,432.13542276923073
12.548364,9360.714285714286,7285.714285714285,11428.57142857143,10328.57142857143,8400.0,87.68893497466233,64.46343441779331,-57.519533104714526,10.02,3.43,22.23,26.046153846153846,432.4897698461539
12.56838,9439.285714285714,7342.857142857143,11157.142857142857,10842.857142857143,8414.285714285714,87.65382244513562,62.35835331565031,-55.40130169845936,10.12,3.43,22.51,14.830769230769231,432.52467215384615
12.588396,9400.0,7100.0,11371.42857142857,11042.857142857143,8085.714285714285,87.64198550400275,61.40819999953736,-54.49371451184959,10.12,3.43,22.86,30.076923076923077,432.42029984615385
12.608412,9242.857142857143,6985.714285714285,11485.714285714286,10228.57142857143,8271.42857142857,87.63101136265124,60.535555779866215,-53.66079435123652,10.12,3.61,22.64,15.292307692307693,433.4190013846154
12.628429,9432.142857142857,6885.714285714285,12042.857142857143,10328.57142857143,8471.42857142857,87.62190551537387,59.780475505794115,-52.9383523435791,10.12,3.7899999999999996,21.18,43.95384615384615,434.32085123076916
12.648445,9407.142857142857,6871.428571428572,11714.285714285714,10771.42857142857,8271.42857142857,87.60058801145433,58.60181888273983,-51.758565383869275,10.12,3.7899999999999996,22.16,18.307692307692307,435.0318103076923
12.668461,9392.857142857143,6671.428571428572,11585.714285714286,11014.285714285714,8300.0,87.57683936110436,57.35821009650135,-50.5502478798043,9.8,3.7899999999999996,23.4,17.484615384615385,434.46526630769233
12.688477,9578.571428571428,6785.714285714285,12171.42857142857,10985.714285714286,8371.42857142857,87.56506042688837,56.566304230373134,-49.83141495611389,9.8,3.7899999999999996,22.58,15.2,429.70303461538464
12.708494,9425.0,6657.142857142857,12142.857142857143,10328.57142857143,8571.42857142857,87.53253201509229,55.14239725037263,-48.43393658785005,9.8,3.6999999999999997,22.94,16.661538461538463,426.9424055384615
12.72851,9442.857142857143,6528.571428571428,12171.42857142857,10528.57142857143,8542.857142857143,87.49870199550891,53.76784673053322,-47.08181465682921,9.8,3.6999999999999997,23.08,21.376923076923077,425.3240333846154
12.748526,9578.571428571428,6571.428571428572,11971.42857142857,10900.0,8871.42857142857,87.4745138341606,52.76127120796744,-46.097508250400224,9.8,3.7899999999999996,23.0,16.161538461538463,427.20187138461534
12.768542,9657.142857142857,6457.142857142857,12357.142857142857,10500.0,9314.285714285714,87.44587266488557,51.63913911804053,-45.02919761085212,10.07,3.6999999999999997,22.23,16.346153846153847,428.41308892307694
12.788558,9642.857142857143,6285.714285714285,12714.285714285714,10371.42857142857,9200.0,87.40830181677354,50.3446434624155,-43.772767053263166,10.07,3.6999999999999997,23.49,21.7,429.8863912307693
12.808574,9632.142857142857,6342.857142857143,12357.142857142857,10457.142857142857,9371.42857142857,87.35240456708867,48.68017443712747,-42.13126390729722,10.07,3.61,21.96,30.26153846153846,433.28529246153846
12.828591,9717.857142857141,6371.428571428572,12171.42857142857,11214.285714285714,9114.285714285714,87.30851140166055,47.400716661812645,-40.88778991570142,10.07,3.7899999999999996,22.74,14.96923076923077,437.57554923076924
12.848606,9678.571428571428,6571.428571428572,12214.285714285714,11071.42857142857,8857.142857142857,87.26458920869082,46.17727552244134,-39.715225198098565,10.07,3.43,22.45,19.0,438.65975630769225
12.868623,9660.714285714286,6671.428571428572,12242.857142857143,10685.714285714286,9042.857142857143,87.22720640550769,45.16524688210802,-38.742274358119325,10.21,3.61,22.79,11.9,440.69762153846153
12.888639,9700.0,6957.142857142857,12385.714285714286,10800.0,8657.142857142857,87.18433129836696,44.108658727499254,-37.70574889645947,10.21,3.61,22.18,23.3,442.19886446153845
12.908655,9825.0,7285.714285714285,11942.857142857143,11557.142857142857,8514.285714285714,87.14578978282323,43.16643496142511,-36.802587759689445,10.21,3.3399999999999994,22.65,20.00769230769231,443.30888553846154
12.928671,9814.285714285714,7042.857142857143,11971.42857142857,11671.42857142857,8571.42857142857,87.10988060821089,42.30390745449758,-35.98715444337222,10.21,3.1699999999999995,21.44,28.70769230769231,441.7730012307692
12.948687,9635.714285714286,7028.571428571428,12142.857142857143,10828.57142857143,8542.857142857143,87.08154590113011,41.6051727432589,-35.336066601717874,10.21,3.7899999999999996,23.11,16.20769230769231,438.4875947692307
12.968704,9721.42857142857,7185.714285714285,12171.42857142857,11157.142857142857,8371.42857142857,87.04701124450808,40.841335851742535,-34.60303522856054,9.99,3.3399999999999994,21.13,43.08461538461538,439.44030092307685
12.98872,9664.285714285714,7171.428571428572,11742.857142857143,11400.0,8342.857142857143,87.01731297980099,40.178541449516075,-33.976708257235416,9.99,3.3399999999999994,22.2,16.753846153846155,441.7178196923077
