elapsed time,timestamp,topic,value
0,10.500000000,/angrybird/agiros_pilot/command.collective_thrust,9.336070541487183
0.005,10.505000000,/angrybird/agiros_pilot/command.collective_thrust,9.336110153881583
0.005,10.505000000,/angrybird/agiros_pilot/command.collective_thrust,9.336110153881583
0.01,10.510000000,/angrybird/agiros_pilot/command.collective_thrust,9.336110153881583
0.015000000000000001,10.515000000,/angrybird/agiros_pilot/command.collective_thrust,9.336152275827843
0.015000000000000001,10.515000000,/angrybird/agiros_pilot/command.collective_thrust,9.336152275827843
0.02,10.520000000,/angrybird/agiros_pilot/command.collective_thrust,9.336152275827843
0.025,10.525000000,/angrybird/agiros_pilot/command.collective_thrust,9.336195783906664
0.025,10.525000000,/angrybird/agiros_pilot/command.collective_thrust,9.336195783906664
0.030000000000000002,10.530000000,/angrybird/agiros_pilot/command.collective_thrust,9.336195783906664
0.035,10.535000000,/angrybird/agiros_pilot/command.collective_thrust,9.336240287291423
0.035,10.535000000,/angrybird/agiros_pilot/command.collective_thrust,9.336240287291423
0.04,10.540000000,/angrybird/agiros_pilot/command.collective_thrust,9.336240287291423
0.045000000000000005,10.545000000,/angrybird/agiros_pilot/command.collective_thrust,9.336286410674433
0.045000000000000005,10.545000000,/angrybird/agiros_pilot/command.collective_thrust,9.336286410674433
0.05,10.550000000,/angrybird/agiros_pilot/command.collective_thrust,9.336286410674433
0.055,10.555000000,/angrybird/agiros_pilot/command.collective_thrust,9.336335660452217
0.055,10.555000000,/angrybird/agiros_pilot/command.collective_thrust,9.336335660452217
0.060000000000000005,10.560000000,/angrybird/agiros_pilot/command.collective_thrust,9.336363132781093
0.060000000000000005,10.560000000,/angrybird/agiros_pilot/command.collective_thrust,9.336335660452217
0.065,10.565000000,/angrybird/agiros_pilot/command.collective_thrust,9.336363132781093
0.07,10.570000000,/angrybird/agiros_pilot/command.collective_thrust,9.336363132781093
0.07,10.570000000,/angrybird/agiros_pilot/command.collective_thrust,9.336419719047885
0.07500000000000001,10.575000000,/angrybird/agiros_pilot/command.collective_thrust,9.336419719047885
0.08,10.580000000,/angrybird/agiros_pilot/command.collective_thrust,9.336419719047885
0.08,10.580000000,/angrybird/agiros_pilot/command.collective_thrust,9.336485418284868
0.085,10.585000000,/angrybird/agiros_pilot/command.collective_thrust,9.336485418284868
0.09000000000000001,10.590000000,/angrybird/agiros_pilot/command.collective_thrust,9.336560095104119
0.09000000000000001,10.590000000,/angrybird/agiros_pilot/command.collective_thrust,9.336485418284868
0.095,10.595000000,/angrybird/agiros_pilot/command.collective_thrust,9.336560095104119
0.1,10.600000000,/angrybird/agiros_pilot/command.collective_thrust,9.336645072539131
0.1,10.600000000,/angrybird/agiros_pilot/command.collective_thrust,9.336560095104119
0.10500000000000001,10.605000000,/angrybird/agiros_pilot/command.collective_thrust,9.336645072539131
0.11,10.610000000,/angrybird/agiros_pilot/command.collective_thrust,9.336645072539131
0.11,10.610000000,/angrybird/agiros_pilot/command.collective_thrust,9.33674115099509
0.115,10.615000000,/angrybird/agiros_pilot/command.collective_thrust,9.33674115099509
0.12000000000000001,10.620000000,/angrybird/agiros_pilot/command.collective_thrust,9.33684869002707
0.12000000000000001,10.620000000,/angrybird/agiros_pilot/command.collective_thrust,9.33674115099509
0.125,10.625000000,/angrybird/agiros_pilot/command.collective_thrust,9.33684869002707
0.13,10.630000000,/angrybird/agiros_pilot/command.collective_thrust,9.336967946859932
0.13,10.630000000,/angrybird/agiros_pilot/command.collective_thrust,9.33684869002707
0.135,10.635000000,/angrybird/agiros_pilot/command.collective_thrust,9.336967946859932
0.14,10.640000000,/angrybird/agiros_pilot/command.collective_thrust,9.336967946859932
0.14,10.640000000,/angrybird/agiros_pilot/command.collective_thrust,9.337099279799464
0.14500000000000002,10.645000000,/angrybird/agiros_pilot/command.collective_thrust,9.337099279799464
0.15000000000000002,10.650000000,/angrybird/agiros_pilot/command.collective_thrust,9.337099279799464
0.15000000000000002,10.650000000,/angrybird/agiros_pilot/command.collective_thrust,9.337243268788177
0.155,10.655000000,/angrybird/agiros_pilot/command.collective_thrust,9.337243268788177
0.16,10.660000000,/angrybird/agiros_pilot/command.collective_thrust,9.337400741519849
0.16,10.660000000,/angrybird/agiros_pilot/command.collective_thrust,9.337243268788177
0.165,10.665000000,/angrybird/agiros_pilot/command.collective_thrust,9.337400741519849
0.17,10.670000000,/angrybird/agiros_pilot/command.collective_thrust,9.337572718738002
0.17,10.670000000,/angrybird/agiros_pilot/command.collective_thrust,9.337400741519849
0.17500000000000002,10.675000000,/angrybird/agiros_pilot/command.collective_thrust,9.337572718738002
0.18000000000000002,10.680000000,/angrybird/agiros_pilot/command.collective_thrust,9.337572718738002
0.18000000000000002,10.680000000,/angrybird/agiros_pilot/command.collective_thrust,9.337760315724262
0.185,10.685000000,/angrybird/agiros_pilot/command.collective_thrust,9.337760315724262
0.19,10.690000000,/angrybird/agiros_pilot/command.collective_thrust,9.33796464143135
0.19,10.690000000,/angrybird/agiros_pilot/command.collective_thrust,9.337760315724262
0.195,10.695000000,/angrybird/agiros_pilot/command.collective_thrust,9.33796464143135
0.2,10.700000000,/angrybird/agiros_pilot/command.collective_thrust,9.33818672631333
0.2,10.700000000,/angrybird/agiros_pilot/command.collective_thrust,9.33796464143135
0.20500000000000002,10.705000000,/angrybird/agiros_pilot/command.collective_thrust,9.33818672631333
0.21000000000000002,10.710000000,/angrybird/agiros_pilot/command.collective_thrust,9.338427492644538
0.21000000000000002,10.710000000,/angrybird/agiros_pilot/command.collective_thrust,9.33818672631333
0.21500000000000002,10.715000000,/angrybird/agiros_pilot/command.collective_thrust,9.338427492644538
0.22,10.720000000,/angrybird/agiros_pilot/command.collective_thrust,9.338427492644538
0.22,10.720000000,/angrybird/agiros_pilot/command.collective_thrust,9.338687764787332
0.225,10.725000000,/angrybird/agiros_pilot/command.collective_thrust,9.338687764787332
0.225,10.725000000,/angrybird/agiros_pilot/command.collective_thrust,9.338687764787332
0.23,10.730000000,/angrybird/agiros_pilot/command.collective_thrust,9.338968305959025
0.23500000000000001,10.735000000,/angrybird/agiros_pilot/command.collective_thrust,9.338968305959025
0.23500000000000001,10.735000000,/angrybird/agiros_pilot/command.collective_thrust,9.338968305959025
0.24000000000000002,10.740000000,/angrybird/agiros_pilot/command.collective_thrust,9.339269863835352
0.24500000000000002,10.745000000,/angrybird/agiros_pilot/command.collective_thrust,9.339269863835352
0.24500000000000002,10.745000000,/angrybird/agiros_pilot/command.collective_thrust,9.339269863835352
0.25,10.750000000,/angrybird/agiros_pilot/command.collective_thrust,9.339593209105846
0.255,10.755000000,/angrybird/agiros_pilot/command.collective_thrust,9.339593209105846
0.255,10.755000000,/angrybird/agiros_pilot/command.collective_thrust,9.339593209105846
0.26,10.760000000,/angrybird/agiros_pilot/command.collective_thrust,9.339939157002485
0.265,10.765000000,/angrybird/agiros_pilot/command.collective_thrust,9.339939157002485
0.265,10.765000000,/angrybird/agiros_pilot/command.collective_thrust,9.339939157002485
0.27,10.770000000,/angrybird/agiros_pilot/command.collective_thrust,9.34030856931814
0.275,10.775000000,/angrybird/agiros_pilot/command.collective_thrust,9.34030856931814
0.275,10.775000000,/angrybird/agiros_pilot/command.collective_thrust,9.34030856931814
0.28,10.780000000,/angrybird/agiros_pilot/command.collective_thrust,9.340702340931518
0.28500000000000003,10.785000000,/angrybird/agiros_pilot/command.collective_thrust,9.340702340931518
0.28500000000000003,10.785000000,/angrybird/agiros_pilot/command.collective_thrust,9.340702340931518
0.29000000000000004,10.790000000,/angrybird/agiros_pilot/command.collective_thrust,9.341121378550827
0.29500000000000004,10.795000000,/angrybird/agiros_pilot/command.collective_thrust,9.341121378550827
0.29500000000000004,10.795000000,/angrybird/agiros_pilot/command.collective_thrust,9.341121378550827
0.30000000000000004,10.800000000,/angrybird/agiros_pilot/command.collective_thrust,9.341566579774902
0.305,10.805000000,/angrybird/agiros_pilot/command.collective_thrust,9.341566579774902
0.305,10.805000000,/angrybird/agiros_pilot/command.collective_thrust,9.341566579774902
0.31,10.810000000,/angrybird/agiros_pilot/command.collective_thrust,9.342038818374139
0.315,10.815000000,/angrybird/agiros_pilot/command.collective_thrust,9.342038818374139
0.315,10.815000000,/angrybird/agiros_pilot/command.collective_thrust,9.342038818374139
0.32,10.820000000,/angrybird/agiros_pilot/command.collective_thrust,9.342538938290756
0.325,10.825000000,/angrybird/agiros_pilot/command.collective_thrust,9.342538938290756
0.325,10.825000000,/angrybird/agiros_pilot/command.collective_thrust,9.342538938290756
0.33,10.830000000,/angrybird/agiros_pilot/command.collective_thrust,9.343067755615778
0.335,10.835000000,/angrybird/agiros_pilot/command.collective_thrust,9.343067755615778
0.335,10.835000000,/angrybird/agiros_pilot/command.collective_thrust,9.343067755615778
0.34,10.840000000,/angrybird/agiros_pilot/command.collective_thrust,9.343626065638778
0.34500000000000003,10.845000000,/angrybird/agiros_pilot/command.collective_thrust,9.343626065638778
0.34500000000000003,10.845000000,/angrybird/agiros_pilot/command.collective_thrust,9.343626065638778
0.35000000000000003,10.850000000,/angrybird/agiros_pilot/command.collective_thrust,9.344214651326656
0.35500000000000004,10.855000000,/angrybird/agiros_pilot/command.collective_thrust,9.344214651326656
0.35500000000000004,10.855000000,/angrybird/agiros_pilot/command.collective_thrust,9.344214651326656
0.36000000000000004,10.860000000,/angrybird/agiros_pilot/command.collective_thrust,9.34483429011206
0.36500000000000005,10.865000000,/angrybird/agiros_pilot/command.collective_thrust,9.34483429011206
0.36500000000000005,10.865000000,/angrybird/agiros_pilot/command.collective_thrust,9.34483429011206
0.37,10.870000000,/angrybird/agiros_pilot/command.collective_thrust,9.345485757185466
0.375,10.875000000,/angrybird/agiros_pilot/command.collective_thrust,9.345485757185466
0.375,10.875000000,/angrybird/agiros_pilot/command.collective_thrust,9.345485757185466
0.38,10.880000000,/angrybird/agiros_pilot/command.collective_thrust,9.346169824998912
0.385,10.885000000,/angrybird/agiros_pilot/command.collective_thrust,9.346169824998912
0.385,10.885000000,/angrybird/agiros_pilot/command.collective_thrust,9.346169824998912
0.39,10.890000000,/angrybird/agiros_pilot/command.collective_thrust,9.346887259904259
0.39,10.890000000,/angrybird/agiros_pilot/command.collective_thrust,9.346887259904259
0.395,10.895000000,/angrybird/agiros_pilot/command.collective_thrust,9.346887259904259
0.4,10.900000000,/angrybird/agiros_pilot/command.collective_thrust,9.347638817470786
0.4,10.900000000,/angrybird/agiros_pilot/command.collective_thrust,9.347638817470786
0.405,10.905000000,/angrybird/agiros_pilot/command.collective_thrust,9.347638817470786
0.41000000000000003,10.910000000,/angrybird/agiros_pilot/command.collective_thrust,9.348425238023692
0.41000000000000003,10.910000000,/angrybird/agiros_pilot/command.collective_thrust,9.348425238023692
0.41500000000000004,10.915000000,/angrybird/agiros_pilot/command.collective_thrust,9.348425238023692
0.42000000000000004,10.920000000,/angrybird/agiros_pilot/command.collective_thrust,9.349247243478526
0.42000000000000004,10.920000000,/angrybird/agiros_pilot/command.collective_thrust,9.349247243478526
0.42500000000000004,10.925000000,/angrybird/agiros_pilot/command.collective_thrust,9.349247243478526
0.43000000000000005,10.930000000,/angrybird/agiros_pilot/command.collective_thrust,9.350105535883111
0.43000000000000005,10.930000000,/angrybird/agiros_pilot/command.collective_thrust,9.350105535883111
0.43500000000000005,10.935000000,/angrybird/agiros_pilot/command.collective_thrust,9.350105535883111
0.44,10.940000000,/angrybird/agiros_pilot/command.collective_thrust,9.351000797467915
0.44,10.940000000,/angrybird/agiros_pilot/command.collective_thrust,9.351000797467915
0.445,10.945000000,/angrybird/agiros_pilot/command.collective_thrust,9.351000797467915
0.45,10.950000000,/angrybird/agiros_pilot/command.collective_thrust,9.351933691617916
0.45,10.950000000,/angrybird/agiros_pilot/command.collective_thrust,9.351933691617916
0.455,10.955000000,/angrybird/agiros_pilot/command.collective_thrust,9.351933691617916
0.46,10.960000000,/angrybird/agiros_pilot/command.collective_thrust,9.352904864068213
0.46,10.960000000,/angrybird/agiros_pilot/command.collective_thrust,9.352904864068213
0.465,10.965000000,/angrybird/agiros_pilot/command.collective_thrust,9.352904864068213
0.47000000000000003,10.970000000,/angrybird/agiros_pilot/command.collective_thrust,9.353914943752107
0.47000000000000003,10.970000000,/angrybird/agiros_pilot/command.collective_thrust,9.353914943752107
0.47500000000000003,10.975000000,/angrybird/agiros_pilot/command.collective_thrust,9.353914943752107
0.48000000000000004,10.980000000,/angrybird/agiros_pilot/command.collective_thrust,9.354964542993315
0.48000000000000004,10.980000000,/angrybird/agiros_pilot/command.collective_thrust,9.354964542993315
0.48500000000000004,10.985000000,/angrybird/agiros_pilot/command.collective_thrust,9.354964542993315
0.49000000000000005,10.990000000,/angrybird/agiros_pilot/command.collective_thrust,9.356054257018162
0.49000000000000005,10.990000000,/angrybird/agiros_pilot/command.collective_thrust,9.356054257018162
0.49500000000000005,10.995000000,/angrybird/agiros_pilot/command.collective_thrust,9.356054257018162
0.5,11.000000000,/angrybird/agiros_pilot/command.collective_thrust,9.357184662979812
0.5,11.000000000,/angrybird/agiros_pilot/command.collective_thrust,9.357184662979812
0.505,11.005000000,/angrybird/agiros_pilot/command.collective_thrust,9.357184662979812
0.51,11.010000000,/angrybird/agiros_pilot/command.collective_thrust,9.358356318786495
0.51,11.010000000,/angrybird/agiros_pilot/command.collective_thrust,9.358356318786495
0.515,11.015000000,/angrybird/agiros_pilot/command.collective_thrust,9.358356318786495
0.52,11.020000000,/angrybird/agiros_pilot/command.collective_thrust,9.359569762012063
0.52,11.020000000,/angrybird/agiros_pilot/command.collective_thrust,9.359569762012063
0.525,11.025000000,/angrybird/agiros_pilot/command.collective_thrust,9.359569762012063
0.53,11.030000000,/angrybird/agiros_pilot/command.collective_thrust,9.360825509073317
0.53,11.030000000,/angrybird/agiros_pilot/command.collective_thrust,9.360825509073317
0.535,11.035000000,/angrybird/agiros_pilot/command.collective_thrust,9.360825509073317
0.54,11.040000000,/angrybird/agiros_pilot/command.collective_thrust,9.362124054735741
0.54,11.040000000,/angrybird/agiros_pilot/command.collective_thrust,9.362124054735741
0.545,11.045000000,/angrybird/agiros_pilot/command.collective_thrust,9.362124054735741
0.55,11.050000000,/angrybird/agiros_pilot/command.collective_thrust,9.363465871900516
0.55,11.050000000,/angrybird/agiros_pilot/command.collective_thrust,9.363465871900516
0.555,11.055000000,/angrybird/agiros_pilot/command.collective_thrust,9.364159681461862
0.555,11.055000000,/angrybird/agiros_pilot/command.collective_thrust,9.363465871900516
0.56,11.060000000,/angrybird/agiros_pilot/command.collective_thrust,9.364159681461862
0.5650000000000001,11.065000000,/angrybird/agiros_pilot/command.collective_thrust,9.365560901174979
0.5650000000000001,11.065000000,/angrybird/agiros_pilot/command.collective_thrust,9.364159681461862
0.5700000000000001,11.070000000,/angrybird/agiros_pilot/command.collective_thrust,9.365560901174979
0.5750000000000001,11.075000000,/angrybird/agiros_pilot/command.collective_thrust,9.365560901174979
0.5750000000000001,11.075000000,/angrybird/agiros_pilot/command.collective_thrust,9.367012612389257
0.5800000000000001,11.080000000,/angrybird/agiros_pilot/command.collective_thrust,9.367012612389257
0.5850000000000001,11.085000000,/angrybird/agiros_pilot/command.collective_thrust,9.367012612389257
0.5850000000000001,11.085000000,/angrybird/agiros_pilot/command.collective_thrust,9.368507532099915
0.5900000000000001,11.090000000,/angrybird/agiros_pilot/command.collective_thrust,9.368507532099915
0.5950000000000001,11.095000000,/angrybird/agiros_pilot/command.collective_thrust,9.368507532099915
0.5950000000000001,11.095000000,/angrybird/agiros_pilot/command.collective_thrust,9.370047777357337
0.6000000000000001,11.100000000,/angrybird/agiros_pilot/command.collective_thrust,9.370047777357337
0.605,11.105000000,/angrybird/agiros_pilot/command.collective_thrust,9.370047777357337
0.605,11.105000000,/angrybird/agiros_pilot/command.collective_thrust,9.371633899413627
0.61,11.110000000,/angrybird/agiros_pilot/command.collective_thrust,9.371633899413627
0.615,11.115000000,/angrybird/agiros_pilot/command.collective_thrust,9.37326620171811
0.615,11.115000000,/angrybird/agiros_pilot/command.collective_thrust,9.371633899413627
0.62,11.120000000,/angrybird/agiros_pilot/command.collective_thrust,9.37326620171811
0.625,11.125000000,/angrybird/agiros_pilot/command.collective_thrust,9.37326620171811
0.625,11.125000000,/angrybird/agiros_pilot/command.collective_thrust,9.374944924093672
0.63,11.130000000,/angrybird/agiros_pilot/command.collective_thrust,9.374944924093672
0.635,11.135000000,/angrybird/agiros_pilot/command.collective_thrust,9.374944924093672
0.635,11.135000000,/angrybird/agiros_pilot/command.collective_thrust,9.376670257837759
0.64,11.140000000,/angrybird/agiros_pilot/command.collective_thrust,9.376670257837759
0.645,11.145000000,/angrybird/agiros_pilot/command.collective_thrust,9.378442369575255
0.645,11.145000000,/angrybird/agiros_pilot/command.collective_thrust,9.376670257837759
0.65,11.150000000,/angrybird/agiros_pilot/command.collective_thrust,9.378442369575255
0.655,11.155000000,/angrybird/agiros_pilot/command.collective_thrust,9.378442369575255
0.655,11.155000000,/angrybird/agiros_pilot/command.collective_thrust,9.380261421175344
0.66,11.160000000,/angrybird/agiros_pilot/command.collective_thrust,9.380261421175344
0.665,11.165000000,/angrybird/agiros_pilot/command.collective_thrust,9.382127579567918
0.665,11.165000000,/angrybird/agiros_pilot/command.collective_thrust,9.380261421175344
0.67,11.170000000,/angrybird/agiros_pilot/command.collective_thrust,9.382127579567918
0.675,11.175000000,/angrybird/agiros_pilot/command.collective_thrust,9.382127579567918
0.675,11.175000000,/angrybird/agiros_pilot/command.collective_thrust,9.384041016384343
0.68,11.180000000,/angrybird/agiros_pilot/command.collective_thrust,9.384041016384343
0.685,11.185000000,/angrybird/agiros_pilot/command.collective_thrust,9.386001900155415
0.685,11.185000000,/angrybird/agiros_pilot/command.collective_thrust,9.384041016384343
0.6900000000000001,11.190000000,/angrybird/agiros_pilot/command.collective_thrust,9.386001900155415
0.6950000000000001,11.195000000,/angrybird/agiros_pilot/command.collective_thrust,9.386001900155415
0.6950000000000001,11.195000000,/angrybird/agiros_pilot/command.collective_thrust,9.38801038533872
0.7000000000000001,11.200000000,/angrybird/agiros_pilot/command.collective_thrust,9.38801038533872
0.7050000000000001,11.205000000,/angrybird/agiros_pilot/command.collective_thrust,9.390066602237514
0.7050000000000001,11.205000000,/angrybird/agiros_pilot/command.collective_thrust,9.38801038533872
0.7100000000000001,11.210000000,/angrybird/agiros_pilot/command.collective_thrust,9.390066602237514
0.7150000000000001,11.215000000,/angrybird/agiros_pilot/command.collective_thrust,9.392170650436745
0.7150000000000001,11.215000000,/angrybird/agiros_pilot/command.collective_thrust,9.390066602237514
0.7200000000000001,11.220000000,/angrybird/agiros_pilot/command.collective_thrust,9.392170650436745
0.7200000000000001,11.220000000,/angrybird/agiros_pilot/command.collective_thrust,9.392170650436745
0.7250000000000001,11.225000000,/angrybird/agiros_pilot/command.collective_thrust,9.394322596556151
0.7300000000000001,11.230000000,/angrybird/agiros_pilot/command.collective_thrust,9.394322596556151
0.7300000000000001,11.230000000,/angrybird/agiros_pilot/command.collective_thrust,9.394322596556151
0.7350000000000001,11.235000000,/angrybird/agiros_pilot/command.collective_thrust,9.396522475605023
0.74,11.240000000,/angrybird/agiros_pilot/command.collective_thrust,9.396522475605023
0.74,11.240000000,/angrybird/agiros_pilot/command.collective_thrust,9.396522475605023
0.745,11.245000000,/angrybird/agiros_pilot/command.collective_thrust,9.398770294386205
0.75,11.250000000,/angrybird/agiros_pilot/command.collective_thrust,9.398770294386205
0.75,11.250000000,/angrybird/agiros_pilot/command.collective_thrust,9.398770294386205
0.755,11.255000000,/angrybird/agiros_pilot/command.collective_thrust,9.401066035271832
0.76,11.260000000,/angrybird/agiros_pilot/command.collective_thrust,9.401066035271832
0.76,11.260000000,/angrybird/agiros_pilot/command.collective_thrust,9.401066035271832
0.765,11.265000000,/angrybird/agiros_pilot/command.collective_thrust,9.403409659081975
0.77,11.270000000,/angrybird/agiros_pilot/command.collective_thrust,9.403409659081975
0.77,11.270000000,/angrybird/agiros_pilot/command.collective_thrust,9.403409659081975
0.775,11.275000000,/angrybird/agiros_pilot/command.collective_thrust,9.405801106459878
0.78,11.280000000,/angrybird/agiros_pilot/command.collective_thrust,9.405801106459878
0.78,11.280000000,/angrybird/agiros_pilot/command.collective_thrust,9.405801106459878
0.785,11.285000000,/angrybird/agiros_pilot/command.collective_thrust,9.4082402977867
0.79,11.290000000,/angrybird/agiros_pilot/command.collective_thrust,9.4082402977867
0.79,11.290000000,/angrybird/agiros_pilot/command.collective_thrust,9.4082402977867
0.795,11.295000000,/angrybird/agiros_pilot/command.collective_thrust,9.410727132120812
0.8,11.300000000,/angrybird/agiros_pilot/command.collective_thrust,9.410727132120812
0.8,11.300000000,/angrybird/agiros_pilot/command.collective_thrust,9.410727132120812
0.805,11.305000000,/angrybird/agiros_pilot/command.collective_thrust,9.413261485805126
0.81,11.310000000,/angrybird/agiros_pilot/command.collective_thrust,9.413261485805126
0.81,11.310000000,/angrybird/agiros_pilot/command.collective_thrust,9.413261485805126
0.8150000000000001,11.315000000,/angrybird/agiros_pilot/command.collective_thrust,9.415843211293828
0.8200000000000001,11.320000000,/angrybird/agiros_pilot/command.collective_thrust,9.415843211293828
0.8200000000000001,11.320000000,/angrybird/agiros_pilot/command.collective_thrust,9.415843211293828
0.8250000000000001,11.325000000,/angrybird/agiros_pilot/command.collective_thrust,9.418472136513131
0.8300000000000001,11.330000000,/angrybird/agiros_pilot/command.collective_thrust,9.418472136513131
0.8300000000000001,11.330000000,/angrybird/agiros_pilot/command.collective_thrust,9.418472136513131
0.8350000000000001,11.335000000,/angrybird/agiros_pilot/command.collective_thrust,9.421148064809136
0.8400000000000001,11.340000000,/angrybird/agiros_pilot/command.collective_thrust,9.421148064809136
0.8400000000000001,11.340000000,/angrybird/agiros_pilot/command.collective_thrust,9.421148064809136
0.8450000000000001,11.345000000,/angrybird/agiros_pilot/command.collective_thrust,9.423870775341504
0.8500000000000001,11.350000000,/angrybird/agiros_pilot/command.collective_thrust,9.423870775341504
0.8500000000000001,11.350000000,/angrybird/agiros_pilot/command.collective_thrust,9.423870775341504
0.8550000000000001,11.355000000,/angrybird/agiros_pilot/command.collective_thrust,9.426640023694603
0.8600000000000001,11.360000000,/angrybird/agiros_pilot/command.collective_thrust,9.426640023694603
0.8600000000000001,11.360000000,/angrybird/agiros_pilot/command.collective_thrust,9.426640023694603
0.8650000000000001,11.365000000,/angrybird/agiros_pilot/command.collective_thrust,9.429455542490752
0.8700000000000001,11.370000000,/angrybird/agiros_pilot/command.collective_thrust,9.429455542490752
0.8700000000000001,11.370000000,/angrybird/agiros_pilot/command.collective_thrust,9.429455542490752
0.875,11.375000000,/angrybird/agiros_pilot/command.collective_thrust,9.432317041867607
0.88,11.380000000,/angrybird/agiros_pilot/command.collective_thrust,9.432317041867607
0.88,11.380000000,/angrybird/agiros_pilot/command.collective_thrust,9.432317041867607
0.885,11.385000000,/angrybird/agiros_pilot/command.collective_thrust,9.43522420977684
0.885,11.385000000,/angrybird/agiros_pilot/command.collective_thrust,9.43522420977684
0.89,11.390000000,/angrybird/agiros_pilot/command.collective_thrust,9.43522420977684
0.895,11.395000000,/angrybird/agiros_pilot/command.collective_thrust,9.43817671213875
0.895,11.395000000,/angrybird/agiros_pilot/command.collective_thrust,9.43817671213875
0.9,11.400000000,/angrybird/agiros_pilot/command.collective_thrust,9.43817671213875
0.905,11.405000000,/angrybird/agiros_pilot/command.collective_thrust,9.441174192927093
0.905,11.405000000,/angrybird/agiros_pilot/command.collective_thrust,9.441174192927093
0.91,11.410000000,/angrybird/agiros_pilot/command.collective_thrust,9.441174192927093
0.915,11.415000000,/angrybird/agiros_pilot/command.collective_thrust,9.44421627425859
0.915,11.415000000,/angrybird/agiros_pilot/command.collective_thrust,9.44421627425859
0.92,11.420000000,/angrybird/agiros_pilot/command.collective_thrust,9.44421627425859
0.925,11.425000000,/angrybird/agiros_pilot/command.collective_thrust,9.447302556536698
0.925,11.425000000,/angrybird/agiros_pilot/command.collective_thrust,9.447302556536698
0.93,11.430000000,/angrybird/agiros_pilot/command.collective_thrust,9.447302556536698
0.935,11.435000000,/angrybird/agiros_pilot/command.collective_thrust,9.450432618664134
0.935,11.435000000,/angrybird/agiros_pilot/command.collective_thrust,9.450432618664134
0.9400000000000001,11.440000000,/angrybird/agiros_pilot/command.collective_thrust,9.450432618664134
0.9450000000000001,11.445000000,/angrybird/agiros_pilot/command.collective_thrust,9.4536060183117
0.9450000000000001,11.445000000,/angrybird/agiros_pilot/command.collective_thrust,9.4536060183117
0.9500000000000001,11.450000000,/angrybird/agiros_pilot/command.collective_thrust,9.4536060183117
0.9550000000000001,11.455000000,/angrybird/agiros_pilot/command.collective_thrust,9.456822292217065
0.9550000000000001,11.455000000,/angrybird/agiros_pilot/command.collective_thrust,9.456822292217065
0.9600000000000001,11.460000000,/angrybird/agiros_pilot/command.collective_thrust,9.456822292217065
0.9650000000000001,11.465000000,/angrybird/agiros_pilot/command.collective_thrust,9.460080956489108
0.9650000000000001,11.465000000,/angrybird/agiros_pilot/command.collective_thrust,9.460080956489108
0.9700000000000001,11.470000000,/angrybird/agiros_pilot/command.collective_thrust,9.460080956489108
0.9750000000000001,11.475000000,/angrybird/agiros_pilot/command.collective_thrust,9.463381506903804
0.9750000000000001,11.475000000,/angrybird/agiros_pilot/command.collective_thrust,9.463381506903804
0.9800000000000001,11.480000000,/angrybird/agiros_pilot/command.collective_thrust,9.463381506903804
0.9850000000000001,11.485000000,/angrybird/agiros_pilot/command.collective_thrust,9.466723419191013
0.9850000000000001,11.485000000,/angrybird/agiros_pilot/command.collective_thrust,9.466723419191013
0.9900000000000001,11.490000000,/angrybird/agiros_pilot/command.collective_thrust,9.466723419191013
0.9950000000000001,11.495000000,/angrybird/agiros_pilot/command.collective_thrust,9.470106149320236
0.9950000000000001,11.495000000,/angrybird/agiros_pilot/command.collective_thrust,9.470106149320236
1,11.500000000,/angrybird/agiros_pilot/command.collective_thrust,9.470106149320236
1.005,11.505000000,/angrybird/agiros_pilot/command.collective_thrust,9.473529133796836
1.005,11.505000000,/angrybird/agiros_pilot/command.collective_thrust,9.473529133796836
1.01,11.510000000,/angrybird/agiros_pilot/command.collective_thrust,9.473529133796836
1.015,11.515000000,/angrybird/agiros_pilot/command.collective_thrust,9.47699178997622
1.015,11.515000000,/angrybird/agiros_pilot/command.collective_thrust,9.47699178997622
1.02,11.520000000,/angrybird/agiros_pilot/command.collective_thrust,9.47699178997622
1.025,11.525000000,/angrybird/agiros_pilot/command.collective_thrust,9.480493516397743
1.025,11.525000000,/angrybird/agiros_pilot/command.collective_thrust,9.480493516397743
1.03,11.530000000,/angrybird/agiros_pilot/command.collective_thrust,9.480493516397743
1.035,11.535000000,/angrybird/agiros_pilot/command.collective_thrust,9.484033693133643
1.035,11.535000000,/angrybird/agiros_pilot/command.collective_thrust,9.484033693133643
1.04,11.540000000,/angrybird/agiros_pilot/command.collective_thrust,9.484033693133643
1.045,11.545000000,/angrybird/agiros_pilot/command.collective_thrust,9.487611682145012
1.045,11.545000000,/angrybird/agiros_pilot/command.collective_thrust,9.487611682145012
1.05,11.550000000,/angrybird/agiros_pilot/command.collective_thrust,9.489428134635514
1.05,11.550000000,/angrybird/agiros_pilot/command.collective_thrust,9.487611682145012
1.055,11.555000000,/angrybird/agiros_pilot/command.collective_thrust,9.489428134635514
1.06,11.560000000,/angrybird/agiros_pilot/command.collective_thrust,9.493048536852383
1.06,11.560000000,/angrybird/agiros_pilot/command.collective_thrust,9.489428134635514
1.065,11.565000000,/angrybird/agiros_pilot/command.collective_thrust,9.493048536852383
1.07,11.570000000,/angrybird/agiros_pilot/command.collective_thrust,9.496717717615415
1.07,11.570000000,/angrybird/agiros_pilot/command.collective_thrust,9.493048536852383
1.075,11.575000000,/angrybird/agiros_pilot/command.collective_thrust,9.496717717615415
1.08,11.580000000,/angrybird/agiros_pilot/command.collective_thrust,9.496717717615415
1.08,11.580000000,/angrybird/agiros_pilot/command.collective_thrust,9.500418805665605
1.085,11.585000000,/angrybird/agiros_pilot/command.collective_thrust,9.500418805665605
1.09,11.590000000,/angrybird/agiros_pilot/command.collective_thrust,9.500418805665605
1.09,11.590000000,/angrybird/agiros_pilot/command.collective_thrust,9.504155585852027
1.095,11.595000000,/angrybird/agiros_pilot/command.collective_thrust,9.504155585852027
1.1,11.600000000,/angrybird/agiros_pilot/command.collective_thrust,9.504155585852027
1.1,11.600000000,/angrybird/agiros_pilot/command.collective_thrust,9.507927055757962
1.105,11.605000000,/angrybird/agiros_pilot/command.collective_thrust,9.507927055757962
1.11,11.610000000,/angrybird/agiros_pilot/command.collective_thrust,9.5117322652631
1.11,11.610000000,/angrybird/agiros_pilot/command.collective_thrust,9.507927055757962
1.115,11.615000000,/angrybird/agiros_pilot/command.collective_thrust,9.5117322652631
1.12,11.620000000,/angrybird/agiros_pilot/command.collective_thrust,9.5117322652631
1.12,11.620000000,/angrybird/agiros_pilot/command.collective_thrust,9.515570345474448
1.125,11.625000000,/angrybird/agiros_pilot/command.collective_thrust,9.515570345474448
1.13,11.630000000,/angrybird/agiros_pilot/command.collective_thrust,9.519440453119307
1.13,11.630000000,/angrybird/agiros_pilot/command.collective_thrust,9.515570345474448
1.135,11.635000000,/angrybird/agiros_pilot/command.collective_thrust,9.519440453119307
1.1400000000000001,11.640000000,/angrybird/agiros_pilot/command.collective_thrust,9.519440453119307
1.1400000000000001,11.640000000,/angrybird/agiros_pilot/command.collective_thrust,9.523341755265923
1.145,11.645000000,/angrybird/agiros_pilot/command.collective_thrust,9.523341755265923
1.15,11.650000000,/angrybird/agiros_pilot/command.collective_thrust,9.527273415011273
1.15,11.650000000,/angrybird/agiros_pilot/command.collective_thrust,9.523341755265923
1.155,11.655000000,/angrybird/agiros_pilot/command.collective_thrust,9.527273415011273
1.16,11.660000000,/angrybird/agiros_pilot/command.collective_thrust,9.527273415011273
1.16,11.660000000,/angrybird/agiros_pilot/command.collective_thrust,9.531234581127384
1.165,11.665000000,/angrybird/agiros_pilot/command.collective_thrust,9.531234581127384
1.17,11.670000000,/angrybird/agiros_pilot/command.collective_thrust,9.531234581127384
1.17,11.670000000,/angrybird/agiros_pilot/command.collective_thrust,9.53522438342246
1.175,11.675000000,/angrybird/agiros_pilot/command.collective_thrust,9.53522438342246
1.18,11.680000000,/angrybird/agiros_pilot/command.collective_thrust,9.53522438342246
1.18,11.680000000,/angrybird/agiros_pilot/command.collective_thrust,9.539241933558454
1.185,11.685000000,/angrybird/agiros_pilot/command.collective_thrust,9.539241933558454
1.19,11.690000000,/angrybird/agiros_pilot/command.collective_thrust,9.543286329680795
1.19,11.690000000,/angrybird/agiros_pilot/command.collective_thrust,9.539241933558454
1.195,11.695000000,/angrybird/agiros_pilot/command.collective_thrust,9.543286329680795
1.2,11.700000000,/angrybird/agiros_pilot/command.collective_thrust,9.547356662461045
1.2,11.700000000,/angrybird/agiros_pilot/command.collective_thrust,9.543286329680795
1.205,11.705000000,/angrybird/agiros_pilot/command.collective_thrust,9.547356662461045
1.21,11.710000000,/angrybird/agiros_pilot/command.collective_thrust,9.547356662461045
1.21,11.710000000,/angrybird/agiros_pilot/command.collective_thrust,9.551452020209023
1.215,11.715000000,/angrybird/agiros_pilot/command.collective_thrust,9.551452020209023
1.215,11.715000000,/angrybird/agiros_pilot/command.collective_thrust,9.551452020209023
1.22,11.720000000,/angrybird/agiros_pilot/command.collective_thrust,9.555571491463962
1.225,11.725000000,/angrybird/agiros_pilot/command.collective_thrust,9.555571491463962
1.225,11.725000000,/angrybird/agiros_pilot/command.collective_thrust,9.555571491463962
1.23,11.730000000,/angrybird/agiros_pilot/command.collective_thrust,9.559714164591108
1.235,11.735000000,/angrybird/agiros_pilot/command.collective_thrust,9.559714164591108
1.235,11.735000000,/angrybird/agiros_pilot/command.collective_thrust,9.559714164591108
1.24,11.740000000,/angrybird/agiros_pilot/command.collective_thrust,9.563879124976367
1.245,11.745000000,/angrybird/agiros_pilot/command.collective_thrust,9.563879124976367
1.245,11.745000000,/angrybird/agiros_pilot/command.collective_thrust,9.563879124976367
1.25,11.750000000,/angrybird/agiros_pilot/command.collective_thrust,9.568065451088064
1.255,11.755000000,/angrybird/agiros_pilot/command.collective_thrust,9.568065451088064
1.255,11.755000000,/angrybird/agiros_pilot/command.collective_thrust,9.568065451088064
1.26,11.760000000,/angrybird/agiros_pilot/command.collective_thrust,9.572272210818241
1.2650000000000001,11.765000000,/angrybird/agiros_pilot/command.collective_thrust,9.572272210818241
1.2650000000000001,11.765000000,/angrybird/agiros_pilot/command.collective_thrust,9.572272210818241
1.27,11.770000000,/angrybird/agiros_pilot/command.collective_thrust,9.57649845918696
1.275,11.775000000,/angrybird/agiros_pilot/command.collective_thrust,9.57649845918696
1.275,11.775000000,/angrybird/agiros_pilot/command.collective_thrust,9.57649845918696
1.28,11.780000000,/angrybird/agiros_pilot/command.collective_thrust,9.580743237890527
1.2850000000000001,11.785000000,/angrybird/agiros_pilot/command.collective_thrust,9.580743237890527
1.2850000000000001,11.785000000,/angrybird/agiros_pilot/command.collective_thrust,9.580743237890527
1.29,11.790000000,/angrybird/agiros_pilot/command.collective_thrust,9.585005576540032
1.295,11.795000000,/angrybird/agiros_pilot/command.collective_thrust,9.585005576540032
1.295,11.795000000,/angrybird/agiros_pilot/command.collective_thrust,9.585005576540032
1.3,11.800000000,/angrybird/agiros_pilot/command.collective_thrust,9.589284494968723
1.305,11.805000000,/angrybird/agiros_pilot/command.collective_thrust,9.589284494968723
1.305,11.805000000,/angrybird/agiros_pilot/command.collective_thrust,9.589284494968723
1.31,11.810000000,/angrybird/agiros_pilot/command.collective_thrust,9.593579005793881
1.315,11.815000000,/angrybird/agiros_pilot/command.collective_thrust,9.593579005793881
1.315,11.815000000,/angrybird/agiros_pilot/command.collective_thrust,9.593579005793881
1.32,11.820000000,/angrybird/agiros_pilot/command.collective_thrust,9.597888116508368
1.325,11.825000000,/angrybird/agiros_pilot/command.collective_thrust,9.597888116508368
1.325,11.825000000,/angrybird/agiros_pilot/command.collective_thrust,9.597888116508368
1.33,11.830000000,/angrybird/agiros_pilot/command.collective_thrust,9.602210830665888
1.335,11.835000000,/angrybird/agiros_pilot/command.collective_thrust,9.602210830665888
1.335,11.835000000,/angrybird/agiros_pilot/command.collective_thrust,9.602210830665888
1.34,11.840000000,/angrybird/agiros_pilot/command.collective_thrust,9.606546148088757
1.345,11.845000000,/angrybird/agiros_pilot/command.collective_thrust,9.606546148088757
1.345,11.845000000,/angrybird/agiros_pilot/command.collective_thrust,9.606546148088757
1.35,11.850000000,/angrybird/agiros_pilot/command.collective_thrust,9.610893064338814
1.355,11.855000000,/angrybird/agiros_pilot/command.collective_thrust,9.610893064338814
1.355,11.855000000,/angrybird/agiros_pilot/command.collective_thrust,9.610893064338814
1.36,11.860000000,/angrybird/agiros_pilot/command.collective_thrust,9.615140354902248
1.365,11.865000000,/angrybird/agiros_pilot/command.collective_thrust,9.615140354902248
1.365,11.865000000,/angrybird/agiros_pilot/command.collective_thrust,9.615140354902248
1.37,11.870000000,/angrybird/agiros_pilot/command.collective_thrust,9.619216189491336
1.375,11.875000000,/angrybird/agiros_pilot/command.collective_thrust,9.619216189491336
1.375,11.875000000,/angrybird/agiros_pilot/command.collective_thrust,9.619216189491336
1.38,11.880000000,/angrybird/agiros_pilot/command.collective_thrust,9.623168050984182
1.38,11.880000000,/angrybird/agiros_pilot/command.collective_thrust,9.623168050984182
1.385,11.885000000,/angrybird/agiros_pilot/command.collective_thrust,9.623168050984182
1.3900000000000001,11.890000000,/angrybird/agiros_pilot/command.collective_thrust,9.627031279183953
1.3900000000000001,11.890000000,/angrybird/agiros_pilot/command.collective_thrust,9.627031279183953
1.395,11.895000000,/angrybird/agiros_pilot/command.collective_thrust,9.627031279183953
1.4,11.900000000,/angrybird/agiros_pilot/command.collective_thrust,9.630832943392132
1.4,11.900000000,/angrybird/agiros_pilot/command.collective_thrust,9.630832943392132
1.405,11.905000000,/angrybird/agiros_pilot/command.collective_thrust,9.630832943392132
1.4100000000000001,11.910000000,/angrybird/agiros_pilot/command.collective_thrust,9.634594083452413
1.4100000000000001,11.910000000,/angrybird/agiros_pilot/command.collective_thrust,9.634594083452413
1.415,11.915000000,/angrybird/agiros_pilot/command.collective_thrust,9.634594083452413
1.42,11.920000000,/angrybird/agiros_pilot/command.collective_thrust,9.638330977873688
1.42,11.920000000,/angrybird/agiros_pilot/command.collective_thrust,9.638330977873688
1.425,11.925000000,/angrybird/agiros_pilot/command.collective_thrust,9.638330977873688
1.4300000000000002,11.930000000,/angrybird/agiros_pilot/command.collective_thrust,9.642056152199551
1.4300000000000002,11.930000000,/angrybird/agiros_pilot/command.collective_thrust,9.642056152199551
1.435,11.935000000,/angrybird/agiros_pilot/command.collective_thrust,9.642056152199551
1.44,11.940000000,/angrybird/agiros_pilot/command.collective_thrust,9.645779174726547
1.44,11.940000000,/angrybird/agiros_pilot/command.collective_thrust,9.645779174726547
1.445,11.945000000,/angrybird/agiros_pilot/command.collective_thrust,9.645779174726547
1.45,11.950000000,/angrybird/agiros_pilot/command.collective_thrust,9.649507283411896
1.45,11.950000000,/angrybird/agiros_pilot/command.collective_thrust,9.649507283411896
1.455,11.955000000,/angrybird/agiros_pilot/command.collective_thrust,9.649507283411896
1.46,11.960000000,/angrybird/agiros_pilot/command.collective_thrust,9.653245880310003
1.46,11.960000000,/angrybird/agiros_pilot/command.collective_thrust,9.653245880310003
1.465,11.965000000,/angrybird/agiros_pilot/command.collective_thrust,9.653245880310003
1.47,11.970000000,/angrybird/agiros_pilot/command.collective_thrust,9.65699892161344
1.47,11.970000000,/angrybird/agiros_pilot/command.collective_thrust,9.65699892161344
1.475,11.975000000,/angrybird/agiros_pilot/command.collective_thrust,9.65699892161344
1.48,11.980000000,/angrybird/agiros_pilot/command.collective_thrust,9.660769225089288
1.48,11.980000000,/angrybird/agiros_pilot/command.collective_thrust,9.660769225089288
1.485,11.985000000,/angrybird/agiros_pilot/command.collective_thrust,9.660769225089288
1.49,11.990000000,/angrybird/agiros_pilot/command.collective_thrust,9.664558711977113
1.49,11.990000000,/angrybird/agiros_pilot/command.collective_thrust,9.664558711977113
1.495,11.995000000,/angrybird/agiros_pilot/command.collective_thrust,9.664558711977113
1.5,12.000000000,/angrybird/agiros_pilot/command.collective_thrust,9.668368596887685
1.5,12.000000000,/angrybird/agiros_pilot/command.collective_thrust,9.668368596887685
1.505,12.005000000,/angrybird/agiros_pilot/command.collective_thrust,9.668368596887685
1.51,12.010000000,/angrybird/agiros_pilot/command.collective_thrust,9.672199536582283
1.51,12.010000000,/angrybird/agiros_pilot/command.collective_thrust,9.672199536582283
1.5150000000000001,12.015000000,/angrybird/agiros_pilot/command.collective_thrust,9.672199536582283
1.52,12.020000000,/angrybird/agiros_pilot/command.collective_thrust,9.676051746443061
1.52,12.020000000,/angrybird/agiros_pilot/command.collective_thrust,9.676051746443061
1.525,12.025000000,/angrybird/agiros_pilot/command.collective_thrust,9.676051746443061
1.53,12.030000000,/angrybird/agiros_pilot/command.collective_thrust,9.679925091757275
1.53,12.030000000,/angrybird/agiros_pilot/command.collective_thrust,9.679925091757275
1.5350000000000001,12.035000000,/angrybird/agiros_pilot/command.collective_thrust,9.679925091757275
1.54,12.040000000,/angrybird/agiros_pilot/command.collective_thrust,9.683819159505802
1.54,12.040000000,/angrybird/agiros_pilot/command.collective_thrust,9.683819159505802
1.545,12.045000000,/angrybird/agiros_pilot/command.collective_thrust,9.68578753131768
1.545,12.045000000,/angrybird/agiros_pilot/command.collective_thrust,9.683819159505802
1.55,12.050000000,/angrybird/agiros_pilot/command.collective_thrust,9.68578753131768
1.5550000000000002,12.055000000,/angrybird/agiros_pilot/command.collective_thrust,9.68578753131768
1.5550000000000002,12.055000000,/angrybird/agiros_pilot/command.collective_thrust,9.689698118828698
1.56,12.060000000,/angrybird/agiros_pilot/command.collective_thrust,9.689698118828698
1.565,12.065000000,/angrybird/agiros_pilot/command.collective_thrust,9.689698118828698
1.565,12.065000000,/angrybird/agiros_pilot/command.collective_thrust,9.693640392393647
1.57,12.070000000,/angrybird/agiros_pilot/command.collective_thrust,9.693640392393647
1.5750000000000002,12.075000000,/angrybird/agiros_pilot/command.collective_thrust,9.693640392393647
1.5750000000000002,12.075000000,/angrybird/agiros_pilot/command.collective_thrust,9.697597229037907
1.58,12.080000000,/angrybird/agiros_pilot/command.collective_thrust,9.697597229037907
1.585,12.085000000,/angrybird/agiros_pilot/command.collective_thrust,9.701571869231628
1.585,12.085000000,/angrybird/agiros_pilot/command.collective_thrust,9.697597229037907
1.59,12.090000000,/angrybird/agiros_pilot/command.collective_thrust,9.701571869231628
1.5950000000000002,12.095000000,/angrybird/agiros_pilot/command.collective_thrust,9.705562615212244
1.5950000000000002,12.095000000,/angrybird/agiros_pilot/command.collective_thrust,9.701571869231628
1.6,12.100000000,/angrybird/agiros_pilot/command.collective_thrust,9.705562615212244
1.605,12.105000000,/angrybird/agiros_pilot/command.collective_thrust,9.709567970997998
1.605,12.105000000,/angrybird/agiros_pilot/command.collective_thrust,9.705562615212244
1.6099999999999999,12.110000000,/angrybird/agiros_pilot/command.collective_thrust,9.709567970997998
1.615,12.115000000,/angrybird/agiros_pilot/command.collective_thrust,9.713586536088183
1.615,12.115000000,/angrybird/agiros_pilot/command.collective_thrust,9.709567970997998
1.62,12.120000000,/angrybird/agiros_pilot/command.collective_thrust,9.713586536088183
1.625,12.125000000,/angrybird/agiros_pilot/command.collective_thrust,9.717616938777677
1.625,12.125000000,/angrybird/agiros_pilot/command.collective_thrust,9.713586536088183
1.63,12.130000000,/angrybird/agiros_pilot/command.collective_thrust,9.717616938777677
1.635,12.135000000,/angrybird/agiros_pilot/command.collective_thrust,9.721657811566535
1.635,12.135000000,/angrybird/agiros_pilot/command.collective_thrust,9.717616938777677
1.6400000000000001,12.140000000,/angrybird/agiros_pilot/command.collective_thrust,9.721657811566535
1.645,12.145000000,/angrybird/agiros_pilot/command.collective_thrust,9.721657811566535
1.645,12.145000000,/angrybird/agiros_pilot/command.collective_thrust,9.72570776629073
1.65,12.150000000,/angrybird/agiros_pilot/command.collective_thrust,9.72570776629073
1.655,12.155000000,/angrybird/agiros_pilot/command.collective_thrust,9.72570776629073
1.655,12.155000000,/angrybird/agiros_pilot/command.collective_thrust,9.729765378181915
1.6600000000000001,12.160000000,/angrybird/agiros_pilot/command.collective_thrust,9.729765378181915
1.665,12.165000000,/angrybird/agiros_pilot/command.collective_thrust,9.729765378181915
1.665,12.165000000,/angrybird/agiros_pilot/command.collective_thrust,9.733829182010442
1.67,12.170000000,/angrybird/agiros_pilot/command.collective_thrust,9.733829182010442
1.675,12.175000000,/angrybird/agiros_pilot/command.collective_thrust,9.733829182010442
1.675,12.175000000,/angrybird/agiros_pilot/command.collective_thrust,9.73789767920016
1.6800000000000002,12.180000000,/angrybird/agiros_pilot/command.collective_thrust,9.73789767920016
1.685,12.185000000,/angrybird/agiros_pilot/command.collective_thrust,9.73789767920016
1.685,12.185000000,/angrybird/agiros_pilot/command.collective_thrust,9.741969351840972
1.69,12.190000000,/angrybird/agiros_pilot/command.collective_thrust,9.741969351840972
1.695,12.195000000,/angrybird/agiros_pilot/command.collective_thrust,9.741969351840972
1.695,12.195000000,/angrybird/agiros_pilot/command.collective_thrust,9.746042678332412
1.7000000000000002,12.200000000,/angrybird/agiros_pilot/command.collective_thrust,9.746042678332412
1.705,12.205000000,/angrybird/agiros_pilot/command.collective_thrust,9.75011614602531
1.705,12.205000000,/angrybird/agiros_pilot/command.collective_thrust,9.746042678332412
1.71,12.210000000,/angrybird/agiros_pilot/command.collective_thrust,9.75011614602531
1.71,12.210000000,/angrybird/agiros_pilot/command.collective_thrust,9.75011614602531
1.715,12.215000000,/angrybird/agiros_pilot/command.collective_thrust,9.754188258106481
1.7200000000000002,12.220000000,/angrybird/agiros_pilot/command.collective_thrust,9.754188258106481
1.7200000000000002,12.220000000,/angrybird/agiros_pilot/command.collective_thrust,9.754188258106481
1.725,12.225000000,/angrybird/agiros_pilot/command.collective_thrust,9.758257534265292
1.73,12.230000000,/angrybird/agiros_pilot/command.collective_thrust,9.758257534265292
1.73,12.230000000,/angrybird/agiros_pilot/command.collective_thrust,9.758257534265292
1.735,12.235000000,/angrybird/agiros_pilot/command.collective_thrust,9.762322506614098
1.74,12.240000000,/angrybird/agiros_pilot/command.collective_thrust,9.762322506614098
1.74,12.240000000,/angrybird/agiros_pilot/command.collective_thrust,9.762322506614098
1.745,12.245000000,/angrybird/agiros_pilot/command.collective_thrust,9.766381713403568
1.75,12.250000000,/angrybird/agiros_pilot/command.collective_thrust,9.766381713403568
1.75,12.250000000,/angrybird/agiros_pilot/command.collective_thrust,9.766381713403568
1.755,12.255000000,/angrybird/agiros_pilot/command.collective_thrust,9.770433693147279
1.76,12.260000000,/angrybird/agiros_pilot/command.collective_thrust,9.770433693147279
1.76,12.260000000,/angrybird/agiros_pilot/command.collective_thrust,9.770433693147279
1.7650000000000001,12.265000000,/angrybird/agiros_pilot/command.collective_thrust,9.774476981048275
1.77,12.270000000,/angrybird/agiros_pilot/command.collective_thrust,9.774476981048275
1.77,12.270000000,/angrybird/agiros_pilot/command.collective_thrust,9.774476981048275
1.775,12.275000000,/angrybird/agiros_pilot/command.collective_thrust,9.77851010849895
1.78,12.280000000,/angrybird/agiros_pilot/command.collective_thrust,9.77851010849895
1.78,12.280000000,/angrybird/agiros_pilot/command.collective_thrust,9.77851010849895
1.7850000000000001,12.285000000,/angrybird/agiros_pilot/command.collective_thrust,9.782531605328245
1.79,12.290000000,/angrybird/agiros_pilot/command.collective_thrust,9.782531605328245
1.79,12.290000000,/angrybird/agiros_pilot/command.collective_thrust,9.782531605328245
1.795,12.295000000,/angrybird/agiros_pilot/command.collective_thrust,9.786540003718084
1.8,12.300000000,/angrybird/agiros_pilot/command.collective_thrust,9.786540003718084
1.8,12.300000000,/angrybird/agiros_pilot/command.collective_thrust,9.786540003718084
1.8050000000000002,12.305000000,/angrybird/agiros_pilot/command.collective_thrust,9.790533842449056
1.81,12.310000000,/angrybird/agiros_pilot/command.collective_thrust,9.790533842449056
1.81,12.310000000,/angrybird/agiros_pilot/command.collective_thrust,9.790533842449056
1.815,12.315000000,/angrybird/agiros_pilot/command.collective_thrust,9.794511670331122
1.82,12.320000000,/angrybird/agiros_pilot/command.collective_thrust,9.794511670331122
1.82,12.320000000,/angrybird/agiros_pilot/command.collective_thrust,9.794511670331122
1.8250000000000002,12.325000000,/angrybird/agiros_pilot/command.collective_thrust,9.79847204816787
1.83,12.330000000,/angrybird/agiros_pilot/command.collective_thrust,9.79847204816787
1.83,12.330000000,/angrybird/agiros_pilot/command.collective_thrust,9.79847204816787
1.835,12.335000000,/angrybird/agiros_pilot/command.collective_thrust,9.802413549179462
1.84,12.340000000,/angrybird/agiros_pilot/command.collective_thrust,9.802413549179462
1.84,12.340000000,/angrybird/agiros_pilot/command.collective_thrust,9.802413549179462
1.8450000000000002,12.345000000,/angrybird/agiros_pilot/command.collective_thrust,9.806334758278723
1.85,12.350000000,/angrybird/agiros_pilot/command.collective_thrust,9.806334758278723
1.85,12.350000000,/angrybird/agiros_pilot/command.collective_thrust,9.806334758278723
1.855,12.355000000,/angrybird/agiros_pilot/command.collective_thrust,9.81023427084171
1.86,12.360000000,/angrybird/agiros_pilot/command.collective_thrust,9.81023427084171
1.86,12.360000000,/angrybird/agiros_pilot/command.collective_thrust,9.81023427084171
1.8650000000000002,12.365000000,/angrybird/agiros_pilot/command.collective_thrust,9.814110691614104
1.87,12.370000000,/angrybird/agiros_pilot/command.collective_thrust,9.814110691614104
1.87,12.370000000,/angrybird/agiros_pilot/command.collective_thrust,9.814110691614104
1.875,12.375000000,/angrybird/agiros_pilot/command.collective_thrust,9.81796263420424
1.875,12.375000000,/angrybird/agiros_pilot/command.collective_thrust,9.81796263420424
1.88,12.380000000,/angrybird/agiros_pilot/command.collective_thrust,9.81796263420424
1.885,12.385000000,/angrybird/agiros_pilot/command.collective_thrust,9.821788721332656
1.885,12.385000000,/angrybird/agiros_pilot/command.collective_thrust,9.821788721332656
1.8900000000000001,12.390000000,/angrybird/agiros_pilot/command.collective_thrust,9.821788721332656
1.895,12.395000000,/angrybird/agiros_pilot/command.collective_thrust,9.825587585739816
1.895,12.395000000,/angrybird/agiros_pilot/command.collective_thrust,9.825587585739816
1.9,12.400000000,/angrybird/agiros_pilot/command.collective_thrust,9.825587585739816
1.905,12.405000000,/angrybird/agiros_pilot/command.collective_thrust,9.829357871476017
1.905,12.405000000,/angrybird/agiros_pilot/command.collective_thrust,9.829357871476017
1.9100000000000001,12.410000000,/angrybird/agiros_pilot/command.collective_thrust,9.829357871476017
1.915,12.415000000,/angrybird/agiros_pilot/command.collective_thrust,9.833098235242376
1.915,12.415000000,/angrybird/agiros_pilot/command.collective_thrust,9.833098235242376
1.92,12.420000000,/angrybird/agiros_pilot/command.collective_thrust,9.833098235242376
1.925,12.425000000,/angrybird/agiros_pilot/command.collective_thrust,9.836807347507124
1.925,12.425000000,/angrybird/agiros_pilot/command.collective_thrust,9.836807347507124
1.9300000000000002,12.430000000,/angrybird/agiros_pilot/command.collective_thrust,9.836807347507124
1.935,12.435000000,/angrybird/agiros_pilot/command.collective_thrust,9.840483893246951
1.935,12.435000000,/angrybird/agiros_pilot/command.collective_thrust,9.840483893246951
1.94,12.440000000,/angrybird/agiros_pilot/command.collective_thrust,9.840483893246951
1.945,12.445000000,/angrybird/agiros_pilot/command.collective_thrust,9.84412657230419
1.945,12.445000000,/angrybird/agiros_pilot/command.collective_thrust,9.84412657230419
1.9500000000000002,12.450000000,/angrybird/agiros_pilot/command.collective_thrust,9.84412657230419
1.955,12.455000000,/angrybird/agiros_pilot/command.collective_thrust,9.847734099462825
1.955,12.455000000,/angrybird/agiros_pilot/command.collective_thrust,9.847734099462825
1.96,12.460000000,/angrybird/agiros_pilot/command.collective_thrust,9.847734099462825
1.965,12.465000000,/angrybird/agiros_pilot/command.collective_thrust,9.851305204402383
1.965,12.465000000,/angrybird/agiros_pilot/command.collective_thrust,9.851305204402383
1.9700000000000002,12.470000000,/angrybird/agiros_pilot/command.collective_thrust,9.851305204402383
1.975,12.475000000,/angrybird/agiros_pilot/command.collective_thrust,9.854838631684597
1.975,12.475000000,/angrybird/agiros_pilot/command.collective_thrust,9.854838631684597
1.98,12.480000000,/angrybird/agiros_pilot/command.collective_thrust,9.854838631684597
1.985,12.485000000,/angrybird/agiros_pilot/command.collective_thrust,9.85833314087904
1.985,12.485000000,/angrybird/agiros_pilot/command.collective_thrust,9.85833314087904
1.9900000000000002,12.490000000,/angrybird/agiros_pilot/command.collective_thrust,9.85833314087904
1.995,12.495000000,/angrybird/agiros_pilot/command.collective_thrust,9.861787506864298
1.995,12.495000000,/angrybird/agiros_pilot/command.collective_thrust,9.861787506864298
2,12.500000000,/angrybird/agiros_pilot/command.collective_thrust,9.861787506864298
2.005,12.505000000,/angrybird/agiros_pilot/command.collective_thrust,9.865200520277204
2.005,12.505000000,/angrybird/agiros_pilot/command.collective_thrust,9.865200520277204
2.01,12.510000000,/angrybird/agiros_pilot/command.collective_thrust,9.865200520277204
2.015,12.515000000,/angrybird/agiros_pilot/command.collective_thrust,9.868570988041247
2.015,12.515000000,/angrybird/agiros_pilot/command.collective_thrust,9.868570988041247
2.02,12.520000000,/angrybird/agiros_pilot/command.collective_thrust,9.868570988041247
2.025,12.525000000,/angrybird/agiros_pilot/command.collective_thrust,9.871897733893809
2.025,12.525000000,/angrybird/agiros_pilot/command.collective_thrust,9.871897733893809
2.03,12.530000000,/angrybird/agiros_pilot/command.collective_thrust,9.871897733893809
2.035,12.535000000,/angrybird/agiros_pilot/command.collective_thrust,9.875179598846973
2.035,12.535000000,/angrybird/agiros_pilot/command.collective_thrust,9.875179598846973
2.04,12.540000000,/angrybird/agiros_pilot/command.collective_thrust,9.875179598846973
2.04,12.540000000,/angrybird/agiros_pilot/command.collective_thrust,9.876809316215894
2.045,12.545000000,/angrybird/agiros_pilot/command.collective_thrust,9.876809316215894
2.05,12.550000000,/angrybird/agiros_pilot/command.collective_thrust,9.880015972016954
2.05,12.550000000,/angrybird/agiros_pilot/command.collective_thrust,9.876809316215894
2.055,12.555000000,/angrybird/agiros_pilot/command.collective_thrust,9.880015972016954
2.06,12.560000000,/angrybird/agiros_pilot/command.collective_thrust,9.880015972016954
2.06,12.560000000,/angrybird/agiros_pilot/command.collective_thrust,9.883180454104908
2.065,12.565000000,/angrybird/agiros_pilot/command.collective_thrust,9.883180454104908
2.07,12.570000000,/angrybird/agiros_pilot/command.collective_thrust,9.883180454104908
2.07,12.570000000,/angrybird/agiros_pilot/command.collective_thrust,9.88629313197553
2.075,12.575000000,/angrybird/agiros_pilot/command.collective_thrust,9.88629313197553
2.08,12.580000000,/angrybird/agiros_pilot/command.collective_thrust,9.88629313197553
2.08,12.580000000,/angrybird/agiros_pilot/command.collective_thrust,9.889356908191044
2.085,12.585000000,/angrybird/agiros_pilot/command.collective_thrust,9.889356908191044
2.09,12.590000000,/angrybird/agiros_pilot/command.collective_thrust,9.892370328282245
2.09,12.590000000,/angrybird/agiros_pilot/command.collective_thrust,9.889356908191044
2.095,12.595000000,/angrybird/agiros_pilot/command.collective_thrust,9.892370328282245
2.1,12.600000000,/angrybird/agiros_pilot/command.collective_thrust,9.895332158181073
2.1,12.600000000,/angrybird/agiros_pilot/command.collective_thrust,9.892370328282245
2.105,12.605000000,/angrybird/agiros_pilot/command.collective_thrust,9.895332158181073
2.11,12.610000000,/angrybird/agiros_pilot/command.collective_thrust,9.895332158181073
2.11,12.610000000,/angrybird/agiros_pilot/command.collective_thrust,9.898241269807281
2.115,12.615000000,/angrybird/agiros_pilot/command.collective_thrust,9.898241269807281
2.12,12.620000000,/angrybird/agiros_pilot/command.collective_thrust,9.898241269807281
2.12,12.620000000,/angrybird/agiros_pilot/command.collective_thrust,9.901096595075579
2.125,12.625000000,/angrybird/agiros_pilot/command.collective_thrust,9.901096595075579
2.13,12.630000000,/angrybird/agiros_pilot/command.collective_thrust,9.903897115737072
2.13,12.630000000,/angrybird/agiros_pilot/command.collective_thrust,9.901096595075579
2.135,12.635000000,/angrybird/agiros_pilot/command.collective_thrust,9.903897115737072
2.14,12.640000000,/angrybird/agiros_pilot/command.collective_thrust,9.906641849904652
2.14,12.640000000,/angrybird/agiros_pilot/command.collective_thrust,9.903897115737072
2.145,12.645000000,/angrybird/agiros_pilot/command.collective_thrust,9.906641849904652
2.15,12.650000000,/angrybird/agiros_pilot/command.collective_thrust,9.906641849904652
2.15,12.650000000,/angrybird/agiros_pilot/command.collective_thrust,9.909329840533937
2.155,12.655000000,/angrybird/agiros_pilot/command.collective_thrust,9.909329840533937
2.16,12.660000000,/angrybird/agiros_pilot/command.collective_thrust,9.911960147974748
2.16,12.660000000,/angrybird/agiros_pilot/command.collective_thrust,9.909329840533937
2.165,12.665000000,/angrybird/agiros_pilot/command.collective_thrust,9.911960147974748
2.17,12.670000000,/angrybird/agiros_pilot/command.collective_thrust,9.911960147974748
2.17,12.670000000,/angrybird/agiros_pilot/command.collective_thrust,9.914531847230998
2.175,12.675000000,/angrybird/agiros_pilot/command.collective_thrust,9.914531847230998
2.18,12.680000000,/angrybird/agiros_pilot/command.collective_thrust,9.914531847230998
2.18,12.680000000,/angrybird/agiros_pilot/command.collective_thrust,9.91704402922717
2.185,12.685000000,/angrybird/agiros_pilot/command.collective_thrust,9.91704402922717
2.19,12.690000000,/angrybird/agiros_pilot/command.collective_thrust,9.91704402922717
2.19,12.690000000,/angrybird/agiros_pilot/command.collective_thrust,9.919495804453714
2.195,12.695000000,/angrybird/agiros_pilot/command.collective_thrust,9.919495804453714
2.2,12.700000000,/angrybird/agiros_pilot/command.collective_thrust,9.919495804453714
2.2,12.700000000,/angrybird/agiros_pilot/command.collective_thrust,9.921886307111095
2.205,12.705000000,/angrybird/agiros_pilot/command.collective_thrust,9.921886307111095
2.205,12.705000000,/angrybird/agiros_pilot/command.collective_thrust,9.921886307111095
2.21,12.710000000,/angrybird/agiros_pilot/command.collective_thrust,9.924214698218075
2.215,12.715000000,/angrybird/agiros_pilot/command.collective_thrust,9.924214698218075
2.215,12.715000000,/angrybird/agiros_pilot/command.collective_thrust,9.924214698218075
2.22,12.720000000,/angrybird/agiros_pilot/command.collective_thrust,9.926480166855805
2.225,12.725000000,/angrybird/agiros_pilot/command.collective_thrust,9.926480166855805
2.225,12.725000000,/angrybird/agiros_pilot/command.collective_thrust,9.926480166855805
2.23,12.730000000,/angrybird/agiros_pilot/command.collective_thrust,9.928637289229226
2.235,12.735000000,/angrybird/agiros_pilot/command.collective_thrust,9.928637289229226
2.235,12.735000000,/angrybird/agiros_pilot/command.collective_thrust,9.928637289229226
2.24,12.740000000,/angrybird/agiros_pilot/command.collective_thrust,9.930656162821096
2.245,12.745000000,/angrybird/agiros_pilot/command.collective_thrust,9.930656162821096
2.245,12.745000000,/angrybird/agiros_pilot/command.collective_thrust,9.930656162821096
2.25,12.750000000,/angrybird/agiros_pilot/command.collective_thrust,9.93255489531791
2.255,12.755000000,/angrybird/agiros_pilot/command.collective_thrust,9.93255489531791
2.255,12.755000000,/angrybird/agiros_pilot/command.collective_thrust,9.93255489531791
2.26,12.760000000,/angrybird/agiros_pilot/command.collective_thrust,9.934346848422658
2.265,12.765000000,/angrybird/agiros_pilot/command.collective_thrust,9.934346848422658
2.265,12.765000000,/angrybird/agiros_pilot/command.collective_thrust,9.934346848422658
2.27,12.770000000,/angrybird/agiros_pilot/command.collective_thrust,9.936042162379817
2.275,12.775000000,/angrybird/agiros_pilot/command.collective_thrust,9.936042162379817
2.275,12.775000000,/angrybird/agiros_pilot/command.collective_thrust,9.936042162379817
2.2800000000000002,12.780000000,/angrybird/agiros_pilot/command.collective_thrust,9.937648639194578
2.285,12.785000000,/angrybird/agiros_pilot/command.collective_thrust,9.937648639194578
2.285,12.785000000,/angrybird/agiros_pilot/command.collective_thrust,9.937648639194578
2.29,12.790000000,/angrybird/agiros_pilot/command.collective_thrust,9.939172240536449
2.295,12.795000000,/angrybird/agiros_pilot/command.collective_thrust,9.939172240536449
2.295,12.795000000,/angrybird/agiros_pilot/command.collective_thrust,9.939172240536449
2.3,12.800000000,/angrybird/agiros_pilot/command.collective_thrust,9.940617481580484
2.305,12.805000000,/angrybird/agiros_pilot/command.collective_thrust,9.940617481580484
2.305,12.805000000,/angrybird/agiros_pilot/command.collective_thrust,9.940617481580484
2.31,12.810000000,/angrybird/agiros_pilot/command.collective_thrust,9.941987742898181
2.315,12.815000000,/angrybird/agiros_pilot/command.collective_thrust,9.941987742898181
2.315,12.815000000,/angrybird/agiros_pilot/command.collective_thrust,9.941987742898181
2.32,12.820000000,/angrybird/agiros_pilot/command.collective_thrust,9.943285518521744
2.325,12.825000000,/angrybird/agiros_pilot/command.collective_thrust,9.943285518521744
2.325,12.825000000,/angrybird/agiros_pilot/command.collective_thrust,9.943285518521744
2.33,12.830000000,/angrybird/agiros_pilot/command.collective_thrust,9.944512613801692
2.335,12.835000000,/angrybird/agiros_pilot/command.collective_thrust,9.944512613801692
2.335,12.835000000,/angrybird/agiros_pilot/command.collective_thrust,9.944512613801692
2.34,12.840000000,/angrybird/agiros_pilot/command.collective_thrust,9.945670302677861
2.345,12.845000000,/angrybird/agiros_pilot/command.collective_thrust,9.945670302677861
2.345,12.845000000,/angrybird/agiros_pilot/command.collective_thrust,9.945670302677861
2.35,12.850000000,/angrybird/agiros_pilot/command.collective_thrust,9.946759451496295
2.355,12.855000000,/angrybird/agiros_pilot/command.collective_thrust,9.946759451496295
2.355,12.855000000,/angrybird/agiros_pilot/command.collective_thrust,9.946759451496295
2.36,12.860000000,/angrybird/agiros_pilot/command.collective_thrust,9.947780615149409
2.365,12.865000000,/angrybird/agiros_pilot/command.collective_thrust,9.947780615149409
2.365,12.865000000,/angrybird/agiros_pilot/command.collective_thrust,9.947780615149409
2.37,12.870000000,/angrybird/agiros_pilot/command.collective_thrust,9.948734110651264
2.37,12.870000000,/angrybird/agiros_pilot/command.collective_thrust,9.948734110651264
2.375,12.875000000,/angrybird/agiros_pilot/command.collective_thrust,9.948734110651264
2.38,12.880000000,/angrybird/agiros_pilot/command.collective_thrust,9.94962007286838
2.38,12.880000000,/angrybird/agiros_pilot/command.collective_thrust,9.94962007286838
2.385,12.885000000,/angrybird/agiros_pilot/command.collective_thrust,9.94962007286838
2.39,12.890000000,/angrybird/agiros_pilot/command.collective_thrust,9.950438496707383
2.39,12.890000000,/angrybird/agiros_pilot/command.collective_thrust,9.950438496707383
2.395,12.895000000,/angrybird/agiros_pilot/command.collective_thrust,9.950438496707383
2.4,12.900000000,/angrybird/agiros_pilot/command.collective_thrust,9.95118926946544
2.4,12.900000000,/angrybird/agiros_pilot/command.collective_thrust,9.95118926946544
2.4050000000000002,12.905000000,/angrybird/agiros_pilot/command.collective_thrust,9.95118926946544
2.41,12.910000000,/angrybird/agiros_pilot/command.collective_thrust,9.951872196277844
2.41,12.910000000,/angrybird/agiros_pilot/command.collective_thrust,9.951872196277844
2.415,12.915000000,/angrybird/agiros_pilot/command.collective_thrust,9.951872196277844
2.42,12.920000000,/angrybird/agiros_pilot/command.collective_thrust,9.952487020748615
2.42,12.920000000,/angrybird/agiros_pilot/command.collective_thrust,9.952487020748615
2.425,12.925000000,/angrybird/agiros_pilot/command.collective_thrust,9.952487020748615
2.43,12.930000000,/angrybird/agiros_pilot/command.collective_thrust,9.953033442059688
2.43,12.930000000,/angrybird/agiros_pilot/command.collective_thrust,9.953033442059688
2.435,12.935000000,/angrybird/agiros_pilot/command.collective_thrust,9.953033442059688
2.44,12.940000000,/angrybird/agiros_pilot/command.collective_thrust,9.953511129239924
2.44,12.940000000,/angrybird/agiros_pilot/command.collective_thrust,9.953511129239924
2.445,12.945000000,/angrybird/agiros_pilot/command.collective_thrust,9.953511129239924
2.45,12.950000000,/angrybird/agiros_pilot/command.collective_thrust,9.953919732895198
2.45,12.950000000,/angrybird/agiros_pilot/command.collective_thrust,9.953919732895198
2.455,12.955000000,/angrybird/agiros_pilot/command.collective_thrust,9.953919732895198
2.46,12.960000000,/angrybird/agiros_pilot/command.collective_thrust,9.954258894550566
2.46,12.960000000,/angrybird/agiros_pilot/command.collective_thrust,9.954258894550566
2.465,12.965000000,/angrybird/agiros_pilot/command.collective_thrust,9.954258894550566
2.47,12.970000000,/angrybird/agiros_pilot/command.collective_thrust,9.954528253775653
2.47,12.970000000,/angrybird/agiros_pilot/command.collective_thrust,9.954528253775653
2.475,12.975000000,/angrybird/agiros_pilot/command.collective_thrust,9.954528253775653
2.48,12.980000000,/angrybird/agiros_pilot/command.collective_thrust,9.954727453370381
2.48,12.980000000,/angrybird/agiros_pilot/command.collective_thrust,9.954727453370381
2.485,12.985000000,/angrybird/agiros_pilot/command.collective_thrust,9.954727453370381
2.49,12.990000000,/angrybird/agiros_pilot/command.collective_thrust,9.954856142998455
2.49,12.990000000,/angrybird/agiros_pilot/command.collective_thrust,9.954856142998455
2.495,12.995000000,/angrybird/agiros_pilot/command.collective_thrust,9.954856142998455
2.5,13.000000000,/angrybird/agiros_pilot/command.collective_thrust,9.954913981712028
2.5,13.000000000,/angrybird/agiros_pilot/command.collective_thrust,9.954913981712028
2.505,13.005000000,/angrybird/agiros_pilot/command.collective_thrust,9.954913981712028
2.51,13.010000000,/angrybird/agiros_pilot/command.collective_thrust,9.954900639790386
2.51,13.010000000,/angrybird/agiros_pilot/command.collective_thrust,9.954900639790386
2.515,13.015000000,/angrybird/agiros_pilot/command.collective_thrust,9.954900639790386
2.52,13.020000000,/angrybird/agiros_pilot/command.collective_thrust,9.954815800227758
2.52,13.020000000,/angrybird/agiros_pilot/command.collective_thrust,9.954815800227758
2.525,13.025000000,/angrybird/agiros_pilot/command.collective_thrust,9.954815800227758
2.5300000000000002,13.030000000,/angrybird/agiros_pilot/command.collective_thrust,9.954659160078952
2.5300000000000002,13.030000000,/angrybird/agiros_pilot/command.collective_thrust,9.954659160078952
2.535,13.035000000,/angrybird/agiros_pilot/command.collective_thrust,9.954549753107477
2.535,13.035000000,/angrybird/agiros_pilot/command.collective_thrust,9.954659160078952
2.54,13.040000000,/angrybird/agiros_pilot/command.collective_thrust,9.954549753107477
2.545,13.045000000,/angrybird/agiros_pilot/command.collective_thrust,9.954549753107477
2.545,13.045000000,/angrybird/agiros_pilot/command.collective_thrust,9.954288905774504
2.55,13.050000000,/angrybird/agiros_pilot/command.collective_thrust,9.954288905774504
2.555,13.055000000,/angrybird/agiros_pilot/command.collective_thrust,9.95395158728449
2.555,13.055000000,/angrybird/agiros_pilot/command.collective_thrust,9.954288905774504
2.56,13.060000000,/angrybird/agiros_pilot/command.collective_thrust,9.95395158728449
2.565,13.065000000,/angrybird/agiros_pilot/command.collective_thrust,9.953541257557438
2.565,13.065000000,/angrybird/agiros_pilot/command.collective_thrust,9.95395158728449
2.5700000000000003,13.070000000,/angrybird/agiros_pilot/command.collective_thrust,9.953541257557438
2.575,13.075000000,/angrybird/agiros_pilot/command.collective_thrust,9.953541257557438
2.575,13.075000000,/angrybird/agiros_pilot/command.collective_thrust,9.953058010141863
2.58,13.080000000,/angrybird/agiros_pilot/command.collective_thrust,9.953058010141863
2.585,13.085000000,/angrybird/agiros_pilot/command.collective_thrust,9.953058010141863
2.585,13.085000000,/angrybird/agiros_pilot/command.collective_thrust,9.952501756896487
2.59,13.090000000,/angrybird/agiros_pilot/command.collective_thrust,9.952501756896487
2.595,13.095000000,/angrybird/agiros_pilot/command.collective_thrust,9.951872325367749
2.595,13.095000000,/angrybird/agiros_pilot/command.collective_thrust,9.952501756896487
2.6,13.100000000,/angrybird/agiros_pilot/command.collective_thrust,9.951872325367749
2.605,13.105000000,/angrybird/agiros_pilot/command.collective_thrust,9.951872325367749
2.605,13.105000000,/angrybird/agiros_pilot/command.collective_thrust,9.95116949960159
2.61,13.110000000,/angrybird/agiros_pilot/command.collective_thrust,9.95116949960159
2.615,13.115000000,/angrybird/agiros_pilot/command.collective_thrust,9.950393051595062
2.615,13.115000000,/angrybird/agiros_pilot/command.collective_thrust,9.95116949960159
2.62,13.120000000,/angrybird/agiros_pilot/command.collective_thrust,9.950393051595062
2.625,13.125000000,/angrybird/agiros_pilot/command.collective_thrust,9.950393051595062
2.625,13.125000000,/angrybird/agiros_pilot/command.collective_thrust,9.94954277528358
2.63,13.130000000,/angrybird/agiros_pilot/command.collective_thrust,9.94954277528358
2.635,13.135000000,/angrybird/agiros_pilot/command.collective_thrust,9.948618510986027
2.635,13.135000000,/angrybird/agiros_pilot/command.collective_thrust,9.94954277528358
2.64,13.140000000,/angrybird/agiros_pilot/command.collective_thrust,9.948618510986027
2.645,13.145000000,/angrybird/agiros_pilot/command.collective_thrust,9.947620155990506
2.645,13.145000000,/angrybird/agiros_pilot/command.collective_thrust,9.948618510986027
2.65,13.150000000,/angrybird/agiros_pilot/command.collective_thrust,9.947620155990506
2.6550000000000002,13.155000000,/angrybird/agiros_pilot/command.collective_thrust,9.946547661590897
2.6550000000000002,13.155000000,/angrybird/agiros_pilot/command.collective_thrust,9.947620155990506
2.66,13.160000000,/angrybird/agiros_pilot/command.collective_thrust,9.946547661590897
2.665,13.165000000,/angrybird/agiros_pilot/command.collective_thrust,9.946547661590897
2.665,13.165000000,/angrybird/agiros_pilot/command.collective_thrust,9.94540102068201
2.67,13.170000000,/angrybird/agiros_pilot/command.collective_thrust,9.94540102068201
2.675,13.175000000,/angrybird/agiros_pilot/command.collective_thrust,9.944180251851265
2.675,13.175000000,/angrybird/agiros_pilot/command.collective_thrust,9.94540102068201
2.68,13.180000000,/angrybird/agiros_pilot/command.collective_thrust,9.944180251851265
2.685,13.185000000,/angrybird/agiros_pilot/command.collective_thrust,9.942885385543132
2.685,13.185000000,/angrybird/agiros_pilot/command.collective_thrust,9.944180251851265
2.69,13.190000000,/angrybird/agiros_pilot/command.collective_thrust,9.942885385543132
2.6950000000000003,13.195000000,/angrybird/agiros_pilot/command.collective_thrust,9.941516455939958
2.6950000000000003,13.195000000,/angrybird/agiros_pilot/command.collective_thrust,9.942885385543132
2.7,13.200000000,/angrybird/agiros_pilot/command.collective_thrust,9.941516455939958
2.7,13.200000000,/angrybird/agiros_pilot/command.collective_thrust,9.941516455939958
2.705,13.205000000,/angrybird/agiros_pilot/command.collective_thrust,9.940073499645186
2.71,13.210000000,/angrybird/agiros_pilot/command.collective_thrust,9.940073499645186
2.71,13.210000000,/angrybird/agiros_pilot/command.collective_thrust,9.940073499645186
2.715,13.215000000,/angrybird/agiros_pilot/command.collective_thrust,9.938556559975149
2.72,13.220000000,/angrybird/agiros_pilot/command.collective_thrust,9.938556559975149
2.72,13.220000000,/angrybird/agiros_pilot/command.collective_thrust,9.938556559975149
2.725,13.225000000,/angrybird/agiros_pilot/command.collective_thrust,9.936965694275997
2.73,13.230000000,/angrybird/agiros_pilot/command.collective_thrust,9.936965694275997
2.73,13.230000000,/angrybird/agiros_pilot/command.collective_thrust,9.936965694275997
2.7350000000000003,13.235000000,/angrybird/agiros_pilot/command.collective_thrust,9.935300981385193
2.74,13.240000000,/angrybird/agiros_pilot/command.collective_thrust,9.935300981385193
2.74,13.240000000,/angrybird/agiros_pilot/command.collective_thrust,9.935300981385193
2.745,13.245000000,/angrybird/agiros_pilot/command.collective_thrust,9.93356252698419
2.75,13.250000000,/angrybird/agiros_pilot/command.collective_thrust,9.93356252698419
2.75,13.250000000,/angrybird/agiros_pilot/command.collective_thrust,9.93356252698419
2.755,13.255000000,/angrybird/agiros_pilot/command.collective_thrust,9.931750465739086
2.76,13.260000000,/angrybird/agiros_pilot/command.collective_thrust,9.931750465739086
2.76,13.260000000,/angrybird/agiros_pilot/command.collective_thrust,9.931750465739086
2.765,13.265000000,/angrybird/agiros_pilot/command.collective_thrust,9.929864960335147
2.77,13.270000000,/angrybird/agiros_pilot/command.collective_thrust,9.929864960335147
2.77,13.270000000,/angrybird/agiros_pilot/command.collective_thrust,9.929864960335147
2.775,13.275000000,/angrybird/agiros_pilot/command.collective_thrust,9.927906198405703
2.7800000000000002,13.280000000,/angrybird/agiros_pilot/command.collective_thrust,9.927906198405703
2.7800000000000002,13.280000000,/angrybird/agiros_pilot/command.collective_thrust,9.927906198405703
2.785,13.285000000,/angrybird/agiros_pilot/command.collective_thrust,9.925874388744212
2.79,13.290000000,/angrybird/agiros_pilot/command.collective_thrust,9.925874388744212
2.79,13.290000000,/angrybird/agiros_pilot/command.collective_thrust,9.925874388744212
2.795,13.295000000,/angrybird/agiros_pilot/command.collective_thrust,9.923769758072346
2.8,13.300000000,/angrybird/agiros_pilot/command.collective_thrust,9.923769758072346
2.8,13.300000000,/angrybird/agiros_pilot/command.collective_thrust,9.923769758072346
2.805,13.305000000,/angrybird/agiros_pilot/command.collective_thrust,9.92159254917091
2.81,13.310000000,/angrybird/agiros_pilot/command.collective_thrust,9.92159254917091
2.81,13.310000000,/angrybird/agiros_pilot/command.collective_thrust,9.92159254917091
2.815,13.315000000,/angrybird/agiros_pilot/command.collective_thrust,9.919343020583643
2.8200000000000003,13.320000000,/angrybird/agiros_pilot/command.collective_thrust,9.919343020583643
2.8200000000000003,13.320000000,/angrybird/agiros_pilot/command.collective_thrust,9.919343020583643
2.825,13.325000000,/angrybird/agiros_pilot/command.collective_thrust,9.917021447586004
2.83,13.330000000,/angrybird/agiros_pilot/command.collective_thrust,9.917021447586004
2.83,13.330000000,/angrybird/agiros_pilot/command.collective_thrust,9.917021447586004
2.835,13.335000000,/angrybird/agiros_pilot/command.collective_thrust,9.91462812380573
2.84,13.340000000,/angrybird/agiros_pilot/command.collective_thrust,9.91462812380573
2.84,13.340000000,/angrybird/agiros_pilot/command.collective_thrust,9.91462812380573
2.845,13.345000000,/angrybird/agiros_pilot/command.collective_thrust,9.912208520918488
2.85,13.350000000,/angrybird/agiros_pilot/command.collective_thrust,9.912208520918488
2.85,13.350000000,/angrybird/agiros_pilot/command.collective_thrust,9.912208520918488
2.855,13.355000000,/angrybird/agiros_pilot/command.collective_thrust,9.909793485423716
2.8600000000000003,13.360000000,/angrybird/agiros_pilot/command.collective_thrust,9.909793485423716
2.8600000000000003,13.360000000,/angrybird/agiros_pilot/command.collective_thrust,9.909793485423716
2.865,13.365000000,/angrybird/agiros_pilot/command.collective_thrust,9.907366042252514
2.865,13.365000000,/angrybird/agiros_pilot/command.collective_thrust,9.907366042252514
2.87,13.370000000,/angrybird/agiros_pilot/command.collective_thrust,9.907366042252514
2.875,13.375000000,/angrybird/agiros_pilot/command.collective_thrust,9.904913638572268
2.875,13.375000000,/angrybird/agiros_pilot/command.collective_thrust,9.904913638572268
2.88,13.380000000,/angrybird/agiros_pilot/command.collective_thrust,9.904913638572268
2.885,13.385000000,/angrybird/agiros_pilot/command.collective_thrust,9.902426678529867
2.885,13.385000000,/angrybird/agiros_pilot/command.collective_thrust,9.902426678529867
2.89,13.390000000,/angrybird/agiros_pilot/command.collective_thrust,9.902426678529867
2.895,13.395000000,/angrybird/agiros_pilot/command.collective_thrust,9.899897702392758
2.895,13.395000000,/angrybird/agiros_pilot/command.collective_thrust,9.899897702392758
2.9,13.400000000,/angrybird/agiros_pilot/command.collective_thrust,9.899897702392758
2.9050000000000002,13.405000000,/angrybird/agiros_pilot/command.collective_thrust,9.89732095087441
2.9050000000000002,13.405000000,/angrybird/agiros_pilot/command.collective_thrust,9.89732095087441
2.91,13.410000000,/angrybird/agiros_pilot/command.collective_thrust,9.89732095087441
2.915,13.415000000,/angrybird/agiros_pilot/command.collective_thrust,9.894692019701807
2.915,13.415000000,/angrybird/agiros_pilot/command.collective_thrust,9.894692019701807
2.92,13.420000000,/angrybird/agiros_pilot/command.collective_thrust,9.894692019701807
2.925,13.425000000,/angrybird/agiros_pilot/command.collective_thrust,9.892007583711072
2.925,13.425000000,/angrybird/agiros_pilot/command.collective_thrust,9.892007583711072
2.93,13.430000000,/angrybird/agiros_pilot/command.collective_thrust,9.892007583711072
2.935,13.435000000,/angrybird/agiros_pilot/command.collective_thrust,9.889265174100435
2.935,13.435000000,/angrybird/agiros_pilot/command.collective_thrust,9.889265174100435
2.94,13.440000000,/angrybird/agiros_pilot/command.collective_thrust,9.889265174100435
2.9450000000000003,13.445000000,/angrybird/agiros_pilot/command.collective_thrust,9.886462997411025
2.9450000000000003,13.445000000,/angrybird/agiros_pilot/command.collective_thrust,9.886462997411025
2.95,13.450000000,/angrybird/agiros_pilot/command.collective_thrust,9.886462997411025
2.955,13.455000000,/angrybird/agiros_pilot/command.collective_thrust,9.883599789100977
2.955,13.455000000,/angrybird/agiros_pilot/command.collective_thrust,9.883599789100977
2.96,13.460000000,/angrybird/agiros_pilot/command.collective_thrust,9.883599789100977
2.965,13.465000000,/angrybird/agiros_pilot/command.collective_thrust,9.880674696932768
2.965,13.465000000,/angrybird/agiros_pilot/command.collective_thrust,9.880674696932768
2.97,13.470000000,/angrybird/agiros_pilot/command.collective_thrust,9.880674696932768
2.975,13.475000000,/angrybird/agiros_pilot/command.collective_thrust,9.8776871902519
2.975,13.475000000,/angrybird/agiros_pilot/command.collective_thrust,9.8776871902519
2.98,13.480000000,/angrybird/agiros_pilot/command.collective_thrust,9.8776871902519
2.9850000000000003,13.485000000,/angrybird/agiros_pilot/command.collective_thrust,9.8746369912126
2.9850000000000003,13.485000000,/angrybird/agiros_pilot/command.collective_thrust,9.8746369912126
2.99,13.490000000,/angrybird/agiros_pilot/command.collective_thrust,9.8746369912126
2.995,13.495000000,/angrybird/agiros_pilot/command.collective_thrust,9.871524023713999
2.995,13.495000000,/angrybird/agiros_pilot/command.collective_thrust,9.871524023713999
3,13.500000000,/angrybird/agiros_pilot/command.collective_thrust,9.871524023713999
3.005,13.505000000,/angrybird/agiros_pilot/command.collective_thrust,9.868348375711957
3.005,13.505000000,/angrybird/agiros_pilot/command.collective_thrust,9.868348375711957
3.01,13.510000000,/angrybird/agiros_pilot/command.collective_thrust,9.868348375711957
3.015,13.515000000,/angrybird/agiros_pilot/command.collective_thrust,9.865110270892057
3.015,13.515000000,/angrybird/agiros_pilot/command.collective_thrust,9.865110270892057
3.02,13.520000000,/angrybird/agiros_pilot/command.collective_thrust,9.865110270892057
3.025,13.525000000,/angrybird/agiros_pilot/command.collective_thrust,9.861810046426541
3.025,13.525000000,/angrybird/agiros_pilot/command.collective_thrust,9.861810046426541
3.03,13.530000000,/angrybird/agiros_pilot/command.collective_thrust,9.861810046426541
3.03,13.530000000,/angrybird/agiros_pilot/command.collective_thrust,9.860123116421624
3.035,13.535000000,/angrybird/agiros_pilot/command.collective_thrust,9.860123116421624
3.04,13.540000000,/angrybird/agiros_pilot/command.collective_thrust,9.856743807902337
3.04,13.540000000,/angrybird/agiros_pilot/command.collective_thrust,9.860123116421624
3.045,13.545000000,/angrybird/agiros_pilot/command.collective_thrust,9.856743807902337
3.05,13.550000000,/angrybird/agiros_pilot/command.collective_thrust,9.853290734508649
3.05,13.550000000,/angrybird/agiros_pilot/command.collective_thrust,9.856743807902337
3.055,13.555000000,/angrybird/agiros_pilot/command.collective_thrust,9.853290734508649
3.06,13.560000000,/angrybird/agiros_pilot/command.collective_thrust,9.849779390295069
3.06,13.560000000,/angrybird/agiros_pilot/command.collective_thrust,9.853290734508649
3.065,13.565000000,/angrybird/agiros_pilot/command.collective_thrust,9.849779390295069
3.07,13.570000000,/angrybird/agiros_pilot/command.collective_thrust,9.849779390295069
3.07,13.570000000,/angrybird/agiros_pilot/command.collective_thrust,9.846207452156975
3.075,13.575000000,/angrybird/agiros_pilot/command.collective_thrust,9.846207452156975
3.08,13.580000000,/angrybird/agiros_pilot/command.collective_thrust,9.842576410071507
3.08,13.580000000,/angrybird/agiros_pilot/command.collective_thrust,9.846207452156975
3.085,13.585000000,/angrybird/agiros_pilot/command.collective_thrust,9.842576410071507
3.09,13.590000000,/angrybird/agiros_pilot/command.collective_thrust,9.842576410071507
3.09,13.590000000,/angrybird/agiros_pilot/command.collective_thrust,9.838887233738678
3.095,13.595000000,/angrybird/agiros_pilot/command.collective_thrust,9.838887233738678
3.1,13.600000000,/angrybird/agiros_pilot/command.collective_thrust,9.8351406682516
3.1,13.600000000,/angrybird/agiros_pilot/command.collective_thrust,9.838887233738678
3.105,13.605000000,/angrybird/agiros_pilot/command.collective_thrust,9.8351406682516
3.11,13.610000000,/angrybird/agiros_pilot/command.collective_thrust,9.8351406682516
3.11,13.610000000,/angrybird/agiros_pilot/command.collective_thrust,9.831337358877073
3.115,13.615000000,/angrybird/agiros_pilot/command.collective_thrust,9.831337358877073
3.12,13.620000000,/angrybird/agiros_pilot/command.collective_thrust,9.831337358877073
3.12,13.620000000,/angrybird/agiros_pilot/command.collective_thrust,9.827477942199636
3.125,13.625000000,/angrybird/agiros_pilot/command.collective_thrust,9.827477942199636
3.13,13.630000000,/angrybird/agiros_pilot/command.collective_thrust,9.827477942199636
3.13,13.630000000,/angrybird/agiros_pilot/command.collective_thrust,9.823563120478667
3.135,13.635000000,/angrybird/agiros_pilot/command.collective_thrust,9.823563120478667
3.14,13.640000000,/angrybird/agiros_pilot/command.collective_thrust,9.819593700612497
3.14,13.640000000,/angrybird/agiros_pilot/command.collective_thrust,9.823563120478667
3.145,13.645000000,/angrybird/agiros_pilot/command.collective_thrust,9.819593700612497
3.15,13.650000000,/angrybird/agiros_pilot/command.collective_thrust,9.815570595533853
3.15,13.650000000,/angrybird/agiros_pilot/command.collective_thrust,9.819593700612497
3.155,13.655000000,/angrybird/agiros_pilot/command.collective_thrust,9.815570595533853
3.16,13.660000000,/angrybird/agiros_pilot/command.collective_thrust,9.815570595533853
3.16,13.660000000,/angrybird/agiros_pilot/command.collective_thrust,9.81149479694198
3.165,13.665000000,/angrybird/agiros_pilot/command.collective_thrust,9.81149479694198
3.17,13.670000000,/angrybird/agiros_pilot/command.collective_thrust,9.81149479694198
3.17,13.670000000,/angrybird/agiros_pilot/command.collective_thrust,9.807367334505349
3.175,13.675000000,/angrybird/agiros_pilot/command.collective_thrust,9.807367334505349
3.18,13.680000000,/angrybird/agiros_pilot/command.collective_thrust,9.807367334505349
3.18,13.680000000,/angrybird/agiros_pilot/command.collective_thrust,9.803189237010832
3.185,13.685000000,/angrybird/agiros_pilot/command.collective_thrust,9.803189237010832
3.19,13.690000000,/angrybird/agiros_pilot/command.collective_thrust,9.803189237010832
3.19,13.690000000,/angrybird/agiros_pilot/command.collective_thrust,9.79896150658698
3.195,13.695000000,/angrybird/agiros_pilot/command.collective_thrust,9.79896150658698
3.195,13.695000000,/angrybird/agiros_pilot/command.collective_thrust,9.79896150658698
3.2,13.700000000,/angrybird/agiros_pilot/command.collective_thrust,9.794685110524728
3.205,13.705000000,/angrybird/agiros_pilot/command.collective_thrust,9.794685110524728
3.205,13.705000000,/angrybird/agiros_pilot/command.collective_thrust,9.794685110524728
3.21,13.710000000,/angrybird/agiros_pilot/command.collective_thrust,9.79036098887554
3.215,13.715000000,/angrybird/agiros_pilot/command.collective_thrust,9.79036098887554
3.215,13.715000000,/angrybird/agiros_pilot/command.collective_thrust,9.79036098887554
3.22,13.720000000,/angrybird/agiros_pilot/command.collective_thrust,9.785990071742248
3.225,13.725000000,/angrybird/agiros_pilot/command.collective_thrust,9.785990071742248
3.225,13.725000000,/angrybird/agiros_pilot/command.collective_thrust,9.785990071742248
3.23,13.730000000,/angrybird/agiros_pilot/command.collective_thrust,9.781573298751205
3.235,13.735000000,/angrybird/agiros_pilot/command.collective_thrust,9.781573298751205
3.235,13.735000000,/angrybird/agiros_pilot/command.collective_thrust,9.781573298751205
3.24,13.740000000,/angrybird/agiros_pilot/command.collective_thrust,9.777111634345673
3.245,13.745000000,/angrybird/agiros_pilot/command.collective_thrust,9.777111634345673
3.245,13.745000000,/angrybird/agiros_pilot/command.collective_thrust,9.777111634345673
3.25,13.750000000,/angrybird/agiros_pilot/command.collective_thrust,9.772606075306495
3.255,13.755000000,/angrybird/agiros_pilot/command.collective_thrust,9.772606075306495
3.255,13.755000000,/angrybird/agiros_pilot/command.collective_thrust,9.772606075306495
3.26,13.760000000,/angrybird/agiros_pilot/command.collective_thrust,9.768057650077774
3.265,13.765000000,/angrybird/agiros_pilot/command.collective_thrust,9.768057650077774
3.265,13.765000000,/angrybird/agiros_pilot/command.collective_thrust,9.768057650077774
3.27,13.770000000,/angrybird/agiros_pilot/command.collective_thrust,9.763467412012721
3.275,13.775000000,/angrybird/agiros_pilot/command.collective_thrust,9.763467412012721
3.275,13.775000000,/angrybird/agiros_pilot/command.collective_thrust,9.763467412012721
3.2800000000000002,13.780000000,/angrybird/agiros_pilot/command.collective_thrust,9.758836429947987
3.285,13.785000000,/angrybird/agiros_pilot/command.collective_thrust,9.758836429947987
3.285,13.785000000,/angrybird/agiros_pilot/command.collective_thrust,9.758836429947987
3.29,13.790000000,/angrybird/agiros_pilot/command.collective_thrust,9.7541657794845
3.295,13.795000000,/angrybird/agiros_pilot/command.collective_thrust,9.7541657794845
3.295,13.795000000,/angrybird/agiros_pilot/command.collective_thrust,9.7541657794845
3.3,13.800000000,/angrybird/agiros_pilot/command.collective_thrust,9.749456537320174
3.305,13.805000000,/angrybird/agiros_pilot/command.collective_thrust,9.749456537320174
3.305,13.805000000,/angrybird/agiros_pilot/command.collective_thrust,9.749456537320174
3.31,13.810000000,/angrybird/agiros_pilot/command.collective_thrust,9.744709779502504
3.315,13.815000000,/angrybird/agiros_pilot/command.collective_thrust,9.744709779502504
3.315,13.815000000,/angrybird/agiros_pilot/command.collective_thrust,9.744709779502504
3.32,13.820000000,/angrybird/agiros_pilot/command.collective_thrust,9.739926583090213
3.325,13.825000000,/angrybird/agiros_pilot/command.collective_thrust,9.739926583090213
3.325,13.825000000,/angrybird/agiros_pilot/command.collective_thrust,9.739926583090213
3.33,13.830000000,/angrybird/agiros_pilot/command.collective_thrust,9.735108029821811
3.335,13.835000000,/angrybird/agiros_pilot/command.collective_thrust,9.735108029821811
3.335,13.835000000,/angrybird/agiros_pilot/command.collective_thrust,9.735108029821811
3.34,13.840000000,/angrybird/agiros_pilot/command.collective_thrust,9.730255210130903
3.345,13.845000000,/angrybird/agiros_pilot/command.collective_thrust,9.730255210130903
3.345,13.845000000,/angrybird/agiros_pilot/command.collective_thrust,9.730255210130903
3.35,13.850000000,/angrybird/agiros_pilot/command.collective_thrust,9.725369226148192
3.355,13.855000000,/angrybird/agiros_pilot/command.collective_thrust,9.725369226148192
3.355,13.855000000,/angrybird/agiros_pilot/command.collective_thrust,9.725369226148192
3.36,13.860000000,/angrybird/agiros_pilot/command.collective_thrust,9.720451192960638
3.36,13.860000000,/angrybird/agiros_pilot/command.collective_thrust,9.720451192960638
3.365,13.865000000,/angrybird/agiros_pilot/command.collective_thrust,9.720451192960638
3.37,13.870000000,/angrybird/agiros_pilot/command.collective_thrust,9.715502238095103
3.37,13.870000000,/angrybird/agiros_pilot/command.collective_thrust,9.715502238095103
3.375,13.875000000,/angrybird/agiros_pilot/command.collective_thrust,9.715502238095103
3.38,13.880000000,/angrybird/agiros_pilot/command.collective_thrust,9.710523499729614
3.38,13.880000000,/angrybird/agiros_pilot/command.collective_thrust,9.710523499729614
3.385,13.885000000,/angrybird/agiros_pilot/command.collective_thrust,9.710523499729614
3.39,13.890000000,/angrybird/agiros_pilot/command.collective_thrust,9.705516124391682
3.39,13.890000000,/angrybird/agiros_pilot/command.collective_thrust,9.705516124391682
3.395,13.895000000,/angrybird/agiros_pilot/command.collective_thrust,9.705516124391682
3.4,13.900000000,/angrybird/agiros_pilot/command.collective_thrust,9.700481264870808
3.4,13.900000000,/angrybird/agiros_pilot/command.collective_thrust,9.700481264870808
3.4050000000000002,13.905000000,/angrybird/agiros_pilot/command.collective_thrust,9.700481264870808
3.41,13.910000000,/angrybird/agiros_pilot/command.collective_thrust,9.69542007883077
3.41,13.910000000,/angrybird/agiros_pilot/command.collective_thrust,9.69542007883077
3.415,13.915000000,/angrybird/agiros_pilot/command.collective_thrust,9.69542007883077
3.42,13.920000000,/angrybird/agiros_pilot/command.collective_thrust,9.69033372828028
3.42,13.920000000,/angrybird/agiros_pilot/command.collective_thrust,9.69033372828028
3.425,13.925000000,/angrybird/agiros_pilot/command.collective_thrust,9.69033372828028
3.43,13.930000000,/angrybird/agiros_pilot/command.collective_thrust,9.685223379766748
3.43,13.930000000,/angrybird/agiros_pilot/command.collective_thrust,9.685223379766748
3.435,13.935000000,/angrybird/agiros_pilot/command.collective_thrust,9.685223379766748
3.44,13.940000000,/angrybird/agiros_pilot/command.collective_thrust,9.680090204974729
3.44,13.940000000,/angrybird/agiros_pilot/command.collective_thrust,9.680090204974729
3.445,13.945000000,/angrybird/agiros_pilot/command.collective_thrust,9.680090204974729
3.45,13.950000000,/angrybird/agiros_pilot/command.collective_thrust,9.67493538136865
3.45,13.950000000,/angrybird/agiros_pilot/command.collective_thrust,9.67493538136865
3.455,13.955000000,/angrybird/agiros_pilot/command.collective_thrust,9.67493538136865
3.46,13.960000000,/angrybird/agiros_pilot/command.collective_thrust,9.669760092594402
3.46,13.960000000,/angrybird/agiros_pilot/command.collective_thrust,9.669760092594402
3.465,13.965000000,/angrybird/agiros_pilot/command.collective_thrust,9.669760092594402
3.47,13.970000000,/angrybird/agiros_pilot/command.collective_thrust,9.664565528496116
3.47,13.970000000,/angrybird/agiros_pilot/command.collective_thrust,9.664565528496116
3.475,13.975000000,/angrybird/agiros_pilot/command.collective_thrust,9.664565528496116
3.48,13.980000000,/angrybird/agiros_pilot/command.collective_thrust,9.659352884754233
3.48,13.980000000,/angrybird/agiros_pilot/command.collective_thrust,9.659352884754233
3.485,13.985000000,/angrybird/agiros_pilot/command.collective_thrust,9.659352884754233
3.49,13.990000000,/angrybird/agiros_pilot/command.collective_thrust,9.654123362262549
3.49,13.990000000,/angrybird/agiros_pilot/command.collective_thrust,9.654123362262549
3.495,13.995000000,/angrybird/agiros_pilot/command.collective_thrust,9.654123362262549
3.5,14.000000000,/angrybird/agiros_pilot/command.collective_thrust,9.64887816641101
3.5,14.000000000,/angrybird/agiros_pilot/command.collective_thrust,9.64887816641101
3.505,14.005000000,/angrybird/agiros_pilot/command.collective_thrust,9.64887816641101
3.51,14.010000000,/angrybird/agiros_pilot/command.collective_thrust,9.643618506427657
3.51,14.010000000,/angrybird/agiros_pilot/command.collective_thrust,9.643618506427657
3.515,14.015000000,/angrybird/agiros_pilot/command.collective_thrust,9.643618506427657
3.52,14.020000000,/angrybird/agiros_pilot/command.collective_thrust,9.638345594878185
3.52,14.020000000,/angrybird/agiros_pilot/command.collective_thrust,9.638345594878185
3.525,14.025000000,/angrybird/agiros_pilot/command.collective_thrust,9.635684161425539
3.525,14.025000000,/angrybird/agiros_pilot/command.collective_thrust,9.638345594878185
3.5300000000000002,14.030000000,/angrybird/agiros_pilot/command.collective_thrust,9.635684161425539
3.535,14.035000000,/angrybird/agiros_pilot/command.collective_thrust,9.630413248160608
3.535,14.035000000,/angrybird/agiros_pilot/command.collective_thrust,9.635684161425539
3.54,14.040000000,/angrybird/agiros_pilot/command.collective_thrust,9.630413248160608
3.545,14.045000000,/angrybird/agiros_pilot/command.collective_thrust,9.630413248160608
3.545,14.045000000,/angrybird/agiros_pilot/command.collective_thrust,9.625113285115532
3.55,14.050000000,/angrybird/agiros_pilot/command.collective_thrust,9.625113285115532
3.555,14.055000000,/angrybird/agiros_pilot/command.collective_thrust,9.619807595191178
3.555,14.055000000,/angrybird/agiros_pilot/command.collective_thrust,9.625113285115532
3.56,14.060000000,/angrybird/agiros_pilot/command.collective_thrust,9.619807595191178
3.565,14.065000000,/angrybird/agiros_pilot/command.collective_thrust,9.619807595191178
3.565,14.065000000,/angrybird/agiros_pilot/command.collective_thrust,9.614492369170797
3.5700000000000003,14.070000000,/angrybird/agiros_pilot/command.collective_thrust,9.614492369170797
3.575,14.075000000,/angrybird/agiros_pilot/command.collective_thrust,9.609170302198358
3.575,14.075000000,/angrybird/agiros_pilot/command.collective_thrust,9.614492369170797
3.58,14.080000000,/angrybird/agiros_pilot/command.collective_thrust,9.609170302198358
3.585,14.085000000,/angrybird/agiros_pilot/command.collective_thrust,9.609170302198358
3.585,14.085000000,/angrybird/agiros_pilot/command.collective_thrust,9.60384307414336
3.59,14.090000000,/angrybird/agiros_pilot/command.collective_thrust,9.60384307414336
3.595,14.095000000,/angrybird/agiros_pilot/command.collective_thrust,9.60384307414336
3.595,14.095000000,/angrybird/agiros_pilot/command.collective_thrust,9.59851193113225
3.6,14.100000000,/angrybird/agiros_pilot/command.collective_thrust,9.59851193113225
3.605,14.105000000,/angrybird/agiros_pilot/command.collective_thrust,9.59851193113225
3.605,14.105000000,/angrybird/agiros_pilot/command.collective_thrust,9.593177904758136
3.61,14.110000000,/angrybird/agiros_pilot/command.collective_thrust,9.593177904758136
3.615,14.115000000,/angrybird/agiros_pilot/command.collective_thrust,9.593177904758136
3.615,14.115000000,/angrybird/agiros_pilot/command.collective_thrust,9.587841962058231
3.62,14.120000000,/angrybird/agiros_pilot/command.collective_thrust,9.587841962058231
3.625,14.125000000,/angrybird/agiros_pilot/command.collective_thrust,9.587841962058231
3.625,14.125000000,/angrybird/agiros_pilot/command.collective_thrust,9.582617104675862
3.63,14.130000000,/angrybird/agiros_pilot/command.collective_thrust,9.582617104675862
3.635,14.135000000,/angrybird/agiros_pilot/command.collective_thrust,9.582617104675862
3.635,14.135000000,/angrybird/agiros_pilot/command.collective_thrust,9.577581905518818
3.64,14.140000000,/angrybird/agiros_pilot/command.collective_thrust,9.577581905518818
3.645,14.145000000,/angrybird/agiros_pilot/command.collective_thrust,9.57269758532566
3.645,14.145000000,/angrybird/agiros_pilot/command.collective_thrust,9.577581905518818
3.65,14.150000000,/angrybird/agiros_pilot/command.collective_thrust,9.57269758532566
3.6550000000000002,14.155000000,/angrybird/agiros_pilot/command.collective_thrust,9.567935550046633
3.6550000000000002,14.155000000,/angrybird/agiros_pilot/command.collective_thrust,9.57269758532566
3.66,14.160000000,/angrybird/agiros_pilot/command.collective_thrust,9.567935550046633
3.665,14.165000000,/angrybird/agiros_pilot/command.collective_thrust,9.567935550046633
3.665,14.165000000,/angrybird/agiros_pilot/command.collective_thrust,9.563273793820361
3.67,14.170000000,/angrybird/agiros_pilot/command.collective_thrust,9.563273793820361
3.675,14.175000000,/angrybird/agiros_pilot/command.collective_thrust,9.558694955492328
3.675,14.175000000,/angrybird/agiros_pilot/command.collective_thrust,9.563273793820361
3.68,14.180000000,/angrybird/agiros_pilot/command.collective_thrust,9.558694955492328
3.685,14.185000000,/angrybird/agiros_pilot/command.collective_thrust,9.554185365478284
3.685,14.185000000,/angrybird/agiros_pilot/command.collective_thrust,9.558694955492328
3.69,14.190000000,/angrybird/agiros_pilot/command.collective_thrust,9.554185365478284
3.69,14.190000000,/angrybird/agiros_pilot/command.collective_thrust,9.554185365478284
3.6950000000000003,14.195000000,/angrybird/agiros_pilot/command.collective_thrust,9.549734296338608
3.7,14.200000000,/angrybird/agiros_pilot/command.collective_thrust,9.549734296338608
3.7,14.200000000,/angrybird/agiros_pilot/command.collective_thrust,9.549734296338608
3.705,14.205000000,/angrybird/agiros_pilot/command.collective_thrust,9.545333376769188
3.71,14.210000000,/angrybird/agiros_pilot/command.collective_thrust,9.545333376769188
3.71,14.210000000,/angrybird/agiros_pilot/command.collective_thrust,9.545333376769188
3.715,14.215000000,/angrybird/agiros_pilot/command.collective_thrust,9.540976128374314
3.72,14.220000000,/angrybird/agiros_pilot/command.collective_thrust,9.540976128374314
3.72,14.220000000,/angrybird/agiros_pilot/command.collective_thrust,9.540976128374314
3.725,14.225000000,/angrybird/agiros_pilot/command.collective_thrust,9.536657592160745
3.73,14.230000000,/angrybird/agiros_pilot/command.collective_thrust,9.536657592160745
3.73,14.230000000,/angrybird/agiros_pilot/command.collective_thrust,9.536657592160745
3.7350000000000003,14.235000000,/angrybird/agiros_pilot/command.collective_thrust,9.532374022464817
3.74,14.240000000,/angrybird/agiros_pilot/command.collective_thrust,9.532374022464817
3.74,14.240000000,/angrybird/agiros_pilot/command.collective_thrust,9.532374022464817
3.745,14.245000000,/angrybird/agiros_pilot/command.collective_thrust,9.528122634546401
3.75,14.250000000,/angrybird/agiros_pilot/command.collective_thrust,9.528122634546401
3.75,14.250000000,/angrybird/agiros_pilot/command.collective_thrust,9.528122634546401
3.755,14.255000000,/angrybird/agiros_pilot/command.collective_thrust,9.523901397767421
3.76,14.260000000,/angrybird/agiros_pilot/command.collective_thrust,9.523901397767421
3.76,14.260000000,/angrybird/agiros_pilot/command.collective_thrust,9.523901397767421
3.765,14.265000000,/angrybird/agiros_pilot/command.collective_thrust,9.519708869153956
3.77,14.270000000,/angrybird/agiros_pilot/command.collective_thrust,9.519708869153956
3.77,14.270000000,/angrybird/agiros_pilot/command.collective_thrust,9.519708869153956
3.775,14.275000000,/angrybird/agiros_pilot/command.collective_thrust,9.515544062849997
3.7800000000000002,14.280000000,/angrybird/agiros_pilot/command.collective_thrust,9.515544062849997
3.7800000000000002,14.280000000,/angrybird/agiros_pilot/command.collective_thrust,9.515544062849997
3.785,14.285000000,/angrybird/agiros_pilot/command.collective_thrust,9.511406350470406
3.79,14.290000000,/angrybird/agiros_pilot/command.collective_thrust,9.511406350470406
3.79,14.290000000,/angrybird/agiros_pilot/command.collective_thrust,9.511406350470406
3.795,14.295000000,/angrybird/agiros_pilot/command.collective_thrust,9.507295386599036
3.8,14.300000000,/angrybird/agiros_pilot/command.collective_thrust,9.507295386599036
3.8,14.300000000,/angrybird/agiros_pilot/command.collective_thrust,9.507295386599036
3.805,14.305000000,/angrybird/agiros_pilot/command.collective_thrust,9.503211053337301
3.81,14.310000000,/angrybird/agiros_pilot/command.collective_thrust,9.503211053337301
3.81,14.310000000,/angrybird/agiros_pilot/command.collective_thrust,9.503211053337301
3.815,14.315000000,/angrybird/agiros_pilot/command.collective_thrust,9.499153418192131
3.8200000000000003,14.320000000,/angrybird/agiros_pilot/command.collective_thrust,9.499153418192131
3.8200000000000003,14.320000000,/angrybird/agiros_pilot/command.collective_thrust,9.499153418192131
3.825,14.325000000,/angrybird/agiros_pilot/command.collective_thrust,9.495122700646112
3.83,14.330000000,/angrybird/agiros_pilot/command.collective_thrust,9.495122700646112
3.83,14.330000000,/angrybird/agiros_pilot/command.collective_thrust,9.495122700646112
3.835,14.335000000,/angrybird/agiros_pilot/command.collective_thrust,9.491119244185336
3.84,14.340000000,/angrybird/agiros_pilot/command.collective_thrust,9.491119244185336
3.84,14.340000000,/angrybird/agiros_pilot/command.collective_thrust,9.491119244185336
3.845,14.345000000,/angrybird/agiros_pilot/command.collective_thrust,9.487143492004307
3.85,14.350000000,/angrybird/agiros_pilot/command.collective_thrust,9.487143492004307
3.85,14.350000000,/angrybird/agiros_pilot/command.collective_thrust,9.487143492004307
3.855,14.355000000,/angrybird/agiros_pilot/command.collective_thrust,9.483195965748372
3.855,14.355000000,/angrybird/agiros_pilot/command.collective_thrust,9.483195965748372
3.8600000000000003,14.360000000,/angrybird/agiros_pilot/command.collective_thrust,9.483195965748372
3.865,14.365000000,/angrybird/agiros_pilot/command.collective_thrust,9.479277247327044
3.865,14.365000000,/angrybird/agiros_pilot/command.collective_thrust,9.479277247327044
3.87,14.370000000,/angrybird/agiros_pilot/command.collective_thrust,9.479277247327044
3.875,14.375000000,/angrybird/agiros_pilot/command.collective_thrust,9.475387964029986
3.875,14.375000000,/angrybird/agiros_pilot/command.collective_thrust,9.475387964029986
3.88,14.380000000,/angrybird/agiros_pilot/command.collective_thrust,9.475387964029986
3.885,14.385000000,/angrybird/agiros_pilot/command.collective_thrust,9.471528777024579
3.885,14.385000000,/angrybird/agiros_pilot/command.collective_thrust,9.471528777024579
3.89,14.390000000,/angrybird/agiros_pilot/command.collective_thrust,9.471528777024579
3.895,14.395000000,/angrybird/agiros_pilot/command.collective_thrust,9.467700372991818
3.895,14.395000000,/angrybird/agiros_pilot/command.collective_thrust,9.467700372991818
3.9,14.400000000,/angrybird/agiros_pilot/command.collective_thrust,9.467700372991818
3.9050000000000002,14.405000000,/angrybird/agiros_pilot/command.collective_thrust,9.463903458344499
3.9050000000000002,14.405000000,/angrybird/agiros_pilot/command.collective_thrust,9.463903458344499
3.91,14.410000000,/angrybird/agiros_pilot/command.collective_thrust,9.463903458344499
3.915,14.415000000,/angrybird/agiros_pilot/command.collective_thrust,9.460138755288389
3.915,14.415000000,/angrybird/agiros_pilot/command.collective_thrust,9.460138755288389
3.92,14.420000000,/angrybird/agiros_pilot/command.collective_thrust,9.460138755288389
3.925,14.425000000,/angrybird/agiros_pilot/command.collective_thrust,9.456406998979142
3.925,14.425000000,/angrybird/agiros_pilot/command.collective_thrust,9.456406998979142
3.93,14.430000000,/angrybird/agiros_pilot/command.collective_thrust,9.456406998979142
3.935,14.435000000,/angrybird/agiros_pilot/command.collective_thrust,9.452708935171515
3.935,14.435000000,/angrybird/agiros_pilot/command.collective_thrust,9.452708935171515
3.94,14.440000000,/angrybird/agiros_pilot/command.collective_thrust,9.452708935171515
3.9450000000000003,14.445000000,/angrybird/agiros_pilot/command.collective_thrust,9.449045317987038
3.9450000000000003,14.445000000,/angrybird/agiros_pilot/command.collective_thrust,9.449045317987038
3.95,14.450000000,/angrybird/agiros_pilot/command.collective_thrust,9.449045317987038
3.955,14.455000000,/angrybird/agiros_pilot/command.collective_thrust,9.445416907661885
3.955,14.455000000,/angrybird/agiros_pilot/command.collective_thrust,9.445416907661885
3.96,14.460000000,/angrybird/agiros_pilot/command.collective_thrust,9.445416907661885
3.965,14.465000000,/angrybird/agiros_pilot/command.collective_thrust,9.44182446831797
3.965,14.465000000,/angrybird/agiros_pilot/command.collective_thrust,9.44182446831797
3.97,14.470000000,/angrybird/agiros_pilot/command.collective_thrust,9.44182446831797
3.975,14.475000000,/angrybird/agiros_pilot/command.collective_thrust,9.43826876589273
3.975,14.475000000,/angrybird/agiros_pilot/command.collective_thrust,9.43826876589273
3.98,14.480000000,/angrybird/agiros_pilot/command.collective_thrust,9.43826876589273
3.9850000000000003,14.485000000,/angrybird/agiros_pilot/command.collective_thrust,9.434750566369283
3.9850000000000003,14.485000000,/angrybird/agiros_pilot/command.collective_thrust,9.434750566369283
3.99,14.490000000,/angrybird/agiros_pilot/command.collective_thrust,9.434750566369283
3.995,14.495000000,/angrybird/agiros_pilot/command.collective_thrust,9.431270634392899
3.995,14.495000000,/angrybird/agiros_pilot/command.collective_thrust,9.431270634392899
4,14.500000000,/angrybird/agiros_pilot/command.collective_thrust,9.431270634392899
4.005,14.505000000,/angrybird/agiros_pilot/command.collective_thrust,9.427829732278004
4.005,14.505000000,/angrybird/agiros_pilot/command.collective_thrust,9.427829732278004
4.01,14.510000000,/angrybird/agiros_pilot/command.collective_thrust,9.427829732278004
4.015,14.515000000,/angrybird/agiros_pilot/command.collective_thrust,9.424428619337473
4.015,14.515000000,/angrybird/agiros_pilot/command.collective_thrust,9.424428619337473
4.02,14.520000000,/angrybird/agiros_pilot/command.collective_thrust,9.42272464294349
4.02,14.520000000,/angrybird/agiros_pilot/command.collective_thrust,9.424428619337473
4.025,14.525000000,/angrybird/agiros_pilot/command.collective_thrust,9.42272464294349
4.03,14.530000000,/angrybird/agiros_pilot/command.collective_thrust,9.419402550780763
4.03,14.530000000,/angrybird/agiros_pilot/command.collective_thrust,9.42272464294349
4.035,14.535000000,/angrybird/agiros_pilot/command.collective_thrust,9.419402550780763
4.04,14.540000000,/angrybird/agiros_pilot/command.collective_thrust,9.416104805166379
4.04,14.540000000,/angrybird/agiros_pilot/command.collective_thrust,9.419402550780763
4.045,14.545000000,/angrybird/agiros_pilot/command.collective_thrust,9.416104805166379
4.05,14.550000000,/angrybird/agiros_pilot/command.collective_thrust,9.412851610433822
4.05,14.550000000,/angrybird/agiros_pilot/command.collective_thrust,9.416104805166379
4.055,14.555000000,/angrybird/agiros_pilot/command.collective_thrust,9.412851610433822
4.06,14.560000000,/angrybird/agiros_pilot/command.collective_thrust,9.412851610433822
4.06,14.560000000,/angrybird/agiros_pilot/command.collective_thrust,9.409639919233625
4.065,14.565000000,/angrybird/agiros_pilot/command.collective_thrust,9.409639919233625
4.07,14.570000000,/angrybird/agiros_pilot/command.collective_thrust,9.406472051967345
4.07,14.570000000,/angrybird/agiros_pilot/command.collective_thrust,9.409639919233625
4.075,14.575000000,/angrybird/agiros_pilot/command.collective_thrust,9.406472051967345
4.08,14.580000000,/angrybird/agiros_pilot/command.collective_thrust,9.406472051967345
4.08,14.580000000,/angrybird/agiros_pilot/command.collective_thrust,9.403349172232334
4.085,14.585000000,/angrybird/agiros_pilot/command.collective_thrust,9.403349172232334
4.09,14.590000000,/angrybird/agiros_pilot/command.collective_thrust,9.403349172232334
4.09,14.590000000,/angrybird/agiros_pilot/command.collective_thrust,9.400271987614008
4.095,14.595000000,/angrybird/agiros_pilot/command.collective_thrust,9.400271987614008
4.1,14.600000000,/angrybird/agiros_pilot/command.collective_thrust,9.39724097553541
4.1,14.600000000,/angrybird/agiros_pilot/command.collective_thrust,9.400271987614008
4.105,14.605000000,/angrybird/agiros_pilot/command.collective_thrust,9.39724097553541
4.11,14.610000000,/angrybird/agiros_pilot/command.collective_thrust,9.39724097553541
4.11,14.610000000,/angrybird/agiros_pilot/command.collective_thrust,9.394256537826351
4.115,14.615000000,/angrybird/agiros_pilot/command.collective_thrust,9.394256537826351
4.12,14.620000000,/angrybird/agiros_pilot/command.collective_thrust,9.391319131768796
4.12,14.620000000,/angrybird/agiros_pilot/command.collective_thrust,9.394256537826351
4.125,14.625000000,/angrybird/agiros_pilot/command.collective_thrust,9.391319131768796
4.13,14.630000000,/angrybird/agiros_pilot/command.collective_thrust,9.391319131768796
4.13,14.630000000,/angrybird/agiros_pilot/command.collective_thrust,9.388429342260133
4.135,14.635000000,/angrybird/agiros_pilot/command.collective_thrust,9.388429342260133
4.14,14.640000000,/angrybird/agiros_pilot/command.collective_thrust,9.385587891384471
4.14,14.640000000,/angrybird/agiros_pilot/command.collective_thrust,9.388429342260133
4.145,14.645000000,/angrybird/agiros_pilot/command.collective_thrust,9.385587891384471
4.15,14.650000000,/angrybird/agiros_pilot/command.collective_thrust,9.385587891384471
4.15,14.650000000,/angrybird/agiros_pilot/command.collective_thrust,9.38279559964908
4.155,14.655000000,/angrybird/agiros_pilot/command.collective_thrust,9.38279559964908
4.16,14.660000000,/angrybird/agiros_pilot/command.collective_thrust,9.380053323428077
4.16,14.660000000,/angrybird/agiros_pilot/command.collective_thrust,9.38279559964908
4.165,14.665000000,/angrybird/agiros_pilot/command.collective_thrust,9.380053323428077
4.17,14.670000000,/angrybird/agiros_pilot/command.collective_thrust,9.377361893774284
4.17,14.670000000,/angrybird/agiros_pilot/command.collective_thrust,9.380053323428077
4.175,14.675000000,/angrybird/agiros_pilot/command.collective_thrust,9.377361893774284
4.18,14.680000000,/angrybird/agiros_pilot/command.collective_thrust,9.3747220746918
4.18,14.680000000,/angrybird/agiros_pilot/command.collective_thrust,9.377361893774284
4.185,14.685000000,/angrybird/agiros_pilot/command.collective_thrust,9.3747220746918
4.185,14.685000000,/angrybird/agiros_pilot/command.collective_thrust,9.3747220746918
4.19,14.690000000,/angrybird/agiros_pilot/command.collective_thrust,9.372134548366128
4.195,14.695000000,/angrybird/agiros_pilot/command.collective_thrust,9.372134548366128
4.195,14.695000000,/angrybird/agiros_pilot/command.collective_thrust,9.372134548366128
4.2,14.700000000,/angrybird/agiros_pilot/command.collective_thrust,9.369599924830968
4.205,14.705000000,/angrybird/agiros_pilot/command.collective_thrust,9.369599924830968
4.205,14.705000000,/angrybird/agiros_pilot/command.collective_thrust,9.369599924830968
4.21,14.710000000,/angrybird/agiros_pilot/command.collective_thrust,9.367118766925818
4.215,14.715000000,/angrybird/agiros_pilot/command.collective_thrust,9.367118766925818
4.215,14.715000000,/angrybird/agiros_pilot/command.collective_thrust,9.367118766925818
4.22,14.720000000,/angrybird/agiros_pilot/command.collective_thrust,9.364691619221038
4.225,14.725000000,/angrybird/agiros_pilot/command.collective_thrust,9.364691619221038
4.225,14.725000000,/angrybird/agiros_pilot/command.collective_thrust,9.364691619221038
4.23,14.730000000,/angrybird/agiros_pilot/command.collective_thrust,9.362319031329928
4.235,14.735000000,/angrybird/agiros_pilot/command.collective_thrust,9.362319031329928
4.235,14.735000000,/angrybird/agiros_pilot/command.collective_thrust,9.362319031329928
4.24,14.740000000,/angrybird/agiros_pilot/command.collective_thrust,9.360001570160474
4.245,14.745000000,/angrybird/agiros_pilot/command.collective_thrust,9.360001570160474
4.245,14.745000000,/angrybird/agiros_pilot/command.collective_thrust,9.360001570160474
4.25,14.750000000,/angrybird/agiros_pilot/command.collective_thrust,9.357739820343713
4.255,14.755000000,/angrybird/agiros_pilot/command.collective_thrust,9.357739820343713
4.255,14.755000000,/angrybird/agiros_pilot/command.collective_thrust,9.357739820343713
4.26,14.760000000,/angrybird/agiros_pilot/command.collective_thrust,9.355534375776188
4.265,14.765000000,/angrybird/agiros_pilot/command.collective_thrust,9.355534375776188
4.265,14.765000000,/angrybird/agiros_pilot/command.collective_thrust,9.355534375776188
4.27,14.770000000,/angrybird/agiros_pilot/command.collective_thrust,9.353385827081919
4.275,14.775000000,/angrybird/agiros_pilot/command.collective_thrust,9.353385827081919
4.275,14.775000000,/angrybird/agiros_pilot/command.collective_thrust,9.353385827081919
4.28,14.780000000,/angrybird/agiros_pilot/command.collective_thrust,9.351294749749323
4.285,14.785000000,/angrybird/agiros_pilot/command.collective_thrust,9.351294749749323
4.285,14.785000000,/angrybird/agiros_pilot/command.collective_thrust,9.351294749749323
4.29,14.790000000,/angrybird/agiros_pilot/command.collective_thrust,9.349261696248448
4.295,14.795000000,/angrybird/agiros_pilot/command.collective_thrust,9.349261696248448
4.295,14.795000000,/angrybird/agiros_pilot/command.collective_thrust,9.349261696248448
4.3,14.800000000,/angrybird/agiros_pilot/command.collective_thrust,9.347287193380447
4.305,14.805000000,/angrybird/agiros_pilot/command.collective_thrust,9.347287193380447
4.305,14.805000000,/angrybird/agiros_pilot/command.collective_thrust,9.347287193380447
4.31,14.810000000,/angrybird/agiros_pilot/command.collective_thrust,9.345371744227364
4.315,14.815000000,/angrybird/agiros_pilot/command.collective_thrust,9.345371744227364
4.315,14.815000000,/angrybird/agiros_pilot/command.collective_thrust,9.345371744227364
4.32,14.820000000,/angrybird/agiros_pilot/command.collective_thrust,9.343515832868581
4.325,14.825000000,/angrybird/agiros_pilot/command.collective_thrust,9.343515832868581
4.325,14.825000000,/angrybird/agiros_pilot/command.collective_thrust,9.343515832868581
4.33,14.830000000,/angrybird/agiros_pilot/command.collective_thrust,9.341719929689376
4.335,14.835000000,/angrybird/agiros_pilot/command.collective_thrust,9.341719929689376
4.335,14.835000000,/angrybird/agiros_pilot/command.collective_thrust,9.341719929689376
4.34,14.840000000,/angrybird/agiros_pilot/command.collective_thrust,9.339984495500904
4.345,14.845000000,/angrybird/agiros_pilot/command.collective_thrust,9.339984495500904
4.345,14.845000000,/angrybird/agiros_pilot/command.collective_thrust,9.339984495500904
4.35,14.850000000,/angrybird/agiros_pilot/command.collective_thrust,9.338309983511268
4.35,14.850000000,/angrybird/agiros_pilot/command.collective_thrust,9.338309983511268
4.355,14.855000000,/angrybird/agiros_pilot/command.collective_thrust,9.338309983511268
4.36,14.860000000,/angrybird/agiros_pilot/command.collective_thrust,9.336696839077124
4.36,14.860000000,/angrybird/agiros_pilot/command.collective_thrust,9.336696839077124
4.365,14.865000000,/angrybird/agiros_pilot/command.collective_thrust,9.336696839077124
4.37,14.870000000,/angrybird/agiros_pilot/command.collective_thrust,9.335145497843737
4.37,14.870000000,/angrybird/agiros_pilot/command.collective_thrust,9.335145497843737
4.375,14.875000000,/angrybird/agiros_pilot/command.collective_thrust,9.335145497843737
4.38,14.880000000,/angrybird/agiros_pilot/command.collective_thrust,9.333656383200438
4.38,14.880000000,/angrybird/agiros_pilot/command.collective_thrust,9.333656383200438
4.385,14.885000000,/angrybird/agiros_pilot/command.collective_thrust,9.333656383200438
4.39,14.890000000,/angrybird/agiros_pilot/command.collective_thrust,9.332229903938208
4.39,14.890000000,/angrybird/agiros_pilot/command.collective_thrust,9.332229903938208
4.395,14.895000000,/angrybird/agiros_pilot/command.collective_thrust,9.332229903938208
4.4,14.900000000,/angrybird/agiros_pilot/command.collective_thrust,9.330866452703654
4.4,14.900000000,/angrybird/agiros_pilot/command.collective_thrust,9.330866452703654
4.405,14.905000000,/angrybird/agiros_pilot/command.collective_thrust,9.330866452703654
4.41,14.910000000,/angrybird/agiros_pilot/command.collective_thrust,9.32956640545081
4.41,14.910000000,/angrybird/agiros_pilot/command.collective_thrust,9.32956640545081
4.415,14.915000000,/angrybird/agiros_pilot/command.collective_thrust,9.32956640545081
4.42,14.920000000,/angrybird/agiros_pilot/command.collective_thrust,9.328330121744761
4.42,14.920000000,/angrybird/agiros_pilot/command.collective_thrust,9.328330121744761
4.425,14.925000000,/angrybird/agiros_pilot/command.collective_thrust,9.328330121744761
4.43,14.930000000,/angrybird/agiros_pilot/command.collective_thrust,9.327157945557511
4.43,14.930000000,/angrybird/agiros_pilot/command.collective_thrust,9.327157945557511
4.4350000000000005,14.935000000,/angrybird/agiros_pilot/command.collective_thrust,9.327157945557511
4.44,14.940000000,/angrybird/agiros_pilot/command.collective_thrust,9.326050206147453
4.44,14.940000000,/angrybird/agiros_pilot/command.collective_thrust,9.326050206147453
4.445,14.945000000,/angrybird/agiros_pilot/command.collective_thrust,9.326050206147453
4.45,14.950000000,/angrybird/agiros_pilot/command.collective_thrust,9.32500721869837
4.45,14.950000000,/angrybird/agiros_pilot/command.collective_thrust,9.32500721869837
4.455,14.955000000,/angrybird/agiros_pilot/command.collective_thrust,9.32500721869837
4.46,14.960000000,/angrybird/agiros_pilot/command.collective_thrust,9.32402928455254
4.46,14.960000000,/angrybird/agiros_pilot/command.collective_thrust,9.32402928455254
4.465,14.965000000,/angrybird/agiros_pilot/command.collective_thrust,9.32402928455254
4.47,14.970000000,/angrybird/agiros_pilot/command.collective_thrust,9.323116691038674
4.47,14.970000000,/angrybird/agiros_pilot/command.collective_thrust,9.323116691038674
4.475,14.975000000,/angrybird/agiros_pilot/command.collective_thrust,9.323116691038674
4.48,14.980000000,/angrybird/agiros_pilot/command.collective_thrust,9.322269711016606
4.48,14.980000000,/angrybird/agiros_pilot/command.collective_thrust,9.322269711016606
4.485,14.985000000,/angrybird/agiros_pilot/command.collective_thrust,9.322269711016606
4.49,14.990000000,/angrybird/agiros_pilot/command.collective_thrust,9.321488602314114
4.49,14.990000000,/angrybird/agiros_pilot/command.collective_thrust,9.321488602314114
4.495,14.995000000,/angrybird/agiros_pilot/command.collective_thrust,9.321488602314114
4.5,15.000000000,/angrybird/agiros_pilot/command.collective_thrust,9.320773607218388
4.5,15.000000000,/angrybird/agiros_pilot/command.collective_thrust,9.320773607218388
4.505,15.005000000,/angrybird/agiros_pilot/command.collective_thrust,9.320773607218388
4.51,15.010000000,/angrybird/agiros_pilot/command.collective_thrust,9.320124952126008
4.51,15.010000000,/angrybird/agiros_pilot/command.collective_thrust,9.320124952126008
4.515,15.015000000,/angrybird/agiros_pilot/command.collective_thrust,9.320124952126008
4.515,15.015000000,/angrybird/agiros_pilot/command.collective_thrust,9.319819584636587
4.52,15.020000000,/angrybird/agiros_pilot/command.collective_thrust,9.319819584636587
4.525,15.025000000,/angrybird/agiros_pilot/command.collective_thrust,9.319276722191749
4.525,15.025000000,/angrybird/agiros_pilot/command.collective_thrust,9.319819584636587
4.53,15.030000000,/angrybird/agiros_pilot/command.collective_thrust,9.319276722191749
4.535,15.035000000,/angrybird/agiros_pilot/command.collective_thrust,9.319276722191749
4.535,15.035000000,/angrybird/agiros_pilot/command.collective_thrust,9.318794846511619
4.54,15.040000000,/angrybird/agiros_pilot/command.collective_thrust,9.318794846511619
4.545,15.045000000,/angrybird/agiros_pilot/command.collective_thrust,9.318379942302318
4.545,15.045000000,/angrybird/agiros_pilot/command.collective_thrust,9.318794846511619
4.55,15.050000000,/angrybird/agiros_pilot/command.collective_thrust,9.318379942302318
4.555,15.055000000,/angrybird/agiros_pilot/command.collective_thrust,9.318379942302318
4.555,15.055000000,/angrybird/agiros_pilot/command.collective_thrust,9.318031439093941
4.5600000000000005,15.060000000,/angrybird/agiros_pilot/command.collective_thrust,9.318031439093941
4.565,15.065000000,/angrybird/agiros_pilot/command.collective_thrust,9.317750521363404
4.565,15.065000000,/angrybird/agiros_pilot/command.collective_thrust,9.318031439093941
4.57,15.070000000,/angrybird/agiros_pilot/command.collective_thrust,9.317750521363404
4.575,15.075000000,/angrybird/agiros_pilot/command.collective_thrust,9.317750521363404
4.575,15.075000000,/angrybird/agiros_pilot/command.collective_thrust,9.31753752661514
4.58,15.080000000,/angrybird/agiros_pilot/command.collective_thrust,9.31753752661514
4.585,15.085000000,/angrybird/agiros_pilot/command.collective_thrust,9.317392503601836
4.585,15.085000000,/angrybird/agiros_pilot/command.collective_thrust,9.31753752661514
4.59,15.090000000,/angrybird/agiros_pilot/command.collective_thrust,9.317392503601836
4.595,15.095000000,/angrybird/agiros_pilot/command.collective_thrust,9.317315345708003
4.595,15.095000000,/angrybird/agiros_pilot/command.collective_thrust,9.317392503601836
4.6,15.100000000,/angrybird/agiros_pilot/command.collective_thrust,9.317315345708003
4.605,15.105000000,/angrybird/agiros_pilot/command.collective_thrust,9.31730589170002
4.605,15.105000000,/angrybird/agiros_pilot/command.collective_thrust,9.317315345708003
4.61,15.110000000,/angrybird/agiros_pilot/command.collective_thrust,9.31730589170002
4.615,15.115000000,/angrybird/agiros_pilot/command.collective_thrust,9.31730589170002
4.615,15.115000000,/angrybird/agiros_pilot/command.collective_thrust,9.3173640112704
4.62,15.120000000,/angrybird/agiros_pilot/command.collective_thrust,9.3173640112704
4.625,15.125000000,/angrybird/agiros_pilot/command.collective_thrust,9.317489651246982
4.625,15.125000000,/angrybird/agiros_pilot/command.collective_thrust,9.3173640112704
4.63,15.130000000,/angrybird/agiros_pilot/command.collective_thrust,9.317489651246982
4.635,15.135000000,/angrybird/agiros_pilot/command.collective_thrust,9.31768284078793
4.635,15.135000000,/angrybird/agiros_pilot/command.collective_thrust,9.317489651246982
4.64,15.140000000,/angrybird/agiros_pilot/command.collective_thrust,9.31768284078793
4.645,15.145000000,/angrybird/agiros_pilot/command.collective_thrust,9.317943665369043
4.645,15.145000000,/angrybird/agiros_pilot/command.collective_thrust,9.31768284078793
4.65,15.150000000,/angrybird/agiros_pilot/command.collective_thrust,9.317943665369043
4.655,15.155000000,/angrybird/agiros_pilot/command.collective_thrust,9.317943665369043
4.655,15.155000000,/angrybird/agiros_pilot/command.collective_thrust,9.318272225853018
4.66,15.160000000,/angrybird/agiros_pilot/command.collective_thrust,9.318272225853018
4.665,15.165000000,/angrybird/agiros_pilot/command.collective_thrust,9.318272225853018
4.665,15.165000000,/angrybird/agiros_pilot/command.collective_thrust,9.318668598967045
4.67,15.170000000,/angrybird/agiros_pilot/command.collective_thrust,9.318668598967045
4.675,15.175000000,/angrybird/agiros_pilot/command.collective_thrust,9.318668598967045
4.675,15.175000000,/angrybird/agiros_pilot/command.collective_thrust,9.31913281061306
4.68,15.180000000,/angrybird/agiros_pilot/command.collective_thrust,9.31913281061306
4.68,15.180000000,/angrybird/agiros_pilot/command.collective_thrust,9.31913281061306
4.6850000000000005,15.185000000,/angrybird/agiros_pilot/command.collective_thrust,9.319664826460187
4.69,15.190000000,/angrybird/agiros_pilot/command.collective_thrust,9.319664826460187
4.69,15.190000000,/angrybird/agiros_pilot/command.collective_thrust,9.319664826460187
4.695,15.195000000,/angrybird/agiros_pilot/command.collective_thrust,9.320264557909754
4.7,15.200000000,/angrybird/agiros_pilot/command.collective_thrust,9.320264557909754
4.7,15.200000000,/angrybird/agiros_pilot/command.collective_thrust,9.320264557909754
4.705,15.205000000,/angrybird/agiros_pilot/command.collective_thrust,9.320931877496012
4.71,15.210000000,/angrybird/agiros_pilot/command.collective_thrust,9.320931877496012
4.71,15.210000000,/angrybird/agiros_pilot/command.collective_thrust,9.320931877496012
4.715,15.215000000,/angrybird/agiros_pilot/command.collective_thrust,9.321666636617685
4.72,15.220000000,/angrybird/agiros_pilot/command.collective_thrust,9.321666636617685
4.72,15.220000000,/angrybird/agiros_pilot/command.collective_thrust,9.321666636617685
4.725,15.225000000,/angrybird/agiros_pilot/command.collective_thrust,9.32246867974185
4.73,15.230000000,/angrybird/agiros_pilot/command.collective_thrust,9.32246867974185
4.73,15.230000000,/angrybird/agiros_pilot/command.collective_thrust,9.32246867974185
4.735,15.235000000,/angrybird/agiros_pilot/command.collective_thrust,9.32333785185771
4.74,15.240000000,/angrybird/agiros_pilot/command.collective_thrust,9.32333785185771
4.74,15.240000000,/angrybird/agiros_pilot/command.collective_thrust,9.32333785185771
4.745,15.245000000,/angrybird/agiros_pilot/command.collective_thrust,9.324273998836892
4.75,15.250000000,/angrybird/agiros_pilot/command.collective_thrust,9.324273998836892
4.75,15.250000000,/angrybird/agiros_pilot/command.collective_thrust,9.324273998836892
4.755,15.255000000,/angrybird/agiros_pilot/command.collective_thrust,9.32527696255811
4.76,15.260000000,/angrybird/agiros_pilot/command.collective_thrust,9.32527696255811
4.76,15.260000000,/angrybird/agiros_pilot/command.collective_thrust,9.32527696255811
4.765,15.265000000,/angrybird/agiros_pilot/command.collective_thrust,9.326346573702669
4.77,15.270000000,/angrybird/agiros_pilot/command.collective_thrust,9.326346573702669
4.77,15.270000000,/angrybird/agiros_pilot/command.collective_thrust,9.326346573702669
4.775,15.275000000,/angrybird/agiros_pilot/command.collective_thrust,9.32748264502123
4.78,15.280000000,/angrybird/agiros_pilot/command.collective_thrust,9.32748264502123
4.78,15.280000000,/angrybird/agiros_pilot/command.collective_thrust,9.32748264502123
4.785,15.285000000,/angrybird/agiros_pilot/command.collective_thrust,9.328684966957852
4.79,15.290000000,/angrybird/agiros_pilot/command.collective_thrust,9.328684966957852
4.79,15.290000000,/angrybird/agiros_pilot/command.collective_thrust,9.328684966957852
4.795,15.295000000,/angrybird/agiros_pilot/command.collective_thrust,9.329953306295607
4.8,15.300000000,/angrybird/agiros_pilot/command.collective_thrust,9.329953306295607
4.8,15.300000000,/angrybird/agiros_pilot/command.collective_thrust,9.329953306295607
4.805,15.305000000,/angrybird/agiros_pilot/command.collective_thrust,9.331287407406506
4.8100000000000005,15.310000000,/angrybird/agiros_pilot/command.collective_thrust,9.331287407406506
4.8100000000000005,15.310000000,/angrybird/agiros_pilot/command.collective_thrust,9.331287407406506
4.815,15.315000000,/angrybird/agiros_pilot/command.collective_thrust,9.332686995032219
4.82,15.320000000,/angrybird/agiros_pilot/command.collective_thrust,9.332686995032219
4.82,15.320000000,/angrybird/agiros_pilot/command.collective_thrust,9.332686995032219
4.825,15.325000000,/angrybird/agiros_pilot/command.collective_thrust,9.33415177736793
4.83,15.330000000,/angrybird/agiros_pilot/command.collective_thrust,9.33415177736793
4.83,15.330000000,/angrybird/agiros_pilot/command.collective_thrust,9.33415177736793
4.835,15.335000000,/angrybird/agiros_pilot/command.collective_thrust,9.335681448473892
4.84,15.340000000,/angrybird/agiros_pilot/command.collective_thrust,9.335681448473892
4.84,15.340000000,/angrybird/agiros_pilot/command.collective_thrust,9.335681448473892
4.845,15.345000000,/angrybird/agiros_pilot/command.collective_thrust,9.337275689512072
4.845,15.345000000,/angrybird/agiros_pilot/command.collective_thrust,9.337275689512072
4.85,15.350000000,/angrybird/agiros_pilot/command.collective_thrust,9.337275689512072
4.855,15.355000000,/angrybird/agiros_pilot/command.collective_thrust,9.338934168796271
4.855,15.355000000,/angrybird/agiros_pilot/command.collective_thrust,9.338934168796271
4.86,15.360000000,/angrybird/agiros_pilot/command.collective_thrust,9.338934168796271
4.865,15.365000000,/angrybird/agiros_pilot/command.collective_thrust,9.34065654100154
4.865,15.365000000,/angrybird/agiros_pilot/command.collective_thrust,9.34065654100154
4.87,15.370000000,/angrybird/agiros_pilot/command.collective_thrust,9.34065654100154
4.875,15.375000000,/angrybird/agiros_pilot/command.collective_thrust,9.342442446032944
4.875,15.375000000,/angrybird/agiros_pilot/command.collective_thrust,9.342442446032944
4.88,15.380000000,/angrybird/agiros_pilot/command.collective_thrust,9.342442446032944
4.885,15.385000000,/angrybird/agiros_pilot/command.collective_thrust,9.344291508016124
4.885,15.385000000,/angrybird/agiros_pilot/command.collective_thrust,9.344291508016124
4.89,15.390000000,/angrybird/agiros_pilot/command.collective_thrust,9.344291508016124
4.895,15.395000000,/angrybird/agiros_pilot/command.collective_thrust,9.346203334706507
4.895,15.395000000,/angrybird/agiros_pilot/command.collective_thrust,9.346203334706507
4.9,15.400000000,/angrybird/agiros_pilot/command.collective_thrust,9.346203334706507
4.905,15.405000000,/angrybird/agiros_pilot/command.collective_thrust,9.348177517406398
4.905,15.405000000,/angrybird/agiros_pilot/command.collective_thrust,9.348177517406398
4.91,15.410000000,/angrybird/agiros_pilot/command.collective_thrust,9.348177517406398
4.915,15.415000000,/angrybird/agiros_pilot/command.collective_thrust,9.350213631304602
4.915,15.415000000,/angrybird/agiros_pilot/command.collective_thrust,9.350213631304602
4.92,15.420000000,/angrybird/agiros_pilot/command.collective_thrust,9.350213631304602
4.925,15.425000000,/angrybird/agiros_pilot/command.collective_thrust,9.352311236052435
4.925,15.425000000,/angrybird/agiros_pilot/command.collective_thrust,9.352311236052435
4.93,15.430000000,/angrybird/agiros_pilot/command.collective_thrust,9.352311236052435
4.9350000000000005,15.435000000,/angrybird/agiros_pilot/command.collective_thrust,9.354469876374363
4.9350000000000005,15.435000000,/angrybird/agiros_pilot/command.collective_thrust,9.354469876374363
4.94,15.440000000,/angrybird/agiros_pilot/command.collective_thrust,9.354469876374363
4.945,15.445000000,/angrybird/agiros_pilot/command.collective_thrust,9.35668908255989
4.945,15.445000000,/angrybird/agiros_pilot/command.collective_thrust,9.35668908255989
4.95,15.450000000,/angrybird/agiros_pilot/command.collective_thrust,9.35668908255989
4.955,15.455000000,/angrybird/agiros_pilot/command.collective_thrust,9.358968370764396
4.955,15.455000000,/angrybird/agiros_pilot/command.collective_thrust,9.358968370764396
4.96,15.460000000,/angrybird/agiros_pilot/command.collective_thrust,9.358968370764396
4.965,15.465000000,/angrybird/agiros_pilot/command.collective_thrust,9.361307243125294
4.965,15.465000000,/angrybird/agiros_pilot/command.collective_thrust,9.361307243125294
4.97,15.470000000,/angrybird/agiros_pilot/command.collective_thrust,9.361307243125294
4.975,15.475000000,/angrybird/agiros_pilot/command.collective_thrust,9.363705187755084
4.975,15.475000000,/angrybird/agiros_pilot/command.collective_thrust,9.363705187755084
4.98,15.480000000,/angrybird/agiros_pilot/command.collective_thrust,9.363705187755084
4.985,15.485000000,/angrybird/agiros_pilot/command.collective_thrust,9.36616167869188
4.985,15.485000000,/angrybird/agiros_pilot/command.collective_thrust,9.36616167869188
4.99,15.490000000,/angrybird/agiros_pilot/command.collective_thrust,9.36616167869188
4.995,15.495000000,/angrybird/agiros_pilot/command.collective_thrust,9.368676175880202
4.995,15.495000000,/angrybird/agiros_pilot/command.collective_thrust,9.368676175880202
5,15.500000000,/angrybird/agiros_pilot/command.collective_thrust,9.368676175880202
5.005,15.505000000,/angrybird/agiros_pilot/command.collective_thrust,9.371248125223733
5.005,15.505000000,/angrybird/agiros_pilot/command.collective_thrust,9.371248125223733
5.01,15.510000000,/angrybird/agiros_pilot/command.collective_thrust,9.371248125223733
5.01,15.510000000,/angrybird/agiros_pilot/command.collective_thrust,9.372563802104164
5.015,15.515000000,/angrybird/agiros_pilot/command.collective_thrust,9.372563802104164
5.02,15.520000000,/angrybird/agiros_pilot/command.collective_thrust,9.375212896091147
5.02,15.520000000,/angrybird/agiros_pilot/command.collective_thrust,9.372563802104164
5.025,15.525000000,/angrybird/agiros_pilot/command.collective_thrust,9.375212896091147
5.03,15.530000000,/angrybird/agiros_pilot/command.collective_thrust,9.375212896091147
5.03,15.530000000,/angrybird/agiros_pilot/command.collective_thrust,9.377925562620188
5.035,15.535000000,/angrybird/agiros_pilot/command.collective_thrust,9.377925562620188
5.04,15.540000000,/angrybird/agiros_pilot/command.collective_thrust,9.377925562620188
5.04,15.540000000,/angrybird/agiros_pilot/command.collective_thrust,9.38069094648109
5.045,15.545000000,/angrybird/agiros_pilot/command.collective_thrust,9.38069094648109
5.05,15.550000000,/angrybird/agiros_pilot/command.collective_thrust,9.38069094648109
5.05,15.550000000,/angrybird/agiros_pilot/command.collective_thrust,9.383511581951236
5.055,15.555000000,/angrybird/agiros_pilot/command.collective_thrust,9.383511581951236
5.06,15.560000000,/angrybird/agiros_pilot/command.collective_thrust,9.386387023050512
5.06,15.560000000,/angrybird/agiros_pilot/command.collective_thrust,9.383511581951236
5.065,15.565000000,/angrybird/agiros_pilot/command.collective_thrust,9.386387023050512
5.07,15.570000000,/angrybird/agiros_pilot/command.collective_thrust,9.386387023050512
5.07,15.570000000,/angrybird/agiros_pilot/command.collective_thrust,9.389316545270669
5.075,15.575000000,/angrybird/agiros_pilot/command.collective_thrust,9.389316545270669
5.08,15.580000000,/angrybird/agiros_pilot/command.collective_thrust,9.392299393206105
5.08,15.580000000,/angrybird/agiros_pilot/command.collective_thrust,9.389316545270669
5.085,15.585000000,/angrybird/agiros_pilot/command.collective_thrust,9.392299393206105
5.09,15.590000000,/angrybird/agiros_pilot/command.collective_thrust,9.392299393206105
5.09,15.590000000,/angrybird/agiros_pilot/command.collective_thrust,9.395334782389108
5.095,15.595000000,/angrybird/agiros_pilot/command.collective_thrust,9.395334782389108
5.1,15.600000000,/angrybird/agiros_pilot/command.collective_thrust,9.395334782389108
5.1,15.600000000,/angrybird/agiros_pilot/command.collective_thrust,9.398421921678317
5.105,15.605000000,/angrybird/agiros_pilot/command.collective_thrust,9.398421921678317
5.11,15.610000000,/angrybird/agiros_pilot/command.collective_thrust,9.401560031737935
5.11,15.610000000,/angrybird/agiros_pilot/command.collective_thrust,9.398421921678317
5.115,15.615000000,/angrybird/agiros_pilot/command.collective_thrust,9.401560031737935
5.12,15.620000000,/angrybird/agiros_pilot/command.collective_thrust,9.40474835300256
5.12,15.620000000,/angrybird/agiros_pilot/command.collective_thrust,9.401560031737935
5.125,15.625000000,/angrybird/agiros_pilot/command.collective_thrust,9.40474835300256
5.13,15.630000000,/angrybird/agiros_pilot/command.collective_thrust,9.40474835300256
5.13,15.630000000,/angrybird/agiros_pilot/command.collective_thrust,9.40798614396231
5.135,15.635000000,/angrybird/agiros_pilot/command.collective_thrust,9.40798614396231
5.14,15.640000000,/angrybird/agiros_pilot/command.collective_thrust,9.41127267292784
5.14,15.640000000,/angrybird/agiros_pilot/command.collective_thrust,9.40798614396231
5.145,15.645000000,/angrybird/agiros_pilot/command.collective_thrust,9.41127267292784
5.15,15.650000000,/angrybird/agiros_pilot/command.collective_thrust,9.41127267292784
5.15,15.650000000,/angrybird/agiros_pilot/command.collective_thrust,9.414607207582673
5.155,15.655000000,/angrybird/agiros_pilot/command.collective_thrust,9.414607207582673
5.16,15.660000000,/angrybird/agiros_pilot/command.collective_thrust,9.417989006050263
5.16,15.660000000,/angrybird/agiros_pilot/command.collective_thrust,9.414607207582673
5.165,15.665000000,/angrybird/agiros_pilot/command.collective_thrust,9.417989006050263
5.17,15.670000000,/angrybird/agiros_pilot/command.collective_thrust,9.417989006050263
5.17,15.670000000,/angrybird/agiros_pilot/command.collective_thrust,9.421417311567415
5.175,15.675000000,/angrybird/agiros_pilot/command.collective_thrust,9.421417311567415
5.175,15.675000000,/angrybird/agiros_pilot/command.collective_thrust,9.421417311567415
5.18,15.680000000,/angrybird/agiros_pilot/command.collective_thrust,9.424891351057642
5.185,15.685000000,/angrybird/agiros_pilot/command.collective_thrust,9.424891351057642
5.185,15.685000000,/angrybird/agiros_pilot/command.collective_thrust,9.424891351057642
5.19,15.690000000,/angrybird/agiros_pilot/command.collective_thrust,9.428410336606003
5.195,15.695000000,/angrybird/agiros_pilot/command.collective_thrust,9.428410336606003
5.195,15.695000000,/angrybird/agiros_pilot/command.collective_thrust,9.428410336606003
5.2,15.700000000,/angrybird/agiros_pilot/command.collective_thrust,9.431973468297667
5.205,15.705000000,/angrybird/agiros_pilot/command.collective_thrust,9.431973468297667
5.205,15.705000000,/angrybird/agiros_pilot/command.collective_thrust,9.431973468297667
5.21,15.710000000,/angrybird/agiros_pilot/command.collective_thrust,9.435579937012099
5.215,15.715000000,/angrybird/agiros_pilot/command.collective_thrust,9.435579937012099
5.215,15.715000000,/angrybird/agiros_pilot/command.collective_thrust,9.435579937012099
5.22,15.720000000,/angrybird/agiros_pilot/command.collective_thrust,9.439228926290673
5.225,15.725000000,/angrybird/agiros_pilot/command.collective_thrust,9.439228926290673
5.225,15.725000000,/angrybird/agiros_pilot/command.collective_thrust,9.439228926290673
5.23,15.730000000,/angrybird/agiros_pilot/command.collective_thrust,9.442919613020806
5.235,15.735000000,/angrybird/agiros_pilot/command.collective_thrust,9.442919613020806
5.235,15.735000000,/angrybird/agiros_pilot/command.collective_thrust,9.442919613020806
5.24,15.740000000,/angrybird/agiros_pilot/command.collective_thrust,9.4466511671761
5.245,15.745000000,/angrybird/agiros_pilot/command.collective_thrust,9.4466511671761
5.245,15.745000000,/angrybird/agiros_pilot/command.collective_thrust,9.4466511671761
5.25,15.750000000,/angrybird/agiros_pilot/command.collective_thrust,9.450422751099094
5.255,15.755000000,/angrybird/agiros_pilot/command.collective_thrust,9.450422751099094
5.255,15.755000000,/angrybird/agiros_pilot/command.collective_thrust,9.450422751099094
5.26,15.760000000,/angrybird/agiros_pilot/command.collective_thrust,9.454233518806655
5.265,15.765000000,/angrybird/agiros_pilot/command.collective_thrust,9.454233518806655
5.265,15.765000000,/angrybird/agiros_pilot/command.collective_thrust,9.454233518806655
5.27,15.770000000,/angrybird/agiros_pilot/command.collective_thrust,9.458082615619883
5.275,15.775000000,/angrybird/agiros_pilot/command.collective_thrust,9.458082615619883
5.275,15.775000000,/angrybird/agiros_pilot/command.collective_thrust,9.458082615619883
5.28,15.780000000,/angrybird/agiros_pilot/command.collective_thrust,9.461969178192438
5.285,15.785000000,/angrybird/agiros_pilot/command.collective_thrust,9.461969178192438
5.285,15.785000000,/angrybird/agiros_pilot/command.collective_thrust,9.461969178192438
5.29,15.790000000,/angrybird/agiros_pilot/command.collective_thrust,9.465892334831162
5.295,15.795000000,/angrybird/agiros_pilot/command.collective_thrust,9.465892334831162
5.295,15.795000000,/angrybird/agiros_pilot/command.collective_thrust,9.465892334831162
5.3,15.800000000,/angrybird/agiros_pilot/command.collective_thrust,9.469851205927492
5.305,15.805000000,/angrybird/agiros_pilot/command.collective_thrust,9.469851205927492
5.305,15.805000000,/angrybird/agiros_pilot/command.collective_thrust,9.469851205927492
5.31,15.810000000,/angrybird/agiros_pilot/command.collective_thrust,9.47384490433809
5.315,15.815000000,/angrybird/agiros_pilot/command.collective_thrust,9.47384490433809
5.315,15.815000000,/angrybird/agiros_pilot/command.collective_thrust,9.47384490433809
5.32,15.820000000,/angrybird/agiros_pilot/command.collective_thrust,9.47787253563576
5.325,15.825000000,/angrybird/agiros_pilot/command.collective_thrust,9.47787253563576
5.325,15.825000000,/angrybird/agiros_pilot/command.collective_thrust,9.47787253563576
5.33,15.830000000,/angrybird/agiros_pilot/command.collective_thrust,9.481933198239918
5.335,15.835000000,/angrybird/agiros_pilot/command.collective_thrust,9.481933198239918
5.335,15.835000000,/angrybird/agiros_pilot/command.collective_thrust,9.481933198239918
5.34,15.840000000,/angrybird/agiros_pilot/command.collective_thrust,9.486025983495718
5.34,15.840000000,/angrybird/agiros_pilot/command.collective_thrust,9.486025983495718
5.345,15.845000000,/angrybird/agiros_pilot/command.collective_thrust,9.486025983495718
5.35,15.850000000,/angrybird/agiros_pilot/command.collective_thrust,9.490149975785737
5.35,15.850000000,/angrybird/agiros_pilot/command.collective_thrust,9.490149975785737
5.355,15.855000000,/angrybird/agiros_pilot/command.collective_thrust,9.490149975785737
5.36,15.860000000,/angrybird/agiros_pilot/command.collective_thrust,9.494304252731132
5.36,15.860000000,/angrybird/agiros_pilot/command.collective_thrust,9.494304252731132
5.365,15.865000000,/angrybird/agiros_pilot/command.collective_thrust,9.494304252731132
5.37,15.870000000,/angrybird/agiros_pilot/command.collective_thrust,9.498487885491931
5.37,15.870000000,/angrybird/agiros_pilot/command.collective_thrust,9.498487885491931
5.375,15.875000000,/angrybird/agiros_pilot/command.collective_thrust,9.498487885491931
5.38,15.880000000,/angrybird/agiros_pilot/command.collective_thrust,9.502699939134
5.38,15.880000000,/angrybird/agiros_pilot/command.collective_thrust,9.502699939134
5.385,15.885000000,/angrybird/agiros_pilot/command.collective_thrust,9.502699939134
5.39,15.890000000,/angrybird/agiros_pilot/command.collective_thrust,9.506939473004158
5.39,15.890000000,/angrybird/agiros_pilot/command.collective_thrust,9.506939473004158
5.395,15.895000000,/angrybird/agiros_pilot/command.collective_thrust,9.506939473004158
5.4,15.900000000,/angrybird/agiros_pilot/command.collective_thrust,9.511205541060505
5.4,15.900000000,/angrybird/agiros_pilot/command.collective_thrust,9.511205541060505
5.405,15.905000000,/angrybird/agiros_pilot/command.collective_thrust,9.511205541060505
5.41,15.910000000,/angrybird/agiros_pilot/command.collective_thrust,9.515497192124815
5.41,15.910000000,/angrybird/agiros_pilot/command.collective_thrust,9.515497192124815
5.415,15.915000000,/angrybird/agiros_pilot/command.collective_thrust,9.515497192124815
5.42,15.920000000,/angrybird/agiros_pilot/command.collective_thrust,9.519813470059793
5.42,15.920000000,/angrybird/agiros_pilot/command.collective_thrust,9.519813470059793
5.425,15.925000000,/angrybird/agiros_pilot/command.collective_thrust,9.519813470059793
5.43,15.930000000,/angrybird/agiros_pilot/command.collective_thrust,9.524153413897963
5.43,15.930000000,/angrybird/agiros_pilot/command.collective_thrust,9.524153413897963
5.4350000000000005,15.935000000,/angrybird/agiros_pilot/command.collective_thrust,9.524153413897963
5.44,15.940000000,/angrybird/agiros_pilot/command.collective_thrust,9.528516057964874
5.44,15.940000000,/angrybird/agiros_pilot/command.collective_thrust,9.528516057964874
5.445,15.945000000,/angrybird/agiros_pilot/command.collective_thrust,9.528516057964874
5.45,15.950000000,/angrybird/agiros_pilot/command.collective_thrust,9.532900432034333
5.45,15.950000000,/angrybird/agiros_pilot/command.collective_thrust,9.532900432034333
5.455,15.955000000,/angrybird/agiros_pilot/command.collective_thrust,9.532900432034333
5.46,15.960000000,/angrybird/agiros_pilot/command.collective_thrust,9.537305561538806
5.46,15.960000000,/angrybird/agiros_pilot/command.collective_thrust,9.537305561538806
5.465,15.965000000,/angrybird/agiros_pilot/command.collective_thrust,9.537305561538806
5.47,15.970000000,/angrybird/agiros_pilot/command.collective_thrust,9.541730467836114
5.47,15.970000000,/angrybird/agiros_pilot/command.collective_thrust,9.541730467836114
5.475,15.975000000,/angrybird/agiros_pilot/command.collective_thrust,9.541730467836114
5.48,15.980000000,/angrybird/agiros_pilot/command.collective_thrust,9.546174168514677
5.48,15.980000000,/angrybird/agiros_pilot/command.collective_thrust,9.546174168514677
5.485,15.985000000,/angrybird/agiros_pilot/command.collective_thrust,9.546174168514677
5.49,15.990000000,/angrybird/agiros_pilot/command.collective_thrust,9.550635677711085
5.49,15.990000000,/angrybird/agiros_pilot/command.collective_thrust,9.550635677711085
5.495,15.995000000,/angrybird/agiros_pilot/command.collective_thrust,9.550635677711085
5.5,16.000000000,/angrybird/agiros_pilot/command.collective_thrust,9.555114006412776
5.5,16.000000000,/angrybird/agiros_pilot/command.collective_thrust,9.555114006412776
5.505,16.005000000,/angrybird/agiros_pilot/command.collective_thrust,9.557373873398115
5.505,16.005000000,/angrybird/agiros_pilot/command.collective_thrust,9.555114006412776
5.51,16.010000000,/angrybird/agiros_pilot/command.collective_thrust,9.557373873398115
5.515,16.015000000,/angrybird/agiros_pilot/command.collective_thrust,9.557373873398115
5.515,16.015000000,/angrybird/agiros_pilot/command.collective_thrust,9.561861342380222
5.52,16.020000000,/angrybird/agiros_pilot/command.collective_thrust,9.561861342380222
5.525,16.025000000,/angrybird/agiros_pilot/command.collective_thrust,9.561861342380222
5.525,16.025000000,/angrybird/agiros_pilot/command.collective_thrust,9.566382285209846
5.53,16.030000000,/angrybird/agiros_pilot/command.collective_thrust,9.566382285209846
5.535,16.035000000,/angrybird/agiros_pilot/command.collective_thrust,9.57093279295022
5.535,16.035000000,/angrybird/agiros_pilot/command.collective_thrust,9.566382285209846
5.54,16.040000000,/angrybird/agiros_pilot/command.collective_thrust,9.57093279295022
5.545,16.045000000,/angrybird/agiros_pilot/command.collective_thrust,9.57093279295022
5.545,16.045000000,/angrybird/agiros_pilot/command.collective_thrust,9.57550817958418
5.55,16.050000000,/angrybird/agiros_pilot/command.collective_thrust,9.57550817958418
5.555,16.055000000,/angrybird/agiros_pilot/command.collective_thrust,9.580106625398779
5.555,16.055000000,/angrybird/agiros_pilot/command.collective_thrust,9.57550817958418
5.5600000000000005,16.060000000,/angrybird/agiros_pilot/command.collective_thrust,9.580106625398779
5.565,16.065000000,/angrybird/agiros_pilot/command.collective_thrust,9.580106625398779
5.565,16.065000000,/angrybird/agiros_pilot/command.collective_thrust,9.584724202972392
5.57,16.070000000,/angrybird/agiros_pilot/command.collective_thrust,9.584724202972392
5.575,16.075000000,/angrybird/agiros_pilot/command.collective_thrust,9.589357687204176
5.575,16.075000000,/angrybird/agiros_pilot/command.collective_thrust,9.584724202972392
5.58,16.080000000,/angrybird/agiros_pilot/command.collective_thrust,9.589357687204176
5.585,16.085000000,/angrybird/agiros_pilot/command.collective_thrust,9.594004386038488
5.585,16.085000000,/angrybird/agiros_pilot/command.collective_thrust,9.589357687204176
5.59,16.090000000,/angrybird/agiros_pilot/command.collective_thrust,9.594004386038488
5.595,16.095000000,/angrybird/agiros_pilot/command.collective_thrust,9.5986620033346
5.595,16.095000000,/angrybird/agiros_pilot/command.collective_thrust,9.594004386038488
5.6,16.100000000,/angrybird/agiros_pilot/command.collective_thrust,9.5986620033346
5.605,16.105000000,/angrybird/agiros_pilot/command.collective_thrust,9.603328534442204
5.605,16.105000000,/angrybird/agiros_pilot/command.collective_thrust,9.5986620033346
5.61,16.110000000,/angrybird/agiros_pilot/command.collective_thrust,9.603328534442204
5.615,16.115000000,/angrybird/agiros_pilot/command.collective_thrust,9.608002178795719
5.615,16.115000000,/angrybird/agiros_pilot/command.collective_thrust,9.603328534442204
5.62,16.120000000,/angrybird/agiros_pilot/command.collective_thrust,9.608002178795719
5.625,16.125000000,/angrybird/agiros_pilot/command.collective_thrust,9.608002178795719
5.625,16.125000000,/angrybird/agiros_pilot/command.collective_thrust,9.61268127398184
5.63,16.130000000,/angrybird/agiros_pilot/command.collective_thrust,9.61268127398184
5.635,16.135000000,/angrybird/agiros_pilot/command.collective_thrust,9.61733558489228
5.635,16.135000000,/angrybird/agiros_pilot/command.collective_thrust,9.61268127398184
5.64,16.140000000,/angrybird/agiros_pilot/command.collective_thrust,9.61733558489228
5.645,16.145000000,/angrybird/agiros_pilot/command.collective_thrust,9.621814503870374
5.645,16.145000000,/angrybird/agiros_pilot/command.collective_thrust,9.61733558489228
5.65,16.150000000,/angrybird/agiros_pilot/command.collective_thrust,9.621814503870374
5.655,16.155000000,/angrybird/agiros_pilot/command.collective_thrust,9.621814503870374
5.655,16.155000000,/angrybird/agiros_pilot/command.collective_thrust,9.626140742695853
5.66,16.160000000,/angrybird/agiros_pilot/command.collective_thrust,9.626140742695853
5.665,16.165000000,/angrybird/agiros_pilot/command.collective_thrust,9.626140742695853
5.665,16.165000000,/angrybird/agiros_pilot/command.collective_thrust,9.630354761304233
5.67,16.170000000,/angrybird/agiros_pilot/command.collective_thrust,9.630354761304233
5.67,16.170000000,/angrybird/agiros_pilot/command.collective_thrust,9.630354761304233
5.675,16.175000000,/angrybird/agiros_pilot/command.collective_thrust,9.634486613810324
5.68,16.180000000,/angrybird/agiros_pilot/command.collective_thrust,9.634486613810324
5.68,16.180000000,/angrybird/agiros_pilot/command.collective_thrust,9.634486613810324
5.6850000000000005,16.185000000,/angrybird/agiros_pilot/command.collective_thrust,9.638559544772509
5.69,16.190000000,/angrybird/agiros_pilot/command.collective_thrust,9.638559544772509
5.69,16.190000000,/angrybird/agiros_pilot/command.collective_thrust,9.638559544772509
5.695,16.195000000,/angrybird/agiros_pilot/command.collective_thrust,9.642591742223484
5.7,16.200000000,/angrybird/agiros_pilot/command.collective_thrust,9.642591742223484
5.7,16.200000000,/angrybird/agiros_pilot/command.collective_thrust,9.642591742223484
5.705,16.205000000,/angrybird/agiros_pilot/command.collective_thrust,9.646597382583924
5.71,16.210000000,/angrybird/agiros_pilot/command.collective_thrust,9.646597382583924
5.71,16.210000000,/angrybird/agiros_pilot/command.collective_thrust,9.646597382583924
5.715,16.215000000,/angrybird/agiros_pilot/command.collective_thrust,9.650587444406735
5.72,16.220000000,/angrybird/agiros_pilot/command.collective_thrust,9.650587444406735
5.72,16.220000000,/angrybird/agiros_pilot/command.collective_thrust,9.650587444406735
5.725,16.225000000,/angrybird/agiros_pilot/command.collective_thrust,9.654570357872121
5.73,16.230000000,/angrybird/agiros_pilot/command.collective_thrust,9.654570357872121
5.73,16.230000000,/angrybird/agiros_pilot/command.collective_thrust,9.654570357872121
5.735,16.235000000,/angrybird/agiros_pilot/command.collective_thrust,9.658552522621187
5.74,16.240000000,/angrybird/agiros_pilot/command.collective_thrust,9.658552522621187
5.74,16.240000000,/angrybird/agiros_pilot/command.collective_thrust,9.658552522621187
5.745,16.245000000,/angrybird/agiros_pilot/command.collective_thrust,9.662538722372455
5.75,16.250000000,/angrybird/agiros_pilot/command.collective_thrust,9.662538722372455
5.75,16.250000000,/angrybird/agiros_pilot/command.collective_thrust,9.662538722372455
5.755,16.255000000,/angrybird/agiros_pilot/command.collective_thrust,9.666532457798596
5.76,16.260000000,/angrybird/agiros_pilot/command.collective_thrust,9.666532457798596
5.76,16.260000000,/angrybird/agiros_pilot/command.collective_thrust,9.666532457798596
5.765,16.265000000,/angrybird/agiros_pilot/command.collective_thrust,9.670536213488713
5.77,16.270000000,/angrybird/agiros_pilot/command.collective_thrust,9.670536213488713
5.77,16.270000000,/angrybird/agiros_pilot/command.collective_thrust,9.670536213488713
5.775,16.275000000,/angrybird/agiros_pilot/command.collective_thrust,9.674551670958845
5.78,16.280000000,/angrybird/agiros_pilot/command.collective_thrust,9.674551670958845
5.78,16.280000000,/angrybird/agiros_pilot/command.collective_thrust,9.674551670958845
5.785,16.285000000,/angrybird/agiros_pilot/command.collective_thrust,9.678579877256443
5.79,16.290000000,/angrybird/agiros_pilot/command.collective_thrust,9.678579877256443
5.79,16.290000000,/angrybird/agiros_pilot/command.collective_thrust,9.678579877256443
5.795,16.295000000,/angrybird/agiros_pilot/command.collective_thrust,9.682621377245544
5.8,16.300000000,/angrybird/agiros_pilot/command.collective_thrust,9.682621377245544
5.8,16.300000000,/angrybird/agiros_pilot/command.collective_thrust,9.682621377245544
5.805,16.305000000,/angrybird/agiros_pilot/command.collective_thrust,9.686676316710024
5.8100000000000005,16.310000000,/angrybird/agiros_pilot/command.collective_thrust,9.686676316710024
5.8100000000000005,16.310000000,/angrybird/agiros_pilot/command.collective_thrust,9.686676316710024
5.815,16.315000000,/angrybird/agiros_pilot/command.collective_thrust,9.69074452259496
5.82,16.320000000,/angrybird/agiros_pilot/command.collective_thrust,9.69074452259496
5.82,16.320000000,/angrybird/agiros_pilot/command.collective_thrust,9.69074452259496
5.825,16.325000000,/angrybird/agiros_pilot/command.collective_thrust,9.694825565811794
5.83,16.330000000,/angrybird/agiros_pilot/command.collective_thrust,9.694825565811794
5.83,16.330000000,/angrybird/agiros_pilot/command.collective_thrust,9.694825565811794
5.835,16.335000000,/angrybird/agiros_pilot/command.collective_thrust,9.69891881102738
5.835,16.335000000,/angrybird/agiros_pilot/command.collective_thrust,9.69891881102738
5.84,16.340000000,/angrybird/agiros_pilot/command.collective_thrust,9.69891881102738
5.845,16.345000000,/angrybird/agiros_pilot/command.collective_thrust,9.703023456781935
5.845,16.345000000,/angrybird/agiros_pilot/command.collective_thrust,9.703023456781935
5.85,16.350000000,/angrybird/agiros_pilot/command.collective_thrust,9.703023456781935
5.855,16.355000000,/angrybird/agiros_pilot/command.collective_thrust,9.707138568286293
5.855,16.355000000,/angrybird/agiros_pilot/command.collective_thrust,9.707138568286293
5.86,16.360000000,/angrybird/agiros_pilot/command.collective_thrust,9.707138568286293
5.865,16.365000000,/angrybird/agiros_pilot/command.collective_thrust,9.711263104427644
5.865,16.365000000,/angrybird/agiros_pilot/command.collective_thrust,9.711263104427644
5.87,16.370000000,/angrybird/agiros_pilot/command.collective_thrust,9.711263104427644
5.875,16.375000000,/angrybird/agiros_pilot/command.collective_thrust,9.715395939943267
5.875,16.375000000,/angrybird/agiros_pilot/command.collective_thrust,9.715395939943267
5.88,16.380000000,/angrybird/agiros_pilot/command.collective_thrust,9.715395939943267
5.885,16.385000000,/angrybird/agiros_pilot/command.collective_thrust,9.71953588340374
5.885,16.385000000,/angrybird/agiros_pilot/command.collective_thrust,9.71953588340374
5.89,16.390000000,/angrybird/agiros_pilot/command.collective_thrust,9.71953588340374
5.895,16.395000000,/angrybird/agiros_pilot/command.collective_thrust,9.72368169152684
5.895,16.395000000,/angrybird/agiros_pilot/command.collective_thrust,9.72368169152684
5.9,16.400000000,/angrybird/agiros_pilot/command.collective_thrust,9.72368169152684
5.905,16.405000000,/angrybird/agiros_pilot/command.collective_thrust,9.727832080349497
5.905,16.405000000,/angrybird/agiros_pilot/command.collective_thrust,9.727832080349497
5.91,16.410000000,/angrybird/agiros_pilot/command.collective_thrust,9.727832080349497
5.915,16.415000000,/angrybird/agiros_pilot/command.collective_thrust,9.731985733826402
5.915,16.415000000,/angrybird/agiros_pilot/command.collective_thrust,9.731985733826402
5.92,16.420000000,/angrybird/agiros_pilot/command.collective_thrust,9.731985733826402
5.925,16.425000000,/angrybird/agiros_pilot/command.collective_thrust,9.736141310445666
5.925,16.425000000,/angrybird/agiros_pilot/command.collective_thrust,9.736141310445666
5.93,16.430000000,/angrybird/agiros_pilot/command.collective_thrust,9.736141310445666
5.9350000000000005,16.435000000,/angrybird/agiros_pilot/command.collective_thrust,9.740297448413088
5.9350000000000005,16.435000000,/angrybird/agiros_pilot/command.collective_thrust,9.740297448413088
5.94,16.440000000,/angrybird/agiros_pilot/command.collective_thrust,9.740297448413088
5.945,16.445000000,/angrybird/agiros_pilot/command.collective_thrust,9.744452769866049
5.945,16.445000000,/angrybird/agiros_pilot/command.collective_thrust,9.744452769866049
5.95,16.450000000,/angrybird/agiros_pilot/command.collective_thrust,9.744452769866049
5.955,16.455000000,/angrybird/agiros_pilot/command.collective_thrust,9.748605884449905
5.955,16.455000000,/angrybird/agiros_pilot/command.collective_thrust,9.748605884449905
5.96,16.460000000,/angrybird/agiros_pilot/command.collective_thrust,9.748605884449905
5.965,16.465000000,/angrybird/agiros_pilot/command.collective_thrust,9.752755392457695
5.965,16.465000000,/angrybird/agiros_pilot/command.collective_thrust,9.752755392457695
5.97,16.470000000,/angrybird/agiros_pilot/command.collective_thrust,9.752755392457695
5.975,16.475000000,/angrybird/agiros_pilot/command.collective_thrust,9.756899887621
5.975,16.475000000,/angrybird/agiros_pilot/command.collective_thrust,9.756899887621
5.98,16.480000000,/angrybird/agiros_pilot/command.collective_thrust,9.756899887621
5.985,16.485000000,/angrybird/agiros_pilot/command.collective_thrust,9.761037959577358
5.985,16.485000000,/angrybird/agiros_pilot/command.collective_thrust,9.761037959577358
5.99,16.490000000,/angrybird/agiros_pilot/command.collective_thrust,9.761037959577358
5.995,16.495000000,/angrybird/agiros_pilot/command.collective_thrust,9.765168195999763
5.995,16.495000000,/angrybird/agiros_pilot/command.collective_thrust,9.765168195999763
6,16.500000000,/angrybird/agiros_pilot/command.collective_thrust,9.767241448106562
6,16.500000000,/angrybird/agiros_pilot/command.collective_thrust,9.765168195999763
6.005,16.505000000,/angrybird/agiros_pilot/command.collective_thrust,9.767241448106562
6.01,16.510000000,/angrybird/agiros_pilot/command.collective_thrust,9.767241448106562
6.01,16.510000000,/angrybird/agiros_pilot/command.collective_thrust,9.771346199642068
6.015,16.515000000,/angrybird/agiros_pilot/command.collective_thrust,9.771346199642068
6.02,16.520000000,/angrybird/agiros_pilot/command.collective_thrust,9.775450284721396
6.02,16.520000000,/angrybird/agiros_pilot/command.collective_thrust,9.771346199642068
6.025,16.525000000,/angrybird/agiros_pilot/command.collective_thrust,9.775450284721396
6.03,16.530000000,/angrybird/agiros_pilot/command.collective_thrust,9.779539754885002
6.03,16.530000000,/angrybird/agiros_pilot/command.collective_thrust,9.775450284721396
6.035,16.535000000,/angrybird/agiros_pilot/command.collective_thrust,9.779539754885002
6.04,16.540000000,/angrybird/agiros_pilot/command.collective_thrust,9.779539754885002
6.04,16.540000000,/angrybird/agiros_pilot/command.collective_thrust,9.783614015510542
6.045,16.545000000,/angrybird/agiros_pilot/command.collective_thrust,9.783614015510542
6.05,16.550000000,/angrybird/agiros_pilot/command.collective_thrust,9.787673585574689
6.05,16.550000000,/angrybird/agiros_pilot/command.collective_thrust,9.783614015510542
6.055,16.555000000,/angrybird/agiros_pilot/command.collective_thrust,9.787673585574689
6.06,16.560000000,/angrybird/agiros_pilot/command.collective_thrust,9.787673585574689
6.06,16.560000000,/angrybird/agiros_pilot/command.collective_thrust,9.791716699968573
6.065,16.565000000,/angrybird/agiros_pilot/command.collective_thrust,9.791716699968573
6.07,16.570000000,/angrybird/agiros_pilot/command.collective_thrust,9.79574179647927
6.07,16.570000000,/angrybird/agiros_pilot/command.collective_thrust,9.791716699968573
6.075,16.575000000,/angrybird/agiros_pilot/command.collective_thrust,9.79574179647927
6.08,16.580000000,/angrybird/agiros_pilot/command.collective_thrust,9.79574179647927
6.08,16.580000000,/angrybird/agiros_pilot/command.collective_thrust,9.799747424693141
6.085,16.585000000,/angrybird/agiros_pilot/command.collective_thrust,9.799747424693141
6.09,16.590000000,/angrybird/agiros_pilot/command.collective_thrust,9.803732191239039
6.09,16.590000000,/angrybird/agiros_pilot/command.collective_thrust,9.799747424693141
6.095,16.595000000,/angrybird/agiros_pilot/command.collective_thrust,9.803732191239039
6.1,16.600000000,/angrybird/agiros_pilot/command.collective_thrust,9.803732191239039
6.1,16.600000000,/angrybird/agiros_pilot/command.collective_thrust,9.807694730356667
6.105,16.605000000,/angrybird/agiros_pilot/command.collective_thrust,9.807694730356667
6.11,16.610000000,/angrybird/agiros_pilot/command.collective_thrust,9.811633682812715
6.11,16.610000000,/angrybird/agiros_pilot/command.collective_thrust,9.807694730356667
6.115,16.615000000,/angrybird/agiros_pilot/command.collective_thrust,9.811633682812715
6.12,16.620000000,/angrybird/agiros_pilot/command.collective_thrust,9.81554768463688
6.12,16.620000000,/angrybird/agiros_pilot/command.collective_thrust,9.811633682812715
6.125,16.625000000,/angrybird/agiros_pilot/command.collective_thrust,9.81554768463688
6.13,16.630000000,/angrybird/agiros_pilot/command.collective_thrust,9.819435365936835
6.13,16.630000000,/angrybird/agiros_pilot/command.collective_thrust,9.81554768463688
6.135,16.635000000,/angrybird/agiros_pilot/command.collective_thrust,9.819435365936835
6.14,16.640000000,/angrybird/agiros_pilot/command.collective_thrust,9.819435365936835
6.14,16.640000000,/angrybird/agiros_pilot/command.collective_thrust,9.823295357048304
6.145,16.645000000,/angrybird/agiros_pilot/command.collective_thrust,9.823295357048304
6.15,16.650000000,/angrybird/agiros_pilot/command.collective_thrust,9.827126298001682
6.15,16.650000000,/angrybird/agiros_pilot/command.collective_thrust,9.823295357048304
6.155,16.655000000,/angrybird/agiros_pilot/command.collective_thrust,9.827126298001682
6.16,16.660000000,/angrybird/agiros_pilot/command.collective_thrust,9.830926847461967
6.16,16.660000000,/angrybird/agiros_pilot/command.collective_thrust,9.827126298001682
6.165,16.665000000,/angrybird/agiros_pilot/command.collective_thrust,9.830926847461967
6.165,16.665000000,/angrybird/agiros_pilot/command.collective_thrust,9.830926847461967
6.17,16.670000000,/angrybird/agiros_pilot/command.collective_thrust,9.834695688506907
6.175,16.675000000,/angrybird/agiros_pilot/command.collective_thrust,9.834695688506907
6.175,16.675000000,/angrybird/agiros_pilot/command.collective_thrust,9.834695688506907
6.18,16.680000000,/angrybird/agiros_pilot/command.collective_thrust,9.838431530268917
6.185,16.685000000,/angrybird/agiros_pilot/command.collective_thrust,9.838431530268917
6.185,16.685000000,/angrybird/agiros_pilot/command.collective_thrust,9.838431530268917
6.19,16.690000000,/angrybird/agiros_pilot/command.collective_thrust,9.842133105963407
6.195,16.695000000,/angrybird/agiros_pilot/command.collective_thrust,9.842133105963407
6.195,16.695000000,/angrybird/agiros_pilot/command.collective_thrust,9.842133105963407
6.2,16.700000000,/angrybird/agiros_pilot/command.collective_thrust,9.845799168780692
6.205,16.705000000,/angrybird/agiros_pilot/command.collective_thrust,9.845799168780692
6.205,16.705000000,/angrybird/agiros_pilot/command.collective_thrust,9.845799168780692
6.21,16.710000000,/angrybird/agiros_pilot/command.collective_thrust,9.849428487390748
6.215,16.715000000,/angrybird/agiros_pilot/command.collective_thrust,9.849428487390748
6.215,16.715000000,/angrybird/agiros_pilot/command.collective_thrust,9.849428487390748
6.22,16.720000000,/angrybird/agiros_pilot/command.collective_thrust,9.853019842483274
6.225,16.725000000,/angrybird/agiros_pilot/command.collective_thrust,9.853019842483274
6.225,16.725000000,/angrybird/agiros_pilot/command.collective_thrust,9.853019842483274
6.23,16.730000000,/angrybird/agiros_pilot/command.collective_thrust,9.856572025120212
6.235,16.735000000,/angrybird/agiros_pilot/command.collective_thrust,9.856572025120212
6.235,16.735000000,/angrybird/agiros_pilot/command.collective_thrust,9.856572025120212
6.24,16.740000000,/angrybird/agiros_pilot/command.collective_thrust,9.860083836951263
6.245,16.745000000,/angrybird/agiros_pilot/command.collective_thrust,9.860083836951263
6.245,16.745000000,/angrybird/agiros_pilot/command.collective_thrust,9.860083836951263
6.25,16.750000000,/angrybird/agiros_pilot/command.collective_thrust,9.8635540918025
6.255,16.755000000,/angrybird/agiros_pilot/command.collective_thrust,9.8635540918025
6.255,16.755000000,/angrybird/agiros_pilot/command.collective_thrust,9.8635540918025
6.26,16.760000000,/angrybird/agiros_pilot/command.collective_thrust,9.866981617876357
6.265,16.765000000,/angrybird/agiros_pilot/command.collective_thrust,9.866981617876357
6.265,16.765000000,/angrybird/agiros_pilot/command.collective_thrust,9.866981617876357
6.27,16.770000000,/angrybird/agiros_pilot/command.collective_thrust,9.870365259827429
6.275,16.775000000,/angrybird/agiros_pilot/command.collective_thrust,9.870365259827429
6.275,16.775000000,/angrybird/agiros_pilot/command.collective_thrust,9.870365259827429
6.28,16.780000000,/angrybird/agiros_pilot/command.collective_thrust,9.873703880207593
6.285,16.785000000,/angrybird/agiros_pilot/command.collective_thrust,9.873703880207593
6.285,16.785000000,/angrybird/agiros_pilot/command.collective_thrust,9.873703880207593
6.29,16.790000000,/angrybird/agiros_pilot/command.collective_thrust,9.87699636008918
6.295,16.795000000,/angrybird/agiros_pilot/command.collective_thrust,9.87699636008918
6.295,16.795000000,/angrybird/agiros_pilot/command.collective_thrust,9.87699636008918
6.3,16.800000000,/angrybird/agiros_pilot/command.collective_thrust,9.880241598965842
6.305,16.805000000,/angrybird/agiros_pilot/command.collective_thrust,9.880241598965842
6.305,16.805000000,/angrybird/agiros_pilot/command.collective_thrust,9.880241598965842
6.31,16.810000000,/angrybird/agiros_pilot/command.collective_thrust,9.883438514214832
6.315,16.815000000,/angrybird/agiros_pilot/command.collective_thrust,9.883438514214832
6.315,16.815000000,/angrybird/agiros_pilot/command.collective_thrust,9.883438514214832
6.32,16.820000000,/angrybird/agiros_pilot/command.collective_thrust,9.886586040456894
6.325,16.825000000,/angrybird/agiros_pilot/command.collective_thrust,9.886586040456894
6.325,16.825000000,/angrybird/agiros_pilot/command.collective_thrust,9.886586040456894
6.33,16.830000000,/angrybird/agiros_pilot/command.collective_thrust,9.889683129092663
6.33,16.830000000,/angrybird/agiros_pilot/command.collective_thrust,9.889683129092663
6.335,16.835000000,/angrybird/agiros_pilot/command.collective_thrust,9.889683129092663
6.34,16.840000000,/angrybird/agiros_pilot/command.collective_thrust,9.89272874816874
6.34,16.840000000,/angrybird/agiros_pilot/command.collective_thrust,9.89272874816874
6.345,16.845000000,/angrybird/agiros_pilot/command.collective_thrust,9.89272874816874
6.35,16.850000000,/angrybird/agiros_pilot/command.collective_thrust,9.895721882589209
6.35,16.850000000,/angrybird/agiros_pilot/command.collective_thrust,9.895721882589209
6.355,16.855000000,/angrybird/agiros_pilot/command.collective_thrust,9.895721882589209
6.36,16.860000000,/angrybird/agiros_pilot/command.collective_thrust,9.898661534581294
6.36,16.860000000,/angrybird/agiros_pilot/command.collective_thrust,9.898661534581294
6.365,16.865000000,/angrybird/agiros_pilot/command.collective_thrust,9.898661534581294
6.37,16.870000000,/angrybird/agiros_pilot/command.collective_thrust,9.90154672427326
6.37,16.870000000,/angrybird/agiros_pilot/command.collective_thrust,9.90154672427326
6.375,16.875000000,/angrybird/agiros_pilot/command.collective_thrust,9.90154672427326
6.38,16.880000000,/angrybird/agiros_pilot/command.collective_thrust,9.904376490244454
6.38,16.880000000,/angrybird/agiros_pilot/command.collective_thrust,9.904376490244454
6.385,16.885000000,/angrybird/agiros_pilot/command.collective_thrust,9.904376490244454
6.39,16.890000000,/angrybird/agiros_pilot/command.collective_thrust,9.907149889948544
6.39,16.890000000,/angrybird/agiros_pilot/command.collective_thrust,9.907149889948544
6.395,16.895000000,/angrybird/agiros_pilot/command.collective_thrust,9.907149889948544
6.4,16.900000000,/angrybird/agiros_pilot/command.collective_thrust,9.909865999973226
6.4,16.900000000,/angrybird/agiros_pilot/command.collective_thrust,9.909865999973226
6.405,16.905000000,/angrybird/agiros_pilot/command.collective_thrust,9.909865999973226
6.41,16.910000000,/angrybird/agiros_pilot/command.collective_thrust,9.912523916154665
6.41,16.910000000,/angrybird/agiros_pilot/command.collective_thrust,9.912523916154665
6.415,16.915000000,/angrybird/agiros_pilot/command.collective_thrust,9.912523916154665
6.42,16.920000000,/angrybird/agiros_pilot/command.collective_thrust,9.915122753597723
6.42,16.920000000,/angrybird/agiros_pilot/command.collective_thrust,9.915122753597723
6.425,16.925000000,/angrybird/agiros_pilot/command.collective_thrust,9.915122753597723
6.43,16.930000000,/angrybird/agiros_pilot/command.collective_thrust,9.917661646669659
6.43,16.930000000,/angrybird/agiros_pilot/command.collective_thrust,9.917661646669659
6.4350000000000005,16.935000000,/angrybird/agiros_pilot/command.collective_thrust,9.917661646669659
6.44,16.940000000,/angrybird/agiros_pilot/command.collective_thrust,9.920139749017386
6.44,16.940000000,/angrybird/agiros_pilot/command.collective_thrust,9.920139749017386
6.445,16.945000000,/angrybird/agiros_pilot/command.collective_thrust,9.920139749017386
6.45,16.950000000,/angrybird/agiros_pilot/command.collective_thrust,9.922556233640938
6.45,16.950000000,/angrybird/agiros_pilot/command.collective_thrust,9.922556233640938
6.455,16.955000000,/angrybird/agiros_pilot/command.collective_thrust,9.922556233640938
6.46,16.960000000,/angrybird/agiros_pilot/command.collective_thrust,9.924910293025793
6.46,16.960000000,/angrybird/agiros_pilot/command.collective_thrust,9.924910293025793
6.465,16.965000000,/angrybird/agiros_pilot/command.collective_thrust,9.924910293025793
6.47,16.970000000,/angrybird/agiros_pilot/command.collective_thrust,9.927189354897829
6.47,16.970000000,/angrybird/agiros_pilot/command.collective_thrust,9.927189354897829
6.475,16.975000000,/angrybird/agiros_pilot/command.collective_thrust,9.927189354897829
6.48,16.980000000,/angrybird/agiros_pilot/command.collective_thrust,9.929331223370175
6.48,16.980000000,/angrybird/agiros_pilot/command.collective_thrust,9.929331223370175
6.485,16.985000000,/angrybird/agiros_pilot/command.collective_thrust,9.929331223370175
6.49,16.990000000,/angrybird/agiros_pilot/command.collective_thrust,9.931344183189447
6.49,16.990000000,/angrybird/agiros_pilot/command.collective_thrust,9.931344183189447
6.495,16.995000000,/angrybird/agiros_pilot/command.collective_thrust,9.93230936334069
6.495,16.995000000,/angrybird/agiros_pilot/command.collective_thrust,9.931344183189447
6.5,17.000000000,/angrybird/agiros_pilot/command.collective_thrust,9.93230936334069
6.505,17.005000000,/angrybird/agiros_pilot/command.collective_thrust,9.93230936334069
6.505,17.005000000,/angrybird/agiros_pilot/command.collective_thrust,9.93415507375975
6.51,17.010000000,/angrybird/agiros_pilot/command.collective_thrust,9.93415507375975
6.515,17.015000000,/angrybird/agiros_pilot/command.collective_thrust,9.935905426631653
6.515,17.015000000,/angrybird/agiros_pilot/command.collective_thrust,9.93415507375975
6.52,17.020000000,/angrybird/agiros_pilot/command.collective_thrust,9.935905426631653
6.525,17.025000000,/angrybird/agiros_pilot/command.collective_thrust,9.935905426631653
6.525,17.025000000,/angrybird/agiros_pilot/command.collective_thrust,9.937565477691312
6.53,17.030000000,/angrybird/agiros_pilot/command.collective_thrust,9.937565477691312
6.535,17.035000000,/angrybird/agiros_pilot/command.collective_thrust,9.939141645935972
6.535,17.035000000,/angrybird/agiros_pilot/command.collective_thrust,9.937565477691312
6.54,17.040000000,/angrybird/agiros_pilot/command.collective_thrust,9.939141645935972
6.545,17.045000000,/angrybird/agiros_pilot/command.collective_thrust,9.940639525251047
6.545,17.045000000,/angrybird/agiros_pilot/command.collective_thrust,9.939141645935972
6.55,17.050000000,/angrybird/agiros_pilot/command.collective_thrust,9.940639525251047
6.555,17.055000000,/angrybird/agiros_pilot/command.collective_thrust,9.942062433542185
6.555,17.055000000,/angrybird/agiros_pilot/command.collective_thrust,9.940639525251047
6.5600000000000005,17.060000000,/angrybird/agiros_pilot/command.collective_thrust,9.942062433542185
6.565,17.065000000,/angrybird/agiros_pilot/command.collective_thrust,9.942062433542185
6.565,17.065000000,/angrybird/agiros_pilot/command.collective_thrust,9.943412859171328
6.57,17.070000000,/angrybird/agiros_pilot/command.collective_thrust,9.943412859171328
6.575,17.075000000,/angrybird/agiros_pilot/command.collective_thrust,9.943412859171328
6.575,17.075000000,/angrybird/agiros_pilot/command.collective_thrust,9.94469262709533
6.58,17.080000000,/angrybird/agiros_pilot/command.collective_thrust,9.94469262709533
6.585,17.085000000,/angrybird/agiros_pilot/command.collective_thrust,9.94469262709533
6.585,17.085000000,/angrybird/agiros_pilot/command.collective_thrust,9.94590304137634
6.59,17.090000000,/angrybird/agiros_pilot/command.collective_thrust,9.94590304137634
6.595,17.095000000,/angrybird/agiros_pilot/command.collective_thrust,9.947045006067057
6.595,17.095000000,/angrybird/agiros_pilot/command.collective_thrust,9.94590304137634
6.6,17.100000000,/angrybird/agiros_pilot/command.collective_thrust,9.947045006067057
6.605,17.105000000,/angrybird/agiros_pilot/command.collective_thrust,9.947045006067057
6.605,17.105000000,/angrybird/agiros_pilot/command.collective_thrust,9.94811911813918
6.61,17.110000000,/angrybird/agiros_pilot/command.collective_thrust,9.94811911813918
6.615,17.115000000,/angrybird/agiros_pilot/command.collective_thrust,9.94811911813918
6.615,17.115000000,/angrybird/agiros_pilot/command.collective_thrust,9.949125736878493
6.62,17.120000000,/angrybird/agiros_pilot/command.collective_thrust,9.949125736878493
6.625,17.125000000,/angrybird/agiros_pilot/command.collective_thrust,9.949125736878493
6.625,17.125000000,/angrybird/agiros_pilot/command.collective_thrust,9.950065035585288
6.63,17.130000000,/angrybird/agiros_pilot/command.collective_thrust,9.950065035585288
6.635,17.135000000,/angrybird/agiros_pilot/command.collective_thrust,9.950065035585288
6.635,17.135000000,/angrybird/agiros_pilot/command.collective_thrust,9.950937040755113
6.64,17.140000000,/angrybird/agiros_pilot/command.collective_thrust,9.950937040755113
6.645,17.145000000,/angrybird/agiros_pilot/command.collective_thrust,9.95174166293047
6.645,17.145000000,/angrybird/agiros_pilot/command.collective_thrust,9.950937040755113
6.65,17.150000000,/angrybird/agiros_pilot/command.collective_thrust,9.95174166293047
6.655,17.155000000,/angrybird/agiros_pilot/command.collective_thrust,9.952478722158167
6.655,17.155000000,/angrybird/agiros_pilot/command.collective_thrust,9.95174166293047
6.66,17.160000000,/angrybird/agiros_pilot/command.collective_thrust,9.952478722158167
6.66,17.160000000,/angrybird/agiros_pilot/command.collective_thrust,9.952478722158167
6.665,17.165000000,/angrybird/agiros_pilot/command.collective_thrust,9.953147969750836
6.67,17.170000000,/angrybird/agiros_pilot/command.collective_thrust,9.953147969750836
6.67,17.170000000,/angrybird/agiros_pilot/command.collective_thrust,9.953147969750836
6.675,17.175000000,/angrybird/agiros_pilot/command.collective_thrust,9.95374910707172
6.68,17.180000000,/angrybird/agiros_pilot/command.collective_thrust,9.95374910707172
6.68,17.180000000,/angrybird/agiros_pilot/command.collective_thrust,9.95374910707172
6.6850000000000005,17.185000000,/angrybird/agiros_pilot/command.collective_thrust,9.954281801467474
6.69,17.190000000,/angrybird/agiros_pilot/command.collective_thrust,9.954281801467474
6.69,17.190000000,/angrybird/agiros_pilot/command.collective_thrust,9.954281801467474
6.695,17.195000000,/angrybird/agiros_pilot/command.collective_thrust,9.954745699270921
6.7,17.200000000,/angrybird/agiros_pilot/command.collective_thrust,9.954745699270921
6.7,17.200000000,/angrybird/agiros_pilot/command.collective_thrust,9.954745699270921
6.705,17.205000000,/angrybird/agiros_pilot/command.collective_thrust,9.95514043587242
6.71,17.210000000,/angrybird/agiros_pilot/command.collective_thrust,9.95514043587242
6.71,17.210000000,/angrybird/agiros_pilot/command.collective_thrust,9.95514043587242
6.715,17.215000000,/angrybird/agiros_pilot/command.collective_thrust,9.955465643089775
6.72,17.220000000,/angrybird/agiros_pilot/command.collective_thrust,9.955465643089775
6.72,17.220000000,/angrybird/agiros_pilot/command.collective_thrust,9.955465643089775
6.725,17.225000000,/angrybird/agiros_pilot/command.collective_thrust,9.955720954295543
6.73,17.230000000,/angrybird/agiros_pilot/command.collective_thrust,9.955720954295543
6.73,17.230000000,/angrybird/agiros_pilot/command.collective_thrust,9.955720954295543
6.735,17.235000000,/angrybird/agiros_pilot/command.collective_thrust,9.955906007902295
6.74,17.240000000,/angrybird/agiros_pilot/command.collective_thrust,9.955906007902295
6.74,17.240000000,/angrybird/agiros_pilot/command.collective_thrust,9.955906007902295
6.745,17.245000000,/angrybird/agiros_pilot/command.collective_thrust,9.95602044982115
6.75,17.250000000,/angrybird/agiros_pilot/command.collective_thrust,9.95602044982115
6.75,17.250000000,/angrybird/agiros_pilot/command.collective_thrust,9.95602044982115
6.755,17.255000000,/angrybird/agiros_pilot/command.collective_thrust,9.956063935395562
6.76,17.260000000,/angrybird/agiros_pilot/command.collective_thrust,9.956063935395562
6.76,17.260000000,/angrybird/agiros_pilot/command.collective_thrust,9.956063935395562
6.765,17.265000000,/angrybird/agiros_pilot/command.collective_thrust,9.956036131149759
6.77,17.270000000,/angrybird/agiros_pilot/command.collective_thrust,9.956036131149759
6.77,17.270000000,/angrybird/agiros_pilot/command.collective_thrust,9.956036131149759
6.775,17.275000000,/angrybird/agiros_pilot/command.collective_thrust,9.955936716494191
6.78,17.280000000,/angrybird/agiros_pilot/command.collective_thrust,9.955936716494191
6.78,17.280000000,/angrybird/agiros_pilot/command.collective_thrust,9.955936716494191
6.785,17.285000000,/angrybird/agiros_pilot/command.collective_thrust,9.955765385391535
6.79,17.290000000,/angrybird/agiros_pilot/command.collective_thrust,9.955765385391535
6.79,17.290000000,/angrybird/agiros_pilot/command.collective_thrust,9.955765385391535
6.795,17.295000000,/angrybird/agiros_pilot/command.collective_thrust,9.955521847898074
6.8,17.300000000,/angrybird/agiros_pilot/command.collective_thrust,9.955521847898074
6.8,17.300000000,/angrybird/agiros_pilot/command.collective_thrust,9.955521847898074
6.805,17.305000000,/angrybird/agiros_pilot/command.collective_thrust,9.955205831478017
6.8100000000000005,17.310000000,/angrybird/agiros_pilot/command.collective_thrust,9.955205831478017
6.8100000000000005,17.310000000,/angrybird/agiros_pilot/command.collective_thrust,9.955205831478017
6.815,17.315000000,/angrybird/agiros_pilot/command.collective_thrust,9.954817082025013
6.82,17.320000000,/angrybird/agiros_pilot/command.collective_thrust,9.954817082025013
6.82,17.320000000,/angrybird/agiros_pilot/command.collective_thrust,9.954817082025013
6.825,17.325000000,/angrybird/agiros_pilot/command.collective_thrust,9.9543553645701
6.825,17.325000000,/angrybird/agiros_pilot/command.collective_thrust,9.9543553645701
6.83,17.330000000,/angrybird/agiros_pilot/command.collective_thrust,9.9543553645701
6.835,17.335000000,/angrybird/agiros_pilot/command.collective_thrust,9.953820463726299
6.835,17.335000000,/angrybird/agiros_pilot/command.collective_thrust,9.953820463726299
6.84,17.340000000,/angrybird/agiros_pilot/command.collective_thrust,9.953820463726299
6.845,17.345000000,/angrybird/agiros_pilot/command.collective_thrust,9.95321218393978
6.845,17.345000000,/angrybird/agiros_pilot/command.collective_thrust,9.95321218393978
6.85,17.350000000,/angrybird/agiros_pilot/command.collective_thrust,9.95321218393978
6.855,17.355000000,/angrybird/agiros_pilot/command.collective_thrust,9.952530349640858
6.855,17.355000000,/angrybird/agiros_pilot/command.collective_thrust,9.952530349640858
6.86,17.360000000,/angrybird/agiros_pilot/command.collective_thrust,9.952530349640858
6.865,17.365000000,/angrybird/agiros_pilot/command.collective_thrust,9.951774805365995
6.865,17.365000000,/angrybird/agiros_pilot/command.collective_thrust,9.951774805365995
6.87,17.370000000,/angrybird/agiros_pilot/command.collective_thrust,9.951774805365995
6.875,17.375000000,/angrybird/agiros_pilot/command.collective_thrust,9.950945415898493
6.875,17.375000000,/angrybird/agiros_pilot/command.collective_thrust,9.950945415898493
6.88,17.380000000,/angrybird/agiros_pilot/command.collective_thrust,9.950945415898493
6.885,17.385000000,/angrybird/agiros_pilot/command.collective_thrust,9.950042066443663
6.885,17.385000000,/angrybird/agiros_pilot/command.collective_thrust,9.950042066443663
6.89,17.390000000,/angrybird/agiros_pilot/command.collective_thrust,9.950042066443663
6.895,17.395000000,/angrybird/agiros_pilot/command.collective_thrust,9.949064662830063
6.895,17.395000000,/angrybird/agiros_pilot/command.collective_thrust,9.949064662830063
6.9,17.400000000,/angrybird/agiros_pilot/command.collective_thrust,9.949064662830063
6.905,17.405000000,/angrybird/agiros_pilot/command.collective_thrust,9.948013131710571
6.905,17.405000000,/angrybird/agiros_pilot/command.collective_thrust,9.948013131710571
6.91,17.410000000,/angrybird/agiros_pilot/command.collective_thrust,9.948013131710571
6.915,17.415000000,/angrybird/agiros_pilot/command.collective_thrust,9.946887420742268
6.915,17.415000000,/angrybird/agiros_pilot/command.collective_thrust,9.946887420742268
6.92,17.420000000,/angrybird/agiros_pilot/command.collective_thrust,9.946887420742268
6.925,17.425000000,/angrybird/agiros_pilot/command.collective_thrust,9.945687498723046
6.925,17.425000000,/angrybird/agiros_pilot/command.collective_thrust,9.945687498723046
6.93,17.430000000,/angrybird/agiros_pilot/command.collective_thrust,9.945687498723046
6.9350000000000005,17.435000000,/angrybird/agiros_pilot/command.collective_thrust,9.944413355681618
6.9350000000000005,17.435000000,/angrybird/agiros_pilot/command.collective_thrust,9.944413355681618
6.94,17.440000000,/angrybird/agiros_pilot/command.collective_thrust,9.944413355681618
6.945,17.445000000,/angrybird/agiros_pilot/command.collective_thrust,9.94306500292275
6.945,17.445000000,/angrybird/agiros_pilot/command.collective_thrust,9.94306500292275
6.95,17.450000000,/angrybird/agiros_pilot/command.collective_thrust,9.94306500292275
6.955,17.455000000,/angrybird/agiros_pilot/command.collective_thrust,9.941642473040641
6.955,17.455000000,/angrybird/agiros_pilot/command.collective_thrust,9.941642473040641
6.96,17.460000000,/angrybird/agiros_pilot/command.collective_thrust,9.941642473040641
6.965,17.465000000,/angrybird/agiros_pilot/command.collective_thrust,9.940145819913651
6.965,17.465000000,/angrybird/agiros_pilot/command.collective_thrust,9.940145819913651
6.97,17.470000000,/angrybird/agiros_pilot/command.collective_thrust,9.940145819913651
6.975,17.475000000,/angrybird/agiros_pilot/command.collective_thrust,9.938575118694967
6.975,17.475000000,/angrybird/agiros_pilot/command.collective_thrust,9.938575118694967
6.98,17.480000000,/angrybird/agiros_pilot/command.collective_thrust,9.938575118694967
6.985,17.485000000,/angrybird/agiros_pilot/command.collective_thrust,9.936930465805398
6.985,17.485000000,/angrybird/agiros_pilot/command.collective_thrust,9.936930465805398
6.99,17.490000000,/angrybird/agiros_pilot/command.collective_thrust,9.936930465805398
6.99,17.490000000,/angrybird/agiros_pilot/command.collective_thrust,9.936072512118177
6.995,17.495000000,/angrybird/agiros_pilot/command.collective_thrust,9.936072512118177
7,17.500000000,/angrybird/agiros_pilot/command.collective_thrust,9.934324888160734
7,17.500000000,/angrybird/agiros_pilot/command.collective_thrust,9.936072512118177
7.005,17.505000000,/angrybird/agiros_pilot/command.collective_thrust,9.934324888160734
7.01,17.510000000,/angrybird/agiros_pilot/command.collective_thrust,9.934324888160734
7.01,17.510000000,/angrybird/agiros_pilot/command.collective_thrust,9.932496090921983
7.015,17.515000000,/angrybird/agiros_pilot/command.collective_thrust,9.932496090921983
7.02,17.520000000,/angrybird/agiros_pilot/command.collective_thrust,9.930594262684375
7.02,17.520000000,/angrybird/agiros_pilot/command.collective_thrust,9.932496090921983
7.025,17.525000000,/angrybird/agiros_pilot/command.collective_thrust,9.930594262684375
7.03,17.530000000,/angrybird/agiros_pilot/command.collective_thrust,9.928619297179955
7.03,17.530000000,/angrybird/agiros_pilot/command.collective_thrust,9.930594262684375
7.035,17.535000000,/angrybird/agiros_pilot/command.collective_thrust,9.928619297179955
7.04,17.540000000,/angrybird/agiros_pilot/command.collective_thrust,9.928619297179955
7.04,17.540000000,/angrybird/agiros_pilot/command.collective_thrust,9.92657114819007
7.045,17.545000000,/angrybird/agiros_pilot/command.collective_thrust,9.92657114819007
7.05,17.550000000,/angrybird/agiros_pilot/command.collective_thrust,9.92657114819007
7.05,17.550000000,/angrybird/agiros_pilot/command.collective_thrust,9.924450272205803
7.055,17.555000000,/angrybird/agiros_pilot/command.collective_thrust,9.924450272205803
7.06,17.560000000,/angrybird/agiros_pilot/command.collective_thrust,9.924450272205803
7.06,17.560000000,/angrybird/agiros_pilot/command.collective_thrust,9.922256946921987
7.065,17.565000000,/angrybird/agiros_pilot/command.collective_thrust,9.922256946921987
7.07,17.570000000,/angrybird/agiros_pilot/command.collective_thrust,9.922256946921987
7.07,17.570000000,/angrybird/agiros_pilot/command.collective_thrust,9.919991376209179
7.075,17.575000000,/angrybird/agiros_pilot/command.collective_thrust,9.919991376209179
7.08,17.580000000,/angrybird/agiros_pilot/command.collective_thrust,9.919991376209179
7.08,17.580000000,/angrybird/agiros_pilot/command.collective_thrust,9.917653753835243
7.085,17.585000000,/angrybird/agiros_pilot/command.collective_thrust,9.917653753835243
7.09,17.590000000,/angrybird/agiros_pilot/command.collective_thrust,9.91524431133539
7.09,17.590000000,/angrybird/agiros_pilot/command.collective_thrust,9.917653753835243
7.095,17.595000000,/angrybird/agiros_pilot/command.collective_thrust,9.91524431133539
7.1,17.600000000,/angrybird/agiros_pilot/command.collective_thrust,9.91277512660361
7.1,17.600000000,/angrybird/agiros_pilot/command.collective_thrust,9.91524431133539
7.105,17.605000000,/angrybird/agiros_pilot/command.collective_thrust,9.91277512660361
7.11,17.610000000,/angrybird/agiros_pilot/command.collective_thrust,9.91277512660361
7.11,17.610000000,/angrybird/agiros_pilot/command.collective_thrust,9.910308245653658
7.115,17.615000000,/angrybird/agiros_pilot/command.collective_thrust,9.910308245653658
7.12,17.620000000,/angrybird/agiros_pilot/command.collective_thrust,9.910308245653658
7.12,17.620000000,/angrybird/agiros_pilot/command.collective_thrust,9.907836780672815
7.125,17.625000000,/angrybird/agiros_pilot/command.collective_thrust,9.907836780672815
7.13,17.630000000,/angrybird/agiros_pilot/command.collective_thrust,9.905346380176237
7.13,17.630000000,/angrybird/agiros_pilot/command.collective_thrust,9.907836780672815
7.135,17.635000000,/angrybird/agiros_pilot/command.collective_thrust,9.905346380176237
7.14,17.640000000,/angrybird/agiros_pilot/command.collective_thrust,9.902826485472993
7.14,17.640000000,/angrybird/agiros_pilot/command.collective_thrust,9.905346380176237
7.145,17.645000000,/angrybird/agiros_pilot/command.collective_thrust,9.902826485472993
7.15,17.650000000,/angrybird/agiros_pilot/command.collective_thrust,9.900268948947176
7.15,17.650000000,/angrybird/agiros_pilot/command.collective_thrust,9.902826485472993
7.155,17.655000000,/angrybird/agiros_pilot/command.collective_thrust,9.900268948947176
7.155,17.655000000,/angrybird/agiros_pilot/command.collective_thrust,9.900268948947176
7.16,17.660000000,/angrybird/agiros_pilot/command.collective_thrust,9.897667393082111
7.165,17.665000000,/angrybird/agiros_pilot/command.collective_thrust,9.897667393082111
7.165,17.665000000,/angrybird/agiros_pilot/command.collective_thrust,9.897667393082111
7.17,17.670000000,/angrybird/agiros_pilot/command.collective_thrust,9.895016855139133
7.175,17.675000000,/angrybird/agiros_pilot/command.collective_thrust,9.895016855139133
7.175,17.675000000,/angrybird/agiros_pilot/command.collective_thrust,9.895016855139133
7.18,17.680000000,/angrybird/agiros_pilot/command.collective_thrust,9.892313516894934
7.185,17.685000000,/angrybird/agiros_pilot/command.collective_thrust,9.892313516894934
7.185,17.685000000,/angrybird/agiros_pilot/command.collective_thrust,9.892313516894934
7.19,17.690000000,/angrybird/agiros_pilot/command.collective_thrust,9.889554488023316
7.195,17.695000000,/angrybird/agiros_pilot/command.collective_thrust,9.889554488023316
7.195,17.695000000,/angrybird/agiros_pilot/command.collective_thrust,9.889554488023316
7.2,17.700000000,/angrybird/agiros_pilot/command.collective_thrust,9.886737628900145
7.205,17.705000000,/angrybird/agiros_pilot/command.collective_thrust,9.886737628900145
7.205,17.705000000,/angrybird/agiros_pilot/command.collective_thrust,9.886737628900145
7.21,17.710000000,/angrybird/agiros_pilot/command.collective_thrust,9.883861402871847
7.215,17.715000000,/angrybird/agiros_pilot/command.collective_thrust,9.883861402871847
7.215,17.715000000,/angrybird/agiros_pilot/command.collective_thrust,9.883861402871847
7.22,17.720000000,/angrybird/agiros_pilot/command.collective_thrust,9.88092475259161
7.225,17.725000000,/angrybird/agiros_pilot/command.collective_thrust,9.88092475259161
7.225,17.725000000,/angrybird/agiros_pilot/command.collective_thrust,9.88092475259161
7.23,17.730000000,/angrybird/agiros_pilot/command.collective_thrust,9.877926997900584
7.235,17.735000000,/angrybird/agiros_pilot/command.collective_thrust,9.877926997900584
7.235,17.735000000,/angrybird/agiros_pilot/command.collective_thrust,9.877926997900584
7.24,17.740000000,/angrybird/agiros_pilot/command.collective_thrust,9.874867753792444
7.245,17.745000000,/angrybird/agiros_pilot/command.collective_thrust,9.874867753792444
7.245,17.745000000,/angrybird/agiros_pilot/command.collective_thrust,9.874867753792444
7.25,17.750000000,/angrybird/agiros_pilot/command.collective_thrust,9.871746866815636
7.255,17.755000000,/angrybird/agiros_pilot/command.collective_thrust,9.871746866815636
7.255,17.755000000,/angrybird/agiros_pilot/command.collective_thrust,9.871746866815636
7.26,17.760000000,/angrybird/agiros_pilot/command.collective_thrust,9.868564367508466
7.265,17.765000000,/angrybird/agiros_pilot/command.collective_thrust,9.868564367508466
7.265,17.765000000,/angrybird/agiros_pilot/command.collective_thrust,9.868564367508466
7.27,17.770000000,/angrybird/agiros_pilot/command.collective_thrust,9.865320435735892
7.275,17.775000000,/angrybird/agiros_pilot/command.collective_thrust,9.865320435735892
7.275,17.775000000,/angrybird/agiros_pilot/command.collective_thrust,9.865320435735892
7.28,17.780000000,/angrybird/agiros_pilot/command.collective_thrust,9.86201537550485
7.285,17.785000000,/angrybird/agiros_pilot/command.collective_thrust,9.86201537550485
7.285,17.785000000,/angrybird/agiros_pilot/command.collective_thrust,9.86201537550485
7.29,17.790000000,/angrybird/agiros_pilot/command.collective_thrust,9.858649596053326
7.295,17.795000000,/angrybird/agiros_pilot/command.collective_thrust,9.858649596053326
7.295,17.795000000,/angrybird/agiros_pilot/command.collective_thrust,9.858649596053326
7.3,17.800000000,/angrybird/agiros_pilot/command.collective_thrust,9.855223596692852
7.305,17.805000000,/angrybird/agiros_pilot/command.collective_thrust,9.855223596692852
7.305,17.805000000,/angrybird/agiros_pilot/command.collective_thrust,9.855223596692852
7.31,17.810000000,/angrybird/agiros_pilot/command.collective_thrust,9.851737953761708
7.315,17.815000000,/angrybird/agiros_pilot/command.collective_thrust,9.851737953761708
7.315,17.815000000,/angrybird/agiros_pilot/command.collective_thrust,9.851737953761708
7.32,17.820000000,/angrybird/agiros_pilot/command.collective_thrust,9.848193308908765
7.32,17.820000000,/angrybird/agiros_pilot/command.collective_thrust,9.848193308908765
7.325,17.825000000,/angrybird/agiros_pilot/command.collective_thrust,9.848193308908765
7.33,17.830000000,/angrybird/agiros_pilot/command.collective_thrust,9.844590358564322
7.33,17.830000000,/angrybird/agiros_pilot/command.collective_thrust,9.844590358564322
7.335,17.835000000,/angrybird/agiros_pilot/command.collective_thrust,9.844590358564322
7.34,17.840000000,/angrybird/agiros_pilot/command.collective_thrust,9.84092984479104
7.34,17.840000000,/angrybird/agiros_pilot/command.collective_thrust,9.84092984479104
7.345,17.845000000,/angrybird/agiros_pilot/command.collective_thrust,9.84092984479104
7.35,17.850000000,/angrybird/agiros_pilot/command.collective_thrust,9.837212547772783
7.35,17.850000000,/angrybird/agiros_pilot/command.collective_thrust,9.837212547772783
7.355,17.855000000,/angrybird/agiros_pilot/command.collective_thrust,9.837212547772783
7.36,17.860000000,/angrybird/agiros_pilot/command.collective_thrust,9.833439280049827
7.36,17.860000000,/angrybird/agiros_pilot/command.collective_thrust,9.833439280049827
7.365,17.865000000,/angrybird/agiros_pilot/command.collective_thrust,9.833439280049827
7.37,17.870000000,/angrybird/agiros_pilot/command.collective_thrust,9.82961088239378
7.37,17.870000000,/angrybird/agiros_pilot/command.collective_thrust,9.82961088239378
7.375,17.875000000,/angrybird/agiros_pilot/command.collective_thrust,9.82961088239378
7.38,17.880000000,/angrybird/agiros_pilot/command.collective_thrust,9.825728221020318
7.38,17.880000000,/angrybird/agiros_pilot/command.collective_thrust,9.825728221020318
7.385,17.885000000,/angrybird/agiros_pilot/command.collective_thrust,9.825728221020318
7.39,17.890000000,/angrybird/agiros_pilot/command.collective_thrust,9.821792185727716
7.39,17.890000000,/angrybird/agiros_pilot/command.collective_thrust,9.821792185727716
7.395,17.895000000,/angrybird/agiros_pilot/command.collective_thrust,9.821792185727716
7.4,17.900000000,/angrybird/agiros_pilot/command.collective_thrust,9.817803688550024
7.4,17.900000000,/angrybird/agiros_pilot/command.collective_thrust,9.817803688550024
7.405,17.905000000,/angrybird/agiros_pilot/command.collective_thrust,9.817803688550024
7.41,17.910000000,/angrybird/agiros_pilot/command.collective_thrust,9.813763662601064
7.41,17.910000000,/angrybird/agiros_pilot/command.collective_thrust,9.813763662601064
7.415,17.915000000,/angrybird/agiros_pilot/command.collective_thrust,9.813763662601064
7.42,17.920000000,/angrybird/agiros_pilot/command.collective_thrust,9.809673060914946
7.42,17.920000000,/angrybird/agiros_pilot/command.collective_thrust,9.809673060914946
7.425,17.925000000,/angrybird/agiros_pilot/command.collective_thrust,9.809673060914946
7.43,17.930000000,/angrybird/agiros_pilot/command.collective_thrust,9.805532855222562
7.43,17.930000000,/angrybird/agiros_pilot/command.collective_thrust,9.805532855222562
7.4350000000000005,17.935000000,/angrybird/agiros_pilot/command.collective_thrust,9.805532855222562
7.44,17.940000000,/angrybird/agiros_pilot/command.collective_thrust,9.80134403470226
7.44,17.940000000,/angrybird/agiros_pilot/command.collective_thrust,9.80134403470226
7.445,17.945000000,/angrybird/agiros_pilot/command.collective_thrust,9.80134403470226
7.45,17.950000000,/angrybird/agiros_pilot/command.collective_thrust,9.79710760478523
7.45,17.950000000,/angrybird/agiros_pilot/command.collective_thrust,9.79710760478523
7.455,17.955000000,/angrybird/agiros_pilot/command.collective_thrust,9.79710760478523
7.46,17.960000000,/angrybird/agiros_pilot/command.collective_thrust,9.792824586101258
7.46,17.960000000,/angrybird/agiros_pilot/command.collective_thrust,9.792824586101258
7.465,17.965000000,/angrybird/agiros_pilot/command.collective_thrust,9.792824586101258
7.47,17.970000000,/angrybird/agiros_pilot/command.collective_thrust,9.788496013616967
7.47,17.970000000,/angrybird/agiros_pilot/command.collective_thrust,9.788496013616967
7.475,17.975000000,/angrybird/agiros_pilot/command.collective_thrust,9.788496013616967
7.48,17.980000000,/angrybird/agiros_pilot/command.collective_thrust,9.784122935966186
7.48,17.980000000,/angrybird/agiros_pilot/command.collective_thrust,9.784122935966186
7.485,17.985000000,/angrybird/agiros_pilot/command.collective_thrust,9.784122935966186
7.485,17.985000000,/angrybird/agiros_pilot/command.collective_thrust,9.781903450163643
7.49,17.990000000,/angrybird/agiros_pilot/command.collective_thrust,9.781903450163643
7.495,17.995000000,/angrybird/agiros_pilot/command.collective_thrust,9.777481591183118
7.495,17.995000000,/angrybird/agiros_pilot/command.collective_thrust,9.781903450163643
7.5,18.000000000,/angrybird/agiros_pilot/command.collective_thrust,9.777481591183118
7.505,18.005000000,/angrybird/agiros_pilot/command.collective_thrust,9.777481591183118
7.505,18.005000000,/angrybird/agiros_pilot/command.collective_thrust,9.773002453348752
7.51,18.010000000,/angrybird/agiros_pilot/command.collective_thrust,9.773002453348752
7.515,18.015000000,/angrybird/agiros_pilot/command.collective_thrust,9.773002453348752
7.515,18.015000000,/angrybird/agiros_pilot/command.collective_thrust,9.768484062040164
7.52,18.020000000,/angrybird/agiros_pilot/command.collective_thrust,9.768484062040164
7.525,18.025000000,/angrybird/agiros_pilot/command.collective_thrust,9.763926516141927
7.525,18.025000000,/angrybird/agiros_pilot/command.collective_thrust,9.768484062040164
7.53,18.030000000,/angrybird/agiros_pilot/command.collective_thrust,9.763926516141927
7.535,18.035000000,/angrybird/agiros_pilot/command.collective_thrust,9.759329775794171
7.535,18.035000000,/angrybird/agiros_pilot/command.collective_thrust,9.763926516141927
7.54,18.040000000,/angrybird/agiros_pilot/command.collective_thrust,9.759329775794171
7.545,18.045000000,/angrybird/agiros_pilot/command.collective_thrust,9.754695587928657
7.545,18.045000000,/angrybird/agiros_pilot/command.collective_thrust,9.759329775794171
7.55,18.050000000,/angrybird/agiros_pilot/command.collective_thrust,9.754695587928657
7.555,18.055000000,/angrybird/agiros_pilot/command.collective_thrust,9.754695587928657
7.555,18.055000000,/angrybird/agiros_pilot/command.collective_thrust,9.750025229275725
7.5600000000000005,18.060000000,/angrybird/agiros_pilot/command.collective_thrust,9.750025229275725
7.565,18.065000000,/angrybird/agiros_pilot/command.collective_thrust,9.745319757487398
7.565,18.065000000,/angrybird/agiros_pilot/command.collective_thrust,9.750025229275725
7.57,18.070000000,/angrybird/agiros_pilot/command.collective_thrust,9.745319757487398
7.575,18.075000000,/angrybird/agiros_pilot/command.collective_thrust,9.745319757487398
7.575,18.075000000,/angrybird/agiros_pilot/command.collective_thrust,9.740580152928263
7.58,18.080000000,/angrybird/agiros_pilot/command.collective_thrust,9.740580152928263
7.585,18.085000000,/angrybird/agiros_pilot/command.collective_thrust,9.735807419741187
7.585,18.085000000,/angrybird/agiros_pilot/command.collective_thrust,9.740580152928263
7.59,18.090000000,/angrybird/agiros_pilot/command.collective_thrust,9.735807419741187
7.595,18.095000000,/angrybird/agiros_pilot/command.collective_thrust,9.735807419741187
7.595,18.095000000,/angrybird/agiros_pilot/command.collective_thrust,9.731002648414968
7.6,18.100000000,/angrybird/agiros_pilot/command.collective_thrust,9.731002648414968
7.605,18.105000000,/angrybird/agiros_pilot/command.collective_thrust,9.726167034006226
7.605,18.105000000,/angrybird/agiros_pilot/command.collective_thrust,9.731002648414968
7.61,18.110000000,/angrybird/agiros_pilot/command.collective_thrust,9.726167034006226
7.615,18.115000000,/angrybird/agiros_pilot/command.collective_thrust,9.721301857828147
7.615,18.115000000,/angrybird/agiros_pilot/command.collective_thrust,9.726167034006226
7.62,18.120000000,/angrybird/agiros_pilot/command.collective_thrust,9.721301857828147
7.625,18.125000000,/angrybird/agiros_pilot/command.collective_thrust,9.721301857828147
7.625,18.125000000,/angrybird/agiros_pilot/command.collective_thrust,9.716408448676034
7.63,18.130000000,/angrybird/agiros_pilot/command.collective_thrust,9.716408448676034
7.635,18.135000000,/angrybird/agiros_pilot/command.collective_thrust,9.711488141000487
7.635,18.135000000,/angrybird/agiros_pilot/command.collective_thrust,9.716408448676034
7.64,18.140000000,/angrybird/agiros_pilot/command.collective_thrust,9.711488141000487
7.645,18.145000000,/angrybird/agiros_pilot/command.collective_thrust,9.711488141000487
7.645,18.145000000,/angrybird/agiros_pilot/command.collective_thrust,9.706542243435923
7.65,18.150000000,/angrybird/agiros_pilot/command.collective_thrust,9.706542243435923
7.65,18.150000000,/angrybird/agiros_pilot/command.collective_thrust,9.706542243435923
7.655,18.155000000,/angrybird/agiros_pilot/command.collective_thrust,9.701572024279438
7.66,18.160000000,/angrybird/agiros_pilot/command.collective_thrust,9.701572024279438
7.66,18.160000000,/angrybird/agiros_pilot/command.collective_thrust,9.701572024279438
7.665,18.165000000,/angrybird/agiros_pilot/command.collective_thrust,9.696578713652846
7.67,18.170000000,/angrybird/agiros_pilot/command.collective_thrust,9.696578713652846
7.67,18.170000000,/angrybird/agiros_pilot/command.collective_thrust,9.696578713652846
7.675,18.175000000,/angrybird/agiros_pilot/command.collective_thrust,9.691563517218679
7.68,18.180000000,/angrybird/agiros_pilot/command.collective_thrust,9.691563517218679
7.68,18.180000000,/angrybird/agiros_pilot/command.collective_thrust,9.691563517218679
7.6850000000000005,18.185000000,/angrybird/agiros_pilot/command.collective_thrust,9.686527634284385
7.69,18.190000000,/angrybird/agiros_pilot/command.collective_thrust,9.686527634284385
7.69,18.190000000,/angrybird/agiros_pilot/command.collective_thrust,9.686527634284385
7.695,18.195000000,/angrybird/agiros_pilot/command.collective_thrust,9.68147227378672
7.7,18.200000000,/angrybird/agiros_pilot/command.collective_thrust,9.68147227378672
7.7,18.200000000,/angrybird/agiros_pilot/command.collective_thrust,9.68147227378672
7.705,18.205000000,/angrybird/agiros_pilot/command.collective_thrust,9.676398664024326
7.71,18.210000000,/angrybird/agiros_pilot/command.collective_thrust,9.676398664024326
7.71,18.210000000,/angrybird/agiros_pilot/command.collective_thrust,9.676398664024326
7.715,18.215000000,/angrybird/agiros_pilot/command.collective_thrust,9.671308054960722
7.72,18.220000000,/angrybird/agiros_pilot/command.collective_thrust,9.671308054960722
7.72,18.220000000,/angrybird/agiros_pilot/command.collective_thrust,9.671308054960722
7.725,18.225000000,/angrybird/agiros_pilot/command.collective_thrust,9.66620171440602
7.73,18.230000000,/angrybird/agiros_pilot/command.collective_thrust,9.66620171440602
7.73,18.230000000,/angrybird/agiros_pilot/command.collective_thrust,9.66620171440602
7.735,18.235000000,/angrybird/agiros_pilot/command.collective_thrust,9.661080920818792
7.74,18.240000000,/angrybird/agiros_pilot/command.collective_thrust,9.661080920818792
7.74,18.240000000,/angrybird/agiros_pilot/command.collective_thrust,9.661080920818792
7.745,18.245000000,/angrybird/agiros_pilot/command.collective_thrust,9.655946955692091
7.75,18.250000000,/angrybird/agiros_pilot/command.collective_thrust,9.655946955692091
7.75,18.250000000,/angrybird/agiros_pilot/command.collective_thrust,9.655946955692091
7.755,18.255000000,/angrybird/agiros_pilot/command.collective_thrust,9.650801097787767
7.76,18.260000000,/angrybird/agiros_pilot/command.collective_thrust,9.650801097787767
7.76,18.260000000,/angrybird/agiros_pilot/command.collective_thrust,9.650801097787767
7.765,18.265000000,/angrybird/agiros_pilot/command.collective_thrust,9.64564462030776
7.77,18.270000000,/angrybird/agiros_pilot/command.collective_thrust,9.64564462030776
7.77,18.270000000,/angrybird/agiros_pilot/command.collective_thrust,9.64564462030776
7.775,18.275000000,/angrybird/agiros_pilot/command.collective_thrust,9.640478790916632
7.78,18.280000000,/angrybird/agiros_pilot/command.collective_thrust,9.640478790916632
7.78,18.280000000,/angrybird/agiros_pilot/command.collective_thrust,9.640478790916632
7.785,18.285000000,/angrybird/agiros_pilot/command.collective_thrust,9.635304873714695
7.79,18.290000000,/angrybird/agiros_pilot/command.collective_thrust,9.635304873714695
7.79,18.290000000,/angrybird/agiros_pilot/command.collective_thrust,9.635304873714695
7.795,18.295000000,/angrybird/agiros_pilot/command.collective_thrust,9.630124131928682
7.8,18.300000000,/angrybird/agiros_pilot/command.collective_thrust,9.630124131928682
7.8,18.300000000,/angrybird/agiros_pilot/command.collective_thrust,9.630124131928682
7.805,18.305000000,/angrybird/agiros_pilot/command.collective_thrust,9.624937830216515
7.8100000000000005,18.310000000,/angrybird/agiros_pilot/command.collective_thrust,9.624937830216515
7.8100000000000005,18.310000000,/angrybird/agiros_pilot/command.collective_thrust,9.624937830216515
7.815,18.315000000,/angrybird/agiros_pilot/command.collective_thrust,9.619747235896892
7.815,18.315000000,/angrybird/agiros_pilot/command.collective_thrust,9.619747235896892
7.82,18.320000000,/angrybird/agiros_pilot/command.collective_thrust,9.619747235896892
7.825,18.325000000,/angrybird/agiros_pilot/command.collective_thrust,9.61455361892144
7.825,18.325000000,/angrybird/agiros_pilot/command.collective_thrust,9.61455361892144
7.83,18.330000000,/angrybird/agiros_pilot/command.collective_thrust,9.61455361892144
7.835,18.335000000,/angrybird/agiros_pilot/command.collective_thrust,9.609358250824844
7.835,18.335000000,/angrybird/agiros_pilot/command.collective_thrust,9.609358250824844
7.84,18.340000000,/angrybird/agiros_pilot/command.collective_thrust,9.609358250824844
7.845,18.345000000,/angrybird/agiros_pilot/command.collective_thrust,9.60416240312423
7.845,18.345000000,/angrybird/agiros_pilot/command.collective_thrust,9.60416240312423
7.85,18.350000000,/angrybird/agiros_pilot/command.collective_thrust,9.60416240312423
7.855,18.355000000,/angrybird/agiros_pilot/command.collective_thrust,9.598967345667422
7.855,18.355000000,/angrybird/agiros_pilot/command.collective_thrust,9.598967345667422
7.86,18.360000000,/angrybird/agiros_pilot/command.collective_thrust,9.598967345667422
7.865,18.365000000,/angrybird/agiros_pilot/command.collective_thrust,9.593774345305643
7.865,18.365000000,/angrybird/agiros_pilot/command.collective_thrust,9.593774345305643
7.87,18.370000000,/angrybird/agiros_pilot/command.collective_thrust,9.593774345305643
7.875,18.375000000,/angrybird/agiros_pilot/command.collective_thrust,9.588584665064896
7.875,18.375000000,/angrybird/agiros_pilot/command.collective_thrust,9.588584665064896
7.88,18.380000000,/angrybird/agiros_pilot/command.collective_thrust,9.588584665064896
7.885,18.385000000,/angrybird/agiros_pilot/command.collective_thrust,9.583428822304061
7.885,18.385000000,/angrybird/agiros_pilot/command.collective_thrust,9.583428822304061
7.89,18.390000000,/angrybird/agiros_pilot/command.collective_thrust,9.583428822304061
7.895,18.395000000,/angrybird/agiros_pilot/command.collective_thrust,9.578461696051807
7.895,18.395000000,/angrybird/agiros_pilot/command.collective_thrust,9.578461696051807
7.9,18.400000000,/angrybird/agiros_pilot/command.collective_thrust,9.578461696051807
7.905,18.405000000,/angrybird/agiros_pilot/command.collective_thrust,9.573669091503774
7.905,18.405000000,/angrybird/agiros_pilot/command.collective_thrust,9.573669091503774
7.91,18.410000000,/angrybird/agiros_pilot/command.collective_thrust,9.573669091503774
7.915,18.415000000,/angrybird/agiros_pilot/command.collective_thrust,9.569017812270852
7.915,18.415000000,/angrybird/agiros_pilot/command.collective_thrust,9.569017812270852
7.92,18.420000000,/angrybird/agiros_pilot/command.collective_thrust,9.569017812270852
7.925,18.425000000,/angrybird/agiros_pilot/command.collective_thrust,9.564483346896646
7.925,18.425000000,/angrybird/agiros_pilot/command.collective_thrust,9.564483346896646
7.93,18.430000000,/angrybird/agiros_pilot/command.collective_thrust,9.564483346896646
7.9350000000000005,18.435000000,/angrybird/agiros_pilot/command.collective_thrust,9.560046518270052
7.9350000000000005,18.435000000,/angrybird/agiros_pilot/command.collective_thrust,9.560046518270052
7.94,18.440000000,/angrybird/agiros_pilot/command.collective_thrust,9.560046518270052
7.945,18.445000000,/angrybird/agiros_pilot/command.collective_thrust,9.555692049767222
7.945,18.445000000,/angrybird/agiros_pilot/command.collective_thrust,9.555692049767222
7.95,18.450000000,/angrybird/agiros_pilot/command.collective_thrust,9.555692049767222
7.955,18.455000000,/angrybird/agiros_pilot/command.collective_thrust,9.551407816288032
7.955,18.455000000,/angrybird/agiros_pilot/command.collective_thrust,9.551407816288032
7.96,18.460000000,/angrybird/agiros_pilot/command.collective_thrust,9.551407816288032
7.965,18.465000000,/angrybird/agiros_pilot/command.collective_thrust,9.547184254949528
7.965,18.465000000,/angrybird/agiros_pilot/command.collective_thrust,9.547184254949528
7.97,18.470000000,/angrybird/agiros_pilot/command.collective_thrust,9.547184254949528
7.975,18.475000000,/angrybird/agiros_pilot/command.collective_thrust,9.543013876873951
7.975,18.475000000,/angrybird/agiros_pilot/command.collective_thrust,9.543013876873951
7.98,18.480000000,/angrybird/agiros_pilot/command.collective_thrust,9.543013876873951
7.98,18.480000000,/angrybird/agiros_pilot/command.collective_thrust,9.5409261037338
7.985,18.485000000,/angrybird/agiros_pilot/command.collective_thrust,9.5409261037338
7.99,18.490000000,/angrybird/agiros_pilot/command.collective_thrust,9.5409261037338
7.99,18.490000000,/angrybird/agiros_pilot/command.collective_thrust,9.536844845116013
7.995,18.495000000,/angrybird/agiros_pilot/command.collective_thrust,9.536844845116013
8,18.500000000,/angrybird/agiros_pilot/command.collective_thrust,9.532785511941473
8,18.500000000,/angrybird/agiros_pilot/command.collective_thrust,9.536844845116013
8.005,18.505000000,/angrybird/agiros_pilot/command.collective_thrust,9.532785511941473
8.01,18.510000000,/angrybird/agiros_pilot/command.collective_thrust,9.532785511941473
8.01,18.510000000,/angrybird/agiros_pilot/command.collective_thrust,9.52876573111626
8.015,18.515000000,/angrybird/agiros_pilot/command.collective_thrust,9.52876573111626
8.02,18.520000000,/angrybird/agiros_pilot/command.collective_thrust,9.524781972623762
8.02,18.520000000,/angrybird/agiros_pilot/command.collective_thrust,9.52876573111626
8.025,18.525000000,/angrybird/agiros_pilot/command.collective_thrust,9.524781972623762
8.03,18.530000000,/angrybird/agiros_pilot/command.collective_thrust,9.524781972623762
8.03,18.530000000,/angrybird/agiros_pilot/command.collective_thrust,9.52083151243006
8.035,18.535000000,/angrybird/agiros_pilot/command.collective_thrust,9.52083151243006
8.04,18.540000000,/angrybird/agiros_pilot/command.collective_thrust,9.516913949832704
8.04,18.540000000,/angrybird/agiros_pilot/command.collective_thrust,9.52083151243006
8.045,18.545000000,/angrybird/agiros_pilot/command.collective_thrust,9.516913949832704
8.05,18.550000000,/angrybird/agiros_pilot/command.collective_thrust,9.513028607443463
8.05,18.550000000,/angrybird/agiros_pilot/command.collective_thrust,9.516913949832704
8.055,18.555000000,/angrybird/agiros_pilot/command.collective_thrust,9.513028607443463
8.06,18.560000000,/angrybird/agiros_pilot/command.collective_thrust,9.509174803201612
8.06,18.560000000,/angrybird/agiros_pilot/command.collective_thrust,9.513028607443463
8.065,18.565000000,/angrybird/agiros_pilot/command.collective_thrust,9.509174803201612
8.07,18.570000000,/angrybird/agiros_pilot/command.collective_thrust,9.509174803201612
8.07,18.570000000,/angrybird/agiros_pilot/command.collective_thrust,9.505351982175668
8.075,18.575000000,/angrybird/agiros_pilot/command.collective_thrust,9.505351982175668
8.08,18.580000000,/angrybird/agiros_pilot/command.collective_thrust,9.501559804095384
8.08,18.580000000,/angrybird/agiros_pilot/command.collective_thrust,9.505351982175668
8.085,18.585000000,/angrybird/agiros_pilot/command.collective_thrust,9.501559804095384
8.09,18.590000000,/angrybird/agiros_pilot/command.collective_thrust,9.501559804095384
8.09,18.590000000,/angrybird/agiros_pilot/command.collective_thrust,9.497798188238082
8.095,18.595000000,/angrybird/agiros_pilot/command.collective_thrust,9.497798188238082
8.1,18.600000000,/angrybird/agiros_pilot/command.collective_thrust,9.494067305788828
8.1,18.600000000,/angrybird/agiros_pilot/command.collective_thrust,9.497798188238082
8.105,18.605000000,/angrybird/agiros_pilot/command.collective_thrust,9.494067305788828
8.11,18.610000000,/angrybird/agiros_pilot/command.collective_thrust,9.494067305788828
8.11,18.610000000,/angrybird/agiros_pilot/command.collective_thrust,9.490367529431328
8.115,18.615000000,/angrybird/agiros_pilot/command.collective_thrust,9.490367529431328
8.12,18.620000000,/angrybird/agiros_pilot/command.collective_thrust,9.490367529431328
8.12,18.620000000,/angrybird/agiros_pilot/command.collective_thrust,9.486699361154994
8.125,18.625000000,/angrybird/agiros_pilot/command.collective_thrust,9.486699361154994
8.13,18.630000000,/angrybird/agiros_pilot/command.collective_thrust,9.483063360758228
8.13,18.630000000,/angrybird/agiros_pilot/command.collective_thrust,9.486699361154994
8.135,18.635000000,/angrybird/agiros_pilot/command.collective_thrust,9.483063360758228
8.14,18.640000000,/angrybird/agiros_pilot/command.collective_thrust,9.479460091831132
8.14,18.640000000,/angrybird/agiros_pilot/command.collective_thrust,9.483063360758228
8.145,18.645000000,/angrybird/agiros_pilot/command.collective_thrust,9.479460091831132
8.145,18.645000000,/angrybird/agiros_pilot/command.collective_thrust,9.479460091831132
8.15,18.650000000,/angrybird/agiros_pilot/command.collective_thrust,9.475890092798926
8.155,18.655000000,/angrybird/agiros_pilot/command.collective_thrust,9.475890092798926
8.155,18.655000000,/angrybird/agiros_pilot/command.collective_thrust,9.475890092798926
8.16,18.660000000,/angrybird/agiros_pilot/command.collective_thrust,9.472353871654805
8.165,18.665000000,/angrybird/agiros_pilot/command.collective_thrust,9.472353871654805
8.165,18.665000000,/angrybird/agiros_pilot/command.collective_thrust,9.472353871654805
8.17,18.670000000,/angrybird/agiros_pilot/command.collective_thrust,9.46885191693157
8.175,18.675000000,/angrybird/agiros_pilot/command.collective_thrust,9.46885191693157
8.175,18.675000000,/angrybird/agiros_pilot/command.collective_thrust,9.46885191693157
8.18,18.680000000,/angrybird/agiros_pilot/command.collective_thrust,9.465384715217136
8.185,18.685000000,/angrybird/agiros_pilot/command.collective_thrust,9.465384715217136
8.185,18.685000000,/angrybird/agiros_pilot/command.collective_thrust,9.465384715217136
8.19,18.690000000,/angrybird/agiros_pilot/command.collective_thrust,9.461952766712272
8.195,18.695000000,/angrybird/agiros_pilot/command.collective_thrust,9.461952766712272
8.195,18.695000000,/angrybird/agiros_pilot/command.collective_thrust,9.461952766712272
8.2,18.700000000,/angrybird/agiros_pilot/command.collective_thrust,9.45855659359547
8.205,18.705000000,/angrybird/agiros_pilot/command.collective_thrust,9.45855659359547
8.205,18.705000000,/angrybird/agiros_pilot/command.collective_thrust,9.45855659359547
8.21,18.710000000,/angrybird/agiros_pilot/command.collective_thrust,9.45519673980694
8.215,18.715000000,/angrybird/agiros_pilot/command.collective_thrust,9.45519673980694
8.215,18.715000000,/angrybird/agiros_pilot/command.collective_thrust,9.45519673980694
8.22,18.720000000,/angrybird/agiros_pilot/command.collective_thrust,9.451873763958506
8.225,18.725000000,/angrybird/agiros_pilot/command.collective_thrust,9.451873763958506
8.225,18.725000000,/angrybird/agiros_pilot/command.collective_thrust,9.451873763958506
8.23,18.730000000,/angrybird/agiros_pilot/command.collective_thrust,9.448588228760755
8.235,18.735000000,/angrybird/agiros_pilot/command.collective_thrust,9.448588228760755
8.235,18.735000000,/angrybird/agiros_pilot/command.collective_thrust,9.448588228760755
8.24,18.740000000,/angrybird/agiros_pilot/command.collective_thrust,9.445340690515085
8.245,18.745000000,/angrybird/agiros_pilot/command.collective_thrust,9.445340690515085
8.245,18.745000000,/angrybird/agiros_pilot/command.collective_thrust,9.445340690515085
8.25,18.750000000,/angrybird/agiros_pilot/command.collective_thrust,9.442131691268802
8.255,18.755000000,/angrybird/agiros_pilot/command.collective_thrust,9.442131691268802
8.255,18.755000000,/angrybird/agiros_pilot/command.collective_thrust,9.442131691268802
8.26,18.760000000,/angrybird/agiros_pilot/command.collective_thrust,9.43896175476328
8.265,18.765000000,/angrybird/agiros_pilot/command.collective_thrust,9.43896175476328
8.265,18.765000000,/angrybird/agiros_pilot/command.collective_thrust,9.43896175476328
8.27,18.770000000,/angrybird/agiros_pilot/command.collective_thrust,9.43583138591622
8.275,18.775000000,/angrybird/agiros_pilot/command.collective_thrust,9.43583138591622
8.275,18.775000000,/angrybird/agiros_pilot/command.collective_thrust,9.43583138591622
8.28,18.780000000,/angrybird/agiros_pilot/command.collective_thrust,9.432741072658226
8.285,18.785000000,/angrybird/agiros_pilot/command.collective_thrust,9.432741072658226
8.285,18.785000000,/angrybird/agiros_pilot/command.collective_thrust,9.432741072658226
8.29,18.790000000,/angrybird/agiros_pilot/command.collective_thrust,9.429691288625964
8.295,18.795000000,/angrybird/agiros_pilot/command.collective_thrust,9.429691288625964
8.295,18.795000000,/angrybird/agiros_pilot/command.collective_thrust,9.429691288625964
8.3,18.800000000,/angrybird/agiros_pilot/command.collective_thrust,9.426682495426276
8.305,18.805000000,/angrybird/agiros_pilot/command.collective_thrust,9.426682495426276
8.305,18.805000000,/angrybird/agiros_pilot/command.collective_thrust,9.426682495426276
8.31,18.810000000,/angrybird/agiros_pilot/command.collective_thrust,9.423715143711442
8.31,18.810000000,/angrybird/agiros_pilot/command.collective_thrust,9.423715143711442
8.315,18.815000000,/angrybird/agiros_pilot/command.collective_thrust,9.423715143711442
8.32,18.820000000,/angrybird/agiros_pilot/command.collective_thrust,9.42078967289483
8.32,18.820000000,/angrybird/agiros_pilot/command.collective_thrust,9.42078967289483
8.325,18.825000000,/angrybird/agiros_pilot/command.collective_thrust,9.42078967289483
8.33,18.830000000,/angrybird/agiros_pilot/command.collective_thrust,9.417906509806906
8.33,18.830000000,/angrybird/agiros_pilot/command.collective_thrust,9.417906509806906
8.335,18.835000000,/angrybird/agiros_pilot/command.collective_thrust,9.417906509806906
8.34,18.840000000,/angrybird/agiros_pilot/command.collective_thrust,9.415066066831562
8.34,18.840000000,/angrybird/agiros_pilot/command.collective_thrust,9.415066066831562
8.345,18.845000000,/angrybird/agiros_pilot/command.collective_thrust,9.415066066831562
8.35,18.850000000,/angrybird/agiros_pilot/command.collective_thrust,9.412268740068786
8.35,18.850000000,/angrybird/agiros_pilot/command.collective_thrust,9.412268740068786
8.355,18.855000000,/angrybird/agiros_pilot/command.collective_thrust,9.412268740068786
8.36,18.860000000,/angrybird/agiros_pilot/command.collective_thrust,9.409514907919379
8.36,18.860000000,/angrybird/agiros_pilot/command.collective_thrust,9.409514907919379
8.365,18.865000000,/angrybird/agiros_pilot/command.collective_thrust,9.409514907919379
8.37,18.870000000,/angrybird/agiros_pilot/command.collective_thrust,9.406804930248606
8.37,18.870000000,/angrybird/agiros_pilot/command.collective_thrust,9.406804930248606
8.375,18.875000000,/angrybird/agiros_pilot/command.collective_thrust,9.406804930248606
8.38,18.880000000,/angrybird/agiros_pilot/command.collective_thrust,9.404139148084756
8.38,18.880000000,/angrybird/agiros_pilot/command.collective_thrust,9.404139148084756
8.385,18.885000000,/angrybird/agiros_pilot/command.collective_thrust,9.404139148084756
8.39,18.890000000,/angrybird/agiros_pilot/command.collective_thrust,9.401517883664344
8.39,18.890000000,/angrybird/agiros_pilot/command.collective_thrust,9.401517883664344
8.395,18.895000000,/angrybird/agiros_pilot/command.collective_thrust,9.401517883664344
8.4,18.900000000,/angrybird/agiros_pilot/command.collective_thrust,9.398941440597415
8.4,18.900000000,/angrybird/agiros_pilot/command.collective_thrust,9.398941440597415
8.405,18.905000000,/angrybird/agiros_pilot/command.collective_thrust,9.398941440597415
8.41,18.910000000,/angrybird/agiros_pilot/command.collective_thrust,9.396410023749056
8.41,18.910000000,/angrybird/agiros_pilot/command.collective_thrust,9.396410023749056
8.415,18.915000000,/angrybird/agiros_pilot/command.collective_thrust,9.396410023749056
8.42,18.920000000,/angrybird/agiros_pilot/command.collective_thrust,9.393923407669623
8.42,18.920000000,/angrybird/agiros_pilot/command.collective_thrust,9.393923407669623
8.425,18.925000000,/angrybird/agiros_pilot/command.collective_thrust,9.393923407669623
8.43,18.930000000,/angrybird/agiros_pilot/command.collective_thrust,9.391482514705064
8.43,18.930000000,/angrybird/agiros_pilot/command.collective_thrust,9.391482514705064
8.435,18.935000000,/angrybird/agiros_pilot/command.collective_thrust,9.391482514705064
8.44,18.940000000,/angrybird/agiros_pilot/command.collective_thrust,9.389087578550006
8.44,18.940000000,/angrybird/agiros_pilot/command.collective_thrust,9.389087578550006
8.445,18.945000000,/angrybird/agiros_pilot/command.collective_thrust,9.389087578550006
8.45,18.950000000,/angrybird/agiros_pilot/command.collective_thrust,9.386738841979952
8.45,18.950000000,/angrybird/agiros_pilot/command.collective_thrust,9.386738841979952
8.455,18.955000000,/angrybird/agiros_pilot/command.collective_thrust,9.386738841979952
8.46,18.960000000,/angrybird/agiros_pilot/command.collective_thrust,9.384436413053376
8.46,18.960000000,/angrybird/agiros_pilot/command.collective_thrust,9.384436413053376
8.465,18.965000000,/angrybird/agiros_pilot/command.collective_thrust,9.384436413053376
8.47,18.970000000,/angrybird/agiros_pilot/command.collective_thrust,9.382179779654749
8.47,18.970000000,/angrybird/agiros_pilot/command.collective_thrust,9.382179779654749
8.475,18.975000000,/angrybird/agiros_pilot/command.collective_thrust,9.381056164485308
8.475,18.975000000,/angrybird/agiros_pilot/command.collective_thrust,9.382179779654749
8.48,18.980000000,/angrybird/agiros_pilot/command.collective_thrust,9.381056164485308
8.485,18.985000000,/angrybird/agiros_pilot/command.collective_thrust,9.381056164485308
8.485,18.985000000,/angrybird/agiros_pilot/command.collective_thrust,9.378882367697187
8.49,18.990000000,/angrybird/agiros_pilot/command.collective_thrust,9.378882367697187
8.495,18.995000000,/angrybird/agiros_pilot/command.collective_thrust,9.376743289593199
8.495,18.995000000,/angrybird/agiros_pilot/command.collective_thrust,9.378882367697187
8.5,19.000000000,/angrybird/agiros_pilot/command.collective_thrust,9.376743289593199
8.505,19.005000000,/angrybird/agiros_pilot/command.collective_thrust,9.376743289593199
8.505,19.005000000,/angrybird/agiros_pilot/command.collective_thrust,9.374652355082537
8.51,19.010000000,/angrybird/agiros_pilot/command.collective_thrust,9.374652355082537
8.515,19.015000000,/angrybird/agiros_pilot/command.collective_thrust,9.37260765119881
8.515,19.015000000,/angrybird/agiros_pilot/command.collective_thrust,9.374652355082537
8.52,19.020000000,/angrybird/agiros_pilot/command.collective_thrust,9.37260765119881
8.525,19.025000000,/angrybird/agiros_pilot/command.collective_thrust,9.37260765119881
8.525,19.025000000,/angrybird/agiros_pilot/command.collective_thrust,9.370609174100881
8.53,19.030000000,/angrybird/agiros_pilot/command.collective_thrust,9.370609174100881
8.535,19.035000000,/angrybird/agiros_pilot/command.collective_thrust,9.370609174100881
8.535,19.035000000,/angrybird/agiros_pilot/command.collective_thrust,9.368658080791075
8.54,19.040000000,/angrybird/agiros_pilot/command.collective_thrust,9.368658080791075
8.545,19.045000000,/angrybird/agiros_pilot/command.collective_thrust,9.368658080791075
8.545,19.045000000,/angrybird/agiros_pilot/command.collective_thrust,9.366754484944419
8.55,19.050000000,/angrybird/agiros_pilot/command.collective_thrust,9.366754484944419
8.555,19.055000000,/angrybird/agiros_pilot/command.collective_thrust,9.364898304868145
8.555,19.055000000,/angrybird/agiros_pilot/command.collective_thrust,9.366754484944419
8.56,19.060000000,/angrybird/agiros_pilot/command.collective_thrust,9.364898304868145
8.565,19.065000000,/angrybird/agiros_pilot/command.collective_thrust,9.363088110779875
8.565,19.065000000,/angrybird/agiros_pilot/command.collective_thrust,9.364898304868145
8.57,19.070000000,/angrybird/agiros_pilot/command.collective_thrust,9.363088110779875
8.575,19.075000000,/angrybird/agiros_pilot/command.collective_thrust,9.361324250948453
8.575,19.075000000,/angrybird/agiros_pilot/command.collective_thrust,9.363088110779875
8.58,19.080000000,/angrybird/agiros_pilot/command.collective_thrust,9.361324250948453
8.585,19.085000000,/angrybird/agiros_pilot/command.collective_thrust,9.35960734084467
8.585,19.085000000,/angrybird/agiros_pilot/command.collective_thrust,9.361324250948453
8.59,19.090000000,/angrybird/agiros_pilot/command.collective_thrust,9.35960734084467
8.595,19.095000000,/angrybird/agiros_pilot/command.collective_thrust,9.35960734084467
8.595,19.095000000,/angrybird/agiros_pilot/command.collective_thrust,9.35793725365985
8.6,19.100000000,/angrybird/agiros_pilot/command.collective_thrust,9.35793725365985
8.605,19.105000000,/angrybird/agiros_pilot/command.collective_thrust,9.356313898211795
8.605,19.105000000,/angrybird/agiros_pilot/command.collective_thrust,9.35793725365985
8.61,19.110000000,/angrybird/agiros_pilot/command.collective_thrust,9.356313898211795
8.615,19.115000000,/angrybird/agiros_pilot/command.collective_thrust,9.354735789132173
8.615,19.115000000,/angrybird/agiros_pilot/command.collective_thrust,9.356313898211795
8.62,19.120000000,/angrybird/agiros_pilot/command.collective_thrust,9.354735789132173
8.625,19.125000000,/angrybird/agiros_pilot/command.collective_thrust,9.354735789132173
8.625,19.125000000,/angrybird/agiros_pilot/command.collective_thrust,9.35320341785478
8.63,19.130000000,/angrybird/agiros_pilot/command.collective_thrust,9.35320341785478
8.635,19.135000000,/angrybird/agiros_pilot/command.collective_thrust,9.35320341785478
8.635,19.135000000,/angrybird/agiros_pilot/command.collective_thrust,9.351717517384563
8.64,19.140000000,/angrybird/agiros_pilot/command.collective_thrust,9.351717517384563
8.64,19.140000000,/angrybird/agiros_pilot/command.collective_thrust,9.351717517384563
8.645,19.145000000,/angrybird/agiros_pilot/command.collective_thrust,9.350277891682172
8.65,19.150000000,/angrybird/agiros_pilot/command.collective_thrust,9.350277891682172
8.65,19.150000000,/angrybird/agiros_pilot/command.collective_thrust,9.350277891682172
8.655,19.155000000,/angrybird/agiros_pilot/command.collective_thrust,9.348884283094957
8.66,19.160000000,/angrybird/agiros_pilot/command.collective_thrust,9.348884283094957
8.66,19.160000000,/angrybird/agiros_pilot/command.collective_thrust,9.348884283094957
8.665,19.165000000,/angrybird/agiros_pilot/command.collective_thrust,9.347534949596115
8.67,19.170000000,/angrybird/agiros_pilot/command.collective_thrust,9.347534949596115
8.67,19.170000000,/angrybird/agiros_pilot/command.collective_thrust,9.347534949596115
8.675,19.175000000,/angrybird/agiros_pilot/command.collective_thrust,9.346230156282257
8.68,19.180000000,/angrybird/agiros_pilot/command.collective_thrust,9.346230156282257
8.68,19.180000000,/angrybird/agiros_pilot/command.collective_thrust,9.346230156282257
8.685,19.185000000,/angrybird/agiros_pilot/command.collective_thrust,9.344970464961978
8.69,19.190000000,/angrybird/agiros_pilot/command.collective_thrust,9.344970464961978
8.69,19.190000000,/angrybird/agiros_pilot/command.collective_thrust,9.344970464961978
8.695,19.195000000,/angrybird/agiros_pilot/command.collective_thrust,9.343755528118882
8.7,19.200000000,/angrybird/agiros_pilot/command.collective_thrust,9.343755528118882
8.7,19.200000000,/angrybird/agiros_pilot/command.collective_thrust,9.343755528118882
8.705,19.205000000,/angrybird/agiros_pilot/command.collective_thrust,9.342584961174152
8.71,19.210000000,/angrybird/agiros_pilot/command.collective_thrust,9.342584961174152
8.71,19.210000000,/angrybird/agiros_pilot/command.collective_thrust,9.342584961174152
8.715,19.215000000,/angrybird/agiros_pilot/command.collective_thrust,9.34145698354906
8.72,19.220000000,/angrybird/agiros_pilot/command.collective_thrust,9.34145698354906
8.72,19.220000000,/angrybird/agiros_pilot/command.collective_thrust,9.34145698354906
8.725,19.225000000,/angrybird/agiros_pilot/command.collective_thrust,9.340371729463575
8.73,19.230000000,/angrybird/agiros_pilot/command.collective_thrust,9.340371729463575
8.73,19.230000000,/angrybird/agiros_pilot/command.collective_thrust,9.340371729463575
8.735,19.235000000,/angrybird/agiros_pilot/command.collective_thrust,9.339329647753814
8.74,19.240000000,/angrybird/agiros_pilot/command.collective_thrust,9.339329647753814
8.74,19.240000000,/angrybird/agiros_pilot/command.collective_thrust,9.339329647753814
8.745,19.245000000,/angrybird/agiros_pilot/command.collective_thrust,9.33833031205944
8.75,19.250000000,/angrybird/agiros_pilot/command.collective_thrust,9.33833031205944
8.75,19.250000000,/angrybird/agiros_pilot/command.collective_thrust,9.33833031205944
8.755,19.255000000,/angrybird/agiros_pilot/command.collective_thrust,9.337373230359077
8.76,19.260000000,/angrybird/agiros_pilot/command.collective_thrust,9.337373230359077
8.76,19.260000000,/angrybird/agiros_pilot/command.collective_thrust,9.337373230359077
8.765,19.265000000,/angrybird/agiros_pilot/command.collective_thrust,9.336456651626165
8.77,19.270000000,/angrybird/agiros_pilot/command.collective_thrust,9.336456651626165
8.77,19.270000000,/angrybird/agiros_pilot/command.collective_thrust,9.336456651626165
8.775,19.275000000,/angrybird/agiros_pilot/command.collective_thrust,9.335580501531334
8.78,19.280000000,/angrybird/agiros_pilot/command.collective_thrust,9.335580501531334
8.78,19.280000000,/angrybird/agiros_pilot/command.collective_thrust,9.335580501531334
8.785,19.285000000,/angrybird/agiros_pilot/command.collective_thrust,9.334745023594172
8.79,19.290000000,/angrybird/agiros_pilot/command.collective_thrust,9.334745023594172
8.79,19.290000000,/angrybird/agiros_pilot/command.collective_thrust,9.334745023594172
8.795,19.295000000,/angrybird/agiros_pilot/command.collective_thrust,9.333949689575274
8.8,19.300000000,/angrybird/agiros_pilot/command.collective_thrust,9.333949689575274
8.8,19.300000000,/angrybird/agiros_pilot/command.collective_thrust,9.333949689575274
8.805,19.305000000,/angrybird/agiros_pilot/command.collective_thrust,9.333193897872027
8.805,19.305000000,/angrybird/agiros_pilot/command.collective_thrust,9.333193897872027
8.81,19.310000000,/angrybird/agiros_pilot/command.collective_thrust,9.333193897872027
8.815,19.315000000,/angrybird/agiros_pilot/command.collective_thrust,9.332476012027296
8.815,19.315000000,/angrybird/agiros_pilot/command.collective_thrust,9.332476012027296
8.82,19.320000000,/angrybird/agiros_pilot/command.collective_thrust,9.332476012027296
8.825,19.325000000,/angrybird/agiros_pilot/command.collective_thrust,9.331795745883833
8.825,19.325000000,/angrybird/agiros_pilot/command.collective_thrust,9.331795745883833
8.83,19.330000000,/angrybird/agiros_pilot/command.collective_thrust,9.331795745883833
8.835,19.335000000,/angrybird/agiros_pilot/command.collective_thrust,9.331153120183268
8.835,19.335000000,/angrybird/agiros_pilot/command.collective_thrust,9.331153120183268
8.84,19.340000000,/angrybird/agiros_pilot/command.collective_thrust,9.331153120183268
8.845,19.345000000,/angrybird/agiros_pilot/command.collective_thrust,9.330547527136375
8.845,19.345000000,/angrybird/agiros_pilot/command.collective_thrust,9.330547527136375
8.85,19.350000000,/angrybird/agiros_pilot/command.collective_thrust,9.330547527136375
8.855,19.355000000,/angrybird/agiros_pilot/command.collective_thrust,9.32997827619077
8.855,19.355000000,/angrybird/agiros_pilot/command.collective_thrust,9.32997827619077
8.86,19.360000000,/angrybird/agiros_pilot/command.collective_thrust,9.32997827619077
8.865,19.365000000,/angrybird/agiros_pilot/command.collective_thrust,9.329443905076156
8.865,19.365000000,/angrybird/agiros_pilot/command.collective_thrust,9.329443905076156
8.870000000000001,19.370000000,/angrybird/agiros_pilot/command.collective_thrust,9.329443905076156
8.875,19.375000000,/angrybird/agiros_pilot/command.collective_thrust,9.328943909633063
8.875,19.375000000,/angrybird/agiros_pilot/command.collective_thrust,9.328943909633063
8.88,19.380000000,/angrybird/agiros_pilot/command.collective_thrust,9.328943909633063
8.885,19.385000000,/angrybird/agiros_pilot/command.collective_thrust,9.328478062626047
8.885,19.385000000,/angrybird/agiros_pilot/command.collective_thrust,9.328478062626047
8.89,19.390000000,/angrybird/agiros_pilot/command.collective_thrust,9.328478062626047
8.895,19.395000000,/angrybird/agiros_pilot/command.collective_thrust,9.328045679054183
8.895,19.395000000,/angrybird/agiros_pilot/command.collective_thrust,9.328045679054183
8.9,19.400000000,/angrybird/agiros_pilot/command.collective_thrust,9.328045679054183
8.905,19.405000000,/angrybird/agiros_pilot/command.collective_thrust,9.327645991302433
8.905,19.405000000,/angrybird/agiros_pilot/command.collective_thrust,9.327645991302433
8.91,19.410000000,/angrybird/agiros_pilot/command.collective_thrust,9.327645991302433
8.915,19.415000000,/angrybird/agiros_pilot/command.collective_thrust,9.327277740835253
8.915,19.415000000,/angrybird/agiros_pilot/command.collective_thrust,9.327277740835253
8.92,19.420000000,/angrybird/agiros_pilot/command.collective_thrust,9.327277740835253
8.925,19.425000000,/angrybird/agiros_pilot/command.collective_thrust,9.326940221852357
8.925,19.425000000,/angrybird/agiros_pilot/command.collective_thrust,9.326940221852357
8.93,19.430000000,/angrybird/agiros_pilot/command.collective_thrust,9.326940221852357
8.935,19.435000000,/angrybird/agiros_pilot/command.collective_thrust,9.32663296311926
8.935,19.435000000,/angrybird/agiros_pilot/command.collective_thrust,9.32663296311926
8.94,19.440000000,/angrybird/agiros_pilot/command.collective_thrust,9.32663296311926
8.945,19.445000000,/angrybird/agiros_pilot/command.collective_thrust,9.326355214166806
8.945,19.445000000,/angrybird/agiros_pilot/command.collective_thrust,9.326355214166806
8.95,19.450000000,/angrybird/agiros_pilot/command.collective_thrust,9.326355214166806
8.955,19.455000000,/angrybird/agiros_pilot/command.collective_thrust,9.32610615033849
8.955,19.455000000,/angrybird/agiros_pilot/command.collective_thrust,9.32610615033849
8.96,19.460000000,/angrybird/agiros_pilot/command.collective_thrust,9.32610615033849
8.965,19.465000000,/angrybird/agiros_pilot/command.collective_thrust,9.325884717819891
8.965,19.465000000,/angrybird/agiros_pilot/command.collective_thrust,9.325884717819891
8.97,19.470000000,/angrybird/agiros_pilot/command.collective_thrust,9.325781052833412
8.97,19.470000000,/angrybird/agiros_pilot/command.collective_thrust,9.325884717819891
8.975,19.475000000,/angrybird/agiros_pilot/command.collective_thrust,9.325781052833412
8.98,19.480000000,/angrybird/agiros_pilot/command.collective_thrust,9.325602602525157
8.98,19.480000000,/angrybird/agiros_pilot/command.collective_thrust,9.325781052833412
8.985,19.485000000,/angrybird/agiros_pilot/command.collective_thrust,9.325602602525157
8.99,19.490000000,/angrybird/agiros_pilot/command.collective_thrust,9.325602602525157
8.99,19.490000000,/angrybird/agiros_pilot/command.collective_thrust,9.32544665595422
8.995000000000001,19.495000000,/angrybird/agiros_pilot/command.collective_thrust,9.32544665595422
9,19.500000000,/angrybird/agiros_pilot/command.collective_thrust,9.32544665595422
9,19.500000000,/angrybird/agiros_pilot/command.collective_thrust,9.32531577615048
9.005,19.505000000,/angrybird/agiros_pilot/command.collective_thrust,9.32531577615048
9.01,19.510000000,/angrybird/agiros_pilot/command.collective_thrust,9.32531577615048
9.01,19.510000000,/angrybird/agiros_pilot/command.collective_thrust,9.325208844915991
9.015,19.515000000,/angrybird/agiros_pilot/command.collective_thrust,9.325208844915991
9.02,19.520000000,/angrybird/agiros_pilot/command.collective_thrust,9.325124891653099
9.02,19.520000000,/angrybird/agiros_pilot/command.collective_thrust,9.325208844915991
9.025,19.525000000,/angrybird/agiros_pilot/command.collective_thrust,9.325124891653099
9.03,19.530000000,/angrybird/agiros_pilot/command.collective_thrust,9.325062990425018
9.03,19.530000000,/angrybird/agiros_pilot/command.collective_thrust,9.325124891653099
9.035,19.535000000,/angrybird/agiros_pilot/command.collective_thrust,9.325062990425018
9.04,19.540000000,/angrybird/agiros_pilot/command.collective_thrust,9.325062990425018
9.04,19.540000000,/angrybird/agiros_pilot/command.collective_thrust,9.325022360099021
9.045,19.545000000,/angrybird/agiros_pilot/command.collective_thrust,9.325022360099021
9.05,19.550000000,/angrybird/agiros_pilot/command.collective_thrust,9.325002122403271
9.05,19.550000000,/angrybird/agiros_pilot/command.collective_thrust,9.325022360099021
9.055,19.555000000,/angrybird/agiros_pilot/command.collective_thrust,9.325002122403271
9.06,19.560000000,/angrybird/agiros_pilot/command.collective_thrust,9.325001414539893
9.06,19.560000000,/angrybird/agiros_pilot/command.collective_thrust,9.325002122403271
9.065,19.565000000,/angrybird/agiros_pilot/command.collective_thrust,9.325001414539893
9.07,19.570000000,/angrybird/agiros_pilot/command.collective_thrust,9.325019457064466
9.07,19.570000000,/angrybird/agiros_pilot/command.collective_thrust,9.325001414539893
9.075,19.575000000,/angrybird/agiros_pilot/command.collective_thrust,9.325019457064466
9.08,19.580000000,/angrybird/agiros_pilot/command.collective_thrust,9.32505505790447
9.08,19.580000000,/angrybird/agiros_pilot/command.collective_thrust,9.325019457064466
9.085,19.585000000,/angrybird/agiros_pilot/command.collective_thrust,9.32505505790447
9.09,19.590000000,/angrybird/agiros_pilot/command.collective_thrust,9.32505505790447
9.09,19.590000000,/angrybird/agiros_pilot/command.collective_thrust,9.325107393682194
9.095,19.595000000,/angrybird/agiros_pilot/command.collective_thrust,9.325107393682194
9.1,19.600000000,/angrybird/agiros_pilot/command.collective_thrust,9.325107393682194
9.1,19.600000000,/angrybird/agiros_pilot/command.collective_thrust,9.325175591964275
9.105,19.605000000,/angrybird/agiros_pilot/command.collective_thrust,9.325175591964275
9.11,19.610000000,/angrybird/agiros_pilot/command.collective_thrust,9.325258830713945
9.11,19.610000000,/angrybird/agiros_pilot/command.collective_thrust,9.325175591964275
9.115,19.615000000,/angrybird/agiros_pilot/command.collective_thrust,9.325258830713945
9.12,19.620000000,/angrybird/agiros_pilot/command.collective_thrust,9.325356432362176
9.12,19.620000000,/angrybird/agiros_pilot/command.collective_thrust,9.325258830713945
9.125,19.625000000,/angrybird/agiros_pilot/command.collective_thrust,9.325356432362176
9.13,19.630000000,/angrybird/agiros_pilot/command.collective_thrust,9.325356432362176
9.13,19.630000000,/angrybird/agiros_pilot/command.collective_thrust,9.325467154002862
9.135,19.635000000,/angrybird/agiros_pilot/command.collective_thrust,9.325467154002862
9.135,19.635000000,/angrybird/agiros_pilot/command.collective_thrust,9.325467154002862
9.14,19.640000000,/angrybird/agiros_pilot/command.collective_thrust,9.32559017434669
9.145,19.645000000,/angrybird/agiros_pilot/command.collective_thrust,9.32559017434669
9.145,19.645000000,/angrybird/agiros_pilot/command.collective_thrust,9.32559017434669
9.15,19.650000000,/angrybird/agiros_pilot/command.collective_thrust,9.325724642688018
9.155,19.655000000,/angrybird/agiros_pilot/command.collective_thrust,9.325724642688018
9.155,19.655000000,/angrybird/agiros_pilot/command.collective_thrust,9.325724642688018
9.16,19.660000000,/angrybird/agiros_pilot/command.collective_thrust,9.325869765377929
9.165,19.665000000,/angrybird/agiros_pilot/command.collective_thrust,9.325869765377929
9.165,19.665000000,/angrybird/agiros_pilot/command.collective_thrust,9.325869765377929
9.17,19.670000000,/angrybird/agiros_pilot/command.collective_thrust,9.326024895124792
9.175,19.675000000,/angrybird/agiros_pilot/command.collective_thrust,9.326024895124792
9.175,19.675000000,/angrybird/agiros_pilot/command.collective_thrust,9.326024895124792
9.18,19.680000000,/angrybird/agiros_pilot/command.collective_thrust,9.326188852815017
9.185,19.685000000,/angrybird/agiros_pilot/command.collective_thrust,9.326188852815017
9.185,19.685000000,/angrybird/agiros_pilot/command.collective_thrust,9.326188852815017
9.19,19.690000000,/angrybird/agiros_pilot/command.collective_thrust,9.326360848396993
9.195,19.695000000,/angrybird/agiros_pilot/command.collective_thrust,9.326360848396993
9.195,19.695000000,/angrybird/agiros_pilot/command.collective_thrust,9.326360848396993
9.2,19.700000000,/angrybird/agiros_pilot/command.collective_thrust,9.326540085817948
9.205,19.705000000,/angrybird/agiros_pilot/command.collective_thrust,9.326540085817948
9.205,19.705000000,/angrybird/agiros_pilot/command.collective_thrust,9.326540085817948
9.21,19.710000000,/angrybird/agiros_pilot/command.collective_thrust,9.326725823738323
9.215,19.715000000,/angrybird/agiros_pilot/command.collective_thrust,9.326725823738323
9.215,19.715000000,/angrybird/agiros_pilot/command.collective_thrust,9.326725823738323
9.22,19.720000000,/angrybird/agiros_pilot/command.collective_thrust,9.32691743253675
9.225,19.725000000,/angrybird/agiros_pilot/command.collective_thrust,9.32691743253675
9.225,19.725000000,/angrybird/agiros_pilot/command.collective_thrust,9.32691743253675
9.23,19.730000000,/angrybird/agiros_pilot/command.collective_thrust,9.327113901089067
9.235,19.735000000,/angrybird/agiros_pilot/command.collective_thrust,9.327113901089067
9.235,19.735000000,/angrybird/agiros_pilot/command.collective_thrust,9.327113901089067
9.24,19.740000000,/angrybird/agiros_pilot/command.collective_thrust,9.327314512615237
9.245,19.745000000,/angrybird/agiros_pilot/command.collective_thrust,9.327314512615237
9.245,19.745000000,/angrybird/agiros_pilot/command.collective_thrust,9.327314512615237
9.25,19.750000000,/angrybird/agiros_pilot/command.collective_thrust,9.327518561834816
9.255,19.755000000,/angrybird/agiros_pilot/command.collective_thrust,9.327518561834816
9.255,19.755000000,/angrybird/agiros_pilot/command.collective_thrust,9.327518561834816
9.26,19.760000000,/angrybird/agiros_pilot/command.collective_thrust,9.327725387981374
9.265,19.765000000,/angrybird/agiros_pilot/command.collective_thrust,9.327725387981374
9.265,19.765000000,/angrybird/agiros_pilot/command.collective_thrust,9.327725387981374
9.27,19.770000000,/angrybird/agiros_pilot/command.collective_thrust,9.327934386289012
9.275,19.775000000,/angrybird/agiros_pilot/command.collective_thrust,9.327934386289012
9.275,19.775000000,/angrybird/agiros_pilot/command.collective_thrust,9.327934386289012
9.28,19.780000000,/angrybird/agiros_pilot/command.collective_thrust,9.328144783779853
9.285,19.785000000,/angrybird/agiros_pilot/command.collective_thrust,9.328144783779853
9.285,19.785000000,/angrybird/agiros_pilot/command.collective_thrust,9.328144783779853
9.29,19.790000000,/angrybird/agiros_pilot/command.collective_thrust,9.328355983782094
9.295,19.795000000,/angrybird/agiros_pilot/command.collective_thrust,9.328355983782094
9.295,19.795000000,/angrybird/agiros_pilot/command.collective_thrust,9.328355983782094
9.3,19.800000000,/angrybird/agiros_pilot/command.collective_thrust,9.328567414229505
9.3,19.800000000,/angrybird/agiros_pilot/command.collective_thrust,9.328567414229505
9.305,19.805000000,/angrybird/agiros_pilot/command.collective_thrust,9.328567414229505
9.31,19.810000000,/angrybird/agiros_pilot/command.collective_thrust,9.328778536823972
9.31,19.810000000,/angrybird/agiros_pilot/command.collective_thrust,9.328778536823972
9.315,19.815000000,/angrybird/agiros_pilot/command.collective_thrust,9.328778536823972
9.32,19.820000000,/angrybird/agiros_pilot/command.collective_thrust,9.32898879304887
9.32,19.820000000,/angrybird/agiros_pilot/command.collective_thrust,9.32898879304887
9.325,19.825000000,/angrybird/agiros_pilot/command.collective_thrust,9.32898879304887
9.33,19.830000000,/angrybird/agiros_pilot/command.collective_thrust,9.329197707171298
9.33,19.830000000,/angrybird/agiros_pilot/command.collective_thrust,9.329197707171298
9.335,19.835000000,/angrybird/agiros_pilot/command.collective_thrust,9.329197707171298
9.34,19.840000000,/angrybird/agiros_pilot/command.collective_thrust,9.329404857419338
9.34,19.840000000,/angrybird/agiros_pilot/command.collective_thrust,9.329404857419338
9.345,19.845000000,/angrybird/agiros_pilot/command.collective_thrust,9.329404857419338
9.35,19.850000000,/angrybird/agiros_pilot/command.collective_thrust,9.329609851868426
9.35,19.850000000,/angrybird/agiros_pilot/command.collective_thrust,9.329609851868426
9.355,19.855000000,/angrybird/agiros_pilot/command.collective_thrust,9.329609851868426
9.36,19.860000000,/angrybird/agiros_pilot/command.collective_thrust,9.329812323369614
9.36,19.860000000,/angrybird/agiros_pilot/command.collective_thrust,9.329812323369614
9.365,19.865000000,/angrybird/agiros_pilot/command.collective_thrust,9.329812323369614
9.37,19.870000000,/angrybird/agiros_pilot/command.collective_thrust,9.33001180886718
9.37,19.870000000,/angrybird/agiros_pilot/command.collective_thrust,9.33001180886718
9.375,19.875000000,/angrybird/agiros_pilot/command.collective_thrust,9.33001180886718
9.38,19.880000000,/angrybird/agiros_pilot/command.collective_thrust,9.330208166808655
9.38,19.880000000,/angrybird/agiros_pilot/command.collective_thrust,9.330208166808655
9.385,19.885000000,/angrybird/agiros_pilot/command.collective_thrust,9.330208166808655
9.39,19.890000000,/angrybird/agiros_pilot/command.collective_thrust,9.330401196845907
9.39,19.890000000,/angrybird/agiros_pilot/command.collective_thrust,9.330401196845907
9.395,19.895000000,/angrybird/agiros_pilot/command.collective_thrust,9.330401196845907
9.4,19.900000000,/angrybird/agiros_pilot/command.collective_thrust,9.330590727905996
9.4,19.900000000,/angrybird/agiros_pilot/command.collective_thrust,9.330590727905996
9.405,19.905000000,/angrybird/agiros_pilot/command.collective_thrust,9.330590727905996
9.41,19.910000000,/angrybird/agiros_pilot/command.collective_thrust,9.330776607861997
9.41,19.910000000,/angrybird/agiros_pilot/command.collective_thrust,9.330776607861997
9.415,19.915000000,/angrybird/agiros_pilot/command.collective_thrust,9.330776607861997
9.42,19.920000000,/angrybird/agiros_pilot/command.collective_thrust,9.330958728519608
9.42,19.920000000,/angrybird/agiros_pilot/command.collective_thrust,9.330958728519608
9.425,19.925000000,/angrybird/agiros_pilot/command.collective_thrust,9.330958728519608
9.43,19.930000000,/angrybird/agiros_pilot/command.collective_thrust,9.33113702676277
9.43,19.930000000,/angrybird/agiros_pilot/command.collective_thrust,9.33113702676277
9.435,19.935000000,/angrybird/agiros_pilot/command.collective_thrust,9.33113702676277
9.44,19.940000000,/angrybird/agiros_pilot/command.collective_thrust,9.331311476907697
9.44,19.940000000,/angrybird/agiros_pilot/command.collective_thrust,9.331311476907697
9.445,19.945000000,/angrybird/agiros_pilot/command.collective_thrust,9.331311476907697
9.45,19.950000000,/angrybird/agiros_pilot/command.collective_thrust,9.331482083375358
9.45,19.950000000,/angrybird/agiros_pilot/command.collective_thrust,9.331482083375358
9.455,19.955000000,/angrybird/agiros_pilot/command.collective_thrust,9.331482083375358
9.46,19.960000000,/angrybird/agiros_pilot/command.collective_thrust,9.331648866784779
9.46,19.960000000,/angrybird/agiros_pilot/command.collective_thrust,9.331648866784779
9.465,19.965000000,/angrybird/agiros_pilot/command.collective_thrust,9.331730831172184
9.465,19.965000000,/angrybird/agiros_pilot/command.collective_thrust,9.331648866784779
9.47,19.970000000,/angrybird/agiros_pilot/command.collective_thrust,9.331730831172184
9.475,19.975000000,/angrybird/agiros_pilot/command.collective_thrust,9.331891927427558
9.475,19.975000000,/angrybird/agiros_pilot/command.collective_thrust,9.331730831172184
9.48,19.980000000,/angrybird/agiros_pilot/command.collective_thrust,9.331891927427558
9.485,19.985000000,/angrybird/agiros_pilot/command.collective_thrust,9.331891927427558
9.485,19.985000000,/angrybird/agiros_pilot/command.collective_thrust,9.332049253258822
9.49,19.990000000,/angrybird/agiros_pilot/command.collective_thrust,9.332049253258822
9.495,19.995000000,/angrybird/agiros_pilot/command.collective_thrust,9.332202726918831
9.495,19.995000000,/angrybird/agiros_pilot/command.collective_thrust,9.332049253258822
9.5,20.000000000,/angrybird/agiros_pilot/command.collective_thrust,9.332202726918831
