elapsed time,timestamp,topic,value
0.11079686400000001,1760031248.228796864,/studio/rotor_avg_rpm.mean_rpm,1286.1710510253906
0.110821366,1760031248.228821366,/studio/rotor_avg_rpm.mean_rpm,1276.43212890625
0.110851894,1760031248.228851894,/studio/rotor_avg_rpm.mean_rpm,1286.4851989746094
0.110868329,1760031248.228868329,/studio/rotor_avg_rpm.mean_rpm,1281.6419067382812
0.13071391100000002,1760031248.248713911,/studio/rotor_avg_rpm.mean_rpm,1289.1293640136719
0.13072350700000002,1760031248.248723507,/studio/rotor_avg_rpm.mean_rpm,1284.2598876953125
0.130743402,1760031248.248743402,/studio/rotor_avg_rpm.mean_rpm,1282.401123046875
0.130760353,1760031248.248760353,/studio/rotor_avg_rpm.mean_rpm,1284.6264343261719
0.130772626,1760031248.248772626,/studio/rotor_avg_rpm.mean_rpm,1283.1341552734375
0.13079242700000002,1760031248.248792427,/studio/rotor_avg_rpm.mean_rpm,1283.5268859863281
0.130809523,1760031248.248809523,/studio/rotor_avg_rpm.mean_rpm,1286.1448669433594
0.130823199,1760031248.248823199,/studio/rotor_avg_rpm.mean_rpm,1286.1448669433594
0.130836425,1760031248.248836425,/studio/rotor_avg_rpm.mean_rpm,1287.2706298828125
0.13084842100000002,1760031248.248848421,/studio/rotor_avg_rpm.mean_rpm,1287.6109313964844
0.130874988,1760031248.248874988,/studio/rotor_avg_rpm.mean_rpm,1286.1448669433594
0.130897642,1760031248.248897642,/studio/rotor_avg_rpm.mean_rpm,1282.7938232421875
0.13091254700000002,1760031248.248912547,/studio/rotor_avg_rpm.mean_rpm,1290.6478271484375
0.130923072,1760031248.248923072,/studio/rotor_avg_rpm.mean_rpm,1286.5114135742188
0.130937789,1760031248.248937789,/studio/rotor_avg_rpm.mean_rpm,1290.9881591796875
0.13094713600000002,1760031248.248947136,/studio/rotor_avg_rpm.mean_rpm,1288.0036315917969
0.130956886,1760031248.248956886,/studio/rotor_avg_rpm.mean_rpm,1291.7473754882812
0.130993944,1760031248.248993944,/studio/rotor_avg_rpm.mean_rpm,1288.7366943359375
0.131014223,1760031248.249014223,/studio/rotor_avg_rpm.mean_rpm,1293.9989013671875
0.13102454800000002,1760031248.249024548,/studio/rotor_avg_rpm.mean_rpm,1285.3856201171875
0.131034712,1760031248.249034712,/studio/rotor_avg_rpm.mean_rpm,1297.7164001464844
0.13105904300000001,1760031248.249059043,/studio/rotor_avg_rpm.mean_rpm,1282.401123046875
0.131072284,1760031248.249072284,/studio/rotor_avg_rpm.mean_rpm,1292.506591796875
0.13111218200000002,1760031248.249112182,/studio/rotor_avg_rpm.mean_rpm,1292.8731384277344
0.131144474,1760031248.249144474,/studio/rotor_avg_rpm.mean_rpm,1281.6680908203125
0.131165167,1760031248.249165167,/studio/rotor_avg_rpm.mean_rpm,1284.6264343261719
0.131194464,1760031248.249194464,/studio/rotor_avg_rpm.mean_rpm,1289.4959106445312
0.131260391,1760031248.249260391,/studio/rotor_avg_rpm.mean_rpm,1287.2705993652344
0.13127207500000002,1760031248.249272075,/studio/rotor_avg_rpm.mean_rpm,1291.0143737792969
0.131288017,1760031248.249288017,/studio/rotor_avg_rpm.mean_rpm,1283.9195861816406
0.13130170600000002,1760031248.249301706,/studio/rotor_avg_rpm.mean_rpm,1284.2860717773438
0.131312711,1760031248.249312711,/studio/rotor_avg_rpm.mean_rpm,1288.3702087402344
0.131378493,1760031248.249378493,/studio/rotor_avg_rpm.mean_rpm,1290.2289123535156
0.131427072,1760031248.249427072,/studio/rotor_avg_rpm.mean_rpm,1292.1138916015625
0.14022045900000002,1760031248.258220459,/studio/rotor_avg_rpm.mean_rpm,1280.8827209472656
0.140224663,1760031248.258224663,/studio/rotor_avg_rpm.mean_rpm,1292.4804382324219
0.14022799900000002,1760031248.258227999,/studio/rotor_avg_rpm.mean_rpm,1284.6264038085938
0.140231822,1760031248.258231822,/studio/rotor_avg_rpm.mean_rpm,1288.0036315917969
0.14023696600000002,1760031248.258236966,/studio/rotor_avg_rpm.mean_rpm,1294.7057189941406
0.140240411,1760031248.258240411,/studio/rotor_avg_rpm.mean_rpm,1287.2444152832031
0.14024493600000001,1760031248.258244936,/studio/rotor_avg_rpm.mean_rpm,1286.5114135742188
0.14024761500000002,1760031248.258247615,/studio/rotor_avg_rpm.mean_rpm,1287.6109619140625
0.140263133,1760031248.258263133,/studio/rotor_avg_rpm.mean_rpm,1282.0084228515625
0.140266149,1760031248.258266149,/studio/rotor_avg_rpm.mean_rpm,1291.3547058105469
0.140268438,1760031248.258268438,/studio/rotor_avg_rpm.mean_rpm,1296.2241516113281
0.140273096,1760031248.258273096,/studio/rotor_avg_rpm.mean_rpm,1287.2444152832031
0.14027608900000002,1760031248.258276089,/studio/rotor_avg_rpm.mean_rpm,1281.6419067382812
0.14028506200000002,1760031248.258285062,/studio/rotor_avg_rpm.mean_rpm,1290.2289428710938
0.140290269,1760031248.258290269,/studio/rotor_avg_rpm.mean_rpm,1285.3856201171875
0.140292906,1760031248.258292906,/studio/rotor_avg_rpm.mean_rpm,1292.8731384277344
0.14030050000000002,1760031248.258300500,/studio/rotor_avg_rpm.mean_rpm,1286.5114135742188
0.14030345,1760031248.258303450,/studio/rotor_avg_rpm.mean_rpm,1291.7474365234375
0.140306293,1760031248.258306293,/studio/rotor_avg_rpm.mean_rpm,1288.0036315917969
0.14030893900000002,1760031248.258308939,/studio/rotor_avg_rpm.mean_rpm,1285.7521667480469
0.140314295,1760031248.258314295,/studio/rotor_avg_rpm.mean_rpm,1286.1448669433594
0.14031719,1760031248.258317190,/studio/rotor_avg_rpm.mean_rpm,1285.3856506347656
0.14032170000000002,1760031248.258321700,/studio/rotor_avg_rpm.mean_rpm,1282.0346374511719
0.14032734200000002,1760031248.258327342,/studio/rotor_avg_rpm.mean_rpm,1290.2289428710938
0.140329968,1760031248.258329968,/studio/rotor_avg_rpm.mean_rpm,1291.380859375
0.14033942100000002,1760031248.258339421,/studio/rotor_avg_rpm.mean_rpm,1289.1555786132812
0.14034401700000002,1760031248.258344017,/studio/rotor_avg_rpm.mean_rpm,1282.7676696777344
0.140347463,1760031248.258347463,/studio/rotor_avg_rpm.mean_rpm,1278.9977111816406
0.14035076500000002,1760031248.258350765,/studio/rotor_avg_rpm.mean_rpm,1283.5268859863281
0.140359658,1760031248.258359658,/studio/rotor_avg_rpm.mean_rpm,1283.1603393554688
0.140362072,1760031248.258362072,/studio/rotor_avg_rpm.mean_rpm,1284.2598876953125
0.140375984,1760031248.258375984,/studio/rotor_avg_rpm.mean_rpm,1282.401123046875
0.140378371,1760031248.258378371,/studio/rotor_avg_rpm.mean_rpm,1278.2908935546875
0.14038049800000002,1760031248.258380498,/studio/rotor_avg_rpm.mean_rpm,1281.2492065429688
0.140391443,1760031248.258391443,/studio/rotor_avg_rpm.mean_rpm,1283.5530700683594
0.14039602,1760031248.258396020,/studio/rotor_avg_rpm.mean_rpm,1276.7724304199219
0.140400816,1760031248.258400816,/studio/rotor_avg_rpm.mean_rpm,1289.12939453125
0.14040544200000002,1760031248.258405442,/studio/rotor_avg_rpm.mean_rpm,1282.4010925292969
0.140427339,1760031248.258427339,/studio/rotor_avg_rpm.mean_rpm,1284.6264038085938
0.140431881,1760031248.258431881,/studio/rotor_avg_rpm.mean_rpm,1280.8826599121094
0.14044245600000002,1760031248.258442456,/studio/rotor_avg_rpm.mean_rpm,1282.401123046875
0.140445722,1760031248.258445722,/studio/rotor_avg_rpm.mean_rpm,1286.5113830566406
0.140448985,1760031248.258448985,/studio/rotor_avg_rpm.mean_rpm,1280.149658203125
0.14045316700000002,1760031248.258453167,/studio/rotor_avg_rpm.mean_rpm,1285.7521667480469
0.140462267,1760031248.258462267,/studio/rotor_avg_rpm.mean_rpm,1278.6573791503906
0.14046447,1760031248.258464470,/studio/rotor_avg_rpm.mean_rpm,1282.0346069335938
0.14047283000000002,1760031248.258472830,/studio/rotor_avg_rpm.mean_rpm,1280.149658203125
0.140476436,1760031248.258476436,/studio/rotor_avg_rpm.mean_rpm,1282.7938232421875
0.14048101500000001,1760031248.258481015,/studio/rotor_avg_rpm.mean_rpm,1279.7831420898438
0.140483759,1760031248.258483759,/studio/rotor_avg_rpm.mean_rpm,1283.5268859863281
0.14049893800000002,1760031248.258498938,/studio/rotor_avg_rpm.mean_rpm,1277.1651306152344
0.14050342000000002,1760031248.258503420,/studio/rotor_avg_rpm.mean_rpm,1281.6680908203125
0.140506099,1760031248.258506099,/studio/rotor_avg_rpm.mean_rpm,1281.3016052246094
0.140509416,1760031248.258509416,/studio/rotor_avg_rpm.mean_rpm,1284.6526184082031
0.14051322300000002,1760031248.258513223,/studio/rotor_avg_rpm.mean_rpm,1277.9243469238281
0.140518456,1760031248.258518456,/studio/rotor_avg_rpm.mean_rpm,1278.9977111816406
0.140522582,1760031248.258522582,/studio/rotor_avg_rpm.mean_rpm,1273.7879333496094
0.14052814,1760031248.258528140,/studio/rotor_avg_rpm.mean_rpm,1271.169921875
0.140530768,1760031248.258530768,/studio/rotor_avg_rpm.mean_rpm,1278.6573791503906
0.140548795,1760031248.258548795,/studio/rotor_avg_rpm.mean_rpm,1281.2492065429688
0.140554172,1760031248.258554172,/studio/rotor_avg_rpm.mean_rpm,1279.02392578125
0.140563304,1760031248.258563304,/studio/rotor_avg_rpm.mean_rpm,1276.7986145019531
0.14056611300000002,1760031248.258566113,/studio/rotor_avg_rpm.mean_rpm,1276.4058837890625
0.140568461,1760031248.258568461,/studio/rotor_avg_rpm.mean_rpm,1282.4011535644531
0.140574752,1760031248.258574752,/studio/rotor_avg_rpm.mean_rpm,1275.6728515625
0.14058399100000002,1760031248.258583991,/studio/rotor_avg_rpm.mean_rpm,1279.7831420898438
0.14058905000000002,1760031248.258589050,/studio/rotor_avg_rpm.mean_rpm,1282.3749389648438
0.14059180400000001,1760031248.258591804,/studio/rotor_avg_rpm.mean_rpm,1268.9184265136719
0.14059805,1760031248.258598050,/studio/rotor_avg_rpm.mean_rpm,1279.4166259765625
0.14061154,1760031248.258611540,/studio/rotor_avg_rpm.mean_rpm,1275.6728820800781
0.140614165,1760031248.258614165,/studio/rotor_avg_rpm.mean_rpm,1276.7724304199219
0.14061753200000002,1760031248.258617532,/studio/rotor_avg_rpm.mean_rpm,1279.0238952636719
0.140621773,1760031248.258621773,/studio/rotor_avg_rpm.mean_rpm,1282.7676391601562
0.140636161,1760031248.258636161,/studio/rotor_avg_rpm.mean_rpm,1276.0393676757812
0.140639912,1760031248.258639912,/studio/rotor_avg_rpm.mean_rpm,1276.7986145019531
0.140643272,1760031248.258643272,/studio/rotor_avg_rpm.mean_rpm,1272.3218078613281
0.14064655,1760031248.258646550,/studio/rotor_avg_rpm.mean_rpm,1283.9195861816406
0.140653351,1760031248.258653351,/studio/rotor_avg_rpm.mean_rpm,1274.9136657714844
0.14065602100000002,1760031248.258656021,/studio/rotor_avg_rpm.mean_rpm,1280.9088745117188
0.14066483300000002,1760031248.258664833,/studio/rotor_avg_rpm.mean_rpm,1277.5316467285156
0.14066746900000002,1760031248.258667469,/studio/rotor_avg_rpm.mean_rpm,1271.5364074707031
0.14067094200000002,1760031248.258670942,/studio/rotor_avg_rpm.mean_rpm,1271.9029235839844
0.14067479300000002,1760031248.258674793,/studio/rotor_avg_rpm.mean_rpm,1265.5673828125
0.14068328200000002,1760031248.258683282,/studio/rotor_avg_rpm.mean_rpm,1276.0393676757812
0.140685422,1760031248.258685422,/studio/rotor_avg_rpm.mean_rpm,1282.0346069335938
0.147160275,1760031248.265160275,/studio/rotor_avg_rpm.mean_rpm,1268.9446105957031
0.147166662,1760031248.265166662,/studio/rotor_avg_rpm.mean_rpm,1270.7771911621094
0.14717059000000002,1760031248.265170590,/studio/rotor_avg_rpm.mean_rpm,1275.2539672851562
0.147176991,1760031248.265176991,/studio/rotor_avg_rpm.mean_rpm,1273.42138671875
0.147182012,1760031248.265182012,/studio/rotor_avg_rpm.mean_rpm,1271.1437377929688
0.14719220400000002,1760031248.265192204,/studio/rotor_avg_rpm.mean_rpm,1268.1592102050781
0.1471986,1760031248.265198600,/studio/rotor_avg_rpm.mean_rpm,1282.0346069335938
0.14720238700000002,1760031248.265202387,/studio/rotor_avg_rpm.mean_rpm,1288.7628479003906
0.147208379,1760031248.265208379,/studio/rotor_avg_rpm.mean_rpm,1273.42138671875
0.147212648,1760031248.265212648,/studio/rotor_avg_rpm.mean_rpm,1277.9243469238281
0.14721720900000002,1760031248.265217209,/studio/rotor_avg_rpm.mean_rpm,1274.9136657714844
0.14726398000000002,1760031248.265263980,/studio/rotor_avg_rpm.mean_rpm,1272.6621704101562
0.147267233,1760031248.265267233,/studio/rotor_avg_rpm.mean_rpm,1271.9291381835938
0.14727889400000002,1760031248.265278894,/studio/rotor_avg_rpm.mean_rpm,1281.6680908203125
0.14728243500000002,1760031248.265282435,/studio/rotor_avg_rpm.mean_rpm,1269.6776428222656
0.14729039500000002,1760031248.265290395,/studio/rotor_avg_rpm.mean_rpm,1276.0393676757812
0.147295426,1760031248.265295426,/studio/rotor_avg_rpm.mean_rpm,1281.2492065429688
0.147306889,1760031248.265306889,/studio/rotor_avg_rpm.mean_rpm,1273.7879028320312
0.14731270600000002,1760031248.265312706,/studio/rotor_avg_rpm.mean_rpm,1280.1496887207031
0.14731613100000002,1760031248.265316131,/studio/rotor_avg_rpm.mean_rpm,1260.3575744628906
0.14731945800000001,1760031248.265319458,/studio/rotor_avg_rpm.mean_rpm,1270.4106750488281
0.147329059,1760031248.265329059,/studio/rotor_avg_rpm.mean_rpm,1275.2801818847656
0.147334289,1760031248.265334289,/studio/rotor_avg_rpm.mean_rpm,1277.138916015625
0.14733890400000002,1760031248.265338904,/studio/rotor_avg_rpm.mean_rpm,1274.9136047363281
0.14734346,1760031248.265343460,/studio/rotor_avg_rpm.mean_rpm,1273.4475708007812
0.14735671,1760031248.265356710,/studio/rotor_avg_rpm.mean_rpm,1283.8934020996094
0.14736179300000002,1760031248.265361793,/studio/rotor_avg_rpm.mean_rpm,1274.5733032226562
0.14738847900000002,1760031248.265388479,/studio/rotor_avg_rpm.mean_rpm,1280.5423278808594
0.147394397,1760031248.265394397,/studio/rotor_avg_rpm.mean_rpm,1274.1805725097656
0.14739790800000002,1760031248.265397908,/studio/rotor_avg_rpm.mean_rpm,1275.6466674804688
0.14742101700000002,1760031248.265421017,/studio/rotor_avg_rpm.mean_rpm,1274.547119140625
0.14742464,1760031248.265424640,/studio/rotor_avg_rpm.mean_rpm,1271.1960754394531
0.147429679,1760031248.265429679,/studio/rotor_avg_rpm.mean_rpm,1268.1853637695312
0.147434687,1760031248.265434687,/studio/rotor_avg_rpm.mean_rpm,1276.4058837890625
0.147441654,1760031248.265441654,/studio/rotor_avg_rpm.mean_rpm,1273.42138671875
0.147451718,1760031248.265451718,/studio/rotor_avg_rpm.mean_rpm,1276.0393676757812
0.14745439800000001,1760031248.265454398,/studio/rotor_avg_rpm.mean_rpm,1274.1806030273438
0.14745886900000002,1760031248.265458869,/studio/rotor_avg_rpm.mean_rpm,1279.3904418945312
0.147462473,1760031248.265462473,/studio/rotor_avg_rpm.mean_rpm,1274.547119140625
0.147470273,1760031248.265470273,/studio/rotor_avg_rpm.mean_rpm,1271.9552917480469
0.14747358000000002,1760031248.265473580,/studio/rotor_avg_rpm.mean_rpm,1286.5375671386719
0.14748872400000002,1760031248.265488724,/studio/rotor_avg_rpm.mean_rpm,1270.0703430175781
0.14749367800000002,1760031248.265493678,/studio/rotor_avg_rpm.mean_rpm,1271.5364074707031
0.14749873600000002,1760031248.265498736,/studio/rotor_avg_rpm.mean_rpm,1273.0548400878906
0.14750306700000002,1760031248.265503067,/studio/rotor_avg_rpm.mean_rpm,1270.4368591308594
0.147506245,1760031248.265506245,/studio/rotor_avg_rpm.mean_rpm,1278.2908630371094
0.14751213800000001,1760031248.265512138,/studio/rotor_avg_rpm.mean_rpm,1279.0500793457031
0.147532203,1760031248.265532203,/studio/rotor_avg_rpm.mean_rpm,1277.5578002929688
0.147535049,1760031248.265535049,/studio/rotor_avg_rpm.mean_rpm,1271.9029541015625
0.14753818700000002,1760031248.265538187,/studio/rotor_avg_rpm.mean_rpm,1273.8140563964844
0.14754725900000001,1760031248.265547259,/studio/rotor_avg_rpm.mean_rpm,1283.1865539550781
0.147552076,1760031248.265552076,/studio/rotor_avg_rpm.mean_rpm,1273.0548706054688
0.147556553,1760031248.265556553,/studio/rotor_avg_rpm.mean_rpm,1271.1961059570312
0.147562878,1760031248.265562878,/studio/rotor_avg_rpm.mean_rpm,1279.8092956542969
0.147569204,1760031248.265569204,/studio/rotor_avg_rpm.mean_rpm,1278.3170471191406
0.14758292,1760031248.265582920,/studio/rotor_avg_rpm.mean_rpm,1286.5375366210938
0.147587876,1760031248.265587876,/studio/rotor_avg_rpm.mean_rpm,1269.7038269042969
0.147592136,1760031248.265592136,/studio/rotor_avg_rpm.mean_rpm,1295.4910888671875
0.147598284,1760031248.265598284,/studio/rotor_avg_rpm.mean_rpm,1269.7038269042969
0.147602471,1760031248.265602471,/studio/rotor_avg_rpm.mean_rpm,1274.5733032226562
0.14760746600000002,1760031248.265607466,/studio/rotor_avg_rpm.mean_rpm,1279.4166259765625
0.14761226000000002,1760031248.265612260,/studio/rotor_avg_rpm.mean_rpm,1276.0655822753906
0.147616318,1760031248.265616318,/studio/rotor_avg_rpm.mean_rpm,1277.1651306152344
0.14762160200000002,1760031248.265621602,/studio/rotor_avg_rpm.mean_rpm,1279.809326171875
0.14762613000000002,1760031248.265626130,/studio/rotor_avg_rpm.mean_rpm,1271.169921875
0.147651421,1760031248.265651421,/studio/rotor_avg_rpm.mean_rpm,1281.6680908203125
0.1476568,1760031248.265656800,/studio/rotor_avg_rpm.mean_rpm,1280.5685424804688
0.147660825,1760031248.265660825,/studio/rotor_avg_rpm.mean_rpm,1283.5530395507812
0.14766420600000002,1760031248.265664206,/studio/rotor_avg_rpm.mean_rpm,1271.9291687011719
0.14766800100000002,1760031248.265668001,/studio/rotor_avg_rpm.mean_rpm,1276.0393676757812
0.147674457,1760031248.265674457,/studio/rotor_avg_rpm.mean_rpm,1283.9195556640625
0.147681099,1760031248.265681099,/studio/rotor_avg_rpm.mean_rpm,1277.5578308105469
0.147686553,1760031248.265686553,/studio/rotor_avg_rpm.mean_rpm,1274.1806030273438
0.147709489,1760031248.265709489,/studio/rotor_avg_rpm.mean_rpm,1271.5625915527344
0.147711974,1760031248.265711974,/studio/rotor_avg_rpm.mean_rpm,1286.9040832519531
0.147720327,1760031248.265720327,/studio/rotor_avg_rpm.mean_rpm,1285.411865234375
0.147724192,1760031248.265724192,/studio/rotor_avg_rpm.mean_rpm,1280.5423583984375
0.14772806000000002,1760031248.265728060,/studio/rotor_avg_rpm.mean_rpm,1279.0500793457031
0.14773982000000002,1760031248.265739820,/studio/rotor_avg_rpm.mean_rpm,1280.9088745117188
0.14774409000000002,1760031248.265744090,/studio/rotor_avg_rpm.mean_rpm,1271.5626220703125
0.14774794700000002,1760031248.265747947,/studio/rotor_avg_rpm.mean_rpm,1277.9243774414062
0.147754449,1760031248.265754449,/studio/rotor_avg_rpm.mean_rpm,1281.2754211425781
0.147758475,1760031248.265758475,/studio/rotor_avg_rpm.mean_rpm,1280.1758422851562
0.147761991,1760031248.265761991,/studio/rotor_avg_rpm.mean_rpm,1278.6574096679688
0.147771442,1760031248.265771442,/studio/rotor_avg_rpm.mean_rpm,1277.8981628417969
0.147783627,1760031248.265783627,/studio/rotor_avg_rpm.mean_rpm,1280.5161437988281
0.147788375,1760031248.265788375,/studio/rotor_avg_rpm.mean_rpm,1278.2646789550781
0.147791249,1760031248.265791249,/studio/rotor_avg_rpm.mean_rpm,1283.1341857910156
0.147827392,1760031248.265827392,/studio/rotor_avg_rpm.mean_rpm,1288.0036315917969
0.14783347800000002,1760031248.265833478,/studio/rotor_avg_rpm.mean_rpm,1280.149658203125
0.147839137,1760031248.265839137,/studio/rotor_avg_rpm.mean_rpm,1279.7569274902344
0.147845803,1760031248.265845803,/studio/rotor_avg_rpm.mean_rpm,1280.5423583984375
0.147849537,1760031248.265849537,/studio/rotor_avg_rpm.mean_rpm,1283.52685546875
0.14785378200000002,1760031248.265853782,/studio/rotor_avg_rpm.mean_rpm,1280.9350891113281
0.147860277,1760031248.265860277,/studio/rotor_avg_rpm.mean_rpm,1279.0501098632812
0.14789448000000002,1760031248.265894480,/studio/rotor_avg_rpm.mean_rpm,1282.0084228515625
0.147900207,1760031248.265900207,/studio/rotor_avg_rpm.mean_rpm,1276.4058837890625
0.147903779,1760031248.265903779,/studio/rotor_avg_rpm.mean_rpm,1277.5316772460938
0.147909329,1760031248.265909329,/studio/rotor_avg_rpm.mean_rpm,1277.8981628417969
0.14791474300000002,1760031248.265914743,/studio/rotor_avg_rpm.mean_rpm,1282.4273071289062
0.147929017,1760031248.265929017,/studio/rotor_avg_rpm.mean_rpm,1288.7366638183594
0.147936001,1760031248.265936001,/studio/rotor_avg_rpm.mean_rpm,1277.1651611328125
0.15157282800000002,1760031248.269572828,/studio/rotor_avg_rpm.mean_rpm,1276.7724304199219
0.151600107,1760031248.269600107,/studio/rotor_avg_rpm.mean_rpm,1274.9136657714844
0.15160894400000002,1760031248.269608944,/studio/rotor_avg_rpm.mean_rpm,1286.1448364257812
0.15162076200000002,1760031248.269620762,/studio/rotor_avg_rpm.mean_rpm,1282.4273376464844
0.151652267,1760031248.269652267,/studio/rotor_avg_rpm.mean_rpm,1278.2908630371094
0.15166627900000001,1760031248.269666279,/studio/rotor_avg_rpm.mean_rpm,1292.8731384277344
0.151678386,1760031248.269678386,/studio/rotor_avg_rpm.mean_rpm,1280.9088745117188
0.15168214300000002,1760031248.269682143,/studio/rotor_avg_rpm.mean_rpm,1275.2801513671875
0.151706333,1760031248.269706333,/studio/rotor_avg_rpm.mean_rpm,1286.5375671386719
0.151708853,1760031248.269708853,/studio/rotor_avg_rpm.mean_rpm,1274.9136657714844
0.15171119,1760031248.269711190,/studio/rotor_avg_rpm.mean_rpm,1279.0501098632812
0.151725764,1760031248.269725764,/studio/rotor_avg_rpm.mean_rpm,1288.3701782226562
0.15173165900000002,1760031248.269731659,/studio/rotor_avg_rpm.mean_rpm,1277.5578308105469
0.151738608,1760031248.269738608,/studio/rotor_avg_rpm.mean_rpm,1286.53759765625
0.15174725,1760031248.269747250,/studio/rotor_avg_rpm.mean_rpm,1274.1544189453125
0.151760809,1760031248.269760809,/studio/rotor_avg_rpm.mean_rpm,1274.9136657714844
0.15798551700000002,1760031248.275985517,/studio/rotor_avg_rpm.mean_rpm,1287.9774780273438
0.157991517,1760031248.275991517,/studio/rotor_avg_rpm.mean_rpm,1280.9088745117188
0.15799680400000002,1760031248.275996804,/studio/rotor_avg_rpm.mean_rpm,1292.8469543457031
0.158003323,1760031248.276003323,/studio/rotor_avg_rpm.mean_rpm,1280.149658203125
0.16146596000000002,1760031248.279465960,/studio/rotor_avg_rpm.mean_rpm,1284.6264343261719
0.16146832700000002,1760031248.279468327,/studio/rotor_avg_rpm.mean_rpm,1290.9881591796875
0.16148410100000002,1760031248.279484101,/studio/rotor_avg_rpm.mean_rpm,1279.7569580078125
0.161487554,1760031248.279487554,/studio/rotor_avg_rpm.mean_rpm,1292.8731384277344
0.16149322800000002,1760031248.279493228,/studio/rotor_avg_rpm.mean_rpm,1277.5316772460938
0.16149670800000002,1760031248.279496708,/studio/rotor_avg_rpm.mean_rpm,1293.6061706542969
0.18314257,1760031248.301142570,/studio/rotor_avg_rpm.mean_rpm,1288.7628784179688
0.183148803,1760031248.301148803,/studio/rotor_avg_rpm.mean_rpm,1279.0501098632812
0.18315382600000002,1760031248.301153826,/studio/rotor_avg_rpm.mean_rpm,1286.5113830566406
0.183157559,1760031248.301157559,/studio/rotor_avg_rpm.mean_rpm,1285.7521667480469
0.183167302,1760031248.301167302,/studio/rotor_avg_rpm.mean_rpm,1288.3963623046875
0.18317212900000002,1760031248.301172129,/studio/rotor_avg_rpm.mean_rpm,1285.0191345214844
0.18317897900000002,1760031248.301178979,/studio/rotor_avg_rpm.mean_rpm,1279.7831115722656
0.18318572400000002,1760031248.301185724,/studio/rotor_avg_rpm.mean_rpm,1282.401123046875
0.183190081,1760031248.301190081,/studio/rotor_avg_rpm.mean_rpm,1295.8838195800781
0.183196309,1760031248.301196309,/studio/rotor_avg_rpm.mean_rpm,1290.9881591796875
0.18320149100000002,1760031248.301201491,/studio/rotor_avg_rpm.mean_rpm,1285.7259826660156
0.183205478,1760031248.301205478,/studio/rotor_avg_rpm.mean_rpm,1275.2801513671875
0.183209955,1760031248.301209955,/studio/rotor_avg_rpm.mean_rpm,1287.6371459960938
0.183214925,1760031248.301214925,/studio/rotor_avg_rpm.mean_rpm,1293.2396545410156
0.18323430500000001,1760031248.301234305,/studio/rotor_avg_rpm.mean_rpm,1284.992919921875
0.18323940500000002,1760031248.301239405,/studio/rotor_avg_rpm.mean_rpm,1280.489990234375
0.18325267,1760031248.301252670,/studio/rotor_avg_rpm.mean_rpm,1292.5066223144531
0.18325764600000002,1760031248.301257646,/studio/rotor_avg_rpm.mean_rpm,1284.9929504394531
0.183263652,1760031248.301263652,/studio/rotor_avg_rpm.mean_rpm,1282.3749389648438
0.183269033,1760031248.301269033,/studio/rotor_avg_rpm.mean_rpm,1289.12939453125
0.18327432500000002,1760031248.301274325,/studio/rotor_avg_rpm.mean_rpm,1279.7831115722656
0.198260863,1760031248.316260863,/studio/rotor_avg_rpm.mean_rpm,1288.003662109375
0.19826673,1760031248.316266730,/studio/rotor_avg_rpm.mean_rpm,1297.768798828125
0.198306021,1760031248.316306021,/studio/rotor_avg_rpm.mean_rpm,1279.7569580078125
0.198314918,1760031248.316314918,/studio/rotor_avg_rpm.mean_rpm,1290.6216430664062
0.19832006700000002,1760031248.316320067,/studio/rotor_avg_rpm.mean_rpm,1283.1603393554688
0.19832565600000002,1760031248.316325656,/studio/rotor_avg_rpm.mean_rpm,1285.7521667480469
0.19833282400000002,1760031248.316332824,/studio/rotor_avg_rpm.mean_rpm,1279.7831420898438
0.19833850700000002,1760031248.316338507,/studio/rotor_avg_rpm.mean_rpm,1285.7521667480469
0.19836721300000001,1760031248.316367213,/studio/rotor_avg_rpm.mean_rpm,1285.411865234375
0.198371932,1760031248.316371932,/studio/rotor_avg_rpm.mean_rpm,1284.2599182128906
0.19837638100000002,1760031248.316376381,/studio/rotor_avg_rpm.mean_rpm,1282.7938232421875
0.198384261,1760031248.316384261,/studio/rotor_avg_rpm.mean_rpm,1289.12939453125
0.198390478,1760031248.316390478,/studio/rotor_avg_rpm.mean_rpm,1283.8934020996094
0.19839487,1760031248.316394870,/studio/rotor_avg_rpm.mean_rpm,1290.6478271484375
0.198398802,1760031248.316398802,/studio/rotor_avg_rpm.mean_rpm,1286.1448974609375
0.198432396,1760031248.316432396,/studio/rotor_avg_rpm.mean_rpm,1292.1139221191406
0.20599852100000002,1760031248.323998521,/studio/rotor_avg_rpm.mean_rpm,1286.9041137695312
0.206018733,1760031248.324018733,/studio/rotor_avg_rpm.mean_rpm,1280.5423583984375
0.20603686400000001,1760031248.324036864,/studio/rotor_avg_rpm.mean_rpm,1291.7473754882812
0.20615349100000002,1760031248.324153491,/studio/rotor_avg_rpm.mean_rpm,1285.411865234375
0.206174152,1760031248.324174152,/studio/rotor_avg_rpm.mean_rpm,1285.3856506347656
0.20619065900000003,1760031248.324190659,/studio/rotor_avg_rpm.mean_rpm,1286.5375671386719
0.20930077700000002,1760031248.327300777,/studio/rotor_avg_rpm.mean_rpm,1287.2444152832031
0.20931789,1760031248.327317890,/studio/rotor_avg_rpm.mean_rpm,1281.2753601074219
0.20932129200000002,1760031248.327321292,/studio/rotor_avg_rpm.mean_rpm,1286.9041137695312
0.20934226800000003,1760031248.327342268,/studio/rotor_avg_rpm.mean_rpm,1287.2444152832031
0.20934787000000002,1760031248.327347870,/studio/rotor_avg_rpm.mean_rpm,1286.9040832519531
0.21248258,1760031248.330482580,/studio/rotor_avg_rpm.mean_rpm,1295.4911193847656
0.212494964,1760031248.330494964,/studio/rotor_avg_rpm.mean_rpm,1286.1710815429688
0.218596182,1760031248.336596182,/studio/rotor_avg_rpm.mean_rpm,1286.4851989746094
0.218621995,1760031248.336621995,/studio/rotor_avg_rpm.mean_rpm,1280.5423583984375
0.21863432200000002,1760031248.336634322,/studio/rotor_avg_rpm.mean_rpm,1285.0453186035156
0.21863996700000002,1760031248.336639967,/studio/rotor_avg_rpm.mean_rpm,1290.2289123535156
0.221902182,1760031248.339902182,/studio/rotor_avg_rpm.mean_rpm,1285.3856506347656
0.22190419,1760031248.339904190,/studio/rotor_avg_rpm.mean_rpm,1282.401123046875
0.221905961,1760031248.339905961,/studio/rotor_avg_rpm.mean_rpm,1286.4851989746094
0.22200428100000003,1760031248.340004281,/studio/rotor_avg_rpm.mean_rpm,1287.6109313964844
0.22201324,1760031248.340013240,/studio/rotor_avg_rpm.mean_rpm,1284.2598876953125
0.222015857,1760031248.340015857,/studio/rotor_avg_rpm.mean_rpm,1288.3701782226562
0.225503899,1760031248.343503899,/studio/rotor_avg_rpm.mean_rpm,1282.7414245605469
0.22550746100000002,1760031248.343507461,/studio/rotor_avg_rpm.mean_rpm,1283.52685546875
0.22551078200000002,1760031248.343510782,/studio/rotor_avg_rpm.mean_rpm,1288.7628784179688
0.23288955200000003,1760031248.350889552,/studio/rotor_avg_rpm.mean_rpm,1286.5113830566406
0.23289778900000002,1760031248.350897789,/studio/rotor_avg_rpm.mean_rpm,1283.8934020996094
0.23290465400000002,1760031248.350904654,/studio/rotor_avg_rpm.mean_rpm,1283.5268859863281
0.232928937,1760031248.350928937,/studio/rotor_avg_rpm.mean_rpm,1286.5375671386719
0.23294093700000001,1760031248.350940937,/studio/rotor_avg_rpm.mean_rpm,1289.12939453125
0.23804981500000003,1760031248.356049815,/studio/rotor_avg_rpm.mean_rpm,1285.7521362304688
0.23805194200000002,1760031248.356051942,/studio/rotor_avg_rpm.mean_rpm,1283.8934020996094
0.238054012,1760031248.356054012,/studio/rotor_avg_rpm.mean_rpm,1282.7676391601562
0.238055801,1760031248.356055801,/studio/rotor_avg_rpm.mean_rpm,1276.4320678710938
0.238057645,1760031248.356057645,/studio/rotor_avg_rpm.mean_rpm,1283.1341552734375
0.238196913,1760031248.356196913,/studio/rotor_avg_rpm.mean_rpm,1281.2753601074219
0.23820716400000003,1760031248.356207164,/studio/rotor_avg_rpm.mean_rpm,1288.3963623046875
0.23822736800000002,1760031248.356227368,/studio/rotor_avg_rpm.mean_rpm,1280.1234436035156
0.24134823000000002,1760031248.359348230,/studio/rotor_avg_rpm.mean_rpm,1283.8671875
0.24135303900000002,1760031248.359353039,/studio/rotor_avg_rpm.mean_rpm,1289.8886108398438
0.241510423,1760031248.359510423,/studio/rotor_avg_rpm.mean_rpm,1288.0036315917969
0.24169499400000002,1760031248.359694994,/studio/rotor_avg_rpm.mean_rpm,1281.2492065429688
0.249365678,1760031248.367365678,/studio/rotor_avg_rpm.mean_rpm,1288.7628784179688
0.249369103,1760031248.367369103,/studio/rotor_avg_rpm.mean_rpm,1288.0298156738281
0.24939792100000002,1760031248.367397921,/studio/rotor_avg_rpm.mean_rpm,1287.2705993652344
0.249404741,1760031248.367404741,/studio/rotor_avg_rpm.mean_rpm,1289.8624267578125
0.249425214,1760031248.367425214,/studio/rotor_avg_rpm.mean_rpm,1281.6680603027344
0.249447681,1760031248.367447681,/studio/rotor_avg_rpm.mean_rpm,1289.8624267578125
0.249463648,1760031248.367463648,/studio/rotor_avg_rpm.mean_rpm,1282.0345764160156
0.256586815,1760031248.374586815,/studio/rotor_avg_rpm.mean_rpm,1284.2861022949219
0.256593373,1760031248.374593373,/studio/rotor_avg_rpm.mean_rpm,1277.1389465332031
0.25659774,1760031248.374597740,/studio/rotor_avg_rpm.mean_rpm,1287.9774475097656
0.25660375900000004,1760031248.374603759,/studio/rotor_avg_rpm.mean_rpm,1287.2444152832031
0.256608218,1760031248.374608218,/studio/rotor_avg_rpm.mean_rpm,1285.3856506347656
0.256612507,1760031248.374612507,/studio/rotor_avg_rpm.mean_rpm,1279.7831420898438
0.25664743700000003,1760031248.374647437,/studio/rotor_avg_rpm.mean_rpm,1285.7521667480469
0.262241641,1760031248.380241641,/studio/rotor_avg_rpm.mean_rpm,1293.9988403320312
0.262252665,1760031248.380252665,/studio/rotor_avg_rpm.mean_rpm,1283.8672180175781
0.262322665,1760031248.380322665,/studio/rotor_avg_rpm.mean_rpm,1286.1448669433594
0.262327696,1760031248.380327696,/studio/rotor_avg_rpm.mean_rpm,1288.0298156738281
0.26233595600000004,1760031248.380335956,/studio/rotor_avg_rpm.mean_rpm,1284.6264343261719
0.26234599200000003,1760031248.380345992,/studio/rotor_avg_rpm.mean_rpm,1282.401123046875
0.28061668300000003,1760031248.398616683,/studio/rotor_avg_rpm.mean_rpm,1288.7366943359375
0.28062686400000003,1760031248.398626864,/studio/rotor_avg_rpm.mean_rpm,1285.0191345214844
0.280884069,1760031248.398884069,/studio/rotor_avg_rpm.mean_rpm,1282.0084228515625
0.280914133,1760031248.398914133,/studio/rotor_avg_rpm.mean_rpm,1286.8517150878906
0.280934409,1760031248.398934409,/studio/rotor_avg_rpm.mean_rpm,1279.0500793457031
0.280971285,1760031248.398971285,/studio/rotor_avg_rpm.mean_rpm,1288.7628479003906
0.280992295,1760031248.398992295,/studio/rotor_avg_rpm.mean_rpm,1279.3904113769531
0.28102302,1760031248.399023020,/studio/rotor_avg_rpm.mean_rpm,1286.8779296875
0.281611059,1760031248.399611059,/studio/rotor_avg_rpm.mean_rpm,1282.0084228515625
0.28164329800000004,1760031248.399643298,/studio/rotor_avg_rpm.mean_rpm,1284.2599182128906
0.28165975800000004,1760031248.399659758,/studio/rotor_avg_rpm.mean_rpm,1287.2444152832031
0.281677708,1760031248.399677708,/studio/rotor_avg_rpm.mean_rpm,1290.6216125488281
0.281698571,1760031248.399698571,/studio/rotor_avg_rpm.mean_rpm,1281.275390625
0.28170899800000004,1760031248.399708998,/studio/rotor_avg_rpm.mean_rpm,1293.9988708496094
0.282209439,1760031248.400209439,/studio/rotor_avg_rpm.mean_rpm,1279.4166259765625
0.303501319,1760031248.421501319,/studio/rotor_avg_rpm.mean_rpm,1295.857666015625
0.30354447900000003,1760031248.421544479,/studio/rotor_avg_rpm.mean_rpm,1281.2753601074219
0.30356069900000004,1760031248.421560699,/studio/rotor_avg_rpm.mean_rpm,1289.4697265625
0.30357431500000004,1760031248.421574315,/studio/rotor_avg_rpm.mean_rpm,1284.6264038085938
0.303605911,1760031248.421605911,/studio/rotor_avg_rpm.mean_rpm,1292.1138610839844
0.30364724600000004,1760031248.421647246,/studio/rotor_avg_rpm.mean_rpm,1284.2337341308594
0.303684842,1760031248.421684842,/studio/rotor_avg_rpm.mean_rpm,1287.2444152832031
0.30372427500000004,1760031248.421724275,/studio/rotor_avg_rpm.mean_rpm,1289.5220642089844
0.303769825,1760031248.421769825,/studio/rotor_avg_rpm.mean_rpm,1292.506591796875
0.31172114500000003,1760031248.429721145,/studio/rotor_avg_rpm.mean_rpm,1286.8778991699219
0.31175689700000003,1760031248.429756897,/studio/rotor_avg_rpm.mean_rpm,1281.61572265625
0.311777053,1760031248.429777053,/studio/rotor_avg_rpm.mean_rpm,1284.2337341308594
0.31180512800000004,1760031248.429805128,/studio/rotor_avg_rpm.mean_rpm,1297.7426147460938
0.311826598,1760031248.429826598,/studio/rotor_avg_rpm.mean_rpm,1293.2396545410156
0.31185139700000003,1760031248.429851397,/studio/rotor_avg_rpm.mean_rpm,1280.1758422851562
0.31186708900000004,1760031248.429867089,/studio/rotor_avg_rpm.mean_rpm,1286.5113830566406
0.31189355,1760031248.429893550,/studio/rotor_avg_rpm.mean_rpm,1281.6680908203125
0.311922301,1760031248.429922301,/studio/rotor_avg_rpm.mean_rpm,1289.8624267578125
0.312024835,1760031248.430024835,/studio/rotor_avg_rpm.mean_rpm,1279.7831115722656
0.31209571,1760031248.430095710,/studio/rotor_avg_rpm.mean_rpm,1284.9929504394531
0.312121386,1760031248.430121386,/studio/rotor_avg_rpm.mean_rpm,1290.595458984375
0.31213459400000004,1760031248.430134594,/studio/rotor_avg_rpm.mean_rpm,1290.6478271484375
0.312265677,1760031248.430265677,/studio/rotor_avg_rpm.mean_rpm,1287.2705993652344
0.31229226400000004,1760031248.430292264,/studio/rotor_avg_rpm.mean_rpm,1289.8624267578125
0.312307595,1760031248.430307595,/studio/rotor_avg_rpm.mean_rpm,1286.53759765625
0.31232462,1760031248.430324620,/studio/rotor_avg_rpm.mean_rpm,1277.9243469238281
0.31886096,1760031248.436860960,/studio/rotor_avg_rpm.mean_rpm,1284.6264038085938
0.318872775,1760031248.436872775,/studio/rotor_avg_rpm.mean_rpm,1285.3856506347656
0.318935937,1760031248.436935937,/studio/rotor_avg_rpm.mean_rpm,1287.6371154785156
0.31898204900000005,1760031248.436982049,/studio/rotor_avg_rpm.mean_rpm,1294.7319030761719
0.31900315100000004,1760031248.437003151,/studio/rotor_avg_rpm.mean_rpm,1286.9040832519531
0.31902929,1760031248.437029290,/studio/rotor_avg_rpm.mean_rpm,1292.0877075195312
0.319045754,1760031248.437045754,/studio/rotor_avg_rpm.mean_rpm,1282.401123046875
0.319063258,1760031248.437063258,/studio/rotor_avg_rpm.mean_rpm,1286.1448669433594
0.31911272700000004,1760031248.437112727,/studio/rotor_avg_rpm.mean_rpm,1293.9988708496094
0.319131269,1760031248.437131269,/studio/rotor_avg_rpm.mean_rpm,1298.8683776855469
0.319143198,1760031248.437143198,/studio/rotor_avg_rpm.mean_rpm,1291.3546752929688
0.319153524,1760031248.437153524,/studio/rotor_avg_rpm.mean_rpm,1286.4851684570312
0.31916525900000003,1760031248.437165259,/studio/rotor_avg_rpm.mean_rpm,1286.11865234375
0.31919379200000003,1760031248.437193792,/studio/rotor_avg_rpm.mean_rpm,1286.1187133789062
0.31920867,1760031248.437208670,/studio/rotor_avg_rpm.mean_rpm,1289.5482788085938
0.319260331,1760031248.437260331,/studio/rotor_avg_rpm.mean_rpm,1288.003662109375
0.32534370500000004,1760031248.443343705,/studio/rotor_avg_rpm.mean_rpm,1297.7164001464844
0.32534865900000004,1760031248.443348659,/studio/rotor_avg_rpm.mean_rpm,1291.0143737792969
0.32535287300000004,1760031248.443352873,/studio/rotor_avg_rpm.mean_rpm,1282.7676696777344
0.32868462400000004,1760031248.446684624,/studio/rotor_avg_rpm.mean_rpm,1281.6680908203125
0.32870994200000003,1760031248.446709942,/studio/rotor_avg_rpm.mean_rpm,1293.63232421875
0.328716184,1760031248.446716184,/studio/rotor_avg_rpm.mean_rpm,1291.380859375
0.32872061900000005,1760031248.446720619,/studio/rotor_avg_rpm.mean_rpm,1294.3653869628906
0.328725886,1760031248.446725886,/studio/rotor_avg_rpm.mean_rpm,1298.89453125
0.32872959500000004,1760031248.446729595,/studio/rotor_avg_rpm.mean_rpm,1292.1401062011719
0.32874657,1760031248.446746570,/studio/rotor_avg_rpm.mean_rpm,1289.5220947265625
0.332985073,1760031248.450985073,/studio/rotor_avg_rpm.mean_rpm,1287.6632995605469
0.33299154200000003,1760031248.450991542,/studio/rotor_avg_rpm.mean_rpm,1290.9881591796875
0.333003239,1760031248.451003239,/studio/rotor_avg_rpm.mean_rpm,1296.9833984375
0.382786921,1760031248.500786921,/studio/rotor_avg_rpm.mean_rpm,1294.3653869628906
0.38280484600000003,1760031248.500804846,/studio/rotor_avg_rpm.mean_rpm,1279.4165954589844
0.38281741700000005,1760031248.500817417,/studio/rotor_avg_rpm.mean_rpm,1288.3701782226562
0.382836428,1760031248.500836428,/studio/rotor_avg_rpm.mean_rpm,1289.8624267578125
0.38287074200000004,1760031248.500870742,/studio/rotor_avg_rpm.mean_rpm,1291.4070434570312
0.38288459,1760031248.500884590,/studio/rotor_avg_rpm.mean_rpm,1295.4649353027344
0.38299992800000005,1760031248.500999928,/studio/rotor_avg_rpm.mean_rpm,1284.6526184082031
0.38301977400000004,1760031248.501019774,/studio/rotor_avg_rpm.mean_rpm,1280.1758422851562
0.383033224,1760031248.501033224,/studio/rotor_avg_rpm.mean_rpm,1293.63232421875
0.383042977,1760031248.501042977,/studio/rotor_avg_rpm.mean_rpm,1291.3547058105469
0.383053902,1760031248.501053902,/studio/rotor_avg_rpm.mean_rpm,1293.2658386230469
0.383101746,1760031248.501101746,/studio/rotor_avg_rpm.mean_rpm,1293.9726867675781
0.38311895500000004,1760031248.501118955,/studio/rotor_avg_rpm.mean_rpm,1279.7831115722656
0.38313508,1760031248.501135080,/studio/rotor_avg_rpm.mean_rpm,1286.904052734375
0.383150568,1760031248.501150568,/studio/rotor_avg_rpm.mean_rpm,1288.7890319824219
0.38316509000000004,1760031248.501165090,/studio/rotor_avg_rpm.mean_rpm,1292.1139221191406
0.38329581300000004,1760031248.501295813,/studio/rotor_avg_rpm.mean_rpm,1289.1555786132812
0.383317662,1760031248.501317662,/studio/rotor_avg_rpm.mean_rpm,1294.3915710449219
0.38333004000000004,1760031248.501330040,/studio/rotor_avg_rpm.mean_rpm,1289.8886108398438
0.383487124,1760031248.501487124,/studio/rotor_avg_rpm.mean_rpm,1289.1293640136719
0.38356581500000003,1760031248.501565815,/studio/rotor_avg_rpm.mean_rpm,1286.5114135742188
0.383594988,1760031248.501594988,/studio/rotor_avg_rpm.mean_rpm,1289.5220642089844
0.38365345500000003,1760031248.501653455,/studio/rotor_avg_rpm.mean_rpm,1294.758056640625
0.38366914300000005,1760031248.501669143,/studio/rotor_avg_rpm.mean_rpm,1297.3760986328125
0.383685518,1760031248.501685518,/studio/rotor_avg_rpm.mean_rpm,1286.1710510253906
0.38374087300000004,1760031248.501740873,/studio/rotor_avg_rpm.mean_rpm,1285.4118041992188
0.38377792000000005,1760031248.501777920,/studio/rotor_avg_rpm.mean_rpm,1288.7628479003906
0.383828015,1760031248.501828015,/studio/rotor_avg_rpm.mean_rpm,1293.9988708496094
0.383849253,1760031248.501849253,/studio/rotor_avg_rpm.mean_rpm,1288.3701782226562
0.38387312300000004,1760031248.501873123,/studio/rotor_avg_rpm.mean_rpm,1284.652587890625
0.383890063,1760031248.501890063,/studio/rotor_avg_rpm.mean_rpm,1288.7628784179688
0.38390850400000004,1760031248.501908504,/studio/rotor_avg_rpm.mean_rpm,1286.5113830566406
0.383922663,1760031248.501922663,/studio/rotor_avg_rpm.mean_rpm,1288.0298461914062
0.38398426900000004,1760031248.501984269,/studio/rotor_avg_rpm.mean_rpm,1285.4118041992188
0.38402729700000005,1760031248.502027297,/studio/rotor_avg_rpm.mean_rpm,1285.7521667480469
0.384134366,1760031248.502134366,/studio/rotor_avg_rpm.mean_rpm,1292.506591796875
0.384157473,1760031248.502157473,/studio/rotor_avg_rpm.mean_rpm,1284.2860717773438
0.38416974000000004,1760031248.502169740,/studio/rotor_avg_rpm.mean_rpm,1291.7474060058594
0.384185991,1760031248.502185991,/studio/rotor_avg_rpm.mean_rpm,1295.4910888671875
0.387867505,1760031248.505867505,/studio/rotor_avg_rpm.mean_rpm,1280.9088745117188
0.38787618300000004,1760031248.505876183,/studio/rotor_avg_rpm.mean_rpm,1293.606201171875
0.387879116,1760031248.505879116,/studio/rotor_avg_rpm.mean_rpm,1286.1448669433594
0.387902309,1760031248.505902309,/studio/rotor_avg_rpm.mean_rpm,1290.255126953125
0.38791156000000004,1760031248.505911560,/studio/rotor_avg_rpm.mean_rpm,1294.3653869628906
0.387933103,1760031248.505933103,/studio/rotor_avg_rpm.mean_rpm,1283.8934020996094
0.387937132,1760031248.505937132,/studio/rotor_avg_rpm.mean_rpm,1287.6109313964844
0.387962731,1760031248.505962731,/studio/rotor_avg_rpm.mean_rpm,1282.7676696777344
0.387990272,1760031248.505990272,/studio/rotor_avg_rpm.mean_rpm,1288.3963623046875
0.387995358,1760031248.505995358,/studio/rotor_avg_rpm.mean_rpm,1290.2289428710938
0.38800627800000004,1760031248.506006278,/studio/rotor_avg_rpm.mean_rpm,1288.7366638183594
0.388010122,1760031248.506010122,/studio/rotor_avg_rpm.mean_rpm,1279.4165954589844
0.388014532,1760031248.506014532,/studio/rotor_avg_rpm.mean_rpm,1294.3915710449219
0.388020641,1760031248.506020641,/studio/rotor_avg_rpm.mean_rpm,1293.9988708496094
0.388034364,1760031248.506034364,/studio/rotor_avg_rpm.mean_rpm,1297.7426147460938
0.39352668,1760031248.511526680,/studio/rotor_avg_rpm.mean_rpm,1288.3963317871094
0.393529414,1760031248.511529414,/studio/rotor_avg_rpm.mean_rpm,1287.2705993652344
0.39353922900000005,1760031248.511539229,/studio/rotor_avg_rpm.mean_rpm,1290.9881591796875
0.39354323700000005,1760031248.511543237,/studio/rotor_avg_rpm.mean_rpm,1280.9088745117188
0.393650948,1760031248.511650948,/studio/rotor_avg_rpm.mean_rpm,1291.380859375
0.39367516100000005,1760031248.511675161,/studio/rotor_avg_rpm.mean_rpm,1283.1341552734375
0.393694967,1760031248.511694967,/studio/rotor_avg_rpm.mean_rpm,1288.0036315917969
0.40457959400000004,1760031248.522579594,/studio/rotor_avg_rpm.mean_rpm,1280.5161743164062
0.404588759,1760031248.522588759,/studio/rotor_avg_rpm.mean_rpm,1289.4959106445312
0.404634843,1760031248.522634843,/studio/rotor_avg_rpm.mean_rpm,1286.1448669433594
0.40467216300000003,1760031248.522672163,/studio/rotor_avg_rpm.mean_rpm,1285.7521667480469
0.40467925800000004,1760031248.522679258,/studio/rotor_avg_rpm.mean_rpm,1293.9988403320312
0.404685772,1760031248.522685772,/studio/rotor_avg_rpm.mean_rpm,1280.5161743164062
0.404793546,1760031248.522793546,/studio/rotor_avg_rpm.mean_rpm,1290.9881591796875
0.40479938400000004,1760031248.522799384,/studio/rotor_avg_rpm.mean_rpm,1288.7628784179688
0.43252602100000004,1760031248.550526021,/studio/rotor_avg_rpm.mean_rpm,1282.0084228515625
0.43253255100000004,1760031248.550532551,/studio/rotor_avg_rpm.mean_rpm,1288.3701782226562
0.43253691000000005,1760031248.550536910,/studio/rotor_avg_rpm.mean_rpm,1283.1341552734375
0.432543814,1760031248.550543814,/studio/rotor_avg_rpm.mean_rpm,1285.0191345214844
0.432547932,1760031248.550547932,/studio/rotor_avg_rpm.mean_rpm,1291.7735900878906
0.43255127200000004,1760031248.550551272,/studio/rotor_avg_rpm.mean_rpm,1285.0452880859375
0.43258477100000003,1760031248.550584771,/studio/rotor_avg_rpm.mean_rpm,1286.1448669433594
0.43259246,1760031248.550592460,/studio/rotor_avg_rpm.mean_rpm,1282.401123046875
0.43260089,1760031248.550600890,/studio/rotor_avg_rpm.mean_rpm,1279.4166259765625
0.432605823,1760031248.550605823,/studio/rotor_avg_rpm.mean_rpm,1293.9988708496094
0.43261182000000004,1760031248.550611820,/studio/rotor_avg_rpm.mean_rpm,1291.0143737792969
0.43261796700000005,1760031248.550617967,/studio/rotor_avg_rpm.mean_rpm,1276.7986145019531
0.43262279000000003,1760031248.550622790,/studio/rotor_avg_rpm.mean_rpm,1288.7628479003906
0.43262548500000003,1760031248.550625485,/studio/rotor_avg_rpm.mean_rpm,1289.8886108398438
0.43262881200000003,1760031248.550628812,/studio/rotor_avg_rpm.mean_rpm,1283.8933715820312
0.43263582100000003,1760031248.550635821,/studio/rotor_avg_rpm.mean_rpm,1282.7676696777344
0.432643804,1760031248.550643804,/studio/rotor_avg_rpm.mean_rpm,1289.1555786132812
0.43267700200000003,1760031248.550677002,/studio/rotor_avg_rpm.mean_rpm,1287.2444458007812
0.43268373000000004,1760031248.550683730,/studio/rotor_avg_rpm.mean_rpm,1279.4428100585938
0.432689639,1760031248.550689639,/studio/rotor_avg_rpm.mean_rpm,1290.2550964355469
0.43270519900000004,1760031248.550705199,/studio/rotor_avg_rpm.mean_rpm,1286.5113830566406
0.43270942900000003,1760031248.550709429,/studio/rotor_avg_rpm.mean_rpm,1281.275390625
0.432725126,1760031248.550725126,/studio/rotor_avg_rpm.mean_rpm,1289.5220947265625
0.43274950900000003,1760031248.550749509,/studio/rotor_avg_rpm.mean_rpm,1288.0298156738281
0.432752263,1760031248.550752263,/studio/rotor_avg_rpm.mean_rpm,1283.8933715820312
0.432760823,1760031248.550760823,/studio/rotor_avg_rpm.mean_rpm,1277.8981628417969
0.432764927,1760031248.550764927,/studio/rotor_avg_rpm.mean_rpm,1289.5220642089844
0.432772986,1760031248.550772986,/studio/rotor_avg_rpm.mean_rpm,1288.7366638183594
0.43278585,1760031248.550785850,/studio/rotor_avg_rpm.mean_rpm,1282.7676391601562
0.432790065,1760031248.550790065,/studio/rotor_avg_rpm.mean_rpm,1285.0453186035156
0.443678349,1760031248.561678349,/studio/rotor_avg_rpm.mean_rpm,1293.97265625
0.44368134600000003,1760031248.561681346,/studio/rotor_avg_rpm.mean_rpm,1292.8731079101562
0.44370219000000005,1760031248.561702190,/studio/rotor_avg_rpm.mean_rpm,1276.8247985839844
0.44372635800000004,1760031248.561726358,/studio/rotor_avg_rpm.mean_rpm,1293.2396240234375
0.443730793,1760031248.561730793,/studio/rotor_avg_rpm.mean_rpm,1291.3808898925781
0.443750564,1760031248.561750564,/studio/rotor_avg_rpm.mean_rpm,1289.5220947265625
0.44376746800000005,1760031248.561767468,/studio/rotor_avg_rpm.mean_rpm,1289.8885803222656
0.443775375,1760031248.561775375,/studio/rotor_avg_rpm.mean_rpm,1287.6371459960938
0.44378032900000003,1760031248.561780329,/studio/rotor_avg_rpm.mean_rpm,1291.0143432617188
0.44378347100000004,1760031248.561783471,/studio/rotor_avg_rpm.mean_rpm,1293.2658386230469
0.44379480800000004,1760031248.561794808,/studio/rotor_avg_rpm.mean_rpm,1285.7521667480469
0.450800898,1760031248.568800898,/studio/rotor_avg_rpm.mean_rpm,1289.914794921875
0.450821232,1760031248.568821232,/studio/rotor_avg_rpm.mean_rpm,1292.1401062011719
0.45085178400000003,1760031248.568851784,/studio/rotor_avg_rpm.mean_rpm,1287.6109008789062
0.450855218,1760031248.568855218,/studio/rotor_avg_rpm.mean_rpm,1284.6526184082031
0.45088246800000004,1760031248.568882468,/studio/rotor_avg_rpm.mean_rpm,1293.2396545410156
0.48651769100000003,1760031248.604517691,/studio/rotor_avg_rpm.mean_rpm,1304.8635864257812
0.48652279000000004,1760031248.604522790,/studio/rotor_avg_rpm.mean_rpm,1295.857666015625
0.48652891800000003,1760031248.604528918,/studio/rotor_avg_rpm.mean_rpm,1288.7628784179688
0.48653411300000005,1760031248.604534113,/studio/rotor_avg_rpm.mean_rpm,1281.6419067382812
0.48654089800000005,1760031248.604540898,/studio/rotor_avg_rpm.mean_rpm,1293.2658386230469
0.48654773,1760031248.604547730,/studio/rotor_avg_rpm.mean_rpm,1300.360595703125
0.486567501,1760031248.604567501,/studio/rotor_avg_rpm.mean_rpm,1286.8778991699219
0.48658271000000003,1760031248.604582710,/studio/rotor_avg_rpm.mean_rpm,1295.8576354980469
0.486587694,1760031248.604587694,/studio/rotor_avg_rpm.mean_rpm,1307.4554138183594
0.48659368700000005,1760031248.604593687,/studio/rotor_avg_rpm.mean_rpm,1295.1246032714844
0.48659949,1760031248.604599490,/studio/rotor_avg_rpm.mean_rpm,1302.2455749511719
0.486604319,1760031248.604604319,/studio/rotor_avg_rpm.mean_rpm,1295.1507873535156
0.486608849,1760031248.604608849,/studio/rotor_avg_rpm.mean_rpm,1307.4553833007812
0.486612778,1760031248.604612778,/studio/rotor_avg_rpm.mean_rpm,1295.4911193847656
0.48661713900000003,1760031248.604617139,/studio/rotor_avg_rpm.mean_rpm,1292.4804382324219
0.48663731000000005,1760031248.604637310,/studio/rotor_avg_rpm.mean_rpm,1302.2193908691406
0.48664015400000005,1760031248.604640154,/studio/rotor_avg_rpm.mean_rpm,1296.6168823242188
0.48664228600000003,1760031248.604642286,/studio/rotor_avg_rpm.mean_rpm,1298.1352844238281
0.486646554,1760031248.604646554,/studio/rotor_avg_rpm.mean_rpm,1305.5965881347656
0.48665400700000006,1760031248.604654007,/studio/rotor_avg_rpm.mean_rpm,1295.4911193847656
0.48665706300000006,1760031248.604657063,/studio/rotor_avg_rpm.mean_rpm,1294.7319030761719
0.48666247,1760031248.604662470,/studio/rotor_avg_rpm.mean_rpm,1300.7532958984375
0.48667077200000003,1760031248.604670772,/studio/rotor_avg_rpm.mean_rpm,1293.9988708496094
0.49002812700000004,1760031248.608028127,/studio/rotor_avg_rpm.mean_rpm,1298.5018310546875
0.4900372,1760031248.608037200,/studio/rotor_avg_rpm.mean_rpm,1296.2503356933594
0.490043659,1760031248.608043659,/studio/rotor_avg_rpm.mean_rpm,1307.0888671875
0.49004886700000005,1760031248.608048867,/studio/rotor_avg_rpm.mean_rpm,1304.4970397949219
0.49006479000000003,1760031248.608064790,/studio/rotor_avg_rpm.mean_rpm,1294.3653869628906
0.49006860700000004,1760031248.608068607,/studio/rotor_avg_rpm.mean_rpm,1300.360595703125
0.49007284300000004,1760031248.608072843,/studio/rotor_avg_rpm.mean_rpm,1303.7116394042969
0.49007751800000005,1760031248.608077518,/studio/rotor_avg_rpm.mean_rpm,1308.2145690917969
0.490093145,1760031248.608093145,/studio/rotor_avg_rpm.mean_rpm,1317.5608520507812
0.490104503,1760031248.608104503,/studio/rotor_avg_rpm.mean_rpm,1304.1043395996094
0.49010875000000004,1760031248.608108750,/studio/rotor_avg_rpm.mean_rpm,1305.2300720214844
0.49011289900000005,1760031248.608112899,/studio/rotor_avg_rpm.mean_rpm,1305.2039184570312
0.49011744,1760031248.608117440,/studio/rotor_avg_rpm.mean_rpm,1304.4708557128906
0.490121503,1760031248.608121503,/studio/rotor_avg_rpm.mean_rpm,1296.2241821289062
0.4901247,1760031248.608124700,/studio/rotor_avg_rpm.mean_rpm,1299.9940795898438
0.49015439800000005,1760031248.608154398,/studio/rotor_avg_rpm.mean_rpm,1307.0888977050781
0.49018141400000004,1760031248.608181414,/studio/rotor_avg_rpm.mean_rpm,1307.8218994140625
0.49354216300000003,1760031248.611542163,/studio/rotor_avg_rpm.mean_rpm,1308.214599609375
0.49354576800000005,1760031248.611545768,/studio/rotor_avg_rpm.mean_rpm,1307.4553833007812
0.49354994700000004,1760031248.611549947,/studio/rotor_avg_rpm.mean_rpm,1296.9833679199219
0.49355416100000005,1760031248.611554161,/studio/rotor_avg_rpm.mean_rpm,1304.8635864257812
0.49357809100000005,1760031248.611578091,/studio/rotor_avg_rpm.mean_rpm,1308.5811157226562
0.49359186800000004,1760031248.611591868,/studio/rotor_avg_rpm.mean_rpm,1308.6073303222656
0.5133061800000001,1760031248.631306180,/studio/rotor_avg_rpm.mean_rpm,1298.89453125
0.513344553,1760031248.631344553,/studio/rotor_avg_rpm.mean_rpm,1301.0936584472656
0.5133495570000001,1760031248.631349557,/studio/rotor_avg_rpm.mean_rpm,1302.2455444335938
0.513622826,1760031248.631622826,/studio/rotor_avg_rpm.mean_rpm,1313.4506225585938
0.513643091,1760031248.631643091,/studio/rotor_avg_rpm.mean_rpm,1308.5811462402344
0.513651753,1760031248.631651753,/studio/rotor_avg_rpm.mean_rpm,1298.4756469726562
0.513659292,1760031248.631659292,/studio/rotor_avg_rpm.mean_rpm,1303.7116394042969
0.51366901,1760031248.631669010,/studio/rotor_avg_rpm.mean_rpm,1305.9631042480469
0.513673073,1760031248.631673073,/studio/rotor_avg_rpm.mean_rpm,1306.3296508789062
0.513677736,1760031248.631677736,/studio/rotor_avg_rpm.mean_rpm,1308.6073303222656
0.51368088,1760031248.631680880,/studio/rotor_avg_rpm.mean_rpm,1295.1246337890625
0.513684723,1760031248.631684723,/studio/rotor_avg_rpm.mean_rpm,1303.3713073730469
0.5136907230000001,1760031248.631690723,/studio/rotor_avg_rpm.mean_rpm,1310.8325805664062
0.513696134,1760031248.631696134,/studio/rotor_avg_rpm.mean_rpm,1310.0733642578125
0.513701955,1760031248.631701955,/studio/rotor_avg_rpm.mean_rpm,1316.0686340332031
0.513710675,1760031248.631710675,/studio/rotor_avg_rpm.mean_rpm,1307.4553833007812
0.5137200000000001,1760031248.631720000,/studio/rotor_avg_rpm.mean_rpm,1301.4863586425781
0.513735915,1760031248.631735915,/studio/rotor_avg_rpm.mean_rpm,1304.4708557128906
0.5137401580000001,1760031248.631740158,/studio/rotor_avg_rpm.mean_rpm,1308.5811157226562
0.525662837,1760031248.643662837,/studio/rotor_avg_rpm.mean_rpm,1310.0733947753906
0.525669275,1760031248.643669275,/studio/rotor_avg_rpm.mean_rpm,1310.0995483398438
0.525673466,1760031248.643673466,/studio/rotor_avg_rpm.mean_rpm,1310.8326110839844
0.525678592,1760031248.643678592,/studio/rotor_avg_rpm.mean_rpm,1307.42919921875
0.525684096,1760031248.643684096,/studio/rotor_avg_rpm.mean_rpm,1313.0578918457031
0.525689786,1760031248.643689786,/studio/rotor_avg_rpm.mean_rpm,1312.6913757324219
0.5256960900000001,1760031248.643696090,/studio/rotor_avg_rpm.mean_rpm,1310.8325805664062
0.525716116,1760031248.643716116,/studio/rotor_avg_rpm.mean_rpm,1306.3296203613281
0.5300890580000001,1760031248.648089058,/studio/rotor_avg_rpm.mean_rpm,1307.4553833007812
0.530096279,1760031248.648096279,/studio/rotor_avg_rpm.mean_rpm,1312.6913757324219
0.53010311,1760031248.648103110,/studio/rotor_avg_rpm.mean_rpm,1309.0000305175781
0.530118449,1760031248.648118449,/studio/rotor_avg_rpm.mean_rpm,1304.8111877441406
0.5301246310000001,1760031248.648124631,/studio/rotor_avg_rpm.mean_rpm,1307.4553833007812
0.5301283480000001,1760031248.648128348,/studio/rotor_avg_rpm.mean_rpm,1311.5656127929688
0.530130901,1760031248.648130901,/studio/rotor_avg_rpm.mean_rpm,1311.1729125976562
0.5301425390000001,1760031248.648142539,/studio/rotor_avg_rpm.mean_rpm,1314.5763244628906
0.530148193,1760031248.648148193,/studio/rotor_avg_rpm.mean_rpm,1307.0888671875
0.534167701,1760031248.652167701,/studio/rotor_avg_rpm.mean_rpm,1306.3558044433594
0.5341746780000001,1760031248.652174678,/studio/rotor_avg_rpm.mean_rpm,1305.2038879394531
0.5341815480000001,1760031248.652181548,/studio/rotor_avg_rpm.mean_rpm,1307.4291687011719
0.556718162,1760031248.674718162,/studio/rotor_avg_rpm.mean_rpm,1316.4351196289062
0.556723482,1760031248.674723482,/studio/rotor_avg_rpm.mean_rpm,1313.4244079589844
0.556745394,1760031248.674745394,/studio/rotor_avg_rpm.mean_rpm,1308.1884460449219
0.5567486380000001,1760031248.674748638,/studio/rotor_avg_rpm.mean_rpm,1314.2098388671875
0.556751419,1760031248.674751419,/studio/rotor_avg_rpm.mean_rpm,1317.5608520507812
0.5568964630000001,1760031248.674896463,/studio/rotor_avg_rpm.mean_rpm,1316.4350891113281
0.556907519,1760031248.674907519,/studio/rotor_avg_rpm.mean_rpm,1310.0733947753906
0.55691197,1760031248.674911970,/studio/rotor_avg_rpm.mean_rpm,1314.18359375
0.556915312,1760031248.674915312,/studio/rotor_avg_rpm.mean_rpm,1312.3248596191406
0.5569795080000001,1760031248.674979508,/studio/rotor_avg_rpm.mean_rpm,1311.1991271972656
0.55699103,1760031248.674991030,/studio/rotor_avg_rpm.mean_rpm,1317.1943359375
0.55699752,1760031248.674997520,/studio/rotor_avg_rpm.mean_rpm,1314.5501403808594
0.55700366,1760031248.675003660,/studio/rotor_avg_rpm.mean_rpm,1310.0733642578125
0.557008633,1760031248.675008633,/studio/rotor_avg_rpm.mean_rpm,1317.1943359375
0.55701553,1760031248.675015530,/studio/rotor_avg_rpm.mean_rpm,1314.5501708984375
0.557019518,1760031248.675019518,/studio/rotor_avg_rpm.mean_rpm,1316.408935546875
0.557029031,1760031248.675029031,/studio/rotor_avg_rpm.mean_rpm,1316.068603515625
0.5570330530000001,1760031248.675033053,/studio/rotor_avg_rpm.mean_rpm,1318.660400390625
0.557036375,1760031248.675036375,/studio/rotor_avg_rpm.mean_rpm,1317.1681518554688
0.557042573,1760031248.675042573,/studio/rotor_avg_rpm.mean_rpm,1319.0793151855469
0.557058803,1760031248.675058803,/studio/rotor_avg_rpm.mean_rpm,1308.5549621582031
0.557064868,1760031248.675064868,/studio/rotor_avg_rpm.mean_rpm,1313.8171081542969
0.56235093,1760031248.680350930,/studio/rotor_avg_rpm.mean_rpm,1318.6866149902344
0.562355432,1760031248.680355432,/studio/rotor_avg_rpm.mean_rpm,1315.6759033203125
0.562363171,1760031248.680363171,/studio/rotor_avg_rpm.mean_rpm,1316.8016662597656
0.562366773,1760031248.680366773,/studio/rotor_avg_rpm.mean_rpm,1319.8123779296875
0.562371175,1760031248.680371175,/studio/rotor_avg_rpm.mean_rpm,1319.4458618164062
0.562382146,1760031248.680382146,/studio/rotor_avg_rpm.mean_rpm,1316.4613342285156
0.5679912960000001,1760031248.685991296,/studio/rotor_avg_rpm.mean_rpm,1315.7020874023438
0.567996077,1760031248.685996077,/studio/rotor_avg_rpm.mean_rpm,1316.8016662597656
0.5679988880000001,1760031248.685998888,/studio/rotor_avg_rpm.mean_rpm,1318.6866149902344
0.568001344,1760031248.686001344,/studio/rotor_avg_rpm.mean_rpm,1320.5453796386719
0.568046779,1760031248.686046779,/studio/rotor_avg_rpm.mean_rpm,1321.6711120605469
0.568051112,1760031248.686051112,/studio/rotor_avg_rpm.mean_rpm,1320.1526794433594
0.568064692,1760031248.686064692,/studio/rotor_avg_rpm.mean_rpm,1317.9273986816406
0.5716485130000001,1760031248.689648513,/studio/rotor_avg_rpm.mean_rpm,1325.7552185058594
0.5716590730000001,1760031248.689659073,/studio/rotor_avg_rpm.mean_rpm,1321.671142578125
0.571672791,1760031248.689672791,/studio/rotor_avg_rpm.mean_rpm,1323.5299377441406
0.57565796,1760031248.693657960,/studio/rotor_avg_rpm.mean_rpm,1320.205078125
0.5756642900000001,1760031248.693664290,/studio/rotor_avg_rpm.mean_rpm,1321.2784423828125
0.5756747320000001,1760031248.693674732,/studio/rotor_avg_rpm.mean_rpm,1317.5608825683594
0.57569687,1760031248.693696870,/studio/rotor_avg_rpm.mean_rpm,1319.4196472167969
0.580198693,1760031248.698198693,/studio/rotor_avg_rpm.mean_rpm,1326.5406188964844
0.580254122,1760031248.698254122,/studio/rotor_avg_rpm.mean_rpm,1320.54541015625
0.5802586550000001,1760031248.698258655,/studio/rotor_avg_rpm.mean_rpm,1323.1634216308594
0.580267411,1760031248.698267411,/studio/rotor_avg_rpm.mean_rpm,1328.0328369140625
0.592463717,1760031248.710463717,/studio/rotor_avg_rpm.mean_rpm,1323.5299072265625
0.592470959,1760031248.710470959,/studio/rotor_avg_rpm.mean_rpm,1323.1634216308594
0.5924922380000001,1760031248.710492238,/studio/rotor_avg_rpm.mean_rpm,1330.2581787109375
0.598490458,1760031248.716490458,/studio/rotor_avg_rpm.mean_rpm,1320.8857116699219
0.598494072,1760031248.716494072,/studio/rotor_avg_rpm.mean_rpm,1325.3887023925781
0.5985028,1760031248.716502800,/studio/rotor_avg_rpm.mean_rpm,1332.116943359375
0.598509939,1760031248.716509939,/studio/rotor_avg_rpm.mean_rpm,1320.1788940429688
0.59851668,1760031248.716516680,/studio/rotor_avg_rpm.mean_rpm,1329.525146484375
0.598523043,1760031248.716523043,/studio/rotor_avg_rpm.mean_rpm,1325.04833984375
0.5985290560000001,1760031248.716529056,/studio/rotor_avg_rpm.mean_rpm,1331.0173645019531
0.598539252,1760031248.716539252,/studio/rotor_avg_rpm.mean_rpm,1322.7706909179688
0.598545042,1760031248.716545042,/studio/rotor_avg_rpm.mean_rpm,1327.6401672363281
0.598550534,1760031248.716550534,/studio/rotor_avg_rpm.mean_rpm,1323.922607421875
0.5985556430000001,1760031248.716555643,/studio/rotor_avg_rpm.mean_rpm,1328.7658996582031
0.5985594080000001,1760031248.716559408,/studio/rotor_avg_rpm.mean_rpm,1333.6353759765625
0.5985636870000001,1760031248.716563687,/studio/rotor_avg_rpm.mean_rpm,1332.8499755859375
0.598567462,1760031248.716567462,/studio/rotor_avg_rpm.mean_rpm,1328.0066528320312
0.598582664,1760031248.716582664,/studio/rotor_avg_rpm.mean_rpm,1327.6401672363281
0.604329807,1760031248.722329807,/studio/rotor_avg_rpm.mean_rpm,1327.6401672363281
0.604333101,1760031248.722333101,/studio/rotor_avg_rpm.mean_rpm,1336.6460876464844
0.604358817,1760031248.722358817,/studio/rotor_avg_rpm.mean_rpm,1326.1479187011719
0.6043778080000001,1760031248.722377808,/studio/rotor_avg_rpm.mean_rpm,1328.7659301757812
0.6043815300000001,1760031248.722381530,/studio/rotor_avg_rpm.mean_rpm,1333.9757080078125
0.604404272,1760031248.722404272,/studio/rotor_avg_rpm.mean_rpm,1334.7611083984375
0.6090106780000001,1760031248.727010678,/studio/rotor_avg_rpm.mean_rpm,1337.7194519042969
0.6090149930000001,1760031248.727014993,/studio/rotor_avg_rpm.mean_rpm,1330.9912109375
0.6090178150000001,1760031248.727017815,/studio/rotor_avg_rpm.mean_rpm,1334.7349243164062
0.609028762,1760031248.727028762,/studio/rotor_avg_rpm.mean_rpm,1341.0966796875
0.609033362,1760031248.727033362,/studio/rotor_avg_rpm.mean_rpm,1329.865478515625
0.609045829,1760031248.727045829,/studio/rotor_avg_rpm.mean_rpm,1334.7611083984375
0.614022917,1760031248.732022917,/studio/rotor_avg_rpm.mean_rpm,1334.7611389160156
0.614074126,1760031248.732074126,/studio/rotor_avg_rpm.mean_rpm,1340.7301635742188
0.618000285,1760031248.736000285,/studio/rotor_avg_rpm.mean_rpm,1335.8868713378906
0.618018303,1760031248.736018303,/studio/rotor_avg_rpm.mean_rpm,1338.1383666992188
0.6180298390000001,1760031248.736029839,/studio/rotor_avg_rpm.mean_rpm,1335.4679870605469
0.6181723880000001,1760031248.736172388,/studio/rotor_avg_rpm.mean_rpm,1335.8606567382812
0.618199221,1760031248.736199221,/studio/rotor_avg_rpm.mean_rpm,1340.75634765625
0.618210622,1760031248.736210622,/studio/rotor_avg_rpm.mean_rpm,1345.5996398925781
0.622132542,1760031248.740132542,/studio/rotor_avg_rpm.mean_rpm,1343.3743286132812
0.6221519950000001,1760031248.740151995,/studio/rotor_avg_rpm.mean_rpm,1338.1121520996094
0.6221814090000001,1760031248.740181409,/studio/rotor_avg_rpm.mean_rpm,1344.473876953125
0.622281466,1760031248.740281466,/studio/rotor_avg_rpm.mean_rpm,1344.8404235839844
0.628263896,1760031248.746263896,/studio/rotor_avg_rpm.mean_rpm,1341.1228637695312
0.62829488,1760031248.746294880,/studio/rotor_avg_rpm.mean_rpm,1342.9816589355469
0.628312285,1760031248.746312285,/studio/rotor_avg_rpm.mean_rpm,1339.2379150390625
0.628339873,1760031248.746339873,/studio/rotor_avg_rpm.mean_rpm,1342.9816284179688
0.6283634720000001,1760031248.746363472,/studio/rotor_avg_rpm.mean_rpm,1340.7301940917969
0.6328500490000001,1760031248.750850049,/studio/rotor_avg_rpm.mean_rpm,1347.4845886230469
0.632871889,1760031248.750871889,/studio/rotor_avg_rpm.mean_rpm,1350.076416015625
0.6329010660000001,1760031248.750901066,/studio/rotor_avg_rpm.mean_rpm,1350.4691467285156
0.6329401050000001,1760031248.750940105,/studio/rotor_avg_rpm.mean_rpm,1350.4690856933594
0.633085193,1760031248.751085193,/studio/rotor_avg_rpm.mean_rpm,1342.9816589355469
0.640462537,1760031248.758462537,/studio/rotor_avg_rpm.mean_rpm,1349.3433532714844
0.6404740750000001,1760031248.758474075,/studio/rotor_avg_rpm.mean_rpm,1348.2438049316406
0.640491549,1760031248.758491549,/studio/rotor_avg_rpm.mean_rpm,1349.3433532714844
0.6405208400000001,1760031248.758520840,/studio/rotor_avg_rpm.mean_rpm,1351.9613952636719
0.640533097,1760031248.758533097,/studio/rotor_avg_rpm.mean_rpm,1353.8201599121094
0.640543214,1760031248.758543214,/studio/rotor_avg_rpm.mean_rpm,1347.8249206542969
0.640594801,1760031248.758594801,/studio/rotor_avg_rpm.mean_rpm,1344.8404235839844
0.6443189340000001,1760031248.762318934,/studio/rotor_avg_rpm.mean_rpm,1344.5000610351562
0.644329045,1760031248.762329045,/studio/rotor_avg_rpm.mean_rpm,1351.9613647460938
0.6443418980000001,1760031248.762341898,/studio/rotor_avg_rpm.mean_rpm,1362.4595642089844
0.644375378,1760031248.762375378,/studio/rotor_avg_rpm.mean_rpm,1343.34814453125
0.6444166450000001,1760031248.762416645,/studio/rotor_avg_rpm.mean_rpm,1353.4536437988281
0.648885131,1760031248.766885131,/studio/rotor_avg_rpm.mean_rpm,1354.5794067382812
0.648890054,1760031248.766890054,/studio/rotor_avg_rpm.mean_rpm,1352.7206115722656
0.6488974630000001,1760031248.766897463,/studio/rotor_avg_rpm.mean_rpm,1358.3231201171875
0.648909401,1760031248.766909401,/studio/rotor_avg_rpm.mean_rpm,1354.9458618164062
0.648916614,1760031248.766916614,/studio/rotor_avg_rpm.mean_rpm,1358.6896362304688
0.6716367470000001,1760031248.789636747,/studio/rotor_avg_rpm.mean_rpm,1355.338623046875
0.6716452900000001,1760031248.789645290,/studio/rotor_avg_rpm.mean_rpm,1354.2128601074219
0.671649185,1760031248.789649185,/studio/rotor_avg_rpm.mean_rpm,1361.7003173828125
0.6716540950000001,1760031248.789654095,/studio/rotor_avg_rpm.mean_rpm,1351.9613647460938
0.67165759,1760031248.789657590,/studio/rotor_avg_rpm.mean_rpm,1354.5793762207031
0.671663792,1760031248.789663792,/studio/rotor_avg_rpm.mean_rpm,1353.4536437988281
0.671699742,1760031248.789699742,/studio/rotor_avg_rpm.mean_rpm,1361.3338317871094
0.671706019,1760031248.789706019,/studio/rotor_avg_rpm.mean_rpm,1356.8570556640625
0.671714118,1760031248.789714118,/studio/rotor_avg_rpm.mean_rpm,1358.3231201171875
0.671719767,1760031248.789719767,/studio/rotor_avg_rpm.mean_rpm,1357.590087890625
0.6717243,1760031248.789724300,/studio/rotor_avg_rpm.mean_rpm,1357.1973571777344
0.6717295990000001,1760031248.789729599,/studio/rotor_avg_rpm.mean_rpm,1359.4488525390625
0.6717350940000001,1760031248.789735094,/studio/rotor_avg_rpm.mean_rpm,1358.6896667480469
0.6717599310000001,1760031248.789759931,/studio/rotor_avg_rpm.mean_rpm,1365.8106079101562
0.671764252,1760031248.789764252,/studio/rotor_avg_rpm.mean_rpm,1359.4488220214844
0.671768581,1760031248.789768581,/studio/rotor_avg_rpm.mean_rpm,1363.5853271484375
0.6717780320000001,1760031248.789778032,/studio/rotor_avg_rpm.mean_rpm,1363.5853271484375
0.6717823930000001,1760031248.789782393,/studio/rotor_avg_rpm.mean_rpm,1358.7158508300781
0.671789865,1760031248.789789865,/studio/rotor_avg_rpm.mean_rpm,1366.2033081054688
0.671794019,1760031248.789794019,/studio/rotor_avg_rpm.mean_rpm,1360.2080993652344
0.6718003370000001,1760031248.789800337,/studio/rotor_avg_rpm.mean_rpm,1361.3076477050781
0.6791500530000001,1760031248.797150053,/studio/rotor_avg_rpm.mean_rpm,1359.0561218261719
0.6791640280000001,1760031248.797164028,/studio/rotor_avg_rpm.mean_rpm,1362.8260803222656
0.6791737680000001,1760031248.797173768,/studio/rotor_avg_rpm.mean_rpm,1361.3338317871094
0.679350926,1760031248.797350926,/studio/rotor_avg_rpm.mean_rpm,1354.9720764160156
0.6793655470000001,1760031248.797365547,/studio/rotor_avg_rpm.mean_rpm,1366.1770935058594
0.679374267,1760031248.797374267,/studio/rotor_avg_rpm.mean_rpm,1363.9518127441406
0.6794061290000001,1760031248.797406129,/studio/rotor_avg_rpm.mean_rpm,1357.5900573730469
0.679493717,1760031248.797493717,/studio/rotor_avg_rpm.mean_rpm,1362.0668640136719
0.682491136,1760031248.800491136,/studio/rotor_avg_rpm.mean_rpm,1360.1818542480469
0.6825065560000001,1760031248.800506556,/studio/rotor_avg_rpm.mean_rpm,1363.9518127441406
0.682522183,1760031248.800522183,/studio/rotor_avg_rpm.mean_rpm,1357.9566345214844
0.682530924,1760031248.800530924,/studio/rotor_avg_rpm.mean_rpm,1359.4488525390625
0.687248154,1760031248.805248154,/studio/rotor_avg_rpm.mean_rpm,1361.3076171875
0.687266236,1760031248.805266236,/studio/rotor_avg_rpm.mean_rpm,1357.9566040039062
0.687284803,1760031248.805284803,/studio/rotor_avg_rpm.mean_rpm,1368.035888671875
0.687302596,1760031248.805302596,/studio/rotor_avg_rpm.mean_rpm,1369.1878356933594
0.68735804,1760031248.805358040,/studio/rotor_avg_rpm.mean_rpm,1363.9518127441406
0.694059536,1760031248.812059536,/studio/rotor_avg_rpm.mean_rpm,1355.3124084472656
0.694079427,1760031248.812079427,/studio/rotor_avg_rpm.mean_rpm,1370.6538696289062
0.694091506,1760031248.812091506,/studio/rotor_avg_rpm.mean_rpm,1360.9411010742188
0.6941068220000001,1760031248.812106822,/studio/rotor_avg_rpm.mean_rpm,1365.0513610839844
0.694123691,1760031248.812123691,/studio/rotor_avg_rpm.mean_rpm,1361.7003479003906
0.6941357610000001,1760031248.812135761,/studio/rotor_avg_rpm.mean_rpm,1375.8898620605469
0.7090922070000001,1760031248.827092207,/studio/rotor_avg_rpm.mean_rpm,1364.3183288574219
0.7091093310000001,1760031248.827109331,/studio/rotor_avg_rpm.mean_rpm,1362.0406494140625
0.7091275770000001,1760031248.827127577,/studio/rotor_avg_rpm.mean_rpm,1361.7003784179688
0.709140622,1760031248.827140622,/studio/rotor_avg_rpm.mean_rpm,1369.1878051757812
0.70923912,1760031248.827239120,/studio/rotor_avg_rpm.mean_rpm,1367.6955871582031
0.717631148,1760031248.835631148,/studio/rotor_avg_rpm.mean_rpm,1370.287353515625
0.717652464,1760031248.835652464,/studio/rotor_avg_rpm.mean_rpm,1362.4595642089844
0.7176708730000001,1760031248.835670873,/studio/rotor_avg_rpm.mean_rpm,1372.9315795898438
0.7176881740000001,1760031248.835688174,/studio/rotor_avg_rpm.mean_rpm,1368.0620727539062
0.7176992170000001,1760031248.835699217,/studio/rotor_avg_rpm.mean_rpm,1364.318359375
0.71775919,1760031248.835759190,/studio/rotor_avg_rpm.mean_rpm,1372.17236328125
0.7177844280000001,1760031248.835784428,/studio/rotor_avg_rpm.mean_rpm,1361.3338317871094
0.717798161,1760031248.835798161,/studio/rotor_avg_rpm.mean_rpm,1363.5591125488281
0.717811473,1760031248.835811473,/studio/rotor_avg_rpm.mean_rpm,1362.8261108398438
0.717884034,1760031248.835884034,/studio/rotor_avg_rpm.mean_rpm,1366.56982421875
0.717951348,1760031248.835951348,/studio/rotor_avg_rpm.mean_rpm,1368.7951049804688
0.717975118,1760031248.835975118,/studio/rotor_avg_rpm.mean_rpm,1356.4381713867188
0.717987398,1760031248.835987398,/studio/rotor_avg_rpm.mean_rpm,1368.7951049804688
0.7180012640000001,1760031248.836001264,/studio/rotor_avg_rpm.mean_rpm,1360.5745849609375
0.718019952,1760031248.836019952,/studio/rotor_avg_rpm.mean_rpm,1367.6693725585938
0.71805554,1760031248.836055540,/studio/rotor_avg_rpm.mean_rpm,1356.4381713867188
0.723323157,1760031248.841323157,/studio/rotor_avg_rpm.mean_rpm,1365.4179077148438
0.723331464,1760031248.841331464,/studio/rotor_avg_rpm.mean_rpm,1369.5281372070312
0.7233867030000001,1760031248.841386703,/studio/rotor_avg_rpm.mean_rpm,1363.9518432617188
0.7234031190000001,1760031248.841403119,/studio/rotor_avg_rpm.mean_rpm,1368.4285888671875
0.7234129020000001,1760031248.841412902,/studio/rotor_avg_rpm.mean_rpm,1366.8839721679688
0.723458005,1760031248.841458005,/studio/rotor_avg_rpm.mean_rpm,1365.4179077148438
0.723482555,1760031248.841482555,/studio/rotor_avg_rpm.mean_rpm,1369.1616516113281
0.723530075,1760031248.841530075,/studio/rotor_avg_rpm.mean_rpm,1367.6431884765625
0.731538562,1760031248.849538562,/studio/rotor_avg_rpm.mean_rpm,1370.2611999511719
0.731564112,1760031248.849564112,/studio/rotor_avg_rpm.mean_rpm,1369.8946838378906
0.731646676,1760031248.849646676,/studio/rotor_avg_rpm.mean_rpm,1359.0823669433594
0.7316601890000001,1760031248.849660189,/studio/rotor_avg_rpm.mean_rpm,1366.1771240234375
0.7316893130000001,1760031248.849689313,/studio/rotor_avg_rpm.mean_rpm,1369.5281372070312
0.7317056200000001,1760031248.849705620,/studio/rotor_avg_rpm.mean_rpm,1373.2719116210938
0.738345401,1760031248.856345401,/studio/rotor_avg_rpm.mean_rpm,1374.0311279296875
0.738384868,1760031248.856384868,/studio/rotor_avg_rpm.mean_rpm,1366.91015625
0.7385763120000001,1760031248.856576312,/studio/rotor_avg_rpm.mean_rpm,1360.1557006835938
0.7385939370000001,1760031248.856593937,/studio/rotor_avg_rpm.mean_rpm,1374.3976135253906
0.7386273010000001,1760031248.856627301,/studio/rotor_avg_rpm.mean_rpm,1365.0252075195312
0.7386525890000001,1760031248.856652589,/studio/rotor_avg_rpm.mean_rpm,1370.6800842285156
0.738679584,1760031248.856679584,/studio/rotor_avg_rpm.mean_rpm,1363.5591125488281
0.738695634,1760031248.856695634,/studio/rotor_avg_rpm.mean_rpm,1369.9208679199219
0.738868531,1760031248.856868531,/studio/rotor_avg_rpm.mean_rpm,1374.0049438476562
0.7442001850000001,1760031248.862200185,/studio/rotor_avg_rpm.mean_rpm,1365.0513916015625
0.7443241490000001,1760031248.862324149,/studio/rotor_avg_rpm.mean_rpm,1366.1771240234375
0.744351501,1760031248.862351501,/studio/rotor_avg_rpm.mean_rpm,1368.7951049804688
0.74436537,1760031248.862365370,/studio/rotor_avg_rpm.mean_rpm,1365.4178771972656
0.7444079,1760031248.862407900,/studio/rotor_avg_rpm.mean_rpm,1373.6383972167969
0.7500698640000001,1760031248.868069864,/studio/rotor_avg_rpm.mean_rpm,1369.16162109375
0.750085451,1760031248.868085451,/studio/rotor_avg_rpm.mean_rpm,1371.8058166503906
0.7501284450000001,1760031248.868128445,/studio/rotor_avg_rpm.mean_rpm,1376.2564086914062
0.750162729,1760031248.868162729,/studio/rotor_avg_rpm.mean_rpm,1363.9256286621094
0.750182844,1760031248.868182844,/studio/rotor_avg_rpm.mean_rpm,1367.6693725585938
0.7502028110000001,1760031248.868202811,/studio/rotor_avg_rpm.mean_rpm,1362.4333801269531
0.7502154980000001,1760031248.868215498,/studio/rotor_avg_rpm.mean_rpm,1368.035888671875
0.750264928,1760031248.868264928,/studio/rotor_avg_rpm.mean_rpm,1367.3028869628906
0.7538979330000001,1760031248.871897933,/studio/rotor_avg_rpm.mean_rpm,1368.7951049804688
0.7539102750000001,1760031248.871910275,/studio/rotor_avg_rpm.mean_rpm,1367.3028564453125
0.7539237750000001,1760031248.871923775,/studio/rotor_avg_rpm.mean_rpm,1369.9470520019531
0.754018481,1760031248.872018481,/studio/rotor_avg_rpm.mean_rpm,1372.9053955078125
0.7590364390000001,1760031248.877036439,/studio/rotor_avg_rpm.mean_rpm,1371.4131164550781
0.759058407,1760031248.877058407,/studio/rotor_avg_rpm.mean_rpm,1372.1461486816406
0.75907192,1760031248.877071920,/studio/rotor_avg_rpm.mean_rpm,1365.0513610839844
0.768826345,1760031248.886826345,/studio/rotor_avg_rpm.mean_rpm,1371.0465698242188
0.768845379,1760031248.886845379,/studio/rotor_avg_rpm.mean_rpm,1366.1771240234375
0.768863158,1760031248.886863158,/studio/rotor_avg_rpm.mean_rpm,1375.889892578125
0.768910709,1760031248.886910709,/studio/rotor_avg_rpm.mean_rpm,1366.9363098144531
0.768921517,1760031248.886921517,/studio/rotor_avg_rpm.mean_rpm,1368.7951049804688
0.768980866,1760031248.886980866,/studio/rotor_avg_rpm.mean_rpm,1372.9315795898438
0.775283846,1760031248.893283846,/studio/rotor_avg_rpm.mean_rpm,1364.3183288574219
0.775303971,1760031248.893303971,/studio/rotor_avg_rpm.mean_rpm,1374.0310974121094
0.77532557,1760031248.893325570,/studio/rotor_avg_rpm.mean_rpm,1371.4131164550781
0.775390468,1760031248.893390468,/studio/rotor_avg_rpm.mean_rpm,1378.9005737304688
0.7754067720000001,1760031248.893406772,/studio/rotor_avg_rpm.mean_rpm,1364.318359375
0.7754207860000001,1760031248.893420786,/studio/rotor_avg_rpm.mean_rpm,1372.9315795898438
0.775433342,1760031248.893433342,/studio/rotor_avg_rpm.mean_rpm,1367.3028564453125
0.7754450500000001,1760031248.893445050,/studio/rotor_avg_rpm.mean_rpm,1375.1568603515625
0.7754658470000001,1760031248.893465847,/studio/rotor_avg_rpm.mean_rpm,1370.2873840332031
0.775563407,1760031248.893563407,/studio/rotor_avg_rpm.mean_rpm,1374.7641296386719
0.7821455660000001,1760031248.900145566,/studio/rotor_avg_rpm.mean_rpm,1375.5233764648438
0.7821591200000001,1760031248.900159120,/studio/rotor_avg_rpm.mean_rpm,1372.8791809082031
0.7821918120000001,1760031248.900191812,/studio/rotor_avg_rpm.mean_rpm,1374.7903442382812
0.7822160220000001,1760031248.900216022,/studio/rotor_avg_rpm.mean_rpm,1375.5233764648438
0.7822299420000001,1760031248.900229942,/studio/rotor_avg_rpm.mean_rpm,1376.2825927734375
0.7822438810000001,1760031248.900243881,/studio/rotor_avg_rpm.mean_rpm,1380.0001525878906
0.7822601640000001,1760031248.900260164,/studio/rotor_avg_rpm.mean_rpm,1381.1258850097656
0.782324046,1760031248.900324046,/studio/rotor_avg_rpm.mean_rpm,1377.7748413085938
0.786764612,1760031248.904764612,/studio/rotor_avg_rpm.mean_rpm,1377.7486572265625
0.786775357,1760031248.904775357,/studio/rotor_avg_rpm.mean_rpm,1380.3666687011719
0.7868787060000001,1760031248.904878706,/studio/rotor_avg_rpm.mean_rpm,1372.9053649902344
0.7869378720000001,1760031248.904937872,/studio/rotor_avg_rpm.mean_rpm,1381.8851318359375
0.791028449,1760031248.909028449,/studio/rotor_avg_rpm.mean_rpm,1380.3666687011719
0.791058468,1760031248.909058468,/studio/rotor_avg_rpm.mean_rpm,1376.6229248046875
0.791069648,1760031248.909069648,/studio/rotor_avg_rpm.mean_rpm,1379.2671203613281
0.791082138,1760031248.909082138,/studio/rotor_avg_rpm.mean_rpm,1383.743896484375
0.791090983,1760031248.909090983,/studio/rotor_avg_rpm.mean_rpm,1386.3618469238281
0.791284443,1760031248.909284443,/studio/rotor_avg_rpm.mean_rpm,1376.2825927734375
0.795423893,1760031248.913423893,/studio/rotor_avg_rpm.mean_rpm,1371.0466003417969
0.7954380310000001,1760031248.913438031,/studio/rotor_avg_rpm.mean_rpm,1384.1104125976562
0.795450285,1760031248.913450285,/studio/rotor_avg_rpm.mean_rpm,1383.743896484375
0.7954637120000001,1760031248.913463712,/studio/rotor_avg_rpm.mean_rpm,1381.492431640625
0.803056608,1760031248.921056608,/studio/rotor_avg_rpm.mean_rpm,1384.86962890625
0.803109354,1760031248.921109354,/studio/rotor_avg_rpm.mean_rpm,1386.3619079589844
0.803190826,1760031248.921190826,/studio/rotor_avg_rpm.mean_rpm,1380.7332153320312
0.8032094120000001,1760031248.921209412,/studio/rotor_avg_rpm.mean_rpm,1385.6026916503906
0.828438132,1760031248.946438132,/studio/rotor_avg_rpm.mean_rpm,1385.2361755371094
0.828453565,1760031248.946453565,/studio/rotor_avg_rpm.mean_rpm,1381.1259155273438
0.8284856300000001,1760031248.946485630,/studio/rotor_avg_rpm.mean_rpm,1383.743896484375
0.828509805,1760031248.946509805,/studio/rotor_avg_rpm.mean_rpm,1384.5031433105469
0.8285370900000001,1760031248.946537090,/studio/rotor_avg_rpm.mean_rpm,1383.3511962890625
0.828559475,1760031248.946559475,/studio/rotor_avg_rpm.mean_rpm,1377.7486877441406
0.8285761460000001,1760031248.946576146,/studio/rotor_avg_rpm.mean_rpm,1386.7284240722656
0.828629135,1760031248.946629135,/studio/rotor_avg_rpm.mean_rpm,1383.7439270019531
0.828736923,1760031248.946736923,/studio/rotor_avg_rpm.mean_rpm,1380.7331848144531
0.828786605,1760031248.946786605,/studio/rotor_avg_rpm.mean_rpm,1384.86962890625
0.828847742,1760031248.946847742,/studio/rotor_avg_rpm.mean_rpm,1387.4876403808594
0.828872099,1760031248.946872099,/studio/rotor_avg_rpm.mean_rpm,1385.9953918457031
0.8288873910000001,1760031248.946887391,/studio/rotor_avg_rpm.mean_rpm,1387.12109375
0.8289070220000001,1760031248.946907022,/studio/rotor_avg_rpm.mean_rpm,1383.3773803710938
0.828922194,1760031248.946922194,/studio/rotor_avg_rpm.mean_rpm,1386.7284240722656
0.8289334970000001,1760031248.946933497,/studio/rotor_avg_rpm.mean_rpm,1383.3511962890625
0.8289484720000001,1760031248.946948472,/studio/rotor_avg_rpm.mean_rpm,1391.9906005859375
0.829001745,1760031248.947001745,/studio/rotor_avg_rpm.mean_rpm,1392.7498474121094
0.829041629,1760031248.947041629,/studio/rotor_avg_rpm.mean_rpm,1384.1365966796875
0.829081845,1760031248.947081845,/studio/rotor_avg_rpm.mean_rpm,1390.8648681640625
0.8290988770000001,1760031248.947098877,/studio/rotor_avg_rpm.mean_rpm,1384.4769287109375
0.829119766,1760031248.947119766,/studio/rotor_avg_rpm.mean_rpm,1390.1056518554688
0.829133368,1760031248.947133368,/studio/rotor_avg_rpm.mean_rpm,1387.12109375
0.829149275,1760031248.947149275,/studio/rotor_avg_rpm.mean_rpm,1387.8541564941406
0.829165637,1760031248.947165637,/studio/rotor_avg_rpm.mean_rpm,1384.1365966796875
0.8444415000000001,1760031248.962441500,/studio/rotor_avg_rpm.mean_rpm,1381.492431640625
0.8444619470000001,1760031248.962461947,/studio/rotor_avg_rpm.mean_rpm,1387.1211242675781
0.844503165,1760031248.962503165,/studio/rotor_avg_rpm.mean_rpm,1384.8696594238281
0.8445403300000001,1760031248.962540330,/studio/rotor_avg_rpm.mean_rpm,1384.1365966796875
0.844564965,1760031248.962564965,/studio/rotor_avg_rpm.mean_rpm,1390.4983215332031
0.8446028080000001,1760031248.962602808,/studio/rotor_avg_rpm.mean_rpm,1378.1414184570312
0.844616931,1760031248.962616931,/studio/rotor_avg_rpm.mean_rpm,1380.7593994140625
0.8446284430000001,1760031248.962628443,/studio/rotor_avg_rpm.mean_rpm,1383.3773803710938
0.844711533,1760031248.962711533,/studio/rotor_avg_rpm.mean_rpm,1384.8958129882812
0.8447402350000001,1760031248.962740235,/studio/rotor_avg_rpm.mean_rpm,1381.8589477539062
0.8452807670000001,1760031248.963280767,/studio/rotor_avg_rpm.mean_rpm,1382.6181945800781
0.845297453,1760031248.963297453,/studio/rotor_avg_rpm.mean_rpm,1383.743896484375
0.845311345,1760031248.963311345,/studio/rotor_avg_rpm.mean_rpm,1387.8541870117188
0.845337781,1760031248.963337781,/studio/rotor_avg_rpm.mean_rpm,1386.3618774414062
0.84549492,1760031248.963494920,/studio/rotor_avg_rpm.mean_rpm,1382.6443176269531
0.8455175530000001,1760031248.963517553,/studio/rotor_avg_rpm.mean_rpm,1385.995361328125
0.8455722720000001,1760031248.963572272,/studio/rotor_avg_rpm.mean_rpm,1389.3725891113281
0.853661412,1760031248.971661412,/studio/rotor_avg_rpm.mean_rpm,1387.8541564941406
0.853670534,1760031248.971670534,/studio/rotor_avg_rpm.mean_rpm,1380.0001831054688
0.853680321,1760031248.971680321,/studio/rotor_avg_rpm.mean_rpm,1391.2313842773438
0.853711635,1760031248.971711635,/studio/rotor_avg_rpm.mean_rpm,1382.6181640625
0.8537507990000001,1760031248.971750799,/studio/rotor_avg_rpm.mean_rpm,1388.9799194335938
0.85380964,1760031248.971809640,/studio/rotor_avg_rpm.mean_rpm,1387.1472778320312
0.853893337,1760031248.971893337,/studio/rotor_avg_rpm.mean_rpm,1383.7700805664062
0.853918444,1760031248.971918444,/studio/rotor_avg_rpm.mean_rpm,1383.3773803710938
0.8597539740000001,1760031248.977753974,/studio/rotor_avg_rpm.mean_rpm,1382.9846801757812
0.859773173,1760031248.977773173,/studio/rotor_avg_rpm.mean_rpm,1386.3880920410156
0.8597853310000001,1760031248.977785331,/studio/rotor_avg_rpm.mean_rpm,1383.743896484375
0.8598238340000001,1760031248.977823834,/studio/rotor_avg_rpm.mean_rpm,1384.8696594238281
0.859843639,1760031248.977843639,/studio/rotor_avg_rpm.mean_rpm,1392.7236328125
0.8598645370000001,1760031248.977864537,/studio/rotor_avg_rpm.mean_rpm,1382.2516479492188
0.859902457,1760031248.977902457,/studio/rotor_avg_rpm.mean_rpm,1384.4769287109375
0.8599287990000001,1760031248.977928799,/studio/rotor_avg_rpm.mean_rpm,1390.8387145996094
0.859967518,1760031248.977967518,/studio/rotor_avg_rpm.mean_rpm,1387.88037109375
0.8717635810000001,1760031248.989763581,/studio/rotor_avg_rpm.mean_rpm,1395.6819763183594
0.871777176,1760031248.989777176,/studio/rotor_avg_rpm.mean_rpm,1391.2052001953125
0.871846247,1760031248.989846247,/studio/rotor_avg_rpm.mean_rpm,1391.2052001953125
0.8718786740000001,1760031248.989878674,/studio/rotor_avg_rpm.mean_rpm,1397.2265930175781
0.8718887350000001,1760031248.989888735,/studio/rotor_avg_rpm.mean_rpm,1388.9799194335938
0.8719432100000001,1760031248.989943210,/studio/rotor_avg_rpm.mean_rpm,1392.7236633300781
0.87910644,1760031248.997106440,/studio/rotor_avg_rpm.mean_rpm,1389.346435546875
0.8791131900000001,1760031248.997113190,/studio/rotor_avg_rpm.mean_rpm,1390.47216796875
0.879118901,1760031248.997118901,/studio/rotor_avg_rpm.mean_rpm,1396.1008605957031
0.879906582,1760031248.997906582,/studio/rotor_avg_rpm.mean_rpm,1403.9548645019531
0.8799435240000001,1760031248.997943524,/studio/rotor_avg_rpm.mean_rpm,1396.8338623046875
0.8799642440000001,1760031248.997964244,/studio/rotor_avg_rpm.mean_rpm,1388.9799194335938
0.8799847850000001,1760031248.997984785,/studio/rotor_avg_rpm.mean_rpm,1397.9596252441406
0.8799949450000001,1760031248.997994945,/studio/rotor_avg_rpm.mean_rpm,1399.0854187011719
0.8800159270000001,1760031248.998015927,/studio/rotor_avg_rpm.mean_rpm,1395.3416442871094
0.8800357750000001,1760031248.998035775,/studio/rotor_avg_rpm.mean_rpm,1394.9489440917969
0.8800496520000001,1760031248.998049652,/studio/rotor_avg_rpm.mean_rpm,1391.9644165039062
0.880098386,1760031248.998098386,/studio/rotor_avg_rpm.mean_rpm,1406.9393920898438
0.8857326860000001,1760031249.003732686,/studio/rotor_avg_rpm.mean_rpm,1405.8136596679688
0.885742643,1760031249.003742643,/studio/rotor_avg_rpm.mean_rpm,1392.7236328125
0.8857517890000001,1760031249.003751789,/studio/rotor_avg_rpm.mean_rpm,1394.9489440917969
0.8857621290000001,1760031249.003762129,/studio/rotor_avg_rpm.mean_rpm,1399.8183898925781
0.8857808060000001,1760031249.003780806,/studio/rotor_avg_rpm.mean_rpm,1398.326171875
0.885791167,1760031249.003791167,/studio/rotor_avg_rpm.mean_rpm,1393.0901489257812
0.8858013370000001,1760031249.003801337,/studio/rotor_avg_rpm.mean_rpm,1400.57763671875
0.88580652,1760031249.003806520,/studio/rotor_avg_rpm.mean_rpm,1399.8184204101562
0.892977011,1760031249.010977011,/studio/rotor_avg_rpm.mean_rpm,1403.5883483886719
0.89298557,1760031249.010985570,/studio/rotor_avg_rpm.mean_rpm,1400.2111206054688
0.8930831560000001,1760031249.011083156,/studio/rotor_avg_rpm.mean_rpm,1395.7081604003906
0.8930905370000001,1760031249.011090537,/studio/rotor_avg_rpm.mean_rpm,1401.703369140625
0.893097793,1760031249.011097793,/studio/rotor_avg_rpm.mean_rpm,1400.9441528320312
0.8931110440000001,1760031249.011111044,/studio/rotor_avg_rpm.mean_rpm,1406.2063598632812
0.8931168970000001,1760031249.011116897,/studio/rotor_avg_rpm.mean_rpm,1394.97509765625
0.899022486,1760031249.017022486,/studio/rotor_avg_rpm.mean_rpm,1396.8339233398438
0.8990261490000001,1760031249.017026149,/studio/rotor_avg_rpm.mean_rpm,1403.5621643066406
0.899029195,1760031249.017029195,/studio/rotor_avg_rpm.mean_rpm,1397.5931396484375
0.899033501,1760031249.017033501,/studio/rotor_avg_rpm.mean_rpm,1401.7295837402344
0.8990368200000001,1760031249.017036820,/studio/rotor_avg_rpm.mean_rpm,1410.6569519042969
0.899074605,1760031249.017074605,/studio/rotor_avg_rpm.mean_rpm,1395.3677978515625
0.8990892460000001,1760031249.017089246,/studio/rotor_avg_rpm.mean_rpm,1399.8184204101562
0.906510667,1760031249.024510667,/studio/rotor_avg_rpm.mean_rpm,1399.4780883789062
0.906524689,1760031249.024524689,/studio/rotor_avg_rpm.mean_rpm,1400.57763671875
0.906536059,1760031249.024536059,/studio/rotor_avg_rpm.mean_rpm,1396.4935913085938
0.9065466480000001,1760031249.024546648,/studio/rotor_avg_rpm.mean_rpm,1402.8291320800781
0.906659031,1760031249.024659031,/studio/rotor_avg_rpm.mean_rpm,1399.4780883789062
0.906676443,1760031249.024676443,/studio/rotor_avg_rpm.mean_rpm,1399.111572265625
0.906696276,1760031249.024696276,/studio/rotor_avg_rpm.mean_rpm,1406.2063598632812
0.916072681,1760031249.034072681,/studio/rotor_avg_rpm.mean_rpm,1399.8446044921875
0.916219325,1760031249.034219325,/studio/rotor_avg_rpm.mean_rpm,1393.1163330078125
0.916397993,1760031249.034397993,/studio/rotor_avg_rpm.mean_rpm,1397.9858093261719
0.916465328,1760031249.034465328,/studio/rotor_avg_rpm.mean_rpm,1402.8291320800781
0.9164797920000001,1760031249.034479792,/studio/rotor_avg_rpm.mean_rpm,1397.9596252441406
0.9165382280000001,1760031249.034538228,/studio/rotor_avg_rpm.mean_rpm,1394.6086120605469
0.9165900840000001,1760031249.034590084,/studio/rotor_avg_rpm.mean_rpm,1392.7498474121094
0.922301769,1760031249.040301769,/studio/rotor_avg_rpm.mean_rpm,1399.1115417480469
0.922332323,1760031249.040332323,/studio/rotor_avg_rpm.mean_rpm,1397.2527770996094
0.922362824,1760031249.040362824,/studio/rotor_avg_rpm.mean_rpm,1399.4780883789062
0.922380492,1760031249.040380492,/studio/rotor_avg_rpm.mean_rpm,1403.6145324707031
0.9224243160000001,1760031249.040424316,/studio/rotor_avg_rpm.mean_rpm,1400.9703369140625
0.922440479,1760031249.040440479,/studio/rotor_avg_rpm.mean_rpm,1402.4888000488281
0.9224566350000001,1760031249.040456635,/studio/rotor_avg_rpm.mean_rpm,1393.4828491210938
0.9224752450000001,1760031249.040475245,/studio/rotor_avg_rpm.mean_rpm,1392.7498168945312
0.9288559900000001,1760031249.046855990,/studio/rotor_avg_rpm.mean_rpm,1395.0012817382812
0.9288820000000001,1760031249.046882000,/studio/rotor_avg_rpm.mean_rpm,1400.9703369140625
0.9288996340000001,1760031249.046899634,/studio/rotor_avg_rpm.mean_rpm,1396.100830078125
0.928910655,1760031249.046910655,/studio/rotor_avg_rpm.mean_rpm,1406.2063293457031
0.9290071820000001,1760031249.047007182,/studio/rotor_avg_rpm.mean_rpm,1402.4625854492188
0.9381976470000001,1760031249.056197647,/studio/rotor_avg_rpm.mean_rpm,1401.363037109375
0.938207534,1760031249.056207534,/studio/rotor_avg_rpm.mean_rpm,1395.0012817382812
0.93830108,1760031249.056301080,/studio/rotor_avg_rpm.mean_rpm,1391.2575378417969
0.9383657460000001,1760031249.056365746,/studio/rotor_avg_rpm.mean_rpm,1390.1318054199219
0.938468069,1760031249.056468069,/studio/rotor_avg_rpm.mean_rpm,1394.9751281738281
0.9384786850000001,1760031249.056478685,/studio/rotor_avg_rpm.mean_rpm,1396.8338928222656
0.9385327510000001,1760031249.056532751,/studio/rotor_avg_rpm.mean_rpm,1394.5823974609375
0.9543784260000001,1760031249.072378426,/studio/rotor_avg_rpm.mean_rpm,1400.9703369140625
0.9543899800000001,1760031249.072389980,/studio/rotor_avg_rpm.mean_rpm,1402.0698852539062
0.954506005,1760031249.072506005,/studio/rotor_avg_rpm.mean_rpm,1399.4518737792969
0.9545303650000001,1760031249.072530365,/studio/rotor_avg_rpm.mean_rpm,1397.2265625
0.954556558,1760031249.072556558,/studio/rotor_avg_rpm.mean_rpm,1393.849365234375
0.954571487,1760031249.072571487,/studio/rotor_avg_rpm.mean_rpm,1399.8446044921875
0.9545858450000001,1760031249.072585845,/studio/rotor_avg_rpm.mean_rpm,1396.100830078125
0.954598205,1760031249.072598205,/studio/rotor_avg_rpm.mean_rpm,1400.57763671875
0.954608702,1760031249.072608702,/studio/rotor_avg_rpm.mean_rpm,1402.8291320800781
0.9546168970000001,1760031249.072616897,/studio/rotor_avg_rpm.mean_rpm,1408.0389099121094
0.954740424,1760031249.072740424,/studio/rotor_avg_rpm.mean_rpm,1396.4935607910156
0.9547815180000001,1760031249.072781518,/studio/rotor_avg_rpm.mean_rpm,1392.7498168945312
0.954799002,1760031249.072799002,/studio/rotor_avg_rpm.mean_rpm,1400.6038208007812
0.954816034,1760031249.072816034,/studio/rotor_avg_rpm.mean_rpm,1393.4828796386719
0.9548380430000001,1760031249.072838043,/studio/rotor_avg_rpm.mean_rpm,1400.2111206054688
0.9548540040000001,1760031249.072854004,/studio/rotor_avg_rpm.mean_rpm,1404.7140808105469
0.954863695,1760031249.072863695,/studio/rotor_avg_rpm.mean_rpm,1406.9393920898438
0.962380136,1760031249.080380136,/studio/rotor_avg_rpm.mean_rpm,1400.5776672363281
0.962428155,1760031249.080428155,/studio/rotor_avg_rpm.mean_rpm,1394.97509765625
0.962446876,1760031249.080446876,/studio/rotor_avg_rpm.mean_rpm,1407.3058776855469
0.9624677210000001,1760031249.080467721,/studio/rotor_avg_rpm.mean_rpm,1406.2063293457031
0.9624892420000001,1760031249.080489242,/studio/rotor_avg_rpm.mean_rpm,1408.4316101074219
0.962543299,1760031249.080543299,/studio/rotor_avg_rpm.mean_rpm,1402.4625854492188
0.962547456,1760031249.080547456,/studio/rotor_avg_rpm.mean_rpm,1407.305908203125
0.962571916,1760031249.080571916,/studio/rotor_avg_rpm.mean_rpm,1406.2063598632812
0.9625907440000001,1760031249.080590744,/studio/rotor_avg_rpm.mean_rpm,1407.3320617675781
0.962596332,1760031249.080596332,/studio/rotor_avg_rpm.mean_rpm,1411.8088684082031
0.962601582,1760031249.080601582,/studio/rotor_avg_rpm.mean_rpm,1410.3166198730469
0.99446308,1760031249.112463080,/studio/rotor_avg_rpm.mean_rpm,1416.6783447265625
0.994477499,1760031249.112477499,/studio/rotor_avg_rpm.mean_rpm,1408.0651245117188
0.9944833670000001,1760031249.112483367,/studio/rotor_avg_rpm.mean_rpm,1407.3058776855469
0.994487077,1760031249.112487077,/studio/rotor_avg_rpm.mean_rpm,1413.3011169433594
0.9944916100000001,1760031249.112491610,/studio/rotor_avg_rpm.mean_rpm,1414.7933654785156
0.9945003520000001,1760031249.112500352,/studio/rotor_avg_rpm.mean_rpm,1406.1801452636719
0.9945094990000001,1760031249.112509499,/studio/rotor_avg_rpm.mean_rpm,1411.808837890625
0.9945199960000001,1760031249.112519996,/studio/rotor_avg_rpm.mean_rpm,1413.69384765625
0.9945234300000001,1760031249.112523430,/studio/rotor_avg_rpm.mean_rpm,1412.5418701171875
0.9945285300000001,1760031249.112528530,/studio/rotor_avg_rpm.mean_rpm,1406.2063598632812
0.9945326860000001,1760031249.112532686,/studio/rotor_avg_rpm.mean_rpm,1414.0079650878906
0.994537804,1760031249.112537804,/studio/rotor_avg_rpm.mean_rpm,1418.5109252929688
0.9945438790000001,1760031249.112543879,/studio/rotor_avg_rpm.mean_rpm,1416.2856140136719
0.994555811,1760031249.112555811,/studio/rotor_avg_rpm.mean_rpm,1417.0448608398438
0.994586811,1760031249.112586811,/studio/rotor_avg_rpm.mean_rpm,1418.1705932617188
0.9945906880000001,1760031249.112590688,/studio/rotor_avg_rpm.mean_rpm,1429.7683715820312
0.994593782,1760031249.112593782,/studio/rotor_avg_rpm.mean_rpm,1411.0496215820312
0.9945964450000001,1760031249.112596445,/studio/rotor_avg_rpm.mean_rpm,1415.9191284179688
0.9945990020000001,1760031249.112599002,/studio/rotor_avg_rpm.mean_rpm,1416.2856140136719
0.9946769630000001,1760031249.112676963,/studio/rotor_avg_rpm.mean_rpm,1416.6521606445312
0.9946822700000001,1760031249.112682270,/studio/rotor_avg_rpm.mean_rpm,1416.6521606445312
0.9946864470000001,1760031249.112686447,/studio/rotor_avg_rpm.mean_rpm,1415.9191284179688
1.001062056,1760031249.119062056,/studio/rotor_avg_rpm.mean_rpm,1424.925048828125
1.001069562,1760031249.119069562,/studio/rotor_avg_rpm.mean_rpm,1424.1134338378906
1.001076292,1760031249.119076292,/studio/rotor_avg_rpm.mean_rpm,1422.2808532714844
1.001084142,1760031249.119084142,/studio/rotor_avg_rpm.mean_rpm,1423.7731323242188
1.001089237,1760031249.119089237,/studio/rotor_avg_rpm.mean_rpm,1421.1289367675781
1.0010944,1760031249.119094400,/studio/rotor_avg_rpm.mean_rpm,1423.7731018066406
1.00110048,1760031249.119100480,/studio/rotor_avg_rpm.mean_rpm,1430.5013732910156
1.001104611,1760031249.119104611,/studio/rotor_avg_rpm.mean_rpm,1424.1396179199219
1.001113717,1760031249.119113717,/studio/rotor_avg_rpm.mean_rpm,1423.4065856933594
1.001121851,1760031249.119121851,/studio/rotor_avg_rpm.mean_rpm,1419.2701721191406
1.00113114,1760031249.119131140,/studio/rotor_avg_rpm.mean_rpm,1426.3649291992188
1.001137373,1760031249.119137373,/studio/rotor_avg_rpm.mean_rpm,1431.6271057128906
1.001142764,1760031249.119142764,/studio/rotor_avg_rpm.mean_rpm,1424.5061645507812
1.001154523,1760031249.119154523,/studio/rotor_avg_rpm.mean_rpm,1424.1396484375
1.009746864,1760031249.127746864,/studio/rotor_avg_rpm.mean_rpm,1424.5061340332031
1.009750845,1760031249.127750845,/studio/rotor_avg_rpm.mean_rpm,1427.8833618164062
1.009756073,1760031249.127756073,/studio/rotor_avg_rpm.mean_rpm,1426.7838134765625
1.009760101,1760031249.127760101,/studio/rotor_avg_rpm.mean_rpm,1432.3601684570312
1.009768097,1760031249.127768097,/studio/rotor_avg_rpm.mean_rpm,1431.6271362304688
1.009771184,1760031249.127771184,/studio/rotor_avg_rpm.mean_rpm,1431.2605895996094
1.009776384,1760031249.127776384,/studio/rotor_avg_rpm.mean_rpm,1424.5061645507812
1.009783035,1760031249.127783035,/studio/rotor_avg_rpm.mean_rpm,1428.2499084472656
1.009787341,1760031249.127787341,/studio/rotor_avg_rpm.mean_rpm,1427.8833312988281
1.009792462,1760031249.127792462,/studio/rotor_avg_rpm.mean_rpm,1433.8786010742188
1.009796748,1760031249.127796748,/studio/rotor_avg_rpm.mean_rpm,1425.265380859375
1.009808279,1760031249.127808279,/studio/rotor_avg_rpm.mean_rpm,1425.2915649414062
1.017569307,1760031249.135569307,/studio/rotor_avg_rpm.mean_rpm,1426.0245971679688
1.017584224,1760031249.135584224,/studio/rotor_avg_rpm.mean_rpm,1426.0246276855469
1.017599757,1760031249.135599757,/studio/rotor_avg_rpm.mean_rpm,1427.5168762207031
1.017627852,1760031249.135627852,/studio/rotor_avg_rpm.mean_rpm,1432.3601684570312
1.01764486,1760031249.135644860,/studio/rotor_avg_rpm.mean_rpm,1436.4704284667969
1.017657226,1760031249.135657226,/studio/rotor_avg_rpm.mean_rpm,1430.8417053222656
1.017689734,1760031249.135689734,/studio/rotor_avg_rpm.mean_rpm,1434.2189331054688
1.0177412239999999,1760031249.135741224,/studio/rotor_avg_rpm.mean_rpm,1431.2606201171875
1.021207043,1760031249.139207043,/studio/rotor_avg_rpm.mean_rpm,1435.3446960449219
1.021219223,1760031249.139219223,/studio/rotor_avg_rpm.mean_rpm,1432.7528381347656
1.021252727,1760031249.139252727,/studio/rotor_avg_rpm.mean_rpm,1433.1193542480469
1.025307267,1760031249.143307267,/studio/rotor_avg_rpm.mean_rpm,1433.4596862792969
1.025311356,1760031249.143311356,/studio/rotor_avg_rpm.mean_rpm,1433.459716796875
1.025316889,1760031249.143316889,/studio/rotor_avg_rpm.mean_rpm,1440.2141723632812
1.025326496,1760031249.143326496,/studio/rotor_avg_rpm.mean_rpm,1439.0884399414062
1.025368194,1760031249.143368194,/studio/rotor_avg_rpm.mean_rpm,1440.2141723632812
1.029894803,1760031249.147894803,/studio/rotor_avg_rpm.mean_rpm,1433.4858703613281
1.029900163,1760031249.147900163,/studio/rotor_avg_rpm.mean_rpm,1435.3708801269531
1.029903652,1760031249.147903652,/studio/rotor_avg_rpm.mean_rpm,1437.2296142578125
1.02991428,1760031249.147914280,/studio/rotor_avg_rpm.mean_rpm,1440.973388671875
1.033203599,1760031249.151203599,/studio/rotor_avg_rpm.mean_rpm,1433.4859008789062
1.033218327,1760031249.151218327,/studio/rotor_avg_rpm.mean_rpm,1438.3291931152344
1.033223213,1760031249.151223213,/studio/rotor_avg_rpm.mean_rpm,1437.9626770019531
1.033227154,1760031249.151227154,/studio/rotor_avg_rpm.mean_rpm,1440.9472045898438
1.040293957,1760031249.158293957,/studio/rotor_avg_rpm.mean_rpm,1436.4704284667969
1.040313591,1760031249.158313591,/studio/rotor_avg_rpm.mean_rpm,1437.2296447753906
1.040331052,1760031249.158331052,/studio/rotor_avg_rpm.mean_rpm,1434.6116333007812
1.040337031,1760031249.158337031,/studio/rotor_avg_rpm.mean_rpm,1435.0043640136719
1.044039909,1760031249.162039909,/studio/rotor_avg_rpm.mean_rpm,1429.3756103515625
1.044045492,1760031249.162045492,/studio/rotor_avg_rpm.mean_rpm,1433.8524169921875
1.044049135,1760031249.162049135,/studio/rotor_avg_rpm.mean_rpm,1436.8369445800781
1.044079539,1760031249.162079539,/studio/rotor_avg_rpm.mean_rpm,1434.2713012695312
1.044085006,1760031249.162085006,/studio/rotor_avg_rpm.mean_rpm,1430.1086730957031
1.044091125,1760031249.162091125,/studio/rotor_avg_rpm.mean_rpm,1429.7683410644531
1.047523843,1760031249.165523843,/studio/rotor_avg_rpm.mean_rpm,1435.370849609375
1.047533716,1760031249.165533716,/studio/rotor_avg_rpm.mean_rpm,1426.7314453125
1.047540787,1760031249.165540787,/studio/rotor_avg_rpm.mean_rpm,1433.1194152832031
1.047545614,1760031249.165545614,/studio/rotor_avg_rpm.mean_rpm,1428.9829406738281
1.051405997,1760031249.169405997,/studio/rotor_avg_rpm.mean_rpm,1434.58544921875
1.051408749,1760031249.169408749,/studio/rotor_avg_rpm.mean_rpm,1430.8940734863281
1.051422531,1760031249.169422531,/studio/rotor_avg_rpm.mean_rpm,1431.6009216308594
1.051425406,1760031249.169425406,/studio/rotor_avg_rpm.mean_rpm,1424.1396484375
1.055861634,1760031249.173861634,/studio/rotor_avg_rpm.mean_rpm,1430.4751586914062
1.055865388,1760031249.173865388,/studio/rotor_avg_rpm.mean_rpm,1432.3601684570312
1.055873571,1760031249.173873571,/studio/rotor_avg_rpm.mean_rpm,1442.439453125
1.0558836,1760031249.173883600,/studio/rotor_avg_rpm.mean_rpm,1423.7731018066406
1.060580664,1760031249.178580664,/studio/rotor_avg_rpm.mean_rpm,1431.99365234375
1.060597874,1760031249.178597874,/studio/rotor_avg_rpm.mean_rpm,1432.3863220214844
1.060622564,1760031249.178622564,/studio/rotor_avg_rpm.mean_rpm,1440.9472045898438
1.060655534,1760031249.178655534,/studio/rotor_avg_rpm.mean_rpm,1439.4549560546875
1.060671569,1760031249.178671569,/studio/rotor_avg_rpm.mean_rpm,1433.0932006835938
1.067112186,1760031249.185112186,/studio/rotor_avg_rpm.mean_rpm,1431.9674377441406
1.06715458,1760031249.185154580,/studio/rotor_avg_rpm.mean_rpm,1436.8369140625
1.067179176,1760031249.185179176,/studio/rotor_avg_rpm.mean_rpm,1428.2499084472656
1.067383795,1760031249.185383795,/studio/rotor_avg_rpm.mean_rpm,1436.1039123535156
1.073196619,1760031249.191196619,/studio/rotor_avg_rpm.mean_rpm,1431.6009521484375
1.073213438,1760031249.191213438,/studio/rotor_avg_rpm.mean_rpm,1429.0091247558594
1.073222855,1760031249.191222855,/studio/rotor_avg_rpm.mean_rpm,1434.2189331054688
1.073262405,1760031249.191262405,/studio/rotor_avg_rpm.mean_rpm,1427.8572082519531
1.073275821,1760031249.191275821,/studio/rotor_avg_rpm.mean_rpm,1439.0884094238281
1.073288307,1760031249.191288307,/studio/rotor_avg_rpm.mean_rpm,1436.0776977539062
1.081864605,1760031249.199864605,/studio/rotor_avg_rpm.mean_rpm,1434.6378173828125
1.081883868,1760031249.199883868,/studio/rotor_avg_rpm.mean_rpm,1429.0090942382812
1.082597974,1760031249.200597974,/studio/rotor_avg_rpm.mean_rpm,1440.2403259277344
1.082684351,1760031249.200684351,/studio/rotor_avg_rpm.mean_rpm,1440.5806579589844
1.082711213,1760031249.200711213,/studio/rotor_avg_rpm.mean_rpm,1439.0884094238281
1.082729001,1760031249.200729001,/studio/rotor_avg_rpm.mean_rpm,1437.5961608886719
1.082768361,1760031249.200768361,/studio/rotor_avg_rpm.mean_rpm,1443.1986694335938
1.082790062,1760031249.200790062,/studio/rotor_avg_rpm.mean_rpm,1432.3601379394531
1.104601847,1760031249.222601847,/studio/rotor_avg_rpm.mean_rpm,1437.5961608886719
1.104623521,1760031249.222623521,/studio/rotor_avg_rpm.mean_rpm,1435.3446960449219
1.104636254,1760031249.222636254,/studio/rotor_avg_rpm.mean_rpm,1433.8523864746094
1.104649316,1760031249.222649316,/studio/rotor_avg_rpm.mean_rpm,1435.370849609375
1.104716617,1760031249.222716617,/studio/rotor_avg_rpm.mean_rpm,1442.0729370117188
1.104774254,1760031249.222774254,/studio/rotor_avg_rpm.mean_rpm,1438.7218933105469
1.104789263,1760031249.222789263,/studio/rotor_avg_rpm.mean_rpm,1445.0836486816406
1.104802817,1760031249.222802817,/studio/rotor_avg_rpm.mean_rpm,1436.8630981445312
1.104831707,1760031249.222831707,/studio/rotor_avg_rpm.mean_rpm,1439.8475952148438
1.104876936,1760031249.222876936,/studio/rotor_avg_rpm.mean_rpm,1436.1039123535156
1.104894542,1760031249.222894542,/studio/rotor_avg_rpm.mean_rpm,1439.0884094238281
1.104985266,1760031249.222985266,/studio/rotor_avg_rpm.mean_rpm,1437.2296142578125
1.105007844,1760031249.223007844,/studio/rotor_avg_rpm.mean_rpm,1444.7171325683594
1.105030701,1760031249.223030701,/studio/rotor_avg_rpm.mean_rpm,1441.7325744628906
1.105045556,1760031249.223045556,/studio/rotor_avg_rpm.mean_rpm,1439.4549255371094
1.105065129,1760031249.223065129,/studio/rotor_avg_rpm.mean_rpm,1445.4501342773438
1.105095246,1760031249.223095246,/studio/rotor_avg_rpm.mean_rpm,1436.49658203125
1.105110281,1760031249.223110281,/studio/rotor_avg_rpm.mean_rpm,1430.1086730957031
1.10512901,1760031249.223129010,/studio/rotor_avg_rpm.mean_rpm,1435.7373657226562
1.105142211,1760031249.223142211,/studio/rotor_avg_rpm.mean_rpm,1438.7218627929688
1.105166119,1760031249.223166119,/studio/rotor_avg_rpm.mean_rpm,1435.3446655273438
1.105180725,1760031249.223180725,/studio/rotor_avg_rpm.mean_rpm,1434.9781494140625
1.105197015,1760031249.223197015,/studio/rotor_avg_rpm.mean_rpm,1436.1039123535156
1.105213843,1760031249.223213843,/studio/rotor_avg_rpm.mean_rpm,1438.7218627929688
1.105224311,1760031249.223224311,/studio/rotor_avg_rpm.mean_rpm,1428.98291015625
1.110282931,1760031249.228282931,/studio/rotor_avg_rpm.mean_rpm,1438.3291931152344
1.110298053,1760031249.228298053,/studio/rotor_avg_rpm.mean_rpm,1434.9781494140625
1.110312513,1760031249.228312513,/studio/rotor_avg_rpm.mean_rpm,1441.7064208984375
1.110325184,1760031249.228325184,/studio/rotor_avg_rpm.mean_rpm,1436.8631286621094
1.110342757,1760031249.228342757,/studio/rotor_avg_rpm.mean_rpm,1437.962646484375
1.131194663,1760031249.249194663,/studio/rotor_avg_rpm.mean_rpm,1447.3351440429688
1.131197865,1760031249.249197865,/studio/rotor_avg_rpm.mean_rpm,1432.7266845703125
1.131226571,1760031249.249226571,/studio/rotor_avg_rpm.mean_rpm,1435.3708801269531
1.131233065,1760031249.249233065,/studio/rotor_avg_rpm.mean_rpm,1437.2034606933594
1.1312411,1760031249.249241100,/studio/rotor_avg_rpm.mean_rpm,1441.3399047851562
1.131246516,1760031249.249246516,/studio/rotor_avg_rpm.mean_rpm,1437.962646484375
1.131250245,1760031249.249250245,/studio/rotor_avg_rpm.mean_rpm,1441.3399047851562
1.131253875,1760031249.249253875,/studio/rotor_avg_rpm.mean_rpm,1439.8476257324219
1.131257895,1760031249.249257895,/studio/rotor_avg_rpm.mean_rpm,1436.8631286621094
1.131272576,1760031249.249272576,/studio/rotor_avg_rpm.mean_rpm,1438.7218933105469
1.134975,1760031249.252975000,/studio/rotor_avg_rpm.mean_rpm,1439.4549255371094
1.134979396,1760031249.252979396,/studio/rotor_avg_rpm.mean_rpm,1444.7171325683594
1.134983161,1760031249.252983161,/studio/rotor_avg_rpm.mean_rpm,1436.8631286621094
1.134987376,1760031249.252987376,/studio/rotor_avg_rpm.mean_rpm,1439.4811096191406
1.134991038,1760031249.252991038,/studio/rotor_avg_rpm.mean_rpm,1439.0884399414062
1.135001451,1760031249.253001451,/studio/rotor_avg_rpm.mean_rpm,1437.5961608886719
1.135007176,1760031249.253007176,/studio/rotor_avg_rpm.mean_rpm,1441.7325744628906
1.135011642,1760031249.253011642,/studio/rotor_avg_rpm.mean_rpm,1437.2296142578125
1.135017082,1760031249.253017082,/studio/rotor_avg_rpm.mean_rpm,1445.4763488769531
1.135020149,1760031249.253020149,/studio/rotor_avg_rpm.mean_rpm,1440.5806579589844
1.135027307,1760031249.253027307,/studio/rotor_avg_rpm.mean_rpm,1446.2093811035156
1.13503296,1760031249.253032960,/studio/rotor_avg_rpm.mean_rpm,1446.1831970214844
1.13504713,1760031249.253047130,/studio/rotor_avg_rpm.mean_rpm,1443.565185546875
1.135074548,1760031249.253074548,/studio/rotor_avg_rpm.mean_rpm,1445.816650390625
1.135077967,1760031249.253077967,/studio/rotor_avg_rpm.mean_rpm,1440.973388671875
1.135092094,1760031249.253092094,/studio/rotor_avg_rpm.mean_rpm,1442.4656066894531
1.167655444,1760031249.285655444,/studio/rotor_avg_rpm.mean_rpm,1442.0991516113281
1.167668401,1760031249.285668401,/studio/rotor_avg_rpm.mean_rpm,1449.1938781738281
1.167685656,1760031249.285685656,/studio/rotor_avg_rpm.mean_rpm,1445.0836486816406
1.167701509,1760031249.285701509,/studio/rotor_avg_rpm.mean_rpm,1444.7171020507812
1.167745009,1760031249.285745009,/studio/rotor_avg_rpm.mean_rpm,1440.973388671875
1.167761284,1760031249.285761284,/studio/rotor_avg_rpm.mean_rpm,1442.8321533203125
1.167773621,1760031249.285773621,/studio/rotor_avg_rpm.mean_rpm,1444.7171020507812
1.167800449,1760031249.285800449,/studio/rotor_avg_rpm.mean_rpm,1436.8631286621094
1.167814437,1760031249.285814437,/studio/rotor_avg_rpm.mean_rpm,1449.1938781738281
1.167824532,1760031249.285824532,/studio/rotor_avg_rpm.mean_rpm,1443.9579162597656
1.167930936,1760031249.285930936,/studio/rotor_avg_rpm.mean_rpm,1444.3505859375
1.167951955,1760031249.285951955,/studio/rotor_avg_rpm.mean_rpm,1442.4656372070312
1.167994986,1760031249.285994986,/studio/rotor_avg_rpm.mean_rpm,1443.5914001464844
1.16800619,1760031249.286006190,/studio/rotor_avg_rpm.mean_rpm,1437.5961608886719
1.168028643,1760031249.286028643,/studio/rotor_avg_rpm.mean_rpm,1438.7218933105469
1.168091504,1760031249.286091504,/studio/rotor_avg_rpm.mean_rpm,1439.8476257324219
1.168111029,1760031249.286111029,/studio/rotor_avg_rpm.mean_rpm,1436.4966125488281
1.168215559,1760031249.286215559,/studio/rotor_avg_rpm.mean_rpm,1433.5120849609375
1.168310736,1760031249.286310736,/studio/rotor_avg_rpm.mean_rpm,1437.9888916015625
1.168330862,1760031249.286330862,/studio/rotor_avg_rpm.mean_rpm,1442.4656372070312
1.168350501,1760031249.286350501,/studio/rotor_avg_rpm.mean_rpm,1434.2451477050781
1.175963787,1760031249.293963787,/studio/rotor_avg_rpm.mean_rpm,1442.8321838378906
1.175978401,1760031249.293978401,/studio/rotor_avg_rpm.mean_rpm,1440.9472045898438
1.175989133,1760031249.293989133,/studio/rotor_avg_rpm.mean_rpm,1437.255859375
1.176009002,1760031249.294009002,/studio/rotor_avg_rpm.mean_rpm,1444.3244018554688
1.176024472,1760031249.294024472,/studio/rotor_avg_rpm.mean_rpm,1446.9424133300781
1.176048425,1760031249.294048425,/studio/rotor_avg_rpm.mean_rpm,1437.2296142578125
1.176067334,1760031249.294067334,/studio/rotor_avg_rpm.mean_rpm,1442.0729370117188
1.176081552,1760031249.294081552,/studio/rotor_avg_rpm.mean_rpm,1437.5961608886719
1.17609207,1760031249.294092070,/studio/rotor_avg_rpm.mean_rpm,1439.4811401367188
1.176187659,1760031249.294187659,/studio/rotor_avg_rpm.mean_rpm,1441.7064208984375
1.176206067,1760031249.294206067,/studio/rotor_avg_rpm.mean_rpm,1444.3244323730469
1.176219336,1760031249.294219336,/studio/rotor_avg_rpm.mean_rpm,1437.5961608886719
1.176241897,1760031249.294241897,/studio/rotor_avg_rpm.mean_rpm,1436.8369445800781
1.1762524810000001,1760031249.294252481,/studio/rotor_avg_rpm.mean_rpm,1443.5913696289062
1.176274555,1760031249.294274555,/studio/rotor_avg_rpm.mean_rpm,1450.29345703125
1.181332661,1760031249.299332661,/studio/rotor_avg_rpm.mean_rpm,1442.8321533203125
1.18137151,1760031249.299371510,/studio/rotor_avg_rpm.mean_rpm,1450.3196411132812
1.181390776,1760031249.299390776,/studio/rotor_avg_rpm.mean_rpm,1449.5604248046875
1.181402809,1760031249.299402809,/studio/rotor_avg_rpm.mean_rpm,1451.4453735351562
1.181419477,1760031249.299419477,/studio/rotor_avg_rpm.mean_rpm,1440.2141723632812
1.181451424,1760031249.299451424,/studio/rotor_avg_rpm.mean_rpm,1449.953125
1.181466229,1760031249.299466229,/studio/rotor_avg_rpm.mean_rpm,1451.0526733398438
1.181539397,1760031249.299539397,/studio/rotor_avg_rpm.mean_rpm,1450.7123413085938
1.181554725,1760031249.299554725,/studio/rotor_avg_rpm.mean_rpm,1455.1891174316406
1.23792005,1760031249.355920050,/studio/rotor_avg_rpm.mean_rpm,1454.4299011230469
1.237933672,1760031249.355933672,/studio/rotor_avg_rpm.mean_rpm,1443.1986999511719
1.23794296,1760031249.355942960,/studio/rotor_avg_rpm.mean_rpm,1444.3506164550781
1.237953741,1760031249.355953741,/studio/rotor_avg_rpm.mean_rpm,1443.5914001464844
1.2379650070000001,1760031249.355965007,/studio/rotor_avg_rpm.mean_rpm,1446.2093811035156
1.237976982,1760031249.355976982,/studio/rotor_avg_rpm.mean_rpm,1452.9114379882812
1.237992111,1760031249.355992111,/studio/rotor_avg_rpm.mean_rpm,1449.5603942871094
1.238000642,1760031249.356000642,/studio/rotor_avg_rpm.mean_rpm,1452.1784057617188
1.238048313,1760031249.356048313,/studio/rotor_avg_rpm.mean_rpm,1450.6861572265625
1.23805862,1760031249.356058620,/studio/rotor_avg_rpm.mean_rpm,1446.2093505859375
1.238068302,1760031249.356068302,/studio/rotor_avg_rpm.mean_rpm,1448.8012084960938
1.238085956,1760031249.356085956,/studio/rotor_avg_rpm.mean_rpm,1444.3244018554688
1.23809476,1760031249.356094760,/studio/rotor_avg_rpm.mean_rpm,1446.5758972167969
1.238105244,1760031249.356105244,/studio/rotor_avg_rpm.mean_rpm,1455.5556335449219
1.2381340490000001,1760031249.356134049,/studio/rotor_avg_rpm.mean_rpm,1454.4299011230469
1.23814151,1760031249.356141510,/studio/rotor_avg_rpm.mean_rpm,1452.2046203613281
1.238148913,1760031249.356148913,/studio/rotor_avg_rpm.mean_rpm,1452.1784362792969
1.238157919,1760031249.356157919,/studio/rotor_avg_rpm.mean_rpm,1451.8118896484375
1.238211891,1760031249.356211891,/studio/rotor_avg_rpm.mean_rpm,1446.2355651855469
1.238226614,1760031249.356226614,/studio/rotor_avg_rpm.mean_rpm,1446.5758972167969
1.23827139,1760031249.356271390,/studio/rotor_avg_rpm.mean_rpm,1444.3506164550781
1.238285301,1760031249.356285301,/studio/rotor_avg_rpm.mean_rpm,1446.575927734375
1.238297903,1760031249.356297903,/studio/rotor_avg_rpm.mean_rpm,1445.8428344726562
1.2383119470000001,1760031249.356311947,/studio/rotor_avg_rpm.mean_rpm,1445.0836486816406
1.238332877,1760031249.356332877,/studio/rotor_avg_rpm.mean_rpm,1446.6020812988281
1.2383485730000001,1760031249.356348573,/studio/rotor_avg_rpm.mean_rpm,1444.3506164550781
1.238366719,1760031249.356366719,/studio/rotor_avg_rpm.mean_rpm,1449.9531555175781
1.238382278,1760031249.356382278,/studio/rotor_avg_rpm.mean_rpm,1448.4608764648438
1.238437011,1760031249.356437011,/studio/rotor_avg_rpm.mean_rpm,1452.9376525878906
1.238446887,1760031249.356446887,/studio/rotor_avg_rpm.mean_rpm,1448.4346618652344
1.238464519,1760031249.356464519,/studio/rotor_avg_rpm.mean_rpm,1449.9269409179688
1.238472445,1760031249.356472445,/studio/rotor_avg_rpm.mean_rpm,1455.5556335449219
1.238488876,1760031249.356488876,/studio/rotor_avg_rpm.mean_rpm,1446.9685974121094
1.238496612,1760031249.356496612,/studio/rotor_avg_rpm.mean_rpm,1460.39892578125
1.238523504,1760031249.356523504,/studio/rotor_avg_rpm.mean_rpm,1450.6861877441406
1.238531517,1760031249.356531517,/studio/rotor_avg_rpm.mean_rpm,1452.5711364746094
1.238640245,1760031249.356640245,/studio/rotor_avg_rpm.mean_rpm,1452.1784057617188
1.238661042,1760031249.356661042,/studio/rotor_avg_rpm.mean_rpm,1450.3196105957031
1.238675781,1760031249.356675781,/studio/rotor_avg_rpm.mean_rpm,1450.6861572265625
1.238695648,1760031249.356695648,/studio/rotor_avg_rpm.mean_rpm,1447.7278442382812
1.238704464,1760031249.356704464,/studio/rotor_avg_rpm.mean_rpm,1454.0633850097656
1.241234993,1760031249.359234993,/studio/rotor_avg_rpm.mean_rpm,1459.2993774414062
1.24125019,1760031249.359250190,/studio/rotor_avg_rpm.mean_rpm,1454.0633544921875
1.241259116,1760031249.359259116,/studio/rotor_avg_rpm.mean_rpm,1452.9638061523438
1.241272032,1760031249.359272032,/studio/rotor_avg_rpm.mean_rpm,1453.3041687011719
1.241293098,1760031249.359293098,/studio/rotor_avg_rpm.mean_rpm,1456.6813659667969
1.241321822,1760031249.359321822,/studio/rotor_avg_rpm.mean_rpm,1457.0740966796875
1.241432378,1760031249.359432378,/studio/rotor_avg_rpm.mean_rpm,1448.0681762695312
1.241447078,1760031249.359447078,/studio/rotor_avg_rpm.mean_rpm,1453.3041381835938
1.24149716,1760031249.359497160,/studio/rotor_avg_rpm.mean_rpm,1463.776123046875
1.241508062,1760031249.359508062,/studio/rotor_avg_rpm.mean_rpm,1454.0633850097656
1.24151627,1760031249.359516270,/studio/rotor_avg_rpm.mean_rpm,1458.1736450195312
1.241563765,1760031249.359563765,/studio/rotor_avg_rpm.mean_rpm,1460.0324096679688
1.241582416,1760031249.359582416,/studio/rotor_avg_rpm.mean_rpm,1452.1784362792969
1.241600899,1760031249.359600899,/studio/rotor_avg_rpm.mean_rpm,1458.1736145019531
1.241623136,1760031249.359623136,/studio/rotor_avg_rpm.mean_rpm,1456.681396484375
1.241628727,1760031249.359628727,/studio/rotor_avg_rpm.mean_rpm,1457.80712890625
1.241632192,1760031249.359632192,/studio/rotor_avg_rpm.mean_rpm,1454.7964172363281
1.245852268,1760031249.363852268,/studio/rotor_avg_rpm.mean_rpm,1457.7809448242188
1.245856212,1760031249.363856212,/studio/rotor_avg_rpm.mean_rpm,1451.8118896484375
1.245861249,1760031249.363861249,/studio/rotor_avg_rpm.mean_rpm,1447.3351440429688
1.245866488,1760031249.363866488,/studio/rotor_avg_rpm.mean_rpm,1455.1891174316406
1.245873721,1760031249.363873721,/studio/rotor_avg_rpm.mean_rpm,1461.1581420898438
1.245879524,1760031249.363879524,/studio/rotor_avg_rpm.mean_rpm,1447.3351135253906
1.245883091,1760031249.363883091,/studio/rotor_avg_rpm.mean_rpm,1456.3148803710938
1.251906859,1760031249.369906859,/studio/rotor_avg_rpm.mean_rpm,1448.8273620605469
1.251912191,1760031249.369912191,/studio/rotor_avg_rpm.mean_rpm,1451.7856750488281
1.251915584,1760031249.369915584,/studio/rotor_avg_rpm.mean_rpm,1454.4298706054688
1.251918211,1760031249.369918211,/studio/rotor_avg_rpm.mean_rpm,1451.078857421875
1.251933417,1760031249.369933417,/studio/rotor_avg_rpm.mean_rpm,1460.7916564941406
1.251941771,1760031249.369941771,/studio/rotor_avg_rpm.mean_rpm,1452.9638061523438
1.251951218,1760031249.369951218,/studio/rotor_avg_rpm.mean_rpm,1454.0633850097656
1.256844612,1760031249.374844612,/studio/rotor_avg_rpm.mean_rpm,1445.8428344726562
1.256846929,1760031249.374846929,/studio/rotor_avg_rpm.mean_rpm,1445.1098327636719
1.2568504950000001,1760031249.374850495,/studio/rotor_avg_rpm.mean_rpm,1450.3458251953125
1.256856364,1760031249.374856364,/studio/rotor_avg_rpm.mean_rpm,1450.3196105957031
1.260737619,1760031249.378737619,/studio/rotor_avg_rpm.mean_rpm,1446.2355346679688
1.260741277,1760031249.378741277,/studio/rotor_avg_rpm.mean_rpm,1450.3458251953125
1.260762577,1760031249.378762577,/studio/rotor_avg_rpm.mean_rpm,1450.6861572265625
1.260779678,1760031249.378779678,/studio/rotor_avg_rpm.mean_rpm,1451.4454040527344
1.265338767,1760031249.383338767,/studio/rotor_avg_rpm.mean_rpm,1449.1938781738281
1.2653464300000001,1760031249.383346430,/studio/rotor_avg_rpm.mean_rpm,1455.5556335449219
1.2653521030000001,1760031249.383352103,/studio/rotor_avg_rpm.mean_rpm,1450.3457946777344
1.2653757620000001,1760031249.383375762,/studio/rotor_avg_rpm.mean_rpm,1453.330322265625
1.265384337,1760031249.383384337,/studio/rotor_avg_rpm.mean_rpm,1446.6020812988281
1.265391705,1760031249.383391705,/studio/rotor_avg_rpm.mean_rpm,1445.4763488769531
1.272632719,1760031249.390632719,/studio/rotor_avg_rpm.mean_rpm,1441.7326049804688
1.272642962,1760031249.390642962,/studio/rotor_avg_rpm.mean_rpm,1450.3458251953125
1.2726497,1760031249.390649700,/studio/rotor_avg_rpm.mean_rpm,1449.5866394042969
1.2726573860000001,1760031249.390657386,/studio/rotor_avg_rpm.mean_rpm,1450.3458251953125
1.272663064,1760031249.390663064,/studio/rotor_avg_rpm.mean_rpm,1445.4763793945312
1.27285256,1760031249.390852560,/studio/rotor_avg_rpm.mean_rpm,1439.8214416503906
1.279058237,1760031249.397058237,/studio/rotor_avg_rpm.mean_rpm,1449.2200927734375
1.279071533,1760031249.397071533,/studio/rotor_avg_rpm.mean_rpm,1436.8369140625
1.279082112,1760031249.397082112,/studio/rotor_avg_rpm.mean_rpm,1439.4549255371094
1.27916048,1760031249.397160480,/studio/rotor_avg_rpm.mean_rpm,1439.8738098144531
1.279178422,1760031249.397178422,/studio/rotor_avg_rpm.mean_rpm,1442.0729064941406
1.279186872,1760031249.397186872,/studio/rotor_avg_rpm.mean_rpm,1439.1145629882812
1.288503599,1760031249.406503599,/studio/rotor_avg_rpm.mean_rpm,1451.078857421875
1.288511441,1760031249.406511441,/studio/rotor_avg_rpm.mean_rpm,1439.0884094238281
1.288519591,1760031249.406519591,/studio/rotor_avg_rpm.mean_rpm,1446.9424133300781
1.288567778,1760031249.406567778,/studio/rotor_avg_rpm.mean_rpm,1449.1939086914062
1.288576093,1760031249.406576093,/studio/rotor_avg_rpm.mean_rpm,1446.1831665039062
1.288630175,1760031249.406630175,/studio/rotor_avg_rpm.mean_rpm,1445.0836486816406
1.2959073650000001,1760031249.413907365,/studio/rotor_avg_rpm.mean_rpm,1445.8166809082031
1.295941343,1760031249.413941343,/studio/rotor_avg_rpm.mean_rpm,1440.5806884765625
1.295956708,1760031249.413956708,/studio/rotor_avg_rpm.mean_rpm,1437.9888610839844
1.295968024,1760031249.413968024,/studio/rotor_avg_rpm.mean_rpm,1451.0527038574219
1.296163868,1760031249.414163868,/studio/rotor_avg_rpm.mean_rpm,1450.6861572265625
1.296181669,1760031249.414181669,/studio/rotor_avg_rpm.mean_rpm,1450.2934265136719
1.296215268,1760031249.414215268,/studio/rotor_avg_rpm.mean_rpm,1451.4191589355469
1.2963361899999999,1760031249.414336190,/studio/rotor_avg_rpm.mean_rpm,1452.9114685058594
1.296365044,1760031249.414365044,/studio/rotor_avg_rpm.mean_rpm,1445.8428649902344
1.296379972,1760031249.414379972,/studio/rotor_avg_rpm.mean_rpm,1446.5497131347656
1.349672599,1760031249.467672599,/studio/rotor_avg_rpm.mean_rpm,1447.3089294433594
1.349688751,1760031249.467688751,/studio/rotor_avg_rpm.mean_rpm,1446.6020812988281
1.349704865,1760031249.467704865,/studio/rotor_avg_rpm.mean_rpm,1455.9221496582031
1.349722997,1760031249.467722997,/studio/rotor_avg_rpm.mean_rpm,1451.419189453125
1.349733305,1760031249.467733305,/studio/rotor_avg_rpm.mean_rpm,1447.3089294433594
1.349752035,1760031249.467752035,/studio/rotor_avg_rpm.mean_rpm,1455.5556640625
1.349765995,1760031249.467765995,/studio/rotor_avg_rpm.mean_rpm,1448.8273620605469
1.349792346,1760031249.467792346,/studio/rotor_avg_rpm.mean_rpm,1451.8118896484375
1.349824471,1760031249.467824471,/studio/rotor_avg_rpm.mean_rpm,1458.9067077636719
1.349845442,1760031249.467845442,/studio/rotor_avg_rpm.mean_rpm,1457.7809448242188
1.3498598450000001,1760031249.467859845,/studio/rotor_avg_rpm.mean_rpm,1462.2838745117188
1.3498787380000001,1760031249.467878738,/studio/rotor_avg_rpm.mean_rpm,1454.0633850097656
1.3498935140000001,1760031249.467893514,/studio/rotor_avg_rpm.mean_rpm,1456.6552124023438
1.349905743,1760031249.467905743,/studio/rotor_avg_rpm.mean_rpm,1461.524658203125
1.3499497,1760031249.467949700,/studio/rotor_avg_rpm.mean_rpm,1458.9066772460938
1.349991977,1760031249.467991977,/studio/rotor_avg_rpm.mean_rpm,1455.1629028320312
1.350006319,1760031249.468006319,/studio/rotor_avg_rpm.mean_rpm,1460.0324096679688
1.350021191,1760031249.468021191,/studio/rotor_avg_rpm.mean_rpm,1453.3041687011719
1.350030598,1760031249.468030598,/studio/rotor_avg_rpm.mean_rpm,1456.6552124023438
1.350054697,1760031249.468054697,/studio/rotor_avg_rpm.mean_rpm,1463.776123046875
1.3501435,1760031249.468143500,/studio/rotor_avg_rpm.mean_rpm,1451.0526428222656
1.350167404,1760031249.468167404,/studio/rotor_avg_rpm.mean_rpm,1455.1629333496094
1.350210139,1760031249.468210139,/studio/rotor_avg_rpm.mean_rpm,1446.60205078125
1.350222897,1760031249.468222897,/studio/rotor_avg_rpm.mean_rpm,1456.3148803710938
1.35023928,1760031249.468239280,/studio/rotor_avg_rpm.mean_rpm,1457.7809143066406
1.350292075,1760031249.468292075,/studio/rotor_avg_rpm.mean_rpm,1460.7654418945312
1.350377726,1760031249.468377726,/studio/rotor_avg_rpm.mean_rpm,1464.5091857910156
1.350392081,1760031249.468392081,/studio/rotor_avg_rpm.mean_rpm,1460.7916564941406
1.350428519,1760031249.468428519,/studio/rotor_avg_rpm.mean_rpm,1458.1736145019531
1.350446603,1760031249.468446603,/studio/rotor_avg_rpm.mean_rpm,1446.5758972167969
1.350459224,1760031249.468459224,/studio/rotor_avg_rpm.mean_rpm,1453.670654296875
1.350476307,1760031249.468476307,/studio/rotor_avg_rpm.mean_rpm,1467.9126281738281
1.350546428,1760031249.468546428,/studio/rotor_avg_rpm.mean_rpm,1454.7964172363281
1.350554803,1760031249.468554803,/studio/rotor_avg_rpm.mean_rpm,1460.0324096679688
1.3505620760000001,1760031249.468562076,/studio/rotor_avg_rpm.mean_rpm,1457.0479125976562
1.350636712,1760031249.468636712,/studio/rotor_avg_rpm.mean_rpm,1455.1891479492188
1.350656612,1760031249.468656612,/studio/rotor_avg_rpm.mean_rpm,1457.0479125976562
1.350671598,1760031249.468671598,/studio/rotor_avg_rpm.mean_rpm,1473.51513671875
1.3506936920000001,1760031249.468693692,/studio/rotor_avg_rpm.mean_rpm,1463.0430908203125
1.350705355,1760031249.468705355,/studio/rotor_avg_rpm.mean_rpm,1463.8023376464844
1.351794835,1760031249.469794835,/studio/rotor_avg_rpm.mean_rpm,1458.5663146972656
1.351822221,1760031249.469822221,/studio/rotor_avg_rpm.mean_rpm,1456.3148803710938
1.351870132,1760031249.469870132,/studio/rotor_avg_rpm.mean_rpm,1463.8023376464844
1.351887383,1760031249.469887383,/studio/rotor_avg_rpm.mean_rpm,1459.2993774414062
1.351935881,1760031249.469935881,/studio/rotor_avg_rpm.mean_rpm,1467.5460815429688
1.351951867,1760031249.469951867,/studio/rotor_avg_rpm.mean_rpm,1459.2993469238281
1.351971042,1760031249.469971042,/studio/rotor_avg_rpm.mean_rpm,1461.5508728027344
1.351986412,1760031249.469986412,/studio/rotor_avg_rpm.mean_rpm,1455.9483337402344
1.35199967,1760031249.469999670,/studio/rotor_avg_rpm.mean_rpm,1462.2839050292969
1.35207046,1760031249.470070460,/studio/rotor_avg_rpm.mean_rpm,1466.4203491210938
1.352088401,1760031249.470088401,/studio/rotor_avg_rpm.mean_rpm,1451.4453735351562
1.352107529,1760031249.470107529,/studio/rotor_avg_rpm.mean_rpm,1460.05859375
1.3521238960000002,1760031249.470123896,/studio/rotor_avg_rpm.mean_rpm,1467.5198669433594
1.352137209,1760031249.470137209,/studio/rotor_avg_rpm.mean_rpm,1462.6766052246094
1.35216432,1760031249.470164320,/studio/rotor_avg_rpm.mean_rpm,1461.9173583984375
1.352174366,1760031249.470174366,/studio/rotor_avg_rpm.mean_rpm,1456.2886962890625
1.35224368,1760031249.470243680,/studio/rotor_avg_rpm.mean_rpm,1457.80712890625
1.359063033,1760031249.477063033,/studio/rotor_avg_rpm.mean_rpm,1461.1581420898438
1.359072751,1760031249.477072751,/studio/rotor_avg_rpm.mean_rpm,1464.5353698730469
1.359080547,1760031249.477080547,/studio/rotor_avg_rpm.mean_rpm,1457.8070983886719
1.35915342,1760031249.477153420,/studio/rotor_avg_rpm.mean_rpm,1464.9018859863281
1.388670931,1760031249.506670931,/studio/rotor_avg_rpm.mean_rpm,1454.0633544921875
1.388696972,1760031249.506696972,/studio/rotor_avg_rpm.mean_rpm,1458.9328308105469
1.388715526,1760031249.506715526,/studio/rotor_avg_rpm.mean_rpm,1459.6658935546875
1.388742475,1760031249.506742475,/studio/rotor_avg_rpm.mean_rpm,1456.6813659667969
1.3887647410000001,1760031249.506764741,/studio/rotor_avg_rpm.mean_rpm,1464.9019165039062
1.388779782,1760031249.506779782,/studio/rotor_avg_rpm.mean_rpm,1458.5663452148438
1.388791645,1760031249.506791645,/studio/rotor_avg_rpm.mean_rpm,1460.4251403808594
1.3888129660000001,1760031249.506812966,/studio/rotor_avg_rpm.mean_rpm,1464.5615539550781
1.388829877,1760031249.506829877,/studio/rotor_avg_rpm.mean_rpm,1456.3148498535156
1.3888844310000001,1760031249.506884431,/studio/rotor_avg_rpm.mean_rpm,1466.0538024902344
1.388894504,1760031249.506894504,/studio/rotor_avg_rpm.mean_rpm,1448.0681762695312
1.388925808,1760031249.506925808,/studio/rotor_avg_rpm.mean_rpm,1466.0538330078125
1.3889971060000001,1760031249.506997106,/studio/rotor_avg_rpm.mean_rpm,1460.05859375
1.3890094450000001,1760031249.507009445,/studio/rotor_avg_rpm.mean_rpm,1453.3041381835938
1.389029829,1760031249.507029829,/studio/rotor_avg_rpm.mean_rpm,1462.3100891113281
1.389050235,1760031249.507050235,/studio/rotor_avg_rpm.mean_rpm,1449.953125
1.389073871,1760031249.507073871,/studio/rotor_avg_rpm.mean_rpm,1464.1688537597656
1.389085853,1760031249.507085853,/studio/rotor_avg_rpm.mean_rpm,1456.3148803710938
1.389095033,1760031249.507095033,/studio/rotor_avg_rpm.mean_rpm,1452.5711364746094
1.389140848,1760031249.507140848,/studio/rotor_avg_rpm.mean_rpm,1454.0633544921875
1.389160585,1760031249.507160585,/studio/rotor_avg_rpm.mean_rpm,1459.2993774414062
1.3891730340000001,1760031249.507173034,/studio/rotor_avg_rpm.mean_rpm,1461.9173889160156
1.389193062,1760031249.507193062,/studio/rotor_avg_rpm.mean_rpm,1448.8273620605469
1.389203399,1760031249.507203399,/studio/rotor_avg_rpm.mean_rpm,1453.330322265625
1.38921852,1760031249.507218520,/studio/rotor_avg_rpm.mean_rpm,1455.5556335449219
1.389234187,1760031249.507234187,/studio/rotor_avg_rpm.mean_rpm,1449.953125
1.389247286,1760031249.507247286,/studio/rotor_avg_rpm.mean_rpm,1455.9483337402344
1.3956275580000002,1760031249.513627558,/studio/rotor_avg_rpm.mean_rpm,1448.4608459472656
1.395778884,1760031249.513778884,/studio/rotor_avg_rpm.mean_rpm,1466.0538330078125
1.395785926,1760031249.513785926,/studio/rotor_avg_rpm.mean_rpm,1458.932861328125
1.3957899980000001,1760031249.513789998,/studio/rotor_avg_rpm.mean_rpm,1456.6813659667969
1.39579322,1760031249.513793220,/studio/rotor_avg_rpm.mean_rpm,1456.2886657714844
1.39579664,1760031249.513796640,/studio/rotor_avg_rpm.mean_rpm,1457.0479125976562
1.395803582,1760031249.513803582,/studio/rotor_avg_rpm.mean_rpm,1457.4143981933594
1.395809118,1760031249.513809118,/studio/rotor_avg_rpm.mean_rpm,1462.650390625
1.395826936,1760031249.513826936,/studio/rotor_avg_rpm.mean_rpm,1458.1736450195312
1.395831014,1760031249.513831014,/studio/rotor_avg_rpm.mean_rpm,1454.0372009277344
1.395834052,1760031249.513834052,/studio/rotor_avg_rpm.mean_rpm,1457.0479125976562
1.395854911,1760031249.513854911,/studio/rotor_avg_rpm.mean_rpm,1457.0479125976562
1.399853022,1760031249.517853022,/studio/rotor_avg_rpm.mean_rpm,1451.4453430175781
1.399857755,1760031249.517857755,/studio/rotor_avg_rpm.mean_rpm,1457.4143981933594
1.399860968,1760031249.517860968,/studio/rotor_avg_rpm.mean_rpm,1463.0169372558594
1.399870283,1760031249.517870283,/studio/rotor_avg_rpm.mean_rpm,1461.1581420898438
1.399892603,1760031249.517892603,/studio/rotor_avg_rpm.mean_rpm,1461.1581420898438
1.411986877,1760031249.529986877,/studio/rotor_avg_rpm.mean_rpm,1453.3041381835938
1.412005976,1760031249.530005976,/studio/rotor_avg_rpm.mean_rpm,1462.650390625
1.4120248100000001,1760031249.530024810,/studio/rotor_avg_rpm.mean_rpm,1460.39892578125
1.412036676,1760031249.530036676,/studio/rotor_avg_rpm.mean_rpm,1464.5091857910156
1.412100441,1760031249.530100441,/studio/rotor_avg_rpm.mean_rpm,1463.7761535644531
1.41211789,1760031249.530117890,/studio/rotor_avg_rpm.mean_rpm,1464.9018859863281
1.422354917,1760031249.540354917,/studio/rotor_avg_rpm.mean_rpm,1460.0324096679688
1.422384088,1760031249.540384088,/studio/rotor_avg_rpm.mean_rpm,1460.0323791503906
1.422430988,1760031249.540430988,/studio/rotor_avg_rpm.mean_rpm,1467.5198974609375
1.422476641,1760031249.540476641,/studio/rotor_avg_rpm.mean_rpm,1465.2684020996094
1.422524031,1760031249.540524031,/studio/rotor_avg_rpm.mean_rpm,1466.3941650390625
1.422546417,1760031249.540546417,/studio/rotor_avg_rpm.mean_rpm,1460.39892578125
1.422568142,1760031249.540568142,/studio/rotor_avg_rpm.mean_rpm,1461.1581420898438
1.422589361,1760031249.540589361,/studio/rotor_avg_rpm.mean_rpm,1460.7916259765625
1.422615536,1760031249.540615536,/studio/rotor_avg_rpm.mean_rpm,1460.0324096679688
1.4226281570000001,1760031249.540628157,/studio/rotor_avg_rpm.mean_rpm,1463.776123046875
1.463728046,1760031249.581728046,/studio/rotor_avg_rpm.mean_rpm,1457.4144287109375
1.463750179,1760031249.581750179,/studio/rotor_avg_rpm.mean_rpm,1453.6968383789062
1.463769851,1760031249.581769851,/studio/rotor_avg_rpm.mean_rpm,1459.6658630371094
1.463803702,1760031249.581803702,/studio/rotor_avg_rpm.mean_rpm,1461.8912048339844
1.463819127,1760031249.581819127,/studio/rotor_avg_rpm.mean_rpm,1458.5401306152344
1.463830575,1760031249.581830575,/studio/rotor_avg_rpm.mean_rpm,1457.4143981933594
1.463922253,1760031249.581922253,/studio/rotor_avg_rpm.mean_rpm,1456.2886657714844
1.463947055,1760031249.581947055,/studio/rotor_avg_rpm.mean_rpm,1446.2093811035156
1.463962184,1760031249.581962184,/studio/rotor_avg_rpm.mean_rpm,1452.2045593261719
1.46406256,1760031249.582062560,/studio/rotor_avg_rpm.mean_rpm,1454.0372009277344
1.46407907,1760031249.582079070,/studio/rotor_avg_rpm.mean_rpm,1453.670654296875
1.464117522,1760031249.582117522,/studio/rotor_avg_rpm.mean_rpm,1448.4346618652344
1.481732074,1760031249.599732074,/studio/rotor_avg_rpm.mean_rpm,1455.1891174316406
1.4817432240000001,1760031249.599743224,/studio/rotor_avg_rpm.mean_rpm,1454.79638671875
1.48175362,1760031249.599753620,/studio/rotor_avg_rpm.mean_rpm,1450.3458251953125
1.481762521,1760031249.599762521,/studio/rotor_avg_rpm.mean_rpm,1454.4298706054688
1.481771079,1760031249.599771079,/studio/rotor_avg_rpm.mean_rpm,1450.2934265136719
1.48186445,1760031249.599864450,/studio/rotor_avg_rpm.mean_rpm,1455.922119140625
1.481875212,1760031249.599875212,/studio/rotor_avg_rpm.mean_rpm,1449.953125
1.481897062,1760031249.599897062,/studio/rotor_avg_rpm.mean_rpm,1457.4143981933594
1.481911541,1760031249.599911541,/studio/rotor_avg_rpm.mean_rpm,1455.1629333496094
1.482005175,1760031249.600005175,/studio/rotor_avg_rpm.mean_rpm,1454.0372009277344
1.482018363,1760031249.600018363,/studio/rotor_avg_rpm.mean_rpm,1447.7016296386719
1.482038148,1760031249.600038148,/studio/rotor_avg_rpm.mean_rpm,1450.3196411132812
1.482463816,1760031249.600463816,/studio/rotor_avg_rpm.mean_rpm,1454.79638671875
1.48248152,1760031249.600481520,/studio/rotor_avg_rpm.mean_rpm,1454.79638671875
1.4824958590000001,1760031249.600495859,/studio/rotor_avg_rpm.mean_rpm,1447.3089294433594
1.482505969,1760031249.600505969,/studio/rotor_avg_rpm.mean_rpm,1457.0478515625
1.482642678,1760031249.600642678,/studio/rotor_avg_rpm.mean_rpm,1458.5401611328125
1.482844308,1760031249.600844308,/studio/rotor_avg_rpm.mean_rpm,1452.20458984375
1.482912587,1760031249.600912587,/studio/rotor_avg_rpm.mean_rpm,1457.7809448242188
1.4829396460000002,1760031249.600939646,/studio/rotor_avg_rpm.mean_rpm,1454.79638671875
1.482957248,1760031249.600957248,/studio/rotor_avg_rpm.mean_rpm,1446.9424133300781
1.482971308,1760031249.600971308,/studio/rotor_avg_rpm.mean_rpm,1452.1784057617188
1.482990599,1760031249.600990599,/studio/rotor_avg_rpm.mean_rpm,1455.922119140625
1.483002987,1760031249.601002987,/studio/rotor_avg_rpm.mean_rpm,1453.3041381835938
1.483129285,1760031249.601129285,/studio/rotor_avg_rpm.mean_rpm,1444.7171325683594
1.483142907,1760031249.601142907,/studio/rotor_avg_rpm.mean_rpm,1448.4608459472656
1.483165115,1760031249.601165115,/studio/rotor_avg_rpm.mean_rpm,1449.5865478515625
1.483177153,1760031249.601177153,/studio/rotor_avg_rpm.mean_rpm,1453.6968383789062
1.48319292,1760031249.601192920,/studio/rotor_avg_rpm.mean_rpm,1448.4608154296875
1.483284364,1760031249.601284364,/studio/rotor_avg_rpm.mean_rpm,1450.3458251953125
1.483296278,1760031249.601296278,/studio/rotor_avg_rpm.mean_rpm,1454.4298706054688
1.4833854770000001,1760031249.601385477,/studio/rotor_avg_rpm.mean_rpm,1449.2200927734375
1.483406601,1760031249.601406601,/studio/rotor_avg_rpm.mean_rpm,1446.2093505859375
1.4834385270000001,1760031249.601438527,/studio/rotor_avg_rpm.mean_rpm,1434.6116638183594
1.4834618450000001,1760031249.601461845,/studio/rotor_avg_rpm.mean_rpm,1443.224853515625
1.483680789,1760031249.601680789,/studio/rotor_avg_rpm.mean_rpm,1441.7326049804688
1.483696942,1760031249.601696942,/studio/rotor_avg_rpm.mean_rpm,1449.9793090820312
1.483714228,1760031249.601714228,/studio/rotor_avg_rpm.mean_rpm,1432.3601684570312
1.483726114,1760031249.601726114,/studio/rotor_avg_rpm.mean_rpm,1441.3660888671875
1.483744175,1760031249.601744175,/studio/rotor_avg_rpm.mean_rpm,1437.2296447753906
1.483782782,1760031249.601782782,/studio/rotor_avg_rpm.mean_rpm,1434.6116333007812
1.483796887,1760031249.601796887,/studio/rotor_avg_rpm.mean_rpm,1437.622314453125
1.483807581,1760031249.601807581,/studio/rotor_avg_rpm.mean_rpm,1439.1145935058594
1.483846709,1760031249.601846709,/studio/rotor_avg_rpm.mean_rpm,1430.1086730957031
1.48387075,1760031249.601870750,/studio/rotor_avg_rpm.mean_rpm,1435.7373962402344
1.483889972,1760031249.601889972,/studio/rotor_avg_rpm.mean_rpm,1436.1038818359375
1.483904186,1760031249.601904186,/studio/rotor_avg_rpm.mean_rpm,1436.8893127441406
1.483923995,1760031249.601923995,/studio/rotor_avg_rpm.mean_rpm,1430.5275268554688
1.4839390190000001,1760031249.601939019,/studio/rotor_avg_rpm.mean_rpm,1434.6116333007812
1.483965894,1760031249.601965894,/studio/rotor_avg_rpm.mean_rpm,1439.4811096191406
1.483977156,1760031249.601977156,/studio/rotor_avg_rpm.mean_rpm,1436.8630981445312
1.5035559790000002,1760031249.621555979,/studio/rotor_avg_rpm.mean_rpm,1433.4858703613281
1.503563068,1760031249.621563068,/studio/rotor_avg_rpm.mean_rpm,1436.8630981445312
1.503568543,1760031249.621568543,/studio/rotor_avg_rpm.mean_rpm,1433.5120849609375
1.5035778149999999,1760031249.621577815,/studio/rotor_avg_rpm.mean_rpm,1434.6116027832031
1.503583007,1760031249.621583007,/studio/rotor_avg_rpm.mean_rpm,1432.7790222167969
1.50358748,1760031249.621587480,/studio/rotor_avg_rpm.mean_rpm,1437.9888610839844
1.503594379,1760031249.621594379,/studio/rotor_avg_rpm.mean_rpm,1441.3660888671875
1.503604083,1760031249.621604083,/studio/rotor_avg_rpm.mean_rpm,1437.9888305664062
1.503610449,1760031249.621610449,/studio/rotor_avg_rpm.mean_rpm,1435.7373657226562
1.50361578,1760031249.621615780,/studio/rotor_avg_rpm.mean_rpm,1437.9888305664062
1.503619899,1760031249.621619899,/studio/rotor_avg_rpm.mean_rpm,1440.973388671875
1.503683466,1760031249.621683466,/studio/rotor_avg_rpm.mean_rpm,1435.030517578125
1.5036938659999999,1760031249.621693866,/studio/rotor_avg_rpm.mean_rpm,1426.39111328125
1.503699874,1760031249.621699874,/studio/rotor_avg_rpm.mean_rpm,1433.4859008789062
1.503706153,1760031249.621706153,/studio/rotor_avg_rpm.mean_rpm,1433.5120849609375
1.503712421,1760031249.621712421,/studio/rotor_avg_rpm.mean_rpm,1441.3660888671875
1.50371667,1760031249.621716670,/studio/rotor_avg_rpm.mean_rpm,1440.2665100097656
1.5037199920000002,1760031249.621719992,/studio/rotor_avg_rpm.mean_rpm,1431.2605895996094
1.503730003,1760031249.621730003,/studio/rotor_avg_rpm.mean_rpm,1433.4859008789062
1.5037356430000002,1760031249.621735643,/studio/rotor_avg_rpm.mean_rpm,1440.2141418457031
1.503742091,1760031249.621742091,/studio/rotor_avg_rpm.mean_rpm,1436.1038818359375
1.503747087,1760031249.621747087,/studio/rotor_avg_rpm.mean_rpm,1439.1145935058594
1.503782302,1760031249.621782302,/studio/rotor_avg_rpm.mean_rpm,1435.3446655273438
1.503788669,1760031249.621788669,/studio/rotor_avg_rpm.mean_rpm,1439.0884094238281
1.507824012,1760031249.625824012,/studio/rotor_avg_rpm.mean_rpm,1430.8940734863281
1.507830164,1760031249.625830164,/studio/rotor_avg_rpm.mean_rpm,1436.4966125488281
1.507835763,1760031249.625835763,/studio/rotor_avg_rpm.mean_rpm,1435.370849609375
1.507850242,1760031249.625850242,/studio/rotor_avg_rpm.mean_rpm,1433.5120849609375
1.510905304,1760031249.628905304,/studio/rotor_avg_rpm.mean_rpm,1446.9424133300781
1.5109117470000002,1760031249.628911747,/studio/rotor_avg_rpm.mean_rpm,1440.9471740722656
1.5109170889999999,1760031249.628917089,/studio/rotor_avg_rpm.mean_rpm,1434.6116333007812
1.510923164,1760031249.628923164,/studio/rotor_avg_rpm.mean_rpm,1444.3244323730469
1.541121433,1760031249.659121433,/studio/rotor_avg_rpm.mean_rpm,1435.3708801269531
1.541126572,1760031249.659126572,/studio/rotor_avg_rpm.mean_rpm,1432.3863220214844
1.541130783,1760031249.659130783,/studio/rotor_avg_rpm.mean_rpm,1437.9888610839844
1.541138503,1760031249.659138503,/studio/rotor_avg_rpm.mean_rpm,1432.0198364257812
1.541146238,1760031249.659146238,/studio/rotor_avg_rpm.mean_rpm,1432.3863220214844
1.541151915,1760031249.659151915,/studio/rotor_avg_rpm.mean_rpm,1436.49658203125
1.541155303,1760031249.659155303,/studio/rotor_avg_rpm.mean_rpm,1439.8738098144531
1.541158534,1760031249.659158534,/studio/rotor_avg_rpm.mean_rpm,1436.8893127441406
1.5411620639999999,1760031249.659162064,/studio/rotor_avg_rpm.mean_rpm,1436.8631286621094
1.5411770009999999,1760031249.659177001,/studio/rotor_avg_rpm.mean_rpm,1443.1986694335938
1.541181442,1760031249.659181442,/studio/rotor_avg_rpm.mean_rpm,1445.4501647949219
1.5411856959999999,1760031249.659185696,/studio/rotor_avg_rpm.mean_rpm,1443.565185546875
1.541190937,1760031249.659190937,/studio/rotor_avg_rpm.mean_rpm,1448.0943603515625
1.54119496,1760031249.659194960,/studio/rotor_avg_rpm.mean_rpm,1445.8428649902344
1.541199089,1760031249.659199089,/studio/rotor_avg_rpm.mean_rpm,1450.3196411132812
1.5412106890000001,1760031249.659210689,/studio/rotor_avg_rpm.mean_rpm,1450.6861572265625
1.541217288,1760031249.659217288,/studio/rotor_avg_rpm.mean_rpm,1450.6861572265625
1.541220663,1760031249.659220663,/studio/rotor_avg_rpm.mean_rpm,1455.1629333496094
1.541224309,1760031249.659224309,/studio/rotor_avg_rpm.mean_rpm,1447.3089294433594
1.541231269,1760031249.659231269,/studio/rotor_avg_rpm.mean_rpm,1457.7809448242188
1.541235322,1760031249.659235322,/studio/rotor_avg_rpm.mean_rpm,1448.4346618652344
1.5412386740000001,1760031249.659238674,/studio/rotor_avg_rpm.mean_rpm,1449.1938781738281
1.54687778,1760031249.664877780,/studio/rotor_avg_rpm.mean_rpm,1447.3089294433594
1.546884027,1760031249.664884027,/studio/rotor_avg_rpm.mean_rpm,1448.0419616699219
1.546890056,1760031249.664890056,/studio/rotor_avg_rpm.mean_rpm,1450.6861877441406
1.5468938730000001,1760031249.664893873,/studio/rotor_avg_rpm.mean_rpm,1446.9424133300781
1.5468962849999999,1760031249.664896285,/studio/rotor_avg_rpm.mean_rpm,1446.1831970214844
1.546903171,1760031249.664903171,/studio/rotor_avg_rpm.mean_rpm,1451.7857055664062
1.546906817,1760031249.664906817,/studio/rotor_avg_rpm.mean_rpm,1445.8166809082031
1.546935106,1760031249.664935106,/studio/rotor_avg_rpm.mean_rpm,1449.167724609375
1.546938935,1760031249.664938935,/studio/rotor_avg_rpm.mean_rpm,1442.439453125
1.546941748,1760031249.664941748,/studio/rotor_avg_rpm.mean_rpm,1453.6706848144531
1.547000368,1760031249.665000368,/studio/rotor_avg_rpm.mean_rpm,1452.5449523925781
1.54701265,1760031249.665012650,/studio/rotor_avg_rpm.mean_rpm,1448.4346923828125
1.5506359029999999,1760031249.668635903,/studio/rotor_avg_rpm.mean_rpm,1450.2934265136719
1.550638849,1760031249.668638849,/studio/rotor_avg_rpm.mean_rpm,1445.8166809082031
1.550647955,1760031249.668647955,/studio/rotor_avg_rpm.mean_rpm,1440.2141723632812
1.550652455,1760031249.668652455,/studio/rotor_avg_rpm.mean_rpm,1449.167724609375
1.5506690550000002,1760031249.668669055,/studio/rotor_avg_rpm.mean_rpm,1454.0633850097656
1.555021477,1760031249.673021477,/studio/rotor_avg_rpm.mean_rpm,1434.9781494140625
1.5550273520000002,1760031249.673027352,/studio/rotor_avg_rpm.mean_rpm,1442.09912109375
1.5550314360000002,1760031249.673031436,/studio/rotor_avg_rpm.mean_rpm,1440.5806579589844
1.55503533,1760031249.673035330,/studio/rotor_avg_rpm.mean_rpm,1442.4656372070312
1.5550408610000002,1760031249.673040861,/studio/rotor_avg_rpm.mean_rpm,1435.7373962402344
1.555045268,1760031249.673045268,/studio/rotor_avg_rpm.mean_rpm,1438.7218933105469
1.559346603,1760031249.677346603,/studio/rotor_avg_rpm.mean_rpm,1438.3553466796875
1.5593502909999999,1760031249.677350291,/studio/rotor_avg_rpm.mean_rpm,1447.6754455566406
1.559354182,1760031249.677354182,/studio/rotor_avg_rpm.mean_rpm,1441.7063903808594
1.559366969,1760031249.677366969,/studio/rotor_avg_rpm.mean_rpm,1434.6378479003906
1.5669587690000002,1760031249.684958769,/studio/rotor_avg_rpm.mean_rpm,1447.7015991210938
1.566965095,1760031249.684965095,/studio/rotor_avg_rpm.mean_rpm,1438.3553771972656
1.566972682,1760031249.684972682,/studio/rotor_avg_rpm.mean_rpm,1432.7528686523438
1.566977204,1760031249.684977204,/studio/rotor_avg_rpm.mean_rpm,1431.6009216308594
1.5700821839999999,1760031249.688082184,/studio/rotor_avg_rpm.mean_rpm,1429.3756408691406
1.570086614,1760031249.688086614,/studio/rotor_avg_rpm.mean_rpm,1442.0729064941406
1.570093151,1760031249.688093151,/studio/rotor_avg_rpm.mean_rpm,1445.4239501953125
1.570097965,1760031249.688097965,/studio/rotor_avg_rpm.mean_rpm,1436.1039123535156
1.5701012630000002,1760031249.688101263,/studio/rotor_avg_rpm.mean_rpm,1431.99365234375
1.5701125870000001,1760031249.688112587,/studio/rotor_avg_rpm.mean_rpm,1437.2558288574219
1.5793264580000002,1760031249.697326458,/studio/rotor_avg_rpm.mean_rpm,1439.8476257324219
1.579338562,1760031249.697338562,/studio/rotor_avg_rpm.mean_rpm,1437.2296142578125
1.579420265,1760031249.697420265,/studio/rotor_avg_rpm.mean_rpm,1429.7683410644531
1.579479171,1760031249.697479171,/studio/rotor_avg_rpm.mean_rpm,1428.2499084472656
1.5794977430000001,1760031249.697497743,/studio/rotor_avg_rpm.mean_rpm,1437.2558288574219
1.579568515,1760031249.697568515,/studio/rotor_avg_rpm.mean_rpm,1435.3708801269531
1.579584389,1760031249.697584389,/studio/rotor_avg_rpm.mean_rpm,1442.09912109375
1.588650743,1760031249.706650743,/studio/rotor_avg_rpm.mean_rpm,1427.1241760253906
1.5886965320000002,1760031249.706696532,/studio/rotor_avg_rpm.mean_rpm,1426.3911437988281
1.588739742,1760031249.706739742,/studio/rotor_avg_rpm.mean_rpm,1437.9888610839844
1.58875736,1760031249.706757360,/studio/rotor_avg_rpm.mean_rpm,1431.6271057128906
1.588787846,1760031249.706787846,/studio/rotor_avg_rpm.mean_rpm,1444.3243713378906
1.588817316,1760031249.706817316,/studio/rotor_avg_rpm.mean_rpm,1437.5961608886719
1.5888713810000001,1760031249.706871381,/studio/rotor_avg_rpm.mean_rpm,1440.9733581542969
1.5889339420000002,1760031249.706933942,/studio/rotor_avg_rpm.mean_rpm,1442.09912109375
1.588965157,1760031249.706965157,/studio/rotor_avg_rpm.mean_rpm,1433.8786010742188
1.5890598630000001,1760031249.707059863,/studio/rotor_avg_rpm.mean_rpm,1433.8786010742188
1.5969353270000002,1760031249.714935327,/studio/rotor_avg_rpm.mean_rpm,1436.49658203125
1.597123985,1760031249.715123985,/studio/rotor_avg_rpm.mean_rpm,1443.1986694335938
1.597210541,1760031249.715210541,/studio/rotor_avg_rpm.mean_rpm,1443.1986694335938
1.59723769,1760031249.715237690,/studio/rotor_avg_rpm.mean_rpm,1444.3244323730469
1.597255456,1760031249.715255456,/studio/rotor_avg_rpm.mean_rpm,1437.9626770019531
1.602749206,1760031249.720749206,/studio/rotor_avg_rpm.mean_rpm,1438.7218933105469
1.602773703,1760031249.720773703,/studio/rotor_avg_rpm.mean_rpm,1441.7064514160156
1.602785703,1760031249.720785703,/studio/rotor_avg_rpm.mean_rpm,1446.9424438476562
1.602807836,1760031249.720807836,/studio/rotor_avg_rpm.mean_rpm,1444.3244323730469
1.602845509,1760031249.720845509,/studio/rotor_avg_rpm.mean_rpm,1442.4656372070312
1.6028688560000002,1760031249.720868856,/studio/rotor_avg_rpm.mean_rpm,1443.224853515625
1.602882315,1760031249.720882315,/studio/rotor_avg_rpm.mean_rpm,1448.0681762695312
1.602894741,1760031249.720894741,/studio/rotor_avg_rpm.mean_rpm,1436.4703979492188
1.6029379129999999,1760031249.720937913,/studio/rotor_avg_rpm.mean_rpm,1448.827392578125
1.6030346720000002,1760031249.721034672,/studio/rotor_avg_rpm.mean_rpm,1440.6068420410156
1.607076962,1760031249.725076962,/studio/rotor_avg_rpm.mean_rpm,1439.1145629882812
1.607091513,1760031249.725091513,/studio/rotor_avg_rpm.mean_rpm,1446.2093811035156
1.6071418830000002,1760031249.725141883,/studio/rotor_avg_rpm.mean_rpm,1433.5120849609375
1.607154252,1760031249.725154252,/studio/rotor_avg_rpm.mean_rpm,1448.8011779785156
1.607196494,1760031249.725196494,/studio/rotor_avg_rpm.mean_rpm,1444.7171325683594
1.612342576,1760031249.730342576,/studio/rotor_avg_rpm.mean_rpm,1445.476318359375
1.612467664,1760031249.730467664,/studio/rotor_avg_rpm.mean_rpm,1448.8273620605469
1.6125570040000001,1760031249.730557004,/studio/rotor_avg_rpm.mean_rpm,1445.4501647949219
1.61257175,1760031249.730571750,/studio/rotor_avg_rpm.mean_rpm,1435.7373962402344
1.621842167,1760031249.739842167,/studio/rotor_avg_rpm.mean_rpm,1446.9424133300781
1.6218886000000001,1760031249.739888600,/studio/rotor_avg_rpm.mean_rpm,1446.5497131347656
1.621915703,1760031249.739915703,/studio/rotor_avg_rpm.mean_rpm,1448.8273620605469
1.6219342760000002,1760031249.739934276,/studio/rotor_avg_rpm.mean_rpm,1449.5866088867188
1.621996034,1760031249.739996034,/studio/rotor_avg_rpm.mean_rpm,1445.816650390625
1.622018974,1760031249.740018974,/studio/rotor_avg_rpm.mean_rpm,1449.1939086914062
1.6220346700000001,1760031249.740034670,/studio/rotor_avg_rpm.mean_rpm,1439.84765625
1.622046749,1760031249.740046749,/studio/rotor_avg_rpm.mean_rpm,1457.4143981933594
1.622067288,1760031249.740067288,/studio/rotor_avg_rpm.mean_rpm,1451.4191589355469
1.622077295,1760031249.740077295,/studio/rotor_avg_rpm.mean_rpm,1457.4143981933594
1.6329299860000002,1760031249.750929986,/studio/rotor_avg_rpm.mean_rpm,1453.670654296875
1.632948617,1760031249.750948617,/studio/rotor_avg_rpm.mean_rpm,1440.9995727539062
1.632960741,1760031249.750960741,/studio/rotor_avg_rpm.mean_rpm,1458.5663146972656
1.632973829,1760031249.750973829,/studio/rotor_avg_rpm.mean_rpm,1456.2886657714844
1.632985395,1760031249.750985395,/studio/rotor_avg_rpm.mean_rpm,1452.1784057617188
1.633001037,1760031249.751001037,/studio/rotor_avg_rpm.mean_rpm,1461.1581420898438
1.633050129,1760031249.751050129,/studio/rotor_avg_rpm.mean_rpm,1454.4299011230469
1.633062657,1760031249.751062657,/studio/rotor_avg_rpm.mean_rpm,1457.4143981933594
1.633073268,1760031249.751073268,/studio/rotor_avg_rpm.mean_rpm,1455.1629333496094
1.633125106,1760031249.751125106,/studio/rotor_avg_rpm.mean_rpm,1458.5139465332031
1.638735059,1760031249.756735059,/studio/rotor_avg_rpm.mean_rpm,1464.5353698730469
1.6387418930000002,1760031249.756741893,/studio/rotor_avg_rpm.mean_rpm,1457.7809448242188
1.6387784060000001,1760031249.756778406,/studio/rotor_avg_rpm.mean_rpm,1462.6504211425781
1.63878886,1760031249.756788860,/studio/rotor_avg_rpm.mean_rpm,1466.7868347167969
1.638811923,1760031249.756811923,/studio/rotor_avg_rpm.mean_rpm,1460.0324096679688
1.638827301,1760031249.756827301,/studio/rotor_avg_rpm.mean_rpm,1486.2385864257812
1.658796388,1760031249.776796388,/studio/rotor_avg_rpm.mean_rpm,1482.861328125
1.6588437,1760031249.776843700,/studio/rotor_avg_rpm.mean_rpm,1485.1128540039062
1.658858798,1760031249.776858798,/studio/rotor_avg_rpm.mean_rpm,1474.2481689453125
1.658894106,1760031249.776894106,/studio/rotor_avg_rpm.mean_rpm,1483.9609375
1.6589139720000001,1760031249.776913972,/studio/rotor_avg_rpm.mean_rpm,1501.1873779296875
1.65894955,1760031249.776949550,/studio/rotor_avg_rpm.mean_rpm,1504.9049377441406
1.658969388,1760031249.776969388,/studio/rotor_avg_rpm.mean_rpm,1504.171875
1.6589864699999999,1760031249.776986470,/studio/rotor_avg_rpm.mean_rpm,1498.9358825683594
1.6590063650000002,1760031249.777006365,/studio/rotor_avg_rpm.mean_rpm,1500.0616149902344
1.659029765,1760031249.777029765,/studio/rotor_avg_rpm.mean_rpm,1498.9359130859375
1.65911578,1760031249.777115780,/studio/rotor_avg_rpm.mean_rpm,1503.8053894042969
1.6592211300000002,1760031249.777221130,/studio/rotor_avg_rpm.mean_rpm,1502.2869262695312
1.659234019,1760031249.777234019,/studio/rotor_avg_rpm.mean_rpm,1491.4483947753906
1.659482126,1760031249.777482126,/studio/rotor_avg_rpm.mean_rpm,1497.8101501464844
1.659526512,1760031249.777526512,/studio/rotor_avg_rpm.mean_rpm,1496.3179016113281
1.659544956,1760031249.777544956,/studio/rotor_avg_rpm.mean_rpm,1495.1921691894531
1.659562275,1760031249.777562275,/studio/rotor_avg_rpm.mean_rpm,1496.6843872070312
1.659576334,1760031249.777576334,/studio/rotor_avg_rpm.mean_rpm,1483.9609069824219
1.659755529,1760031249.777755529,/studio/rotor_avg_rpm.mean_rpm,1484.7201538085938
1.659782215,1760031249.777782215,/studio/rotor_avg_rpm.mean_rpm,1486.21240234375
1.659956656,1760031249.777956656,/studio/rotor_avg_rpm.mean_rpm,1480.5837097167969
1.66307541,1760031249.781075410,/studio/rotor_avg_rpm.mean_rpm,1475.3477478027344
1.663085018,1760031249.781085018,/studio/rotor_avg_rpm.mean_rpm,1480.2171630859375
1.6630991000000002,1760031249.781099100,/studio/rotor_avg_rpm.mean_rpm,1466.7606506347656
1.664893473,1760031249.782893473,/studio/rotor_avg_rpm.mean_rpm,1465.6873168945312
1.6695580859999999,1760031249.787558086,/studio/rotor_avg_rpm.mean_rpm,1464.5353698730469
1.669580502,1760031249.787580502,/studio/rotor_avg_rpm.mean_rpm,1451.8380737304688
1.669591134,1760031249.787591134,/studio/rotor_avg_rpm.mean_rpm,1462.31005859375
1.669598926,1760031249.787598926,/studio/rotor_avg_rpm.mean_rpm,1458.5401306152344
1.669635462,1760031249.787635462,/studio/rotor_avg_rpm.mean_rpm,1446.2093811035156
1.669663624,1760031249.787663624,/studio/rotor_avg_rpm.mean_rpm,1442.8583374023438
1.669743733,1760031249.787743733,/studio/rotor_avg_rpm.mean_rpm,1448.8273620605469
1.6751493530000001,1760031249.793149353,/studio/rotor_avg_rpm.mean_rpm,1438.3553771972656
1.675171017,1760031249.793171017,/studio/rotor_avg_rpm.mean_rpm,1430.1086730957031
1.6751915080000002,1760031249.793191508,/studio/rotor_avg_rpm.mean_rpm,1432.3863525390625
1.686817405,1760031249.804817405,/studio/rotor_avg_rpm.mean_rpm,1436.1300964355469
1.686847539,1760031249.804847539,/studio/rotor_avg_rpm.mean_rpm,1431.6008911132812
1.686861951,1760031249.804861951,/studio/rotor_avg_rpm.mean_rpm,1425.2653503417969
1.6868813870000001,1760031249.804881387,/studio/rotor_avg_rpm.mean_rpm,1421.5216369628906
1.686902646,1760031249.804902646,/studio/rotor_avg_rpm.mean_rpm,1428.2498779296875
1.686922282,1760031249.804922282,/studio/rotor_avg_rpm.mean_rpm,1425.6318664550781
1.6869682049999999,1760031249.804968205,/studio/rotor_avg_rpm.mean_rpm,1415.5264282226562
1.68709923,1760031249.805099230,/studio/rotor_avg_rpm.mean_rpm,1419.2963256835938
1.687255837,1760031249.805255837,/studio/rotor_avg_rpm.mean_rpm,1413.6676330566406
1.691668253,1760031249.809668253,/studio/rotor_avg_rpm.mean_rpm,1417.0448303222656
1.691682642,1760031249.809682642,/studio/rotor_avg_rpm.mean_rpm,1414.7933654785156
1.6917017269999999,1760031249.809701727,/studio/rotor_avg_rpm.mean_rpm,1412.5418701171875
1.691717057,1760031249.809717057,/studio/rotor_avg_rpm.mean_rpm,1415.9191284179688
1.69194119,1760031249.809941190,/studio/rotor_avg_rpm.mean_rpm,1408.431640625
1.691970592,1760031249.809970592,/studio/rotor_avg_rpm.mean_rpm,1412.2015380859375
1.691994551,1760031249.809994551,/studio/rotor_avg_rpm.mean_rpm,1411.808837890625
1.692054458,1760031249.810054458,/studio/rotor_avg_rpm.mean_rpm,1404.3214111328125
1.692067797,1760031249.810067797,/studio/rotor_avg_rpm.mean_rpm,1408.0650939941406
1.6965520280000002,1760031249.814552028,/studio/rotor_avg_rpm.mean_rpm,1402.0698852539062
1.696559688,1760031249.814559688,/studio/rotor_avg_rpm.mean_rpm,1400.6038513183594
1.69656516,1760031249.814565160,/studio/rotor_avg_rpm.mean_rpm,1403.5621337890625
1.696707411,1760031249.814707411,/studio/rotor_avg_rpm.mean_rpm,1403.58837890625
1.696733574,1760031249.814733574,/studio/rotor_avg_rpm.mean_rpm,1400.1849060058594
1.700990262,1760031249.818990262,/studio/rotor_avg_rpm.mean_rpm,1402.4364318847656
1.700993661,1760031249.818993661,/studio/rotor_avg_rpm.mean_rpm,1401.3368530273438
1.701002098,1760031249.819002098,/studio/rotor_avg_rpm.mean_rpm,1400.1849365234375
1.701006126,1760031249.819006126,/studio/rotor_avg_rpm.mean_rpm,1400.5776672363281
1.701022822,1760031249.819022822,/studio/rotor_avg_rpm.mean_rpm,1408.431640625
1.7078222520000002,1760031249.825822252,/studio/rotor_avg_rpm.mean_rpm,1404.3213806152344
1.707825255,1760031249.825825255,/studio/rotor_avg_rpm.mean_rpm,1410.7093200683594
1.707830046,1760031249.825830046,/studio/rotor_avg_rpm.mean_rpm,1401.3368530273438
1.707837019,1760031249.825837019,/studio/rotor_avg_rpm.mean_rpm,1403.2218322753906
1.707840981,1760031249.825840981,/studio/rotor_avg_rpm.mean_rpm,1402.8553161621094
1.70785864,1760031249.825858640,/studio/rotor_avg_rpm.mean_rpm,1400.2111511230469
1.70787757,1760031249.825877570,/studio/rotor_avg_rpm.mean_rpm,1404.3475952148438
1.707880735,1760031249.825880735,/studio/rotor_avg_rpm.mean_rpm,1414.4268493652344
1.7262863130000001,1760031249.844286313,/studio/rotor_avg_rpm.mean_rpm,1406.9393920898438
1.72629185,1760031249.844291850,/studio/rotor_avg_rpm.mean_rpm,1415.159912109375
1.7262958460000002,1760031249.844295846,/studio/rotor_avg_rpm.mean_rpm,1410.6831359863281
1.7262988250000002,1760031249.844298825,/studio/rotor_avg_rpm.mean_rpm,1416.6521606445312
1.72630379,1760031249.844303790,/studio/rotor_avg_rpm.mean_rpm,1416.6521911621094
1.726307066,1760031249.844307066,/studio/rotor_avg_rpm.mean_rpm,1413.69384765625
1.726319474,1760031249.844319474,/studio/rotor_avg_rpm.mean_rpm,1416.6783447265625
1.726326451,1760031249.844326451,/studio/rotor_avg_rpm.mean_rpm,1420.3959045410156
1.726330495,1760031249.844330495,/studio/rotor_avg_rpm.mean_rpm,1416.6521606445312
1.726337931,1760031249.844337931,/studio/rotor_avg_rpm.mean_rpm,1425.6319274902344
1.726343014,1760031249.844343014,/studio/rotor_avg_rpm.mean_rpm,1418.9036865234375
1.726354428,1760031249.844354428,/studio/rotor_avg_rpm.mean_rpm,1421.1551208496094
1.726359119,1760031249.844359119,/studio/rotor_avg_rpm.mean_rpm,1420.3697204589844
1.726363576,1760031249.844363576,/studio/rotor_avg_rpm.mean_rpm,1421.88818359375
1.726367774,1760031249.844367774,/studio/rotor_avg_rpm.mean_rpm,1418.8774719238281
1.726378639,1760031249.844378639,/studio/rotor_avg_rpm.mean_rpm,1420.0294189453125
1.726400141,1760031249.844400141,/studio/rotor_avg_rpm.mean_rpm,1417.7778930664062
1.7348169549999999,1760031249.852816955,/studio/rotor_avg_rpm.mean_rpm,1421.8881530761719
1.734822151,1760031249.852822151,/studio/rotor_avg_rpm.mean_rpm,1416.28564453125
1.734825214,1760031249.852825214,/studio/rotor_avg_rpm.mean_rpm,1420.3697204589844
1.734827584,1760031249.852827584,/studio/rotor_avg_rpm.mean_rpm,1421.12890625
1.7348433490000001,1760031249.852843349,/studio/rotor_avg_rpm.mean_rpm,1415.5526123046875
1.7348560480000002,1760031249.852856048,/studio/rotor_avg_rpm.mean_rpm,1418.1444396972656
1.7390632840000002,1760031249.857063284,/studio/rotor_avg_rpm.mean_rpm,1419.6628723144531
1.739066667,1760031249.857066667,/studio/rotor_avg_rpm.mean_rpm,1416.6521606445312
1.7390773290000001,1760031249.857077329,/studio/rotor_avg_rpm.mean_rpm,1421.5216674804688
1.739082626,1760031249.857082626,/studio/rotor_avg_rpm.mean_rpm,1411.7826843261719
1.7390870180000002,1760031249.857087018,/studio/rotor_avg_rpm.mean_rpm,1417.3851928710938
1.739092141,1760031249.857092141,/studio/rotor_avg_rpm.mean_rpm,1417.7778930664062
1.739108823,1760031249.857108823,/studio/rotor_avg_rpm.mean_rpm,1415.5264282226562
1.749144623,1760031249.867144623,/studio/rotor_avg_rpm.mean_rpm,1418.1444091796875
1.749155368,1760031249.867155368,/studio/rotor_avg_rpm.mean_rpm,1422.2546691894531
1.749160259,1760031249.867160259,/studio/rotor_avg_rpm.mean_rpm,1417.0186767578125
1.749165944,1760031249.867165944,/studio/rotor_avg_rpm.mean_rpm,1418.1444091796875
1.749171355,1760031249.867171355,/studio/rotor_avg_rpm.mean_rpm,1423.7731323242188
1.749179619,1760031249.867179619,/studio/rotor_avg_rpm.mean_rpm,1427.857177734375
1.749189667,1760031249.867189667,/studio/rotor_avg_rpm.mean_rpm,1422.6473693847656
1.754156536,1760031249.872156536,/studio/rotor_avg_rpm.mean_rpm,1425.2391662597656
1.7541632900000002,1760031249.872163290,/studio/rotor_avg_rpm.mean_rpm,1424.5323486328125
1.754180585,1760031249.872180585,/studio/rotor_avg_rpm.mean_rpm,1433.0931701660156
1.754195996,1760031249.872195996,/studio/rotor_avg_rpm.mean_rpm,1429.0091247558594
1.754213928,1760031249.872213928,/studio/rotor_avg_rpm.mean_rpm,1430.5013732910156
1.754216964,1760031249.872216964,/studio/rotor_avg_rpm.mean_rpm,1423.3804321289062
1.754231757,1760031249.872231757,/studio/rotor_avg_rpm.mean_rpm,1431.6008911132812
1.759518077,1760031249.877518077,/studio/rotor_avg_rpm.mean_rpm,1427.1241455078125
1.759524054,1760031249.877524054,/studio/rotor_avg_rpm.mean_rpm,1426.7314453125
1.7595276370000001,1760031249.877527637,/studio/rotor_avg_rpm.mean_rpm,1433.8786315917969
1.759537809,1760031249.877537809,/studio/rotor_avg_rpm.mean_rpm,1426.0246276855469
1.759543029,1760031249.877543029,/studio/rotor_avg_rpm.mean_rpm,1433.4858703613281
1.7595498740000002,1760031249.877549874,/studio/rotor_avg_rpm.mean_rpm,1422.2546997070312
1.759561782,1760031249.877561782,/studio/rotor_avg_rpm.mean_rpm,1430.108642578125
1.765153527,1760031249.883153527,/studio/rotor_avg_rpm.mean_rpm,1424.5061645507812
1.765159143,1760031249.883159143,/studio/rotor_avg_rpm.mean_rpm,1417.7778930664062
1.7651632570000002,1760031249.883163257,/studio/rotor_avg_rpm.mean_rpm,1427.4906616210938
1.7651749350000001,1760031249.883174935,/studio/rotor_avg_rpm.mean_rpm,1424.8988952636719
1.770875487,1760031249.888875487,/studio/rotor_avg_rpm.mean_rpm,1424.5061340332031
1.770878911,1760031249.888878911,/studio/rotor_avg_rpm.mean_rpm,1422.2808532714844
1.77099909,1760031249.888999090,/studio/rotor_avg_rpm.mean_rpm,1416.6521301269531
1.7710031000000002,1760031249.889003100,/studio/rotor_avg_rpm.mean_rpm,1423.4066162109375
1.771011538,1760031249.889011538,/studio/rotor_avg_rpm.mean_rpm,1426.7575988769531
1.771017421,1760031249.889017421,/studio/rotor_avg_rpm.mean_rpm,1421.5216674804688
1.778104785,1760031249.896104785,/studio/rotor_avg_rpm.mean_rpm,1422.6211853027344
1.778113849,1760031249.896113849,/studio/rotor_avg_rpm.mean_rpm,1412.908447265625
1.778122816,1760031249.896122816,/studio/rotor_avg_rpm.mean_rpm,1418.1444091796875
1.778129131,1760031249.896129131,/studio/rotor_avg_rpm.mean_rpm,1415.1598815917969
1.778136235,1760031249.896136235,/studio/rotor_avg_rpm.mean_rpm,1423.3804016113281
1.778142504,1760031249.896142504,/studio/rotor_avg_rpm.mean_rpm,1414.7933959960938
1.778254365,1760031249.896254365,/studio/rotor_avg_rpm.mean_rpm,1413.2749328613281
1.778286422,1760031249.896286422,/studio/rotor_avg_rpm.mean_rpm,1417.4113464355469
1.785391616,1760031249.903391616,/studio/rotor_avg_rpm.mean_rpm,1418.9036254882812
1.785393655,1760031249.903393655,/studio/rotor_avg_rpm.mean_rpm,1417.0186462402344
1.785400821,1760031249.903400821,/studio/rotor_avg_rpm.mean_rpm,1410.6569519042969
1.785405274,1760031249.903405274,/studio/rotor_avg_rpm.mean_rpm,1419.6366577148438
1.785409359,1760031249.903409359,/studio/rotor_avg_rpm.mean_rpm,1414.0341491699219
1.7854230430000002,1760031249.903423043,/studio/rotor_avg_rpm.mean_rpm,1422.2546691894531
1.7910474010000001,1760031249.909047401,/studio/rotor_avg_rpm.mean_rpm,1409.5311889648438
1.791052569,1760031249.909052569,/studio/rotor_avg_rpm.mean_rpm,1415.5525817871094
1.791055437,1760031249.909055437,/studio/rotor_avg_rpm.mean_rpm,1417.0186767578125
1.791058414,1760031249.909058414,/studio/rotor_avg_rpm.mean_rpm,1423.013916015625
1.791063285,1760031249.909063285,/studio/rotor_avg_rpm.mean_rpm,1409.897705078125
1.791087225,1760031249.909087225,/studio/rotor_avg_rpm.mean_rpm,1421.5216369628906
1.791101928,1760031249.909101928,/studio/rotor_avg_rpm.mean_rpm,1421.4954223632812
1.795494788,1760031249.913494788,/studio/rotor_avg_rpm.mean_rpm,1418.5109252929688
1.7954979610000001,1760031249.913497961,/studio/rotor_avg_rpm.mean_rpm,1427.8833618164062
1.7955030710000002,1760031249.913503071,/studio/rotor_avg_rpm.mean_rpm,1416.28564453125
1.7956110060000001,1760031249.913611006,/studio/rotor_avg_rpm.mean_rpm,1423.3804016113281
1.8006052590000001,1760031249.918605259,/studio/rotor_avg_rpm.mean_rpm,1420.7886047363281
1.800609465,1760031249.918609465,/studio/rotor_avg_rpm.mean_rpm,1416.2856140136719
1.800613741,1760031249.918613741,/studio/rotor_avg_rpm.mean_rpm,1419.6366577148438
1.8006175340000001,1760031249.918617534,/studio/rotor_avg_rpm.mean_rpm,1420.0293273925781
1.800638371,1760031249.918638371,/studio/rotor_avg_rpm.mean_rpm,1424.8726501464844
1.800643073,1760031249.918643073,/studio/rotor_avg_rpm.mean_rpm,1414.7933959960938
1.805877196,1760031249.923877196,/studio/rotor_avg_rpm.mean_rpm,1417.071044921875
1.805882745,1760031249.923882745,/studio/rotor_avg_rpm.mean_rpm,1417.3851928710938
1.805886855,1760031249.923886855,/studio/rotor_avg_rpm.mean_rpm,1413.3011169433594
1.8058907990000002,1760031249.923890799,/studio/rotor_avg_rpm.mean_rpm,1411.4161682128906
1.8113248400000002,1760031249.929324840,/studio/rotor_avg_rpm.mean_rpm,1420.0293884277344
1.8113283240000002,1760031249.929328324,/studio/rotor_avg_rpm.mean_rpm,1416.6521606445312
1.811351632,1760031249.929351632,/studio/rotor_avg_rpm.mean_rpm,1423.0138854980469
1.811355189,1760031249.929355189,/studio/rotor_avg_rpm.mean_rpm,1414.7671813964844
1.8113580360000001,1760031249.929358036,/studio/rotor_avg_rpm.mean_rpm,1414.0341491699219
1.8114021290000002,1760031249.929402129,/studio/rotor_avg_rpm.mean_rpm,1417.8040771484375
1.819909645,1760031249.937909645,/studio/rotor_avg_rpm.mean_rpm,1414.0603332519531
1.81991412,1760031249.937914120,/studio/rotor_avg_rpm.mean_rpm,1417.7778930664062
1.819930301,1760031249.937930301,/studio/rotor_avg_rpm.mean_rpm,1408.431640625
1.8199352270000002,1760031249.937935227,/studio/rotor_avg_rpm.mean_rpm,1415.9190979003906
1.8199414580000002,1760031249.937941458,/studio/rotor_avg_rpm.mean_rpm,1412.9346008300781
1.819947366,1760031249.937947366,/studio/rotor_avg_rpm.mean_rpm,1405.4471435546875
1.823560496,1760031249.941560496,/studio/rotor_avg_rpm.mean_rpm,1404.6878967285156
1.8235676550000002,1760031249.941567655,/studio/rotor_avg_rpm.mean_rpm,1415.5525817871094
1.823574431,1760031249.941574431,/studio/rotor_avg_rpm.mean_rpm,1403.9548645019531
1.823608236,1760031249.941608236,/studio/rotor_avg_rpm.mean_rpm,1402.4364318847656
1.823613681,1760031249.941613681,/studio/rotor_avg_rpm.mean_rpm,1411.4422912597656
1.823619989,1760031249.941619989,/studio/rotor_avg_rpm.mean_rpm,1399.0853576660156
1.823623427,1760031249.941623427,/studio/rotor_avg_rpm.mean_rpm,1406.1801452636719
1.827271896,1760031249.945271896,/studio/rotor_avg_rpm.mean_rpm,1406.1801452636719
1.8273255220000002,1760031249.945325522,/studio/rotor_avg_rpm.mean_rpm,1404.7140502929688
1.827343986,1760031249.945343986,/studio/rotor_avg_rpm.mean_rpm,1409.557373046875
1.832365615,1760031249.950365615,/studio/rotor_avg_rpm.mean_rpm,1408.8243408203125
1.832371599,1760031249.950371599,/studio/rotor_avg_rpm.mean_rpm,1410.3165893554688
1.8323771500000001,1760031249.950377150,/studio/rotor_avg_rpm.mean_rpm,1404.3213806152344
1.832381191,1760031249.950381191,/studio/rotor_avg_rpm.mean_rpm,1414.4006652832031
1.832386337,1760031249.950386337,/studio/rotor_avg_rpm.mean_rpm,1405.8136291503906
1.86701419,1760031249.985014190,/studio/rotor_avg_rpm.mean_rpm,1396.4673461914062
1.867021123,1760031249.985021123,/studio/rotor_avg_rpm.mean_rpm,1401.3368530273438
1.867028182,1760031249.985028182,/studio/rotor_avg_rpm.mean_rpm,1405.0805969238281
1.867032607,1760031249.985032607,/studio/rotor_avg_rpm.mean_rpm,1403.2218017578125
1.867041423,1760031249.985041423,/studio/rotor_avg_rpm.mean_rpm,1408.4578247070312
1.867045958,1760031249.985045958,/studio/rotor_avg_rpm.mean_rpm,1405.4732971191406
1.867055785,1760031249.985055785,/studio/rotor_avg_rpm.mean_rpm,1403.9548645019531
1.86706125,1760031249.985061250,/studio/rotor_avg_rpm.mean_rpm,1402.4626159667969
1.867064834,1760031249.985064834,/studio/rotor_avg_rpm.mean_rpm,1400.6038513183594
1.867068847,1760031249.985068847,/studio/rotor_avg_rpm.mean_rpm,1404.7140502929688
1.867085276,1760031249.985085276,/studio/rotor_avg_rpm.mean_rpm,1410.68310546875
1.867089583,1760031249.985089583,/studio/rotor_avg_rpm.mean_rpm,1407.3321228027344
1.867093957,1760031249.985093957,/studio/rotor_avg_rpm.mean_rpm,1409.1908569335938
1.867114408,1760031249.985114408,/studio/rotor_avg_rpm.mean_rpm,1403.5883178710938
1.8671191500000002,1760031249.985119150,/studio/rotor_avg_rpm.mean_rpm,1418.9036254882812
1.8671311,1760031249.985131100,/studio/rotor_avg_rpm.mean_rpm,1409.5574035644531
1.867134744,1760031249.985134744,/studio/rotor_avg_rpm.mean_rpm,1411.4423522949219
1.867138006,1760031249.985138006,/studio/rotor_avg_rpm.mean_rpm,1406.5728454589844
1.867187337,1760031249.985187337,/studio/rotor_avg_rpm.mean_rpm,1413.3273010253906
1.867193832,1760031249.985193832,/studio/rotor_avg_rpm.mean_rpm,1413.3273315429688
1.8671980490000002,1760031249.985198049,/studio/rotor_avg_rpm.mean_rpm,1407.305908203125
1.867204018,1760031249.985204018,/studio/rotor_avg_rpm.mean_rpm,1414.819580078125
1.8672097390000002,1760031249.985209739,/studio/rotor_avg_rpm.mean_rpm,1416.6521606445312
1.867214512,1760031249.985214512,/studio/rotor_avg_rpm.mean_rpm,1415.159912109375
1.867217632,1760031249.985217632,/studio/rotor_avg_rpm.mean_rpm,1411.4423217773438
1.867232338,1760031249.985232338,/studio/rotor_avg_rpm.mean_rpm,1420.7886047363281
1.867236155,1760031249.985236155,/studio/rotor_avg_rpm.mean_rpm,1443.9578857421875
1.867239534,1760031249.985239534,/studio/rotor_avg_rpm.mean_rpm,1435.3446655273438
1.8672475190000002,1760031249.985247519,/studio/rotor_avg_rpm.mean_rpm,1440.973388671875
1.8672516300000002,1760031249.985251630,/studio/rotor_avg_rpm.mean_rpm,1448.0943603515625
1.8672542120000002,1760031249.985254212,/studio/rotor_avg_rpm.mean_rpm,1453.3041381835938
1.86726139,1760031249.985261390,/studio/rotor_avg_rpm.mean_rpm,1450.7123107910156
1.867265265,1760031249.985265265,/studio/rotor_avg_rpm.mean_rpm,1466.0276184082031
1.867271122,1760031249.985271122,/studio/rotor_avg_rpm.mean_rpm,1466.0014343261719
1.872393168,1760031249.990393168,/studio/rotor_avg_rpm.mean_rpm,1455.9221801757812
1.8723970090000002,1760031249.990397009,/studio/rotor_avg_rpm.mean_rpm,1471.2636413574219
1.872400445,1760031249.990400445,/studio/rotor_avg_rpm.mean_rpm,1469.7451782226562
1.8724298570000002,1760031249.990429857,/studio/rotor_avg_rpm.mean_rpm,1465.6348876953125
1.872436554,1760031249.990436554,/studio/rotor_avg_rpm.mean_rpm,1461.524658203125
1.8724455350000002,1760031249.990445535,/studio/rotor_avg_rpm.mean_rpm,1467.4937438964844
1.923402367,1760031250.041402367,/studio/rotor_avg_rpm.mean_rpm,1460.7654418945312
1.92342001,1760031250.041420010,/studio/rotor_avg_rpm.mean_rpm,1458.9066772460938
1.9234303480000001,1760031250.041430348,/studio/rotor_avg_rpm.mean_rpm,1452.5711059570312
1.923458472,1760031250.041458472,/studio/rotor_avg_rpm.mean_rpm,1451.4453735351562
1.9234723050000002,1760031250.041472305,/studio/rotor_avg_rpm.mean_rpm,1442.4656677246094
1.923487388,1760031250.041487388,/studio/rotor_avg_rpm.mean_rpm,1448.0681457519531
1.923517397,1760031250.041517397,/studio/rotor_avg_rpm.mean_rpm,1440.633056640625
1.923570683,1760031250.041570683,/studio/rotor_avg_rpm.mean_rpm,1433.9048156738281
1.923611661,1760031250.041611661,/studio/rotor_avg_rpm.mean_rpm,1424.5323486328125
1.9236245470000002,1760031250.041624547,/studio/rotor_avg_rpm.mean_rpm,1422.2808532714844
1.923651144,1760031250.041651144,/studio/rotor_avg_rpm.mean_rpm,1424.1396484375
1.923732897,1760031250.041732897,/studio/rotor_avg_rpm.mean_rpm,1417.411376953125
1.923745491,1760031250.041745491,/studio/rotor_avg_rpm.mean_rpm,1409.5311889648438
1.923765919,1760031250.041765919,/studio/rotor_avg_rpm.mean_rpm,1402.8029174804688
1.923779454,1760031250.041779454,/studio/rotor_avg_rpm.mean_rpm,1399.8183898925781
1.9237916940000002,1760031250.041791694,/studio/rotor_avg_rpm.mean_rpm,1405.4471130371094
1.9238023850000001,1760031250.041802385,/studio/rotor_avg_rpm.mean_rpm,1399.0854187011719
1.923822863,1760031250.041822863,/studio/rotor_avg_rpm.mean_rpm,1391.9643859863281
1.923834759,1760031250.041834759,/studio/rotor_avg_rpm.mean_rpm,1388.9798889160156
1.9238642430000001,1760031250.041864243,/studio/rotor_avg_rpm.mean_rpm,1381.5185852050781
1.923876641,1760031250.041876641,/studio/rotor_avg_rpm.mean_rpm,1385.6026611328125
1.923901024,1760031250.041901024,/studio/rotor_avg_rpm.mean_rpm,1371.7796325683594
1.923922944,1760031250.041922944,/studio/rotor_avg_rpm.mean_rpm,1381.4924011230469
1.9239345550000002,1760031250.041934555,/studio/rotor_avg_rpm.mean_rpm,1375.889892578125
1.923945528,1760031250.041945528,/studio/rotor_avg_rpm.mean_rpm,1364.65869140625
1.9239560130000002,1760031250.041956013,/studio/rotor_avg_rpm.mean_rpm,1369.16162109375
1.923966089,1760031250.041966089,/studio/rotor_avg_rpm.mean_rpm,1369.1354370117188
1.924000275,1760031250.042000275,/studio/rotor_avg_rpm.mean_rpm,1362.06689453125
1.924016678,1760031250.042016678,/studio/rotor_avg_rpm.mean_rpm,1351.9875793457031
1.924026629,1760031250.042026629,/studio/rotor_avg_rpm.mean_rpm,1353.8463745117188
1.924058766,1760031250.042058766,/studio/rotor_avg_rpm.mean_rpm,1355.7051391601562
1.924071374,1760031250.042071374,/studio/rotor_avg_rpm.mean_rpm,1356.4381713867188
1.924084544,1760031250.042084544,/studio/rotor_avg_rpm.mean_rpm,1359.0823669433594
1.924093811,1760031250.042093811,/studio/rotor_avg_rpm.mean_rpm,1350.8356323242188
1.924110935,1760031250.042110935,/studio/rotor_avg_rpm.mean_rpm,1347.0919189453125
1.92412188,1760031250.042121880,/studio/rotor_avg_rpm.mean_rpm,1347.0919189453125
1.924130555,1760031250.042130555,/studio/rotor_avg_rpm.mean_rpm,1351.5948791503906
1.924151125,1760031250.042151125,/studio/rotor_avg_rpm.mean_rpm,1363.5329284667969
1.924165115,1760031250.042165115,/studio/rotor_avg_rpm.mean_rpm,1350.4429321289062
1.929990638,1760031250.047990638,/studio/rotor_avg_rpm.mean_rpm,1347.824951171875
1.9299943110000002,1760031250.047994311,/studio/rotor_avg_rpm.mean_rpm,1351.2021484375
1.929998946,1760031250.047998946,/studio/rotor_avg_rpm.mean_rpm,1360.5484313964844
1.930003926,1760031250.048003926,/studio/rotor_avg_rpm.mean_rpm,1356.0716247558594
1.930007435,1760031250.048007435,/studio/rotor_avg_rpm.mean_rpm,1350.8356628417969
1.9300106000000001,1760031250.048010600,/studio/rotor_avg_rpm.mean_rpm,1358.3231201171875
1.930021868,1760031250.048021868,/studio/rotor_avg_rpm.mean_rpm,1351.5686950683594
1.9300347320000002,1760031250.048034732,/studio/rotor_avg_rpm.mean_rpm,1362.0668640136719
1.930040855,1760031250.048040855,/studio/rotor_avg_rpm.mean_rpm,1356.46435546875
1.930058033,1760031250.048058033,/studio/rotor_avg_rpm.mean_rpm,1356.4381408691406
1.930062528,1760031250.048062528,/studio/rotor_avg_rpm.mean_rpm,1363.9518432617188
1.930079251,1760031250.048079251,/studio/rotor_avg_rpm.mean_rpm,1361.7003479003906
1.9300821510000001,1760031250.048082151,/studio/rotor_avg_rpm.mean_rpm,1368.7689208984375
1.930086661,1760031250.048086661,/studio/rotor_avg_rpm.mean_rpm,1363.1664123535156
1.9301075330000002,1760031250.048107533,/studio/rotor_avg_rpm.mean_rpm,1365.4178771972656
1.9301106950000002,1760031250.048110695,/studio/rotor_avg_rpm.mean_rpm,1363.5853271484375
1.930127552,1760031250.048127552,/studio/rotor_avg_rpm.mean_rpm,1369.16162109375
1.935106732,1760031250.053106732,/studio/rotor_avg_rpm.mean_rpm,1372.9053344726562
1.9351102880000002,1760031250.053110288,/studio/rotor_avg_rpm.mean_rpm,1368.0621032714844
1.935138001,1760031250.053138001,/studio/rotor_avg_rpm.mean_rpm,1367.2766723632812
1.935142881,1760031250.053142881,/studio/rotor_avg_rpm.mean_rpm,1381.1258850097656
1.935157167,1760031250.053157167,/studio/rotor_avg_rpm.mean_rpm,1372.5388793945312
1.9393134980000002,1760031250.057313498,/studio/rotor_avg_rpm.mean_rpm,1382.6181640625
1.93931961,1760031250.057319610,/studio/rotor_avg_rpm.mean_rpm,1379.6336364746094
1.939324622,1760031250.057324622,/studio/rotor_avg_rpm.mean_rpm,1381.5186157226562
1.93932804,1760031250.057328040,/studio/rotor_avg_rpm.mean_rpm,1376.2564086914062
1.939335481,1760031250.057335481,/studio/rotor_avg_rpm.mean_rpm,1380.3666687011719
1.939349588,1760031250.057349588,/studio/rotor_avg_rpm.mean_rpm,1385.2623596191406
1.942387418,1760031250.060387418,/studio/rotor_avg_rpm.mean_rpm,1385.9691772460938
1.942390491,1760031250.060390491,/studio/rotor_avg_rpm.mean_rpm,1388.6134033203125
1.942393927,1760031250.060393927,/studio/rotor_avg_rpm.mean_rpm,1385.995361328125
1.9462836170000002,1760031250.064283617,/studio/rotor_avg_rpm.mean_rpm,1385.6288452148438
1.946288369,1760031250.064288369,/studio/rotor_avg_rpm.mean_rpm,1393.1163330078125
1.946292642,1760031250.064292642,/studio/rotor_avg_rpm.mean_rpm,1383.3773803710938
1.946307971,1760031250.064307971,/studio/rotor_avg_rpm.mean_rpm,1389.3726196289062
1.954687588,1760031250.072687588,/studio/rotor_avg_rpm.mean_rpm,1390.1055908203125
1.95469166,1760031250.072691660,/studio/rotor_avg_rpm.mean_rpm,1392.3571166992188
1.9546963110000002,1760031250.072696311,/studio/rotor_avg_rpm.mean_rpm,1389.7129211425781
1.954701869,1760031250.072701869,/studio/rotor_avg_rpm.mean_rpm,1402.4364624023438
1.9547094450000002,1760031250.072709445,/studio/rotor_avg_rpm.mean_rpm,1393.4566955566406
1.9547120850000002,1760031250.072712085,/studio/rotor_avg_rpm.mean_rpm,1381.492431640625
1.9618347420000002,1760031250.079834742,/studio/rotor_avg_rpm.mean_rpm,1395.7081604003906
1.9618476180000002,1760031250.079847618,/studio/rotor_avg_rpm.mean_rpm,1389.7129211425781
1.9618562910000001,1760031250.079856291,/studio/rotor_avg_rpm.mean_rpm,1389.3725891113281
1.9618674290000002,1760031250.079867429,/studio/rotor_avg_rpm.mean_rpm,1385.6026916503906
1.961903583,1760031250.079903583,/studio/rotor_avg_rpm.mean_rpm,1389.7391357421875
1.961917096,1760031250.079917096,/studio/rotor_avg_rpm.mean_rpm,1394.5823974609375
1.961927865,1760031250.079927865,/studio/rotor_avg_rpm.mean_rpm,1393.4566650390625
1.962013409,1760031250.080013409,/studio/rotor_avg_rpm.mean_rpm,1394.6086120605469
1.9671698700000002,1760031250.085169870,/studio/rotor_avg_rpm.mean_rpm,1391.597900390625
1.9671836630000001,1760031250.085183663,/studio/rotor_avg_rpm.mean_rpm,1396.4673767089844
1.9671952030000002,1760031250.085195203,/studio/rotor_avg_rpm.mean_rpm,1400.9703369140625
1.96721082,1760031250.085210820,/studio/rotor_avg_rpm.mean_rpm,1402.0960693359375
1.9672924960000002,1760031250.085292496,/studio/rotor_avg_rpm.mean_rpm,1401.3368530273438
1.9673241360000002,1760031250.085324136,/studio/rotor_avg_rpm.mean_rpm,1399.0853576660156
1.9712983350000002,1760031250.089298335,/studio/rotor_avg_rpm.mean_rpm,1409.9500427246094
1.971321738,1760031250.089321738,/studio/rotor_avg_rpm.mean_rpm,1401.3106689453125
1.971391853,1760031250.089391853,/studio/rotor_avg_rpm.mean_rpm,1403.5621643066406
1.9714033180000001,1760031250.089403318,/studio/rotor_avg_rpm.mean_rpm,1410.6830749511719
1.976879506,1760031250.094879506,/studio/rotor_avg_rpm.mean_rpm,1409.1908569335938
1.976895076,1760031250.094895076,/studio/rotor_avg_rpm.mean_rpm,1402.4626159667969
1.9769123300000002,1760031250.094912330,/studio/rotor_avg_rpm.mean_rpm,1412.9084167480469
1.9770634880000002,1760031250.095063488,/studio/rotor_avg_rpm.mean_rpm,1411.808837890625
1.977135826,1760031250.095135826,/studio/rotor_avg_rpm.mean_rpm,1406.5728759765625
1.983940867,1760031250.101940867,/studio/rotor_avg_rpm.mean_rpm,1418.5109252929688
1.9839581060000002,1760031250.101958106,/studio/rotor_avg_rpm.mean_rpm,1411.0496215820312
1.983974693,1760031250.101974693,/studio/rotor_avg_rpm.mean_rpm,1412.1753845214844
1.98400188,1760031250.102001880,/studio/rotor_avg_rpm.mean_rpm,1414.4006652832031
1.9840237630000002,1760031250.102023763,/studio/rotor_avg_rpm.mean_rpm,1420.4220886230469
1.984039896,1760031250.102039896,/studio/rotor_avg_rpm.mean_rpm,1420.0293579101562
1.984069708,1760031250.102069708,/studio/rotor_avg_rpm.mean_rpm,1414.7933654785156
1.9910630400000002,1760031250.109063040,/studio/rotor_avg_rpm.mean_rpm,1408.8243713378906
1.991091449,1760031250.109091449,/studio/rotor_avg_rpm.mean_rpm,1421.1551208496094
1.991104713,1760031250.109104713,/studio/rotor_avg_rpm.mean_rpm,1420.0293884277344
1.9911250470000001,1760031250.109125047,/studio/rotor_avg_rpm.mean_rpm,1413.6676330566406
1.991148222,1760031250.109148222,/studio/rotor_avg_rpm.mean_rpm,1415.159912109375
1.991200722,1760031250.109200722,/studio/rotor_avg_rpm.mean_rpm,1420.0293884277344
1.9912742360000002,1760031250.109274236,/studio/rotor_avg_rpm.mean_rpm,1424.1396179199219
2.00150869,1760031250.119508690,/studio/rotor_avg_rpm.mean_rpm,1418.1444091796875
2.001519565,1760031250.119519565,/studio/rotor_avg_rpm.mean_rpm,1420.7623901367188
2.001532421,1760031250.119532421,/studio/rotor_avg_rpm.mean_rpm,1424.1396179199219
2.001547467,1760031250.119547467,/studio/rotor_avg_rpm.mean_rpm,1430.1348571777344
2.001565468,1760031250.119565468,/studio/rotor_avg_rpm.mean_rpm,1419.2701416015625
2.001670856,1760031250.119670856,/studio/rotor_avg_rpm.mean_rpm,1424.1396179199219
2.001694117,1760031250.119694117,/studio/rotor_avg_rpm.mean_rpm,1420.7624206542969
2.001707735,1760031250.119707735,/studio/rotor_avg_rpm.mean_rpm,1420.3958740234375
2.012174159,1760031250.130174159,/studio/rotor_avg_rpm.mean_rpm,1424.1396484375
2.01219947,1760031250.130199470,/studio/rotor_avg_rpm.mean_rpm,1425.6318969726562
2.012214678,1760031250.130214678,/studio/rotor_avg_rpm.mean_rpm,1429.0091247558594
2.012350021,1760031250.130350021,/studio/rotor_avg_rpm.mean_rpm,1423.0138854980469
2.012382843,1760031250.130382843,/studio/rotor_avg_rpm.mean_rpm,1426.7576293945312
2.012455162,1760031250.130455162,/studio/rotor_avg_rpm.mean_rpm,1421.5216064453125
2.012510499,1760031250.130510499,/studio/rotor_avg_rpm.mean_rpm,1426.39111328125
2.012816978,1760031250.130816978,/studio/rotor_avg_rpm.mean_rpm,1426.7576293945312
2.012832724,1760031250.130832724,/studio/rotor_avg_rpm.mean_rpm,1425.2653503417969
2.012848622,1760031250.130848622,/studio/rotor_avg_rpm.mean_rpm,1420.3958740234375
2.012857635,1760031250.130857635,/studio/rotor_avg_rpm.mean_rpm,1425.2653503417969
2.012971266,1760031250.130971266,/studio/rotor_avg_rpm.mean_rpm,1417.411376953125
2.021099222,1760031250.139099222,/studio/rotor_avg_rpm.mean_rpm,1420.3959045410156
2.021136876,1760031250.139136876,/studio/rotor_avg_rpm.mean_rpm,1431.6271057128906
2.021165783,1760031250.139165783,/studio/rotor_avg_rpm.mean_rpm,1416.2856140136719
2.021191297,1760031250.139191297,/studio/rotor_avg_rpm.mean_rpm,1425.265380859375
2.021207096,1760031250.139207096,/studio/rotor_avg_rpm.mean_rpm,1426.39111328125
2.021238759,1760031250.139238759,/studio/rotor_avg_rpm.mean_rpm,1420.3959045410156
2.021258095,1760031250.139258095,/studio/rotor_avg_rpm.mean_rpm,1417.3851928710938
2.026008812,1760031250.144008812,/studio/rotor_avg_rpm.mean_rpm,1420.7624206542969
2.026027032,1760031250.144027032,/studio/rotor_avg_rpm.mean_rpm,1423.0138854980469
2.026057102,1760031250.144057102,/studio/rotor_avg_rpm.mean_rpm,1423.0138854980469
2.02608308,1760031250.144083080,/studio/rotor_avg_rpm.mean_rpm,1421.1289367675781
2.026097847,1760031250.144097847,/studio/rotor_avg_rpm.mean_rpm,1414.0603637695312
2.026115034,1760031250.144115034,/studio/rotor_avg_rpm.mean_rpm,1421.88818359375
2.026150122,1760031250.144150122,/studio/rotor_avg_rpm.mean_rpm,1418.5109558105469
2.026162241,1760031250.144162241,/studio/rotor_avg_rpm.mean_rpm,1419.6628723144531
2.037273767,1760031250.155273767,/studio/rotor_avg_rpm.mean_rpm,1419.2701416015625
2.037299771,1760031250.155299771,/studio/rotor_avg_rpm.mean_rpm,1411.0234375
2.037316424,1760031250.155316424,/studio/rotor_avg_rpm.mean_rpm,1411.4161682128906
2.037330121,1760031250.155330121,/studio/rotor_avg_rpm.mean_rpm,1402.8291320800781
2.037348073,1760031250.155348073,/studio/rotor_avg_rpm.mean_rpm,1410.2904052734375
2.037367172,1760031250.155367172,/studio/rotor_avg_rpm.mean_rpm,1410.6569213867188
2.037377243,1760031250.155377243,/studio/rotor_avg_rpm.mean_rpm,1407.6724243164062
2.037473629,1760031250.155473629,/studio/rotor_avg_rpm.mean_rpm,1412.149169921875
2.037524348,1760031250.155524348,/studio/rotor_avg_rpm.mean_rpm,1412.5418701171875
2.042197631,1760031250.160197631,/studio/rotor_avg_rpm.mean_rpm,1414.0341796875
2.04220008,1760031250.160200080,/studio/rotor_avg_rpm.mean_rpm,1405.7874145507812
2.042231136,1760031250.160231136,/studio/rotor_avg_rpm.mean_rpm,1411.0234680175781
2.042236916,1760031250.160236916,/studio/rotor_avg_rpm.mean_rpm,1408.7981567382812
2.042240787,1760031250.160240787,/studio/rotor_avg_rpm.mean_rpm,1407.6724243164062
2.042246537,1760031250.160246537,/studio/rotor_avg_rpm.mean_rpm,1406.1801452636719
2.042252286,1760031250.160252286,/studio/rotor_avg_rpm.mean_rpm,1416.2594299316406
2.042263154,1760031250.160263154,/studio/rotor_avg_rpm.mean_rpm,1407.6724243164062
2.045621168,1760031250.163621168,/studio/rotor_avg_rpm.mean_rpm,1412.1492004394531
2.045626164,1760031250.163626164,/studio/rotor_avg_rpm.mean_rpm,1408.431640625
2.045629532,1760031250.163629532,/studio/rotor_avg_rpm.mean_rpm,1415.500244140625
2.045655181,1760031250.163655181,/studio/rotor_avg_rpm.mean_rpm,1414.4006652832031
2.055871182,1760031250.173871182,/studio/rotor_avg_rpm.mean_rpm,1406.9393920898438
2.055875306,1760031250.173875306,/studio/rotor_avg_rpm.mean_rpm,1415.1336975097656
2.055927414,1760031250.173927414,/studio/rotor_avg_rpm.mean_rpm,1415.1336975097656
2.055935178,1760031250.173935178,/studio/rotor_avg_rpm.mean_rpm,1417.3851623535156
2.055942806,1760031250.173942806,/studio/rotor_avg_rpm.mean_rpm,1414.0079650878906
2.055948051,1760031250.173948051,/studio/rotor_avg_rpm.mean_rpm,1414.0079650878906
2.055963498,1760031250.173963498,/studio/rotor_avg_rpm.mean_rpm,1413.6676330566406
2.059854137,1760031250.177854137,/studio/rotor_avg_rpm.mean_rpm,1411.7826843261719
2.059865408,1760031250.177865408,/studio/rotor_avg_rpm.mean_rpm,1412.1753845214844
2.059870754,1760031250.177870754,/studio/rotor_avg_rpm.mean_rpm,1408.4316711425781
2.059880464,1760031250.177880464,/studio/rotor_avg_rpm.mean_rpm,1416.2594604492188
2.05988668,1760031250.177886680,/studio/rotor_avg_rpm.mean_rpm,1414.7671813964844
2.05989172,1760031250.177891720,/studio/rotor_avg_rpm.mean_rpm,1406.9393615722656
2.069107329,1760031250.187107329,/studio/rotor_avg_rpm.mean_rpm,1412.5419006347656
2.069111769,1760031250.187111769,/studio/rotor_avg_rpm.mean_rpm,1409.9238891601562
2.069117803,1760031250.187117803,/studio/rotor_avg_rpm.mean_rpm,1413.6414489746094
2.069124165,1760031250.187124165,/studio/rotor_avg_rpm.mean_rpm,1411.8088684082031
2.069128506,1760031250.187128506,/studio/rotor_avg_rpm.mean_rpm,1419.2701721191406
2.069135612,1760031250.187135612,/studio/rotor_avg_rpm.mean_rpm,1411.7826843261719
2.069150351,1760031250.187150351,/studio/rotor_avg_rpm.mean_rpm,1408.431640625
2.073051429,1760031250.191051429,/studio/rotor_avg_rpm.mean_rpm,1418.1444091796875
2.073057901,1760031250.191057901,/studio/rotor_avg_rpm.mean_rpm,1414.7933654785156
2.073063258,1760031250.191063258,/studio/rotor_avg_rpm.mean_rpm,1412.1492004394531
2.073068335,1760031250.191068335,/studio/rotor_avg_rpm.mean_rpm,1419.2963562011719
2.073073796,1760031250.191073796,/studio/rotor_avg_rpm.mean_rpm,1424.8988647460938
2.073079075,1760031250.191079075,/studio/rotor_avg_rpm.mean_rpm,1412.5418701171875
2.073089752,1760031250.191089752,/studio/rotor_avg_rpm.mean_rpm,1416.3118286132812
2.086575556,1760031250.204575556,/studio/rotor_avg_rpm.mean_rpm,1419.2963562011719
2.08659151,1760031250.204591510,/studio/rotor_avg_rpm.mean_rpm,1415.9191284179688
2.086627423,1760031250.204627423,/studio/rotor_avg_rpm.mean_rpm,1415.9190979003906
2.086645237,1760031250.204645237,/studio/rotor_avg_rpm.mean_rpm,1414.0603637695312
2.086684928,1760031250.204684928,/studio/rotor_avg_rpm.mean_rpm,1411.8088684082031
2.086698895,1760031250.204698895,/studio/rotor_avg_rpm.mean_rpm,1408.4316101074219
2.086723476,1760031250.204723476,/studio/rotor_avg_rpm.mean_rpm,1417.4375610351562
2.086762346,1760031250.204762346,/studio/rotor_avg_rpm.mean_rpm,1414.0603637695312
2.091901416,1760031250.209901416,/studio/rotor_avg_rpm.mean_rpm,1408.8243103027344
2.091913771,1760031250.209913771,/studio/rotor_avg_rpm.mean_rpm,1409.9500427246094
2.091924626,1760031250.209924626,/studio/rotor_avg_rpm.mean_rpm,1430.8940734863281
2.092078679,1760031250.210078679,/studio/rotor_avg_rpm.mean_rpm,1419.2963256835938
2.092097148,1760031250.210097148,/studio/rotor_avg_rpm.mean_rpm,1422.673583984375
2.092109744,1760031250.210109744,/studio/rotor_avg_rpm.mean_rpm,1417.8040771484375
2.092119235,1760031250.210119235,/studio/rotor_avg_rpm.mean_rpm,1432.0198669433594
2.09213224,1760031250.210132240,/studio/rotor_avg_rpm.mean_rpm,1427.5430603027344
2.092145031,1760031250.210145031,/studio/rotor_avg_rpm.mean_rpm,1431.9936218261719
2.092316023,1760031250.210316023,/studio/rotor_avg_rpm.mean_rpm,1430.1348876953125
2.097182404,1760031250.215182404,/studio/rotor_avg_rpm.mean_rpm,1437.9888916015625
2.097211237,1760031250.215211237,/studio/rotor_avg_rpm.mean_rpm,1433.4858703613281
2.097257492,1760031250.215257492,/studio/rotor_avg_rpm.mean_rpm,1429.3756408691406
2.097281818,1760031250.215281818,/studio/rotor_avg_rpm.mean_rpm,1434.6116333007812
2.097327076,1760031250.215327076,/studio/rotor_avg_rpm.mean_rpm,1430.867919921875
2.097340571,1760031250.215340571,/studio/rotor_avg_rpm.mean_rpm,1428.6426086425781
2.097498808,1760031250.215498808,/studio/rotor_avg_rpm.mean_rpm,1435.7373657226562
2.1020840610000002,1760031250.220084061,/studio/rotor_avg_rpm.mean_rpm,1428.2760620117188
2.102098302,1760031250.220098302,/studio/rotor_avg_rpm.mean_rpm,1424.5323791503906
2.102225182,1760031250.220225182,/studio/rotor_avg_rpm.mean_rpm,1430.8678894042969
2.102239273,1760031250.220239273,/studio/rotor_avg_rpm.mean_rpm,1424.1396484375
2.105882013,1760031250.223882013,/studio/rotor_avg_rpm.mean_rpm,1421.5216674804688
2.105894865,1760031250.223894865,/studio/rotor_avg_rpm.mean_rpm,1421.1550903320312
2.106021242,1760031250.224021242,/studio/rotor_avg_rpm.mean_rpm,1418.9298400878906
2.106045246,1760031250.224045246,/studio/rotor_avg_rpm.mean_rpm,1415.5525817871094
2.117857825,1760031250.235857825,/studio/rotor_avg_rpm.mean_rpm,1413.3011474609375
2.117870299,1760031250.235870299,/studio/rotor_avg_rpm.mean_rpm,1411.7826843261719
2.117953054,1760031250.235953054,/studio/rotor_avg_rpm.mean_rpm,1408.0651245117188
2.117979744,1760031250.235979744,/studio/rotor_avg_rpm.mean_rpm,1404.6878967285156
2.117997466,1760031250.235997466,/studio/rotor_avg_rpm.mean_rpm,1410.2904357910156
2.118034733,1760031250.236034733,/studio/rotor_avg_rpm.mean_rpm,1412.9346008300781
2.122733939,1760031250.240733939,/studio/rotor_avg_rpm.mean_rpm,1402.0699157714844
2.122741589,1760031250.240741589,/studio/rotor_avg_rpm.mean_rpm,1403.6145324707031
2.122838013,1760031250.240838013,/studio/rotor_avg_rpm.mean_rpm,1398.3262023925781
2.122851261,1760031250.240851261,/studio/rotor_avg_rpm.mean_rpm,1399.8183898925781
2.1228785390000002,1760031250.240878539,/studio/rotor_avg_rpm.mean_rpm,1387.88037109375
2.122901252,1760031250.240901252,/studio/rotor_avg_rpm.mean_rpm,1389.3725891113281
2.122915409,1760031250.240915409,/studio/rotor_avg_rpm.mean_rpm,1390.4983520507812
2.122962332,1760031250.240962332,/studio/rotor_avg_rpm.mean_rpm,1392.0167846679688
2.122981736,1760031250.240981736,/studio/rotor_avg_rpm.mean_rpm,1384.1365966796875
2.135413278,1760031250.253413278,/studio/rotor_avg_rpm.mean_rpm,1378.1414184570312
2.135431262,1760031250.253431262,/studio/rotor_avg_rpm.mean_rpm,1390.1318359375
2.135448244,1760031250.253448244,/studio/rotor_avg_rpm.mean_rpm,1383.743896484375
2.13545973,1760031250.253459730,/studio/rotor_avg_rpm.mean_rpm,1377.4083557128906
2.135593414,1760031250.253593414,/studio/rotor_avg_rpm.mean_rpm,1376.6491394042969
2.135614205,1760031250.253614205,/studio/rotor_avg_rpm.mean_rpm,1378.1413879394531
2.135625979,1760031250.253625979,/studio/rotor_avg_rpm.mean_rpm,1379.6598205566406
2.135639059,1760031250.253639059,/studio/rotor_avg_rpm.mean_rpm,1379.6598205566406
2.135663493,1760031250.253663493,/studio/rotor_avg_rpm.mean_rpm,1374.0310974121094
2.135720695,1760031250.253720695,/studio/rotor_avg_rpm.mean_rpm,1378.1675720214844
2.1440537,1760031250.262053700,/studio/rotor_avg_rpm.mean_rpm,1378.9006042480469
2.144077642,1760031250.262077642,/studio/rotor_avg_rpm.mean_rpm,1370.3135375976562
2.144097358,1760031250.262097358,/studio/rotor_avg_rpm.mean_rpm,1373.6907653808594
2.144199117,1760031250.262199117,/studio/rotor_avg_rpm.mean_rpm,1374.423828125
2.144354526,1760031250.262354526,/studio/rotor_avg_rpm.mean_rpm,1375.1568603515625
2.144369638,1760031250.262369638,/studio/rotor_avg_rpm.mean_rpm,1370.3135375976562
2.14438654,1760031250.262386540,/studio/rotor_avg_rpm.mean_rpm,1366.9101867675781
2.144403487,1760031250.262403487,/studio/rotor_avg_rpm.mean_rpm,1365.0513610839844
2.144424289,1760031250.262424289,/studio/rotor_avg_rpm.mean_rpm,1377.4083862304688
2.144443969,1760031250.262443969,/studio/rotor_avg_rpm.mean_rpm,1375.1830444335938
2.14448721,1760031250.262487210,/studio/rotor_avg_rpm.mean_rpm,1370.2873840332031
2.152289556,1760031250.270289556,/studio/rotor_avg_rpm.mean_rpm,1373.6646118164062
2.152307262,1760031250.270307262,/studio/rotor_avg_rpm.mean_rpm,1375.5233764648438
2.152321503,1760031250.270321503,/studio/rotor_avg_rpm.mean_rpm,1374.0049133300781
2.152404676,1760031250.270404676,/studio/rotor_avg_rpm.mean_rpm,1375.1568603515625
2.15248734,1760031250.270487340,/studio/rotor_avg_rpm.mean_rpm,1374.0311279296875
2.152513978,1760031250.270513978,/studio/rotor_avg_rpm.mean_rpm,1383.7700805664062
2.152540818,1760031250.270540818,/studio/rotor_avg_rpm.mean_rpm,1374.76416015625
2.152564271,1760031250.270564271,/studio/rotor_avg_rpm.mean_rpm,1372.5126647949219
2.152629398,1760031250.270629398,/studio/rotor_avg_rpm.mean_rpm,1375.5233764648438
2.156759404,1760031250.274759404,/studio/rotor_avg_rpm.mean_rpm,1374.3976440429688
2.15676628,1760031250.274766280,/studio/rotor_avg_rpm.mean_rpm,1374.0049133300781
2.156775294,1760031250.274775294,/studio/rotor_avg_rpm.mean_rpm,1365.8106079101562
2.156781448,1760031250.274781448,/studio/rotor_avg_rpm.mean_rpm,1377.015625
2.156843577,1760031250.274843577,/studio/rotor_avg_rpm.mean_rpm,1373.2719116210938
2.164262816,1760031250.282262816,/studio/rotor_avg_rpm.mean_rpm,1370.2611999511719
2.164278132,1760031250.282278132,/studio/rotor_avg_rpm.mean_rpm,1374.76416015625
2.164298466,1760031250.282298466,/studio/rotor_avg_rpm.mean_rpm,1365.8106079101562
2.164309844,1760031250.282309844,/studio/rotor_avg_rpm.mean_rpm,1373.2718811035156
2.164363551,1760031250.282363551,/studio/rotor_avg_rpm.mean_rpm,1365.0775756835938
2.170166819,1760031250.288166819,/studio/rotor_avg_rpm.mean_rpm,1366.1509094238281
2.17020419,1760031250.288204190,/studio/rotor_avg_rpm.mean_rpm,1356.8308715820312
2.170217302,1760031250.288217302,/studio/rotor_avg_rpm.mean_rpm,1362.7998962402344
2.17023438,1760031250.288234380,/studio/rotor_avg_rpm.mean_rpm,1352.7206115722656
2.170244772,1760031250.288244772,/studio/rotor_avg_rpm.mean_rpm,1356.4381713867188
2.170289334,1760031250.288289334,/studio/rotor_avg_rpm.mean_rpm,1360.5222473144531
2.181008253,1760031250.299008253,/studio/rotor_avg_rpm.mean_rpm,1351.9613647460938
2.181024204,1760031250.299024204,/studio/rotor_avg_rpm.mean_rpm,1350.4691162109375
2.181084381,1760031250.299084381,/studio/rotor_avg_rpm.mean_rpm,1357.1973571777344
2.181097627,1760031250.299097627,/studio/rotor_avg_rpm.mean_rpm,1356.46435546875
2.181113935,1760031250.299113935,/studio/rotor_avg_rpm.mean_rpm,1347.8773193359375
2.181127334,1760031250.299127334,/studio/rotor_avg_rpm.mean_rpm,1343.7408447265625
2.181143979,1760031250.299143979,/studio/rotor_avg_rpm.mean_rpm,1347.8772888183594
2.181177821,1760031250.299177821,/studio/rotor_avg_rpm.mean_rpm,1342.2485961914062
2.181214111,1760031250.299214111,/studio/rotor_avg_rpm.mean_rpm,1343.7408447265625
2.186107061,1760031250.304107061,/studio/rotor_avg_rpm.mean_rpm,1340.3898010253906
2.186177715,1760031250.304177715,/studio/rotor_avg_rpm.mean_rpm,1347.4845886230469
2.186189274,1760031250.304189274,/studio/rotor_avg_rpm.mean_rpm,1344.8666076660156
2.186203027,1760031250.304203027,/studio/rotor_avg_rpm.mean_rpm,1339.2640686035156
2.186222719,1760031250.304222719,/studio/rotor_avg_rpm.mean_rpm,1342.2485656738281
2.186242568,1760031250.304242568,/studio/rotor_avg_rpm.mean_rpm,1338.5048522949219
2.186261796,1760031250.304261796,/studio/rotor_avg_rpm.mean_rpm,1346.0185241699219
2.186292662,1760031250.304292662,/studio/rotor_avg_rpm.mean_rpm,1336.6460876464844
2.186359339,1760031250.304359339,/studio/rotor_avg_rpm.mean_rpm,1336.6460723876953
2.192924821,1760031250.310924821,/studio/rotor_avg_rpm.mean_rpm,1331.7765808105469
2.19294695,1760031250.310946950,/studio/rotor_avg_rpm.mean_rpm,1339.6305847167969
2.192971411,1760031250.310971411,/studio/rotor_avg_rpm.mean_rpm,1334.7611083984375
2.192997421,1760031250.310997421,/studio/rotor_avg_rpm.mean_rpm,1334.7611236572266
2.193021898,1760031250.311021898,/studio/rotor_avg_rpm.mean_rpm,1335.8868713378906
2.193253959,1760031250.311253959,/studio/rotor_avg_rpm.mean_rpm,1333.6353454589844
2.193264737,1760031250.311264737,/studio/rotor_avg_rpm.mean_rpm,1332.1430969238281
2.20434939,1760031250.322349390,/studio/rotor_avg_rpm.mean_rpm,1339.2378997802734
2.204368217,1760031250.322368217,/studio/rotor_avg_rpm.mean_rpm,1332.1431121826172
2.204396076,1760031250.322396076,/studio/rotor_avg_rpm.mean_rpm,1337.3791198730469
2.204414847,1760031250.322414847,/studio/rotor_avg_rpm.mean_rpm,1330.2581481933594
2.204429652,1760031250.322429652,/studio/rotor_avg_rpm.mean_rpm,1338.1383514404297
2.204442783,1760031250.322442783,/studio/rotor_avg_rpm.mean_rpm,1329.5251159667969
2.204477199,1760031250.322477199,/studio/rotor_avg_rpm.mean_rpm,1330.6508331298828
2.223033826,1760031250.341033826,/studio/rotor_avg_rpm.mean_rpm,1331.3839111328125
2.223046486,1760031250.341046486,/studio/rotor_avg_rpm.mean_rpm,1328.3993682861328
2.223058647,1760031250.341058647,/studio/rotor_avg_rpm.mean_rpm,1328.4255828857422
2.223067549,1760031250.341067549,/studio/rotor_avg_rpm.mean_rpm,1331.7765808105469
2.223079266,1760031250.341079266,/studio/rotor_avg_rpm.mean_rpm,1330.2843475341797
2.223148927,1760031250.341148927,/studio/rotor_avg_rpm.mean_rpm,1329.1847686767578
2.223162167,1760031250.341162167,/studio/rotor_avg_rpm.mean_rpm,1327.6663360595703
2.223181896,1760031250.341181896,/studio/rotor_avg_rpm.mean_rpm,1326.5667724609375
2.223191426,1760031250.341191426,/studio/rotor_avg_rpm.mean_rpm,1322.0376586914062
2.223213366,1760031250.341213366,/studio/rotor_avg_rpm.mean_rpm,1326.9071502685547
2.223238836,1760031250.341238836,/studio/rotor_avg_rpm.mean_rpm,1324.2891235351562
2.223346478,1760031250.341346478,/studio/rotor_avg_rpm.mean_rpm,1322.0638580322266
2.223390404,1760031250.341390404,/studio/rotor_avg_rpm.mean_rpm,1320.9380950927734
2.233761798,1760031250.351761798,/studio/rotor_avg_rpm.mean_rpm,1319.0531158447266
2.233771401,1760031250.351771401,/studio/rotor_avg_rpm.mean_rpm,1327.64013671875
2.233813338,1760031250.351813338,/studio/rotor_avg_rpm.mean_rpm,1321.671127319336
2.233827314,1760031250.351827314,/studio/rotor_avg_rpm.mean_rpm,1315.6759185791016
2.233940099,1760031250.351940099,/studio/rotor_avg_rpm.mean_rpm,1320.5191802978516
2.233956929,1760031250.351956929,/studio/rotor_avg_rpm.mean_rpm,1322.4041595458984
2.233974911,1760031250.351974911,/studio/rotor_avg_rpm.mean_rpm,1329.4989166259766
2.233988089,1760031250.351988089,/studio/rotor_avg_rpm.mean_rpm,1321.6973114013672
2.2340044900000002,1760031250.352004490,/studio/rotor_avg_rpm.mean_rpm,1325.388687133789
2.234115171,1760031250.352115171,/studio/rotor_avg_rpm.mean_rpm,1321.6449432373047
2.234126475,1760031250.352126475,/studio/rotor_avg_rpm.mean_rpm,1326.1217346191406
2.234136592,1760031250.352136592,/studio/rotor_avg_rpm.mean_rpm,1328.0066833496094
2.234153772,1760031250.352153772,/studio/rotor_avg_rpm.mean_rpm,1323.5298919677734
2.234168736,1760031250.352168736,/studio/rotor_avg_rpm.mean_rpm,1325.7813873291016
2.234181058,1760031250.352181058,/studio/rotor_avg_rpm.mean_rpm,1330.2581634521484
2.234267228,1760031250.352267228,/studio/rotor_avg_rpm.mean_rpm,1325.7551879882812
2.234292307,1760031250.352292307,/studio/rotor_avg_rpm.mean_rpm,1327.2736358642578
2.242527286,1760031250.360527286,/studio/rotor_avg_rpm.mean_rpm,1326.5144348144531
2.242551894,1760031250.360551894,/studio/rotor_avg_rpm.mean_rpm,1329.865463256836
2.242605333,1760031250.360605333,/studio/rotor_avg_rpm.mean_rpm,1327.6401672363281
2.242642957,1760031250.360642957,/studio/rotor_avg_rpm.mean_rpm,1328.3993835449219
2.242655944,1760031250.360655944,/studio/rotor_avg_rpm.mean_rpm,1331.776611328125
2.242689185,1760031250.360689185,/studio/rotor_avg_rpm.mean_rpm,1326.1478881835938
2.242732063,1760031250.360732063,/studio/rotor_avg_rpm.mean_rpm,1328.0066986083984
2.249191119,1760031250.367191119,/studio/rotor_avg_rpm.mean_rpm,1332.8761749267578
2.249206425,1760031250.367206425,/studio/rotor_avg_rpm.mean_rpm,1329.1324310302734
2.249223197,1760031250.367223197,/studio/rotor_avg_rpm.mean_rpm,1332.90234375
2.249239299,1760031250.367239299,/studio/rotor_avg_rpm.mean_rpm,1325.388687133789
2.2492557460000002,1760031250.367255746,/studio/rotor_avg_rpm.mean_rpm,1329.1586151123047
2.249267723,1760031250.367267723,/studio/rotor_avg_rpm.mean_rpm,1327.2736206054688
2.249285057,1760031250.367285057,/studio/rotor_avg_rpm.mean_rpm,1334.028091430664
2.249297611,1760031250.367297611,/studio/rotor_avg_rpm.mean_rpm,1326.9071197509766
2.249322138,1760031250.367322138,/studio/rotor_avg_rpm.mean_rpm,1331.0435791015625
2.255948308,1760031250.373948308,/studio/rotor_avg_rpm.mean_rpm,1325.7813873291016
2.255965137,1760031250.373965137,/studio/rotor_avg_rpm.mean_rpm,1333.2950592041016
2.255982049,1760031250.373982049,/studio/rotor_avg_rpm.mean_rpm,1330.2581481933594
2.256000135,1760031250.374000135,/studio/rotor_avg_rpm.mean_rpm,1333.2688751220703
2.25602019,1760031250.374020190,/studio/rotor_avg_rpm.mean_rpm,1323.5560760498047
2.256045429,1760031250.374045429,/studio/rotor_avg_rpm.mean_rpm,1332.902328491211
2.256099199,1760031250.374099199,/studio/rotor_avg_rpm.mean_rpm,1323.1633911132812
2.259732091,1760031250.377732091,/studio/rotor_avg_rpm.mean_rpm,1321.6449584960938
2.259740653,1760031250.377740653,/studio/rotor_avg_rpm.mean_rpm,1333.6353759765625
2.259747281,1760031250.377747281,/studio/rotor_avg_rpm.mean_rpm,1329.1324310302734
2.259755053,1760031250.377755053,/studio/rotor_avg_rpm.mean_rpm,1325.7814025878906
2.259760059,1760031250.377760059,/studio/rotor_avg_rpm.mean_rpm,1327.273666381836
2.259766078,1760031250.377766078,/studio/rotor_avg_rpm.mean_rpm,1325.0221710205078
2.259769307,1760031250.377769307,/studio/rotor_avg_rpm.mean_rpm,1326.514419555664
2.27073292,1760031250.388732920,/studio/rotor_avg_rpm.mean_rpm,1313.0579071044922
2.2707368470000002,1760031250.388736847,/studio/rotor_avg_rpm.mean_rpm,1316.068588256836
2.270740488,1760031250.388740488,/studio/rotor_avg_rpm.mean_rpm,1328.7920989990234
2.270747864,1760031250.388747864,/studio/rotor_avg_rpm.mean_rpm,1314.9167022705078
2.270763215,1760031250.388763215,/studio/rotor_avg_rpm.mean_rpm,1314.94287109375
2.270766041,1760031250.388766041,/studio/rotor_avg_rpm.mean_rpm,1320.9119110107422
2.27076928,1760031250.388769280,/studio/rotor_avg_rpm.mean_rpm,1315.6759033203125
2.27077789,1760031250.388777890,/studio/rotor_avg_rpm.mean_rpm,1324.2891082763672
2.270783885,1760031250.388783885,/studio/rotor_avg_rpm.mean_rpm,1314.1836547851562
2.270814272,1760031250.388814272,/studio/rotor_avg_rpm.mean_rpm,1317.9273681640625
2.277147486,1760031250.395147486,/studio/rotor_avg_rpm.mean_rpm,1314.1836395263672
2.277150707,1760031250.395150707,/studio/rotor_avg_rpm.mean_rpm,1317.5608673095703
2.277166969,1760031250.395166969,/studio/rotor_avg_rpm.mean_rpm,1337.3791198730469
2.277171082,1760031250.395171082,/studio/rotor_avg_rpm.mean_rpm,1328.4255828857422
2.2772078430000002,1760031250.395207843,/studio/rotor_avg_rpm.mean_rpm,1320.5453796386719
2.280845174,1760031250.398845174,/studio/rotor_avg_rpm.mean_rpm,1322.4041748046875
2.280850375,1760031250.398850375,/studio/rotor_avg_rpm.mean_rpm,1328.3993835449219
2.280863097,1760031250.398863097,/studio/rotor_avg_rpm.mean_rpm,1340.3636474609375
2.280886522,1760031250.398886522,/studio/rotor_avg_rpm.mean_rpm,1329.525131225586
2.280908921,1760031250.398908921,/studio/rotor_avg_rpm.mean_rpm,1334.7611389160156
2.286493277,1760031250.404493277,/studio/rotor_avg_rpm.mean_rpm,1338.5048522949219
2.286495998,1760031250.404495998,/studio/rotor_avg_rpm.mean_rpm,1338.8713684082031
2.286519982,1760031250.404519982,/studio/rotor_avg_rpm.mean_rpm,1339.6305847167969
2.2865495,1760031250.404549500,/studio/rotor_avg_rpm.mean_rpm,1337.4052734375
2.286569695,1760031250.404569695,/studio/rotor_avg_rpm.mean_rpm,1344.8927917480469
2.286586909,1760031250.404586909,/studio/rotor_avg_rpm.mean_rpm,1341.8558959960938
2.289805835,1760031250.407805835,/studio/rotor_avg_rpm.mean_rpm,1344.4739074707031
2.289808538,1760031250.407808538,/studio/rotor_avg_rpm.mean_rpm,1343.3743286132812
2.289819978,1760031250.407819978,/studio/rotor_avg_rpm.mean_rpm,1335.8868713378906
2.294990155,1760031250.412990155,/studio/rotor_avg_rpm.mean_rpm,1338.8713684082031
2.29501622,1760031250.413016220,/studio/rotor_avg_rpm.mean_rpm,1344.8666076660156
2.295020177,1760031250.413020177,/studio/rotor_avg_rpm.mean_rpm,1337.3790893554688
2.2950231309999998,1760031250.413023131,/studio/rotor_avg_rpm.mean_rpm,1343.3743286132812
2.2996997710000002,1760031250.417699771,/studio/rotor_avg_rpm.mean_rpm,1338.5048522949219
2.299710929,1760031250.417710929,/studio/rotor_avg_rpm.mean_rpm,1335.494140625
2.299743226,1760031250.417743226,/studio/rotor_avg_rpm.mean_rpm,1335.494140625
2.299750526,1760031250.417750526,/studio/rotor_avg_rpm.mean_rpm,1336.2533874511719
2.299761734,1760031250.417761734,/studio/rotor_avg_rpm.mean_rpm,1322.0376281738281
2.299777601,1760031250.417777601,/studio/rotor_avg_rpm.mean_rpm,1326.514404296875
2.302836242,1760031250.420836242,/studio/rotor_avg_rpm.mean_rpm,1336.2533874511719
2.302841085,1760031250.420841085,/studio/rotor_avg_rpm.mean_rpm,1331.3838500976562
2.30286156,1760031250.420861560,/studio/rotor_avg_rpm.mean_rpm,1331.3838806152344
2.308758563,1760031250.426758563,/studio/rotor_avg_rpm.mean_rpm,1328.0328674316406
2.308770194,1760031250.426770194,/studio/rotor_avg_rpm.mean_rpm,1324.6818542480469
2.308823733,1760031250.426823733,/studio/rotor_avg_rpm.mean_rpm,1326.5405883789062
2.314242054,1760031250.432242054,/studio/rotor_avg_rpm.mean_rpm,1324.2891235351562
2.314259789,1760031250.432259789,/studio/rotor_avg_rpm.mean_rpm,1326.9071044921875
2.314276809,1760031250.432276809,/studio/rotor_avg_rpm.mean_rpm,1319.8123168945312
2.314288487,1760031250.432288487,/studio/rotor_avg_rpm.mean_rpm,1323.5560913085938
2.314298325,1760031250.432298325,/studio/rotor_avg_rpm.mean_rpm,1333.6353759765625
2.314390495,1760031250.432390495,/studio/rotor_avg_rpm.mean_rpm,1330.2843322753906
2.314485109,1760031250.432485109,/studio/rotor_avg_rpm.mean_rpm,1332.5358581542969
2.322814802,1760031250.440814802,/studio/rotor_avg_rpm.mean_rpm,1326.9071350097656
2.322836512,1760031250.440836512,/studio/rotor_avg_rpm.mean_rpm,1329.5251159667969
2.322863896,1760031250.440863896,/studio/rotor_avg_rpm.mean_rpm,1320.9118957519531
2.32289018,1760031250.440890180,/studio/rotor_avg_rpm.mean_rpm,1330.2581481933594
2.322902529,1760031250.440902529,/studio/rotor_avg_rpm.mean_rpm,1328.765869140625
2.322971341,1760031250.440971341,/studio/rotor_avg_rpm.mean_rpm,1334.3684387207031
2.323023494,1760031250.441023494,/studio/rotor_avg_rpm.mean_rpm,1336.9864196777344
2.323039461,1760031250.441039461,/studio/rotor_avg_rpm.mean_rpm,1336.2533569335938
2.323068743,1760031250.441068743,/studio/rotor_avg_rpm.mean_rpm,1340.3636169433594
2.32308803,1760031250.441088030,/studio/rotor_avg_rpm.mean_rpm,1333.2688903808594
2.3279561490000003,1760031250.445956149,/studio/rotor_avg_rpm.mean_rpm,1350.8356323242188
2.3279860660000002,1760031250.445986066,/studio/rotor_avg_rpm.mean_rpm,1348.2176818847656
2.32800386,1760031250.446003860,/studio/rotor_avg_rpm.mean_rpm,1346.7253723144531
2.328039165,1760031250.446039165,/studio/rotor_avg_rpm.mean_rpm,1352.7206115722656
2.33386741,1760031250.451867410,/studio/rotor_avg_rpm.mean_rpm,1344.8404235839844
2.3338838,1760031250.451883800,/studio/rotor_avg_rpm.mean_rpm,1348.9768676757812
2.333897496,1760031250.451897496,/studio/rotor_avg_rpm.mean_rpm,1345.9661560058594
2.333909865,1760031250.451909865,/studio/rotor_avg_rpm.mean_rpm,1353.4536437988281
2.341554794,1760031250.459554794,/studio/rotor_avg_rpm.mean_rpm,1361.3338317871094
2.341566372,1760031250.459566372,/studio/rotor_avg_rpm.mean_rpm,1356.0978393554688
2.341575633,1760031250.459575633,/studio/rotor_avg_rpm.mean_rpm,1360.9411315917969
2.341842645,1760031250.459842645,/studio/rotor_avg_rpm.mean_rpm,1366.1771240234375
2.341872085,1760031250.459872085,/studio/rotor_avg_rpm.mean_rpm,1363.5853271484375
2.341887484,1760031250.459887484,/studio/rotor_avg_rpm.mean_rpm,1367.3028869628906
2.3419135,1760031250.459913500,/studio/rotor_avg_rpm.mean_rpm,1350.86181640625
2.341927296,1760031250.459927296,/studio/rotor_avg_rpm.mean_rpm,1360.9411315917969
2.341938703,1760031250.459938703,/studio/rotor_avg_rpm.mean_rpm,1352.6944274902344
2.351663275,1760031250.469663275,/studio/rotor_avg_rpm.mean_rpm,1358.7158508300781
2.351684605,1760031250.469684605,/studio/rotor_avg_rpm.mean_rpm,1355.3385925292969
2.351699006,1760031250.469699006,/studio/rotor_avg_rpm.mean_rpm,1356.8046569824219
2.35170985,1760031250.469709850,/studio/rotor_avg_rpm.mean_rpm,1354.9458923339844
2.351729882,1760031250.469729882,/studio/rotor_avg_rpm.mean_rpm,1350.4953308105469
2.351917203,1760031250.469917203,/studio/rotor_avg_rpm.mean_rpm,1354.9458923339844
2.351934486,1760031250.469934486,/studio/rotor_avg_rpm.mean_rpm,1354.2390441894531
2.351959139,1760031250.469959139,/studio/rotor_avg_rpm.mean_rpm,1351.2283325195312
2.351986102,1760031250.469986102,/studio/rotor_avg_rpm.mean_rpm,1347.1181030273438
2.351999674,1760031250.469999674,/studio/rotor_avg_rpm.mean_rpm,1365.4441223144531
2.355416504,1760031250.473416504,/studio/rotor_avg_rpm.mean_rpm,1345.9923400878906
2.355428421,1760031250.473428421,/studio/rotor_avg_rpm.mean_rpm,1353.4798278808594
2.355441396,1760031250.473441396,/studio/rotor_avg_rpm.mean_rpm,1356.4905090332031
2.355450701,1760031250.473450701,/studio/rotor_avg_rpm.mean_rpm,1357.2235412597656
2.355549846,1760031250.473549846,/studio/rotor_avg_rpm.mean_rpm,1359.0561828613281
2.359241323,1760031250.477241323,/studio/rotor_avg_rpm.mean_rpm,1366.1771240234375
2.359255939,1760031250.477255939,/studio/rotor_avg_rpm.mean_rpm,1360.9411010742188
2.359267434,1760031250.477267434,/studio/rotor_avg_rpm.mean_rpm,1370.287353515625
2.359324428,1760031250.477324428,/studio/rotor_avg_rpm.mean_rpm,1365.4179077148438
2.366200854,1760031250.484200854,/studio/rotor_avg_rpm.mean_rpm,1359.05615234375
2.36621191,1760031250.484211910,/studio/rotor_avg_rpm.mean_rpm,1360.2342834472656
2.366219727,1760031250.484219727,/studio/rotor_avg_rpm.mean_rpm,1359.0561828613281
2.366238941,1760031250.484238941,/studio/rotor_avg_rpm.mean_rpm,1364.65869140625
2.366301495,1760031250.484301495,/studio/rotor_avg_rpm.mean_rpm,1362.7998962402344
2.371439032,1760031250.489439032,/studio/rotor_avg_rpm.mean_rpm,1357.1973876953125
2.371455674,1760031250.489455674,/studio/rotor_avg_rpm.mean_rpm,1355.7051086425781
2.371469969,1760031250.489469969,/studio/rotor_avg_rpm.mean_rpm,1359.8153686523438
2.371481636,1760031250.489481636,/studio/rotor_avg_rpm.mean_rpm,1361.3076477050781
2.371520839,1760031250.489520839,/studio/rotor_avg_rpm.mean_rpm,1353.8201599121094
2.371538702,1760031250.489538702,/studio/rotor_avg_rpm.mean_rpm,1356.0978393554688
2.377269992,1760031250.495269992,/studio/rotor_avg_rpm.mean_rpm,1359.4488525390625
2.377282079,1760031250.495282079,/studio/rotor_avg_rpm.mean_rpm,1363.1925964355469
2.377293632,1760031250.495293632,/studio/rotor_avg_rpm.mean_rpm,1360.9411315917969
2.3773030840000002,1760031250.495303084,/studio/rotor_avg_rpm.mean_rpm,1356.46435546875
2.377348489,1760031250.495348489,/studio/rotor_avg_rpm.mean_rpm,1359.8415832519531
2.377415314,1760031250.495415314,/studio/rotor_avg_rpm.mean_rpm,1350.4691467285156
2.418852284,1760031250.536852284,/studio/rotor_avg_rpm.mean_rpm,1357.5639038085938
2.418866039,1760031250.536866039,/studio/rotor_avg_rpm.mean_rpm,1355.3124084472656
2.418878037,1760031250.536878037,/studio/rotor_avg_rpm.mean_rpm,1357.5638732910156
2.418887925,1760031250.536887925,/studio/rotor_avg_rpm.mean_rpm,1362.0668640136719
2.418944512,1760031250.536944512,/studio/rotor_avg_rpm.mean_rpm,1360.9411315917969
2.423897649,1760031250.541897649,/studio/rotor_avg_rpm.mean_rpm,1364.318359375
2.423913687,1760031250.541913687,/studio/rotor_avg_rpm.mean_rpm,1354.5794067382812
2.423936345,1760031250.541936345,/studio/rotor_avg_rpm.mean_rpm,1353.4798278808594
2.423947081,1760031250.541947081,/studio/rotor_avg_rpm.mean_rpm,1354.9458923339844
2.423965356,1760031250.541965356,/studio/rotor_avg_rpm.mean_rpm,1356.0716247558594
2.423980671,1760031250.541980671,/studio/rotor_avg_rpm.mean_rpm,1360.2080993652344
2.424049415,1760031250.542049415,/studio/rotor_avg_rpm.mean_rpm,1354.212890625
2.4240620550000003,1760031250.542062055,/studio/rotor_avg_rpm.mean_rpm,1359.0823669433594
2.424082244,1760031250.542082244,/studio/rotor_avg_rpm.mean_rpm,1354.2128601074219
2.424108547,1760031250.542108547,/studio/rotor_avg_rpm.mean_rpm,1350.1026000976562
2.424125067,1760031250.542125067,/studio/rotor_avg_rpm.mean_rpm,1353.45361328125
2.424139743,1760031250.542139743,/studio/rotor_avg_rpm.mean_rpm,1352.3540649414062
2.424156672,1760031250.542156672,/studio/rotor_avg_rpm.mean_rpm,1350.4429321289062
2.424173625,1760031250.542173625,/studio/rotor_avg_rpm.mean_rpm,1351.9613952636719
2.4242100410000003,1760031250.542210041,/studio/rotor_avg_rpm.mean_rpm,1360.5745849609375
2.424235615,1760031250.542235615,/studio/rotor_avg_rpm.mean_rpm,1351.9613647460938
2.424250781,1760031250.542250781,/studio/rotor_avg_rpm.mean_rpm,1353.0871276855469
2.42426798,1760031250.542267980,/studio/rotor_avg_rpm.mean_rpm,1355.7051391601562
2.424308717,1760031250.542308717,/studio/rotor_avg_rpm.mean_rpm,1360.1819152832031
2.424320593,1760031250.542320593,/studio/rotor_avg_rpm.mean_rpm,1360.1819152832031
2.424341199,1760031250.542341199,/studio/rotor_avg_rpm.mean_rpm,1364.2921447753906
2.4243491820000003,1760031250.542349182,/studio/rotor_avg_rpm.mean_rpm,1358.2969360351562
2.424362006,1760031250.542362006,/studio/rotor_avg_rpm.mean_rpm,1358.3493347167969
2.424374258,1760031250.542374258,/studio/rotor_avg_rpm.mean_rpm,1365.4179077148438
2.4243871280000002,1760031250.542387128,/studio/rotor_avg_rpm.mean_rpm,1361.3076477050781
2.42439794,1760031250.542397940,/studio/rotor_avg_rpm.mean_rpm,1369.1878356933594
2.424449575,1760031250.542449575,/studio/rotor_avg_rpm.mean_rpm,1370.6539001464844
2.424466136,1760031250.542466136,/studio/rotor_avg_rpm.mean_rpm,1365.4179077148438
2.424476195,1760031250.542476195,/studio/rotor_avg_rpm.mean_rpm,1366.5436401367188
2.4244869380000003,1760031250.542486938,/studio/rotor_avg_rpm.mean_rpm,1376.2825927734375
2.424502733,1760031250.542502733,/studio/rotor_avg_rpm.mean_rpm,1372.1461486816406
2.424530907,1760031250.542530907,/studio/rotor_avg_rpm.mean_rpm,1366.9101257324219
2.42454402,1760031250.542544020,/studio/rotor_avg_rpm.mean_rpm,1368.035888671875
2.424592054,1760031250.542592054,/studio/rotor_avg_rpm.mean_rpm,1379.2671203613281
2.427849868,1760031250.545849868,/studio/rotor_avg_rpm.mean_rpm,1374.76416015625
2.427854174,1760031250.545854174,/studio/rotor_avg_rpm.mean_rpm,1377.7748718261719
2.4278578570000002,1760031250.545857857,/studio/rotor_avg_rpm.mean_rpm,1378.1413879394531
2.42786086,1760031250.545860860,/studio/rotor_avg_rpm.mean_rpm,1372.1723327636719
2.427872329,1760031250.545872329,/studio/rotor_avg_rpm.mean_rpm,1374.0311279296875
2.427875265,1760031250.545875265,/studio/rotor_avg_rpm.mean_rpm,1378.900634765625
2.427891376,1760031250.545891376,/studio/rotor_avg_rpm.mean_rpm,1377.7748413085938
2.427895176,1760031250.545895176,/studio/rotor_avg_rpm.mean_rpm,1376.2825927734375
2.427899211,1760031250.545899211,/studio/rotor_avg_rpm.mean_rpm,1371.046630859375
2.427904529,1760031250.545904529,/studio/rotor_avg_rpm.mean_rpm,1380.3666687011719
2.427909477,1760031250.545909477,/studio/rotor_avg_rpm.mean_rpm,1377.4083557128906
2.4279204070000002,1760031250.545920407,/studio/rotor_avg_rpm.mean_rpm,1372.17236328125
2.431349102,1760031250.549349102,/studio/rotor_avg_rpm.mean_rpm,1377.0156555175781
2.431369786,1760031250.549369786,/studio/rotor_avg_rpm.mean_rpm,1377.3821716308594
2.431383712,1760031250.549383712,/studio/rotor_avg_rpm.mean_rpm,1368.4024047851562
2.431388273,1760031250.549388273,/studio/rotor_avg_rpm.mean_rpm,1366.5436401367188
2.436925716,1760031250.554925716,/studio/rotor_avg_rpm.mean_rpm,1369.5281677246094
2.436928578,1760031250.554928578,/studio/rotor_avg_rpm.mean_rpm,1358.3231506347656
2.436932124,1760031250.554932124,/studio/rotor_avg_rpm.mean_rpm,1346.3588562011719
2.43694895,1760031250.554948950,/studio/rotor_avg_rpm.mean_rpm,1343.3743591308594
2.442389311,1760031250.560389311,/studio/rotor_avg_rpm.mean_rpm,1341.1228637695312
2.442420889,1760031250.560420889,/studio/rotor_avg_rpm.mean_rpm,1331.0173950195312
2.442439019,1760031250.560439019,/studio/rotor_avg_rpm.mean_rpm,1325.4148559570312
2.4424530840000003,1760031250.560453084,/studio/rotor_avg_rpm.mean_rpm,1318.2939453125
2.442477445,1760031250.560477445,/studio/rotor_avg_rpm.mean_rpm,1306.7223510742188
2.442495787,1760031250.560495787,/studio/rotor_avg_rpm.mean_rpm,1301.4601745605469
2.464345281,1760031250.582345281,/studio/rotor_avg_rpm.mean_rpm,1294.3392028808594
2.464350065,1760031250.582350065,/studio/rotor_avg_rpm.mean_rpm,1284.2598876953125
2.464353977,1760031250.582353977,/studio/rotor_avg_rpm.mean_rpm,1281.3015594482422
2.464369247,1760031250.582369247,/studio/rotor_avg_rpm.mean_rpm,1270.0703582763672
2.4643751590000003,1760031250.582375159,/studio/rotor_avg_rpm.mean_rpm,1260.3313446044922
2.464383126,1760031250.582383126,/studio/rotor_avg_rpm.mean_rpm,1244.6233825683594
2.465612187,1760031250.583612187,/studio/rotor_avg_rpm.mean_rpm,1243.4976348876953
2.465620464,1760031250.583620464,/studio/rotor_avg_rpm.mean_rpm,1235.277114868164
2.465624311,1760031250.583624311,/studio/rotor_avg_rpm.mean_rpm,1239.753890991211
2.465640741,1760031250.583640741,/studio/rotor_avg_rpm.mean_rpm,1226.2973937988281
2.465646747,1760031250.583646747,/studio/rotor_avg_rpm.mean_rpm,1220.6948699951172
2.465652495,1760031250.583652495,/studio/rotor_avg_rpm.mean_rpm,1222.1609344482422
2.465657748,1760031250.583657748,/studio/rotor_avg_rpm.mean_rpm,1219.9356536865234
2.465662925,1760031250.583662925,/studio/rotor_avg_rpm.mean_rpm,1213.9665985107422
2.465669139,1760031250.583669139,/studio/rotor_avg_rpm.mean_rpm,1218.8099212646484
2.465673855,1760031250.583673855,/studio/rotor_avg_rpm.mean_rpm,1216.191909790039
2.465678849,1760031250.583678849,/studio/rotor_avg_rpm.mean_rpm,1216.5584259033203
2.46570968,1760031250.583709680,/studio/rotor_avg_rpm.mean_rpm,1223.2866973876953
2.465716414,1760031250.583716414,/studio/rotor_avg_rpm.mean_rpm,1220.668685913086
2.465723632,1760031250.583723632,/studio/rotor_avg_rpm.mean_rpm,1221.0614013671875
2.465757863,1760031250.583757863,/studio/rotor_avg_rpm.mean_rpm,1220.3021697998047
2.465768705,1760031250.583768705,/studio/rotor_avg_rpm.mean_rpm,1219.2025909423828
2.465803423,1760031250.583803423,/studio/rotor_avg_rpm.mean_rpm,1226.2712097167969
2.470621055,1760031250.588621055,/studio/rotor_avg_rpm.mean_rpm,1225.1454620361328
2.470624924,1760031250.588624924,/studio/rotor_avg_rpm.mean_rpm,1216.9511413574219
2.470628664,1760031250.588628664,/studio/rotor_avg_rpm.mean_rpm,1220.3021697998047
2.470634025,1760031250.588634025,/studio/rotor_avg_rpm.mean_rpm,1221.794448852539
2.470646722,1760031250.588646722,/studio/rotor_avg_rpm.mean_rpm,1224.4124145507812
2.47489232,1760031250.592892320,/studio/rotor_avg_rpm.mean_rpm,1221.7944030761719
2.474895865,1760031250.592895865,/studio/rotor_avg_rpm.mean_rpm,1223.3128814697266
2.474922295,1760031250.592922295,/studio/rotor_avg_rpm.mean_rpm,1222.920150756836
2.474927166,1760031250.592927166,/studio/rotor_avg_rpm.mean_rpm,1242.7645721435547
2.474931169,1760031250.592931169,/studio/rotor_avg_rpm.mean_rpm,1234.491714477539
2.474934304,1760031250.592934304,/studio/rotor_avg_rpm.mean_rpm,1232.2663879394531
2.479682344,1760031250.597682344,/studio/rotor_avg_rpm.mean_rpm,1240.9058532714844
2.479691948,1760031250.597691948,/studio/rotor_avg_rpm.mean_rpm,1236.3766784667969
2.4796983150000003,1760031250.597698315,/studio/rotor_avg_rpm.mean_rpm,1249.859359741211
2.479733294,1760031250.597733294,/studio/rotor_avg_rpm.mean_rpm,1258.839111328125
2.486502105,1760031250.604502105,/studio/rotor_avg_rpm.mean_rpm,1258.839111328125
2.486509468,1760031250.604509468,/studio/rotor_avg_rpm.mean_rpm,1259.964859008789
2.486515118,1760031250.604515118,/studio/rotor_avg_rpm.mean_rpm,1266.3265838623047
2.486534881,1760031250.604534881,/studio/rotor_avg_rpm.mean_rpm,1274.9136505126953
2.496321854,1760031250.614321854,/studio/rotor_avg_rpm.mean_rpm,1282.0346069335938
2.496329458,1760031250.614329458,/studio/rotor_avg_rpm.mean_rpm,1281.3015747070312
2.49634878,1760031250.614348780,/studio/rotor_avg_rpm.mean_rpm,1292.1400909423828
2.49635572,1760031250.614355720,/studio/rotor_avg_rpm.mean_rpm,1297.3498840332031
2.496361113,1760031250.614361113,/studio/rotor_avg_rpm.mean_rpm,1302.2193603515625
2.496365649,1760031250.614365649,/studio/rotor_avg_rpm.mean_rpm,1306.3296203613281
2.496404351,1760031250.614404351,/studio/rotor_avg_rpm.mean_rpm,1313.817138671875
2.496438551,1760031250.614438551,/studio/rotor_avg_rpm.mean_rpm,1319.419677734375
2.49913897,1760031250.617138970,/studio/rotor_avg_rpm.mean_rpm,1320.54541015625
2.49914227,1760031250.617142270,/studio/rotor_avg_rpm.mean_rpm,1325.04833984375
2.499159188,1760031250.617159188,/studio/rotor_avg_rpm.mean_rpm,1335.1538391113281
2.499170678,1760031250.617170678,/studio/rotor_avg_rpm.mean_rpm,1339.630615234375
2.499180736,1760031250.617180736,/studio/rotor_avg_rpm.mean_rpm,1343.3743591308594
2.499186566,1760031250.617186566,/studio/rotor_avg_rpm.mean_rpm,1344.473876953125
2.499191916,1760031250.617191916,/studio/rotor_avg_rpm.mean_rpm,1353.8463439941406
2.499220186,1760031250.617220186,/studio/rotor_avg_rpm.mean_rpm,1356.8570556640625
2.5049687890000003,1760031250.622968789,/studio/rotor_avg_rpm.mean_rpm,1356.0716552734375
2.505047806,1760031250.623047806,/studio/rotor_avg_rpm.mean_rpm,1365.0513610839844
2.505066303,1760031250.623066303,/studio/rotor_avg_rpm.mean_rpm,1371.7796325683594
2.505079306,1760031250.623079306,/studio/rotor_avg_rpm.mean_rpm,1367.6693725585938
2.514346064,1760031250.632346064,/studio/rotor_avg_rpm.mean_rpm,1373.6645812988281
2.514447991,1760031250.632447991,/studio/rotor_avg_rpm.mean_rpm,1375.889892578125
2.5144646550000003,1760031250.632464655,/studio/rotor_avg_rpm.mean_rpm,1378.5079040527344
2.514479713,1760031250.632479713,/studio/rotor_avg_rpm.mean_rpm,1382.27783203125
2.51449181,1760031250.632491810,/studio/rotor_avg_rpm.mean_rpm,1387.8541564941406
2.5145260140000003,1760031250.632526014,/studio/rotor_avg_rpm.mean_rpm,1391.597900390625
2.514534565,1760031250.632534565,/studio/rotor_avg_rpm.mean_rpm,1390.4721984863281
2.514587836,1760031250.632587836,/studio/rotor_avg_rpm.mean_rpm,1397.2266235351562
2.5237389180000003,1760031250.641738918,/studio/rotor_avg_rpm.mean_rpm,1392.7236633300781
2.523761314,1760031250.641761314,/studio/rotor_avg_rpm.mean_rpm,1397.2266235351562
2.523789013,1760031250.641789013,/studio/rotor_avg_rpm.mean_rpm,1396.8338928222656
2.5238077,1760031250.641807700,/studio/rotor_avg_rpm.mean_rpm,1407.6986083984375
2.523822233,1760031250.641822233,/studio/rotor_avg_rpm.mean_rpm,1408.0389404296875
2.5238391079999998,1760031250.641839108,/studio/rotor_avg_rpm.mean_rpm,1412.9084167480469
2.523857093,1760031250.641857093,/studio/rotor_avg_rpm.mean_rpm,1412.9346313476562
2.523928734,1760031250.641928734,/studio/rotor_avg_rpm.mean_rpm,1411.7826843261719
2.523945947,1760031250.641945947,/studio/rotor_avg_rpm.mean_rpm,1418.537109375
2.530744282,1760031250.648744282,/studio/rotor_avg_rpm.mean_rpm,1417.7778930664062
2.530763039,1760031250.648763039,/studio/rotor_avg_rpm.mean_rpm,1414.7933959960938
2.530790717,1760031250.648790717,/studio/rotor_avg_rpm.mean_rpm,1414.0603332519531
2.530812236,1760031250.648812236,/studio/rotor_avg_rpm.mean_rpm,1416.28564453125
2.5308338260000003,1760031250.648833826,/studio/rotor_avg_rpm.mean_rpm,1413.3011169433594
2.530847982,1760031250.648847982,/studio/rotor_avg_rpm.mean_rpm,1413.2749328613281
2.537933754,1760031250.655933754,/studio/rotor_avg_rpm.mean_rpm,1421.8881530761719
2.537953084,1760031250.655953084,/studio/rotor_avg_rpm.mean_rpm,1415.159912109375
2.537975712,1760031250.655975712,/studio/rotor_avg_rpm.mean_rpm,1409.1908264160156
2.538004439,1760031250.656004439,/studio/rotor_avg_rpm.mean_rpm,1415.1860961914062
2.538014557,1760031250.656014557,/studio/rotor_avg_rpm.mean_rpm,1408.8505249023438
2.538038884,1760031250.656038884,/studio/rotor_avg_rpm.mean_rpm,1412.5680847167969
2.538054604,1760031250.656054604,/studio/rotor_avg_rpm.mean_rpm,1414.819580078125
2.5380695710000003,1760031250.656069571,/studio/rotor_avg_rpm.mean_rpm,1411.808837890625
2.538098695,1760031250.656098695,/studio/rotor_avg_rpm.mean_rpm,1406.9656066894531
2.538174478,1760031250.656174478,/studio/rotor_avg_rpm.mean_rpm,1411.0758361816406
2.549436646,1760031250.667436646,/studio/rotor_avg_rpm.mean_rpm,1409.9500732421875
2.549608325,1760031250.667608325,/studio/rotor_avg_rpm.mean_rpm,1407.6986083984375
2.549634755,1760031250.667634755,/studio/rotor_avg_rpm.mean_rpm,1401.3368530273438
2.549650868,1760031250.667650868,/studio/rotor_avg_rpm.mean_rpm,1404.7140808105469
2.549663456,1760031250.667663456,/studio/rotor_avg_rpm.mean_rpm,1408.8243408203125
2.549699317,1760031250.667699317,/studio/rotor_avg_rpm.mean_rpm,1403.5883483886719
2.5497179,1760031250.667717900,/studio/rotor_avg_rpm.mean_rpm,1384.8958435058594
2.549864039,1760031250.667864039,/studio/rotor_avg_rpm.mean_rpm,1391.5978698730469
2.555252839,1760031250.673252839,/studio/rotor_avg_rpm.mean_rpm,1390.4983520507812
2.555290017,1760031250.673290017,/studio/rotor_avg_rpm.mean_rpm,1382.6181640625
2.5553150860000002,1760031250.673315086,/studio/rotor_avg_rpm.mean_rpm,1378.900634765625
2.555334895,1760031250.673334895,/studio/rotor_avg_rpm.mean_rpm,1383.7438659667969
2.555346234,1760031250.673346234,/studio/rotor_avg_rpm.mean_rpm,1377.7748413085938
2.555365153,1760031250.673365153,/studio/rotor_avg_rpm.mean_rpm,1376.2825927734375
2.555403901,1760031250.673403901,/studio/rotor_avg_rpm.mean_rpm,1369.5281372070312
2.560871079,1760031250.678871079,/studio/rotor_avg_rpm.mean_rpm,1372.9053649902344
2.560932311,1760031250.678932311,/studio/rotor_avg_rpm.mean_rpm,1368.035888671875
2.560963583,1760031250.678963583,/studio/rotor_avg_rpm.mean_rpm,1363.9256286621094
2.560988957,1760031250.678988957,/studio/rotor_avg_rpm.mean_rpm,1362.0668640136719
2.561009571,1760031250.679009571,/studio/rotor_avg_rpm.mean_rpm,1356.0716247558594
2.561037572,1760031250.679037572,/studio/rotor_avg_rpm.mean_rpm,1356.8046875
2.56105864,1760031250.679058640,/studio/rotor_avg_rpm.mean_rpm,1351.2283935546875
2.568676624,1760031250.686676624,/studio/rotor_avg_rpm.mean_rpm,1353.8201599121094
2.568773476,1760031250.686773476,/studio/rotor_avg_rpm.mean_rpm,1352.7206420898438
2.568797829,1760031250.686797829,/studio/rotor_avg_rpm.mean_rpm,1348.2176513671875
2.568814975,1760031250.686814975,/studio/rotor_avg_rpm.mean_rpm,1348.6103515625
2.56883147,1760031250.686831470,/studio/rotor_avg_rpm.mean_rpm,1341.0966796875
2.568842853,1760031250.686842853,/studio/rotor_avg_rpm.mean_rpm,1333.6615905761719
2.574247481,1760031250.692247481,/studio/rotor_avg_rpm.mean_rpm,1336.6460571289062
2.574258877,1760031250.692258877,/studio/rotor_avg_rpm.mean_rpm,1332.5096130371094
2.574268716,1760031250.692268716,/studio/rotor_avg_rpm.mean_rpm,1329.1585998535156
2.5742784480000003,1760031250.692278448,/studio/rotor_avg_rpm.mean_rpm,1319.8123474121094
2.574321669,1760031250.692321669,/studio/rotor_avg_rpm.mean_rpm,1319.445816040039
2.574366251,1760031250.692366251,/studio/rotor_avg_rpm.mean_rpm,1317.5608520507812
2.574568303,1760031250.692568303,/studio/rotor_avg_rpm.mean_rpm,1315.3094024658203
2.574737879,1760031250.692737879,/studio/rotor_avg_rpm.mean_rpm,1303.711654663086
2.5747518400000002,1760031250.692751840,/studio/rotor_avg_rpm.mean_rpm,1299.6013793945312
2.585587741,1760031250.703587741,/studio/rotor_avg_rpm.mean_rpm,1306.3296356201172
2.585618619,1760031250.703618619,/studio/rotor_avg_rpm.mean_rpm,1299.9679260253906
2.585629254,1760031250.703629254,/studio/rotor_avg_rpm.mean_rpm,1288.7366790771484
2.585638433,1760031250.703638433,/studio/rotor_avg_rpm.mean_rpm,1286.1186828613281
2.585744762,1760031250.703744762,/studio/rotor_avg_rpm.mean_rpm,1281.275390625
2.585773328,1760031250.703773328,/studio/rotor_avg_rpm.mean_rpm,1277.5316619873047
2.591277288,1760031250.709277288,/studio/rotor_avg_rpm.mean_rpm,1267.4523315429688
2.591305487,1760031250.709305487,/studio/rotor_avg_rpm.mean_rpm,1279.050064086914
2.591559039,1760031250.709559039,/studio/rotor_avg_rpm.mean_rpm,1271.169906616211
2.591598293,1760031250.709598293,/studio/rotor_avg_rpm.mean_rpm,1272.6621704101562
2.591969298,1760031250.709969298,/studio/rotor_avg_rpm.mean_rpm,1273.4475555419922
2.592003554,1760031250.710003554,/studio/rotor_avg_rpm.mean_rpm,1268.9707946777344
2.5920304610000002,1760031250.710030461,/studio/rotor_avg_rpm.mean_rpm,1265.2008514404297
2.5920455430000002,1760031250.710045543,/studio/rotor_avg_rpm.mean_rpm,1265.2008514404297
2.592056401,1760031250.710056401,/studio/rotor_avg_rpm.mean_rpm,1264.8343505859375
2.592082461,1760031250.710082461,/studio/rotor_avg_rpm.mean_rpm,1261.0906219482422
2.592201179,1760031250.710201179,/studio/rotor_avg_rpm.mean_rpm,1260.6978912353516
2.615746005,1760031250.733746005,/studio/rotor_avg_rpm.mean_rpm,1245.3564147949219
2.615775985,1760031250.733775985,/studio/rotor_avg_rpm.mean_rpm,1238.628173828125
2.615806821,1760031250.733806821,/studio/rotor_avg_rpm.mean_rpm,1248.3671264648438
2.6158201510000003,1760031250.733820151,/studio/rotor_avg_rpm.mean_rpm,1237.1358947753906
2.615840073,1760031250.733840073,/studio/rotor_avg_rpm.mean_rpm,1240.1465911865234
2.615875828,1760031250.733875828,/studio/rotor_avg_rpm.mean_rpm,1234.5179138183594
2.6158922440000003,1760031250.733892244,/studio/rotor_avg_rpm.mean_rpm,1226.297378540039
2.616002224,1760031250.734002224,/studio/rotor_avg_rpm.mean_rpm,1223.7055358886719
2.616028973,1760031250.734028973,/studio/rotor_avg_rpm.mean_rpm,1216.191909790039
2.6166892649999998,1760031250.734689265,/studio/rotor_avg_rpm.mean_rpm,1210.2228546142578
2.616747728,1760031250.734747728,/studio/rotor_avg_rpm.mean_rpm,1209.8563537597656
2.616769637,1760031250.734769637,/studio/rotor_avg_rpm.mean_rpm,1202.7353973388672
2.6167830160000003,1760031250.734783016,/studio/rotor_avg_rpm.mean_rpm,1197.892105102539
2.616793936,1760031250.734793936,/studio/rotor_avg_rpm.mean_rpm,1193.4153137207031
2.61680929,1760031250.734809290,/studio/rotor_avg_rpm.mean_rpm,1180.2991027832031
2.616823681,1760031250.734823681,/studio/rotor_avg_rpm.mean_rpm,1174.330062866211
2.616875668,1760031250.734875668,/studio/rotor_avg_rpm.mean_rpm,1179.9325714111328
2.6171844330000003,1760031250.735184433,/studio/rotor_avg_rpm.mean_rpm,1178.4141387939453
2.617230426,1760031250.735230426,/studio/rotor_avg_rpm.mean_rpm,1164.5911102294922
2.617247346,1760031250.735247346,/studio/rotor_avg_rpm.mean_rpm,1160.0881652832031
2.617270423,1760031250.735270423,/studio/rotor_avg_rpm.mean_rpm,1161.97314453125
2.617290481,1760031250.735290481,/studio/rotor_avg_rpm.mean_rpm,1154.5118103027344
2.617447704,1760031250.735447704,/studio/rotor_avg_rpm.mean_rpm,1151.1084289550781
2.619682247,1760031250.737682247,/studio/rotor_avg_rpm.mean_rpm,1139.9033660888672
2.6197200990000002,1760031250.737720099,/studio/rotor_avg_rpm.mean_rpm,1138.4111022949219
2.619774874,1760031250.737774874,/studio/rotor_avg_rpm.mean_rpm,1143.2544174194336
2.619793101,1760031250.737793101,/studio/rotor_avg_rpm.mean_rpm,1131.3163223266602
2.624814855,1760031250.742814855,/studio/rotor_avg_rpm.mean_rpm,1132.075553894043
2.624835993,1760031250.742835993,/studio/rotor_avg_rpm.mean_rpm,1125.687644958496
2.624861887,1760031250.742861887,/studio/rotor_avg_rpm.mean_rpm,1122.703125
2.6248802749999998,1760031250.742880275,/studio/rotor_avg_rpm.mean_rpm,1124.954605102539
2.6248975039999998,1760031250.742897504,/studio/rotor_avg_rpm.mean_rpm,1110.372314453125
2.632280005,1760031250.750280005,/studio/rotor_avg_rpm.mean_rpm,1114.8752975463867
2.632292541,1760031250.750292541,/studio/rotor_avg_rpm.mean_rpm,1114.0898818969727
2.632305062,1760031250.750305062,/studio/rotor_avg_rpm.mean_rpm,1109.2465896606445
2.632318816,1760031250.750318816,/studio/rotor_avg_rpm.mean_rpm,1107.0213012695312
2.632329469,1760031250.750329469,/studio/rotor_avg_rpm.mean_rpm,1096.156608581543
2.6323678040000003,1760031250.750367804,/studio/rotor_avg_rpm.mean_rpm,1098.4342575073242
2.635622392,1760031250.753622392,/studio/rotor_avg_rpm.mean_rpm,1095.0570526123047
2.63563135,1760031250.753631350,/studio/rotor_avg_rpm.mean_rpm,1095.371208190918
2.635634315,1760031250.753634315,/studio/rotor_avg_rpm.mean_rpm,1093.5385665893555
2.635645027,1760031250.753645027,/studio/rotor_avg_rpm.mean_rpm,1091.9939727783203
2.6356522250000003,1760031250.753652225,/studio/rotor_avg_rpm.mean_rpm,1082.307357788086
2.635666431,1760031250.753666431,/studio/rotor_avg_rpm.mean_rpm,1075.9718322753906
2.639253392,1760031250.757253392,/studio/rotor_avg_rpm.mean_rpm,1076.3121337890625
2.639258458,1760031250.757258458,/studio/rotor_avg_rpm.mean_rpm,1078.537452697754
2.639263316,1760031250.757263316,/studio/rotor_avg_rpm.mean_rpm,1071.1023254394531
2.639275611,1760031250.757275611,/studio/rotor_avg_rpm.mean_rpm,1064.740592956543
2.646581356,1760031250.764581356,/studio/rotor_avg_rpm.mean_rpm,1065.4736022949219
2.646586952,1760031250.764586952,/studio/rotor_avg_rpm.mean_rpm,1064.740577697754
2.646591915,1760031250.764591915,/studio/rotor_avg_rpm.mean_rpm,1056.8865814208984
2.6466105300000002,1760031250.764610530,/studio/rotor_avg_rpm.mean_rpm,1054.2424087524414
2.6466212650000003,1760031250.764621265,/studio/rotor_avg_rpm.mean_rpm,1053.142837524414
2.646628368,1760031250.764628368,/studio/rotor_avg_rpm.mean_rpm,1050.498664855957
2.67426975,1760031250.792269750,/studio/rotor_avg_rpm.mean_rpm,1048.639907836914
2.67427274,1760031250.792272740,/studio/rotor_avg_rpm.mean_rpm,1044.1631088256836
2.67427545,1760031250.792275450,/studio/rotor_avg_rpm.mean_rpm,1042.6446685791016
2.674277576,1760031250.792277576,/studio/rotor_avg_rpm.mean_rpm,1038.9009399414062
2.6742832500000002,1760031250.792283250,/studio/rotor_avg_rpm.mean_rpm,1039.2936477661133
2.6742877590000003,1760031250.792287759,/studio/rotor_avg_rpm.mean_rpm,1033.6911163330078
2.674296341,1760031250.792296341,/studio/rotor_avg_rpm.mean_rpm,1031.4658126831055
2.6742996740000002,1760031250.792299674,/studio/rotor_avg_rpm.mean_rpm,1030.3139038085938
2.674302147,1760031250.792302147,/studio/rotor_avg_rpm.mean_rpm,1024.344856262207
2.674325228,1760031250.792325228,/studio/rotor_avg_rpm.mean_rpm,1019.4492111206055
2.674329509,1760031250.792329509,/studio/rotor_avg_rpm.mean_rpm,1017.616569519043
2.674333423,1760031250.792333423,/studio/rotor_avg_rpm.mean_rpm,1018.742317199707
2.674338073,1760031250.792338073,/studio/rotor_avg_rpm.mean_rpm,1013.1398162841797
2.674343397,1760031250.792343397,/studio/rotor_avg_rpm.mean_rpm,1015.3389282226562
2.674350377,1760031250.792350377,/studio/rotor_avg_rpm.mean_rpm,1010.8883514404297
2.674355727,1760031250.792355727,/studio/rotor_avg_rpm.mean_rpm,1010.1029281616211
2.674358655,1760031250.792358655,/studio/rotor_avg_rpm.mean_rpm,1008.6106719970703
2.6743631160000003,1760031250.792363116,/studio/rotor_avg_rpm.mean_rpm,1006.0188522338867
2.674365693,1760031250.792365693,/studio/rotor_avg_rpm.mean_rpm,1007.8776397705078
2.674369752,1760031250.792369752,/studio/rotor_avg_rpm.mean_rpm,1000.3901596069336
2.674373548,1760031250.792373548,/studio/rotor_avg_rpm.mean_rpm,999.6309356689453
2.674376934,1760031250.792376934,/studio/rotor_avg_rpm.mean_rpm,994.8138122558594
2.674383063,1760031250.792383063,/studio/rotor_avg_rpm.mean_rpm,995.5468521118164
2.674388774,1760031250.792388774,/studio/rotor_avg_rpm.mean_rpm,991.8031234741211
2.674392443,1760031250.792392443,/studio/rotor_avg_rpm.mean_rpm,992.5623321533203
2.674400607,1760031250.792400607,/studio/rotor_avg_rpm.mean_rpm,990.3108520507812
2.70087397,1760031250.818873970,/studio/rotor_avg_rpm.mean_rpm,989.551628112793
2.700876057,1760031250.818876057,/studio/rotor_avg_rpm.mean_rpm,981.3572998046875
2.700878303,1760031250.818878303,/studio/rotor_avg_rpm.mean_rpm,981.7238388061523
2.700966294,1760031250.818966294,/studio/rotor_avg_rpm.mean_rpm,978.7131195068359
2.700973788,1760031250.818973788,/studio/rotor_avg_rpm.mean_rpm,975.7286071777344
2.700977978,1760031250.818977978,/studio/rotor_avg_rpm.mean_rpm,970.8591232299805
2.700983463,1760031250.818983463,/studio/rotor_avg_rpm.mean_rpm,971.2256164550781
2.700989773,1760031250.818989773,/studio/rotor_avg_rpm.mean_rpm,970.0998840332031
2.701009665,1760031250.819009665,/studio/rotor_avg_rpm.mean_rpm,964.523567199707
2.701012252,1760031250.819012252,/studio/rotor_avg_rpm.mean_rpm,966.7488403320312
2.701086972,1760031250.819086972,/studio/rotor_avg_rpm.mean_rpm,965.6231002807617
2.701108668,1760031250.819108668,/studio/rotor_avg_rpm.mean_rpm,960.7536163330078
2.701113167,1760031250.819113167,/studio/rotor_avg_rpm.mean_rpm,961.5128555297852
2.701118974,1760031250.819118974,/studio/rotor_avg_rpm.mean_rpm,959.2613830566406
2.701123596,1760031250.819123596,/studio/rotor_avg_rpm.mean_rpm,963.0051193237305
2.701127012,1760031250.819127012,/studio/rotor_avg_rpm.mean_rpm,954.3918876647949
2.701134494,1760031250.819134494,/studio/rotor_avg_rpm.mean_rpm,954.7845764160156
2.701141416,1760031250.819141416,/studio/rotor_avg_rpm.mean_rpm,950.6481628417969
2.701147834,1760031250.819147834,/studio/rotor_avg_rpm.mean_rpm,952.1666145324707
2.701151643,1760031250.819151643,/studio/rotor_avg_rpm.mean_rpm,948.0563430786133
2.70115522,1760031250.819155220,/studio/rotor_avg_rpm.mean_rpm,946.17138671875
2.701160099,1760031250.819160099,/studio/rotor_avg_rpm.mean_rpm,949.155876159668
2.701164986,1760031250.819164986,/studio/rotor_avg_rpm.mean_rpm,946.1713752746582
2.701168444,1760031250.819168444,/studio/rotor_avg_rpm.mean_rpm,942.061107635498
2.701180741,1760031250.819180741,/studio/rotor_avg_rpm.mean_rpm,944.6791114807129
2.701185791,1760031250.819185791,/studio/rotor_avg_rpm.mean_rpm,943.9460716247559
2.705115027,1760031250.823115027,/studio/rotor_avg_rpm.mean_rpm,940.1761665344238
2.705118566,1760031250.823118566,/studio/rotor_avg_rpm.mean_rpm,942.0611152648926
2.705123486,1760031250.823123486,/studio/rotor_avg_rpm.mean_rpm,937.584358215332
2.705128914,1760031250.823128914,/studio/rotor_avg_rpm.mean_rpm,937.950870513916
2.705136089,1760031250.823136089,/studio/rotor_avg_rpm.mean_rpm,942.4276390075684
2.705139168,1760031250.823139168,/studio/rotor_avg_rpm.mean_rpm,936.4586067199707
2.705153387,1760031250.823153387,/studio/rotor_avg_rpm.mean_rpm,934.2071075439453
2.731636501,1760031250.849636501,/studio/rotor_avg_rpm.mean_rpm,941.3280906677246
2.7316459980000003,1760031250.849645998,/studio/rotor_avg_rpm.mean_rpm,941.6945915222168
2.731681071,1760031250.849681071,/studio/rotor_avg_rpm.mean_rpm,941.6945724487305
2.731720203,1760031250.849720203,/studio/rotor_avg_rpm.mean_rpm,945.0456161499023
2.73172608,1760031250.849726080,/studio/rotor_avg_rpm.mean_rpm,945.0456466674805
2.73173301,1760031250.849733010,/studio/rotor_avg_rpm.mean_rpm,940.5688591003418
2.731737244,1760031250.849737244,/studio/rotor_avg_rpm.mean_rpm,947.6636390686035
2.731741538,1760031250.849741538,/studio/rotor_avg_rpm.mean_rpm,951.0408477783203
2.7318325850000003,1760031250.849832585,/studio/rotor_avg_rpm.mean_rpm,955.1511268615723
2.73184176,1760031250.849841760,/studio/rotor_avg_rpm.mean_rpm,958.8948669433594
2.731846924,1760031250.849846924,/studio/rotor_avg_rpm.mean_rpm,957.402587890625
2.731870459,1760031250.849870459,/studio/rotor_avg_rpm.mean_rpm,964.1308479309082
2.73187814,1760031250.849878140,/studio/rotor_avg_rpm.mean_rpm,969.0003547668457
2.731887506,1760031250.849887506,/studio/rotor_avg_rpm.mean_rpm,968.6076278686523
2.731900875,1760031250.849900875,/studio/rotor_avg_rpm.mean_rpm,974.2101669311523
2.731908793,1760031250.849908793,/studio/rotor_avg_rpm.mean_rpm,976.8543510437012
2.731915675,1760031250.849915675,/studio/rotor_avg_rpm.mean_rpm,977.5873756408691
2.73192152,1760031250.849921520,/studio/rotor_avg_rpm.mean_rpm,979.4461326599121
2.731926445,1760031250.849926445,/studio/rotor_avg_rpm.mean_rpm,986.5671195983887
2.731947543,1760031250.849947543,/studio/rotor_avg_rpm.mean_rpm,992.1696243286133
2.73195762,1760031250.849957620,/studio/rotor_avg_rpm.mean_rpm,985.0748672485352
2.731964348,1760031250.849964348,/studio/rotor_avg_rpm.mean_rpm,986.5671463012695
2.731968584,1760031250.849968584,/studio/rotor_avg_rpm.mean_rpm,988.0593605041504
2.7319796370000002,1760031250.849979637,/studio/rotor_avg_rpm.mean_rpm,992.9288368225098
2.73198602,1760031250.849986020,/studio/rotor_avg_rpm.mean_rpm,992.5361480712891
2.7663441,1760031250.884344100,/studio/rotor_avg_rpm.mean_rpm,995.1541595458984
2.7663494870000003,1760031250.884349487,/studio/rotor_avg_rpm.mean_rpm,998.1648559570312
2.766368971,1760031250.884368971,/studio/rotor_avg_rpm.mean_rpm,998.164867401123
2.766376776,1760031250.884376776,/studio/rotor_avg_rpm.mean_rpm,998.164852142334
2.766385185,1760031250.884385185,/studio/rotor_avg_rpm.mean_rpm,996.2798843383789
2.766392754,1760031250.884392754,/studio/rotor_avg_rpm.mean_rpm,995.9133529663086
2.76647353,1760031250.884473530,/studio/rotor_avg_rpm.mean_rpm,1002.6678047180176
2.766479516,1760031250.884479516,/studio/rotor_avg_rpm.mean_rpm,997.4056129455566
2.766491154,1760031250.884491154,/studio/rotor_avg_rpm.mean_rpm,1003.0081367492676
2.76650564,1760031250.884505640,/studio/rotor_avg_rpm.mean_rpm,994.8138122558594
2.76651972,1760031250.884519720,/studio/rotor_avg_rpm.mean_rpm,998.5575408935547
2.766556216,1760031250.884556216,/studio/rotor_avg_rpm.mean_rpm,1000.7828483581543
2.766567413,1760031250.884567413,/studio/rotor_avg_rpm.mean_rpm,1000.3901786804199
2.766578981,1760031250.884578981,/studio/rotor_avg_rpm.mean_rpm,1002.2489433288574
2.76658881,1760031250.884588810,/studio/rotor_avg_rpm.mean_rpm,1003.4008865356445
2.766600802,1760031250.884600802,/studio/rotor_avg_rpm.mean_rpm,1006.385383605957
2.7666239,1760031250.884623900,/studio/rotor_avg_rpm.mean_rpm,1007.5110969543457
2.7666619150000002,1760031250.884661915,/studio/rotor_avg_rpm.mean_rpm,1003.0343475341797
2.7666676050000003,1760031250.884667605,/studio/rotor_avg_rpm.mean_rpm,1007.1446075439453
2.766674873,1760031250.884674873,/studio/rotor_avg_rpm.mean_rpm,1005.2596435546875
2.766683162,1760031250.884683162,/studio/rotor_avg_rpm.mean_rpm,1003.7673645019531
2.766690702,1760031250.884690702,/studio/rotor_avg_rpm.mean_rpm,1004.8931274414062
2.76675254,1760031250.884752540,/studio/rotor_avg_rpm.mean_rpm,1002.2751426696777
2.766760331,1760031250.884760331,/studio/rotor_avg_rpm.mean_rpm,1005.259635925293
2.775213013,1760031250.893213013,/studio/rotor_avg_rpm.mean_rpm,1001.1755599975586
2.775220748,1760031250.893220748,/studio/rotor_avg_rpm.mean_rpm,1005.2858047485352
2.775232085,1760031250.893232085,/studio/rotor_avg_rpm.mean_rpm,1003.008171081543
2.775239364,1760031250.893239364,/studio/rotor_avg_rpm.mean_rpm,1003.7673988342285
2.775245997,1760031250.893245997,/studio/rotor_avg_rpm.mean_rpm,998.5313911437988
2.775253072,1760031250.893253072,/studio/rotor_avg_rpm.mean_rpm,993.2953796386719
2.775261815,1760031250.893261815,/studio/rotor_avg_rpm.mean_rpm,1007.8776550292969
2.775268407,1760031250.893268407,/studio/rotor_avg_rpm.mean_rpm,1003.034309387207
2.775281474,1760031250.893281474,/studio/rotor_avg_rpm.mean_rpm,986.5409393310547
2.775304611,1760031250.893304611,/studio/rotor_avg_rpm.mean_rpm,987.3001480102539
2.775324958,1760031250.893324958,/studio/rotor_avg_rpm.mean_rpm,988.4258918762207
2.775333938,1760031250.893333938,/studio/rotor_avg_rpm.mean_rpm,995.9134178161621
2.775343297,1760031250.893343297,/studio/rotor_avg_rpm.mean_rpm,991.0700721740723
2.775351381,1760031250.893351381,/studio/rotor_avg_rpm.mean_rpm,983.1899185180664
2.775357132,1760031250.893357132,/studio/rotor_avg_rpm.mean_rpm,982.8233871459961
2.775362722,1760031250.893362722,/studio/rotor_avg_rpm.mean_rpm,984.3156547546387
2.775385995,1760031250.893385995,/studio/rotor_avg_rpm.mean_rpm,989.5516357421875
2.778903701,1760031250.896903701,/studio/rotor_avg_rpm.mean_rpm,982.7971725463867
2.778910722,1760031250.896910722,/studio/rotor_avg_rpm.mean_rpm,989.5516357421875
2.778915411,1760031250.896915411,/studio/rotor_avg_rpm.mean_rpm,989.1851425170898
2.778936506,1760031250.896936506,/studio/rotor_avg_rpm.mean_rpm,995.1541519165039
2.778945813,1760031250.896945813,/studio/rotor_avg_rpm.mean_rpm,993.6619033813477
2.778972908,1760031250.896972908,/studio/rotor_avg_rpm.mean_rpm,992.9288635253906
2.77899148,1760031250.896991480,/studio/rotor_avg_rpm.mean_rpm,997.7983016967773
2.77902077,1760031250.897020770,/studio/rotor_avg_rpm.mean_rpm,1001.1755828857422
2.785660778,1760031250.903660778,/studio/rotor_avg_rpm.mean_rpm,1000.0236587524414
2.7856639530000002,1760031250.903663953,/studio/rotor_avg_rpm.mean_rpm,1011.2548599243164
2.785669627,1760031250.903669627,/studio/rotor_avg_rpm.mean_rpm,1011.9878845214844
2.78567408,1760031250.903674080,/studio/rotor_avg_rpm.mean_rpm,1016.1243286132812
2.785686671,1760031250.903686671,/studio/rotor_avg_rpm.mean_rpm,1019.8680953979492
2.785688756,1760031250.903688756,/studio/rotor_avg_rpm.mean_rpm,1029.1881713867188
2.791729554,1760031250.909729554,/studio/rotor_avg_rpm.mean_rpm,1037.4348754882812
2.79174439,1760031250.909744390,/studio/rotor_avg_rpm.mean_rpm,1036.3091354370117
2.791751049,1760031250.909751049,/studio/rotor_avg_rpm.mean_rpm,1047.9068450927734
2.791770252,1760031250.909770252,/studio/rotor_avg_rpm.mean_rpm,1053.1428833007812
2.791778368,1760031250.909778368,/studio/rotor_avg_rpm.mean_rpm,1057.2531280517578
2.791783781,1760031250.909783781,/studio/rotor_avg_rpm.mean_rpm,1057.2269439697266
2.797337861,1760031250.915337861,/studio/rotor_avg_rpm.mean_rpm,1066.9658966064453
2.7973441990000003,1760031250.915344199,/studio/rotor_avg_rpm.mean_rpm,1074.8460845947266
2.797350294,1760031250.915350294,/studio/rotor_avg_rpm.mean_rpm,1073.3538208007812
2.797355061,1760031250.915355061,/studio/rotor_avg_rpm.mean_rpm,1086.8103332519531
2.797375997,1760031250.915375997,/studio/rotor_avg_rpm.mean_rpm,1088.3025817871094
2.80277024,1760031250.920770240,/studio/rotor_avg_rpm.mean_rpm,1093.4862518310547
2.8027763930000003,1760031250.920776393,/studio/rotor_avg_rpm.mean_rpm,1092.4128723144531
2.802786491,1760031250.920786491,/studio/rotor_avg_rpm.mean_rpm,1096.8896484375
2.8027971640000002,1760031250.920797164,/studio/rotor_avg_rpm.mean_rpm,1106.6285858154297
2.8028024990000002,1760031250.920802499,/studio/rotor_avg_rpm.mean_rpm,1111.1315612792969
2.802819823,1760031250.920819823,/studio/rotor_avg_rpm.mean_rpm,1119.325912475586
2.802913761,1760031250.920913761,/studio/rotor_avg_rpm.mean_rpm,1120.8181762695312
2.822542133,1760031250.940542133,/studio/rotor_avg_rpm.mean_rpm,1119.3521118164062
2.8225531200000002,1760031250.940553120,/studio/rotor_avg_rpm.mean_rpm,1129.771728515625
2.82256085,1760031250.940560850,/studio/rotor_avg_rpm.mean_rpm,1136.8926544189453
2.822668342,1760031250.940668342,/studio/rotor_avg_rpm.mean_rpm,1138.411148071289
2.822700003,1760031250.940700003,/studio/rotor_avg_rpm.mean_rpm,1147.7574157714844
2.82271488,1760031250.940714880,/studio/rotor_avg_rpm.mean_rpm,1160.1405487060547
2.822734874,1760031250.940734874,/studio/rotor_avg_rpm.mean_rpm,1160.5070495605469
2.822746861,1760031250.940746861,/studio/rotor_avg_rpm.mean_rpm,1159.7216491699219
2.822758535,1760031250.940758535,/studio/rotor_avg_rpm.mean_rpm,1173.9373931884766
2.8227759690000003,1760031250.940775969,/studio/rotor_avg_rpm.mean_rpm,1175.8223266601562
2.822795851,1760031250.940795851,/studio/rotor_avg_rpm.mean_rpm,1187.3939208984375
2.822815059,1760031250.940815059,/studio/rotor_avg_rpm.mean_rpm,1188.5196228027344
2.822836038,1760031250.940836038,/studio/rotor_avg_rpm.mean_rpm,1197.1328582763672
2.822855904,1760031250.940855904,/studio/rotor_avg_rpm.mean_rpm,1210.2228393554688
2.822896333,1760031250.940896333,/studio/rotor_avg_rpm.mean_rpm,1214.3593139648438
2.822910411,1760031250.940910411,/studio/rotor_avg_rpm.mean_rpm,1212.474365234375
2.822949701,1760031250.940949701,/studio/rotor_avg_rpm.mean_rpm,1225.171630859375
2.828028216,1760031250.946028216,/studio/rotor_avg_rpm.mean_rpm,1231.5333862304688
2.828134209,1760031250.946134209,/studio/rotor_avg_rpm.mean_rpm,1234.1252136230469
2.828138721,1760031250.946138721,/studio/rotor_avg_rpm.mean_rpm,1234.1251831054688
2.828143449,1760031250.946143449,/studio/rotor_avg_rpm.mean_rpm,1236.7693939208984
2.82814814,1760031250.946148140,/studio/rotor_avg_rpm.mean_rpm,1238.6543731689453
2.828154221,1760031250.946154221,/studio/rotor_avg_rpm.mean_rpm,1243.4976348876953
2.8281672860000002,1760031250.946167286,/studio/rotor_avg_rpm.mean_rpm,1246.8748474121094
2.832846953,1760031250.950846953,/studio/rotor_avg_rpm.mean_rpm,1251.3516540527344
2.8328508550000002,1760031250.950850855,/studio/rotor_avg_rpm.mean_rpm,1241.6388549804688
2.8328560300000003,1760031250.950856030,/studio/rotor_avg_rpm.mean_rpm,1249.8594055175781
2.832864421,1760031250.950864421,/studio/rotor_avg_rpm.mean_rpm,1242.3719177246094
2.832868421,1760031250.950868421,/studio/rotor_avg_rpm.mean_rpm,1250.2259216308594
2.832878155,1760031250.950878155,/studio/rotor_avg_rpm.mean_rpm,1248.3933410644531
2.837779058,1760031250.955779058,/studio/rotor_avg_rpm.mean_rpm,1243.8641357421875
2.837785103,1760031250.955785103,/studio/rotor_avg_rpm.mean_rpm,1244.9898986816406
2.837798899,1760031250.955798899,/studio/rotor_avg_rpm.mean_rpm,1247.60791015625
2.844700733,1760031250.962700733,/studio/rotor_avg_rpm.mean_rpm,1253.2366027832031
2.844712505,1760031250.962712505,/studio/rotor_avg_rpm.mean_rpm,1245.0160827636719
2.844728572,1760031250.962728572,/studio/rotor_avg_rpm.mean_rpm,1248.733642578125
2.8447455660000003,1760031250.962745566,/studio/rotor_avg_rpm.mean_rpm,1249.1263122558594
2.844765186,1760031250.962765186,/studio/rotor_avg_rpm.mean_rpm,1245.7490997314453
2.844785644,1760031250.962785644,/studio/rotor_avg_rpm.mean_rpm,1246.1156463623047
2.849047166,1760031250.967047166,/studio/rotor_avg_rpm.mean_rpm,1246.1156311035156
2.849064491,1760031250.967064491,/studio/rotor_avg_rpm.mean_rpm,1256.6138305664062
2.8490772250000003,1760031250.967077225,/studio/rotor_avg_rpm.mean_rpm,1247.267562866211
2.849093302,1760031250.967093302,/studio/rotor_avg_rpm.mean_rpm,1245.7752990722656
2.849122716,1760031250.967122716,/studio/rotor_avg_rpm.mean_rpm,1248.7598419189453
2.849133327,1760031250.967133327,/studio/rotor_avg_rpm.mean_rpm,1241.2723388671875
2.857421971,1760031250.975421971,/studio/rotor_avg_rpm.mean_rpm,1248.3670959472656
2.857441784,1760031250.975441784,/studio/rotor_avg_rpm.mean_rpm,1245.7490997314453
2.857461766,1760031250.975461766,/studio/rotor_avg_rpm.mean_rpm,1242.7645568847656
2.857473528,1760031250.975473528,/studio/rotor_avg_rpm.mean_rpm,1247.267562866211
2.857544518,1760031250.975544518,/studio/rotor_avg_rpm.mean_rpm,1239.0208740234375
2.857569343,1760031250.975569343,/studio/rotor_avg_rpm.mean_rpm,1243.5238037109375
2.863282539,1760031250.981282539,/studio/rotor_avg_rpm.mean_rpm,1244.6233520507812
2.863312186,1760031250.981312186,/studio/rotor_avg_rpm.mean_rpm,1238.6543273925781
2.863332684,1760031250.981332684,/studio/rotor_avg_rpm.mean_rpm,1243.4976348876953
2.863353599,1760031250.981353599,/studio/rotor_avg_rpm.mean_rpm,1243.8641662597656
2.863386382,1760031250.981386382,/studio/rotor_avg_rpm.mean_rpm,1232.6590881347656
2.863408894,1760031250.981408894,/studio/rotor_avg_rpm.mean_rpm,1249.4928588867188
2.863422602,1760031250.981422602,/studio/rotor_avg_rpm.mean_rpm,1238.287826538086
2.863440896,1760031250.981440896,/studio/rotor_avg_rpm.mean_rpm,1246.5083312988281
2.870971999,1760031250.988971999,/studio/rotor_avg_rpm.mean_rpm,1243.1311492919922
2.870985087,1760031250.988985087,/studio/rotor_avg_rpm.mean_rpm,1243.5238189697266
2.870998767,1760031250.988998767,/studio/rotor_avg_rpm.mean_rpm,1252.8700714111328
2.871017053,1760031250.989017053,/studio/rotor_avg_rpm.mean_rpm,1253.6292877197266
2.87107579,1760031250.989075790,/studio/rotor_avg_rpm.mean_rpm,1258.839096069336
2.8710878710000003,1760031250.989087871,/studio/rotor_avg_rpm.mean_rpm,1260.7240753173828
2.8762086,1760031250.994208600,/studio/rotor_avg_rpm.mean_rpm,1267.0858306884766
2.876236887,1760031250.994236887,/studio/rotor_avg_rpm.mean_rpm,1261.849838256836
2.8762473340000003,1760031250.994247334,/studio/rotor_avg_rpm.mean_rpm,1266.693130493164
2.876365526,1760031250.994365526,/studio/rotor_avg_rpm.mean_rpm,1261.8236694335938
2.876381947,1760031250.994381947,/studio/rotor_avg_rpm.mean_rpm,1274.1806335449219
2.876394549,1760031250.994394549,/studio/rotor_avg_rpm.mean_rpm,1273.7878875732422
2.876436941,1760031250.994436941,/studio/rotor_avg_rpm.mean_rpm,1274.547134399414
2.8814650410000002,1760031250.999465041,/studio/rotor_avg_rpm.mean_rpm,1275.3063507080078
2.881468732,1760031250.999468732,/studio/rotor_avg_rpm.mean_rpm,1276.432113647461
2.88148034,1760031250.999480340,/studio/rotor_avg_rpm.mean_rpm,1283.9195709228516
2.881485016,1760031250.999485016,/studio/rotor_avg_rpm.mean_rpm,1283.8933868408203
2.88148872,1760031250.999488720,/studio/rotor_avg_rpm.mean_rpm,1284.2599029541016
2.881505012,1760031250.999505012,/studio/rotor_avg_rpm.mean_rpm,1283.52685546875
2.895800764,1760031251.013800764,/studio/rotor_avg_rpm.mean_rpm,1300.700942993164
2.895806791,1760031251.013806791,/studio/rotor_avg_rpm.mean_rpm,1289.8885955810547
2.895811303,1760031251.013811303,/studio/rotor_avg_rpm.mean_rpm,1289.129379272461
2.895815936,1760031251.013815936,/studio/rotor_avg_rpm.mean_rpm,1292.506607055664
2.895836417,1760031251.013836417,/studio/rotor_avg_rpm.mean_rpm,1301.4601593017578
2.899389586,1760031251.017389586,/studio/rotor_avg_rpm.mean_rpm,1299.2086944580078
2.899396699,1760031251.017396699,/studio/rotor_avg_rpm.mean_rpm,1307.4553985595703
2.899400446,1760031251.017400446,/studio/rotor_avg_rpm.mean_rpm,1307.8480987548828
2.8994062620000003,1760031251.017406262,/studio/rotor_avg_rpm.mean_rpm,1313.4505920410156
2.899410056,1760031251.017410056,/studio/rotor_avg_rpm.mean_rpm,1320.2050476074219
2.899414116,1760031251.017414116,/studio/rotor_avg_rpm.mean_rpm,1325.388687133789
2.899418389,1760031251.017418389,/studio/rotor_avg_rpm.mean_rpm,1331.017349243164
2.899424352,1760031251.017424352,/studio/rotor_avg_rpm.mean_rpm,1332.1431579589844
2.8994288050000003,1760031251.017428805,/studio/rotor_avg_rpm.mean_rpm,1332.5096435546875
2.899431901,1760031251.017431901,/studio/rotor_avg_rpm.mean_rpm,1336.2533874511719
2.899434588,1760031251.017434588,/studio/rotor_avg_rpm.mean_rpm,1336.9864196777344
2.899442734,1760031251.017442734,/studio/rotor_avg_rpm.mean_rpm,1344.8404235839844
2.899459305,1760031251.017459305,/studio/rotor_avg_rpm.mean_rpm,1350.4691162109375
2.90251503,1760031251.020515030,/studio/rotor_avg_rpm.mean_rpm,1348.2176513671875
2.9025216680000003,1760031251.020521668,/studio/rotor_avg_rpm.mean_rpm,1351.5687103271484
2.902540666,1760031251.020540666,/studio/rotor_avg_rpm.mean_rpm,1356.804672241211
2.911109731,1760031251.029109731,/studio/rotor_avg_rpm.mean_rpm,1355.338607788086
2.91115698,1760031251.029156980,/studio/rotor_avg_rpm.mean_rpm,1355.7051391601562
2.9111671980000002,1760031251.029167198,/studio/rotor_avg_rpm.mean_rpm,1357.5639038085938
2.911310532,1760031251.029310532,/studio/rotor_avg_rpm.mean_rpm,1360.5484313964844
2.91132887,1760031251.029328870,/studio/rotor_avg_rpm.mean_rpm,1360.9411315917969
2.911342637,1760031251.029342637,/studio/rotor_avg_rpm.mean_rpm,1366.1771240234375
2.911352488,1760031251.029352488,/studio/rotor_avg_rpm.mean_rpm,1368.0620880126953
2.918114733,1760031251.036114733,/studio/rotor_avg_rpm.mean_rpm,1369.1878204345703
2.918124888,1760031251.036124888,/studio/rotor_avg_rpm.mean_rpm,1369.5281524658203
2.918234244,1760031251.036234244,/studio/rotor_avg_rpm.mean_rpm,1380.0001678466797
2.91826042,1760031251.036260420,/studio/rotor_avg_rpm.mean_rpm,1376.6491241455078
2.9182826420000003,1760031251.036282642,/studio/rotor_avg_rpm.mean_rpm,1377.7748260498047
2.9182973590000003,1760031251.036297359,/studio/rotor_avg_rpm.mean_rpm,1366.5436706542969
2.918337868,1760031251.036337868,/studio/rotor_avg_rpm.mean_rpm,1375.9160766601562
2.918345454,1760031251.036345454,/studio/rotor_avg_rpm.mean_rpm,1382.6443634033203
2.925109962,1760031251.043109962,/studio/rotor_avg_rpm.mean_rpm,1380.7593841552734
2.925138366,1760031251.043138366,/studio/rotor_avg_rpm.mean_rpm,1374.0573120117188
2.925200231,1760031251.043200231,/studio/rotor_avg_rpm.mean_rpm,1382.9846649169922
2.925276349,1760031251.043276349,/studio/rotor_avg_rpm.mean_rpm,1381.1259002685547
2.925423254,1760031251.043423254,/studio/rotor_avg_rpm.mean_rpm,1378.8744354248047
2.930281899,1760031251.048281899,/studio/rotor_avg_rpm.mean_rpm,1377.4083557128906
2.930361117,1760031251.048361117,/studio/rotor_avg_rpm.mean_rpm,1377.015640258789
2.9303748460000003,1760031251.048374846,/studio/rotor_avg_rpm.mean_rpm,1369.9208526611328
2.930437499,1760031251.048437499,/studio/rotor_avg_rpm.mean_rpm,1371.4131317138672
2.9304538840000003,1760031251.048453884,/studio/rotor_avg_rpm.mean_rpm,1363.8994445800781
2.930601803,1760031251.048601803,/studio/rotor_avg_rpm.mean_rpm,1370.2873992919922
2.9453054620000003,1760031251.063305462,/studio/rotor_avg_rpm.mean_rpm,1365.8106079101562
2.945321539,1760031251.063321539,/studio/rotor_avg_rpm.mean_rpm,1361.7003631591797
2.94534892,1760031251.063348920,/studio/rotor_avg_rpm.mean_rpm,1355.7051239013672
2.945441349,1760031251.063441349,/studio/rotor_avg_rpm.mean_rpm,1360.9411163330078
2.945454256,1760031251.063454256,/studio/rotor_avg_rpm.mean_rpm,1356.804702758789
2.945487124,1760031251.063487124,/studio/rotor_avg_rpm.mean_rpm,1355.3124389648438
2.9455023110000003,1760031251.063502311,/studio/rotor_avg_rpm.mean_rpm,1350.4691009521484
2.945515081,1760031251.063515081,/studio/rotor_avg_rpm.mean_rpm,1352.327896118164
2.94553259,1760031251.063532590,/studio/rotor_avg_rpm.mean_rpm,1348.9768676757812
2.945558955,1760031251.063558955,/studio/rotor_avg_rpm.mean_rpm,1345.9661712646484
2.945578009,1760031251.063578009,/studio/rotor_avg_rpm.mean_rpm,1348.610366821289
2.945590215,1760031251.063590215,/studio/rotor_avg_rpm.mean_rpm,1343.3743286132812
2.945616575,1760031251.063616575,/studio/rotor_avg_rpm.mean_rpm,1340.756362915039
2.94563676,1760031251.063636760,/studio/rotor_avg_rpm.mean_rpm,1342.2485809326172
2.957109404,1760031251.075109404,/studio/rotor_avg_rpm.mean_rpm,1332.5358428955078
2.957334097,1760031251.075334097,/studio/rotor_avg_rpm.mean_rpm,1327.2736511230469
2.957346791,1760031251.075346791,/studio/rotor_avg_rpm.mean_rpm,1337.0125885009766
2.957357493,1760031251.075357493,/studio/rotor_avg_rpm.mean_rpm,1327.6663208007812
2.957400804,1760031251.075400804,/studio/rotor_avg_rpm.mean_rpm,1330.6246948242188
2.957411883,1760031251.075411883,/studio/rotor_avg_rpm.mean_rpm,1324.2891387939453
2.957423035,1760031251.075423035,/studio/rotor_avg_rpm.mean_rpm,1330.650863647461
2.957821667,1760031251.075821667,/studio/rotor_avg_rpm.mean_rpm,1332.5096435546875
2.957843055,1760031251.075843055,/studio/rotor_avg_rpm.mean_rpm,1323.5298767089844
2.962299839,1760031251.080299839,/studio/rotor_avg_rpm.mean_rpm,1335.5203247070312
2.962326672,1760031251.080326672,/studio/rotor_avg_rpm.mean_rpm,1327.2736511230469
2.9624985500000003,1760031251.080498550,/studio/rotor_avg_rpm.mean_rpm,1328.7658996582031
2.962583626,1760031251.080583626,/studio/rotor_avg_rpm.mean_rpm,1326.9071197509766
2.96260311,1760031251.080603110,/studio/rotor_avg_rpm.mean_rpm,1329.55126953125
2.962615397,1760031251.080615397,/studio/rotor_avg_rpm.mean_rpm,1338.1645050048828
2.9627013790000003,1760031251.080701379,/studio/rotor_avg_rpm.mean_rpm,1323.5560913085938
2.962716425,1760031251.080716425,/studio/rotor_avg_rpm.mean_rpm,1334.3945770263672
2.971412199,1760031251.089412199,/studio/rotor_avg_rpm.mean_rpm,1330.2843322753906
2.971426119,1760031251.089426119,/studio/rotor_avg_rpm.mean_rpm,1333.6353759765625
2.971475464,1760031251.089475464,/studio/rotor_avg_rpm.mean_rpm,1334.3946075439453
2.971498651,1760031251.089498651,/studio/rotor_avg_rpm.mean_rpm,1332.902359008789
2.971518583,1760031251.089518583,/studio/rotor_avg_rpm.mean_rpm,1337.7456359863281
2.971528629,1760031251.089528629,/studio/rotor_avg_rpm.mean_rpm,1336.2533874511719
2.971672222,1760031251.089672222,/studio/rotor_avg_rpm.mean_rpm,1338.8713684082031
2.971686417,1760031251.089686417,/studio/rotor_avg_rpm.mean_rpm,1332.90234375
2.971734756,1760031251.089734756,/studio/rotor_avg_rpm.mean_rpm,1338.5048217773438
2.971747198,1760031251.089747198,/studio/rotor_avg_rpm.mean_rpm,1342.2485961914062
2.971813747,1760031251.089813747,/studio/rotor_avg_rpm.mean_rpm,1338.8713989257812
2.989888602,1760031251.107888602,/studio/rotor_avg_rpm.mean_rpm,1334.368408203125
2.989905413,1760031251.107905413,/studio/rotor_avg_rpm.mean_rpm,1329.5251159667969
2.989924885,1760031251.107924885,/studio/rotor_avg_rpm.mean_rpm,1341.4894104003906
2.989938872,1760031251.107938872,/studio/rotor_avg_rpm.mean_rpm,1341.0966796875
2.989954364,1760031251.107954364,/studio/rotor_avg_rpm.mean_rpm,1367.695556640625
2.9899642760000003,1760031251.107964276,/studio/rotor_avg_rpm.mean_rpm,1356.8308715820312
2.989979576,1760031251.107979576,/studio/rotor_avg_rpm.mean_rpm,1354.6055908203125
2.9899900820000003,1760031251.107990082,/studio/rotor_avg_rpm.mean_rpm,1348.6103515625
2.990002279,1760031251.108002279,/studio/rotor_avg_rpm.mean_rpm,1368.0620727539062
2.99003473,1760031251.108034730,/studio/rotor_avg_rpm.mean_rpm,1375.1568908691406
2.99004984,1760031251.108049840,/studio/rotor_avg_rpm.mean_rpm,1371.4131164550781
2.990064048,1760031251.108064048,/studio/rotor_avg_rpm.mean_rpm,1377.4083251953125
2.990113691,1760031251.108113691,/studio/rotor_avg_rpm.mean_rpm,1381.9112854003906
2.990132524,1760031251.108132524,/studio/rotor_avg_rpm.mean_rpm,1387.8541259765625
2.997397872,1760031251.115397872,/studio/rotor_avg_rpm.mean_rpm,1389.7391052246094
2.997415029,1760031251.115415029,/studio/rotor_avg_rpm.mean_rpm,1393.0901794433594
2.997436133,1760031251.115436133,/studio/rotor_avg_rpm.mean_rpm,1397.200439453125
2.997452965,1760031251.115452965,/studio/rotor_avg_rpm.mean_rpm,1399.0853881835938
2.9974676160000002,1760031251.115467616,/studio/rotor_avg_rpm.mean_rpm,1403.9548645019531
2.997480311,1760031251.115480311,/studio/rotor_avg_rpm.mean_rpm,1403.9548645019531
2.99750057,1760031251.115500570,/studio/rotor_avg_rpm.mean_rpm,1411.7826843261719
2.997513035,1760031251.115513035,/studio/rotor_avg_rpm.mean_rpm,1420.0293884277344
2.9975786700000002,1760031251.115578670,/studio/rotor_avg_rpm.mean_rpm,1417.8040771484375
2.997588817,1760031251.115588817,/studio/rotor_avg_rpm.mean_rpm,1421.1550903320312
3.004858913,1760031251.122858913,/studio/rotor_avg_rpm.mean_rpm,1423.7731323242188
3.004888033,1760031251.122888033,/studio/rotor_avg_rpm.mean_rpm,1439.0884094238281
3.004905802,1760031251.122905802,/studio/rotor_avg_rpm.mean_rpm,1434.2713012695312
3.00492376,1760031251.122923760,/studio/rotor_avg_rpm.mean_rpm,1430.8678894042969
3.005065949,1760031251.123065949,/studio/rotor_avg_rpm.mean_rpm,1436.1300964355469
3.005086273,1760031251.123086273,/studio/rotor_avg_rpm.mean_rpm,1423.013916015625
3.005106415,1760031251.123106415,/studio/rotor_avg_rpm.mean_rpm,1429.3756103515625
3.009654123,1760031251.127654123,/studio/rotor_avg_rpm.mean_rpm,1420.0293884277344
3.009671897,1760031251.127671897,/studio/rotor_avg_rpm.mean_rpm,1427.1241760253906
3.009786786,1760031251.127786786,/studio/rotor_avg_rpm.mean_rpm,1409.1908874511719
3.009798188,1760031251.127798188,/studio/rotor_avg_rpm.mean_rpm,1409.557373046875
3.009805175,1760031251.127805175,/studio/rotor_avg_rpm.mean_rpm,1400.9441528320312
3.009812934,1760031251.127812934,/studio/rotor_avg_rpm.mean_rpm,1402.0698852539062
3.009872862,1760031251.127872862,/studio/rotor_avg_rpm.mean_rpm,1381.8851318359375
3.014140129,1760031251.132140129,/studio/rotor_avg_rpm.mean_rpm,1381.5186157226562
3.014152573,1760031251.132152573,/studio/rotor_avg_rpm.mean_rpm,1371.046615600586
3.014164518,1760031251.132164518,/studio/rotor_avg_rpm.mean_rpm,1368.0620727539062
3.014228479,1760031251.132228479,/studio/rotor_avg_rpm.mean_rpm,1356.8308563232422
3.018874746,1760031251.136874746,/studio/rotor_avg_rpm.mean_rpm,1355.7051086425781
3.018891462,1760031251.136891462,/studio/rotor_avg_rpm.mean_rpm,1346.7253723144531
3.018923246,1760031251.136923246,/studio/rotor_avg_rpm.mean_rpm,1343.3743286132812
3.018964382,1760031251.136964382,/studio/rotor_avg_rpm.mean_rpm,1332.8761444091797
