elapsed time,timestamp,topic,value
0.002560777,1760031248.186560777,/xwing/imu.linear_acceleration.x,-0.029430000000000005
0.002583971,1760031248.186583971,/xwing/imu.linear_acceleration.x,-0.0981
0.002594977,1760031248.186594977,/xwing/imu.linear_acceleration.x,-0.11772000000000002
0.002603546,1760031248.186603546,/xwing/imu.linear_acceleration.x,-0.039240000000000004
0.00261157,1760031248.186611570,/xwing/imu.linear_acceleration.x,0.05886000000000001
0.010956407000000001,1760031248.194956407,/xwing/imu.linear_acceleration.x,0.11772000000000002
0.010978197,1760031248.194978197,/xwing/imu.linear_acceleration.x,0.06867000000000001
0.011002628,1760031248.195002628,/xwing/imu.linear_acceleration.x,-0.019620000000000002
0.011025247,1760031248.195025247,/xwing/imu.linear_acceleration.x,0
0.011087334,1760031248.195087334,/xwing/imu.linear_acceleration.x,0.08829000000000001
0.011094949000000002,1760031248.195094949,/xwing/imu.linear_acceleration.x,0.0981
0.011099629000000001,1760031248.195099629,/xwing/imu.linear_acceleration.x,0
0.011187762,1760031248.195187762,/xwing/imu.linear_acceleration.x,-0.10791
0.011198668,1760031248.195198668,/xwing/imu.linear_acceleration.x,-0.11772000000000002
0.011268388,1760031248.195268388,/xwing/imu.linear_acceleration.x,0
0.011277454000000001,1760031248.195277454,/xwing/imu.linear_acceleration.x,0.08829000000000001
0.015497996000000002,1760031248.199497996,/xwing/imu.linear_acceleration.x,0.019620000000000002
0.015520341000000002,1760031248.199520341,/xwing/imu.linear_acceleration.x,-0.04905
0.015529247000000001,1760031248.199529247,/xwing/imu.linear_acceleration.x,0
0.015549562000000001,1760031248.199549562,/xwing/imu.linear_acceleration.x,0.08829000000000001
0.021511771000000002,1760031248.205511771,/xwing/imu.linear_acceleration.x,0.17658000000000001
0.021532087000000002,1760031248.205532087,/xwing/imu.linear_acceleration.x,0.10791
0.021537494,1760031248.205537494,/xwing/imu.linear_acceleration.x,-0.019620000000000002
0.021542805,1760031248.205542805,/xwing/imu.linear_acceleration.x,0.009810000000000001
0.021573001,1760031248.205573001,/xwing/imu.linear_acceleration.x,0.0981
0.021601228,1760031248.205601228,/xwing/imu.linear_acceleration.x,0.15696000000000002
0.021646311,1760031248.205646311,/xwing/imu.linear_acceleration.x,0.0981
0.028326264,1760031248.212326264,/xwing/imu.linear_acceleration.x,-0.05886000000000001
0.028349529000000002,1760031248.212349529,/xwing/imu.linear_acceleration.x,-0.08829000000000001
0.028360932000000002,1760031248.212360932,/xwing/imu.linear_acceleration.x,0.009810000000000001
0.028382467,1760031248.212382467,/xwing/imu.linear_acceleration.x,0.07848000000000001
0.033732272,1760031248.217732272,/xwing/imu.linear_acceleration.x,0.039240000000000004
0.033757959000000004,1760031248.217757959,/xwing/imu.linear_acceleration.x,-0.06867000000000001
0.033797722,1760031248.217797722,/xwing/imu.linear_acceleration.x,-0.08829000000000001
0.033809946,1760031248.217809946,/xwing/imu.linear_acceleration.x,0.009810000000000001
0.038904864000000004,1760031248.222904864,/xwing/imu.linear_acceleration.x,0.0981
0.038917634,1760031248.222917634,/xwing/imu.linear_acceleration.x,0.07848000000000001
0.03892885,1760031248.222928850,/xwing/imu.linear_acceleration.x,-0.019620000000000002
0.038938326,1760031248.222938326,/xwing/imu.linear_acceleration.x,-0.04905
0.038952387000000005,1760031248.222952387,/xwing/imu.linear_acceleration.x,0.029430000000000005
0.038961100000000005,1760031248.222961100,/xwing/imu.linear_acceleration.x,0.0981
0.038977797,1760031248.222977797,/xwing/imu.linear_acceleration.x,0.05886000000000001
0.038988013,1760031248.222988013,/xwing/imu.linear_acceleration.x,-0.019620000000000002
0.066379516,1760031248.250379516,/xwing/imu.linear_acceleration.x,-0.08829000000000001
0.066389508,1760031248.250389508,/xwing/imu.linear_acceleration.x,-0.009810000000000001
0.066403432,1760031248.250403432,/xwing/imu.linear_acceleration.x,0.06867000000000001
0.06643388900000001,1760031248.250433889,/xwing/imu.linear_acceleration.x,0.039240000000000004
0.066448872,1760031248.250448872,/xwing/imu.linear_acceleration.x,-0.019620000000000002
0.066461797,1760031248.250461797,/xwing/imu.linear_acceleration.x,-0.05886000000000001
0.06647807700000001,1760031248.250478077,/xwing/imu.linear_acceleration.x,-0.009810000000000001
0.066516483,1760031248.250516483,/xwing/imu.linear_acceleration.x,0.08829000000000001
0.066535041,1760031248.250535041,/xwing/imu.linear_acceleration.x,0.08829000000000001
0.06655285300000001,1760031248.250552853,/xwing/imu.linear_acceleration.x,0
0.066569027,1760031248.250569027,/xwing/imu.linear_acceleration.x,-0.009810000000000001
0.06668396,1760031248.250683960,/xwing/imu.linear_acceleration.x,0
0.066726487,1760031248.250726487,/xwing/imu.linear_acceleration.x,0.039240000000000004
0.066796776,1760031248.250796776,/xwing/imu.linear_acceleration.x,0.06867000000000001
0.066809424,1760031248.250809424,/xwing/imu.linear_acceleration.x,-0.029430000000000005
0.066828675,1760031248.250828675,/xwing/imu.linear_acceleration.x,-0.039240000000000004
0.066839225,1760031248.250839225,/xwing/imu.linear_acceleration.x,-0.009810000000000001
0.06684899200000001,1760031248.250848992,/xwing/imu.linear_acceleration.x,0.039240000000000004
0.066897656,1760031248.250897656,/xwing/imu.linear_acceleration.x,0.019620000000000002
0.06690968,1760031248.250909680,/xwing/imu.linear_acceleration.x,-0.07848000000000001
0.066921276,1760031248.250921276,/xwing/imu.linear_acceleration.x,-0.08829000000000001
0.066938009,1760031248.250938009,/xwing/imu.linear_acceleration.x,-0.07848000000000001
0.06695311400000001,1760031248.250953114,/xwing/imu.linear_acceleration.x,0.019620000000000002
0.066965994,1760031248.250965994,/xwing/imu.linear_acceleration.x,0.009810000000000001
0.066987919,1760031248.250987919,/xwing/imu.linear_acceleration.x,-0.06867000000000001
0.06699782500000001,1760031248.250997825,/xwing/imu.linear_acceleration.x,-0.07848000000000001
0.07311408400000001,1760031248.257114084,/xwing/imu.linear_acceleration.x,-0.0981
0.073120397,1760031248.257120397,/xwing/imu.linear_acceleration.x,-0.029430000000000005
0.07329994000000001,1760031248.257299940,/xwing/imu.linear_acceleration.x,-0.019620000000000002
0.073306985,1760031248.257306985,/xwing/imu.linear_acceleration.x,-0.08829000000000001
0.073310054,1760031248.257310054,/xwing/imu.linear_acceleration.x,-0.12753
0.07331277900000001,1760031248.257312779,/xwing/imu.linear_acceleration.x,-0.10791
0.07332867800000001,1760031248.257328678,/xwing/imu.linear_acceleration.x,-0.07848000000000001
0.073331585,1760031248.257331585,/xwing/imu.linear_acceleration.x,-0.06867000000000001
0.073334354,1760031248.257334354,/xwing/imu.linear_acceleration.x,-0.08829000000000001
0.08019227200000001,1760031248.264192272,/xwing/imu.linear_acceleration.x,-0.0981
0.080197712,1760031248.264197712,/xwing/imu.linear_acceleration.x,-0.07848000000000001
0.08020400700000001,1760031248.264204007,/xwing/imu.linear_acceleration.x,-0.05886000000000001
0.080284293,1760031248.264284293,/xwing/imu.linear_acceleration.x,-0.11772000000000002
0.080298218,1760031248.264298218,/xwing/imu.linear_acceleration.x,-0.18639000000000003
0.080309446,1760031248.264309446,/xwing/imu.linear_acceleration.x,-0.15696000000000002
0.08032322700000001,1760031248.264323227,/xwing/imu.linear_acceleration.x,-0.15696000000000002
0.085308776,1760031248.269308776,/xwing/imu.linear_acceleration.x,-0.11772000000000002
0.08532217900000001,1760031248.269322179,/xwing/imu.linear_acceleration.x,-0.11772000000000002
0.085377229,1760031248.269377229,/xwing/imu.linear_acceleration.x,-0.14715
0.085381737,1760031248.269381737,/xwing/imu.linear_acceleration.x,-0.12753
0.085395757,1760031248.269395757,/xwing/imu.linear_acceleration.x,-0.11772000000000002
0.085415107,1760031248.269415107,/xwing/imu.linear_acceleration.x,-0.11772000000000002
0.095520933,1760031248.279520933,/xwing/imu.linear_acceleration.x,-0.15696000000000002
0.09552328800000001,1760031248.279523288,/xwing/imu.linear_acceleration.x,-0.17658000000000001
0.095530268,1760031248.279530268,/xwing/imu.linear_acceleration.x,-0.16677000000000003
0.09553713200000001,1760031248.279537132,/xwing/imu.linear_acceleration.x,-0.16677000000000003
0.09556149900000001,1760031248.279561499,/xwing/imu.linear_acceleration.x,-0.11772000000000002
0.09556727000000001,1760031248.279567270,/xwing/imu.linear_acceleration.x,-0.13734000000000002
0.095572607,1760031248.279572607,/xwing/imu.linear_acceleration.x,-0.17658000000000001
0.095575566,1760031248.279575566,/xwing/imu.linear_acceleration.x,-0.15696000000000002
0.10674235100000001,1760031248.290742351,/xwing/imu.linear_acceleration.x,-0.12753
0.106904072,1760031248.290904072,/xwing/imu.linear_acceleration.x,-0.12753
0.106915177,1760031248.290915177,/xwing/imu.linear_acceleration.x,-0.13734000000000002
0.10693456100000001,1760031248.290934561,/xwing/imu.linear_acceleration.x,-0.21582
0.10712964500000001,1760031248.291129645,/xwing/imu.linear_acceleration.x,-0.17658000000000001
0.107222258,1760031248.291222258,/xwing/imu.linear_acceleration.x,-0.0981
0.107232458,1760031248.291232458,/xwing/imu.linear_acceleration.x,-0.10791
0.10723510400000001,1760031248.291235104,/xwing/imu.linear_acceleration.x,-0.10791
0.10723719100000001,1760031248.291237191,/xwing/imu.linear_acceleration.x,-0.18639000000000003
0.10735624,1760031248.291356240,/xwing/imu.linear_acceleration.x,-0.18639000000000003
0.111146297,1760031248.295146297,/xwing/imu.linear_acceleration.x,-0.0981
0.11115683600000001,1760031248.295156836,/xwing/imu.linear_acceleration.x,-0.0981
0.11116213900000001,1760031248.295162139,/xwing/imu.linear_acceleration.x,-0.16677000000000003
0.111166337,1760031248.295166337,/xwing/imu.linear_acceleration.x,-0.23544000000000004
0.11118779300000001,1760031248.295187793,/xwing/imu.linear_acceleration.x,-0.21582
0.11119102700000001,1760031248.295191027,/xwing/imu.linear_acceleration.x,-0.16677000000000003
0.111232439,1760031248.295232439,/xwing/imu.linear_acceleration.x,-0.12753
0.11729491500000001,1760031248.301294915,/xwing/imu.linear_acceleration.x,-0.23544000000000004
0.117302632,1760031248.301302632,/xwing/imu.linear_acceleration.x,-0.35316000000000003
0.11730839900000001,1760031248.301308399,/xwing/imu.linear_acceleration.x,-0.31392000000000003
0.11731335000000001,1760031248.301313350,/xwing/imu.linear_acceleration.x,-0.27468000000000004
0.11731939200000001,1760031248.301319392,/xwing/imu.linear_acceleration.x,-0.22563000000000002
0.117323019,1760031248.301323019,/xwing/imu.linear_acceleration.x,-0.32373
0.129120351,1760031248.313120351,/xwing/imu.linear_acceleration.x,-0.41202000000000005
0.129124822,1760031248.313124822,/xwing/imu.linear_acceleration.x,-0.35316000000000003
0.12912837000000002,1760031248.313128370,/xwing/imu.linear_acceleration.x,-0.24525000000000002
0.129134091,1760031248.313134091,/xwing/imu.linear_acceleration.x,-0.1962
0.129149034,1760031248.313149034,/xwing/imu.linear_acceleration.x,-0.25506
0.12915896500000001,1760031248.313158965,/xwing/imu.linear_acceleration.x,-0.34335000000000004
0.12916348900000002,1760031248.313163489,/xwing/imu.linear_acceleration.x,-0.2943
0.12918311000000002,1760031248.313183110,/xwing/imu.linear_acceleration.x,-0.21582
0.1291904,1760031248.313190400,/xwing/imu.linear_acceleration.x,-0.22563000000000002
0.14650062800000002,1760031248.330500628,/xwing/imu.linear_acceleration.x,-0.34335000000000004
0.146514703,1760031248.330514703,/xwing/imu.linear_acceleration.x,-0.45126000000000005
0.146527923,1760031248.330527923,/xwing/imu.linear_acceleration.x,-0.42183000000000004
0.14654128600000002,1760031248.330541286,/xwing/imu.linear_acceleration.x,-0.34335000000000004
0.146548319,1760031248.330548319,/xwing/imu.linear_acceleration.x,-0.32373
0.14655451800000002,1760031248.330554518,/xwing/imu.linear_acceleration.x,-0.41202000000000005
0.14655909,1760031248.330559090,/xwing/imu.linear_acceleration.x,-0.4708800000000001
0.14659907700000002,1760031248.330599077,/xwing/imu.linear_acceleration.x,-0.38259000000000004
0.14660693700000002,1760031248.330606937,/xwing/imu.linear_acceleration.x,-0.28449
0.146620135,1760031248.330620135,/xwing/imu.linear_acceleration.x,-0.25506
0.14662486300000002,1760031248.330624863,/xwing/imu.linear_acceleration.x,-0.33354000000000006
0.146635796,1760031248.330635796,/xwing/imu.linear_acceleration.x,-0.3924
0.14664221200000002,1760031248.330642212,/xwing/imu.linear_acceleration.x,-0.33354000000000006
0.146647301,1760031248.330647301,/xwing/imu.linear_acceleration.x,-0.26487000000000005
0.146699346,1760031248.330699346,/xwing/imu.linear_acceleration.x,-0.26487000000000005
0.146708216,1760031248.330708216,/xwing/imu.linear_acceleration.x,-0.34335000000000004
0.146716233,1760031248.330716233,/xwing/imu.linear_acceleration.x,-0.42183000000000004
0.146727669,1760031248.330727669,/xwing/imu.linear_acceleration.x,-0.3924
0.14673396500000002,1760031248.330733965,/xwing/imu.linear_acceleration.x,-0.30411000000000005
0.146740583,1760031248.330740583,/xwing/imu.linear_acceleration.x,-0.31392000000000003
0.152725375,1760031248.336725375,/xwing/imu.linear_acceleration.x,-0.36297
0.15274362800000002,1760031248.336743628,/xwing/imu.linear_acceleration.x,-0.38259000000000004
0.152747557,1760031248.336747557,/xwing/imu.linear_acceleration.x,-0.34335000000000004
0.152776246,1760031248.336776246,/xwing/imu.linear_acceleration.x,-0.27468000000000004
0.1563459,1760031248.340345900,/xwing/imu.linear_acceleration.x,-0.30411000000000005
0.15635231400000002,1760031248.340352314,/xwing/imu.linear_acceleration.x,-0.34335000000000004
0.15635764600000002,1760031248.340357646,/xwing/imu.linear_acceleration.x,-0.32373
0.15636318300000002,1760031248.340363183,/xwing/imu.linear_acceleration.x,-0.2943
0.156369218,1760031248.340369218,/xwing/imu.linear_acceleration.x,-0.25506
0.156372533,1760031248.340372533,/xwing/imu.linear_acceleration.x,-0.28449
0.159396956,1760031248.343396956,/xwing/imu.linear_acceleration.x,-0.33354000000000006
0.15940077900000002,1760031248.343400779,/xwing/imu.linear_acceleration.x,-0.34335000000000004
0.159411498,1760031248.343411498,/xwing/imu.linear_acceleration.x,-0.30411000000000005
0.159444905,1760031248.343444905,/xwing/imu.linear_acceleration.x,-0.30411000000000005
0.16268049,1760031248.346680490,/xwing/imu.linear_acceleration.x,-0.38259000000000004
0.166663206,1760031248.350663206,/xwing/imu.linear_acceleration.x,-0.40221000000000007
0.166667154,1760031248.350667154,/xwing/imu.linear_acceleration.x,-0.41202000000000005
0.166680136,1760031248.350680136,/xwing/imu.linear_acceleration.x,-0.38259000000000004
0.166686521,1760031248.350686521,/xwing/imu.linear_acceleration.x,-0.41202000000000005
0.166690166,1760031248.350690166,/xwing/imu.linear_acceleration.x,-0.49050000000000005
0.16993603200000001,1760031248.353936032,/xwing/imu.linear_acceleration.x,-0.44145000000000006
0.16995618,1760031248.353956180,/xwing/imu.linear_acceleration.x,-0.36297
0.16995965300000002,1760031248.353959653,/xwing/imu.linear_acceleration.x,-0.33354000000000006
0.169976087,1760031248.353976087,/xwing/imu.linear_acceleration.x,-0.36297
0.172348839,1760031248.356348839,/xwing/imu.linear_acceleration.x,-0.43164
0.17235281300000002,1760031248.356352813,/xwing/imu.linear_acceleration.x,-0.3924
0.17531718500000001,1760031248.359317185,/xwing/imu.linear_acceleration.x,-0.2943
0.17534723300000002,1760031248.359347233,/xwing/imu.linear_acceleration.x,-0.30411000000000005
0.17535789000000002,1760031248.359357890,/xwing/imu.linear_acceleration.x,-0.43164
0.175752806,1760031248.359752806,/xwing/imu.linear_acceleration.x,-0.5297400000000001
0.17905426000000002,1760031248.363054260,/xwing/imu.linear_acceleration.x,-0.51993
0.179059556,1760031248.363059556,/xwing/imu.linear_acceleration.x,-0.41202000000000005
0.179070492,1760031248.363070492,/xwing/imu.linear_acceleration.x,-0.40221000000000007
0.186683496,1760031248.370683496,/xwing/imu.linear_acceleration.x,-0.57879
0.18668874700000002,1760031248.370688747,/xwing/imu.linear_acceleration.x,-0.65727
0.186692397,1760031248.370692397,/xwing/imu.linear_acceleration.x,-0.5984100000000001
0.18669559600000002,1760031248.370695596,/xwing/imu.linear_acceleration.x,-0.51012
0.18670233,1760031248.370702330,/xwing/imu.linear_acceleration.x,-0.45126000000000005
0.18674501200000002,1760031248.370745012,/xwing/imu.linear_acceleration.x,-0.57879
0.19108713500000002,1760031248.375087135,/xwing/imu.linear_acceleration.x,-0.63765
0.191090522,1760031248.375090522,/xwing/imu.linear_acceleration.x,-0.51993
0.191115001,1760031248.375115001,/xwing/imu.linear_acceleration.x,-0.43164
0.19111829300000002,1760031248.375118293,/xwing/imu.linear_acceleration.x,-0.41202000000000005
0.19113237500000002,1760031248.375132375,/xwing/imu.linear_acceleration.x,-0.5297400000000001
0.196417681,1760031248.380417681,/xwing/imu.linear_acceleration.x,-0.6082200000000001
0.19642213500000003,1760031248.380422135,/xwing/imu.linear_acceleration.x,-0.5591700000000001
0.19645147400000001,1760031248.380451474,/xwing/imu.linear_acceleration.x,-0.51012
0.196462349,1760031248.380462349,/xwing/imu.linear_acceleration.x,-0.5493600000000001
0.20084468100000002,1760031248.384844681,/xwing/imu.linear_acceleration.x,-0.63765
0.200864065,1760031248.384864065,/xwing/imu.linear_acceleration.x,-0.6867000000000001
0.20088728800000002,1760031248.384887288,/xwing/imu.linear_acceleration.x,-0.6278400000000001
0.200919479,1760031248.384919479,/xwing/imu.linear_acceleration.x,-0.57879
0.20104464600000002,1760031248.385044646,/xwing/imu.linear_acceleration.x,-0.56898
0.20616863700000002,1760031248.390168637,/xwing/imu.linear_acceleration.x,-0.5984100000000001
0.206202876,1760031248.390202876,/xwing/imu.linear_acceleration.x,-0.6082200000000001
0.2062285,1760031248.390228500,/xwing/imu.linear_acceleration.x,-0.57879
0.20656131000000003,1760031248.390561310,/xwing/imu.linear_acceleration.x,-0.5886
0.21219985900000002,1760031248.396199859,/xwing/imu.linear_acceleration.x,-0.56898
0.212240383,1760031248.396240383,/xwing/imu.linear_acceleration.x,-0.57879
0.21234828200000003,1760031248.396348282,/xwing/imu.linear_acceleration.x,-0.57879
0.212361084,1760031248.396361084,/xwing/imu.linear_acceleration.x,-0.6082200000000001
0.21251340000000002,1760031248.396513400,/xwing/imu.linear_acceleration.x,-0.6670800000000001
0.21253950700000002,1760031248.396539507,/xwing/imu.linear_acceleration.x,-0.63765
0.21257002400000002,1760031248.396570024,/xwing/imu.linear_acceleration.x,-0.6278400000000001
0.212587298,1760031248.396587298,/xwing/imu.linear_acceleration.x,-0.6670800000000001
0.217819862,1760031248.401819862,/xwing/imu.linear_acceleration.x,-0.7848
0.21783254800000001,1760031248.401832548,/xwing/imu.linear_acceleration.x,-0.86328
0.217844068,1760031248.401844068,/xwing/imu.linear_acceleration.x,-0.8338500000000001
0.21787471000000003,1760031248.401874710,/xwing/imu.linear_acceleration.x,-0.7455600000000001
0.217892943,1760031248.401892943,/xwing/imu.linear_acceleration.x,-0.7357500000000001
0.217903071,1760031248.401903071,/xwing/imu.linear_acceleration.x,-0.8044200000000001
0.22316890700000003,1760031248.407168907,/xwing/imu.linear_acceleration.x,-0.8829000000000001
0.223194411,1760031248.407194411,/xwing/imu.linear_acceleration.x,-0.79461
0.22321051500000003,1760031248.407210515,/xwing/imu.linear_acceleration.x,-0.6768900000000001
0.22322080300000002,1760031248.407220803,/xwing/imu.linear_acceleration.x,-0.6670800000000001
0.223247192,1760031248.407247192,/xwing/imu.linear_acceleration.x,-0.7455600000000001
0.22930851200000002,1760031248.413308512,/xwing/imu.linear_acceleration.x,-0.8436600000000001
0.22932858,1760031248.413328580,/xwing/imu.linear_acceleration.x,-0.8240400000000001
0.22934146700000002,1760031248.413341467,/xwing/imu.linear_acceleration.x,-0.7749900000000001
0.22937052300000002,1760031248.413370523,/xwing/imu.linear_acceleration.x,-0.79461
0.23006052500000002,1760031248.414060525,/xwing/imu.linear_acceleration.x,-0.8829000000000001
0.23011038600000003,1760031248.414110386,/xwing/imu.linear_acceleration.x,-0.9123300000000001
0.23021970900000002,1760031248.414219709,/xwing/imu.linear_acceleration.x,-0.9319500000000001
0.23041733700000003,1760031248.414417337,/xwing/imu.linear_acceleration.x,-0.8829000000000001
0.23382639900000002,1760031248.417826399,/xwing/imu.linear_acceleration.x,-0.8338500000000001
0.23385798600000002,1760031248.417857986,/xwing/imu.linear_acceleration.x,-0.8338500000000001
0.23387938900000002,1760031248.417879389,/xwing/imu.linear_acceleration.x,-0.8142300000000001
0.248068846,1760031248.432068846,/xwing/imu.linear_acceleration.x,-0.8142300000000001
0.248090307,1760031248.432090307,/xwing/imu.linear_acceleration.x,-0.8534700000000001
0.24810706200000002,1760031248.432107062,/xwing/imu.linear_acceleration.x,-0.8142300000000001
0.248124112,1760031248.432124112,/xwing/imu.linear_acceleration.x,-0.7651800000000001
0.24814216200000003,1760031248.432142162,/xwing/imu.linear_acceleration.x,-0.7651800000000001
0.24815789400000002,1760031248.432157894,/xwing/imu.linear_acceleration.x,-0.8044200000000001
0.24816996800000002,1760031248.432169968,/xwing/imu.linear_acceleration.x,-0.9123300000000001
0.24820391000000003,1760031248.432203910,/xwing/imu.linear_acceleration.x,-0.9515700000000001
0.248269599,1760031248.432269599,/xwing/imu.linear_acceleration.x,-0.8436600000000001
0.24828622800000003,1760031248.432286228,/xwing/imu.linear_acceleration.x,-0.8240400000000001
0.248418669,1760031248.432418669,/xwing/imu.linear_acceleration.x,-0.9123300000000001
0.24843882900000003,1760031248.432438829,/xwing/imu.linear_acceleration.x,-1.03986
0.24845564,1760031248.432455640,/xwing/imu.linear_acceleration.x,-1.03986
0.24847148600000002,1760031248.432471486,/xwing/imu.linear_acceleration.x,-0.8730900000000001
0.252119506,1760031248.436119506,/xwing/imu.linear_acceleration.x,-0.7848
0.25216899000000004,1760031248.436168990,/xwing/imu.linear_acceleration.x,-0.8436600000000001
0.252203073,1760031248.436203073,/xwing/imu.linear_acceleration.x,-0.9711900000000001
0.25234194800000004,1760031248.436341948,/xwing/imu.linear_acceleration.x,-0.9417600000000002
0.25639327700000003,1760031248.440393277,/xwing/imu.linear_acceleration.x,-0.8338500000000001
0.256432054,1760031248.440432054,/xwing/imu.linear_acceleration.x,-0.7455600000000001
0.259127991,1760031248.443127991,/xwing/imu.linear_acceleration.x,-0.8338500000000001
0.259134768,1760031248.443134768,/xwing/imu.linear_acceleration.x,-0.9515700000000001
0.259136871,1760031248.443136871,/xwing/imu.linear_acceleration.x,-0.9613800000000001
0.25913837900000003,1760031248.443138379,/xwing/imu.linear_acceleration.x,-0.9025200000000001
0.259244849,1760031248.443244849,/xwing/imu.linear_acceleration.x,-0.86328
0.262629177,1760031248.446629177,/xwing/imu.linear_acceleration.x,-0.8927100000000001
0.26263309700000004,1760031248.446633097,/xwing/imu.linear_acceleration.x,-0.9417600000000002
0.26264516800000004,1760031248.446645168,/xwing/imu.linear_acceleration.x,-0.9515700000000001
0.26264912500000004,1760031248.446649125,/xwing/imu.linear_acceleration.x,-0.9319500000000001
0.262679188,1760031248.446679188,/xwing/imu.linear_acceleration.x,-0.9319500000000001
0.267172895,1760031248.451172895,/xwing/imu.linear_acceleration.x,-0.9025200000000001
0.26717769,1760031248.451177690,/xwing/imu.linear_acceleration.x,-0.9319500000000001
0.267182941,1760031248.451182941,/xwing/imu.linear_acceleration.x,-0.9515700000000001
0.270628654,1760031248.454628654,/xwing/imu.linear_acceleration.x,-1.02024
0.27064909200000004,1760031248.454649092,/xwing/imu.linear_acceleration.x,-1.0300500000000001
0.270651922,1760031248.454651922,/xwing/imu.linear_acceleration.x,-0.9711900000000001
0.270654897,1760031248.454654897,/xwing/imu.linear_acceleration.x,-0.9123300000000001
0.271621412,1760031248.455621412,/xwing/imu.linear_acceleration.x,-0.9319500000000001
0.275560058,1760031248.459560058,/xwing/imu.linear_acceleration.x,-1.02024
0.275580002,1760031248.459580002,/xwing/imu.linear_acceleration.x,-1.0300500000000001
0.275584269,1760031248.459584269,/xwing/imu.linear_acceleration.x,-0.9613800000000001
0.275589205,1760031248.459589205,/xwing/imu.linear_acceleration.x,-0.8436600000000001
0.275595137,1760031248.459595137,/xwing/imu.linear_acceleration.x,-0.8927100000000001
0.279571459,1760031248.463571459,/xwing/imu.linear_acceleration.x,-0.9613800000000001
0.27957781000000004,1760031248.463577810,/xwing/imu.linear_acceleration.x,-0.9810000000000001
0.27960764800000004,1760031248.463607648,/xwing/imu.linear_acceleration.x,-0.9417600000000002
0.283459252,1760031248.467459252,/xwing/imu.linear_acceleration.x,-0.8436600000000001
0.28346471,1760031248.467464710,/xwing/imu.linear_acceleration.x,-0.8829000000000001
0.2834699,1760031248.467469900,/xwing/imu.linear_acceleration.x,-1.00062
0.28347874900000003,1760031248.467478749,/xwing/imu.linear_acceleration.x,-1.0300500000000001
0.288255413,1760031248.472255413,/xwing/imu.linear_acceleration.x,-1.06929
0.288261144,1760031248.472261144,/xwing/imu.linear_acceleration.x,-1.02024
0.288268581,1760031248.472268581,/xwing/imu.linear_acceleration.x,-0.9810000000000001
0.288271734,1760031248.472271734,/xwing/imu.linear_acceleration.x,-1.0300500000000001
0.292426548,1760031248.476426548,/xwing/imu.linear_acceleration.x,-1.08891
0.292486874,1760031248.476486874,/xwing/imu.linear_acceleration.x,-1.1772
0.292493082,1760031248.476493082,/xwing/imu.linear_acceleration.x,-1.1870100000000001
0.29249647500000003,1760031248.476496475,/xwing/imu.linear_acceleration.x,-1.1281500000000002
0.295088815,1760031248.479088815,/xwing/imu.linear_acceleration.x,-1.0791000000000002
0.29509186000000004,1760031248.479091860,/xwing/imu.linear_acceleration.x,-1.1183400000000001
0.295099588,1760031248.479099588,/xwing/imu.linear_acceleration.x,-1.2164400000000002
0.295103889,1760031248.479103889,/xwing/imu.linear_acceleration.x,-1.20663
0.300013386,1760031248.484013386,/xwing/imu.linear_acceleration.x,-1.0987200000000001
0.300017427,1760031248.484017427,/xwing/imu.linear_acceleration.x,-1.0104300000000002
0.300037956,1760031248.484037956,/xwing/imu.linear_acceleration.x,-1.0300500000000001
0.300040209,1760031248.484040209,/xwing/imu.linear_acceleration.x,-1.1477700000000002
0.304338041,1760031248.488338041,/xwing/imu.linear_acceleration.x,-1.15758
0.304517076,1760031248.488517076,/xwing/imu.linear_acceleration.x,-1.0594800000000002
0.304524149,1760031248.488524149,/xwing/imu.linear_acceleration.x,-0.9711900000000001
0.304530199,1760031248.488530199,/xwing/imu.linear_acceleration.x,-1.06929
0.30453580900000005,1760031248.488535809,/xwing/imu.linear_acceleration.x,-1.2164400000000002
0.310043436,1760031248.494043436,/xwing/imu.linear_acceleration.x,-1.2654900000000002
0.31006329200000005,1760031248.494063292,/xwing/imu.linear_acceleration.x,-1.20663
0.310074858,1760031248.494074858,/xwing/imu.linear_acceleration.x,-1.13796
0.31008457100000003,1760031248.494084571,/xwing/imu.linear_acceleration.x,-1.1968200000000002
0.310105737,1760031248.494105737,/xwing/imu.linear_acceleration.x,-1.2654900000000002
0.310117089,1760031248.494117089,/xwing/imu.linear_acceleration.x,-1.2360600000000002
0.316167289,1760031248.500167289,/xwing/imu.linear_acceleration.x,-1.1477700000000002
0.316265385,1760031248.500265385,/xwing/imu.linear_acceleration.x,-1.06929
0.31629516900000004,1760031248.500295169,/xwing/imu.linear_acceleration.x,-1.04967
0.316310609,1760031248.500310609,/xwing/imu.linear_acceleration.x,-1.04967
0.316321793,1760031248.500321793,/xwing/imu.linear_acceleration.x,-1.0300500000000001
0.316335705,1760031248.500335705,/xwing/imu.linear_acceleration.x,-1.00062
0.321728458,1760031248.505728458,/xwing/imu.linear_acceleration.x,-1.04967
0.32173121200000004,1760031248.505731212,/xwing/imu.linear_acceleration.x,-1.03986
0.321750193,1760031248.505750193,/xwing/imu.linear_acceleration.x,-1.02024
0.32429798000000004,1760031248.508297980,/xwing/imu.linear_acceleration.x,-1.04967
0.324303192,1760031248.508303192,/xwing/imu.linear_acceleration.x,-1.1281500000000002
0.324306972,1760031248.508306972,/xwing/imu.linear_acceleration.x,-1.20663
0.32431295200000004,1760031248.508312952,/xwing/imu.linear_acceleration.x,-1.1772
0.327724919,1760031248.511724919,/xwing/imu.linear_acceleration.x,-1.10853
0.32773098700000003,1760031248.511730987,/xwing/imu.linear_acceleration.x,-1.0987200000000001
0.32773607800000004,1760031248.511736078,/xwing/imu.linear_acceleration.x,-1.1772
0.327740328,1760031248.511740328,/xwing/imu.linear_acceleration.x,-1.2164400000000002
0.33280322900000003,1760031248.516803229,/xwing/imu.linear_acceleration.x,-1.13796
0.332831635,1760031248.516831635,/xwing/imu.linear_acceleration.x,-1.02024
0.332865151,1760031248.516865151,/xwing/imu.linear_acceleration.x,-1.03986
0.33287672300000004,1760031248.516876723,/xwing/imu.linear_acceleration.x,-1.0987200000000001
0.347146669,1760031248.531146669,/xwing/imu.linear_acceleration.x,-1.15758
0.347157822,1760031248.531157822,/xwing/imu.linear_acceleration.x,-1.0987200000000001
0.347167928,1760031248.531167928,/xwing/imu.linear_acceleration.x,-1.00062
0.347178003,1760031248.531178003,/xwing/imu.linear_acceleration.x,-1.0594800000000002
0.34718313700000003,1760031248.531183137,/xwing/imu.linear_acceleration.x,-1.1477700000000002
0.34718955900000004,1760031248.531189559,/xwing/imu.linear_acceleration.x,-1.2164400000000002
0.347196628,1760031248.531196628,/xwing/imu.linear_acceleration.x,-1.2164400000000002
0.34720251100000005,1760031248.531202511,/xwing/imu.linear_acceleration.x,-1.1772
0.347208463,1760031248.531208463,/xwing/imu.linear_acceleration.x,-1.1870100000000001
0.34721250400000003,1760031248.531212504,/xwing/imu.linear_acceleration.x,-1.2654900000000002
0.34722695200000003,1760031248.531226952,/xwing/imu.linear_acceleration.x,-1.2851100000000002
0.347231244,1760031248.531231244,/xwing/imu.linear_acceleration.x,-1.29492
0.347241171,1760031248.531241171,/xwing/imu.linear_acceleration.x,-1.24587
0.355482515,1760031248.539482515,/xwing/imu.linear_acceleration.x,-1.1870100000000001
0.35549326800000003,1760031248.539493268,/xwing/imu.linear_acceleration.x,-1.1673900000000001
0.355517334,1760031248.539517334,/xwing/imu.linear_acceleration.x,-1.1968200000000002
0.35552153200000003,1760031248.539521532,/xwing/imu.linear_acceleration.x,-1.2360600000000002
0.355568732,1760031248.539568732,/xwing/imu.linear_acceleration.x,-1.20663
0.35558263900000003,1760031248.539582639,/xwing/imu.linear_acceleration.x,-1.1477700000000002
0.362565888,1760031248.546565888,/xwing/imu.linear_acceleration.x,-1.13796
0.362575867,1760031248.546575867,/xwing/imu.linear_acceleration.x,-1.1968200000000002
0.36258238200000004,1760031248.546582382,/xwing/imu.linear_acceleration.x,-1.31454
0.362586118,1760031248.546586118,/xwing/imu.linear_acceleration.x,-1.3243500000000001
0.362600649,1760031248.546600649,/xwing/imu.linear_acceleration.x,-1.22625
0.36262038100000005,1760031248.546620381,/xwing/imu.linear_acceleration.x,-1.20663
0.36262779700000003,1760031248.546627797,/xwing/imu.linear_acceleration.x,-1.2851100000000002
0.362635926,1760031248.546635926,/xwing/imu.linear_acceleration.x,-1.3734000000000002
0.362640752,1760031248.546640752,/xwing/imu.linear_acceleration.x,-1.38321
0.36264467300000003,1760031248.546644673,/xwing/imu.linear_acceleration.x,-1.2556800000000001
0.36267302100000004,1760031248.546673021,/xwing/imu.linear_acceleration.x,-1.1772
0.366913804,1760031248.550913804,/xwing/imu.linear_acceleration.x,-1.2654900000000002
0.36691937300000005,1760031248.550919373,/xwing/imu.linear_acceleration.x,-1.3243500000000001
0.36692403100000004,1760031248.550924031,/xwing/imu.linear_acceleration.x,-1.2556800000000001
0.36693091,1760031248.550930910,/xwing/imu.linear_acceleration.x,-1.15758
0.366935285,1760031248.550935285,/xwing/imu.linear_acceleration.x,-1.08891
0.371777966,1760031248.555777966,/xwing/imu.linear_acceleration.x,-1.15758
0.37178317800000005,1760031248.555783178,/xwing/imu.linear_acceleration.x,-1.2360600000000002
0.37186157200000003,1760031248.555861572,/xwing/imu.linear_acceleration.x,-1.1870100000000001
0.371869801,1760031248.555869801,/xwing/imu.linear_acceleration.x,-1.1477700000000002
0.37719059400000005,1760031248.561190594,/xwing/imu.linear_acceleration.x,-1.1772
0.37721355700000003,1760031248.561213557,/xwing/imu.linear_acceleration.x,-1.2164400000000002
0.37723568,1760031248.561235680,/xwing/imu.linear_acceleration.x,-1.2753
0.377238725,1760031248.561238725,/xwing/imu.linear_acceleration.x,-1.24587
0.37724446100000003,1760031248.561244461,/xwing/imu.linear_acceleration.x,-1.2360600000000002
0.37726523500000003,1760031248.561265235,/xwing/imu.linear_acceleration.x,-1.2556800000000001
0.38547449300000003,1760031248.569474493,/xwing/imu.linear_acceleration.x,-1.2654900000000002
0.38548168200000005,1760031248.569481682,/xwing/imu.linear_acceleration.x,-1.2654900000000002
0.385492467,1760031248.569492467,/xwing/imu.linear_acceleration.x,-1.22625
0.385501539,1760031248.569501539,/xwing/imu.linear_acceleration.x,-1.2654900000000002
0.38550767900000005,1760031248.569507679,/xwing/imu.linear_acceleration.x,-1.2753
0.385532001,1760031248.569532001,/xwing/imu.linear_acceleration.x,-1.2360600000000002
0.385536767,1760031248.569536767,/xwing/imu.linear_acceleration.x,-1.2164400000000002
0.385563235,1760031248.569563235,/xwing/imu.linear_acceleration.x,-1.22625
0.393662016,1760031248.577662016,/xwing/imu.linear_acceleration.x,-1.2753
0.393693216,1760031248.577693216,/xwing/imu.linear_acceleration.x,-1.2851100000000002
0.393714102,1760031248.577714102,/xwing/imu.linear_acceleration.x,-1.2360600000000002
0.39373354400000005,1760031248.577733544,/xwing/imu.linear_acceleration.x,-1.20663
0.39374830200000005,1760031248.577748302,/xwing/imu.linear_acceleration.x,-1.2753
0.39375941200000003,1760031248.577759412,/xwing/imu.linear_acceleration.x,-1.31454
0.393788729,1760031248.577788729,/xwing/imu.linear_acceleration.x,-1.2851100000000002
0.39381360800000004,1760031248.577813608,/xwing/imu.linear_acceleration.x,-1.2851100000000002
0.420274603,1760031248.604274603,/xwing/imu.linear_acceleration.x,-1.2753
0.4202814,1760031248.604281400,/xwing/imu.linear_acceleration.x,-1.38321
0.42028865800000004,1760031248.604288658,/xwing/imu.linear_acceleration.x,-1.45188
0.420295277,1760031248.604295277,/xwing/imu.linear_acceleration.x,-1.3734000000000002
0.420299605,1760031248.604299605,/xwing/imu.linear_acceleration.x,-1.3537800000000002
0.420304654,1760031248.604304654,/xwing/imu.linear_acceleration.x,-1.3537800000000002
0.42031101800000004,1760031248.604311018,/xwing/imu.linear_acceleration.x,-1.3734000000000002
0.420316152,1760031248.604316152,/xwing/imu.linear_acceleration.x,-1.36359
0.42032194700000003,1760031248.604321947,/xwing/imu.linear_acceleration.x,-1.2753
0.420347073,1760031248.604347073,/xwing/imu.linear_acceleration.x,-1.22625
0.420351389,1760031248.604351389,/xwing/imu.linear_acceleration.x,-1.3047300000000002
0.42035863,1760031248.604358630,/xwing/imu.linear_acceleration.x,-1.3341600000000002
0.42036597800000003,1760031248.604365978,/xwing/imu.linear_acceleration.x,-1.3341600000000002
0.42037163200000005,1760031248.604371632,/xwing/imu.linear_acceleration.x,-1.31454
0.420376884,1760031248.604376884,/xwing/imu.linear_acceleration.x,-1.31454
0.420382625,1760031248.604382625,/xwing/imu.linear_acceleration.x,-1.38321
0.420399332,1760031248.604399332,/xwing/imu.linear_acceleration.x,-1.3734000000000002
0.42043077700000003,1760031248.604430777,/xwing/imu.linear_acceleration.x,-1.34397
0.42043924200000005,1760031248.604439242,/xwing/imu.linear_acceleration.x,-1.29492
0.42044724400000005,1760031248.604447244,/xwing/imu.linear_acceleration.x,-1.3047300000000002
0.42045624400000003,1760031248.604456244,/xwing/imu.linear_acceleration.x,-1.3341600000000002
0.42046129400000004,1760031248.604461294,/xwing/imu.linear_acceleration.x,-1.29492
0.420466394,1760031248.604466394,/xwing/imu.linear_acceleration.x,-1.2753
0.423931926,1760031248.607931926,/xwing/imu.linear_acceleration.x,-1.2654900000000002
0.423940109,1760031248.607940109,/xwing/imu.linear_acceleration.x,-1.3047300000000002
0.423949701,1760031248.607949701,/xwing/imu.linear_acceleration.x,-1.31454
0.423953789,1760031248.607953789,/xwing/imu.linear_acceleration.x,-1.29492
0.424185395,1760031248.608185395,/xwing/imu.linear_acceleration.x,-1.2851100000000002
0.42418838000000003,1760031248.608188380,/xwing/imu.linear_acceleration.x,-1.3243500000000001
0.42419241900000004,1760031248.608192419,/xwing/imu.linear_acceleration.x,-1.3341600000000002
0.424213288,1760031248.608213288,/xwing/imu.linear_acceleration.x,-1.29492
0.427372519,1760031248.611372519,/xwing/imu.linear_acceleration.x,-1.2654900000000002
0.42737986800000005,1760031248.611379868,/xwing/imu.linear_acceleration.x,-1.2753
0.427383891,1760031248.611383891,/xwing/imu.linear_acceleration.x,-1.31454
0.433734294,1760031248.617734294,/xwing/imu.linear_acceleration.x,-1.3243500000000001
0.433745076,1760031248.617745076,/xwing/imu.linear_acceleration.x,-1.2851100000000002
0.43375104000000003,1760031248.617751040,/xwing/imu.linear_acceleration.x,-1.29492
0.436411773,1760031248.620411773,/xwing/imu.linear_acceleration.x,-1.36359
0.43641732000000005,1760031248.620417320,/xwing/imu.linear_acceleration.x,-1.3930200000000001
0.43641960300000004,1760031248.620419603,/xwing/imu.linear_acceleration.x,-1.38321
0.436769783,1760031248.620769783,/xwing/imu.linear_acceleration.x,-1.36359
0.44180531700000003,1760031248.625805317,/xwing/imu.linear_acceleration.x,-1.3734000000000002
0.44181034,1760031248.625810340,/xwing/imu.linear_acceleration.x,-1.4420700000000002
0.44181911100000004,1760031248.625819111,/xwing/imu.linear_acceleration.x,-1.43226
0.441827234,1760031248.625827234,/xwing/imu.linear_acceleration.x,-1.3930200000000001
0.44183584600000003,1760031248.625835846,/xwing/imu.linear_acceleration.x,-1.34397
0.44187117600000003,1760031248.625871176,/xwing/imu.linear_acceleration.x,-1.36359
0.445091261,1760031248.629091261,/xwing/imu.linear_acceleration.x,-1.4126400000000001
0.445103625,1760031248.629103625,/xwing/imu.linear_acceleration.x,-1.38321
0.44510765100000005,1760031248.629107651,/xwing/imu.linear_acceleration.x,-1.3930200000000001
0.44511250500000005,1760031248.629112505,/xwing/imu.linear_acceleration.x,-1.4028300000000002
0.44511674,1760031248.629116740,/xwing/imu.linear_acceleration.x,-1.45188
0.451842516,1760031248.635842516,/xwing/imu.linear_acceleration.x,-1.50093
0.45185374700000003,1760031248.635853747,/xwing/imu.linear_acceleration.x,-1.4911200000000002
0.45186658100000004,1760031248.635866581,/xwing/imu.linear_acceleration.x,-1.52055
0.45188028900000005,1760031248.635880289,/xwing/imu.linear_acceleration.x,-1.5696
0.451888964,1760031248.635888964,/xwing/imu.linear_acceleration.x,-1.58922
0.455340238,1760031248.639340238,/xwing/imu.linear_acceleration.x,-1.5794100000000002
0.455367913,1760031248.639367913,/xwing/imu.linear_acceleration.x,-1.5499800000000001
0.455377026,1760031248.639377026,/xwing/imu.linear_acceleration.x,-1.5499800000000001
0.455386379,1760031248.639386379,/xwing/imu.linear_acceleration.x,-1.5499800000000001
0.459646084,1760031248.643646084,/xwing/imu.linear_acceleration.x,-1.50093
0.460527738,1760031248.644527738,/xwing/imu.linear_acceleration.x,-1.45188
0.460534129,1760031248.644534129,/xwing/imu.linear_acceleration.x,-1.4224500000000002
0.46053875800000005,1760031248.644538758,/xwing/imu.linear_acceleration.x,-1.4616900000000002
0.460543723,1760031248.644543723,/xwing/imu.linear_acceleration.x,-1.4616900000000002
0.46401277300000004,1760031248.648012773,/xwing/imu.linear_acceleration.x,-1.43226
0.464021966,1760031248.648021966,/xwing/imu.linear_acceleration.x,-1.43226
0.46402682,1760031248.648026820,/xwing/imu.linear_acceleration.x,-1.52055
0.46403328800000004,1760031248.648033288,/xwing/imu.linear_acceleration.x,-1.58922
0.464049227,1760031248.648049227,/xwing/imu.linear_acceleration.x,-1.5794100000000002
0.468025442,1760031248.652025442,/xwing/imu.linear_acceleration.x,-1.5107400000000002
0.468054309,1760031248.652054309,/xwing/imu.linear_acceleration.x,-1.50093
0.468077952,1760031248.652077952,/xwing/imu.linear_acceleration.x,-1.5696
0.481632995,1760031248.665632995,/xwing/imu.linear_acceleration.x,-1.5696
0.48165588400000003,1760031248.665655884,/xwing/imu.linear_acceleration.x,-1.5107400000000002
0.48166210200000004,1760031248.665662102,/xwing/imu.linear_acceleration.x,-1.4420700000000002
0.481667465,1760031248.665667465,/xwing/imu.linear_acceleration.x,-1.4420700000000002
0.481674429,1760031248.665674429,/xwing/imu.linear_acceleration.x,-1.52055
0.481680684,1760031248.665680684,/xwing/imu.linear_acceleration.x,-1.50093
0.48168536100000003,1760031248.665685361,/xwing/imu.linear_acceleration.x,-1.4126400000000001
0.481700734,1760031248.665700734,/xwing/imu.linear_acceleration.x,-1.36359
0.48172370900000006,1760031248.665723709,/xwing/imu.linear_acceleration.x,-1.4126400000000001
0.48173505600000005,1760031248.665735056,/xwing/imu.linear_acceleration.x,-1.4911200000000002
0.48174196,1760031248.665741960,/xwing/imu.linear_acceleration.x,-1.4715000000000003
0.48175075,1760031248.665750750,/xwing/imu.linear_acceleration.x,-1.4224500000000002
0.48175509800000005,1760031248.665755098,/xwing/imu.linear_acceleration.x,-1.43226
0.487650899,1760031248.671650899,/xwing/imu.linear_acceleration.x,-1.52055
0.48766165400000006,1760031248.671661654,/xwing/imu.linear_acceleration.x,-1.58922
0.487665271,1760031248.671665271,/xwing/imu.linear_acceleration.x,-1.5696
0.487668523,1760031248.671668523,/xwing/imu.linear_acceleration.x,-1.5499800000000001
0.49068921400000004,1760031248.674689214,/xwing/imu.linear_acceleration.x,-1.5696
0.490701914,1760031248.674701914,/xwing/imu.linear_acceleration.x,-1.6186500000000001
0.49072177100000003,1760031248.674721771,/xwing/imu.linear_acceleration.x,-1.58922
0.49074523800000003,1760031248.674745238,/xwing/imu.linear_acceleration.x,-1.5303600000000002
0.49617238100000005,1760031248.680172381,/xwing/imu.linear_acceleration.x,-1.4911200000000002
0.496178561,1760031248.680178561,/xwing/imu.linear_acceleration.x,-1.5107400000000002
0.49618319800000005,1760031248.680183198,/xwing/imu.linear_acceleration.x,-1.5597900000000002
0.49618997600000003,1760031248.680189976,/xwing/imu.linear_acceleration.x,-1.5499800000000001
0.496226396,1760031248.680226396,/xwing/imu.linear_acceleration.x,-1.5107400000000002
0.49778100500000005,1760031248.681781005,/xwing/imu.linear_acceleration.x,-1.5303600000000002
0.49778579800000006,1760031248.681785798,/xwing/imu.linear_acceleration.x,-1.5794100000000002
0.49778991200000006,1760031248.681789912,/xwing/imu.linear_acceleration.x,-1.58922
0.49780687,1760031248.681806870,/xwing/imu.linear_acceleration.x,-1.5990300000000002
0.501905919,1760031248.685905919,/xwing/imu.linear_acceleration.x,-1.5794100000000002
0.5019099450000001,1760031248.685909945,/xwing/imu.linear_acceleration.x,-1.6382700000000001
0.5019167840000001,1760031248.685916784,/xwing/imu.linear_acceleration.x,-1.65789
0.50195955,1760031248.685959550,/xwing/imu.linear_acceleration.x,-1.6677000000000002
0.501964579,1760031248.685964579,/xwing/imu.linear_acceleration.x,-1.65789
0.505703495,1760031248.689703495,/xwing/imu.linear_acceleration.x,-1.65789
0.505716556,1760031248.689716556,/xwing/imu.linear_acceleration.x,-1.6382700000000001
0.50955855,1760031248.693558550,/xwing/imu.linear_acceleration.x,-1.5990300000000002
0.509562998,1760031248.693562998,/xwing/imu.linear_acceleration.x,-1.6186500000000001
0.509565158,1760031248.693565158,/xwing/imu.linear_acceleration.x,-1.6186500000000001
0.509613615,1760031248.693613615,/xwing/imu.linear_acceleration.x,-1.6284600000000002
0.509618631,1760031248.693618631,/xwing/imu.linear_acceleration.x,-1.6284600000000002
0.5126014680000001,1760031248.696601468,/xwing/imu.linear_acceleration.x,-1.5696
0.512605572,1760031248.696605572,/xwing/imu.linear_acceleration.x,-1.5794100000000002
0.5126090400000001,1760031248.696609040,/xwing/imu.linear_acceleration.x,-1.6284600000000002
0.51262837,1760031248.696628370,/xwing/imu.linear_acceleration.x,-1.6480800000000002
0.5262405880000001,1760031248.710240588,/xwing/imu.linear_acceleration.x,-1.6480800000000002
0.526245388,1760031248.710245388,/xwing/imu.linear_acceleration.x,-1.5696
0.526249855,1760031248.710249855,/xwing/imu.linear_acceleration.x,-1.5794100000000002
0.526254226,1760031248.710254226,/xwing/imu.linear_acceleration.x,-1.6677000000000002
0.5262643570000001,1760031248.710264357,/xwing/imu.linear_acceleration.x,-1.6873200000000002
0.526269435,1760031248.710269435,/xwing/imu.linear_acceleration.x,-1.65789
0.526274962,1760031248.710274962,/xwing/imu.linear_acceleration.x,-1.6284600000000002
0.526301017,1760031248.710301017,/xwing/imu.linear_acceleration.x,-1.6775100000000003
0.526303941,1760031248.710303941,/xwing/imu.linear_acceleration.x,-1.8050400000000002
0.526307529,1760031248.710307529,/xwing/imu.linear_acceleration.x,-1.7854200000000002
0.5263279740000001,1760031248.710327974,/xwing/imu.linear_acceleration.x,-1.6775100000000003
0.526358689,1760031248.710358689,/xwing/imu.linear_acceleration.x,-1.6284600000000002
0.530953215,1760031248.714953215,/xwing/imu.linear_acceleration.x,-1.65789
0.530958779,1760031248.714958779,/xwing/imu.linear_acceleration.x,-1.7167500000000002
0.5309870400000001,1760031248.714987040,/xwing/imu.linear_acceleration.x,-1.6677000000000002
0.5309928030000001,1760031248.714992803,/xwing/imu.linear_acceleration.x,-1.5794100000000002
0.5325844120000001,1760031248.716584412,/xwing/imu.linear_acceleration.x,-1.5597900000000002
0.532589082,1760031248.716589082,/xwing/imu.linear_acceleration.x,-1.65789
0.537643297,1760031248.721643297,/xwing/imu.linear_acceleration.x,-1.6873200000000002
0.5376645910000001,1760031248.721664591,/xwing/imu.linear_acceleration.x,-1.6088400000000003
0.537671067,1760031248.721671067,/xwing/imu.linear_acceleration.x,-1.5794100000000002
0.5376934520000001,1760031248.721693452,/xwing/imu.linear_acceleration.x,-1.5696
0.53785943,1760031248.721859430,/xwing/imu.linear_acceleration.x,-1.6775100000000003
0.537878786,1760031248.721878786,/xwing/imu.linear_acceleration.x,-1.6971300000000002
0.542818075,1760031248.726818075,/xwing/imu.linear_acceleration.x,-1.5990300000000002
0.5428280040000001,1760031248.726828004,/xwing/imu.linear_acceleration.x,-1.5696
0.542835949,1760031248.726835949,/xwing/imu.linear_acceleration.x,-1.6382700000000001
0.542839147,1760031248.726839147,/xwing/imu.linear_acceleration.x,-1.7363700000000002
0.5460026130000001,1760031248.730002613,/xwing/imu.linear_acceleration.x,-1.72656
0.546017802,1760031248.730017802,/xwing/imu.linear_acceleration.x,-1.6480800000000002
0.546028505,1760031248.730028505,/xwing/imu.linear_acceleration.x,-1.6186500000000001
0.5461244430000001,1760031248.730124443,/xwing/imu.linear_acceleration.x,-1.6873200000000002
0.5523070050000001,1760031248.736307005,/xwing/imu.linear_acceleration.x,-1.7461800000000003
0.55231524,1760031248.736315240,/xwing/imu.linear_acceleration.x,-1.6873200000000002
0.5524390570000001,1760031248.736439057,/xwing/imu.linear_acceleration.x,-1.5990300000000002
0.552505368,1760031248.736505368,/xwing/imu.linear_acceleration.x,-1.5990300000000002
0.561461949,1760031248.745461949,/xwing/imu.linear_acceleration.x,-1.65789
0.56148831,1760031248.745488310,/xwing/imu.linear_acceleration.x,-1.6971300000000002
0.561516331,1760031248.745516331,/xwing/imu.linear_acceleration.x,-1.5794100000000002
0.5615317470000001,1760031248.745531747,/xwing/imu.linear_acceleration.x,-1.5794100000000002
0.561588084,1760031248.745588084,/xwing/imu.linear_acceleration.x,-1.6284600000000002
0.561613023,1760031248.745613023,/xwing/imu.linear_acceleration.x,-1.6775100000000003
0.5616371440000001,1760031248.745637144,/xwing/imu.linear_acceleration.x,-1.6677000000000002
0.5616535450000001,1760031248.745653545,/xwing/imu.linear_acceleration.x,-1.65789
0.561671883,1760031248.745671883,/xwing/imu.linear_acceleration.x,-1.6088400000000003
0.561706892,1760031248.745706892,/xwing/imu.linear_acceleration.x,-1.7069400000000001
0.5661144370000001,1760031248.750114437,/xwing/imu.linear_acceleration.x,-1.7461800000000003
0.566175305,1760031248.750175305,/xwing/imu.linear_acceleration.x,-1.6971300000000002
0.566198783,1760031248.750198783,/xwing/imu.linear_acceleration.x,-1.6382700000000001
0.566213556,1760031248.750213556,/xwing/imu.linear_acceleration.x,-1.58922
0.56625387,1760031248.750253870,/xwing/imu.linear_acceleration.x,-1.5990300000000002
0.5662732490000001,1760031248.750273249,/xwing/imu.linear_acceleration.x,-1.6284600000000002
0.570440648,1760031248.754440648,/xwing/imu.linear_acceleration.x,-1.5990300000000002
0.570470443,1760031248.754470443,/xwing/imu.linear_acceleration.x,-1.58922
0.570493055,1760031248.754493055,/xwing/imu.linear_acceleration.x,-1.5990300000000002
0.570508169,1760031248.754508169,/xwing/imu.linear_acceleration.x,-1.6284600000000002
0.5705526670000001,1760031248.754552667,/xwing/imu.linear_acceleration.x,-1.6382700000000001
0.574651105,1760031248.758651105,/xwing/imu.linear_acceleration.x,-1.65789
0.5746674460000001,1760031248.758667446,/xwing/imu.linear_acceleration.x,-1.6480800000000002
0.574688247,1760031248.758688247,/xwing/imu.linear_acceleration.x,-1.65789
0.582338111,1760031248.766338111,/xwing/imu.linear_acceleration.x,-1.65789
0.582341534,1760031248.766341534,/xwing/imu.linear_acceleration.x,-1.6382700000000001
0.5823712870000001,1760031248.766371287,/xwing/imu.linear_acceleration.x,-1.6088400000000003
0.5823811,1760031248.766381100,/xwing/imu.linear_acceleration.x,-1.58922
0.582386076,1760031248.766386076,/xwing/imu.linear_acceleration.x,-1.58922
0.5823946520000001,1760031248.766394652,/xwing/imu.linear_acceleration.x,-1.5990300000000002
0.582403545,1760031248.766403545,/xwing/imu.linear_acceleration.x,-1.6382700000000001
0.582408947,1760031248.766408947,/xwing/imu.linear_acceleration.x,-1.6480800000000002
0.592993956,1760031248.776993956,/xwing/imu.linear_acceleration.x,-1.6480800000000002
0.5930164680000001,1760031248.777016468,/xwing/imu.linear_acceleration.x,-1.6677000000000002
0.593020216,1760031248.777020216,/xwing/imu.linear_acceleration.x,-1.72656
0.5930250570000001,1760031248.777025057,/xwing/imu.linear_acceleration.x,-1.8148500000000003
0.593029982,1760031248.777029982,/xwing/imu.linear_acceleration.x,-1.79523
0.593037651,1760031248.777037651,/xwing/imu.linear_acceleration.x,-1.7559900000000002
0.593071874,1760031248.777071874,/xwing/imu.linear_acceleration.x,-1.7363700000000002
0.5930822170000001,1760031248.777082217,/xwing/imu.linear_acceleration.x,-1.7658000000000003
0.593091373,1760031248.777091373,/xwing/imu.linear_acceleration.x,-1.79523
0.5976011440000001,1760031248.781601144,/xwing/imu.linear_acceleration.x,-1.7363700000000002
0.5976162230000001,1760031248.781616223,/xwing/imu.linear_acceleration.x,-1.6775100000000003
0.597628862,1760031248.781628862,/xwing/imu.linear_acceleration.x,-1.6971300000000002
0.597634624,1760031248.781634624,/xwing/imu.linear_acceleration.x,-1.7756100000000001
0.597642518,1760031248.781642518,/xwing/imu.linear_acceleration.x,-1.8050400000000002
0.602656987,1760031248.786656987,/xwing/imu.linear_acceleration.x,-1.7167500000000002
0.602660029,1760031248.786660029,/xwing/imu.linear_acceleration.x,-1.7167500000000002
0.6058266880000001,1760031248.789826688,/xwing/imu.linear_acceleration.x,-1.7756100000000001
0.605830975,1760031248.789830975,/xwing/imu.linear_acceleration.x,-1.8639000000000001
0.605837423,1760031248.789837423,/xwing/imu.linear_acceleration.x,-1.8442800000000001
0.6058549440000001,1760031248.789854944,/xwing/imu.linear_acceleration.x,-1.7756100000000001
0.6070659660000001,1760031248.791065966,/xwing/imu.linear_acceleration.x,-1.8050400000000002
0.6070753280000001,1760031248.791075328,/xwing/imu.linear_acceleration.x,-1.8835200000000003
0.607082911,1760031248.791082911,/xwing/imu.linear_acceleration.x,-1.9325700000000001
0.6070905870000001,1760031248.791090587,/xwing/imu.linear_acceleration.x,-1.8540900000000002
0.6070946110000001,1760031248.791094611,/xwing/imu.linear_acceleration.x,-1.8148500000000003
0.611146625,1760031248.795146625,/xwing/imu.linear_acceleration.x,-1.8148500000000003
0.6111822130000001,1760031248.795182213,/xwing/imu.linear_acceleration.x,-1.8933300000000002
0.615809048,1760031248.799809048,/xwing/imu.linear_acceleration.x,-1.8737100000000002
0.6158254790000001,1760031248.799825479,/xwing/imu.linear_acceleration.x,-1.7658000000000003
0.615849251,1760031248.799849251,/xwing/imu.linear_acceleration.x,-1.72656
0.615865293,1760031248.799865293,/xwing/imu.linear_acceleration.x,-1.7658000000000003
0.615897887,1760031248.799897887,/xwing/imu.linear_acceleration.x,-1.8442800000000001
0.6159303780000001,1760031248.799930378,/xwing/imu.linear_acceleration.x,-1.8442800000000001
0.6204661140000001,1760031248.804466114,/xwing/imu.linear_acceleration.x,-1.7756100000000001
0.6206194850000001,1760031248.804619485,/xwing/imu.linear_acceleration.x,-1.79523
0.620648592,1760031248.804648592,/xwing/imu.linear_acceleration.x,-1.8835200000000003
0.620670795,1760031248.804670795,/xwing/imu.linear_acceleration.x,-1.9129500000000002
0.6234568340000001,1760031248.807456834,/xwing/imu.linear_acceleration.x,-1.8933300000000002
0.62347173,1760031248.807471730,/xwing/imu.linear_acceleration.x,-1.8737100000000002
0.623564411,1760031248.807564411,/xwing/imu.linear_acceleration.x,-1.8933300000000002
0.623602526,1760031248.807602526,/xwing/imu.linear_acceleration.x,-1.9325700000000001
0.627251581,1760031248.811251581,/xwing/imu.linear_acceleration.x,-1.9129500000000002
0.631279569,1760031248.815279569,/xwing/imu.linear_acceleration.x,-1.8246600000000002
0.631300403,1760031248.815300403,/xwing/imu.linear_acceleration.x,-1.79523
0.6313271690000001,1760031248.815327169,/xwing/imu.linear_acceleration.x,-1.79523
0.6313449680000001,1760031248.815344968,/xwing/imu.linear_acceleration.x,-1.8246600000000002
0.642200581,1760031248.826200581,/xwing/imu.linear_acceleration.x,-1.8148500000000003
0.6422088420000001,1760031248.826208842,/xwing/imu.linear_acceleration.x,-1.79523
0.642221169,1760031248.826221169,/xwing/imu.linear_acceleration.x,-1.8246600000000002
0.642258104,1760031248.826258104,/xwing/imu.linear_acceleration.x,-1.8639000000000001
0.6422790740000001,1760031248.826279074,/xwing/imu.linear_acceleration.x,-1.8835200000000003
0.6424265020000001,1760031248.826426502,/xwing/imu.linear_acceleration.x,-1.8933300000000002
0.6424467930000001,1760031248.826446793,/xwing/imu.linear_acceleration.x,-1.9227600000000002
0.64251811,1760031248.826518110,/xwing/imu.linear_acceleration.x,-1.9620000000000002
0.6426460940000001,1760031248.826646094,/xwing/imu.linear_acceleration.x,-1.9620000000000002
0.6426787580000001,1760031248.826678758,/xwing/imu.linear_acceleration.x,-1.95219
0.642708974,1760031248.826708974,/xwing/imu.linear_acceleration.x,-1.9325700000000001
0.642720625,1760031248.826720625,/xwing/imu.linear_acceleration.x,-1.9423800000000002
0.642754903,1760031248.826754903,/xwing/imu.linear_acceleration.x,-1.9325700000000001
0.6453811850000001,1760031248.829381185,/xwing/imu.linear_acceleration.x,-1.8933300000000002
0.645405129,1760031248.829405129,/xwing/imu.linear_acceleration.x,-1.9031400000000003
0.645418774,1760031248.829418774,/xwing/imu.linear_acceleration.x,-1.9325700000000001
0.645458504,1760031248.829458504,/xwing/imu.linear_acceleration.x,-1.9718100000000003
0.6522427940000001,1760031248.836242794,/xwing/imu.linear_acceleration.x,-1.9718100000000003
0.6522518110000001,1760031248.836251811,/xwing/imu.linear_acceleration.x,-1.9423800000000002
0.652263385,1760031248.836263385,/xwing/imu.linear_acceleration.x,-1.95219
0.6522945640000001,1760031248.836294564,/xwing/imu.linear_acceleration.x,-1.9914300000000003
0.6523130960000001,1760031248.836313096,/xwing/imu.linear_acceleration.x,-1.9620000000000002
0.652322843,1760031248.836322843,/xwing/imu.linear_acceleration.x,-1.9129500000000002
0.656909077,1760031248.840909077,/xwing/imu.linear_acceleration.x,-1.9129500000000002
0.6570791770000001,1760031248.841079177,/xwing/imu.linear_acceleration.x,-1.9031400000000003
0.6571333890000001,1760031248.841133389,/xwing/imu.linear_acceleration.x,-1.9914300000000003
0.657300242,1760031248.841300242,/xwing/imu.linear_acceleration.x,-1.9620000000000002
0.6573135800000001,1760031248.841313580,/xwing/imu.linear_acceleration.x,-1.9129500000000002
0.6605996820000001,1760031248.844599682,/xwing/imu.linear_acceleration.x,-1.9423800000000002
0.660637637,1760031248.844637637,/xwing/imu.linear_acceleration.x,-2.00124
0.660658136,1760031248.844658136,/xwing/imu.linear_acceleration.x,-2.01105
0.660710107,1760031248.844710107,/xwing/imu.linear_acceleration.x,-1.9423800000000002
0.666464249,1760031248.850464249,/xwing/imu.linear_acceleration.x,-1.8737100000000002
0.666486797,1760031248.850486797,/xwing/imu.linear_acceleration.x,-1.8540900000000002
0.666505636,1760031248.850505636,/xwing/imu.linear_acceleration.x,-1.8835200000000003
0.666521099,1760031248.850521099,/xwing/imu.linear_acceleration.x,-1.8344700000000003
0.667813026,1760031248.851813026,/xwing/imu.linear_acceleration.x,-1.79523
0.667830366,1760031248.851830366,/xwing/imu.linear_acceleration.x,-1.79523
0.67380677,1760031248.857806770,/xwing/imu.linear_acceleration.x,-1.8835200000000003
0.6738263520000001,1760031248.857826352,/xwing/imu.linear_acceleration.x,-1.95219
0.67384394,1760031248.857843940,/xwing/imu.linear_acceleration.x,-1.9031400000000003
0.6738756100000001,1760031248.857875610,/xwing/imu.linear_acceleration.x,-1.8540900000000002
0.6739081570000001,1760031248.857908157,/xwing/imu.linear_acceleration.x,-1.8639000000000001
0.673929412,1760031248.857929412,/xwing/imu.linear_acceleration.x,-1.9227600000000002
0.6786198320000001,1760031248.862619832,/xwing/imu.linear_acceleration.x,-1.95219
0.6786295280000001,1760031248.862629528,/xwing/imu.linear_acceleration.x,-1.9129500000000002
0.6786412390000001,1760031248.862641239,/xwing/imu.linear_acceleration.x,-1.8639000000000001
0.678714459,1760031248.862714459,/xwing/imu.linear_acceleration.x,-1.8835200000000003
0.68370975,1760031248.867709750,/xwing/imu.linear_acceleration.x,-1.9031400000000003
0.6837209390000001,1760031248.867720939,/xwing/imu.linear_acceleration.x,-1.8344700000000003
0.683810109,1760031248.867810109,/xwing/imu.linear_acceleration.x,-1.7658000000000003
0.683829201,1760031248.867829201,/xwing/imu.linear_acceleration.x,-1.72656
0.683843431,1760031248.867843431,/xwing/imu.linear_acceleration.x,-1.8050400000000002
0.683900206,1760031248.867900206,/xwing/imu.linear_acceleration.x,-1.8344700000000003
0.683913902,1760031248.867913902,/xwing/imu.linear_acceleration.x,-1.8246600000000002
0.687530736,1760031248.871530736,/xwing/imu.linear_acceleration.x,-1.8148500000000003
0.6875466330000001,1760031248.871546633,/xwing/imu.linear_acceleration.x,-1.8835200000000003
0.687562855,1760031248.871562855,/xwing/imu.linear_acceleration.x,-2.01105
0.6876136110000001,1760031248.871613611,/xwing/imu.linear_acceleration.x,-2.0601000000000003
0.6876356570000001,1760031248.871635657,/xwing/imu.linear_acceleration.x,-2.04048
0.692840028,1760031248.876840028,/xwing/imu.linear_acceleration.x,-2.0208600000000003
0.692864716,1760031248.876864716,/xwing/imu.linear_acceleration.x,-2.0502900000000004
0.6929207860000001,1760031248.876920786,/xwing/imu.linear_acceleration.x,-2.03067
0.697801082,1760031248.881801082,/xwing/imu.linear_acceleration.x,-1.9816200000000002
0.697829954,1760031248.881829954,/xwing/imu.linear_acceleration.x,-1.9129500000000002
0.697854802,1760031248.881854802,/xwing/imu.linear_acceleration.x,-1.9031400000000003
0.6978699810000001,1760031248.881869981,/xwing/imu.linear_acceleration.x,-1.9423800000000002
0.702552673,1760031248.886552673,/xwing/imu.linear_acceleration.x,-1.95219
0.702569285,1760031248.886569285,/xwing/imu.linear_acceleration.x,-1.8737100000000002
0.7025857390000001,1760031248.886585739,/xwing/imu.linear_acceleration.x,-1.8639000000000001
0.702608062,1760031248.886608062,/xwing/imu.linear_acceleration.x,-1.9227600000000002
0.702621779,1760031248.886621779,/xwing/imu.linear_acceleration.x,-1.9816200000000002
0.7026447960000001,1760031248.886644796,/xwing/imu.linear_acceleration.x,-2.00124
0.7155568200000001,1760031248.899556820,/xwing/imu.linear_acceleration.x,-1.9914300000000003
0.71556903,1760031248.899569030,/xwing/imu.linear_acceleration.x,-2.00124
0.715614454,1760031248.899614454,/xwing/imu.linear_acceleration.x,-2.06991
0.715631468,1760031248.899631468,/xwing/imu.linear_acceleration.x,-2.10915
0.715708608,1760031248.899708608,/xwing/imu.linear_acceleration.x,-2.0895300000000003
0.715734914,1760031248.899734914,/xwing/imu.linear_acceleration.x,-2.0895300000000003
0.715747777,1760031248.899747777,/xwing/imu.linear_acceleration.x,-2.13858
0.715759001,1760031248.899759001,/xwing/imu.linear_acceleration.x,-2.1582000000000003
0.715787913,1760031248.899787913,/xwing/imu.linear_acceleration.x,-2.14839
0.71584725,1760031248.899847250,/xwing/imu.linear_acceleration.x,-2.09934
0.719391851,1760031248.903391851,/xwing/imu.linear_acceleration.x,-2.07972
0.719420915,1760031248.903420915,/xwing/imu.linear_acceleration.x,-2.1189600000000004
0.7194314350000001,1760031248.903431435,/xwing/imu.linear_acceleration.x,-2.10915
0.719587861,1760031248.903587861,/xwing/imu.linear_acceleration.x,-2.0895300000000003
0.7196346840000001,1760031248.903634684,/xwing/imu.linear_acceleration.x,-2.04048
0.719648677,1760031248.903648677,/xwing/imu.linear_acceleration.x,-2.0601000000000003
0.719659225,1760031248.903659225,/xwing/imu.linear_acceleration.x,-2.1287700000000003
0.719692136,1760031248.903692136,/xwing/imu.linear_acceleration.x,-2.14839
0.724667425,1760031248.908667425,/xwing/imu.linear_acceleration.x,-2.20725
0.724678126,1760031248.908678126,/xwing/imu.linear_acceleration.x,-2.2563000000000004
0.724687853,1760031248.908687853,/xwing/imu.linear_acceleration.x,-2.34459
0.724722649,1760031248.908722649,/xwing/imu.linear_acceleration.x,-2.38383
0.7247394730000001,1760031248.908739473,/xwing/imu.linear_acceleration.x,-2.3642100000000004
0.729548226,1760031248.913548226,/xwing/imu.linear_acceleration.x,-2.31516
0.729576281,1760031248.913576281,/xwing/imu.linear_acceleration.x,-2.31516
0.729617226,1760031248.913617226,/xwing/imu.linear_acceleration.x,-2.31516
0.7296348450000001,1760031248.913634845,/xwing/imu.linear_acceleration.x,-2.2661100000000003
0.734065731,1760031248.918065731,/xwing/imu.linear_acceleration.x,-2.21706
0.7340748840000001,1760031248.918074884,/xwing/imu.linear_acceleration.x,-2.1876300000000004
0.734084014,1760031248.918084014,/xwing/imu.linear_acceleration.x,-2.21706
0.7341061750000001,1760031248.918106175,/xwing/imu.linear_acceleration.x,-2.2366800000000002
0.7365748830000001,1760031248.920574883,/xwing/imu.linear_acceleration.x,-2.24649
0.743381053,1760031248.927381053,/xwing/imu.linear_acceleration.x,-2.2563000000000004
0.7434039570000001,1760031248.927403957,/xwing/imu.linear_acceleration.x,-2.2955400000000004
0.743445498,1760031248.927445498,/xwing/imu.linear_acceleration.x,-2.3249700000000004
0.7434566880000001,1760031248.927456688,/xwing/imu.linear_acceleration.x,-2.34459
0.743509453,1760031248.927509453,/xwing/imu.linear_acceleration.x,-2.34459
0.7437134150000001,1760031248.927713415,/xwing/imu.linear_acceleration.x,-2.3544
0.7437724800000001,1760031248.927772480,/xwing/imu.linear_acceleration.x,-2.3740200000000002
0.744392263,1760031248.928392263,/xwing/imu.linear_acceleration.x,-2.3544
0.744435013,1760031248.928435013,/xwing/imu.linear_acceleration.x,-2.3740200000000002
0.744462786,1760031248.928462786,/xwing/imu.linear_acceleration.x,-2.3544
0.744475368,1760031248.928475368,/xwing/imu.linear_acceleration.x,-2.3249700000000004
0.7477632660000001,1760031248.931763266,/xwing/imu.linear_acceleration.x,-2.2955400000000004
0.7478294750000001,1760031248.931829475,/xwing/imu.linear_acceleration.x,-2.28573
0.747905782,1760031248.931905782,/xwing/imu.linear_acceleration.x,-2.28573
0.7480016530000001,1760031248.932001653,/xwing/imu.linear_acceleration.x,-2.31516
0.7540780170000001,1760031248.938078017,/xwing/imu.linear_acceleration.x,-2.2955400000000004
0.7541678110000001,1760031248.938167811,/xwing/imu.linear_acceleration.x,-2.2955400000000004
0.754338242,1760031248.938338242,/xwing/imu.linear_acceleration.x,-2.3740200000000002
0.7543715990000001,1760031248.938371599,/xwing/imu.linear_acceleration.x,-2.41326
0.7566286830000001,1760031248.940628683,/xwing/imu.linear_acceleration.x,-2.4426900000000002
0.756635774,1760031248.940635774,/xwing/imu.linear_acceleration.x,-2.3936400000000004
0.756787359,1760031248.940787359,/xwing/imu.linear_acceleration.x,-2.4034500000000003
0.75681657,1760031248.940816570,/xwing/imu.linear_acceleration.x,-2.4328800000000004
0.7622079380000001,1760031248.946207938,/xwing/imu.linear_acceleration.x,-2.4426900000000002
0.762223909,1760031248.946223909,/xwing/imu.linear_acceleration.x,-2.4328800000000004
0.762243671,1760031248.946243671,/xwing/imu.linear_acceleration.x,-2.3936400000000004
0.762254826,1760031248.946254826,/xwing/imu.linear_acceleration.x,-2.41326
0.777560841,1760031248.961560841,/xwing/imu.linear_acceleration.x,-2.4623100000000004
0.7775924240000001,1760031248.961592424,/xwing/imu.linear_acceleration.x,-2.4525
0.777626294,1760031248.961626294,/xwing/imu.linear_acceleration.x,-2.4034500000000003
0.777644705,1760031248.961644705,/xwing/imu.linear_acceleration.x,-2.4623100000000004
0.777659254,1760031248.961659254,/xwing/imu.linear_acceleration.x,-2.49174
0.777681731,1760031248.961681731,/xwing/imu.linear_acceleration.x,-2.56041
0.777706601,1760031248.961706601,/xwing/imu.linear_acceleration.x,-2.52117
0.77772233,1760031248.961722330,/xwing/imu.linear_acceleration.x,-2.4721200000000003
0.777737286,1760031248.961737286,/xwing/imu.linear_acceleration.x,-2.5506
0.777795415,1760031248.961795415,/xwing/imu.linear_acceleration.x,-2.6094600000000003
0.7778295890000001,1760031248.961829589,/xwing/imu.linear_acceleration.x,-2.6388900000000004
0.778330618,1760031248.962330618,/xwing/imu.linear_acceleration.x,-2.5996500000000005
0.778396732,1760031248.962396732,/xwing/imu.linear_acceleration.x,-2.58984
0.781658835,1760031248.965658835,/xwing/imu.linear_acceleration.x,-2.69775
0.7816821300000001,1760031248.965682130,/xwing/imu.linear_acceleration.x,-2.7468000000000004
0.781725993,1760031248.965725993,/xwing/imu.linear_acceleration.x,-2.68794
0.781739956,1760031248.965739956,/xwing/imu.linear_acceleration.x,-2.62908
0.785817041,1760031248.969817041,/xwing/imu.linear_acceleration.x,-2.62908
0.785855747,1760031248.969855747,/xwing/imu.linear_acceleration.x,-2.6781300000000003
0.785876134,1760031248.969876134,/xwing/imu.linear_acceleration.x,-2.7075600000000004
0.7859358590000001,1760031248.969935859,/xwing/imu.linear_acceleration.x,-2.69775
0.787255895,1760031248.971255895,/xwing/imu.linear_acceleration.x,-2.65851
0.7873328460000001,1760031248.971332846,/xwing/imu.linear_acceleration.x,-2.6487000000000003
0.7873840160000001,1760031248.971384016,/xwing/imu.linear_acceleration.x,-2.65851
0.7895451990000001,1760031248.973545199,/xwing/imu.linear_acceleration.x,-2.6781300000000003
0.7895584050000001,1760031248.973558405,/xwing/imu.linear_acceleration.x,-2.7075600000000004
0.789594996,1760031248.973594996,/xwing/imu.linear_acceleration.x,-2.69775
0.7896149680000001,1760031248.973614968,/xwing/imu.linear_acceleration.x,-2.7173700000000003
0.7933793560000001,1760031248.977379356,/xwing/imu.linear_acceleration.x,-2.79585
0.793407033,1760031248.977407033,/xwing/imu.linear_acceleration.x,-2.8449000000000004
0.793423757,1760031248.977423757,/xwing/imu.linear_acceleration.x,-2.8939500000000002
0.805645838,1760031248.989645838,/xwing/imu.linear_acceleration.x,-2.8449000000000004
0.8056731460000001,1760031248.989673146,/xwing/imu.linear_acceleration.x,-2.8154700000000004
0.8056940180000001,1760031248.989694018,/xwing/imu.linear_acceleration.x,-2.8547100000000003
0.8057066380000001,1760031248.989706638,/xwing/imu.linear_acceleration.x,-2.8449000000000004
0.8057374690000001,1760031248.989737469,/xwing/imu.linear_acceleration.x,-2.8056600000000005
0.805776288,1760031248.989776288,/xwing/imu.linear_acceleration.x,-2.7468000000000004
0.807325626,1760031248.991325626,/xwing/imu.linear_acceleration.x,-2.7762300000000004
0.807339652,1760031248.991339652,/xwing/imu.linear_acceleration.x,-2.8449000000000004
0.807352492,1760031248.991352492,/xwing/imu.linear_acceleration.x,-2.86452
0.807385126,1760031248.991385126,/xwing/imu.linear_acceleration.x,-2.8252800000000002
0.8074072950000001,1760031248.991407295,/xwing/imu.linear_acceleration.x,-2.8252800000000002
0.807420585,1760031248.991420585,/xwing/imu.linear_acceleration.x,-2.8939500000000002
0.807437519,1760031248.991437519,/xwing/imu.linear_acceleration.x,-2.9822400000000004
0.8075518500000001,1760031248.991551850,/xwing/imu.linear_acceleration.x,-2.97243
0.8075712490000001,1760031248.991571249,/xwing/imu.linear_acceleration.x,-2.93319
0.8128348860000001,1760031248.996834886,/xwing/imu.linear_acceleration.x,-2.9626200000000003
0.8128443550000001,1760031248.996844355,/xwing/imu.linear_acceleration.x,-3.0116700000000005
0.812871101,1760031248.996871101,/xwing/imu.linear_acceleration.x,-3.0509100000000005
0.812907978,1760031248.996907978,/xwing/imu.linear_acceleration.x,-2.9822400000000004
0.8159171150000001,1760031248.999917115,/xwing/imu.linear_acceleration.x,-2.9430000000000005
0.815926696,1760031248.999926696,/xwing/imu.linear_acceleration.x,-2.97243
0.815936019,1760031248.999936019,/xwing/imu.linear_acceleration.x,-2.9920500000000003
0.815943143,1760031248.999943143,/xwing/imu.linear_acceleration.x,-2.97243
0.8196059360000001,1760031249.003605936,/xwing/imu.linear_acceleration.x,-2.9528100000000004
0.8196165160000001,1760031249.003616516,/xwing/imu.linear_acceleration.x,-2.9528100000000004
0.81962968,1760031249.003629680,/xwing/imu.linear_acceleration.x,-3.00186
0.8196363170000001,1760031249.003636317,/xwing/imu.linear_acceleration.x,-3.0214800000000004
0.824291934,1760031249.008291934,/xwing/imu.linear_acceleration.x,-3.00186
0.824298627,1760031249.008298627,/xwing/imu.linear_acceleration.x,-2.97243
0.8243082930000001,1760031249.008308293,/xwing/imu.linear_acceleration.x,-2.9528100000000004
0.824317571,1760031249.008317571,/xwing/imu.linear_acceleration.x,-2.9822400000000004
0.8243392180000001,1760031249.008339218,/xwing/imu.linear_acceleration.x,-3.0411
0.8320708910000001,1760031249.016070891,/xwing/imu.linear_acceleration.x,-3.0901500000000004
0.832075643,1760031249.016075643,/xwing/imu.linear_acceleration.x,-3.0607200000000003
0.832101324,1760031249.016101324,/xwing/imu.linear_acceleration.x,-3.0607200000000003
0.832104497,1760031249.016104497,/xwing/imu.linear_acceleration.x,-3.0999600000000003
0.8321079100000001,1760031249.016107910,/xwing/imu.linear_acceleration.x,-3.17844
0.83213196,1760031249.016131960,/xwing/imu.linear_acceleration.x,-3.1882500000000005
0.839498104,1760031249.023498104,/xwing/imu.linear_acceleration.x,-3.0999600000000003
0.839521888,1760031249.023521888,/xwing/imu.linear_acceleration.x,-3.07053
0.8395436310000001,1760031249.023543631,/xwing/imu.linear_acceleration.x,-3.0901500000000004
0.839604997,1760031249.023604997,/xwing/imu.linear_acceleration.x,-3.1490100000000005
0.839641034,1760031249.023641034,/xwing/imu.linear_acceleration.x,-3.1195800000000005
0.8396805730000001,1760031249.023680573,/xwing/imu.linear_acceleration.x,-3.0509100000000005
0.8397036680000001,1760031249.023703668,/xwing/imu.linear_acceleration.x,-3.10977
0.8459372610000001,1760031249.029937261,/xwing/imu.linear_acceleration.x,-3.17844
0.845980355,1760031249.029980355,/xwing/imu.linear_acceleration.x,-3.1980600000000003
0.846012034,1760031249.030012034,/xwing/imu.linear_acceleration.x,-3.1392
0.846046936,1760031249.030046936,/xwing/imu.linear_acceleration.x,-3.0901500000000004
0.8461389760000001,1760031249.030138976,/xwing/imu.linear_acceleration.x,-3.1392
0.8461510830000001,1760031249.030151083,/xwing/imu.linear_acceleration.x,-3.2176800000000005
0.846192484,1760031249.030192484,/xwing/imu.linear_acceleration.x,-3.2176800000000005
0.8462123730000001,1760031249.030212373,/xwing/imu.linear_acceleration.x,-3.1882500000000005
0.846223881,1760031249.030223881,/xwing/imu.linear_acceleration.x,-3.2274900000000004
0.852166826,1760031249.036166826,/xwing/imu.linear_acceleration.x,-3.3059700000000003
0.8522067390000001,1760031249.036206739,/xwing/imu.linear_acceleration.x,-3.2765400000000002
0.8522225720000001,1760031249.036222572,/xwing/imu.linear_acceleration.x,-3.1980600000000003
0.8522343210000001,1760031249.036234321,/xwing/imu.linear_acceleration.x,-3.1588200000000004
0.8551851960000001,1760031249.039185196,/xwing/imu.linear_acceleration.x,-3.20787
0.8552465520000001,1760031249.039246552,/xwing/imu.linear_acceleration.x,-3.2863500000000005
0.855274796,1760031249.039274796,/xwing/imu.linear_acceleration.x,-3.2373000000000003
0.855299464,1760031249.039299464,/xwing/imu.linear_acceleration.x,-3.20787
0.8617686210000001,1760031249.045768621,/xwing/imu.linear_acceleration.x,-3.17844
0.8618025720000001,1760031249.045802572,/xwing/imu.linear_acceleration.x,-3.20787
0.8618319670000001,1760031249.045831967,/xwing/imu.linear_acceleration.x,-3.2176800000000005
0.8618536010000001,1760031249.045853601,/xwing/imu.linear_acceleration.x,-3.1882500000000005
0.861868944,1760031249.045868944,/xwing/imu.linear_acceleration.x,-3.17844
0.8618829240000001,1760031249.045882924,/xwing/imu.linear_acceleration.x,-3.1980600000000003
0.8619619310000001,1760031249.045961931,/xwing/imu.linear_acceleration.x,-3.2176800000000005
0.862336341,1760031249.046336341,/xwing/imu.linear_acceleration.x,-3.2274900000000004
0.867186879,1760031249.051186879,/xwing/imu.linear_acceleration.x,-3.2274900000000004
0.8671989050000001,1760031249.051198905,/xwing/imu.linear_acceleration.x,-3.2373000000000003
0.86724621,1760031249.051246210,/xwing/imu.linear_acceleration.x,-3.2373000000000003
0.867263306,1760031249.051263306,/xwing/imu.linear_acceleration.x,-3.2373000000000003
0.8726618660000001,1760031249.056661866,/xwing/imu.linear_acceleration.x,-3.2961600000000004
0.8726775600000001,1760031249.056677560,/xwing/imu.linear_acceleration.x,-3.3059700000000003
0.872695717,1760031249.056695717,/xwing/imu.linear_acceleration.x,-3.3354000000000004
0.8727468770000001,1760031249.056746877,/xwing/imu.linear_acceleration.x,-3.31578
0.8875483470000001,1760031249.071548347,/xwing/imu.linear_acceleration.x,-3.38445
0.887579109,1760031249.071579109,/xwing/imu.linear_acceleration.x,-3.4335000000000004
0.8876014000000001,1760031249.071601400,/xwing/imu.linear_acceleration.x,-3.4335000000000004
0.88761946,1760031249.071619460,/xwing/imu.linear_acceleration.x,-3.3942600000000005
0.887635924,1760031249.071635924,/xwing/imu.linear_acceleration.x,-3.3942600000000005
0.88764951,1760031249.071649510,/xwing/imu.linear_acceleration.x,-3.4236900000000006
0.887658842,1760031249.071658842,/xwing/imu.linear_acceleration.x,-3.4727400000000004
0.887684298,1760031249.071684298,/xwing/imu.linear_acceleration.x,-3.4236900000000006
0.8876978270000001,1760031249.071697827,/xwing/imu.linear_acceleration.x,-3.3942600000000005
0.887962431,1760031249.071962431,/xwing/imu.linear_acceleration.x,-3.4433100000000003
0.8879817040000001,1760031249.071981704,/xwing/imu.linear_acceleration.x,-3.52179
0.888017342,1760031249.072017342,/xwing/imu.linear_acceleration.x,-3.5119800000000003
0.888041717,1760031249.072041717,/xwing/imu.linear_acceleration.x,-3.4629300000000005
0.8880614840000001,1760031249.072061484,/xwing/imu.linear_acceleration.x,-3.52179
0.892865738,1760031249.076865738,/xwing/imu.linear_acceleration.x,-3.52179
0.8928758510000001,1760031249.076875851,/xwing/imu.linear_acceleration.x,-3.5414100000000004
0.892945599,1760031249.076945599,/xwing/imu.linear_acceleration.x,-3.4923600000000006
0.8929856270000001,1760031249.076985627,/xwing/imu.linear_acceleration.x,-3.4923600000000006
0.8930763880000001,1760031249.077076388,/xwing/imu.linear_acceleration.x,-3.6002700000000005
0.8931132230000001,1760031249.077113223,/xwing/imu.linear_acceleration.x,-3.6689400000000005
0.89313476,1760031249.077134760,/xwing/imu.linear_acceleration.x,-3.6002700000000005
0.8961991530000001,1760031249.080199153,/xwing/imu.linear_acceleration.x,-3.5512200000000003
0.8962145260000001,1760031249.080214526,/xwing/imu.linear_acceleration.x,-3.5119800000000003
0.896259597,1760031249.080259597,/xwing/imu.linear_acceleration.x,-3.5316000000000005
0.8963084200000001,1760031249.080308420,/xwing/imu.linear_acceleration.x,-3.5414100000000004
0.8963551780000001,1760031249.080355178,/xwing/imu.linear_acceleration.x,-3.4825500000000003
0.9105022930000001,1760031249.094502293,/xwing/imu.linear_acceleration.x,-3.5119800000000003
0.9105053670000001,1760031249.094505367,/xwing/imu.linear_acceleration.x,-3.5806500000000003
0.910508076,1760031249.094508076,/xwing/imu.linear_acceleration.x,-3.6002700000000005
0.910538846,1760031249.094538846,/xwing/imu.linear_acceleration.x,-3.59046
0.9105493120000001,1760031249.094549312,/xwing/imu.linear_acceleration.x,-3.5610300000000006
0.9105995610000001,1760031249.094599561,/xwing/imu.linear_acceleration.x,-3.5414100000000004
0.9106189950000001,1760031249.094618995,/xwing/imu.linear_acceleration.x,-3.5512200000000003
0.910642036,1760031249.094642036,/xwing/imu.linear_acceleration.x,-3.5414100000000004
0.91064555,1760031249.094645550,/xwing/imu.linear_acceleration.x,-3.5119800000000003
0.9106491480000001,1760031249.094649148,/xwing/imu.linear_acceleration.x,-3.5316000000000005
0.9106579260000001,1760031249.094657926,/xwing/imu.linear_acceleration.x,-3.59046
0.910669699,1760031249.094669699,/xwing/imu.linear_acceleration.x,-3.5806500000000003
0.91067905,1760031249.094679050,/xwing/imu.linear_acceleration.x,-3.5806500000000003
0.91068497,1760031249.094684970,/xwing/imu.linear_acceleration.x,-3.5806500000000003
0.91473652,1760031249.098736520,/xwing/imu.linear_acceleration.x,-3.5512200000000003
0.9147420470000001,1760031249.098742047,/xwing/imu.linear_acceleration.x,-3.5021700000000004
0.9147584080000001,1760031249.098758408,/xwing/imu.linear_acceleration.x,-3.4923600000000006
0.914766563,1760031249.098766563,/xwing/imu.linear_acceleration.x,-3.5316000000000005
0.9147856940000001,1760031249.098785694,/xwing/imu.linear_acceleration.x,-3.5316000000000005
0.9180503900000001,1760031249.102050390,/xwing/imu.linear_acceleration.x,-3.52179
0.918065235,1760031249.102065235,/xwing/imu.linear_acceleration.x,-3.5610300000000006
0.9180704230000001,1760031249.102070423,/xwing/imu.linear_acceleration.x,-3.52179
0.9227093260000001,1760031249.106709326,/xwing/imu.linear_acceleration.x,-3.5316000000000005
0.922780931,1760031249.106780931,/xwing/imu.linear_acceleration.x,-3.5316000000000005
0.9227888430000001,1760031249.106788843,/xwing/imu.linear_acceleration.x,-3.52179
0.922794847,1760031249.106794847,/xwing/imu.linear_acceleration.x,-3.5316000000000005
0.922800374,1760031249.106800374,/xwing/imu.linear_acceleration.x,-3.5512200000000003
0.937446557,1760031249.121446557,/xwing/imu.linear_acceleration.x,-3.5610300000000006
0.937470353,1760031249.121470353,/xwing/imu.linear_acceleration.x,-3.6297000000000006
0.9374770440000001,1760031249.121477044,/xwing/imu.linear_acceleration.x,-3.6689400000000005
0.937482785,1760031249.121482785,/xwing/imu.linear_acceleration.x,-3.6493200000000003
0.93748878,1760031249.121488780,/xwing/imu.linear_acceleration.x,-3.6787500000000004
0.9374919740000001,1760031249.121491974,/xwing/imu.linear_acceleration.x,-3.65913
0.937512891,1760031249.121512891,/xwing/imu.linear_acceleration.x,-3.6983700000000006
0.937516965,1760031249.121516965,/xwing/imu.linear_acceleration.x,-3.7278000000000002
0.937522297,1760031249.121522297,/xwing/imu.linear_acceleration.x,-3.7278000000000002
0.9375259930000001,1760031249.121525993,/xwing/imu.linear_acceleration.x,-3.7474200000000004
0.937530874,1760031249.121530874,/xwing/imu.linear_acceleration.x,-3.7768500000000005
0.937535655,1760031249.121535655,/xwing/imu.linear_acceleration.x,-3.7964700000000002
0.937541162,1760031249.121541162,/xwing/imu.linear_acceleration.x,-3.8160900000000004
0.943661964,1760031249.127661964,/xwing/imu.linear_acceleration.x,-3.8062800000000006
0.943665029,1760031249.127665029,/xwing/imu.linear_acceleration.x,-3.7572300000000003
0.943676331,1760031249.127676331,/xwing/imu.linear_acceleration.x,-3.7964700000000002
0.943682525,1760031249.127682525,/xwing/imu.linear_acceleration.x,-3.7670400000000006
0.943691979,1760031249.127691979,/xwing/imu.linear_acceleration.x,-3.7572300000000003
0.9436976050000001,1760031249.127697605,/xwing/imu.linear_acceleration.x,-3.7081800000000005
0.943701305,1760031249.127701305,/xwing/imu.linear_acceleration.x,-3.7964700000000002
0.948890518,1760031249.132890518,/xwing/imu.linear_acceleration.x,-3.8259000000000003
0.948993885,1760031249.132993885,/xwing/imu.linear_acceleration.x,-3.8553300000000004
0.949040038,1760031249.133040038,/xwing/imu.linear_acceleration.x,-3.83571
0.9490570970000001,1760031249.133057097,/xwing/imu.linear_acceleration.x,-3.83571
0.9490829820000001,1760031249.133082982,/xwing/imu.linear_acceleration.x,-3.8945700000000003
0.9512306130000001,1760031249.135230613,/xwing/imu.linear_acceleration.x,-3.90438
0.9512603770000001,1760031249.135260377,/xwing/imu.linear_acceleration.x,-3.8749500000000006
0.9512941610000001,1760031249.135294161,/xwing/imu.linear_acceleration.x,-3.8259000000000003
0.9550761190000001,1760031249.139076119,/xwing/imu.linear_acceleration.x,-3.8455200000000005
0.9550889950000001,1760031249.139088995,/xwing/imu.linear_acceleration.x,-3.8553300000000004
0.955100087,1760031249.139100087,/xwing/imu.linear_acceleration.x,-3.8553300000000004
0.9592609980000001,1760031249.143260998,/xwing/imu.linear_acceleration.x,-3.7670400000000006
0.959264145,1760031249.143264145,/xwing/imu.linear_acceleration.x,-3.7081800000000005
0.9592663370000001,1760031249.143266337,/xwing/imu.linear_acceleration.x,-3.7572300000000003
0.9592796370000001,1760031249.143279637,/xwing/imu.linear_acceleration.x,-3.7179900000000004
0.9639641900000001,1760031249.147964190,/xwing/imu.linear_acceleration.x,-3.6787500000000004
0.9639700390000001,1760031249.147970039,/xwing/imu.linear_acceleration.x,-3.6787500000000004
0.9639744990000001,1760031249.147974499,/xwing/imu.linear_acceleration.x,-3.7278000000000002
0.96399683,1760031249.147996830,/xwing/imu.linear_acceleration.x,-3.8062800000000006
0.964011943,1760031249.148011943,/xwing/imu.linear_acceleration.x,-3.7866600000000004
0.9672513410000001,1760031249.151251341,/xwing/imu.linear_acceleration.x,-3.7376100000000005
0.967258264,1760031249.151258264,/xwing/imu.linear_acceleration.x,-3.7768500000000005
0.967261781,1760031249.151261781,/xwing/imu.linear_acceleration.x,-3.8259000000000003
0.9672830530000001,1760031249.151283053,/xwing/imu.linear_acceleration.x,-3.8455200000000005
0.9777143800000001,1760031249.161714380,/xwing/imu.linear_acceleration.x,-3.7866600000000004
0.977717834,1760031249.161717834,/xwing/imu.linear_acceleration.x,-3.7376100000000005
0.977746102,1760031249.161746102,/xwing/imu.linear_acceleration.x,-3.7866600000000004
0.9777505900000001,1760031249.161750590,/xwing/imu.linear_acceleration.x,-3.83571
0.9777559370000001,1760031249.161755937,/xwing/imu.linear_acceleration.x,-3.7866600000000004
0.977765513,1760031249.161765513,/xwing/imu.linear_acceleration.x,-3.7278000000000002
0.9777755640000001,1760031249.161775564,/xwing/imu.linear_acceleration.x,-3.7866600000000004
0.9777817510000001,1760031249.161781751,/xwing/imu.linear_acceleration.x,-3.8259000000000003
0.9817234210000001,1760031249.165723421,/xwing/imu.linear_acceleration.x,-3.7964700000000002
0.981731173,1760031249.165731173,/xwing/imu.linear_acceleration.x,-3.7278000000000002
0.981735118,1760031249.165735118,/xwing/imu.linear_acceleration.x,-3.7179900000000004
0.981740963,1760031249.165740963,/xwing/imu.linear_acceleration.x,-3.8160900000000004
0.9817458370000001,1760031249.165745837,/xwing/imu.linear_acceleration.x,-3.8847600000000004
0.9817505870000001,1760031249.165750587,/xwing/imu.linear_acceleration.x,-3.90438
0.985347603,1760031249.169347603,/xwing/imu.linear_acceleration.x,-3.9141900000000005
0.985352521,1760031249.169352521,/xwing/imu.linear_acceleration.x,-3.9240000000000004
0.985356878,1760031249.169356878,/xwing/imu.linear_acceleration.x,-3.9926700000000004
0.9853620890000001,1760031249.169362089,/xwing/imu.linear_acceleration.x,-3.9926700000000004
1.002250572,1760031249.186250572,/xwing/imu.linear_acceleration.x,-4.00248
1.002281992,1760031249.186281992,/xwing/imu.linear_acceleration.x,-4.07115
1.002296038,1760031249.186296038,/xwing/imu.linear_acceleration.x,-4.06134
1.002309927,1760031249.186309927,/xwing/imu.linear_acceleration.x,-4.07115
1.00235364,1760031249.186353640,/xwing/imu.linear_acceleration.x,-4.01229
1.002367769,1760031249.186367769,/xwing/imu.linear_acceleration.x,-3.9926700000000004
1.002409447,1760031249.186409447,/xwing/imu.linear_acceleration.x,-4.041720000000001
1.002427855,1760031249.186427855,/xwing/imu.linear_acceleration.x,-4.07115
1.002441997,1760031249.186441997,/xwing/imu.linear_acceleration.x,-4.06134
1.002452579,1760031249.186452579,/xwing/imu.linear_acceleration.x,-4.041720000000001
1.002549019,1760031249.186549019,/xwing/imu.linear_acceleration.x,-3.9926700000000004
1.002571951,1760031249.186571951,/xwing/imu.linear_acceleration.x,-3.9926700000000004
1.002620908,1760031249.186620908,/xwing/imu.linear_acceleration.x,-4.0221
1.006951347,1760031249.190951347,/xwing/imu.linear_acceleration.x,-4.110390000000001
1.007036107,1760031249.191036107,/xwing/imu.linear_acceleration.x,-4.179060000000001
1.007062955,1760031249.191062955,/xwing/imu.linear_acceleration.x,-4.15944
1.007076705,1760031249.191076705,/xwing/imu.linear_acceleration.x,-4.100580000000001
1.010799097,1760031249.194799097,/xwing/imu.linear_acceleration.x,-4.1202000000000005
1.010820647,1760031249.194820647,/xwing/imu.linear_acceleration.x,-4.1888700000000005
1.010837632,1760031249.194837632,/xwing/imu.linear_acceleration.x,-4.1888700000000005
1.01085249,1760031249.194852490,/xwing/imu.linear_acceleration.x,-4.13982
1.01088339,1760031249.194883390,/xwing/imu.linear_acceleration.x,-4.110390000000001
1.010901302,1760031249.194901302,/xwing/imu.linear_acceleration.x,-4.110390000000001
1.010947987,1760031249.194947987,/xwing/imu.linear_acceleration.x,-4.09077
1.015685095,1760031249.199685095,/xwing/imu.linear_acceleration.x,-4.00248
1.015721814,1760031249.199721814,/xwing/imu.linear_acceleration.x,-4.00248
1.015738205,1760031249.199738205,/xwing/imu.linear_acceleration.x,-4.0515300000000005
1.015762896,1760031249.199762896,/xwing/imu.linear_acceleration.x,-4.031910000000001
1.023847739,1760031249.207847739,/xwing/imu.linear_acceleration.x,-4.0221
1.023867904,1760031249.207867904,/xwing/imu.linear_acceleration.x,-3.9534300000000004
1.023890603,1760031249.207890603,/xwing/imu.linear_acceleration.x,-4.01229
1.023915638,1760031249.207915638,/xwing/imu.linear_acceleration.x,-4.09077
1.023934407,1760031249.207934407,/xwing/imu.linear_acceleration.x,-4.08096
1.023953573,1760031249.207953573,/xwing/imu.linear_acceleration.x,-4.041720000000001
1.023973527,1760031249.207973527,/xwing/imu.linear_acceleration.x,-4.041720000000001
1.023991759,1760031249.207991759,/xwing/imu.linear_acceleration.x,-4.110390000000001
1.0240027,1760031249.208002700,/xwing/imu.linear_acceleration.x,-4.13001
1.027251393,1760031249.211251393,/xwing/imu.linear_acceleration.x,-4.0515300000000005
1.027263305,1760031249.211263305,/xwing/imu.linear_acceleration.x,-4.031910000000001
1.027414965,1760031249.211414965,/xwing/imu.linear_acceleration.x,-4.08096
1.027446261,1760031249.211446261,/xwing/imu.linear_acceleration.x,-4.110390000000001
1.027470074,1760031249.211470074,/xwing/imu.linear_acceleration.x,-4.09077
1.033286791,1760031249.217286791,/xwing/imu.linear_acceleration.x,-4.041720000000001
1.033374094,1760031249.217374094,/xwing/imu.linear_acceleration.x,-4.07115
1.033417192,1760031249.217417192,/xwing/imu.linear_acceleration.x,-4.100580000000001
1.033443827,1760031249.217443827,/xwing/imu.linear_acceleration.x,-4.09077
1.037800563,1760031249.221800563,/xwing/imu.linear_acceleration.x,-4.07115
1.037815531,1760031249.221815531,/xwing/imu.linear_acceleration.x,-4.13982
1.038031037,1760031249.222031037,/xwing/imu.linear_acceleration.x,-4.15944
1.038044874,1760031249.222044874,/xwing/imu.linear_acceleration.x,-4.20849
1.038397994,1760031249.222397994,/xwing/imu.linear_acceleration.x,-4.237920000000001
1.038461452,1760031249.222461452,/xwing/imu.linear_acceleration.x,-4.26735
1.042795368,1760031249.226795368,/xwing/imu.linear_acceleration.x,-4.3262100000000006
1.042837464,1760031249.226837464,/xwing/imu.linear_acceleration.x,-4.35564
1.042852782,1760031249.226852782,/xwing/imu.linear_acceleration.x,-4.29678
1.042928763,1760031249.226928763,/xwing/imu.linear_acceleration.x,-4.29678
1.0429745480000001,1760031249.226974548,/xwing/imu.linear_acceleration.x,-4.28697
1.049082326,1760031249.233082326,/xwing/imu.linear_acceleration.x,-4.2575400000000005
1.049099113,1760031249.233099113,/xwing/imu.linear_acceleration.x,-4.22811
1.049110615,1760031249.233110615,/xwing/imu.linear_acceleration.x,-4.237920000000001
1.049114515,1760031249.233114515,/xwing/imu.linear_acceleration.x,-4.28697
1.051869483,1760031249.235869483,/xwing/imu.linear_acceleration.x,-4.306590000000001
1.051895401,1760031249.235895401,/xwing/imu.linear_acceleration.x,-4.26735
1.051918302,1760031249.235918302,/xwing/imu.linear_acceleration.x,-4.306590000000001
1.051921805,1760031249.235921805,/xwing/imu.linear_acceleration.x,-4.34583
1.064347408,1760031249.248347408,/xwing/imu.linear_acceleration.x,-4.36545
1.064363576,1760031249.248363576,/xwing/imu.linear_acceleration.x,-4.375260000000001
1.064372006,1760031249.248372006,/xwing/imu.linear_acceleration.x,-4.394880000000001
1.064401136,1760031249.248401136,/xwing/imu.linear_acceleration.x,-4.453740000000001
1.064425878,1760031249.248425878,/xwing/imu.linear_acceleration.x,-4.463550000000001
1.064434206,1760031249.248434206,/xwing/imu.linear_acceleration.x,-4.375260000000001
1.064447498,1760031249.248447498,/xwing/imu.linear_acceleration.x,-4.2575400000000005
1.064453995,1760031249.248453995,/xwing/imu.linear_acceleration.x,-4.29678
1.064459308,1760031249.248459308,/xwing/imu.linear_acceleration.x,-4.29678
1.064467335,1760031249.248467335,/xwing/imu.linear_acceleration.x,-4.28697
1.064473409,1760031249.248473409,/xwing/imu.linear_acceleration.x,-4.179060000000001
1.064478219,1760031249.248478219,/xwing/imu.linear_acceleration.x,-4.13982
1.068554027,1760031249.252554027,/xwing/imu.linear_acceleration.x,-4.19868
1.068573851,1760031249.252573851,/xwing/imu.linear_acceleration.x,-4.22811
1.068584778,1760031249.252584778,/xwing/imu.linear_acceleration.x,-4.20849
1.068594336,1760031249.252594336,/xwing/imu.linear_acceleration.x,-4.27716
1.068828018,1760031249.252828018,/xwing/imu.linear_acceleration.x,-4.36545
1.06883189,1760031249.252831890,/xwing/imu.linear_acceleration.x,-4.35564
1.079571978,1760031249.263571978,/xwing/imu.linear_acceleration.x,-4.36545
1.079594954,1760031249.263594954,/xwing/imu.linear_acceleration.x,-4.26735
1.079607799,1760031249.263607799,/xwing/imu.linear_acceleration.x,-4.316400000000001
1.079614248,1760031249.263614248,/xwing/imu.linear_acceleration.x,-4.34583
1.079618493,1760031249.263618493,/xwing/imu.linear_acceleration.x,-4.34583
1.079622413,1760031249.263622413,/xwing/imu.linear_acceleration.x,-4.27716
1.07962769,1760031249.263627690,/xwing/imu.linear_acceleration.x,-4.29678
1.079637882,1760031249.263637882,/xwing/imu.linear_acceleration.x,-4.33602
1.082383559,1760031249.266383559,/xwing/imu.linear_acceleration.x,-4.34583
1.082389358,1760031249.266389358,/xwing/imu.linear_acceleration.x,-4.306590000000001
1.082397456,1760031249.266397456,/xwing/imu.linear_acceleration.x,-4.29678
1.082418827,1760031249.266418827,/xwing/imu.linear_acceleration.x,-4.36545
1.0824242,1760031249.266424200,/xwing/imu.linear_acceleration.x,-4.375260000000001
1.082431744,1760031249.266431744,/xwing/imu.linear_acceleration.x,-4.375260000000001
1.0868429530000001,1760031249.270842953,/xwing/imu.linear_acceleration.x,-4.36545
1.086863209,1760031249.270863209,/xwing/imu.linear_acceleration.x,-4.43412
1.101324833,1760031249.285324833,/xwing/imu.linear_acceleration.x,-4.4733600000000004
1.1013563610000001,1760031249.285356361,/xwing/imu.linear_acceleration.x,-4.522410000000001
1.101368843,1760031249.285368843,/xwing/imu.linear_acceleration.x,-4.55184
1.101440987,1760031249.285440987,/xwing/imu.linear_acceleration.x,-4.57146
1.101472436,1760031249.285472436,/xwing/imu.linear_acceleration.x,-4.6107000000000005
1.101487135,1760031249.285487135,/xwing/imu.linear_acceleration.x,-4.600890000000001
1.105806545,1760031249.289806545,/xwing/imu.linear_acceleration.x,-4.600890000000001
1.10586329,1760031249.289863290,/xwing/imu.linear_acceleration.x,-4.6107000000000005
1.105897388,1760031249.289897388,/xwing/imu.linear_acceleration.x,-4.581270000000001
1.10591707,1760031249.289917070,/xwing/imu.linear_acceleration.x,-4.55184
1.105939544,1760031249.289939544,/xwing/imu.linear_acceleration.x,-4.57146
1.105962383,1760031249.289962383,/xwing/imu.linear_acceleration.x,-4.6107000000000005
1.105976991,1760031249.289976991,/xwing/imu.linear_acceleration.x,-4.6107000000000005
1.105998307,1760031249.289998307,/xwing/imu.linear_acceleration.x,-4.581270000000001
1.106017781,1760031249.290017781,/xwing/imu.linear_acceleration.x,-4.600890000000001
1.106031942,1760031249.290031942,/xwing/imu.linear_acceleration.x,-4.68918
1.106042081,1760031249.290042081,/xwing/imu.linear_acceleration.x,-4.75785
1.106196373,1760031249.290196373,/xwing/imu.linear_acceleration.x,-4.68918
1.106208529,1760031249.290208529,/xwing/imu.linear_acceleration.x,-4.62051
1.108573867,1760031249.292573867,/xwing/imu.linear_acceleration.x,-4.649940000000001
1.108772428,1760031249.292772428,/xwing/imu.linear_acceleration.x,-4.7088
1.10879864,1760031249.292798640,/xwing/imu.linear_acceleration.x,-4.69899
1.108866317,1760031249.292866317,/xwing/imu.linear_acceleration.x,-4.581270000000001
1.1088937460000001,1760031249.292893746,/xwing/imu.linear_acceleration.x,-4.5420300000000005
1.114600672,1760031249.298600672,/xwing/imu.linear_acceleration.x,-4.62051
1.114618388,1760031249.298618388,/xwing/imu.linear_acceleration.x,-4.62051
1.114631383,1760031249.298631383,/xwing/imu.linear_acceleration.x,-4.55184
1.114657563,1760031249.298657563,/xwing/imu.linear_acceleration.x,-4.55184
1.114903199,1760031249.298903199,/xwing/imu.linear_acceleration.x,-4.591080000000001
1.125263407,1760031249.309263407,/xwing/imu.linear_acceleration.x,-4.6793700000000005
1.125286896,1760031249.309286896,/xwing/imu.linear_acceleration.x,-4.649940000000001
1.125347992,1760031249.309347992,/xwing/imu.linear_acceleration.x,-4.55184
1.125383999,1760031249.309383999,/xwing/imu.linear_acceleration.x,-4.581270000000001
1.125428076,1760031249.309428076,/xwing/imu.linear_acceleration.x,-4.63032
1.125448777,1760031249.309448777,/xwing/imu.linear_acceleration.x,-4.64013
1.125468476,1760031249.309468476,/xwing/imu.linear_acceleration.x,-4.600890000000001
1.125484773,1760031249.309484773,/xwing/imu.linear_acceleration.x,-4.57146
1.128267993,1760031249.312267993,/xwing/imu.linear_acceleration.x,-4.62051
1.128287024,1760031249.312287024,/xwing/imu.linear_acceleration.x,-4.63032
1.128302353,1760031249.312302353,/xwing/imu.linear_acceleration.x,-4.600890000000001
1.128313571,1760031249.312313571,/xwing/imu.linear_acceleration.x,-4.5420300000000005
1.128325637,1760031249.312325637,/xwing/imu.linear_acceleration.x,-4.56165
1.135011849,1760031249.319011849,/xwing/imu.linear_acceleration.x,-4.600890000000001
1.135030207,1760031249.319030207,/xwing/imu.linear_acceleration.x,-4.6107000000000005
1.135063409,1760031249.319063409,/xwing/imu.linear_acceleration.x,-4.64013
1.135083775,1760031249.319083775,/xwing/imu.linear_acceleration.x,-4.6793700000000005
1.135099432,1760031249.319099432,/xwing/imu.linear_acceleration.x,-4.75785
1.135117258,1760031249.319117258,/xwing/imu.linear_acceleration.x,-4.806900000000001
1.135135416,1760031249.319135416,/xwing/imu.linear_acceleration.x,-4.806900000000001
1.135222677,1760031249.319222677,/xwing/imu.linear_acceleration.x,-4.806900000000001
1.141639016,1760031249.325639016,/xwing/imu.linear_acceleration.x,-4.787280000000001
1.141777372,1760031249.325777372,/xwing/imu.linear_acceleration.x,-4.797090000000001
1.141917182,1760031249.325917182,/xwing/imu.linear_acceleration.x,-4.8167100000000005
1.142225327,1760031249.326225327,/xwing/imu.linear_acceleration.x,-4.855950000000001
1.142236902,1760031249.326236902,/xwing/imu.linear_acceleration.x,-4.82652
1.142271725,1760031249.326271725,/xwing/imu.linear_acceleration.x,-4.855950000000001
1.142286137,1760031249.326286137,/xwing/imu.linear_acceleration.x,-4.865760000000001
1.146882247,1760031249.330882247,/xwing/imu.linear_acceleration.x,-4.8853800000000005
1.14691147,1760031249.330911470,/xwing/imu.linear_acceleration.x,-4.875570000000001
1.146931756,1760031249.330931756,/xwing/imu.linear_acceleration.x,-4.82652
1.14694556,1760031249.330945560,/xwing/imu.linear_acceleration.x,-4.82652
1.151414216,1760031249.335414216,/xwing/imu.linear_acceleration.x,-4.875570000000001
1.151454035,1760031249.335454035,/xwing/imu.linear_acceleration.x,-4.855950000000001
1.151472647,1760031249.335472647,/xwing/imu.linear_acceleration.x,-4.865760000000001
1.155001159,1760031249.339001159,/xwing/imu.linear_acceleration.x,-4.89519
1.15504077,1760031249.339040770,/xwing/imu.linear_acceleration.x,-4.9540500000000005
1.155248533,1760031249.339248533,/xwing/imu.linear_acceleration.x,-4.97367
1.155299387,1760031249.339299387,/xwing/imu.linear_acceleration.x,-4.89519
1.15798871,1760031249.341988710,/xwing/imu.linear_acceleration.x,-4.855950000000001
1.158004465,1760031249.342004465,/xwing/imu.linear_acceleration.x,-4.865760000000001
1.158017267,1760031249.342017267,/xwing/imu.linear_acceleration.x,-4.9540500000000005
1.158040083,1760031249.342040083,/xwing/imu.linear_acceleration.x,-4.91481
1.161965186,1760031249.345965186,/xwing/imu.linear_acceleration.x,-4.91481
1.161981458,1760031249.345981458,/xwing/imu.linear_acceleration.x,-4.82652
1.162000233,1760031249.346000233,/xwing/imu.linear_acceleration.x,-4.91481
1.162017362,1760031249.346017362,/xwing/imu.linear_acceleration.x,-4.8853800000000005
1.171092074,1760031249.355092074,/xwing/imu.linear_acceleration.x,-4.84614
1.171110712,1760031249.355110712,/xwing/imu.linear_acceleration.x,-4.82652
1.171123065,1760031249.355123065,/xwing/imu.linear_acceleration.x,-4.865760000000001
1.171143731,1760031249.355143731,/xwing/imu.linear_acceleration.x,-4.8853800000000005
1.171163822,1760031249.355163822,/xwing/imu.linear_acceleration.x,-4.83633
1.175079709,1760031249.359079709,/xwing/imu.linear_acceleration.x,-4.82652
1.175112679,1760031249.359112679,/xwing/imu.linear_acceleration.x,-4.82652
1.175134396,1760031249.359134396,/xwing/imu.linear_acceleration.x,-4.905
1.175152457,1760031249.359152457,/xwing/imu.linear_acceleration.x,-4.865760000000001
1.175161255,1760031249.359161255,/xwing/imu.linear_acceleration.x,-4.89519
1.175169792,1760031249.359169792,/xwing/imu.linear_acceleration.x,-4.865760000000001
1.175220644,1760031249.359220644,/xwing/imu.linear_acceleration.x,-4.91481
1.179664643,1760031249.363664643,/xwing/imu.linear_acceleration.x,-4.905
1.179668741,1760031249.363668741,/xwing/imu.linear_acceleration.x,-4.91481
1.179673904,1760031249.363673904,/xwing/imu.linear_acceleration.x,-4.855950000000001
1.179678038,1760031249.363678038,/xwing/imu.linear_acceleration.x,-4.865760000000001
1.179681142,1760031249.363681142,/xwing/imu.linear_acceleration.x,-4.8853800000000005
1.179757286,1760031249.363757286,/xwing/imu.linear_acceleration.x,-4.8853800000000005
1.185679223,1760031249.369679223,/xwing/imu.linear_acceleration.x,-4.89519
1.185683903,1760031249.369683903,/xwing/imu.linear_acceleration.x,-4.83633
1.185687075,1760031249.369687075,/xwing/imu.linear_acceleration.x,-4.84614
1.185839163,1760031249.369839163,/xwing/imu.linear_acceleration.x,-4.905
1.185848388,1760031249.369848388,/xwing/imu.linear_acceleration.x,-4.944240000000001
1.185853389,1760031249.369853389,/xwing/imu.linear_acceleration.x,-4.944240000000001
1.18586524,1760031249.369865240,/xwing/imu.linear_acceleration.x,-4.934430000000001
1.189588389,1760031249.373588389,/xwing/imu.linear_acceleration.x,-4.9540500000000005
1.189616776,1760031249.373616776,/xwing/imu.linear_acceleration.x,-4.98348
1.1945475,1760031249.378547500,/xwing/imu.linear_acceleration.x,-5.03253
1.194552555,1760031249.378552555,/xwing/imu.linear_acceleration.x,-5.0227200000000005
1.194558366,1760031249.378558366,/xwing/imu.linear_acceleration.x,-5.081580000000001
1.194575238,1760031249.378575238,/xwing/imu.linear_acceleration.x,-5.150250000000001
1.1945796020000001,1760031249.378579602,/xwing/imu.linear_acceleration.x,-5.12082
1.1945830800000001,1760031249.378583080,/xwing/imu.linear_acceleration.x,-5.061960000000001
1.211801146,1760031249.395801146,/xwing/imu.linear_acceleration.x,-5.03253
1.211845482,1760031249.395845482,/xwing/imu.linear_acceleration.x,-5.0913900000000005
1.211857058,1760031249.395857058,/xwing/imu.linear_acceleration.x,-5.11101
1.211883546,1760031249.395883546,/xwing/imu.linear_acceleration.x,-5.081580000000001
1.211901268,1760031249.395901268,/xwing/imu.linear_acceleration.x,-5.003100000000001
1.211912372,1760031249.395912372,/xwing/imu.linear_acceleration.x,-4.98348
1.211966466,1760031249.395966466,/xwing/imu.linear_acceleration.x,-5.03253
1.211992496,1760031249.395992496,/xwing/imu.linear_acceleration.x,-4.9540500000000005
1.212014007,1760031249.396014007,/xwing/imu.linear_acceleration.x,-4.97367
1.212035064,1760031249.396035064,/xwing/imu.linear_acceleration.x,-4.993290000000001
1.221383322,1760031249.405383322,/xwing/imu.linear_acceleration.x,-5.0913900000000005
1.221416242,1760031249.405416242,/xwing/imu.linear_acceleration.x,-5.130630000000001
1.221429853,1760031249.405429853,/xwing/imu.linear_acceleration.x,-5.081580000000001
1.221452387,1760031249.405452387,/xwing/imu.linear_acceleration.x,-5.11101
1.221470094,1760031249.405470094,/xwing/imu.linear_acceleration.x,-5.1600600000000005
1.221510736,1760031249.405510736,/xwing/imu.linear_acceleration.x,-5.2287300000000005
1.221536021,1760031249.405536021,/xwing/imu.linear_acceleration.x,-5.16987
1.22156448,1760031249.405564480,/xwing/imu.linear_acceleration.x,-5.140440000000001
1.221582453,1760031249.405582453,/xwing/imu.linear_acceleration.x,-5.11101
1.22160502,1760031249.405605020,/xwing/imu.linear_acceleration.x,-5.12082
1.221617406,1760031249.405617406,/xwing/imu.linear_acceleration.x,-5.061960000000001
1.221702574,1760031249.405702574,/xwing/imu.linear_acceleration.x,-5.061960000000001
1.221766195,1760031249.405766195,/xwing/imu.linear_acceleration.x,-5.04234
1.221780348,1760031249.405780348,/xwing/imu.linear_acceleration.x,-5.071770000000001
1.222245074,1760031249.406245074,/xwing/imu.linear_acceleration.x,-5.081580000000001
1.222258997,1760031249.406258997,/xwing/imu.linear_acceleration.x,-5.03253
1.222271024,1760031249.406271024,/xwing/imu.linear_acceleration.x,-5.071770000000001
1.222283677,1760031249.406283677,/xwing/imu.linear_acceleration.x,-5.140440000000001
1.22930314,1760031249.413303140,/xwing/imu.linear_acceleration.x,-5.18949
1.229316808,1760031249.413316808,/xwing/imu.linear_acceleration.x,-5.267970000000001
1.22934347,1760031249.413343470,/xwing/imu.linear_acceleration.x,-5.31702
1.2293560860000001,1760031249.413356086,/xwing/imu.linear_acceleration.x,-5.32683
1.229367758,1760031249.413367758,/xwing/imu.linear_acceleration.x,-5.30721
1.229448064,1760031249.413448064,/xwing/imu.linear_acceleration.x,-5.2974000000000006
1.2480215860000001,1760031249.432021586,/xwing/imu.linear_acceleration.x,-5.2974000000000006
1.248031876,1760031249.432031876,/xwing/imu.linear_acceleration.x,-5.366070000000001
1.248042955,1760031249.432042955,/xwing/imu.linear_acceleration.x,-5.346450000000001
1.248088763,1760031249.432088763,/xwing/imu.linear_acceleration.x,-5.30721
1.24814342,1760031249.432143420,/xwing/imu.linear_acceleration.x,-5.346450000000001
1.248170865,1760031249.432170865,/xwing/imu.linear_acceleration.x,-5.366070000000001
1.248187349,1760031249.432187349,/xwing/imu.linear_acceleration.x,-5.356260000000001
1.248208185,1760031249.432208185,/xwing/imu.linear_acceleration.x,-5.346450000000001
1.248226825,1760031249.432226825,/xwing/imu.linear_acceleration.x,-5.37588
1.248235464,1760031249.432235464,/xwing/imu.linear_acceleration.x,-5.415120000000001
1.248381726,1760031249.432381726,/xwing/imu.linear_acceleration.x,-5.45436
1.248439381,1760031249.432439381,/xwing/imu.linear_acceleration.x,-5.356260000000001
1.248458745,1760031249.432458745,/xwing/imu.linear_acceleration.x,-5.356260000000001
1.248472725,1760031249.432472725,/xwing/imu.linear_acceleration.x,-5.434740000000001
1.24851136,1760031249.432511360,/xwing/imu.linear_acceleration.x,-5.53284
1.248530172,1760031249.432530172,/xwing/imu.linear_acceleration.x,-5.572080000000001
1.248548259,1760031249.432548259,/xwing/imu.linear_acceleration.x,-5.552460000000001
1.248639105,1760031249.432639105,/xwing/imu.linear_acceleration.x,-5.60151
1.248771749,1760031249.432771749,/xwing/imu.linear_acceleration.x,-5.630940000000001
1.258794125,1760031249.442794125,/xwing/imu.linear_acceleration.x,-5.621130000000001
1.258811724,1760031249.442811724,/xwing/imu.linear_acceleration.x,-5.503410000000001
1.2588499419999999,1760031249.442849942,/xwing/imu.linear_acceleration.x,-5.52303
1.25890261,1760031249.442902610,/xwing/imu.linear_acceleration.x,-5.5132200000000005
1.2589209430000001,1760031249.442920943,/xwing/imu.linear_acceleration.x,-5.52303
1.258937547,1760031249.442937547,/xwing/imu.linear_acceleration.x,-5.415120000000001
1.258951027,1760031249.442951027,/xwing/imu.linear_acceleration.x,-5.336640000000001
1.258965005,1760031249.442965005,/xwing/imu.linear_acceleration.x,-5.38569
1.259779056,1760031249.443779056,/xwing/imu.linear_acceleration.x,-5.415120000000001
1.25980354,1760031249.443803540,/xwing/imu.linear_acceleration.x,-5.434740000000001
1.259827827,1760031249.443827827,/xwing/imu.linear_acceleration.x,-5.46417
1.2598560619999999,1760031249.443856062,/xwing/imu.linear_acceleration.x,-5.5132200000000005
1.291703745,1760031249.475703745,/xwing/imu.linear_acceleration.x,-5.542650000000001
1.29171511,1760031249.475715110,/xwing/imu.linear_acceleration.x,-5.53284
1.291723059,1760031249.475723059,/xwing/imu.linear_acceleration.x,-5.46417
1.291896954,1760031249.475896954,/xwing/imu.linear_acceleration.x,-5.493600000000001
1.291918141,1760031249.475918141,/xwing/imu.linear_acceleration.x,-5.53284
1.291933052,1760031249.475933052,/xwing/imu.linear_acceleration.x,-5.493600000000001
1.2919480110000001,1760031249.475948011,/xwing/imu.linear_acceleration.x,-5.4445500000000004
1.291964518,1760031249.475964518,/xwing/imu.linear_acceleration.x,-5.424930000000001
1.292003792,1760031249.476003792,/xwing/imu.linear_acceleration.x,-5.415120000000001
1.292035883,1760031249.476035883,/xwing/imu.linear_acceleration.x,-5.415120000000001
1.2920554530000001,1760031249.476055453,/xwing/imu.linear_acceleration.x,-5.3955
1.292072578,1760031249.476072578,/xwing/imu.linear_acceleration.x,-5.37588
1.29209281,1760031249.476092810,/xwing/imu.linear_acceleration.x,-5.4445500000000004
1.29210723,1760031249.476107230,/xwing/imu.linear_acceleration.x,-5.4445500000000004
1.2921195810000001,1760031249.476119581,/xwing/imu.linear_acceleration.x,-5.46417
1.292150417,1760031249.476150417,/xwing/imu.linear_acceleration.x,-5.473980000000001
1.292185069,1760031249.476185069,/xwing/imu.linear_acceleration.x,-5.53284
1.29220055,1760031249.476200550,/xwing/imu.linear_acceleration.x,-5.52303
1.29221506,1760031249.476215060,/xwing/imu.linear_acceleration.x,-5.572080000000001
1.2922277229999999,1760031249.476227723,/xwing/imu.linear_acceleration.x,-5.572080000000001
1.2922414770000001,1760031249.476241477,/xwing/imu.linear_acceleration.x,-5.5917
1.292312501,1760031249.476312501,/xwing/imu.linear_acceleration.x,-5.5917
1.292336009,1760031249.476336009,/xwing/imu.linear_acceleration.x,-5.562270000000001
1.292347869,1760031249.476347869,/xwing/imu.linear_acceleration.x,-5.5917
1.2923659170000001,1760031249.476365917,/xwing/imu.linear_acceleration.x,-5.5818900000000005
1.29238814,1760031249.476388140,/xwing/imu.linear_acceleration.x,-5.621130000000001
1.292423124,1760031249.476423124,/xwing/imu.linear_acceleration.x,-5.5818900000000005
1.292437239,1760031249.476437239,/xwing/imu.linear_acceleration.x,-5.640750000000001
1.292452572,1760031249.476452572,/xwing/imu.linear_acceleration.x,-5.689800000000001
1.292477313,1760031249.476477313,/xwing/imu.linear_acceleration.x,-5.679990000000001
1.296220558,1760031249.480220558,/xwing/imu.linear_acceleration.x,-5.679990000000001
1.296237803,1760031249.480237803,/xwing/imu.linear_acceleration.x,-5.67018
1.296265413,1760031249.480265413,/xwing/imu.linear_acceleration.x,-5.7192300000000005
1.296291057,1760031249.480291057,/xwing/imu.linear_acceleration.x,-5.73885
1.296314384,1760031249.480314384,/xwing/imu.linear_acceleration.x,-5.73885
1.296336283,1760031249.480336283,/xwing/imu.linear_acceleration.x,-5.80752
1.296350181,1760031249.480350181,/xwing/imu.linear_acceleration.x,-5.827140000000001
1.310390493,1760031249.494390493,/xwing/imu.linear_acceleration.x,-5.846760000000001
1.310414691,1760031249.494414691,/xwing/imu.linear_acceleration.x,-5.836950000000001
1.310506876,1760031249.494506876,/xwing/imu.linear_acceleration.x,-5.87619
1.310549744,1760031249.494549744,/xwing/imu.linear_acceleration.x,-5.886000000000001
1.3105770429999999,1760031249.494577043,/xwing/imu.linear_acceleration.x,-5.915430000000001
1.310591571,1760031249.494591571,/xwing/imu.linear_acceleration.x,-5.79771
1.310628482,1760031249.494628482,/xwing/imu.linear_acceleration.x,-5.778090000000001
1.310648166,1760031249.494648166,/xwing/imu.linear_acceleration.x,-5.7879000000000005
1.3106746820000001,1760031249.494674682,/xwing/imu.linear_acceleration.x,-5.768280000000001
1.310690244,1760031249.494690244,/xwing/imu.linear_acceleration.x,-5.748660000000001
1.310707896,1760031249.494707896,/xwing/imu.linear_acceleration.x,-5.709420000000001
1.310729078,1760031249.494729078,/xwing/imu.linear_acceleration.x,-5.699610000000001
1.310755978,1760031249.494755978,/xwing/imu.linear_acceleration.x,-5.758470000000001
1.322198338,1760031249.506198338,/xwing/imu.linear_acceleration.x,-5.679990000000001
1.322219968,1760031249.506219968,/xwing/imu.linear_acceleration.x,-5.689800000000001
1.322266035,1760031249.506266035,/xwing/imu.linear_acceleration.x,-5.748660000000001
1.322366823,1760031249.506366823,/xwing/imu.linear_acceleration.x,-5.72904
1.322484195,1760031249.506484195,/xwing/imu.linear_acceleration.x,-5.73885
1.322503779,1760031249.506503779,/xwing/imu.linear_acceleration.x,-5.6505600000000005
1.322541539,1760031249.506541539,/xwing/imu.linear_acceleration.x,-5.679990000000001
1.322574731,1760031249.506574731,/xwing/imu.linear_acceleration.x,-5.709420000000001
1.322603008,1760031249.506603008,/xwing/imu.linear_acceleration.x,-5.67018
1.329147832,1760031249.513147832,/xwing/imu.linear_acceleration.x,-5.66037
1.329158232,1760031249.513158232,/xwing/imu.linear_acceleration.x,-5.66037
1.329183909,1760031249.513183909,/xwing/imu.linear_acceleration.x,-5.679990000000001
1.329239864,1760031249.513239864,/xwing/imu.linear_acceleration.x,-5.699610000000001
1.329254417,1760031249.513254417,/xwing/imu.linear_acceleration.x,-5.6505600000000005
1.329265816,1760031249.513265816,/xwing/imu.linear_acceleration.x,-5.66037
1.329303554,1760031249.513303554,/xwing/imu.linear_acceleration.x,-5.758470000000001
1.336852342,1760031249.520852342,/xwing/imu.linear_acceleration.x,-5.7879000000000005
1.336877016,1760031249.520877016,/xwing/imu.linear_acceleration.x,-5.7879000000000005
1.3369023100000001,1760031249.520902310,/xwing/imu.linear_acceleration.x,-5.768280000000001
1.336906932,1760031249.520906932,/xwing/imu.linear_acceleration.x,-5.768280000000001
1.336911843,1760031249.520911843,/xwing/imu.linear_acceleration.x,-5.817330000000001
1.336915998,1760031249.520915998,/xwing/imu.linear_acceleration.x,-5.846760000000001
1.336941834,1760031249.520941834,/xwing/imu.linear_acceleration.x,-5.7879000000000005
1.3369452640000001,1760031249.520945264,/xwing/imu.linear_acceleration.x,-5.846760000000001
1.336956631,1760031249.520956631,/xwing/imu.linear_acceleration.x,-5.86638
1.336966435,1760031249.520966435,/xwing/imu.linear_acceleration.x,-5.827140000000001
1.345031656,1760031249.529031656,/xwing/imu.linear_acceleration.x,-5.80752
1.34507371,1760031249.529073710,/xwing/imu.linear_acceleration.x,-5.8565700000000005
1.345106947,1760031249.529106947,/xwing/imu.linear_acceleration.x,-5.94486
1.345123384,1760031249.529123384,/xwing/imu.linear_acceleration.x,-6.00372
1.345137328,1760031249.529137328,/xwing/imu.linear_acceleration.x,-5.964480000000001
1.34516668,1760031249.529166680,/xwing/imu.linear_acceleration.x,-5.94486
1.346884498,1760031249.530884498,/xwing/imu.linear_acceleration.x,-5.9939100000000005
1.346904482,1760031249.530904482,/xwing/imu.linear_acceleration.x,-6.052770000000001
1.346921018,1760031249.530921018,/xwing/imu.linear_acceleration.x,-6.033150000000001
1.346943378,1760031249.530943378,/xwing/imu.linear_acceleration.x,-6.042960000000001
1.351026648,1760031249.535026648,/xwing/imu.linear_acceleration.x,-6.0625800000000005
1.35106985,1760031249.535069850,/xwing/imu.linear_acceleration.x,-6.07239
1.351084443,1760031249.535084443,/xwing/imu.linear_acceleration.x,-6.0625800000000005
1.351096577,1760031249.535096577,/xwing/imu.linear_acceleration.x,-6.00372
1.356071247,1760031249.540071247,/xwing/imu.linear_acceleration.x,-6.042960000000001
1.356089424,1760031249.540089424,/xwing/imu.linear_acceleration.x,-6.0822
1.356106063,1760031249.540106063,/xwing/imu.linear_acceleration.x,-6.0625800000000005
1.356360223,1760031249.540360223,/xwing/imu.linear_acceleration.x,-6.01353
1.361635922,1760031249.545635922,/xwing/imu.linear_acceleration.x,-6.023340000000001
1.361697775,1760031249.545697775,/xwing/imu.linear_acceleration.x,-6.07239
1.361776984,1760031249.545776984,/xwing/imu.linear_acceleration.x,-6.111630000000001
1.361789364,1760031249.545789364,/xwing/imu.linear_acceleration.x,-6.111630000000001
1.361799499,1760031249.545799499,/xwing/imu.linear_acceleration.x,-6.1312500000000005
1.3618310550000001,1760031249.545831055,/xwing/imu.linear_acceleration.x,-6.1999200000000005
1.361858055,1760031249.545858055,/xwing/imu.linear_acceleration.x,-6.239160000000001
1.361896311,1760031249.545896311,/xwing/imu.linear_acceleration.x,-6.21954
1.374281693,1760031249.558281693,/xwing/imu.linear_acceleration.x,-6.1999200000000005
1.374304832,1760031249.558304832,/xwing/imu.linear_acceleration.x,-6.170490000000001
1.3743122730000001,1760031249.558312273,/xwing/imu.linear_acceleration.x,-6.15087
1.374320269,1760031249.558320269,/xwing/imu.linear_acceleration.x,-6.111630000000001
1.3743820310000001,1760031249.558382031,/xwing/imu.linear_acceleration.x,-6.0822
1.37442026,1760031249.558420260,/xwing/imu.linear_acceleration.x,-6.07239
1.3744421660000001,1760031249.558442166,/xwing/imu.linear_acceleration.x,-6.07239
1.374460978,1760031249.558460978,/xwing/imu.linear_acceleration.x,-6.042960000000001
1.374721209,1760031249.558721209,/xwing/imu.linear_acceleration.x,-6.0625800000000005
1.374745721,1760031249.558745721,/xwing/imu.linear_acceleration.x,-6.0625800000000005
1.374852905,1760031249.558852905,/xwing/imu.linear_acceleration.x,-6.111630000000001
1.374872376,1760031249.558872376,/xwing/imu.linear_acceleration.x,-6.190110000000001
1.3972517880000002,1760031249.581251788,/xwing/imu.linear_acceleration.x,-6.190110000000001
1.397289282,1760031249.581289282,/xwing/imu.linear_acceleration.x,-6.21954
1.397308865,1760031249.581308865,/xwing/imu.linear_acceleration.x,-6.248970000000001
1.39736934,1760031249.581369340,/xwing/imu.linear_acceleration.x,-6.21954
1.400909623,1760031249.584909623,/xwing/imu.linear_acceleration.x,-6.248970000000001
1.400919901,1760031249.584919901,/xwing/imu.linear_acceleration.x,-6.298020000000001
1.4009316040000002,1760031249.584931604,/xwing/imu.linear_acceleration.x,-6.298020000000001
1.400963762,1760031249.584963762,/xwing/imu.linear_acceleration.x,-6.307830000000001
1.400982268,1760031249.584982268,/xwing/imu.linear_acceleration.x,-6.28821
1.4010339950000001,1760031249.585033995,/xwing/imu.linear_acceleration.x,-6.307830000000001
1.401050173,1760031249.585050173,/xwing/imu.linear_acceleration.x,-6.337260000000001
1.4010637780000001,1760031249.585063778,/xwing/imu.linear_acceleration.x,-6.337260000000001
1.401177332,1760031249.585177332,/xwing/imu.linear_acceleration.x,-6.35688
1.401203152,1760031249.585203152,/xwing/imu.linear_acceleration.x,-6.42555
1.401235733,1760031249.585235733,/xwing/imu.linear_acceleration.x,-6.454980000000001
1.401254802,1760031249.585254802,/xwing/imu.linear_acceleration.x,-6.4844100000000005
1.401268425,1760031249.585268425,/xwing/imu.linear_acceleration.x,-6.49422
1.401369435,1760031249.585369435,/xwing/imu.linear_acceleration.x,-6.56289
1.401417294,1760031249.585417294,/xwing/imu.linear_acceleration.x,-6.602130000000001
1.401444465,1760031249.585444465,/xwing/imu.linear_acceleration.x,-6.6217500000000005
1.401461807,1760031249.585461807,/xwing/imu.linear_acceleration.x,-6.602130000000001
1.401475057,1760031249.585475057,/xwing/imu.linear_acceleration.x,-6.63156
1.401488987,1760031249.585488987,/xwing/imu.linear_acceleration.x,-6.70023
1.401609845,1760031249.585609845,/xwing/imu.linear_acceleration.x,-6.719850000000001
1.401621966,1760031249.585621966,/xwing/imu.linear_acceleration.x,-6.670800000000001
1.401633049,1760031249.585633049,/xwing/imu.linear_acceleration.x,-6.641370000000001
1.401659831,1760031249.585659831,/xwing/imu.linear_acceleration.x,-6.739470000000001
1.415426816,1760031249.599426816,/xwing/imu.linear_acceleration.x,-6.749280000000001
1.415481706,1760031249.599481706,/xwing/imu.linear_acceleration.x,-6.6904200000000005
1.415534454,1760031249.599534454,/xwing/imu.linear_acceleration.x,-6.611940000000001
1.415550082,1760031249.599550082,/xwing/imu.linear_acceleration.x,-6.660990000000001
1.415563125,1760031249.599563125,/xwing/imu.linear_acceleration.x,-6.729660000000001
1.415615891,1760031249.599615891,/xwing/imu.linear_acceleration.x,-6.710040000000001
1.415628691,1760031249.599628691,/xwing/imu.linear_acceleration.x,-6.641370000000001
1.415642144,1760031249.599642144,/xwing/imu.linear_acceleration.x,-6.6904200000000005
1.419749275,1760031249.603749275,/xwing/imu.linear_acceleration.x,-6.7689
1.419764667,1760031249.603764667,/xwing/imu.linear_acceleration.x,-6.788520000000001
1.4197840369999999,1760031249.603784037,/xwing/imu.linear_acceleration.x,-6.7689
1.419799728,1760031249.603799728,/xwing/imu.linear_acceleration.x,-6.70023
1.419843644,1760031249.603843644,/xwing/imu.linear_acceleration.x,-6.7590900000000005
1.42743341,1760031249.611433410,/xwing/imu.linear_acceleration.x,-6.749280000000001
1.427457272,1760031249.611457272,/xwing/imu.linear_acceleration.x,-6.660990000000001
1.42747003,1760031249.611470030,/xwing/imu.linear_acceleration.x,-6.592320000000001
1.427481491,1760031249.611481491,/xwing/imu.linear_acceleration.x,-6.582510000000001
1.427490626,1760031249.611490626,/xwing/imu.linear_acceleration.x,-6.670800000000001
1.427534815,1760031249.611534815,/xwing/imu.linear_acceleration.x,-6.63156
1.43062337,1760031249.614623370,/xwing/imu.linear_acceleration.x,-6.543270000000001
1.430648806,1760031249.614648806,/xwing/imu.linear_acceleration.x,-6.543270000000001
1.43074003,1760031249.614740030,/xwing/imu.linear_acceleration.x,-6.6217500000000005
1.430756839,1760031249.614756839,/xwing/imu.linear_acceleration.x,-6.63156
1.430765546,1760031249.614765546,/xwing/imu.linear_acceleration.x,-6.592320000000001
1.4307768,1760031249.614776800,/xwing/imu.linear_acceleration.x,-6.572700000000001
1.430785658,1760031249.614785658,/xwing/imu.linear_acceleration.x,-6.651180000000001
1.430791903,1760031249.614791903,/xwing/imu.linear_acceleration.x,-6.739470000000001
1.430799461,1760031249.614799461,/xwing/imu.linear_acceleration.x,-6.70023
1.430806566,1760031249.614806566,/xwing/imu.linear_acceleration.x,-6.710040000000001
1.430947824,1760031249.614947824,/xwing/imu.linear_acceleration.x,-6.719850000000001
1.4361400720000002,1760031249.620140072,/xwing/imu.linear_acceleration.x,-6.817950000000001
1.436163185,1760031249.620163185,/xwing/imu.linear_acceleration.x,-6.778710000000001
1.436168813,1760031249.620168813,/xwing/imu.linear_acceleration.x,-6.710040000000001
1.436208759,1760031249.620208759,/xwing/imu.linear_acceleration.x,-6.651180000000001
1.441592252,1760031249.625592252,/xwing/imu.linear_acceleration.x,-6.710040000000001
1.441597608,1760031249.625597608,/xwing/imu.linear_acceleration.x,-6.729660000000001
1.441612464,1760031249.625612464,/xwing/imu.linear_acceleration.x,-6.70023
1.44162267,1760031249.625622670,/xwing/imu.linear_acceleration.x,-6.6904200000000005
1.441631885,1760031249.625631885,/xwing/imu.linear_acceleration.x,-6.749280000000001
1.444676158,1760031249.628676158,/xwing/imu.linear_acceleration.x,-6.8277600000000005
1.4446824600000001,1760031249.628682460,/xwing/imu.linear_acceleration.x,-6.817950000000001
1.4446864430000002,1760031249.628686443,/xwing/imu.linear_acceleration.x,-6.847380000000001
1.444769713,1760031249.628769713,/xwing/imu.linear_acceleration.x,-6.90624
1.444776,1760031249.628776000,/xwing/imu.linear_acceleration.x,-7.053390000000001
1.45428551,1760031249.638285510,/xwing/imu.linear_acceleration.x,-7.0337700000000005
1.454293115,1760031249.638293115,/xwing/imu.linear_acceleration.x,-6.994530000000001
1.454297809,1760031249.638297809,/xwing/imu.linear_acceleration.x,-7.023960000000001
1.4543104150000001,1760031249.638310415,/xwing/imu.linear_acceleration.x,-7.082820000000001
1.4543606900000001,1760031249.638360690,/xwing/imu.linear_acceleration.x,-7.11225
1.454366662,1760031249.638366662,/xwing/imu.linear_acceleration.x,-7.092630000000001
1.454373675,1760031249.638373675,/xwing/imu.linear_acceleration.x,-6.984720000000001
1.454397171,1760031249.638397171,/xwing/imu.linear_acceleration.x,-6.916050000000001
1.454402454,1760031249.638402454,/xwing/imu.linear_acceleration.x,-6.886620000000001
1.458934126,1760031249.642934126,/xwing/imu.linear_acceleration.x,-6.729660000000001
1.4589393290000001,1760031249.642939329,/xwing/imu.linear_acceleration.x,-6.729660000000001
1.458971046,1760031249.642971046,/xwing/imu.linear_acceleration.x,-6.778710000000001
1.458978525,1760031249.642978525,/xwing/imu.linear_acceleration.x,-6.788520000000001
1.458985868,1760031249.642985868,/xwing/imu.linear_acceleration.x,-6.7590900000000005
1.458993098,1760031249.642993098,/xwing/imu.linear_acceleration.x,-6.739470000000001
1.464444858,1760031249.648444858,/xwing/imu.linear_acceleration.x,-6.847380000000001
1.464449336,1760031249.648449336,/xwing/imu.linear_acceleration.x,-6.955290000000001
1.464453213,1760031249.648453213,/xwing/imu.linear_acceleration.x,-7.014150000000001
1.464472778,1760031249.648472778,/xwing/imu.linear_acceleration.x,-7.063200000000001
1.468674241,1760031249.652674241,/xwing/imu.linear_acceleration.x,-7.082820000000001
1.468680067,1760031249.652680067,/xwing/imu.linear_acceleration.x,-7.092630000000001
1.468686251,1760031249.652686251,/xwing/imu.linear_acceleration.x,-7.063200000000001
1.468702245,1760031249.652702245,/xwing/imu.linear_acceleration.x,-6.994530000000001
1.4749852300000001,1760031249.658985230,/xwing/imu.linear_acceleration.x,-6.994530000000001
1.474990802,1760031249.658990802,/xwing/imu.linear_acceleration.x,-7.014150000000001
1.474996828,1760031249.658996828,/xwing/imu.linear_acceleration.x,-6.935670000000001
1.475001599,1760031249.659001599,/xwing/imu.linear_acceleration.x,-6.90624
1.480675639,1760031249.664675639,/xwing/imu.linear_acceleration.x,-6.867000000000001
1.480679708,1760031249.664679708,/xwing/imu.linear_acceleration.x,-6.90624
1.480689165,1760031249.664689165,/xwing/imu.linear_acceleration.x,-6.9651000000000005
1.4806951910000001,1760031249.664695191,/xwing/imu.linear_acceleration.x,-7.004340000000001
1.480700555,1760031249.664700555,/xwing/imu.linear_acceleration.x,-7.082820000000001
1.480705837,1760031249.664705837,/xwing/imu.linear_acceleration.x,-7.11225
1.4807108100000002,1760031249.664710810,/xwing/imu.linear_acceleration.x,-7.18092
1.48457276,1760031249.668572760,/xwing/imu.linear_acceleration.x,-7.259400000000001
1.484577737,1760031249.668577737,/xwing/imu.linear_acceleration.x,-7.31826
1.484582768,1760031249.668582768,/xwing/imu.linear_acceleration.x,-7.367310000000001
1.4845891930000001,1760031249.668589193,/xwing/imu.linear_acceleration.x,-7.377120000000001
1.484592898,1760031249.668592898,/xwing/imu.linear_acceleration.x,-7.377120000000001
1.4888834420000001,1760031249.672883442,/xwing/imu.linear_acceleration.x,-7.377120000000001
1.488890308,1760031249.672890308,/xwing/imu.linear_acceleration.x,-7.377120000000001
1.488893936,1760031249.672893936,/xwing/imu.linear_acceleration.x,-7.367310000000001
1.488913044,1760031249.672913044,/xwing/imu.linear_acceleration.x,-7.328070000000001
1.488945008,1760031249.672945008,/xwing/imu.linear_acceleration.x,-7.328070000000001
1.488964063,1760031249.672964063,/xwing/imu.linear_acceleration.x,-7.367310000000001
1.493315049,1760031249.677315049,/xwing/imu.linear_acceleration.x,-7.337880000000001
1.493322528,1760031249.677322528,/xwing/imu.linear_acceleration.x,-7.357500000000001
1.493327013,1760031249.677327013,/xwing/imu.linear_acceleration.x,-7.416360000000001
1.49334269,1760031249.677342690,/xwing/imu.linear_acceleration.x,-7.4556000000000004
1.50100623,1760031249.685006230,/xwing/imu.linear_acceleration.x,-7.485030000000001
1.501011646,1760031249.685011646,/xwing/imu.linear_acceleration.x,-7.475220000000001
1.50101628,1760031249.685016280,/xwing/imu.linear_acceleration.x,-7.494840000000001
1.501025452,1760031249.685025452,/xwing/imu.linear_acceleration.x,-7.534080000000001
1.503615002,1760031249.687615002,/xwing/imu.linear_acceleration.x,-7.553700000000001
1.50364187,1760031249.687641870,/xwing/imu.linear_acceleration.x,-7.5242700000000005
1.5036597120000001,1760031249.687659712,/xwing/imu.linear_acceleration.x,-7.504650000000001
1.5036658809999999,1760031249.687665881,/xwing/imu.linear_acceleration.x,-7.504650000000001
1.5082016440000001,1760031249.692201644,/xwing/imu.linear_acceleration.x,-7.475220000000001
1.5082345560000001,1760031249.692234556,/xwing/imu.linear_acceleration.x,-7.416360000000001
1.508256217,1760031249.692256217,/xwing/imu.linear_acceleration.x,-7.367310000000001
1.508275035,1760031249.692275035,/xwing/imu.linear_acceleration.x,-7.367310000000001
1.50832093,1760031249.692320930,/xwing/imu.linear_acceleration.x,-7.396740000000001
1.513056173,1760031249.697056173,/xwing/imu.linear_acceleration.x,-7.328070000000001
1.513187003,1760031249.697187003,/xwing/imu.linear_acceleration.x,-7.288830000000001
1.5133011660000002,1760031249.697301166,/xwing/imu.linear_acceleration.x,-7.259400000000001
1.513327988,1760031249.697327988,/xwing/imu.linear_acceleration.x,-7.31826
1.518379243,1760031249.702379243,/xwing/imu.linear_acceleration.x,-7.328070000000001
1.518403404,1760031249.702403404,/xwing/imu.linear_acceleration.x,-7.259400000000001
1.518419862,1760031249.702419862,/xwing/imu.linear_acceleration.x,-7.229970000000001
1.518435548,1760031249.702435548,/xwing/imu.linear_acceleration.x,-7.2397800000000005
1.518446871,1760031249.702446871,/xwing/imu.linear_acceleration.x,-7.24959
1.518483925,1760031249.702483925,/xwing/imu.linear_acceleration.x,-7.200540000000001
1.5185458390000002,1760031249.702545839,/xwing/imu.linear_acceleration.x,-7.131870000000001
1.5235532200000002,1760031249.707553220,/xwing/imu.linear_acceleration.x,-7.122060000000001
1.523561677,1760031249.707561677,/xwing/imu.linear_acceleration.x,-7.092630000000001
1.523567963,1760031249.707567963,/xwing/imu.linear_acceleration.x,-7.04358
1.523599328,1760031249.707599328,/xwing/imu.linear_acceleration.x,-6.994530000000001
1.5236210479999999,1760031249.707621048,/xwing/imu.linear_acceleration.x,-7.014150000000001
1.530159194,1760031249.714159194,/xwing/imu.linear_acceleration.x,-7.082820000000001
1.530198311,1760031249.714198311,/xwing/imu.linear_acceleration.x,-7.1024400000000005
1.530297403,1760031249.714297403,/xwing/imu.linear_acceleration.x,-7.073010000000001
1.530311081,1760031249.714311081,/xwing/imu.linear_acceleration.x,-7.082820000000001
1.5323908720000001,1760031249.716390872,/xwing/imu.linear_acceleration.x,-7.131870000000001
1.532446741,1760031249.716446741,/xwing/imu.linear_acceleration.x,-7.141680000000001
1.5324604160000002,1760031249.716460416,/xwing/imu.linear_acceleration.x,-7.11225
1.532491166,1760031249.716491166,/xwing/imu.linear_acceleration.x,-7.053390000000001
1.5359951500000002,1760031249.719995150,/xwing/imu.linear_acceleration.x,-7.053390000000001
1.536202657,1760031249.720202657,/xwing/imu.linear_acceleration.x,-7.063200000000001
1.5362292270000002,1760031249.720229227,/xwing/imu.linear_acceleration.x,-7.0337700000000005
1.536247901,1760031249.720247901,/xwing/imu.linear_acceleration.x,-6.9651000000000005
1.536285608,1760031249.720285608,/xwing/imu.linear_acceleration.x,-7.014150000000001
1.540797497,1760031249.724797497,/xwing/imu.linear_acceleration.x,-7.092630000000001
1.540826047,1760031249.724826047,/xwing/imu.linear_acceleration.x,-7.131870000000001
1.5408444540000001,1760031249.724844454,/xwing/imu.linear_acceleration.x,-7.11225
1.546829126,1760031249.730829126,/xwing/imu.linear_acceleration.x,-7.141680000000001
1.5469683820000002,1760031249.730968382,/xwing/imu.linear_acceleration.x,-7.200540000000001
1.5469967100000002,1760031249.730996710,/xwing/imu.linear_acceleration.x,-7.229970000000001
1.547013545,1760031249.731013545,/xwing/imu.linear_acceleration.x,-7.210350000000001
1.5470495610000001,1760031249.731049561,/xwing/imu.linear_acceleration.x,-7.190730000000001
1.547073948,1760031249.731073948,/xwing/imu.linear_acceleration.x,-7.2397800000000005
1.550855471,1760031249.734855471,/xwing/imu.linear_acceleration.x,-7.220160000000001
1.550887796,1760031249.734887796,/xwing/imu.linear_acceleration.x,-7.210350000000001
1.5509158410000001,1760031249.734915841,/xwing/imu.linear_acceleration.x,-7.161300000000001
1.5509433590000001,1760031249.734943359,/xwing/imu.linear_acceleration.x,-7.18092
1.556740468,1760031249.740740468,/xwing/imu.linear_acceleration.x,-7.18092
1.556768397,1760031249.740768397,/xwing/imu.linear_acceleration.x,-7.141680000000001
1.5567999970000002,1760031249.740799997,/xwing/imu.linear_acceleration.x,-7.04358
1.556849182,1760031249.740849182,/xwing/imu.linear_acceleration.x,-7.023960000000001
1.556870969,1760031249.740870969,/xwing/imu.linear_acceleration.x,-7.053390000000001
1.5568861630000002,1760031249.740886163,/xwing/imu.linear_acceleration.x,-7.004340000000001
1.562216196,1760031249.746216196,/xwing/imu.linear_acceleration.x,-6.935670000000001
1.562233666,1760031249.746233666,/xwing/imu.linear_acceleration.x,-6.90624
1.562316167,1760031249.746316167,/xwing/imu.linear_acceleration.x,-6.9651000000000005
1.562356301,1760031249.746356301,/xwing/imu.linear_acceleration.x,-7.014150000000001
1.567389989,1760031249.751389989,/xwing/imu.linear_acceleration.x,-6.945480000000001
1.567401598,1760031249.751401598,/xwing/imu.linear_acceleration.x,-6.935670000000001
1.567427405,1760031249.751427405,/xwing/imu.linear_acceleration.x,-6.916050000000001
1.5674455850000002,1760031249.751445585,/xwing/imu.linear_acceleration.x,-6.925860000000001
1.56745771,1760031249.751457710,/xwing/imu.linear_acceleration.x,-6.867000000000001
1.567549533,1760031249.751549533,/xwing/imu.linear_acceleration.x,-6.788520000000001
1.5706190530000002,1760031249.754619053,/xwing/imu.linear_acceleration.x,-6.7689
1.570635261,1760031249.754635261,/xwing/imu.linear_acceleration.x,-6.7689
1.570668277,1760031249.754668277,/xwing/imu.linear_acceleration.x,-6.749280000000001
1.570690369,1760031249.754690369,/xwing/imu.linear_acceleration.x,-6.670800000000001
1.572318413,1760031249.756318413,/xwing/imu.linear_acceleration.x,-6.651180000000001
1.572335276,1760031249.756335276,/xwing/imu.linear_acceleration.x,-6.6217500000000005
1.5819415060000002,1760031249.765941506,/xwing/imu.linear_acceleration.x,-6.641370000000001
1.5819628510000001,1760031249.765962851,/xwing/imu.linear_acceleration.x,-6.572700000000001
1.5820012650000002,1760031249.766001265,/xwing/imu.linear_acceleration.x,-6.454980000000001
1.5820186569999999,1760031249.766018657,/xwing/imu.linear_acceleration.x,-6.42555
1.582029509,1760031249.766029509,/xwing/imu.linear_acceleration.x,-6.523650000000001
1.58203855,1760031249.766038550,/xwing/imu.linear_acceleration.x,-6.739470000000001
1.582209851,1760031249.766209851,/xwing/imu.linear_acceleration.x,-6.925860000000001
1.582220253,1760031249.766220253,/xwing/imu.linear_acceleration.x,-6.916050000000001
1.5862239150000002,1760031249.770223915,/xwing/imu.linear_acceleration.x,-6.749280000000001
1.586235599,1760031249.770235599,/xwing/imu.linear_acceleration.x,-6.543270000000001
1.586246301,1760031249.770246301,/xwing/imu.linear_acceleration.x,-6.523650000000001
1.586270472,1760031249.770270472,/xwing/imu.linear_acceleration.x,-6.719850000000001
1.586289238,1760031249.770289238,/xwing/imu.linear_acceleration.x,-6.935670000000001
1.58630694,1760031249.770306940,/xwing/imu.linear_acceleration.x,-7.04358
1.586330575,1760031249.770330575,/xwing/imu.linear_acceleration.x,-7.0337700000000005
1.590094234,1760031249.774094234,/xwing/imu.linear_acceleration.x,-6.97491
1.59015755,1760031249.774157550,/xwing/imu.linear_acceleration.x,-6.8277600000000005
1.590263705,1760031249.774263705,/xwing/imu.linear_acceleration.x,-6.83757
1.590355065,1760031249.774355065,/xwing/imu.linear_acceleration.x,-6.925860000000001
1.59891596,1760031249.782915960,/xwing/imu.linear_acceleration.x,-7.023960000000001
1.598931797,1760031249.782931797,/xwing/imu.linear_acceleration.x,-7.1024400000000005
1.598957361,1760031249.782957361,/xwing/imu.linear_acceleration.x,-7.014150000000001
1.599033541,1760031249.783033541,/xwing/imu.linear_acceleration.x,-6.97491
1.600115158,1760031249.784115158,/xwing/imu.linear_acceleration.x,-6.984720000000001
1.600130188,1760031249.784130188,/xwing/imu.linear_acceleration.x,-6.97491
1.600139518,1760031249.784139518,/xwing/imu.linear_acceleration.x,-7.014150000000001
1.6001647220000002,1760031249.784164722,/xwing/imu.linear_acceleration.x,-6.984720000000001
1.604147653,1760031249.788147653,/xwing/imu.linear_acceleration.x,-6.994530000000001
1.604162507,1760031249.788162507,/xwing/imu.linear_acceleration.x,-7.004340000000001
1.604181444,1760031249.788181444,/xwing/imu.linear_acceleration.x,-6.916050000000001
1.604203757,1760031249.788203757,/xwing/imu.linear_acceleration.x,-6.935670000000001
1.6042182180000002,1760031249.788218218,/xwing/imu.linear_acceleration.x,-7.023960000000001
1.611575425,1760031249.795575425,/xwing/imu.linear_acceleration.x,-7.063200000000001
1.611605332,1760031249.795605332,/xwing/imu.linear_acceleration.x,-6.984720000000001
1.6116265630000002,1760031249.795626563,/xwing/imu.linear_acceleration.x,-6.83757
1.611656943,1760031249.795656943,/xwing/imu.linear_acceleration.x,-6.798330000000001
1.612575977,1760031249.796575977,/xwing/imu.linear_acceleration.x,-6.817950000000001
1.612588895,1760031249.796588895,/xwing/imu.linear_acceleration.x,-6.817950000000001
1.612599231,1760031249.796599231,/xwing/imu.linear_acceleration.x,-6.778710000000001
1.612610583,1760031249.796610583,/xwing/imu.linear_acceleration.x,-6.739470000000001
1.622080427,1760031249.806080427,/xwing/imu.linear_acceleration.x,-6.739470000000001
1.622096258,1760031249.806096258,/xwing/imu.linear_acceleration.x,-6.651180000000001
1.622105053,1760031249.806105053,/xwing/imu.linear_acceleration.x,-6.533460000000001
1.622120775,1760031249.806120775,/xwing/imu.linear_acceleration.x,-6.405930000000001
1.622152345,1760031249.806152345,/xwing/imu.linear_acceleration.x,-6.454980000000001
1.62216971,1760031249.806169710,/xwing/imu.linear_acceleration.x,-6.49422
1.622194118,1760031249.806194118,/xwing/imu.linear_acceleration.x,-6.42555
1.6222107380000002,1760031249.806210738,/xwing/imu.linear_acceleration.x,-6.307830000000001
1.622228237,1760031249.806228237,/xwing/imu.linear_acceleration.x,-6.327450000000001
1.6253997560000002,1760031249.809399756,/xwing/imu.linear_acceleration.x,-6.386310000000001
1.625435624,1760031249.809435624,/xwing/imu.linear_acceleration.x,-6.435360000000001
1.625490411,1760031249.809490411,/xwing/imu.linear_acceleration.x,-6.376500000000001
1.6254981160000002,1760031249.809498116,/xwing/imu.linear_acceleration.x,-6.327450000000001
1.6255289290000001,1760031249.809528929,/xwing/imu.linear_acceleration.x,-6.41574
1.625571011,1760031249.809571011,/xwing/imu.linear_acceleration.x,-6.454980000000001
1.630545308,1760031249.814545308,/xwing/imu.linear_acceleration.x,-6.41574
1.6305600980000001,1760031249.814560098,/xwing/imu.linear_acceleration.x,-6.35688
1.6305644410000002,1760031249.814564441,/xwing/imu.linear_acceleration.x,-6.445170000000001
1.634300271,1760031249.818300271,/xwing/imu.linear_acceleration.x,-6.513840000000001
1.634308532,1760031249.818308532,/xwing/imu.linear_acceleration.x,-6.572700000000001
1.634318982,1760031249.818318982,/xwing/imu.linear_acceleration.x,-6.464790000000001
1.634322467,1760031249.818322467,/xwing/imu.linear_acceleration.x,-6.445170000000001
1.6345348419999999,1760031249.818534842,/xwing/imu.linear_acceleration.x,-6.523650000000001
1.639130528,1760031249.823130528,/xwing/imu.linear_acceleration.x,-6.592320000000001
1.639139528,1760031249.823139528,/xwing/imu.linear_acceleration.x,-6.56289
1.6391602390000002,1760031249.823160239,/xwing/imu.linear_acceleration.x,-6.523650000000001
1.639166917,1760031249.823166917,/xwing/imu.linear_acceleration.x,-6.602130000000001
1.644631707,1760031249.828631707,/xwing/imu.linear_acceleration.x,-6.680610000000001
1.644634785,1760031249.828634785,/xwing/imu.linear_acceleration.x,-6.798330000000001
1.644637485,1760031249.828637485,/xwing/imu.linear_acceleration.x,-6.798330000000001
1.6446623800000002,1760031249.828662380,/xwing/imu.linear_acceleration.x,-6.817950000000001
1.644666194,1760031249.828666194,/xwing/imu.linear_acceleration.x,-6.945480000000001
1.644669676,1760031249.828669676,/xwing/imu.linear_acceleration.x,-6.97491
1.659667207,1760031249.843667207,/xwing/imu.linear_acceleration.x,-6.955290000000001
1.659678739,1760031249.843678739,/xwing/imu.linear_acceleration.x,-6.935670000000001
1.6596838900000002,1760031249.843683890,/xwing/imu.linear_acceleration.x,-6.90624
1.659687847,1760031249.843687847,/xwing/imu.linear_acceleration.x,-6.97491
1.659698873,1760031249.843698873,/xwing/imu.linear_acceleration.x,-6.994530000000001
1.6597187400000002,1760031249.843718740,/xwing/imu.linear_acceleration.x,-6.97491
1.6597285670000002,1760031249.843728567,/xwing/imu.linear_acceleration.x,-6.97491
1.659734469,1760031249.843734469,/xwing/imu.linear_acceleration.x,-6.955290000000001
1.659739385,1760031249.843739385,/xwing/imu.linear_acceleration.x,-6.935670000000001
1.6597491070000001,1760031249.843749107,/xwing/imu.linear_acceleration.x,-6.935670000000001
1.659827725,1760031249.843827725,/xwing/imu.linear_acceleration.x,-6.935670000000001
1.659967234,1760031249.843967234,/xwing/imu.linear_acceleration.x,-6.945480000000001
1.659973301,1760031249.843973301,/xwing/imu.linear_acceleration.x,-6.935670000000001
1.668395316,1760031249.852395316,/xwing/imu.linear_acceleration.x,-6.916050000000001
1.668398517,1760031249.852398517,/xwing/imu.linear_acceleration.x,-6.8964300000000005
1.668414931,1760031249.852414931,/xwing/imu.linear_acceleration.x,-6.935670000000001
1.668419981,1760031249.852419981,/xwing/imu.linear_acceleration.x,-6.8964300000000005
1.668424045,1760031249.852424045,/xwing/imu.linear_acceleration.x,-6.847380000000001
1.6684316780000001,1760031249.852431678,/xwing/imu.linear_acceleration.x,-6.857190000000001
1.668436134,1760031249.852436134,/xwing/imu.linear_acceleration.x,-6.867000000000001
1.668441442,1760031249.852441442,/xwing/imu.linear_acceleration.x,-6.817950000000001
1.672707885,1760031249.856707885,/xwing/imu.linear_acceleration.x,-6.70023
1.67271708,1760031249.856717080,/xwing/imu.linear_acceleration.x,-6.660990000000001
1.672723719,1760031249.856723719,/xwing/imu.linear_acceleration.x,-6.70023
1.672749708,1760031249.856749708,/xwing/imu.linear_acceleration.x,-6.749280000000001
1.6727700030000001,1760031249.856770003,/xwing/imu.linear_acceleration.x,-6.70023
1.672774352,1760031249.856774352,/xwing/imu.linear_acceleration.x,-6.602130000000001
1.672781384,1760031249.856781384,/xwing/imu.linear_acceleration.x,-6.582510000000001
1.67552118,1760031249.859521180,/xwing/imu.linear_acceleration.x,-6.63156
1.6755276920000002,1760031249.859527692,/xwing/imu.linear_acceleration.x,-6.63156
1.675549285,1760031249.859549285,/xwing/imu.linear_acceleration.x,-6.582510000000001
1.682767672,1760031249.866767672,/xwing/imu.linear_acceleration.x,-6.533460000000001
1.6827718200000001,1760031249.866771820,/xwing/imu.linear_acceleration.x,-6.572700000000001
1.682904532,1760031249.866904532,/xwing/imu.linear_acceleration.x,-6.651180000000001
1.6829447050000002,1760031249.866944705,/xwing/imu.linear_acceleration.x,-6.641370000000001
1.6861128390000002,1760031249.870112839,/xwing/imu.linear_acceleration.x,-6.6217500000000005
1.686117375,1760031249.870117375,/xwing/imu.linear_acceleration.x,-6.63156
1.686121675,1760031249.870121675,/xwing/imu.linear_acceleration.x,-6.680610000000001
1.686125025,1760031249.870125025,/xwing/imu.linear_acceleration.x,-6.6904200000000005
1.686903199,1760031249.870903199,/xwing/imu.linear_acceleration.x,-6.6904200000000005
1.686905967,1760031249.870905967,/xwing/imu.linear_acceleration.x,-6.6904200000000005
1.686908789,1760031249.870908789,/xwing/imu.linear_acceleration.x,-6.739470000000001
1.692539831,1760031249.876539831,/xwing/imu.linear_acceleration.x,-6.739470000000001
1.692551152,1760031249.876551152,/xwing/imu.linear_acceleration.x,-6.808140000000001
1.69257314,1760031249.876573140,/xwing/imu.linear_acceleration.x,-6.808140000000001
1.692591827,1760031249.876591827,/xwing/imu.linear_acceleration.x,-6.847380000000001
1.692824126,1760031249.876824126,/xwing/imu.linear_acceleration.x,-6.886620000000001
1.6928331980000002,1760031249.876833198,/xwing/imu.linear_acceleration.x,-6.984720000000001
1.6928440340000002,1760031249.876844034,/xwing/imu.linear_acceleration.x,-7.063200000000001
1.6988945850000001,1760031249.882894585,/xwing/imu.linear_acceleration.x,-7.082820000000001
1.698919868,1760031249.882919868,/xwing/imu.linear_acceleration.x,-7.082820000000001
1.69892598,1760031249.882925980,/xwing/imu.linear_acceleration.x,-7.1024400000000005
1.698931286,1760031249.882931286,/xwing/imu.linear_acceleration.x,-7.210350000000001
1.704659956,1760031249.888659956,/xwing/imu.linear_acceleration.x,-7.288830000000001
1.704668538,1760031249.888668538,/xwing/imu.linear_acceleration.x,-7.200540000000001
1.704673997,1760031249.888673997,/xwing/imu.linear_acceleration.x,-7.1711100000000005
1.704678917,1760031249.888678917,/xwing/imu.linear_acceleration.x,-7.190730000000001
1.706800029,1760031249.890800029,/xwing/imu.linear_acceleration.x,-7.210350000000001
1.706808165,1760031249.890808165,/xwing/imu.linear_acceleration.x,-7.229970000000001
1.706814004,1760031249.890814004,/xwing/imu.linear_acceleration.x,-7.151490000000001
1.706821142,1760031249.890821142,/xwing/imu.linear_acceleration.x,-7.18092
1.711967037,1760031249.895967037,/xwing/imu.linear_acceleration.x,-7.259400000000001
1.711974857,1760031249.895974857,/xwing/imu.linear_acceleration.x,-7.288830000000001
1.711978873,1760031249.895978873,/xwing/imu.linear_acceleration.x,-7.259400000000001
1.711987192,1760031249.895987192,/xwing/imu.linear_acceleration.x,-7.259400000000001
1.711994803,1760031249.895994803,/xwing/imu.linear_acceleration.x,-7.269210000000001
1.711999805,1760031249.895999805,/xwing/imu.linear_acceleration.x,-7.328070000000001
1.717659005,1760031249.901659005,/xwing/imu.linear_acceleration.x,-7.308450000000001
1.717797593,1760031249.901797593,/xwing/imu.linear_acceleration.x,-7.269210000000001
1.7178060720000001,1760031249.901806072,/xwing/imu.linear_acceleration.x,-7.288830000000001
1.717810465,1760031249.901810465,/xwing/imu.linear_acceleration.x,-7.279020000000001
1.719297652,1760031249.903297652,/xwing/imu.linear_acceleration.x,-7.24959
1.719301732,1760031249.903301732,/xwing/imu.linear_acceleration.x,-7.220160000000001
1.7245963190000002,1760031249.908596319,/xwing/imu.linear_acceleration.x,-7.18092
1.724618946,1760031249.908618946,/xwing/imu.linear_acceleration.x,-7.190730000000001
1.724621823,1760031249.908621823,/xwing/imu.linear_acceleration.x,-7.18092
1.724625214,1760031249.908625214,/xwing/imu.linear_acceleration.x,-7.200540000000001
1.724673131,1760031249.908673131,/xwing/imu.linear_acceleration.x,-7.229970000000001
1.7277856040000001,1760031249.911785604,/xwing/imu.linear_acceleration.x,-7.220160000000001
1.727789664,1760031249.911789664,/xwing/imu.linear_acceleration.x,-7.24959
1.727792894,1760031249.911792894,/xwing/imu.linear_acceleration.x,-7.24959
1.7278049420000001,1760031249.911804942,/xwing/imu.linear_acceleration.x,-7.288830000000001
1.7278091880000002,1760031249.911809188,/xwing/imu.linear_acceleration.x,-7.31826
1.7343150280000001,1760031249.918315028,/xwing/imu.linear_acceleration.x,-7.328070000000001
1.734318922,1760031249.918318922,/xwing/imu.linear_acceleration.x,-7.357500000000001
1.7343229560000002,1760031249.918322956,/xwing/imu.linear_acceleration.x,-7.426170000000001
1.734361252,1760031249.918361252,/xwing/imu.linear_acceleration.x,-7.445790000000001
1.7343889620000001,1760031249.918388962,/xwing/imu.linear_acceleration.x,-7.406550000000001
1.734394452,1760031249.918394452,/xwing/imu.linear_acceleration.x,-7.347690000000001
1.739554486,1760031249.923554486,/xwing/imu.linear_acceleration.x,-7.337880000000001
1.739566538,1760031249.923566538,/xwing/imu.linear_acceleration.x,-7.435980000000001
1.739598381,1760031249.923598381,/xwing/imu.linear_acceleration.x,-7.426170000000001
1.739606149,1760031249.923606149,/xwing/imu.linear_acceleration.x,-7.38693
1.7396098420000001,1760031249.923609842,/xwing/imu.linear_acceleration.x,-7.426170000000001
1.745170777,1760031249.929170777,/xwing/imu.linear_acceleration.x,-7.5242700000000005
1.745177261,1760031249.929177261,/xwing/imu.linear_acceleration.x,-7.6616100000000005
1.7451805550000001,1760031249.929180555,/xwing/imu.linear_acceleration.x,-7.641990000000001
1.745183193,1760031249.929183193,/xwing/imu.linear_acceleration.x,-7.622370000000001
1.7488704780000002,1760031249.932870478,/xwing/imu.linear_acceleration.x,-7.700850000000001
1.748887665,1760031249.932887665,/xwing/imu.linear_acceleration.x,-7.80876
1.7489353109999999,1760031249.932935311,/xwing/imu.linear_acceleration.x,-7.87743
1.748945323,1760031249.932945323,/xwing/imu.linear_acceleration.x,-7.906860000000001
1.753784645,1760031249.937784645,/xwing/imu.linear_acceleration.x,-7.9362900000000005
1.753793248,1760031249.937793248,/xwing/imu.linear_acceleration.x,-7.985340000000001
1.753797998,1760031249.937797998,/xwing/imu.linear_acceleration.x,-8.0442
1.75380533,1760031249.937805330,/xwing/imu.linear_acceleration.x,-8.00496
1.757154348,1760031249.941154348,/xwing/imu.linear_acceleration.x,-7.995150000000001
1.757162058,1760031249.941162058,/xwing/imu.linear_acceleration.x,-8.00496
1.7571914020000001,1760031249.941191402,/xwing/imu.linear_acceleration.x,-8.0442
1.757197216,1760031249.941197216,/xwing/imu.linear_acceleration.x,-8.073630000000001
1.7572047780000002,1760031249.941204778,/xwing/imu.linear_acceleration.x,-8.0442
1.7572128560000002,1760031249.941212856,/xwing/imu.linear_acceleration.x,-8.02458
1.761074216,1760031249.945074216,/xwing/imu.linear_acceleration.x,-8.063820000000002
1.761078581,1760031249.945078581,/xwing/imu.linear_acceleration.x,-8.112870000000001
1.761089158,1760031249.945089158,/xwing/imu.linear_acceleration.x,-8.17173
1.7611159390000002,1760031249.945115939,/xwing/imu.linear_acceleration.x,-8.210970000000001
1.76588704,1760031249.949887040,/xwing/imu.linear_acceleration.x,-8.17173
1.76590683,1760031249.949906830,/xwing/imu.linear_acceleration.x,-8.1423
1.765920607,1760031249.949920607,/xwing/imu.linear_acceleration.x,-8.13249
1.79235232,1760031249.976352320,/xwing/imu.linear_acceleration.x,-8.1423
1.7923689710000001,1760031249.976368971,/xwing/imu.linear_acceleration.x,-8.1423
1.7923811770000002,1760031249.976381177,/xwing/imu.linear_acceleration.x,-8.112870000000001
1.792387876,1760031249.976387876,/xwing/imu.linear_acceleration.x,-8.083440000000001
1.792392852,1760031249.976392852,/xwing/imu.linear_acceleration.x,-8.112870000000001
1.792398574,1760031249.976398574,/xwing/imu.linear_acceleration.x,-8.1423
1.792461987,1760031249.976461987,/xwing/imu.linear_acceleration.x,-8.112870000000001
1.79247136,1760031249.976471360,/xwing/imu.linear_acceleration.x,-8.054010000000002
1.792501343,1760031249.976501343,/xwing/imu.linear_acceleration.x,-8.093250000000001
1.792511384,1760031249.976511384,/xwing/imu.linear_acceleration.x,-8.13249
1.79251827,1760031249.976518270,/xwing/imu.linear_acceleration.x,-8.17173
1.792556823,1760031249.976556823,/xwing/imu.linear_acceleration.x,-8.13249
1.792568656,1760031249.976568656,/xwing/imu.linear_acceleration.x,-8.12268
1.792582882,1760031249.976582882,/xwing/imu.linear_acceleration.x,-8.16192
1.792589503,1760031249.976589503,/xwing/imu.linear_acceleration.x,-8.220780000000001
1.792617122,1760031249.976617122,/xwing/imu.linear_acceleration.x,-8.16192
1.792641898,1760031249.976641898,/xwing/imu.linear_acceleration.x,-8.13249
1.79265084,1760031249.976650840,/xwing/imu.linear_acceleration.x,-8.1423
1.792655753,1760031249.976655753,/xwing/imu.linear_acceleration.x,-8.220780000000001
1.79266135,1760031249.976661350,/xwing/imu.linear_acceleration.x,-8.210970000000001
1.792673514,1760031249.976673514,/xwing/imu.linear_acceleration.x,-8.17173
1.792724081,1760031249.976724081,/xwing/imu.linear_acceleration.x,-8.210970000000001
1.792729987,1760031249.976729987,/xwing/imu.linear_acceleration.x,-8.30907
1.7927348680000001,1760031249.976734868,/xwing/imu.linear_acceleration.x,-8.387550000000001
1.7927398870000002,1760031249.976739887,/xwing/imu.linear_acceleration.x,-8.358120000000001
1.792763617,1760031249.976763617,/xwing/imu.linear_acceleration.x,-8.367930000000001
1.792792348,1760031249.976792348,/xwing/imu.linear_acceleration.x,-8.39736
1.796655553,1760031249.980655553,/xwing/imu.linear_acceleration.x,-8.515080000000001
1.796664136,1760031249.980664136,/xwing/imu.linear_acceleration.x,-8.56413
1.796673701,1760031249.980673701,/xwing/imu.linear_acceleration.x,-8.55432
1.796681849,1760031249.980681849,/xwing/imu.linear_acceleration.x,-8.54451
1.796725741,1760031249.980725741,/xwing/imu.linear_acceleration.x,-8.475840000000002
1.800947123,1760031249.984947123,/xwing/imu.linear_acceleration.x,-8.495460000000001
1.8009502190000002,1760031249.984950219,/xwing/imu.linear_acceleration.x,-8.58375
1.800962696,1760031249.984962696,/xwing/imu.linear_acceleration.x,-8.770140000000001
1.800969199,1760031249.984969199,/xwing/imu.linear_acceleration.x,-8.936910000000001
1.8049249569999999,1760031249.988924957,/xwing/imu.linear_acceleration.x,-9.054630000000001
1.80495204,1760031249.988952040,/xwing/imu.linear_acceleration.x,-8.907480000000001
1.8049781930000002,1760031249.988978193,/xwing/imu.linear_acceleration.x,-8.70147
1.804989648,1760031249.988989648,/xwing/imu.linear_acceleration.x,-8.750520000000002
1.8085407130000002,1760031249.992540713,/xwing/imu.linear_acceleration.x,-8.946720000000001
1.8085464880000002,1760031249.992546488,/xwing/imu.linear_acceleration.x,-9.064440000000001
1.8085644840000001,1760031249.992564484,/xwing/imu.linear_acceleration.x,-9.290070000000002
1.8085684419999999,1760031249.992568442,/xwing/imu.linear_acceleration.x,-9.28026
1.811871607,1760031249.995871607,/xwing/imu.linear_acceleration.x,-9.26064
1.811877151,1760031249.995877151,/xwing/imu.linear_acceleration.x,-9.23121
1.811880895,1760031249.995880895,/xwing/imu.linear_acceleration.x,-9.172350000000002
1.816328558,1760031250.000328558,/xwing/imu.linear_acceleration.x,-9.23121
1.81633532,1760031250.000335320,/xwing/imu.linear_acceleration.x,-9.221400000000001
1.8163393920000002,1760031250.000339392,/xwing/imu.linear_acceleration.x,-9.28026
1.816392325,1760031250.000392325,/xwing/imu.linear_acceleration.x,-9.23121
1.8164141,1760031250.000414100,/xwing/imu.linear_acceleration.x,-9.11349
1.821331714,1760031250.005331714,/xwing/imu.linear_acceleration.x,-9.09387
1.821338511,1760031250.005338511,/xwing/imu.linear_acceleration.x,-9.074250000000001
1.8213415890000002,1760031250.005341589,/xwing/imu.linear_acceleration.x,-9.084060000000001
1.821346217,1760031250.005346217,/xwing/imu.linear_acceleration.x,-9.211590000000001
1.825930682,1760031250.009930682,/xwing/imu.linear_acceleration.x,-9.182160000000001
1.825961669,1760031250.009961669,/xwing/imu.linear_acceleration.x,-9.191970000000001
1.825983886,1760031250.009983886,/xwing/imu.linear_acceleration.x,-9.201780000000001
1.8260023580000002,1760031250.010002358,/xwing/imu.linear_acceleration.x,-9.309690000000002
1.829462258,1760031250.013462258,/xwing/imu.linear_acceleration.x,-9.36855
1.8294877070000002,1760031250.013487707,/xwing/imu.linear_acceleration.x,-9.36855
1.82950088,1760031250.013500880,/xwing/imu.linear_acceleration.x,-9.299880000000002
1.829519477,1760031250.013519477,/xwing/imu.linear_acceleration.x,-9.26064
1.829538802,1760031250.013538802,/xwing/imu.linear_acceleration.x,-9.211590000000001
1.834147003,1760031250.018147003,/xwing/imu.linear_acceleration.x,-9.152730000000002
1.834159014,1760031250.018159014,/xwing/imu.linear_acceleration.x,-9.044820000000001
1.834329319,1760031250.018329319,/xwing/imu.linear_acceleration.x,-8.97615
1.8343663380000002,1760031250.018366338,/xwing/imu.linear_acceleration.x,-8.99577
1.8519034460000001,1760031250.035903446,/xwing/imu.linear_acceleration.x,-8.96634
1.8519292090000001,1760031250.035929209,/xwing/imu.linear_acceleration.x,-8.86824
1.851962888,1760031250.035962888,/xwing/imu.linear_acceleration.x,-8.81919
1.85198199,1760031250.035981990,/xwing/imu.linear_acceleration.x,-8.80938
1.852051238,1760031250.036051238,/xwing/imu.linear_acceleration.x,-8.878050000000002
1.852091611,1760031250.036091611,/xwing/imu.linear_acceleration.x,-8.936910000000001
1.852110756,1760031250.036110756,/xwing/imu.linear_acceleration.x,-8.897670000000002
1.852122986,1760031250.036122986,/xwing/imu.linear_acceleration.x,-8.907480000000001
1.852190387,1760031250.036190387,/xwing/imu.linear_acceleration.x,-9.00558
1.85220438,1760031250.036204380,/xwing/imu.linear_acceleration.x,-9.10368
1.852232396,1760031250.036232396,/xwing/imu.linear_acceleration.x,-9.10368
1.852257301,1760031250.036257301,/xwing/imu.linear_acceleration.x,-9.054630000000001
1.8523569850000001,1760031250.036356985,/xwing/imu.linear_acceleration.x,-9.074250000000001
1.852389459,1760031250.036389459,/xwing/imu.linear_acceleration.x,-9.14292
1.852471023,1760031250.036471023,/xwing/imu.linear_acceleration.x,-9.172350000000002
1.852490541,1760031250.036490541,/xwing/imu.linear_acceleration.x,-9.084060000000001
1.858890513,1760031250.042890513,/xwing/imu.linear_acceleration.x,-8.97615
1.8589105250000002,1760031250.042910525,/xwing/imu.linear_acceleration.x,-9.00558
1.858929721,1760031250.042929721,/xwing/imu.linear_acceleration.x,-9.074250000000001
1.858951533,1760031250.042951533,/xwing/imu.linear_acceleration.x,-9.09387
1.8589669990000002,1760031250.042966999,/xwing/imu.linear_acceleration.x,-9.044820000000001
1.858981194,1760031250.042981194,/xwing/imu.linear_acceleration.x,-9.09387
1.860841587,1760031250.044841587,/xwing/imu.linear_acceleration.x,-9.221400000000001
1.860847067,1760031250.044847067,/xwing/imu.linear_acceleration.x,-9.38817
1.860852161,1760031250.044852161,/xwing/imu.linear_acceleration.x,-9.427410000000002
1.8608562370000001,1760031250.044856237,/xwing/imu.linear_acceleration.x,-9.437220000000002
1.863978189,1760031250.047978189,/xwing/imu.linear_acceleration.x,-9.496080000000001
1.86488963,1760031250.048889630,/xwing/imu.linear_acceleration.x,-9.574560000000002
1.864894848,1760031250.048894848,/xwing/imu.linear_acceleration.x,-9.66285
1.8648972170000002,1760031250.048897217,/xwing/imu.linear_acceleration.x,-9.613800000000001
1.864907901,1760031250.048907901,/xwing/imu.linear_acceleration.x,-9.584370000000002
1.868936437,1760031250.052936437,/xwing/imu.linear_acceleration.x,-9.594180000000001
1.86894234,1760031250.052942340,/xwing/imu.linear_acceleration.x,-9.594180000000001
1.86894663,1760031250.052946630,/xwing/imu.linear_acceleration.x,-9.496080000000001
1.8730511280000002,1760031250.057051128,/xwing/imu.linear_acceleration.x,-9.358740000000001
1.873054148,1760031250.057054148,/xwing/imu.linear_acceleration.x,-9.339120000000001
1.873143534,1760031250.057143534,/xwing/imu.linear_acceleration.x,-9.36855
1.8731650640000002,1760031250.057165064,/xwing/imu.linear_acceleration.x,-9.427410000000002
1.876246803,1760031250.060246803,/xwing/imu.linear_acceleration.x,-9.40779
1.87625182,1760031250.060251820,/xwing/imu.linear_acceleration.x,-9.37836
1.876254506,1760031250.060254506,/xwing/imu.linear_acceleration.x,-9.40779
1.876261177,1760031250.060261177,/xwing/imu.linear_acceleration.x,-9.437220000000002
1.876271137,1760031250.060271137,/xwing/imu.linear_acceleration.x,-9.437220000000002
1.8799702520000001,1760031250.063970252,/xwing/imu.linear_acceleration.x,-9.447030000000002
1.8799752920000001,1760031250.063975292,/xwing/imu.linear_acceleration.x,-9.437220000000002
1.8799804230000001,1760031250.063980423,/xwing/imu.linear_acceleration.x,-9.456840000000001
1.879984371,1760031250.063984371,/xwing/imu.linear_acceleration.x,-9.466650000000001
1.8883411190000001,1760031250.072341119,/xwing/imu.linear_acceleration.x,-9.4176
1.888344556,1760031250.072344556,/xwing/imu.linear_acceleration.x,-9.36855
1.888349472,1760031250.072349472,/xwing/imu.linear_acceleration.x,-9.290070000000002
1.888358624,1760031250.072358624,/xwing/imu.linear_acceleration.x,-9.211590000000001
1.888373949,1760031250.072373949,/xwing/imu.linear_acceleration.x,-9.162540000000002
1.888387494,1760031250.072387494,/xwing/imu.linear_acceleration.x,-9.13311
1.89056536,1760031250.074565360,/xwing/imu.linear_acceleration.x,-9.13311
1.8905891700000002,1760031250.074589170,/xwing/imu.linear_acceleration.x,-9.10368
1.890655283,1760031250.074655283,/xwing/imu.linear_acceleration.x,-9.044820000000001
1.890680694,1760031250.074680694,/xwing/imu.linear_acceleration.x,-9.074250000000001
1.890726699,1760031250.074726699,/xwing/imu.linear_acceleration.x,-9.152730000000002
1.896124484,1760031250.080124484,/xwing/imu.linear_acceleration.x,-9.201780000000001
1.8961453170000002,1760031250.080145317,/xwing/imu.linear_acceleration.x,-9.211590000000001
1.896162483,1760031250.080162483,/xwing/imu.linear_acceleration.x,-9.201780000000001
1.896174821,1760031250.080174821,/xwing/imu.linear_acceleration.x,-9.24102
1.9002756920000001,1760031250.084275692,/xwing/imu.linear_acceleration.x,-9.26064
1.900311839,1760031250.084311839,/xwing/imu.linear_acceleration.x,-9.191970000000001
1.900339475,1760031250.084339475,/xwing/imu.linear_acceleration.x,-9.152730000000002
1.900356181,1760031250.084356181,/xwing/imu.linear_acceleration.x,-9.152730000000002
1.9003708380000002,1760031250.084370838,/xwing/imu.linear_acceleration.x,-9.24102
1.9041992890000001,1760031250.088199289,/xwing/imu.linear_acceleration.x,-9.23121
1.904243826,1760031250.088243826,/xwing/imu.linear_acceleration.x,-9.14292
1.904306282,1760031250.088306282,/xwing/imu.linear_acceleration.x,-9.10368
1.9102473560000002,1760031250.094247356,/xwing/imu.linear_acceleration.x,-9.13311
1.910302455,1760031250.094302455,/xwing/imu.linear_acceleration.x,-9.201780000000001
1.910330941,1760031250.094330941,/xwing/imu.linear_acceleration.x,-9.211590000000001
1.910346261,1760031250.094346261,/xwing/imu.linear_acceleration.x,-9.201780000000001
1.9122827820000001,1760031250.096282782,/xwing/imu.linear_acceleration.x,-9.26064
1.9122957180000002,1760031250.096295718,/xwing/imu.linear_acceleration.x,-9.339120000000001
1.912367112,1760031250.096367112,/xwing/imu.linear_acceleration.x,-9.38817
1.9123935150000002,1760031250.096393515,/xwing/imu.linear_acceleration.x,-9.4176
1.9168228690000002,1760031250.100822869,/xwing/imu.linear_acceleration.x,-9.447030000000002
1.9168394420000001,1760031250.100839442,/xwing/imu.linear_acceleration.x,-9.5157
1.916851325,1760031250.100851325,/xwing/imu.linear_acceleration.x,-9.53532
1.916863052,1760031250.100863052,/xwing/imu.linear_acceleration.x,-9.486270000000001
1.916948287,1760031250.100948287,/xwing/imu.linear_acceleration.x,-9.476460000000001
1.920742936,1760031250.104742936,/xwing/imu.linear_acceleration.x,-9.486270000000001
1.920757252,1760031250.104757252,/xwing/imu.linear_acceleration.x,-9.486270000000001
1.920777518,1760031250.104777518,/xwing/imu.linear_acceleration.x,-9.427410000000002
1.9208408170000002,1760031250.104840817,/xwing/imu.linear_acceleration.x,-9.329310000000001
1.9249682190000001,1760031250.108968219,/xwing/imu.linear_acceleration.x,-9.28026
1.9249798390000001,1760031250.108979839,/xwing/imu.linear_acceleration.x,-9.319500000000001
1.925041378,1760031250.109041378,/xwing/imu.linear_acceleration.x,-9.290070000000002
1.9280404340000001,1760031250.112040434,/xwing/imu.linear_acceleration.x,-9.26064
1.9280731860000002,1760031250.112073186,/xwing/imu.linear_acceleration.x,-9.27045
1.928087828,1760031250.112087828,/xwing/imu.linear_acceleration.x,-9.319500000000001
1.928099916,1760031250.112099916,/xwing/imu.linear_acceleration.x,-9.329310000000001
1.929404858,1760031250.113404858,/xwing/imu.linear_acceleration.x,-9.290070000000002
1.934902012,1760031250.118902012,/xwing/imu.linear_acceleration.x,-9.27045
1.934918405,1760031250.118918405,/xwing/imu.linear_acceleration.x,-9.309690000000002
1.934942772,1760031250.118942772,/xwing/imu.linear_acceleration.x,-9.309690000000002
1.9350182280000001,1760031250.119018228,/xwing/imu.linear_acceleration.x,-9.221400000000001
1.940118212,1760031250.124118212,/xwing/imu.linear_acceleration.x,-9.13311
1.9401763810000001,1760031250.124176381,/xwing/imu.linear_acceleration.x,-9.09387
1.9402079840000002,1760031250.124207984,/xwing/imu.linear_acceleration.x,-9.09387
1.940236884,1760031250.124236884,/xwing/imu.linear_acceleration.x,-9.044820000000001
1.940257332,1760031250.124257332,/xwing/imu.linear_acceleration.x,-8.946720000000001
1.946994799,1760031250.130994799,/xwing/imu.linear_acceleration.x,-8.907480000000001
1.947016068,1760031250.131016068,/xwing/imu.linear_acceleration.x,-8.95653
1.947046989,1760031250.131046989,/xwing/imu.linear_acceleration.x,-8.97615
1.947062867,1760031250.131062867,/xwing/imu.linear_acceleration.x,-8.907480000000001
1.947098532,1760031250.131098532,/xwing/imu.linear_acceleration.x,-8.86824
1.9471156440000001,1760031250.131115644,/xwing/imu.linear_acceleration.x,-8.917290000000001
1.947170418,1760031250.131170418,/xwing/imu.linear_acceleration.x,-8.96634
1.948719314,1760031250.132719314,/xwing/imu.linear_acceleration.x,-8.946720000000001
1.9487357630000002,1760031250.132735763,/xwing/imu.linear_acceleration.x,-8.878050000000002
1.9487455480000002,1760031250.132745548,/xwing/imu.linear_acceleration.x,-8.878050000000002
1.9487843630000001,1760031250.132784363,/xwing/imu.linear_acceleration.x,-8.927100000000001
1.955693823,1760031250.139693823,/xwing/imu.linear_acceleration.x,-8.887860000000002
1.9557151210000001,1760031250.139715121,/xwing/imu.linear_acceleration.x,-8.83881
1.9560458760000001,1760031250.140045876,/xwing/imu.linear_acceleration.x,-8.799570000000001
1.956066767,1760031250.140066767,/xwing/imu.linear_acceleration.x,-8.80938
1.9560863290000001,1760031250.140086329,/xwing/imu.linear_acceleration.x,-8.770140000000001
1.956114762,1760031250.140114762,/xwing/imu.linear_acceleration.x,-8.68185
1.9598115630000001,1760031250.143811563,/xwing/imu.linear_acceleration.x,-8.613180000000002
1.95983113,1760031250.143831130,/xwing/imu.linear_acceleration.x,-8.68185
1.9598451080000001,1760031250.143845108,/xwing/imu.linear_acceleration.x,-8.779950000000001
1.9598990930000002,1760031250.143899093,/xwing/imu.linear_acceleration.x,-8.779950000000001
1.9661691540000001,1760031250.150169154,/xwing/imu.linear_acceleration.x,-8.740710000000002
1.966182774,1760031250.150182774,/xwing/imu.linear_acceleration.x,-8.789760000000001
1.9661974780000002,1760031250.150197478,/xwing/imu.linear_acceleration.x,-8.887860000000002
1.96642873,1760031250.150428730,/xwing/imu.linear_acceleration.x,-8.927100000000001
1.966498896,1760031250.150498896,/xwing/imu.linear_acceleration.x,-8.897670000000002
1.966541357,1760031250.150541357,/xwing/imu.linear_acceleration.x,-8.84862
1.9721670690000002,1760031250.156167069,/xwing/imu.linear_acceleration.x,-8.887860000000002
1.972181096,1760031250.156181096,/xwing/imu.linear_acceleration.x,-8.878050000000002
1.9721931160000001,1760031250.156193116,/xwing/imu.linear_acceleration.x,-8.779950000000001
1.972221137,1760031250.156221137,/xwing/imu.linear_acceleration.x,-8.662230000000001
1.976152343,1760031250.160152343,/xwing/imu.linear_acceleration.x,-8.662230000000001
1.976161499,1760031250.160161499,/xwing/imu.linear_acceleration.x,-8.69166
1.976165531,1760031250.160165531,/xwing/imu.linear_acceleration.x,-8.68185
1.976169582,1760031250.160169582,/xwing/imu.linear_acceleration.x,-8.55432
1.97618647,1760031250.160186470,/xwing/imu.linear_acceleration.x,-8.466030000000002
1.979363121,1760031250.163363121,/xwing/imu.linear_acceleration.x,-8.505270000000001
1.979379835,1760031250.163379835,/xwing/imu.linear_acceleration.x,-8.55432
1.9794029210000001,1760031250.163402921,/xwing/imu.linear_acceleration.x,-8.622990000000001
1.979408517,1760031250.163408517,/xwing/imu.linear_acceleration.x,-8.613180000000002
1.97942027,1760031250.163420270,/xwing/imu.linear_acceleration.x,-8.622990000000001
1.979427682,1760031250.163427682,/xwing/imu.linear_acceleration.x,-8.59356
1.983829163,1760031250.167829163,/xwing/imu.linear_acceleration.x,-8.495460000000001
1.983862913,1760031250.167862913,/xwing/imu.linear_acceleration.x,-8.39736
1.983894821,1760031250.167894821,/xwing/imu.linear_acceleration.x,-8.387550000000001
1.983970292,1760031250.167970292,/xwing/imu.linear_acceleration.x,-8.42679
1.989689072,1760031250.173689072,/xwing/imu.linear_acceleration.x,-8.348310000000001
1.989712532,1760031250.173712532,/xwing/imu.linear_acceleration.x,-8.093250000000001
1.989715839,1760031250.173715839,/xwing/imu.linear_acceleration.x,-8.063820000000002
1.993544004,1760031250.177544004,/xwing/imu.linear_acceleration.x,-8.0442
1.9935532710000001,1760031250.177553271,/xwing/imu.linear_acceleration.x,-8.01477
1.9935612050000002,1760031250.177561205,/xwing/imu.linear_acceleration.x,-7.965720000000001
1.993565206,1760031250.177565206,/xwing/imu.linear_acceleration.x,-7.985340000000001
1.993571851,1760031250.177571851,/xwing/imu.linear_acceleration.x,-7.9461
1.993780826,1760031250.177780826,/xwing/imu.linear_acceleration.x,-7.926480000000001
2.00285941,1760031250.186859410,/xwing/imu.linear_acceleration.x,-7.87743
2.002885406,1760031250.186885406,/xwing/imu.linear_acceleration.x,-7.906860000000001
2.00289215,1760031250.186892150,/xwing/imu.linear_acceleration.x,-7.965720000000001
2.002902364,1760031250.186902364,/xwing/imu.linear_acceleration.x,-7.965720000000001
2.002912194,1760031250.186912194,/xwing/imu.linear_acceleration.x,-7.887240000000001
2.002917462,1760031250.186917462,/xwing/imu.linear_acceleration.x,-7.80876
2.002924553,1760031250.186924553,/xwing/imu.linear_acceleration.x,-7.7989500000000005
2.002939869,1760031250.186939869,/xwing/imu.linear_acceleration.x,-7.80876
2.002946286,1760031250.186946286,/xwing/imu.linear_acceleration.x,-7.7989500000000005
2.006763317,1760031250.190763317,/xwing/imu.linear_acceleration.x,-7.749900000000001
2.006770587,1760031250.190770587,/xwing/imu.linear_acceleration.x,-7.749900000000001
2.006775595,1760031250.190775595,/xwing/imu.linear_acceleration.x,-7.749900000000001
2.006846578,1760031250.190846578,/xwing/imu.linear_acceleration.x,-7.710660000000001
2.012106491,1760031250.196106491,/xwing/imu.linear_acceleration.x,-7.691040000000001
2.012120508,1760031250.196120508,/xwing/imu.linear_acceleration.x,-7.691040000000001
2.012177918,1760031250.196177918,/xwing/imu.linear_acceleration.x,-7.789140000000001
2.012190563,1760031250.196190563,/xwing/imu.linear_acceleration.x,-7.789140000000001
2.020779004,1760031250.204779004,/xwing/imu.linear_acceleration.x,-7.769520000000001
2.020789996,1760031250.204789996,/xwing/imu.linear_acceleration.x,-7.7302800000000005
2.020830324,1760031250.204830324,/xwing/imu.linear_acceleration.x,-7.80876
2.020860191,1760031250.204860191,/xwing/imu.linear_acceleration.x,-7.8676200000000005
2.020884542,1760031250.204884542,/xwing/imu.linear_acceleration.x,-7.838190000000001
2.020897219,1760031250.204897219,/xwing/imu.linear_acceleration.x,-7.769520000000001
2.020911188,1760031250.204911188,/xwing/imu.linear_acceleration.x,-7.749900000000001
2.020995538,1760031250.204995538,/xwing/imu.linear_acceleration.x,-7.749900000000001
2.021678113,1760031250.205678113,/xwing/imu.linear_acceleration.x,-7.691040000000001
2.021698214,1760031250.205698214,/xwing/imu.linear_acceleration.x,-7.534080000000001
2.021762909,1760031250.205762909,/xwing/imu.linear_acceleration.x,-7.406550000000001
2.021823877,1760031250.205823877,/xwing/imu.linear_acceleration.x,-7.485030000000001
2.026625713,1760031250.210625713,/xwing/imu.linear_acceleration.x,-7.583130000000001
2.026636827,1760031250.210636827,/xwing/imu.linear_acceleration.x,-7.651800000000001
2.026670447,1760031250.210670447,/xwing/imu.linear_acceleration.x,-7.563510000000001
2.029683608,1760031250.213683608,/xwing/imu.linear_acceleration.x,-7.514460000000001
2.029709985,1760031250.213709985,/xwing/imu.linear_acceleration.x,-7.435980000000001
2.029738197,1760031250.213738197,/xwing/imu.linear_acceleration.x,-7.445790000000001
2.029764809,1760031250.213764809,/xwing/imu.linear_acceleration.x,-7.4556000000000004
2.029784253,1760031250.213784253,/xwing/imu.linear_acceleration.x,-7.534080000000001
2.035094858,1760031250.219094858,/xwing/imu.linear_acceleration.x,-7.5929400000000005
2.035144178,1760031250.219144178,/xwing/imu.linear_acceleration.x,-7.5242700000000005
2.035200528,1760031250.219200528,/xwing/imu.linear_acceleration.x,-7.426170000000001
2.035220927,1760031250.219220927,/xwing/imu.linear_acceleration.x,-7.288830000000001
2.035967467,1760031250.219967467,/xwing/imu.linear_acceleration.x,-7.269210000000001
2.035981655,1760031250.219981655,/xwing/imu.linear_acceleration.x,-7.269210000000001
2.039341907,1760031250.223341907,/xwing/imu.linear_acceleration.x,-7.210350000000001
2.039371801,1760031250.223371801,/xwing/imu.linear_acceleration.x,-7.073010000000001
2.039399081,1760031250.223399081,/xwing/imu.linear_acceleration.x,-7.04358
2.039415264,1760031250.223415264,/xwing/imu.linear_acceleration.x,-7.082820000000001
2.043011448,1760031250.227011448,/xwing/imu.linear_acceleration.x,-7.073010000000001
2.043024889,1760031250.227024889,/xwing/imu.linear_acceleration.x,-6.984720000000001
2.051460456,1760031250.235460456,/xwing/imu.linear_acceleration.x,-6.90624
2.051492826,1760031250.235492826,/xwing/imu.linear_acceleration.x,-6.984720000000001
2.051516303,1760031250.235516303,/xwing/imu.linear_acceleration.x,-7.004340000000001
2.051534466,1760031250.235534466,/xwing/imu.linear_acceleration.x,-7.004340000000001
2.051567715,1760031250.235567715,/xwing/imu.linear_acceleration.x,-6.984720000000001
2.055186065,1760031250.239186065,/xwing/imu.linear_acceleration.x,-7.014150000000001
2.055323436,1760031250.239323436,/xwing/imu.linear_acceleration.x,-7.092630000000001
2.055363288,1760031250.239363288,/xwing/imu.linear_acceleration.x,-7.11225
2.055458374,1760031250.239458374,/xwing/imu.linear_acceleration.x,-7.082820000000001
2.056368098,1760031250.240368098,/xwing/imu.linear_acceleration.x,-7.0337700000000005
2.056381145,1760031250.240381145,/xwing/imu.linear_acceleration.x,-7.004340000000001
2.056397073,1760031250.240397073,/xwing/imu.linear_acceleration.x,-7.004340000000001
2.056431551,1760031250.240431551,/xwing/imu.linear_acceleration.x,-7.004340000000001
2.062508546,1760031250.246508546,/xwing/imu.linear_acceleration.x,-6.994530000000001
2.06252625,1760031250.246526250,/xwing/imu.linear_acceleration.x,-6.955290000000001
2.062539295,1760031250.246539295,/xwing/imu.linear_acceleration.x,-6.886620000000001
2.062639639,1760031250.246639639,/xwing/imu.linear_acceleration.x,-6.8964300000000005
2.069131672,1760031250.253131672,/xwing/imu.linear_acceleration.x,-6.90624
2.069150016,1760031250.253150016,/xwing/imu.linear_acceleration.x,-6.984720000000001
2.069161251,1760031250.253161251,/xwing/imu.linear_acceleration.x,-7.014150000000001
2.069189346,1760031250.253189346,/xwing/imu.linear_acceleration.x,-6.97491
2.069220479,1760031250.253220479,/xwing/imu.linear_acceleration.x,-6.97491
2.069234137,1760031250.253234137,/xwing/imu.linear_acceleration.x,-6.984720000000001
2.07297258,1760031250.256972580,/xwing/imu.linear_acceleration.x,-7.014150000000001
2.072990759,1760031250.256990759,/xwing/imu.linear_acceleration.x,-7.1024400000000005
2.073002123,1760031250.257002123,/xwing/imu.linear_acceleration.x,-7.073010000000001
2.073070116,1760031250.257070116,/xwing/imu.linear_acceleration.x,-6.9651000000000005
2.077488744,1760031250.261488744,/xwing/imu.linear_acceleration.x,-6.935670000000001
2.077510857,1760031250.261510857,/xwing/imu.linear_acceleration.x,-6.90624
2.07752798,1760031250.261527980,/xwing/imu.linear_acceleration.x,-6.935670000000001
2.077548214,1760031250.261548214,/xwing/imu.linear_acceleration.x,-6.916050000000001
2.077562975,1760031250.261562975,/xwing/imu.linear_acceleration.x,-6.7689
2.077594551,1760031250.261594551,/xwing/imu.linear_acceleration.x,-6.70023
2.077610745,1760031250.261610745,/xwing/imu.linear_acceleration.x,-6.651180000000001
2.081221556,1760031250.265221556,/xwing/imu.linear_acceleration.x,-6.680610000000001
2.0812673090000002,1760031250.265267309,/xwing/imu.linear_acceleration.x,-6.7689
2.08132155,1760031250.265321550,/xwing/imu.linear_acceleration.x,-6.7689
2.0813340240000002,1760031250.265334024,/xwing/imu.linear_acceleration.x,-6.6904200000000005
2.085678794,1760031250.269678794,/xwing/imu.linear_acceleration.x,-6.602130000000001
2.085691511,1760031250.269691511,/xwing/imu.linear_acceleration.x,-6.602130000000001
2.085698021,1760031250.269698021,/xwing/imu.linear_acceleration.x,-6.749280000000001
2.085855947,1760031250.269855947,/xwing/imu.linear_acceleration.x,-6.808140000000001
2.085891094,1760031250.269891094,/xwing/imu.linear_acceleration.x,-6.749280000000001
2.090341943,1760031250.274341943,/xwing/imu.linear_acceleration.x,-6.641370000000001
2.090358649,1760031250.274358649,/xwing/imu.linear_acceleration.x,-6.641370000000001
2.090372349,1760031250.274372349,/xwing/imu.linear_acceleration.x,-6.680610000000001
2.090439775,1760031250.274439775,/xwing/imu.linear_acceleration.x,-6.7590900000000005
2.096763689,1760031250.280763689,/xwing/imu.linear_acceleration.x,-6.739470000000001
2.096911472,1760031250.280911472,/xwing/imu.linear_acceleration.x,-6.680610000000001
2.096934606,1760031250.280934606,/xwing/imu.linear_acceleration.x,-6.56289
2.096967906,1760031250.280967906,/xwing/imu.linear_acceleration.x,-6.474600000000001
2.097066848,1760031250.281066848,/xwing/imu.linear_acceleration.x,-6.533460000000001
2.097178204,1760031250.281178204,/xwing/imu.linear_acceleration.x,-6.641370000000001
2.102863334,1760031250.286863334,/xwing/imu.linear_acceleration.x,-6.70023
2.102906911,1760031250.286906911,/xwing/imu.linear_acceleration.x,-6.592320000000001
2.1029767440000002,1760031250.286976744,/xwing/imu.linear_acceleration.x,-6.4844100000000005
2.102998402,1760031250.286998402,/xwing/imu.linear_acceleration.x,-6.474600000000001
2.103071441,1760031250.287071441,/xwing/imu.linear_acceleration.x,-6.592320000000001
2.106979425,1760031250.290979425,/xwing/imu.linear_acceleration.x,-6.710040000000001
2.10701103,1760031250.291011030,/xwing/imu.linear_acceleration.x,-6.7590900000000005
2.107062442,1760031250.291062442,/xwing/imu.linear_acceleration.x,-6.660990000000001
2.107084853,1760031250.291084853,/xwing/imu.linear_acceleration.x,-6.572700000000001
2.107102505,1760031250.291102505,/xwing/imu.linear_acceleration.x,-6.572700000000001
2.10712012,1760031250.291120120,/xwing/imu.linear_acceleration.x,-6.749280000000001
2.107133761,1760031250.291133761,/xwing/imu.linear_acceleration.x,-6.876810000000001
2.1138889,1760031250.297888900,/xwing/imu.linear_acceleration.x,-6.8277600000000005
2.113911425,1760031250.297911425,/xwing/imu.linear_acceleration.x,-6.670800000000001
2.113924691,1760031250.297924691,/xwing/imu.linear_acceleration.x,-6.592320000000001
2.113940841,1760031250.297940841,/xwing/imu.linear_acceleration.x,-6.6217500000000005
2.113969456,1760031250.297969456,/xwing/imu.linear_acceleration.x,-6.739470000000001
2.11941504,1760031250.303415040,/xwing/imu.linear_acceleration.x,-6.8277600000000005
2.11943097,1760031250.303430970,/xwing/imu.linear_acceleration.x,-6.798330000000001
2.119454837,1760031250.303454837,/xwing/imu.linear_acceleration.x,-6.670800000000001
2.119473621,1760031250.303473621,/xwing/imu.linear_acceleration.x,-6.582510000000001
2.122769904,1760031250.306769904,/xwing/imu.linear_acceleration.x,-6.6217500000000005
2.122778465,1760031250.306778465,/xwing/imu.linear_acceleration.x,-6.808140000000001
2.122819927,1760031250.306819927,/xwing/imu.linear_acceleration.x,-6.916050000000001
2.122832847,1760031250.306832847,/xwing/imu.linear_acceleration.x,-6.83757
2.122845397,1760031250.306845397,/xwing/imu.linear_acceleration.x,-6.70023
2.122869776,1760031250.306869776,/xwing/imu.linear_acceleration.x,-6.641370000000001
2.12735018,1760031250.311350180,/xwing/imu.linear_acceleration.x,-6.670800000000001
2.127358923,1760031250.311358923,/xwing/imu.linear_acceleration.x,-6.798330000000001
2.127367952,1760031250.311367952,/xwing/imu.linear_acceleration.x,-6.916050000000001
2.127376714,1760031250.311376714,/xwing/imu.linear_acceleration.x,-6.876810000000001
2.13196,1760031250.315960000,/xwing/imu.linear_acceleration.x,-6.680610000000001
2.131972808,1760031250.315972808,/xwing/imu.linear_acceleration.x,-6.49422
2.131983545,1760031250.315983545,/xwing/imu.linear_acceleration.x,-6.533460000000001
2.137996105,1760031250.321996105,/xwing/imu.linear_acceleration.x,-6.7590900000000005
2.138016434,1760031250.322016434,/xwing/imu.linear_acceleration.x,-6.925860000000001
2.138040581,1760031250.322040581,/xwing/imu.linear_acceleration.x,-6.876810000000001
2.138061809,1760031250.322061809,/xwing/imu.linear_acceleration.x,-6.739470000000001
2.138083776,1760031250.322083776,/xwing/imu.linear_acceleration.x,-6.641370000000001
2.138103122,1760031250.322103122,/xwing/imu.linear_acceleration.x,-6.6904200000000005
2.138117265,1760031250.322117265,/xwing/imu.linear_acceleration.x,-6.8964300000000005
2.157409909,1760031250.341409909,/xwing/imu.linear_acceleration.x,-7.1024400000000005
2.157425027,1760031250.341425027,/xwing/imu.linear_acceleration.x,-7.190730000000001
2.1574396350000002,1760031250.341439635,/xwing/imu.linear_acceleration.x,-7.063200000000001
2.157457736,1760031250.341457736,/xwing/imu.linear_acceleration.x,-6.886620000000001
2.157489626,1760031250.341489626,/xwing/imu.linear_acceleration.x,-6.867000000000001
2.157507588,1760031250.341507588,/xwing/imu.linear_acceleration.x,-6.984720000000001
2.157520525,1760031250.341520525,/xwing/imu.linear_acceleration.x,-7.1711100000000005
2.157534845,1760031250.341534845,/xwing/imu.linear_acceleration.x,-7.259400000000001
2.157674075,1760031250.341674075,/xwing/imu.linear_acceleration.x,-7.190730000000001
2.1576944,1760031250.341694400,/xwing/imu.linear_acceleration.x,-6.8964300000000005
2.1577106280000002,1760031250.341710628,/xwing/imu.linear_acceleration.x,-7.004340000000001
2.157725807,1760031250.341725807,/xwing/imu.linear_acceleration.x,-7.279020000000001
2.157743275,1760031250.341743275,/xwing/imu.linear_acceleration.x,-7.465410000000001
2.157765406,1760031250.341765406,/xwing/imu.linear_acceleration.x,-7.357500000000001
2.157803432,1760031250.341803432,/xwing/imu.linear_acceleration.x,-7.357500000000001
2.157843315,1760031250.341843315,/xwing/imu.linear_acceleration.x,-7.1711100000000005
2.157865745,1760031250.341865745,/xwing/imu.linear_acceleration.x,-7.04358
2.157885744,1760031250.341885744,/xwing/imu.linear_acceleration.x,-7.092630000000001
2.157899194,1760031250.341899194,/xwing/imu.linear_acceleration.x,-7.151490000000001
2.160616662,1760031250.344616662,/xwing/imu.linear_acceleration.x,-7.151490000000001
2.160634406,1760031250.344634406,/xwing/imu.linear_acceleration.x,-7.0337700000000005
2.160765546,1760031250.344765546,/xwing/imu.linear_acceleration.x,-6.876810000000001
2.160780371,1760031250.344780371,/xwing/imu.linear_acceleration.x,-6.867000000000001
2.168753319,1760031250.352753319,/xwing/imu.linear_acceleration.x,-7.082820000000001
2.168778677,1760031250.352778677,/xwing/imu.linear_acceleration.x,-7.24959
2.168793943,1760031250.352793943,/xwing/imu.linear_acceleration.x,-7.357500000000001
2.168813043,1760031250.352813043,/xwing/imu.linear_acceleration.x,-7.279020000000001
2.169905258,1760031250.353905258,/xwing/imu.linear_acceleration.x,-7.161300000000001
2.169928134,1760031250.353928134,/xwing/imu.linear_acceleration.x,-7.190730000000001
2.169950962,1760031250.353950962,/xwing/imu.linear_acceleration.x,-7.31826
2.169969032,1760031250.353969032,/xwing/imu.linear_acceleration.x,-7.534080000000001
2.169986053,1760031250.353986053,/xwing/imu.linear_acceleration.x,-7.74009
2.170048084,1760031250.354048084,/xwing/imu.linear_acceleration.x,-7.710660000000001
2.176935417,1760031250.360935417,/xwing/imu.linear_acceleration.x,-7.534080000000001
2.176953953,1760031250.360953953,/xwing/imu.linear_acceleration.x,-7.4556000000000004
2.176965194,1760031250.360965194,/xwing/imu.linear_acceleration.x,-7.5242700000000005
2.176982161,1760031250.360982161,/xwing/imu.linear_acceleration.x,-7.759710000000001
2.182816821,1760031250.366816821,/xwing/imu.linear_acceleration.x,-7.926480000000001
2.182844887,1760031250.366844887,/xwing/imu.linear_acceleration.x,-7.975530000000001
2.182856642,1760031250.366856642,/xwing/imu.linear_acceleration.x,-7.857810000000001
2.182868615,1760031250.366868615,/xwing/imu.linear_acceleration.x,-7.6616100000000005
2.182882998,1760031250.366882998,/xwing/imu.linear_acceleration.x,-7.641990000000001
2.182894285,1760031250.366894285,/xwing/imu.linear_acceleration.x,-7.828380000000001
2.185580902,1760031250.369580902,/xwing/imu.linear_acceleration.x,-8.083440000000001
2.18559295,1760031250.369592950,/xwing/imu.linear_acceleration.x,-8.230590000000001
2.18560416,1760031250.369604160,/xwing/imu.linear_acceleration.x,-8.112870000000001
2.185614762,1760031250.369614762,/xwing/imu.linear_acceleration.x,-7.985340000000001
2.189607276,1760031250.373607276,/xwing/imu.linear_acceleration.x,-7.975530000000001
2.1896265870000002,1760031250.373626587,/xwing/imu.linear_acceleration.x,-8.112870000000001
2.189646589,1760031250.373646589,/xwing/imu.linear_acceleration.x,-8.348310000000001
2.193597155,1760031250.377597155,/xwing/imu.linear_acceleration.x,-8.5347
2.193602318,1760031250.377602318,/xwing/imu.linear_acceleration.x,-8.524890000000001
2.193607432,1760031250.377607432,/xwing/imu.linear_acceleration.x,-8.387550000000001
2.193616124,1760031250.377616124,/xwing/imu.linear_acceleration.x,-8.17173
2.193621722,1760031250.377621722,/xwing/imu.linear_acceleration.x,-8.240400000000001
2.193625302,1760031250.377625302,/xwing/imu.linear_acceleration.x,-8.485650000000001
2.200025838,1760031250.384025838,/xwing/imu.linear_acceleration.x,-8.67204
2.200039849,1760031250.384039849,/xwing/imu.linear_acceleration.x,-8.750520000000002
2.200047699,1760031250.384047699,/xwing/imu.linear_acceleration.x,-8.613180000000002
2.200053535,1760031250.384053535,/xwing/imu.linear_acceleration.x,-8.44641
2.204675758,1760031250.388675758,/xwing/imu.linear_acceleration.x,-8.41698
2.204680218,1760031250.388680218,/xwing/imu.linear_acceleration.x,-8.524890000000001
2.204685335,1760031250.388685335,/xwing/imu.linear_acceleration.x,-8.740710000000002
2.204689562,1760031250.388689562,/xwing/imu.linear_acceleration.x,-8.97615
2.204693332,1760031250.388693332,/xwing/imu.linear_acceleration.x,-8.897670000000002
2.204717127,1760031250.388717127,/xwing/imu.linear_acceleration.x,-8.68185
2.204728507,1760031250.388728507,/xwing/imu.linear_acceleration.x,-8.55432
2.208544585,1760031250.392544585,/xwing/imu.linear_acceleration.x,-8.67204
2.208548329,1760031250.392548329,/xwing/imu.linear_acceleration.x,-8.927100000000001
2.208552098,1760031250.392552098,/xwing/imu.linear_acceleration.x,-9.1233
2.208557563,1760031250.392557563,/xwing/imu.linear_acceleration.x,-9.084060000000001
2.21127801,1760031250.395278010,/xwing/imu.linear_acceleration.x,-8.878050000000002
2.214765506,1760031250.398765506,/xwing/imu.linear_acceleration.x,-8.68185
2.214778106,1760031250.398778106,/xwing/imu.linear_acceleration.x,-8.72109
2.214783737,1760031250.398783737,/xwing/imu.linear_acceleration.x,-8.97615
2.214817073,1760031250.398817073,/xwing/imu.linear_acceleration.x,-9.299880000000002
2.214826824,1760031250.398826824,/xwing/imu.linear_acceleration.x,-9.53532
2.2192948120000002,1760031250.403294812,/xwing/imu.linear_acceleration.x,-9.37836
2.21932413,1760031250.403324130,/xwing/imu.linear_acceleration.x,-9.1233
2.219405301,1760031250.403405301,/xwing/imu.linear_acceleration.x,-9.015390000000002
2.219409975,1760031250.403409975,/xwing/imu.linear_acceleration.x,-9.152730000000002
2.22064696,1760031250.404646960,/xwing/imu.linear_acceleration.x,-9.52551
2.220655761,1760031250.404655761,/xwing/imu.linear_acceleration.x,-9.760950000000001
2.223980555,1760031250.407980555,/xwing/imu.linear_acceleration.x,-9.80019
2.2239868720000002,1760031250.407986872,/xwing/imu.linear_acceleration.x,-9.69228
2.224006086,1760031250.408006086,/xwing/imu.linear_acceleration.x,-9.584370000000002
2.224017581,1760031250.408017581,/xwing/imu.linear_acceleration.x,-9.613800000000001
2.229379432,1760031250.413379432,/xwing/imu.linear_acceleration.x,-10.055250000000001
2.229384128,1760031250.413384128,/xwing/imu.linear_acceleration.x,-10.1043
2.229534254,1760031250.413534254,/xwing/imu.linear_acceleration.x,-9.95715
2.229566372,1760031250.413566372,/xwing/imu.linear_acceleration.x,-9.78057
2.23363952,1760031250.417639520,/xwing/imu.linear_acceleration.x,-9.859050000000002
2.233707902,1760031250.417707902,/xwing/imu.linear_acceleration.x,-10.035630000000001
2.233745006,1760031250.417745006,/xwing/imu.linear_acceleration.x,-10.24164
2.233771564,1760031250.417771564,/xwing/imu.linear_acceleration.x,-10.35936
2.236961281,1760031250.420961281,/xwing/imu.linear_acceleration.x,-10.271070000000002
2.236968685,1760031250.420968685,/xwing/imu.linear_acceleration.x,-10.2024
2.236972263,1760031250.420972263,/xwing/imu.linear_acceleration.x,-10.21221
2.236976079,1760031250.420976079,/xwing/imu.linear_acceleration.x,-10.408410000000002
2.242545498,1760031250.426545498,/xwing/imu.linear_acceleration.x,-10.692900000000002
2.242558446,1760031250.426558446,/xwing/imu.linear_acceleration.x,-10.76157
2.242729767,1760031250.426729767,/xwing/imu.linear_acceleration.x,-10.66347
2.248056896,1760031250.432056896,/xwing/imu.linear_acceleration.x,-10.545750000000002
2.248080243,1760031250.432080243,/xwing/imu.linear_acceleration.x,-10.535940000000002
2.2480972980000002,1760031250.432097298,/xwing/imu.linear_acceleration.x,-10.712520000000001
2.248114447,1760031250.432114447,/xwing/imu.linear_acceleration.x,-10.879290000000001
2.248126858,1760031250.432126858,/xwing/imu.linear_acceleration.x,-10.89891
2.248164357,1760031250.432164357,/xwing/imu.linear_acceleration.x,-10.80081
2.253446366,1760031250.437446366,/xwing/imu.linear_acceleration.x,-10.62423
2.253458678,1760031250.437458678,/xwing/imu.linear_acceleration.x,-10.63404
2.2534742100000003,1760031250.437474210,/xwing/imu.linear_acceleration.x,-10.76157
2.253487407,1760031250.437487407,/xwing/imu.linear_acceleration.x,-10.957770000000002
2.253852325,1760031250.437852325,/xwing/imu.linear_acceleration.x,-11.095110000000002
2.253881854,1760031250.437881854,/xwing/imu.linear_acceleration.x,-10.987200000000001
2.253931604,1760031250.437931604,/xwing/imu.linear_acceleration.x,-10.869480000000001
2.258245734,1760031250.442245734,/xwing/imu.linear_acceleration.x,-10.840050000000002
2.258290677,1760031250.442290677,/xwing/imu.linear_acceleration.x,-11.026440000000001
2.258305972,1760031250.442305972,/xwing/imu.linear_acceleration.x,-11.242260000000002
2.258324677,1760031250.442324677,/xwing/imu.linear_acceleration.x,-11.291310000000001
2.261749907,1760031250.445749907,/xwing/imu.linear_acceleration.x,-11.21283
2.261795888,1760031250.445795888,/xwing/imu.linear_acceleration.x,-11.07549
2.261814745,1760031250.445814745,/xwing/imu.linear_acceleration.x,-10.93815
2.261829787,1760031250.445829787,/xwing/imu.linear_acceleration.x,-11.05587
2.267249895,1760031250.451249895,/xwing/imu.linear_acceleration.x,-11.232450000000002
2.267268162,1760031250.451268162,/xwing/imu.linear_acceleration.x,-11.409030000000001
2.26728144,1760031250.451281440,/xwing/imu.linear_acceleration.x,-11.438460000000001
2.270255927,1760031250.454255927,/xwing/imu.linear_acceleration.x,-11.271690000000001
2.270289732,1760031250.454289732,/xwing/imu.linear_acceleration.x,-11.1834
2.270303467,1760031250.454303467,/xwing/imu.linear_acceleration.x,-11.222640000000002
2.270313538,1760031250.454313538,/xwing/imu.linear_acceleration.x,-11.359980000000002
2.271360444,1760031250.455360444,/xwing/imu.linear_acceleration.x,-11.575800000000001
2.271383686,1760031250.455383686,/xwing/imu.linear_acceleration.x,-11.61504
2.276067688,1760031250.460067688,/xwing/imu.linear_acceleration.x,-11.634660000000002
2.276079343,1760031250.460079343,/xwing/imu.linear_acceleration.x,-11.76219
2.27609795,1760031250.460097950,/xwing/imu.linear_acceleration.x,-11.87991
2.276107375,1760031250.460107375,/xwing/imu.linear_acceleration.x,-11.978010000000001
2.281488131,1760031250.465488131,/xwing/imu.linear_acceleration.x,-12.03687
2.281524083,1760031250.465524083,/xwing/imu.linear_acceleration.x,-12.095730000000001
2.281557683,1760031250.465557683,/xwing/imu.linear_acceleration.x,-12.095730000000001
2.28169667,1760031250.465696670,/xwing/imu.linear_acceleration.x,-12.115350000000001
2.281705161,1760031250.465705161,/xwing/imu.linear_acceleration.x,-12.1644
2.284958277,1760031250.468958277,/xwing/imu.linear_acceleration.x,-12.223260000000002
2.28500719,1760031250.469007190,/xwing/imu.linear_acceleration.x,-12.17421
2.28504848,1760031250.469048480,/xwing/imu.linear_acceleration.x,-12.125160000000001
2.285078572,1760031250.469078572,/xwing/imu.linear_acceleration.x,-12.14478
2.285165207,1760031250.469165207,/xwing/imu.linear_acceleration.x,-12.184020000000002
2.289641049,1760031250.473641049,/xwing/imu.linear_acceleration.x,-12.272310000000001
2.289657461,1760031250.473657461,/xwing/imu.linear_acceleration.x,-12.213450000000002
2.289668927,1760031250.473668927,/xwing/imu.linear_acceleration.x,-12.203640000000002
2.289727302,1760031250.473727302,/xwing/imu.linear_acceleration.x,-12.31155
2.289778028,1760031250.473778028,/xwing/imu.linear_acceleration.x,-12.488130000000002
2.292504338,1760031250.476504338,/xwing/imu.linear_acceleration.x,-12.654900000000001
2.292522709,1760031250.476522709,/xwing/imu.linear_acceleration.x,-12.615660000000002
2.292535924,1760031250.476535924,/xwing/imu.linear_acceleration.x,-12.507750000000001
2.292548306,1760031250.476548306,/xwing/imu.linear_acceleration.x,-12.468510000000002
2.296738752,1760031250.480738752,/xwing/imu.linear_acceleration.x,-12.488130000000002
2.296751711,1760031250.480751711,/xwing/imu.linear_acceleration.x,-12.5568
2.300306441,1760031250.484306441,/xwing/imu.linear_acceleration.x,-12.497940000000002
2.3003657090000003,1760031250.484365709,/xwing/imu.linear_acceleration.x,-12.44889
2.300375985,1760031250.484375985,/xwing/imu.linear_acceleration.x,-12.399840000000001
2.300423567,1760031250.484423567,/xwing/imu.linear_acceleration.x,-12.360600000000002
2.303543434,1760031250.487543434,/xwing/imu.linear_acceleration.x,-12.252690000000001
2.303567716,1760031250.487567716,/xwing/imu.linear_acceleration.x,-12.242880000000001
2.303587069,1760031250.487587069,/xwing/imu.linear_acceleration.x,-12.340980000000002
2.310865691,1760031250.494865691,/xwing/imu.linear_acceleration.x,-12.41946
2.310882394,1760031250.494882394,/xwing/imu.linear_acceleration.x,-12.44889
2.310893447,1760031250.494893447,/xwing/imu.linear_acceleration.x,-12.360600000000002
2.310923519,1760031250.494923519,/xwing/imu.linear_acceleration.x,-12.331170000000002
2.310948447,1760031250.494948447,/xwing/imu.linear_acceleration.x,-12.458700000000002
2.3109617350000002,1760031250.494961735,/xwing/imu.linear_acceleration.x,-12.5568
2.310983229,1760031250.494983229,/xwing/imu.linear_acceleration.x,-12.5568
2.310998675,1760031250.494998675,/xwing/imu.linear_acceleration.x,-12.596040000000002
2.32460704,1760031250.508607040,/xwing/imu.linear_acceleration.x,-12.527370000000001
2.324616847,1760031250.508616847,/xwing/imu.linear_acceleration.x,-12.497940000000002
2.324932993,1760031250.508932993,/xwing/imu.linear_acceleration.x,-12.527370000000001
2.32495013,1760031250.508950130,/xwing/imu.linear_acceleration.x,-12.546990000000001
2.324966503,1760031250.508966503,/xwing/imu.linear_acceleration.x,-12.488130000000002
2.324999686,1760031250.508999686,/xwing/imu.linear_acceleration.x,-12.43908
2.325016303,1760031250.509016303,/xwing/imu.linear_acceleration.x,-12.468510000000002
2.325042852,1760031250.509042852,/xwing/imu.linear_acceleration.x,-12.517560000000001
2.325055877,1760031250.509055877,/xwing/imu.linear_acceleration.x,-12.517560000000001
2.327189989,1760031250.511189989,/xwing/imu.linear_acceleration.x,-12.41946
2.327220781,1760031250.511220781,/xwing/imu.linear_acceleration.x,-12.41946
2.327256347,1760031250.511256347,/xwing/imu.linear_acceleration.x,-12.546990000000001
2.327287192,1760031250.511287192,/xwing/imu.linear_acceleration.x,-12.72357
2.327309875,1760031250.511309875,/xwing/imu.linear_acceleration.x,-12.772620000000002
2.327321207,1760031250.511321207,/xwing/imu.linear_acceleration.x,-12.72357
2.327340765,1760031250.511340765,/xwing/imu.linear_acceleration.x,-12.733380000000002
2.3273715360000002,1760031250.511371536,/xwing/imu.linear_acceleration.x,-12.8511
2.355255653,1760031250.539255653,/xwing/imu.linear_acceleration.x,-12.939390000000001
2.355270133,1760031250.539270133,/xwing/imu.linear_acceleration.x,-12.900150000000002
2.355284536,1760031250.539284536,/xwing/imu.linear_acceleration.x,-12.792240000000001
2.355314952,1760031250.539314952,/xwing/imu.linear_acceleration.x,-12.762810000000002
2.355329744,1760031250.539329744,/xwing/imu.linear_acceleration.x,-12.84129
2.35534626,1760031250.539346260,/xwing/imu.linear_acceleration.x,-12.84129
2.35538033,1760031250.539380330,/xwing/imu.linear_acceleration.x,-12.782430000000002
2.355552604,1760031250.539552604,/xwing/imu.linear_acceleration.x,-12.684330000000001
2.35632674,1760031250.540326740,/xwing/imu.linear_acceleration.x,-12.762810000000002
2.356345526,1760031250.540345526,/xwing/imu.linear_acceleration.x,-12.86091
2.356382248,1760031250.540382248,/xwing/imu.linear_acceleration.x,-12.909960000000002
2.356398202,1760031250.540398202,/xwing/imu.linear_acceleration.x,-12.84129
2.356440885,1760031250.540440885,/xwing/imu.linear_acceleration.x,-12.733380000000002
2.356458496,1760031250.540458496,/xwing/imu.linear_acceleration.x,-12.753000000000002
2.356476707,1760031250.540476707,/xwing/imu.linear_acceleration.x,-12.84129
2.356491299,1760031250.540491299,/xwing/imu.linear_acceleration.x,-12.8511
2.356515127,1760031250.540515127,/xwing/imu.linear_acceleration.x,-12.802050000000001
2.356528864,1760031250.540528864,/xwing/imu.linear_acceleration.x,-12.743190000000002
2.356539372,1760031250.540539372,/xwing/imu.linear_acceleration.x,-12.674520000000001
2.356564459,1760031250.540564459,/xwing/imu.linear_acceleration.x,-12.664710000000001
2.356583067,1760031250.540583067,/xwing/imu.linear_acceleration.x,-12.654900000000001
2.356593567,1760031250.540593567,/xwing/imu.linear_acceleration.x,-12.615660000000002
2.361290792,1760031250.545290792,/xwing/imu.linear_acceleration.x,-12.57642
2.361305296,1760031250.545305296,/xwing/imu.linear_acceleration.x,-12.488130000000002
2.361319024,1760031250.545319024,/xwing/imu.linear_acceleration.x,-12.478320000000002
2.36138051,1760031250.545380510,/xwing/imu.linear_acceleration.x,-12.507750000000001
2.361389776,1760031250.545389776,/xwing/imu.linear_acceleration.x,-12.497940000000002
2.361405584,1760031250.545405584,/xwing/imu.linear_acceleration.x,-12.409650000000001
2.361520793,1760031250.545520793,/xwing/imu.linear_acceleration.x,-12.321360000000002
2.361540364,1760031250.545540364,/xwing/imu.linear_acceleration.x,-12.262500000000001
2.361572309,1760031250.545572309,/xwing/imu.linear_acceleration.x,-12.340980000000002
2.361835722,1760031250.545835722,/xwing/imu.linear_acceleration.x,-12.360600000000002
2.361838291,1760031250.545838291,/xwing/imu.linear_acceleration.x,-12.30174
2.361843524,1760031250.545843524,/xwing/imu.linear_acceleration.x,-12.203640000000002
2.365412969,1760031250.549412969,/xwing/imu.linear_acceleration.x,-12.1644
2.365422236,1760031250.549422236,/xwing/imu.linear_acceleration.x,-12.213450000000002
2.36543175,1760031250.549431750,/xwing/imu.linear_acceleration.x,-12.213450000000002
2.365445514,1760031250.549445514,/xwing/imu.linear_acceleration.x,-12.134970000000001
2.3707868100000002,1760031250.554786810,/xwing/imu.linear_acceleration.x,-12.046680000000002
2.370825459,1760031250.554825459,/xwing/imu.linear_acceleration.x,-12.01725
2.37085397,1760031250.554853970,/xwing/imu.linear_acceleration.x,-11.978010000000001
2.370870544,1760031250.554870544,/xwing/imu.linear_acceleration.x,-11.997630000000001
2.3761910950000003,1760031250.560191095,/xwing/imu.linear_acceleration.x,-11.997630000000001
2.376205616,1760031250.560205616,/xwing/imu.linear_acceleration.x,-11.909340000000002
2.376220562,1760031250.560220562,/xwing/imu.linear_acceleration.x,-11.821050000000001
2.37623271,1760031250.560232710,/xwing/imu.linear_acceleration.x,-11.821050000000001
2.398041422,1760031250.582041422,/xwing/imu.linear_acceleration.x,-11.830860000000001
2.39804494,1760031250.582044940,/xwing/imu.linear_acceleration.x,-11.821050000000001
2.398051639,1760031250.582051639,/xwing/imu.linear_acceleration.x,-11.781810000000002
2.3980576080000002,1760031250.582057608,/xwing/imu.linear_acceleration.x,-11.791620000000002
2.398069892,1760031250.582069892,/xwing/imu.linear_acceleration.x,-11.703330000000001
2.398120668,1760031250.582120668,/xwing/imu.linear_acceleration.x,-11.664090000000002
2.398127593,1760031250.582127593,/xwing/imu.linear_acceleration.x,-11.61504
2.398147043,1760031250.582147043,/xwing/imu.linear_acceleration.x,-11.526750000000002
2.398157047,1760031250.582157047,/xwing/imu.linear_acceleration.x,-11.438460000000001
2.398162464,1760031250.582162464,/xwing/imu.linear_acceleration.x,-11.409030000000001
2.398167741,1760031250.582167741,/xwing/imu.linear_acceleration.x,-11.32074
2.398183951,1760031250.582183951,/xwing/imu.linear_acceleration.x,-11.242260000000002
2.398187789,1760031250.582187789,/xwing/imu.linear_acceleration.x,-11.144160000000001
2.398190749,1760031250.582190749,/xwing/imu.linear_acceleration.x,-11.085300000000002
2.398199679,1760031250.582199679,/xwing/imu.linear_acceleration.x,-10.987200000000001
2.398206032,1760031250.582206032,/xwing/imu.linear_acceleration.x,-11.03625
2.398215046,1760031250.582215046,/xwing/imu.linear_acceleration.x,-11.04606
2.398224811,1760031250.582224811,/xwing/imu.linear_acceleration.x,-11.114730000000002
2.398230418,1760031250.582230418,/xwing/imu.linear_acceleration.x,-11.144160000000001
2.398235322,1760031250.582235322,/xwing/imu.linear_acceleration.x,-11.006820000000001
2.398261177,1760031250.582261177,/xwing/imu.linear_acceleration.x,-10.80081
2.399851144,1760031250.583851144,/xwing/imu.linear_acceleration.x,-10.65366
2.399865351,1760031250.583865351,/xwing/imu.linear_acceleration.x,-10.47708
2.399871321,1760031250.583871321,/xwing/imu.linear_acceleration.x,-10.329930000000001
2.3998776250000002,1760031250.583877625,/xwing/imu.linear_acceleration.x,-10.35936
2.399880814,1760031250.583880814,/xwing/imu.linear_acceleration.x,-10.290690000000001
2.404447169,1760031250.588447169,/xwing/imu.linear_acceleration.x,-10.192590000000001
2.404499348,1760031250.588499348,/xwing/imu.linear_acceleration.x,-10.055250000000001
2.404503201,1760031250.588503201,/xwing/imu.linear_acceleration.x,-9.93753
2.40450796,1760031250.588507960,/xwing/imu.linear_acceleration.x,-9.94734
2.408579831,1760031250.592579831,/xwing/imu.linear_acceleration.x,-9.94734
2.408586026,1760031250.592586026,/xwing/imu.linear_acceleration.x,-9.92772
2.408592142,1760031250.592592142,/xwing/imu.linear_acceleration.x,-9.868860000000002
2.40859603,1760031250.592596030,/xwing/imu.linear_acceleration.x,-9.741330000000001
2.4088002,1760031250.592800200,/xwing/imu.linear_acceleration.x,-9.564750000000002
2.408828364,1760031250.592828364,/xwing/imu.linear_acceleration.x,-9.38817
2.412144996,1760031250.596144996,/xwing/imu.linear_acceleration.x,-9.24102
2.412148657,1760031250.596148657,/xwing/imu.linear_acceleration.x,-9.162540000000002
2.412153024,1760031250.596153024,/xwing/imu.linear_acceleration.x,-9.13311
2.420565134,1760031250.604565134,/xwing/imu.linear_acceleration.x,-9.054630000000001
2.420569881,1760031250.604569881,/xwing/imu.linear_acceleration.x,-8.936910000000001
2.420573848,1760031250.604573848,/xwing/imu.linear_acceleration.x,-8.81919
2.420577893,1760031250.604577893,/xwing/imu.linear_acceleration.x,-8.70147
2.420594261,1760031250.604594261,/xwing/imu.linear_acceleration.x,-8.613180000000002
2.424631497,1760031250.608631497,/xwing/imu.linear_acceleration.x,-8.642610000000001
2.424639268,1760031250.608639268,/xwing/imu.linear_acceleration.x,-8.69166
2.424642837,1760031250.608642837,/xwing/imu.linear_acceleration.x,-8.740710000000002
2.424646566,1760031250.608646566,/xwing/imu.linear_acceleration.x,-8.7309
2.43003883,1760031250.614038830,/xwing/imu.linear_acceleration.x,-8.613180000000002
2.4300489,1760031250.614048900,/xwing/imu.linear_acceleration.x,-8.475840000000002
2.43005932,1760031250.614059320,/xwing/imu.linear_acceleration.x,-8.466030000000002
2.430173363,1760031250.614173363,/xwing/imu.linear_acceleration.x,-8.515080000000001
2.430179711,1760031250.614179711,/xwing/imu.linear_acceleration.x,-8.54451
2.430191963,1760031250.614191963,/xwing/imu.linear_acceleration.x,-8.475840000000002
2.430198569,1760031250.614198569,/xwing/imu.linear_acceleration.x,-8.31888
2.430209627,1760031250.614209627,/xwing/imu.linear_acceleration.x,-8.18154
2.432732128,1760031250.616732128,/xwing/imu.linear_acceleration.x,-8.073630000000001
2.432747054,1760031250.616747054,/xwing/imu.linear_acceleration.x,-8.103060000000001
2.432758275,1760031250.616758275,/xwing/imu.linear_acceleration.x,-8.16192
2.432763893,1760031250.616763893,/xwing/imu.linear_acceleration.x,-8.13249
2.438796923,1760031250.622796923,/xwing/imu.linear_acceleration.x,-8.063820000000002
2.43882996,1760031250.622829960,/xwing/imu.linear_acceleration.x,-7.965720000000001
2.438843045,1760031250.622843045,/xwing/imu.linear_acceleration.x,-7.9362900000000005
2.440504753,1760031250.624504753,/xwing/imu.linear_acceleration.x,-8.0442
2.440526172,1760031250.624526172,/xwing/imu.linear_acceleration.x,-8.112870000000001
2.44053438,1760031250.624534380,/xwing/imu.linear_acceleration.x,-8.093250000000001
2.440584191,1760031250.624584191,/xwing/imu.linear_acceleration.x,-7.955910000000001
2.446378757,1760031250.630378757,/xwing/imu.linear_acceleration.x,-7.848000000000001
2.446439032,1760031250.630439032,/xwing/imu.linear_acceleration.x,-7.769520000000001
2.44649604,1760031250.630496040,/xwing/imu.linear_acceleration.x,-7.828380000000001
2.4465225630000003,1760031250.630522563,/xwing/imu.linear_acceleration.x,-7.887240000000001
2.44653974,1760031250.630539740,/xwing/imu.linear_acceleration.x,-7.7989500000000005
2.452020706,1760031250.636020706,/xwing/imu.linear_acceleration.x,-7.553700000000001
2.452040142,1760031250.636040142,/xwing/imu.linear_acceleration.x,-7.357500000000001
2.452084429,1760031250.636084429,/xwing/imu.linear_acceleration.x,-7.200540000000001
2.452107841,1760031250.636107841,/xwing/imu.linear_acceleration.x,-7.229970000000001
2.452236492,1760031250.636236492,/xwing/imu.linear_acceleration.x,-7.259400000000001
2.452249711,1760031250.636249711,/xwing/imu.linear_acceleration.x,-7.082820000000001
2.4574863000000002,1760031250.641486300,/xwing/imu.linear_acceleration.x,-6.945480000000001
2.457513703,1760031250.641513703,/xwing/imu.linear_acceleration.x,-6.867000000000001
2.457527418,1760031250.641527418,/xwing/imu.linear_acceleration.x,-6.8277600000000005
2.464055458,1760031250.648055458,/xwing/imu.linear_acceleration.x,-6.749280000000001
2.464077231,1760031250.648077231,/xwing/imu.linear_acceleration.x,-6.641370000000001
2.46408774,1760031250.648087740,/xwing/imu.linear_acceleration.x,-6.56289
2.464450942,1760031250.648450942,/xwing/imu.linear_acceleration.x,-6.504030000000001
2.464489429,1760031250.648489429,/xwing/imu.linear_acceleration.x,-6.337260000000001
2.464533882,1760031250.648533882,/xwing/imu.linear_acceleration.x,-6.180300000000001
2.468526855,1760031250.652526855,/xwing/imu.linear_acceleration.x,-6.00372
2.468548728,1760031250.652548728,/xwing/imu.linear_acceleration.x,-5.87619
2.468560171,1760031250.652560171,/xwing/imu.linear_acceleration.x,-5.817330000000001
2.468570269,1760031250.652570269,/xwing/imu.linear_acceleration.x,-5.6505600000000005
2.468606051,1760031250.652606051,/xwing/imu.linear_acceleration.x,-5.503410000000001
2.468618254,1760031250.652618254,/xwing/imu.linear_acceleration.x,-5.37588
2.471508918,1760031250.655508918,/xwing/imu.linear_acceleration.x,-5.366070000000001
2.471545961,1760031250.655545961,/xwing/imu.linear_acceleration.x,-5.415120000000001
2.471768084,1760031250.655768084,/xwing/imu.linear_acceleration.x,-5.405310000000001
2.471845532,1760031250.655845532,/xwing/imu.linear_acceleration.x,-5.32683
2.477333897,1760031250.661333897,/xwing/imu.linear_acceleration.x,-5.287590000000001
2.4773601,1760031250.661360100,/xwing/imu.linear_acceleration.x,-5.2974000000000006
2.477409631,1760031250.661409631,/xwing/imu.linear_acceleration.x,-5.336640000000001
2.477442325,1760031250.661442325,/xwing/imu.linear_acceleration.x,-5.23854
2.47764063,1760031250.661640630,/xwing/imu.linear_acceleration.x,-5.16987
2.48274886,1760031250.666748860,/xwing/imu.linear_acceleration.x,-5.150250000000001
2.482799625,1760031250.666799625,/xwing/imu.linear_acceleration.x,-5.12082
2.482833265,1760031250.666833265,/xwing/imu.linear_acceleration.x,-4.993290000000001
2.483021074,1760031250.667021074,/xwing/imu.linear_acceleration.x,-4.8853800000000005
2.484361162,1760031250.668361162,/xwing/imu.linear_acceleration.x,-4.8167100000000005
2.484389657,1760031250.668389657,/xwing/imu.linear_acceleration.x,-4.865760000000001
2.484494655,1760031250.668494655,/xwing/imu.linear_acceleration.x,-4.76766
2.489146803,1760031250.673146803,/xwing/imu.linear_acceleration.x,-4.6793700000000005
2.489156558,1760031250.673156558,/xwing/imu.linear_acceleration.x,-4.62051
2.4891766410000002,1760031250.673176641,/xwing/imu.linear_acceleration.x,-4.718610000000001
2.489188704,1760031250.673188704,/xwing/imu.linear_acceleration.x,-4.76766
2.489197932,1760031250.673197932,/xwing/imu.linear_acceleration.x,-4.7480400000000005
2.4947054680000003,1760031250.678705468,/xwing/imu.linear_acceleration.x,-4.581270000000001
2.494719088,1760031250.678719088,/xwing/imu.linear_acceleration.x,-4.4733600000000004
2.494726032,1760031250.678726032,/xwing/imu.linear_acceleration.x,-4.463550000000001
2.494732284,1760031250.678732284,/xwing/imu.linear_acceleration.x,-4.48317
2.494856687,1760031250.678856687,/xwing/imu.linear_acceleration.x,-4.48317
2.498455822,1760031250.682455822,/xwing/imu.linear_acceleration.x,-4.29678
2.498469279,1760031250.682469279,/xwing/imu.linear_acceleration.x,-4.26735
2.4986258770000003,1760031250.682625877,/xwing/imu.linear_acceleration.x,-4.2575400000000005
2.49865522,1760031250.682655220,/xwing/imu.linear_acceleration.x,-4.247730000000001
2.502476214,1760031250.686476214,/xwing/imu.linear_acceleration.x,-4.09077
2.502508137,1760031250.686508137,/xwing/imu.linear_acceleration.x,-3.8651400000000002
2.505368315,1760031250.689368315,/xwing/imu.linear_acceleration.x,-3.7474200000000004
2.505393626,1760031250.689393626,/xwing/imu.linear_acceleration.x,-3.7572300000000003
2.505402988,1760031250.689402988,/xwing/imu.linear_acceleration.x,-3.7278000000000002
2.505411745,1760031250.689411745,/xwing/imu.linear_acceleration.x,-3.7081800000000005
2.505713567,1760031250.689713567,/xwing/imu.linear_acceleration.x,-3.6297000000000006
2.5057302100000003,1760031250.689730210,/xwing/imu.linear_acceleration.x,-3.5316000000000005
2.512162988,1760031250.696162988,/xwing/imu.linear_acceleration.x,-3.4433100000000003
2.512181923,1760031250.696181923,/xwing/imu.linear_acceleration.x,-3.4727400000000004
2.51221937,1760031250.696219370,/xwing/imu.linear_acceleration.x,-3.5021700000000004
2.5122355130000003,1760031250.696235513,/xwing/imu.linear_acceleration.x,-3.4727400000000004
2.515198506,1760031250.699198506,/xwing/imu.linear_acceleration.x,-3.3059700000000003
2.518639292,1760031250.702639292,/xwing/imu.linear_acceleration.x,-3.1195800000000005
2.518662012,1760031250.702662012,/xwing/imu.linear_acceleration.x,-2.9626200000000003
2.51868072,1760031250.702680720,/xwing/imu.linear_acceleration.x,-2.9430000000000005
2.51869031,1760031250.702690310,/xwing/imu.linear_acceleration.x,-2.9135700000000004
2.520557316,1760031250.704557316,/xwing/imu.linear_acceleration.x,-2.86452
2.5208175329999998,1760031250.704817533,/xwing/imu.linear_acceleration.x,-2.76642
2.520845562,1760031250.704845562,/xwing/imu.linear_acceleration.x,-2.6094600000000003
2.52087159,1760031250.704871590,/xwing/imu.linear_acceleration.x,-2.5113600000000003
2.520890507,1760031250.704890507,/xwing/imu.linear_acceleration.x,-2.52117
2.525219524,1760031250.709219524,/xwing/imu.linear_acceleration.x,-2.52117
2.52523541,1760031250.709235410,/xwing/imu.linear_acceleration.x,-2.62908
2.525242575,1760031250.709242575,/xwing/imu.linear_acceleration.x,-2.6487000000000003
2.525276714,1760031250.709276714,/xwing/imu.linear_acceleration.x,-2.69775
2.526456653,1760031250.710456653,/xwing/imu.linear_acceleration.x,-2.6781300000000003
2.526482476,1760031250.710482476,/xwing/imu.linear_acceleration.x,-2.4525
2.537346888,1760031250.721346888,/xwing/imu.linear_acceleration.x,-2.3347800000000003
2.537369652,1760031250.721369652,/xwing/imu.linear_acceleration.x,-2.38383
2.53739268,1760031250.721392680,/xwing/imu.linear_acceleration.x,-2.56041
2.5374166540000003,1760031250.721416654,/xwing/imu.linear_acceleration.x,-2.68794
2.537442086,1760031250.721442086,/xwing/imu.linear_acceleration.x,-2.69775
2.537462207,1760031250.721462207,/xwing/imu.linear_acceleration.x,-2.5996500000000005
2.537572662,1760031250.721572662,/xwing/imu.linear_acceleration.x,-2.5309800000000005
2.537589571,1760031250.721589571,/xwing/imu.linear_acceleration.x,-2.5113600000000003
2.5376463190000003,1760031250.721646319,/xwing/imu.linear_acceleration.x,-2.58984
2.5376559160000003,1760031250.721655916,/xwing/imu.linear_acceleration.x,-2.6388900000000004
2.561502967,1760031250.745502967,/xwing/imu.linear_acceleration.x,-2.6487000000000003
2.561520981,1760031250.745520981,/xwing/imu.linear_acceleration.x,-2.6094600000000003
2.561530715,1760031250.745530715,/xwing/imu.linear_acceleration.x,-2.65851
2.561540581,1760031250.745540581,/xwing/imu.linear_acceleration.x,-2.6388900000000004
2.56156183,1760031250.745561830,/xwing/imu.linear_acceleration.x,-2.6388900000000004
2.561597472,1760031250.745597472,/xwing/imu.linear_acceleration.x,-2.6388900000000004
2.561616417,1760031250.745616417,/xwing/imu.linear_acceleration.x,-2.65851
2.56164232,1760031250.745642320,/xwing/imu.linear_acceleration.x,-2.7762300000000004
2.561677694,1760031250.745677694,/xwing/imu.linear_acceleration.x,-2.8056600000000005
2.5617088519999998,1760031250.745708852,/xwing/imu.linear_acceleration.x,-2.7762300000000004
2.561723992,1760031250.745723992,/xwing/imu.linear_acceleration.x,-2.7762300000000004
2.561737568,1760031250.745737568,/xwing/imu.linear_acceleration.x,-2.7468000000000004
2.561756725,1760031250.745756725,/xwing/imu.linear_acceleration.x,-2.7860400000000003
2.561778272,1760031250.745778272,/xwing/imu.linear_acceleration.x,-2.8056600000000005
2.561793723,1760031250.745793723,/xwing/imu.linear_acceleration.x,-2.8841400000000004
2.561833091,1760031250.745833091,/xwing/imu.linear_acceleration.x,-2.86452
2.561846014,1760031250.745846014,/xwing/imu.linear_acceleration.x,-2.7369900000000005
2.5619219600000003,1760031250.745921960,/xwing/imu.linear_acceleration.x,-2.6781300000000003
2.561931122,1760031250.745931122,/xwing/imu.linear_acceleration.x,-2.69775
2.5619546250000003,1760031250.745954625,/xwing/imu.linear_acceleration.x,-2.72718
2.561993393,1760031250.745993393,/xwing/imu.linear_acceleration.x,-2.7369900000000005
2.562011723,1760031250.746011723,/xwing/imu.linear_acceleration.x,-2.76642
2.5620251019999998,1760031250.746025102,/xwing/imu.linear_acceleration.x,-2.7468000000000004
2.562036227,1760031250.746036227,/xwing/imu.linear_acceleration.x,-2.7173700000000003
2.5647620939999998,1760031250.748762094,/xwing/imu.linear_acceleration.x,-2.6487000000000003
2.56480961,1760031250.748809610,/xwing/imu.linear_acceleration.x,-2.69775
2.564848006,1760031250.748848006,/xwing/imu.linear_acceleration.x,-2.72718
2.564862642,1760031250.748862642,/xwing/imu.linear_acceleration.x,-2.72718
2.5675636500000003,1760031250.751563650,/xwing/imu.linear_acceleration.x,-2.72718
2.567567644,1760031250.751567644,/xwing/imu.linear_acceleration.x,-2.7173700000000003
2.573018856,1760031250.757018856,/xwing/imu.linear_acceleration.x,-2.6781300000000003
2.573028965,1760031250.757028965,/xwing/imu.linear_acceleration.x,-2.62908
2.573036555,1760031250.757036555,/xwing/imu.linear_acceleration.x,-2.7173700000000003
2.573044856,1760031250.757044856,/xwing/imu.linear_acceleration.x,-2.8449000000000004
2.57304975,1760031250.757049750,/xwing/imu.linear_acceleration.x,-2.9233800000000003
2.573076821,1760031250.757076821,/xwing/imu.linear_acceleration.x,-2.93319
2.57308268,1760031250.757082680,/xwing/imu.linear_acceleration.x,-2.9822400000000004
2.573086409,1760031250.757086409,/xwing/imu.linear_acceleration.x,-3.0116700000000005
2.5842252869999998,1760031250.768225287,/xwing/imu.linear_acceleration.x,-3.0509100000000005
2.584241646,1760031250.768241646,/xwing/imu.linear_acceleration.x,-3.0999600000000003
2.584245342,1760031250.768245342,/xwing/imu.linear_acceleration.x,-3.2176800000000005
2.584257,1760031250.768257000,/xwing/imu.linear_acceleration.x,-3.3354000000000004
2.58426546,1760031250.768265460,/xwing/imu.linear_acceleration.x,-3.3746400000000003
2.584277669,1760031250.768277669,/xwing/imu.linear_acceleration.x,-3.45312
2.5843159,1760031250.768315900,/xwing/imu.linear_acceleration.x,-3.5512200000000003
2.5884165880000003,1760031250.772416588,/xwing/imu.linear_acceleration.x,-3.65913
2.58842683,1760031250.772426830,/xwing/imu.linear_acceleration.x,-3.7278000000000002
2.588443466,1760031250.772443466,/xwing/imu.linear_acceleration.x,-3.8945700000000003
2.588451888,1760031250.772451888,/xwing/imu.linear_acceleration.x,-4.01229
2.5884588490000002,1760031250.772458849,/xwing/imu.linear_acceleration.x,-4.08096
2.588463416,1760031250.772463416,/xwing/imu.linear_acceleration.x,-4.169250000000001
2.588468194,1760031250.772468194,/xwing/imu.linear_acceleration.x,-4.306590000000001
2.588472277,1760031250.772472277,/xwing/imu.linear_acceleration.x,-4.42431
2.600629027,1760031250.784629027,/xwing/imu.linear_acceleration.x,-4.49298
2.600662485,1760031250.784662485,/xwing/imu.linear_acceleration.x,-4.57146
2.600665286,1760031250.784665286,/xwing/imu.linear_acceleration.x,-4.649940000000001
2.600674464,1760031250.784674464,/xwing/imu.linear_acceleration.x,-4.7088
2.6006783870000003,1760031250.784678387,/xwing/imu.linear_acceleration.x,-4.7088
2.6007868160000003,1760031250.784786816,/xwing/imu.linear_acceleration.x,-4.797090000000001
2.60079077,1760031250.784790770,/xwing/imu.linear_acceleration.x,-4.875570000000001
2.600817705,1760031250.784817705,/xwing/imu.linear_acceleration.x,-4.924620000000001
2.60084705,1760031250.784847050,/xwing/imu.linear_acceleration.x,-5.012910000000001
2.600851382,1760031250.784851382,/xwing/imu.linear_acceleration.x,-5.11101
2.608238347,1760031250.792238347,/xwing/imu.linear_acceleration.x,-5.199300000000001
2.608242883,1760031250.792242883,/xwing/imu.linear_acceleration.x,-5.25816
2.608247371,1760031250.792247371,/xwing/imu.linear_acceleration.x,-5.37588
2.608250108,1760031250.792250108,/xwing/imu.linear_acceleration.x,-5.46417
2.608258535,1760031250.792258535,/xwing/imu.linear_acceleration.x,-5.542650000000001
2.611808752,1760031250.795808752,/xwing/imu.linear_acceleration.x,-5.5917
2.611845631,1760031250.795845631,/xwing/imu.linear_acceleration.x,-5.689800000000001
2.611852561,1760031250.795852561,/xwing/imu.linear_acceleration.x,-5.768280000000001
2.611856939,1760031250.795856939,/xwing/imu.linear_acceleration.x,-5.79771
2.611860489,1760031250.795860489,/xwing/imu.linear_acceleration.x,-5.86638
2.611864119,1760031250.795864119,/xwing/imu.linear_acceleration.x,-5.954670000000001
2.61187236,1760031250.795872360,/xwing/imu.linear_acceleration.x,-6.01353
2.619180075,1760031250.803180075,/xwing/imu.linear_acceleration.x,-6.121440000000001
2.619208448,1760031250.803208448,/xwing/imu.linear_acceleration.x,-6.20973
2.619210457,1760031250.803210457,/xwing/imu.linear_acceleration.x,-6.28821
2.619212402,1760031250.803212402,/xwing/imu.linear_acceleration.x,-6.317640000000001
2.619389998,1760031250.803389998,/xwing/imu.linear_acceleration.x,-6.454980000000001
2.619402156,1760031250.803402156,/xwing/imu.linear_acceleration.x,-6.5530800000000005
2.619412045,1760031250.803412045,/xwing/imu.linear_acceleration.x,-6.63156
2.619423607,1760031250.803423607,/xwing/imu.linear_acceleration.x,-6.739470000000001
2.62792065,1760031250.811920650,/xwing/imu.linear_acceleration.x,-6.867000000000001
2.627933843,1760031250.811933843,/xwing/imu.linear_acceleration.x,-6.9651000000000005
2.627939109,1760031250.811939109,/xwing/imu.linear_acceleration.x,-7.053390000000001
2.627943507,1760031250.811943507,/xwing/imu.linear_acceleration.x,-7.190730000000001
2.62794946,1760031250.811949460,/xwing/imu.linear_acceleration.x,-7.328070000000001
2.6279580989999998,1760031250.811958099,/xwing/imu.linear_acceleration.x,-7.426170000000001
2.627964016,1760031250.811964016,/xwing/imu.linear_acceleration.x,-7.514460000000001
2.627968792,1760031250.811968792,/xwing/imu.linear_acceleration.x,-7.632180000000001
2.631599979,1760031250.815599979,/xwing/imu.linear_acceleration.x,-7.749900000000001
2.631608148,1760031250.815608148,/xwing/imu.linear_acceleration.x,-7.789140000000001
2.631614747,1760031250.815614747,/xwing/imu.linear_acceleration.x,-7.897050000000001
2.631621602,1760031250.815621602,/xwing/imu.linear_acceleration.x,-8.01477
2.631637972,1760031250.815637972,/xwing/imu.linear_acceleration.x,-8.15211
2.636017182,1760031250.820017182,/xwing/imu.linear_acceleration.x,-8.230590000000001
2.636021226,1760031250.820021226,/xwing/imu.linear_acceleration.x,-8.42679
2.636024933,1760031250.820024933,/xwing/imu.linear_acceleration.x,-8.613180000000002
2.636030722,1760031250.820030722,/xwing/imu.linear_acceleration.x,-8.779950000000001
2.638635827,1760031250.822635827,/xwing/imu.linear_acceleration.x,-8.917290000000001
2.638681502,1760031250.822681502,/xwing/imu.linear_acceleration.x,-9.11349
2.638685497,1760031250.822685497,/xwing/imu.linear_acceleration.x,-9.290070000000002
2.642285271,1760031250.826285271,/xwing/imu.linear_acceleration.x,-9.427410000000002
2.642307734,1760031250.826307734,/xwing/imu.linear_acceleration.x,-9.584370000000002
2.642312891,1760031250.826312891,/xwing/imu.linear_acceleration.x,-9.721710000000002
2.675857504,1760031250.859857504,/xwing/imu.linear_acceleration.x,-9.839430000000002
2.675910456,1760031250.859910456,/xwing/imu.linear_acceleration.x,-9.93753
2.6759438280000003,1760031250.859943828,/xwing/imu.linear_acceleration.x,-10.055250000000001
2.675966543,1760031250.859966543,/xwing/imu.linear_acceleration.x,-10.192590000000001
2.675979667,1760031250.859979667,/xwing/imu.linear_acceleration.x,-10.280880000000002
2.675993112,1760031250.859993112,/xwing/imu.linear_acceleration.x,-10.398600000000002
2.676018257,1760031250.860018257,/xwing/imu.linear_acceleration.x,-10.565370000000001
2.6760703120000002,1760031250.860070312,/xwing/imu.linear_acceleration.x,-10.712520000000001
2.676096154,1760031250.860096154,/xwing/imu.linear_acceleration.x,-10.849860000000001
2.6761151720000003,1760031250.860115172,/xwing/imu.linear_acceleration.x,-10.977390000000002
2.676126522,1760031250.860126522,/xwing/imu.linear_acceleration.x,-11.153970000000001
2.676343013,1760031250.860343013,/xwing/imu.linear_acceleration.x,-11.32074
2.676360716,1760031250.860360716,/xwing/imu.linear_acceleration.x,-11.428650000000001
2.6763769010000003,1760031250.860376901,/xwing/imu.linear_acceleration.x,-11.60523
2.676395448,1760031250.860395448,/xwing/imu.linear_acceleration.x,-11.713140000000001
2.676463817,1760031250.860463817,/xwing/imu.linear_acceleration.x,-11.830860000000001
2.676486287,1760031250.860486287,/xwing/imu.linear_acceleration.x,-11.978010000000001
2.67700251,1760031250.861002510,/xwing/imu.linear_acceleration.x,-12.125160000000001
2.677022973,1760031250.861022973,/xwing/imu.linear_acceleration.x,-12.29193
2.677033451,1760031250.861033451,/xwing/imu.linear_acceleration.x,-12.409650000000001
2.67704283,1760031250.861042830,/xwing/imu.linear_acceleration.x,-12.57642
2.677051417,1760031250.861051417,/xwing/imu.linear_acceleration.x,-12.72357
2.677295399,1760031250.861295399,/xwing/imu.linear_acceleration.x,-12.8511
2.698766116,1760031250.882766116,/xwing/imu.linear_acceleration.x,-12.959010000000001
2.698795604,1760031250.882795604,/xwing/imu.linear_acceleration.x,-13.145400000000002
2.698821249,1760031250.882821249,/xwing/imu.linear_acceleration.x,-13.292550000000002
2.698847421,1760031250.882847421,/xwing/imu.linear_acceleration.x,-13.488750000000001
2.698867686,1760031250.882867686,/xwing/imu.linear_acceleration.x,-13.606470000000002
2.698884993,1760031250.882884993,/xwing/imu.linear_acceleration.x,-13.792860000000001
2.698895186,1760031250.882895186,/xwing/imu.linear_acceleration.x,-13.998870000000002
2.698913557,1760031250.882913557,/xwing/imu.linear_acceleration.x,-14.126400000000002
2.698927876,1760031250.882927876,/xwing/imu.linear_acceleration.x,-14.302980000000002
2.698951729,1760031250.882951729,/xwing/imu.linear_acceleration.x,-14.49918
2.6990295570000002,1760031250.883029557,/xwing/imu.linear_acceleration.x,-14.675760000000002
2.6990509080000002,1760031250.883050908,/xwing/imu.linear_acceleration.x,-14.793480000000002
2.699091773,1760031250.883091773,/xwing/imu.linear_acceleration.x,-14.960250000000002
2.6991084130000003,1760031250.883108413,/xwing/imu.linear_acceleration.x,-15.117210000000002
2.699127174,1760031250.883127174,/xwing/imu.linear_acceleration.x,-15.254550000000002
2.6991447820000003,1760031250.883144782,/xwing/imu.linear_acceleration.x,-15.323220000000001
2.699157442,1760031250.883157442,/xwing/imu.linear_acceleration.x,-15.440940000000001
2.699255746,1760031250.883255746,/xwing/imu.linear_acceleration.x,-15.597900000000001
2.699358306,1760031250.883358306,/xwing/imu.linear_acceleration.x,-15.725430000000001
2.699375581,1760031250.883375581,/xwing/imu.linear_acceleration.x,-15.8922
2.699396247,1760031250.883396247,/xwing/imu.linear_acceleration.x,-16.00992
2.699412529,1760031250.883412529,/xwing/imu.linear_acceleration.x,-16.11783
2.699430695,1760031250.883430695,/xwing/imu.linear_acceleration.x,-16.206120000000002
2.699515542,1760031250.883515542,/xwing/imu.linear_acceleration.x,-16.333650000000002
2.69952456,1760031250.883524560,/xwing/imu.linear_acceleration.x,-16.480800000000002
2.699541711,1760031250.883541711,/xwing/imu.linear_acceleration.x,-16.657380000000003
2.69955008,1760031250.883550080,/xwing/imu.linear_acceleration.x,-16.824150000000003
2.6995771680000002,1760031250.883577168,/xwing/imu.linear_acceleration.x,-17.00073
2.69958921,1760031250.883589210,/xwing/imu.linear_acceleration.x,-17.157690000000002
2.6995976600000002,1760031250.883597660,/xwing/imu.linear_acceleration.x,-17.324460000000002
2.699610503,1760031250.883610503,/xwing/imu.linear_acceleration.x,-17.373510000000003
2.699619357,1760031250.883619357,/xwing/imu.linear_acceleration.x,-17.40294
2.702258359,1760031250.886258359,/xwing/imu.linear_acceleration.x,-17.51085
2.702267653,1760031250.886267653,/xwing/imu.linear_acceleration.x,-17.667810000000003
2.70227592,1760031250.886275920,/xwing/imu.linear_acceleration.x,-17.893440000000002
2.702287665,1760031250.886287665,/xwing/imu.linear_acceleration.x,-17.99154
2.702324692,1760031250.886324692,/xwing/imu.linear_acceleration.x,-18.109260000000003
2.708986455,1760031250.892986455,/xwing/imu.linear_acceleration.x,-18.256410000000002
2.708997289,1760031250.892997289,/xwing/imu.linear_acceleration.x,-18.442800000000002
2.709004578,1760031250.893004578,/xwing/imu.linear_acceleration.x,-18.58995
2.709017079,1760031250.893017079,/xwing/imu.linear_acceleration.x,-18.403560000000002
2.709038444,1760031250.893038444,/xwing/imu.linear_acceleration.x,-18.56052
2.712209073,1760031250.896209073,/xwing/imu.linear_acceleration.x,-18.727290000000004
2.712225564,1760031250.896225564,/xwing/imu.linear_acceleration.x,-18.658620000000003
2.712240053,1760031250.896240053,/xwing/imu.linear_acceleration.x,-18.81558
2.712253638,1760031250.896253638,/xwing/imu.linear_acceleration.x,-18.94311
2.712706857,1760031250.896706857,/xwing/imu.linear_acceleration.x,-18.864630000000002
2.712716465,1760031250.896716465,/xwing/imu.linear_acceleration.x,-18.94311
2.719335693,1760031250.903335693,/xwing/imu.linear_acceleration.x,-19.149120000000003
2.719395113,1760031250.903395113,/xwing/imu.linear_acceleration.x,-19.315890000000003
2.719404646,1760031250.903404646,/xwing/imu.linear_acceleration.x,-19.38456
2.71945338,1760031250.903453380,/xwing/imu.linear_acceleration.x,-19.266840000000002
2.719460655,1760031250.903460655,/xwing/imu.linear_acceleration.x,-19.36494
2.719469229,1760031250.903469229,/xwing/imu.linear_acceleration.x,-19.62
2.725366694,1760031250.909366694,/xwing/imu.linear_acceleration.x,-19.826010000000004
2.725373469,1760031250.909373469,/xwing/imu.linear_acceleration.x,-19.904490000000003
2.725379708,1760031250.909379708,/xwing/imu.linear_acceleration.x,-19.992780000000003
2.72550367,1760031250.909503670,/xwing/imu.linear_acceleration.x,-20.051640000000003
2.7256310690000003,1760031250.909631069,/xwing/imu.linear_acceleration.x,-20.13012
2.731431203,1760031250.915431203,/xwing/imu.linear_acceleration.x,-20.27727
2.7314406079999998,1760031250.915440608,/xwing/imu.linear_acceleration.x,-20.42442
2.731466534,1760031250.915466534,/xwing/imu.linear_acceleration.x,-20.669670000000004
2.731479167,1760031250.915479167,/xwing/imu.linear_acceleration.x,-20.86587
2.731483914,1760031250.915483914,/xwing/imu.linear_acceleration.x,-21.01302
2.731488197,1760031250.915488197,/xwing/imu.linear_acceleration.x,-21.091500000000003
2.73682502,1760031250.920825020,/xwing/imu.linear_acceleration.x,-21.189600000000002
2.736828925,1760031250.920828925,/xwing/imu.linear_acceleration.x,-21.405420000000003
2.73684661,1760031250.920846610,/xwing/imu.linear_acceleration.x,-21.56238
2.736905695,1760031250.920905695,/xwing/imu.linear_acceleration.x,-21.572190000000003
2.736946979,1760031250.920946979,/xwing/imu.linear_acceleration.x,-21.591810000000002
2.736951415,1760031250.920951415,/xwing/imu.linear_acceleration.x,-21.552570000000003
2.736960763,1760031250.920960763,/xwing/imu.linear_acceleration.x,-21.50352
2.753222935,1760031250.937222935,/xwing/imu.linear_acceleration.x,-21.591810000000002
2.753244005,1760031250.937244005,/xwing/imu.linear_acceleration.x,-21.699720000000003
2.753258729,1760031250.937258729,/xwing/imu.linear_acceleration.x,-21.778200000000002
2.753300791,1760031250.937300791,/xwing/imu.linear_acceleration.x,-21.768390000000004
2.7533158110000002,1760031250.937315811,/xwing/imu.linear_acceleration.x,-21.680100000000003
2.753356719,1760031250.937356719,/xwing/imu.linear_acceleration.x,-21.572190000000003
2.753372719,1760031250.937372719,/xwing/imu.linear_acceleration.x,-21.621240000000004
2.753400949,1760031250.937400949,/xwing/imu.linear_acceleration.x,-21.67029
2.753413939,1760031250.937413939,/xwing/imu.linear_acceleration.x,-21.788010000000003
2.753431866,1760031250.937431866,/xwing/imu.linear_acceleration.x,-21.8763
2.753449749,1760031250.937449749,/xwing/imu.linear_acceleration.x,-21.94497
2.75346597,1760031250.937465970,/xwing/imu.linear_acceleration.x,-21.954780000000003
2.753482987,1760031250.937482987,/xwing/imu.linear_acceleration.x,-21.974400000000003
2.755176728,1760031250.939176728,/xwing/imu.linear_acceleration.x,-22.033260000000002
2.755187995,1760031250.939187995,/xwing/imu.linear_acceleration.x,-22.052880000000002
2.755212686,1760031250.939212686,/xwing/imu.linear_acceleration.x,-22.101930000000003
2.755226485,1760031250.939226485,/xwing/imu.linear_acceleration.x,-22.141170000000002
2.758861688,1760031250.942861688,/xwing/imu.linear_acceleration.x,-22.121550000000003
2.758866583,1760031250.942866583,/xwing/imu.linear_acceleration.x,-22.062690000000003
2.7588724410000003,1760031250.942872441,/xwing/imu.linear_acceleration.x,-21.96459
2.758879041,1760031250.942879041,/xwing/imu.linear_acceleration.x,-21.85668
2.762216831,1760031250.946216831,/xwing/imu.linear_acceleration.x,-21.827250000000003
2.762221111,1760031250.946221111,/xwing/imu.linear_acceleration.x,-21.846870000000003
2.76222491,1760031250.946224910,/xwing/imu.linear_acceleration.x,-21.92535
2.766475216,1760031250.950475216,/xwing/imu.linear_acceleration.x,-22.023450000000004
2.766489349,1760031250.950489349,/xwing/imu.linear_acceleration.x,-21.935160000000003
2.766498049,1760031250.950498049,/xwing/imu.linear_acceleration.x,-21.85668
2.766516371,1760031250.950516371,/xwing/imu.linear_acceleration.x,-21.8763
2.766528911,1760031250.950528911,/xwing/imu.linear_acceleration.x,-22.00383
2.771468378,1760031250.955468378,/xwing/imu.linear_acceleration.x,-22.043070000000004
2.771493671,1760031250.955493671,/xwing/imu.linear_acceleration.x,-22.023450000000004
2.771525085,1760031250.955525085,/xwing/imu.linear_acceleration.x,-21.895920000000004
2.775390391,1760031250.959390391,/xwing/imu.linear_acceleration.x,-21.886110000000002
2.7754067410000003,1760031250.959406741,/xwing/imu.linear_acceleration.x,-21.92535
2.775439759,1760031250.959439759,/xwing/imu.linear_acceleration.x,-21.96459
2.775630982,1760031250.959630982,/xwing/imu.linear_acceleration.x,-21.954780000000003
2.775694019,1760031250.959694019,/xwing/imu.linear_acceleration.x,-21.8763
2.778831446,1760031250.962831446,/xwing/imu.linear_acceleration.x,-21.96459
2.778847633,1760031250.962847633,/xwing/imu.linear_acceleration.x,-21.954780000000003
2.778857936,1760031250.962857936,/xwing/imu.linear_acceleration.x,-21.935160000000003
2.778989332,1760031250.962989332,/xwing/imu.linear_acceleration.x,-21.935160000000003
2.782067624,1760031250.966067624,/xwing/imu.linear_acceleration.x,-21.915540000000004
2.782119388,1760031250.966119388,/xwing/imu.linear_acceleration.x,-21.8763
2.78213627,1760031250.966136270,/xwing/imu.linear_acceleration.x,-21.827250000000003
2.789653419,1760031250.973653419,/xwing/imu.linear_acceleration.x,-21.738960000000002
2.7896865440000003,1760031250.973686544,/xwing/imu.linear_acceleration.x,-21.621240000000004
2.789741405,1760031250.973741405,/xwing/imu.linear_acceleration.x,-21.60162
2.789774666,1760031250.973774666,/xwing/imu.linear_acceleration.x,-21.572190000000003
2.789792602,1760031250.973792602,/xwing/imu.linear_acceleration.x,-21.513330000000003
2.789809156,1760031250.973809156,/xwing/imu.linear_acceleration.x,-21.513330000000003
2.789828768,1760031250.973828768,/xwing/imu.linear_acceleration.x,-21.41523
2.789902392,1760031250.973902392,/xwing/imu.linear_acceleration.x,-21.30732
2.795971305,1760031250.979971305,/xwing/imu.linear_acceleration.x,-21.199410000000004
2.795984105,1760031250.979984105,/xwing/imu.linear_acceleration.x,-21.03264
2.795997217,1760031250.979997217,/xwing/imu.linear_acceleration.x,-20.9934
2.796061864,1760031250.980061864,/xwing/imu.linear_acceleration.x,-20.895300000000002
2.798137825,1760031250.982137825,/xwing/imu.linear_acceleration.x,-20.71872
2.798184945,1760031250.982184945,/xwing/imu.linear_acceleration.x,-20.44404
2.798251328,1760031250.982251328,/xwing/imu.linear_acceleration.x,-20.18898
2.798261417,1760031250.982261417,/xwing/imu.linear_acceleration.x,-20.032020000000003
2.804758315,1760031250.988758315,/xwing/imu.linear_acceleration.x,-19.924110000000002
2.804780718,1760031250.988780718,/xwing/imu.linear_acceleration.x,-19.78677
2.804794084,1760031250.988794084,/xwing/imu.linear_acceleration.x,-19.590570000000003
2.8056684670000003,1760031250.989668467,/xwing/imu.linear_acceleration.x,-19.49247
2.805683685,1760031250.989683685,/xwing/imu.linear_acceleration.x,-19.45323
2.805702159,1760031250.989702159,/xwing/imu.linear_acceleration.x,-19.315890000000003
2.805712823,1760031250.989712823,/xwing/imu.linear_acceleration.x,-19.17855
2.80905349,1760031250.993053490,/xwing/imu.linear_acceleration.x,-18.92349
2.80910538,1760031250.993105380,/xwing/imu.linear_acceleration.x,-18.619380000000003
2.809133445,1760031250.993133445,/xwing/imu.linear_acceleration.x,-18.472230000000003
2.809150014,1760031250.993150014,/xwing/imu.linear_acceleration.x,-18.28584
2.812094579,1760031250.996094579,/xwing/imu.linear_acceleration.x,-18.09945
2.812100216,1760031250.996100216,/xwing/imu.linear_acceleration.x,-17.962110000000003
2.81210254,1760031250.996102540,/xwing/imu.linear_acceleration.x,-17.69724
2.812104868,1760031250.996104868,/xwing/imu.linear_acceleration.x,-17.38332
2.815254754,1760031250.999254754,/xwing/imu.linear_acceleration.x,-17.206740000000003
2.815266175,1760031250.999266175,/xwing/imu.linear_acceleration.x,-17.098830000000003
2.815271952,1760031250.999271952,/xwing/imu.linear_acceleration.x,-17.079210000000003
2.829842185,1760031251.013842185,/xwing/imu.linear_acceleration.x,-17.010540000000002
2.829847117,1760031251.013847117,/xwing/imu.linear_acceleration.x,-16.902630000000002
2.8298517690000002,1760031251.013851769,/xwing/imu.linear_acceleration.x,-16.804530000000003
2.8298573730000003,1760031251.013857373,/xwing/imu.linear_acceleration.x,-16.68681
2.8298618390000003,1760031251.013861839,/xwing/imu.linear_acceleration.x,-16.500420000000002
2.829866537,1760031251.013866537,/xwing/imu.linear_acceleration.x,-16.314030000000002
2.829872853,1760031251.013872853,/xwing/imu.linear_acceleration.x,-16.127640000000003
2.829877481,1760031251.013877481,/xwing/imu.linear_acceleration.x,-15.960870000000002
2.8298819770000003,1760031251.013881977,/xwing/imu.linear_acceleration.x,-15.823530000000002
2.829886108,1760031251.013886108,/xwing/imu.linear_acceleration.x,-15.735240000000001
2.829890031,1760031251.013890031,/xwing/imu.linear_acceleration.x,-15.61752
2.82990125,1760031251.013901250,/xwing/imu.linear_acceleration.x,-15.519420000000002
2.829905028,1760031251.013905028,/xwing/imu.linear_acceleration.x,-15.421320000000001
2.829910506,1760031251.013910506,/xwing/imu.linear_acceleration.x,-15.313410000000001
2.8333662090000002,1760031251.017366209,/xwing/imu.linear_acceleration.x,-15.303600000000001
2.833371099,1760031251.017371099,/xwing/imu.linear_acceleration.x,-15.156450000000001
2.833377507,1760031251.017377507,/xwing/imu.linear_acceleration.x,-15.009300000000001
2.833385803,1760031251.017385803,/xwing/imu.linear_acceleration.x,-14.999490000000002
2.8364990590000003,1760031251.020499059,/xwing/imu.linear_acceleration.x,-14.989680000000002
2.8365089980000002,1760031251.020508998,/xwing/imu.linear_acceleration.x,-14.960250000000002
2.836514884,1760031251.020514884,/xwing/imu.linear_acceleration.x,-14.940630000000002
2.840676579,1760031251.024676579,/xwing/imu.linear_acceleration.x,-14.911200000000001
2.84069437,1760031251.024694370,/xwing/imu.linear_acceleration.x,-14.891580000000001
2.840707296,1760031251.024707296,/xwing/imu.linear_acceleration.x,-14.78367
2.840742493,1760031251.024742493,/xwing/imu.linear_acceleration.x,-14.597280000000001
2.845090325,1760031251.029090325,/xwing/imu.linear_acceleration.x,-14.489370000000001
2.845111652,1760031251.029111652,/xwing/imu.linear_acceleration.x,-14.391270000000002
2.845139188,1760031251.029139188,/xwing/imu.linear_acceleration.x,-14.204880000000001
2.849100995,1760031251.033100995,/xwing/imu.linear_acceleration.x,-14.09697
2.849162969,1760031251.033162969,/xwing/imu.linear_acceleration.x,-13.94982
2.849184317,1760031251.033184317,/xwing/imu.linear_acceleration.x,-13.783050000000001
2.849223908,1760031251.033223908,/xwing/imu.linear_acceleration.x,-13.645710000000001
2.851687384,1760031251.035687384,/xwing/imu.linear_acceleration.x,-13.5378
2.851729153,1760031251.035729153,/xwing/imu.linear_acceleration.x,-13.41027
2.854946137,1760031251.038946137,/xwing/imu.linear_acceleration.x,-13.233690000000001
2.85497984,1760031251.038979840,/xwing/imu.linear_acceleration.x,-13.13559
2.854999446,1760031251.038999446,/xwing/imu.linear_acceleration.x,-13.11597
2.855011929,1760031251.039011929,/xwing/imu.linear_acceleration.x,-13.145400000000002
2.858748077,1760031251.042748077,/xwing/imu.linear_acceleration.x,-12.939390000000001
2.859604107,1760031251.043604107,/xwing/imu.linear_acceleration.x,-12.674520000000001
2.859622282,1760031251.043622282,/xwing/imu.linear_acceleration.x,-12.409650000000001
2.859633987,1760031251.043633987,/xwing/imu.linear_acceleration.x,-12.184020000000002
2.859641648,1760031251.043641648,/xwing/imu.linear_acceleration.x,-12.00744
2.864606594,1760031251.048606594,/xwing/imu.linear_acceleration.x,-11.958390000000001
2.864628235,1760031251.048628235,/xwing/imu.linear_acceleration.x,-11.791620000000002
2.8646583420000002,1760031251.048658342,/xwing/imu.linear_acceleration.x,-11.526750000000002
2.864778718,1760031251.048778718,/xwing/imu.linear_acceleration.x,-11.19321
2.876867717,1760031251.060867717,/xwing/imu.linear_acceleration.x,-10.957770000000002
2.876912366,1760031251.060912366,/xwing/imu.linear_acceleration.x,-10.77138
2.877120466,1760031251.061120466,/xwing/imu.linear_acceleration.x,-10.66347
2.877231952,1760031251.061231952,/xwing/imu.linear_acceleration.x,-10.565370000000001
2.877247749,1760031251.061247749,/xwing/imu.linear_acceleration.x,-10.437840000000001
2.877254909,1760031251.061254909,/xwing/imu.linear_acceleration.x,-10.329930000000001
2.877477178,1760031251.061477178,/xwing/imu.linear_acceleration.x,-10.22202
2.877495774,1760031251.061495774,/xwing/imu.linear_acceleration.x,-10.1043
2.877523807,1760031251.061523807,/xwing/imu.linear_acceleration.x,-9.917910000000001
2.877537159,1760031251.061537159,/xwing/imu.linear_acceleration.x,-9.741330000000001
2.8775663600000003,1760031251.061566360,/xwing/imu.linear_acceleration.x,-9.64323
2.8775891160000002,1760031251.061589116,/xwing/imu.linear_acceleration.x,-9.603990000000001
2.877602554,1760031251.061602554,/xwing/imu.linear_acceleration.x,-9.496080000000001
2.87767419,1760031251.061674190,/xwing/imu.linear_acceleration.x,-9.36855
2.884310268,1760031251.068310268,/xwing/imu.linear_acceleration.x,-9.24102
2.8843267900000003,1760031251.068326790,/xwing/imu.linear_acceleration.x,-9.084060000000001
2.884338281,1760031251.068338281,/xwing/imu.linear_acceleration.x,-8.83881
2.884356719,1760031251.068356719,/xwing/imu.linear_acceleration.x,-8.632800000000001
2.884368639,1760031251.068368639,/xwing/imu.linear_acceleration.x,-8.475840000000002
2.884380089,1760031251.068380089,/xwing/imu.linear_acceleration.x,-8.358120000000001
2.884501949,1760031251.068501949,/xwing/imu.linear_acceleration.x,-8.28945
2.894318655,1760031251.078318655,/xwing/imu.linear_acceleration.x,-8.201160000000002
2.894366122,1760031251.078366122,/xwing/imu.linear_acceleration.x,-8.083440000000001
2.894399824,1760031251.078399824,/xwing/imu.linear_acceleration.x,-7.926480000000001
2.894430148,1760031251.078430148,/xwing/imu.linear_acceleration.x,-7.87743
2.894451965,1760031251.078451965,/xwing/imu.linear_acceleration.x,-7.828380000000001
2.894463833,1760031251.078463833,/xwing/imu.linear_acceleration.x,-7.7989500000000005
2.8944757350000003,1760031251.078475735,/xwing/imu.linear_acceleration.x,-7.769520000000001
2.894535337,1760031251.078535337,/xwing/imu.linear_acceleration.x,-7.710660000000001
2.900995943,1760031251.084995943,/xwing/imu.linear_acceleration.x,-7.6616100000000005
2.901013976,1760031251.085013976,/xwing/imu.linear_acceleration.x,-7.485030000000001
2.901020634,1760031251.085020634,/xwing/imu.linear_acceleration.x,-7.298640000000001
2.901164047,1760031251.085164047,/xwing/imu.linear_acceleration.x,-7.092630000000001
2.901180624,1760031251.085180624,/xwing/imu.linear_acceleration.x,-6.916050000000001
2.901188267,1760031251.085188267,/xwing/imu.linear_acceleration.x,-6.778710000000001
2.901232241,1760031251.085232241,/xwing/imu.linear_acceleration.x,-6.651180000000001
2.901251748,1760031251.085251748,/xwing/imu.linear_acceleration.x,-6.396120000000001
2.901281348,1760031251.085281348,/xwing/imu.linear_acceleration.x,-6.170490000000001
2.9050540590000002,1760031251.089054059,/xwing/imu.linear_acceleration.x,-5.93505
2.905068313,1760031251.089068313,/xwing/imu.linear_acceleration.x,-5.886000000000001
2.90508057,1760031251.089080570,/xwing/imu.linear_acceleration.x,-5.886000000000001
2.905158282,1760031251.089158282,/xwing/imu.linear_acceleration.x,-5.7879000000000005
2.911574571,1760031251.095574571,/xwing/imu.linear_acceleration.x,-5.6505600000000005
2.9116115320000002,1760031251.095611532,/xwing/imu.linear_acceleration.x,-5.473980000000001
2.9116243820000003,1760031251.095624382,/xwing/imu.linear_acceleration.x,-5.366070000000001
2.9116806310000003,1760031251.095680631,/xwing/imu.linear_acceleration.x,-5.23854
2.911710426,1760031251.095710426,/xwing/imu.linear_acceleration.x,-5.1600600000000005
2.911739369,1760031251.095739369,/xwing/imu.linear_acceleration.x,-5.04234
2.917094235,1760031251.101094235,/xwing/imu.linear_acceleration.x,-4.865760000000001
2.917123755,1760031251.101123755,/xwing/imu.linear_acceleration.x,-4.56165
2.9171385990000003,1760031251.101138599,/xwing/imu.linear_acceleration.x,-4.316400000000001
2.917155991,1760031251.101155991,/xwing/imu.linear_acceleration.x,-4.179060000000001
2.9237497020000003,1760031251.107749702,/xwing/imu.linear_acceleration.x,-4.169250000000001
2.923772457,1760031251.107772457,/xwing/imu.linear_acceleration.x,-4.169250000000001
2.923788118,1760031251.107788118,/xwing/imu.linear_acceleration.x,-3.9828600000000005
2.923813613,1760031251.107813613,/xwing/imu.linear_acceleration.x,-3.6885600000000003
2.923827013,1760031251.107827013,/xwing/imu.linear_acceleration.x,-3.3550200000000006
2.923838815,1760031251.107838815,/xwing/imu.linear_acceleration.x,-3.2176800000000005
2.929342993,1760031251.113342993,/xwing/imu.linear_acceleration.x,-3.24711
2.929359093,1760031251.113359093,/xwing/imu.linear_acceleration.x,-3.2569200000000005
2.9293732720000003,1760031251.113373272,/xwing/imu.linear_acceleration.x,-3.1686300000000003
2.929424619,1760031251.113424619,/xwing/imu.linear_acceleration.x,-2.9822400000000004
2.929437425,1760031251.113437425,/xwing/imu.linear_acceleration.x,-2.7369900000000005
2.929460815,1760031251.113460815,/xwing/imu.linear_acceleration.x,-2.58984
2.9294948400000003,1760031251.113494840,/xwing/imu.linear_acceleration.x,-2.5015500000000004
2.929532947,1760031251.113532947,/xwing/imu.linear_acceleration.x,-2.3936400000000004
2.935347311,1760031251.119347311,/xwing/imu.linear_acceleration.x,-2.27592
2.935359732,1760031251.119359732,/xwing/imu.linear_acceleration.x,-2.13858
2.93540541,1760031251.119405410,/xwing/imu.linear_acceleration.x,-2.0601000000000003
2.935422031,1760031251.119422031,/xwing/imu.linear_acceleration.x,-1.9914300000000003
2.939500239,1760031251.123500239,/xwing/imu.linear_acceleration.x,-1.9031400000000003
2.939527707,1760031251.123527707,/xwing/imu.linear_acceleration.x,-1.8148500000000003
2.93954845,1760031251.123548450,/xwing/imu.linear_acceleration.x,-1.6677000000000002
2.939566976,1760031251.123566976,/xwing/imu.linear_acceleration.x,-1.7363700000000002
2.939590909,1760031251.123590909,/xwing/imu.linear_acceleration.x,-1.6971300000000002
2.939614305,1760031251.123614305,/xwing/imu.linear_acceleration.x,-1.5696
2.943035587,1760031251.127035587,/xwing/imu.linear_acceleration.x,-1.4420700000000002
2.943051334,1760031251.127051334,/xwing/imu.linear_acceleration.x,-1.24587
2.943067703,1760031251.127067703,/xwing/imu.linear_acceleration.x,-1.15758
2.9431980710000003,1760031251.127198071,/xwing/imu.linear_acceleration.x,-1.2753
2.948087586,1760031251.132087586,/xwing/imu.linear_acceleration.x,-1.31454
2.948103094,1760031251.132103094,/xwing/imu.linear_acceleration.x,-1.2654900000000002
2.948120005,1760031251.132120005,/xwing/imu.linear_acceleration.x,-1.0104300000000002
2.952351769,1760031251.136351769,/xwing/imu.linear_acceleration.x,-0.6965100000000001
2.9523679300000003,1760031251.136367930,/xwing/imu.linear_acceleration.x,-0.50031
2.952399379,1760031251.136399379,/xwing/imu.linear_acceleration.x,-0.48069000000000006
2.952439831,1760031251.136439831,/xwing/imu.linear_acceleration.x,-0.41202000000000005
2.9524832180000002,1760031251.136483218,/xwing/imu.linear_acceleration.x,-0.17658000000000001
2.952593686,1760031251.136593686,/xwing/imu.linear_acceleration.x,-0.039240000000000004
2.952629142,1760031251.136629142,/xwing/imu.linear_acceleration.x,0.13734000000000002
2.956557783,1760031251.140557783,/xwing/imu.linear_acceleration.x,0.14715
2.956582463,1760031251.140582463,/xwing/imu.linear_acceleration.x,0.18639000000000003
2.9565950670000003,1760031251.140595067,/xwing/imu.linear_acceleration.x,0.27468000000000004
2.9610776540000003,1760031251.145077654,/xwing/imu.linear_acceleration.x,0.3924
2.961203708,1760031251.145203708,/xwing/imu.linear_acceleration.x,0.7063200000000001
2.961232758,1760031251.145232758,/xwing/imu.linear_acceleration.x,1.1183400000000001
2.96127454,1760031251.145274540,/xwing/imu.linear_acceleration.x,1.38321
2.961807722,1760031251.145807722,/xwing/imu.linear_acceleration.x,1.2360600000000002
2.965770975,1760031251.149770975,/xwing/imu.linear_acceleration.x,1.2851100000000002
2.965790691,1760031251.149790691,/xwing/imu.linear_acceleration.x,1.3047300000000002
2.965809244,1760031251.149809244,/xwing/imu.linear_acceleration.x,1.2753
2.96582787,1760031251.149827870,/xwing/imu.linear_acceleration.x,1.5401700000000003
2.965862823,1760031251.149862823,/xwing/imu.linear_acceleration.x,1.7658000000000003
2.971338453,1760031251.155338453,/xwing/imu.linear_acceleration.x,1.9620000000000002
2.97135624,1760031251.155356240,/xwing/imu.linear_acceleration.x,2.13858
2.971411555,1760031251.155411555,/xwing/imu.linear_acceleration.x,2.24649
2.97550136,1760031251.159501360,/xwing/imu.linear_acceleration.x,2.28573
2.975614414,1760031251.159614414,/xwing/imu.linear_acceleration.x,2.4623100000000004
2.975638972,1760031251.159638972,/xwing/imu.linear_acceleration.x,2.6388900000000004
2.975676008,1760031251.159676008,/xwing/imu.linear_acceleration.x,2.68794
2.975833225,1760031251.159833225,/xwing/imu.linear_acceleration.x,2.5800300000000003
2.979811814,1760031251.163811814,/xwing/imu.linear_acceleration.x,2.62908
2.9798234480000003,1760031251.163823448,/xwing/imu.linear_acceleration.x,2.8154700000000004
2.979889785,1760031251.163889785,/xwing/imu.linear_acceleration.x,3.0411
2.979904063,1760031251.163904063,/xwing/imu.linear_acceleration.x,3.2176800000000005
2.985404997,1760031251.169404997,/xwing/imu.linear_acceleration.x,3.17844
2.985418505,1760031251.169418505,/xwing/imu.linear_acceleration.x,3.10977
2.9857762880000003,1760031251.169776288,/xwing/imu.linear_acceleration.x,3.1490100000000005
2.985794219,1760031251.169794219,/xwing/imu.linear_acceleration.x,3.1980600000000003
2.9858156190000003,1760031251.169815619,/xwing/imu.linear_acceleration.x,3.2373000000000003
2.985829034,1760031251.169829034,/xwing/imu.linear_acceleration.x,3.3746400000000003
2.990519726,1760031251.174519726,/xwing/imu.linear_acceleration.x,3.45312
2.990530968,1760031251.174530968,/xwing/imu.linear_acceleration.x,3.5316000000000005
2.990540895,1760031251.174540895,/xwing/imu.linear_acceleration.x,3.4629300000000005
2.990619518,1760031251.174619518,/xwing/imu.linear_acceleration.x,3.3452100000000002
2.994121967,1760031251.178121967,/xwing/imu.linear_acceleration.x,3.3746400000000003
2.9941312460000002,1760031251.178131246,/xwing/imu.linear_acceleration.x,3.5414100000000004
2.99413575,1760031251.178135750,/xwing/imu.linear_acceleration.x,3.6100800000000004
2.994142826,1760031251.178142826,/xwing/imu.linear_acceleration.x,3.5316000000000005
2.997902441,1760031251.181902441,/xwing/imu.linear_acceleration.x,3.4236900000000006
2.997907429,1760031251.181907429,/xwing/imu.linear_acceleration.x,3.3648300000000004
2.9979163460000002,1760031251.181916346,/xwing/imu.linear_acceleration.x,3.3746400000000003
2.99792196,1760031251.181921960,/xwing/imu.linear_acceleration.x,3.4040700000000004
2.997930872,1760031251.181930872,/xwing/imu.linear_acceleration.x,3.4727400000000004
3.004499788,1760031251.188499788,/xwing/imu.linear_acceleration.x,3.59046
3.004539055,1760031251.188539055,/xwing/imu.linear_acceleration.x,3.6885600000000003
3.004549335,1760031251.188549335,/xwing/imu.linear_acceleration.x,3.65913
3.004554991,1760031251.188554991,/xwing/imu.linear_acceleration.x,3.6395100000000005
