elapsed time,timestamp,topic,value
0.003075257,1760031880.780075257,/mocap/xwing/pose.transform.rotation.y,-0.007107284957622783
0.0030987000000000002,1760031880.780098700,/mocap/xwing/pose.transform.rotation.y,-0.007118974389999222
0.011679198,1760031880.788679198,/mocap/xwing/pose.transform.rotation.y,-0.0071291875505066805
0.011747889000000001,1760031880.788747889,/mocap/xwing/pose.transform.rotation.y,-0.007076693959009358
0.018857125000000002,1760031880.795857125,/mocap/xwing/pose.transform.rotation.y,-0.0070582393991392095
0.018876604,1760031880.795876604,/mocap/xwing/pose.transform.rotation.y,-0.007040667827381323
0.018887999000000003,1760031880.795887999,/mocap/xwing/pose.transform.rotation.y,-0.006924567249671991
0.025981496000000003,1760031880.802981496,/mocap/xwing/pose.transform.rotation.y,-0.006917171616011512
0.03679043,1760031880.813790430,/mocap/xwing/pose.transform.rotation.y,-0.006906400516022027
0.036806785,1760031880.813806785,/mocap/xwing/pose.transform.rotation.y,-0.006801206541220935
0.03682035,1760031880.813820350,/mocap/xwing/pose.transform.rotation.y,-0.0067767773187370345
0.040550558,1760031880.817550558,/mocap/xwing/pose.transform.rotation.y,-0.0067422047949895845
0.04056835,1760031880.817568350,/mocap/xwing/pose.transform.rotation.y,-0.006806694507777474
0.040585972000000005,1760031880.817585972,/mocap/xwing/pose.transform.rotation.y,-0.006770191857952452
0.051215479,1760031880.828215479,/mocap/xwing/pose.transform.rotation.y,-0.006745854052849058
0.051235005,1760031880.828235005,/mocap/xwing/pose.transform.rotation.y,-0.006680418721483861
0.058555508000000006,1760031880.835555508,/mocap/xwing/pose.transform.rotation.y,-0.006516529879594778
0.058617911,1760031880.835617911,/mocap/xwing/pose.transform.rotation.y,-0.0065689204337613435
0.06185272000000001,1760031880.838852720,/mocap/xwing/pose.transform.rotation.y,-0.006505115403032418
0.061872223000000004,1760031880.838872223,/mocap/xwing/pose.transform.rotation.y,-0.006457655386093439
0.066018696,1760031880.843018696,/mocap/xwing/pose.transform.rotation.y,-0.006451038212466006
0.07680925200000001,1760031880.853809252,/mocap/xwing/pose.transform.rotation.y,-0.0064386533846637565
0.081325959,1760031880.858325959,/mocap/xwing/pose.transform.rotation.y,-0.0064178205311530125
0.081341886,1760031880.858341886,/mocap/xwing/pose.transform.rotation.y,-0.006243093411869662
0.08135552500000001,1760031880.858355525,/mocap/xwing/pose.transform.rotation.y,-0.006253970732165381
0.08868258200000001,1760031880.865682582,/mocap/xwing/pose.transform.rotation.y,-0.006297667143116439
0.088693429,1760031880.865693429,/mocap/xwing/pose.transform.rotation.y,-0.00622836902087203
0.098499611,1760031880.875499611,/mocap/xwing/pose.transform.rotation.y,-0.006275954928705309
0.098512823,1760031880.875512823,/mocap/xwing/pose.transform.rotation.y,-0.0061101451833151885
0.09856257700000001,1760031880.875562577,/mocap/xwing/pose.transform.rotation.y,-0.006006063714698277
0.10286586900000001,1760031880.879865869,/mocap/xwing/pose.transform.rotation.y,-0.005950634957649137
0.10773892800000001,1760031880.884738928,/mocap/xwing/pose.transform.rotation.y,-0.005943771930866922
0.10775952000000001,1760031880.884759520,/mocap/xwing/pose.transform.rotation.y,-0.005980702275870437
0.107800513,1760031880.884800513,/mocap/xwing/pose.transform.rotation.y,-0.0059883475095578185
0.11377165500000001,1760031880.890771655,/mocap/xwing/pose.transform.rotation.y,-0.0059962370007777075
0.118151296,1760031880.895151296,/mocap/xwing/pose.transform.rotation.y,-0.005873207560132246
0.118194007,1760031880.895194007,/mocap/xwing/pose.transform.rotation.y,-0.005803671095349285
0.12161158700000001,1760031880.898611587,/mocap/xwing/pose.transform.rotation.y,-0.0057283289981145775
0.128472667,1760031880.905472667,/mocap/xwing/pose.transform.rotation.y,-0.00569987901036936
0.13384996200000002,1760031880.910849962,/mocap/xwing/pose.transform.rotation.y,-0.0056853991444256605
0.23730942600000002,1760031881.014309426,/mocap/xwing/pose.transform.rotation.y,-0.00564778632046073
0.237325573,1760031881.014325573,/mocap/xwing/pose.transform.rotation.y,-0.005664747822017399
0.23734001200000002,1760031881.014340012,/mocap/xwing/pose.transform.rotation.y,-0.005581050343112745
0.23735630300000002,1760031881.014356303,/mocap/xwing/pose.transform.rotation.y,-0.005524148724063522
0.23736785400000002,1760031881.014367854,/mocap/xwing/pose.transform.rotation.y,-0.005493290100312541
0.23738165400000003,1760031881.014381654,/mocap/xwing/pose.transform.rotation.y,-0.0055429169061299325
0.237394298,1760031881.014394298,/mocap/xwing/pose.transform.rotation.y,-0.005498634320288783
0.23741634800000003,1760031881.014416348,/mocap/xwing/pose.transform.rotation.y,-0.005400293918891267
0.23742939300000002,1760031881.014429393,/mocap/xwing/pose.transform.rotation.y,-0.005351163839615607
0.237441796,1760031881.014441796,/mocap/xwing/pose.transform.rotation.y,-0.0052513583564357865
0.23745312600000001,1760031881.014453126,/mocap/xwing/pose.transform.rotation.y,-0.0052282703136953546
0.23748110400000003,1760031881.014481104,/mocap/xwing/pose.transform.rotation.y,-0.005255015834314221
0.23749630400000002,1760031881.014496304,/mocap/xwing/pose.transform.rotation.y,-0.005292539957664229
0.237555275,1760031881.014555275,/mocap/xwing/pose.transform.rotation.y,-0.005326777280579422
0.237576796,1760031881.014576796,/mocap/xwing/pose.transform.rotation.y,-0.005270415626043173
0.237596149,1760031881.014596149,/mocap/xwing/pose.transform.rotation.y,-0.005182639869573755
0.23760973000000002,1760031881.014609730,/mocap/xwing/pose.transform.rotation.y,-0.005122517864596607
0.237621672,1760031881.014621672,/mocap/xwing/pose.transform.rotation.y,-0.005068387360317709
0.285366685,1760031881.062366685,/mocap/xwing/pose.transform.rotation.y,-0.005080947513938298
0.285410009,1760031881.062410009,/mocap/xwing/pose.transform.rotation.y,-0.005091332764302385
0.28544937600000003,1760031881.062449376,/mocap/xwing/pose.transform.rotation.y,-0.005109816186679589
0.28547274,1760031881.062472740,/mocap/xwing/pose.transform.rotation.y,-0.005085768984979614
0.285492211,1760031881.062492211,/mocap/xwing/pose.transform.rotation.y,-0.0050874857890430445
0.28551495200000004,1760031881.062514952,/mocap/xwing/pose.transform.rotation.y,-0.005081151908046147
0.285538705,1760031881.062538705,/mocap/xwing/pose.transform.rotation.y,-0.005092769567562798
0.285555695,1760031881.062555695,/mocap/xwing/pose.transform.rotation.y,-0.005049225473215231
0.285621831,1760031881.062621831,/mocap/xwing/pose.transform.rotation.y,-0.0049933764877571375
0.285635823,1760031881.062635823,/mocap/xwing/pose.transform.rotation.y,-0.004978119448716736
0.28564837400000004,1760031881.062648374,/mocap/xwing/pose.transform.rotation.y,-0.005007949981515137
0.285670439,1760031881.062670439,/mocap/xwing/pose.transform.rotation.y,-0.004798993060089456
0.28569306,1760031881.062693060,/mocap/xwing/pose.transform.rotation.y,-0.0048583549103391336
0.285720884,1760031881.062720884,/mocap/xwing/pose.transform.rotation.y,-0.004829372953060708
0.285738304,1760031881.062738304,/mocap/xwing/pose.transform.rotation.y,-0.004861499702353999
0.28575807000000003,1760031881.062758070,/mocap/xwing/pose.transform.rotation.y,-0.004850543654185756
0.285799998,1760031881.062799998,/mocap/xwing/pose.transform.rotation.y,-0.004802924427158875
0.285827186,1760031881.062827186,/mocap/xwing/pose.transform.rotation.y,-0.004779315357431436
0.28584104,1760031881.062841040,/mocap/xwing/pose.transform.rotation.y,-0.004688131442867528
0.28585411,1760031881.062854110,/mocap/xwing/pose.transform.rotation.y,-0.004712209043094683
0.28586603800000004,1760031881.062866038,/mocap/xwing/pose.transform.rotation.y,-0.004701656817696587
0.285949498,1760031881.062949498,/mocap/xwing/pose.transform.rotation.y,-0.0046984758843370816
0.28596312900000004,1760031881.062963129,/mocap/xwing/pose.transform.rotation.y,-0.004726614678620799
0.285984656,1760031881.062984656,/mocap/xwing/pose.transform.rotation.y,-0.00474133650060117
0.286000843,1760031881.063000843,/mocap/xwing/pose.transform.rotation.y,-0.00469521860108608
0.286013472,1760031881.063013472,/mocap/xwing/pose.transform.rotation.y,-0.004612607426810869
0.286097299,1760031881.063097299,/mocap/xwing/pose.transform.rotation.y,-0.004507266449395687
0.323392768,1760031881.100392768,/mocap/xwing/pose.transform.rotation.y,-0.004479715677127384
0.32343818300000005,1760031881.100438183,/mocap/xwing/pose.transform.rotation.y,-0.004471813366408648
0.32346215300000003,1760031881.100462153,/mocap/xwing/pose.transform.rotation.y,-0.004437167299350927
0.323495403,1760031881.100495403,/mocap/xwing/pose.transform.rotation.y,-0.004424935183923113
0.323512562,1760031881.100512562,/mocap/xwing/pose.transform.rotation.y,-0.004405044801528589
0.323527861,1760031881.100527861,/mocap/xwing/pose.transform.rotation.y,-0.004376350101265918
0.323585383,1760031881.100585383,/mocap/xwing/pose.transform.rotation.y,-0.004324376542283915
0.323625153,1760031881.100625153,/mocap/xwing/pose.transform.rotation.y,-0.004254263873130061
0.32365075600000004,1760031881.100650756,/mocap/xwing/pose.transform.rotation.y,-0.00415100950942392
0.323676707,1760031881.100676707,/mocap/xwing/pose.transform.rotation.y,-0.0040855328662097274
0.32370544700000004,1760031881.100705447,/mocap/xwing/pose.transform.rotation.y,-0.003950141677344676
0.33404139800000004,1760031881.111041398,/mocap/xwing/pose.transform.rotation.y,-0.003879677015673782
0.334051602,1760031881.111051602,/mocap/xwing/pose.transform.rotation.y,-0.0038380556917638623
0.33411888,1760031881.111118880,/mocap/xwing/pose.transform.rotation.y,-0.0038924023516898622
0.34110882800000003,1760031881.118108828,/mocap/xwing/pose.transform.rotation.y,-0.003857774062678724
0.341127379,1760031881.118127379,/mocap/xwing/pose.transform.rotation.y,-0.0037713192439851034
0.34119340000000004,1760031881.118193400,/mocap/xwing/pose.transform.rotation.y,-0.0036713834876769833
0.349535445,1760031881.126535445,/mocap/xwing/pose.transform.rotation.y,-0.0035189101524993383
0.35400513,1760031881.131005130,/mocap/xwing/pose.transform.rotation.y,-0.003430246068808969
0.35401758,1760031881.131017580,/mocap/xwing/pose.transform.rotation.y,-0.0034332438185887422
0.354037755,1760031881.131037755,/mocap/xwing/pose.transform.rotation.y,-0.0034408783644203442
0.35407457800000003,1760031881.131074578,/mocap/xwing/pose.transform.rotation.y,-0.003384807873237949
0.35947530800000005,1760031881.136475308,/mocap/xwing/pose.transform.rotation.y,-0.0032854825323259907
0.36651410900000003,1760031881.143514109,/mocap/xwing/pose.transform.rotation.y,-0.003180444625836048
0.36657678800000004,1760031881.143576788,/mocap/xwing/pose.transform.rotation.y,-0.0030723371565812203
0.371154058,1760031881.148154058,/mocap/xwing/pose.transform.rotation.y,-0.0029601303405864163
0.37120972700000004,1760031881.148209727,/mocap/xwing/pose.transform.rotation.y,-0.0029531585995796724
0.38301359700000004,1760031881.160013597,/mocap/xwing/pose.transform.rotation.y,-0.0029279407765026673
0.383025118,1760031881.160025118,/mocap/xwing/pose.transform.rotation.y,-0.002905588113258878
0.383058186,1760031881.160058186,/mocap/xwing/pose.transform.rotation.y,-0.002810967881359742
0.38945814,1760031881.166458140,/mocap/xwing/pose.transform.rotation.y,-0.0027024118580336507
0.432477117,1760031881.209477117,/mocap/xwing/pose.transform.rotation.y,-0.002612489850066827
0.43248246100000004,1760031881.209482461,/mocap/xwing/pose.transform.rotation.y,-0.002536374585791963
0.43248798600000005,1760031881.209487986,/mocap/xwing/pose.transform.rotation.y,-0.0025204575917016966
0.43249181400000003,1760031881.209491814,/mocap/xwing/pose.transform.rotation.y,-0.002439462880752941
0.432535963,1760031881.209535963,/mocap/xwing/pose.transform.rotation.y,-0.0023139727105989413
0.43254362300000004,1760031881.209543623,/mocap/xwing/pose.transform.rotation.y,-0.0022723733663116944
0.43255190400000004,1760031881.209551904,/mocap/xwing/pose.transform.rotation.y,-0.0021203566389470722
0.43256017700000005,1760031881.209560177,/mocap/xwing/pose.transform.rotation.y,-0.0020385566554978443
0.432568426,1760031881.209568426,/mocap/xwing/pose.transform.rotation.y,-0.002056301428518239
0.43257715900000004,1760031881.209577159,/mocap/xwing/pose.transform.rotation.y,-0.0020121339922651704
0.43261707200000005,1760031881.209617072,/mocap/xwing/pose.transform.rotation.y,-0.0019761065527434244
0.432625527,1760031881.209625527,/mocap/xwing/pose.transform.rotation.y,-0.0019193196785443727
0.43263670800000004,1760031881.209636708,/mocap/xwing/pose.transform.rotation.y,-0.001786992283162006
0.432659271,1760031881.209659271,/mocap/xwing/pose.transform.rotation.y,-0.001699450977590656
0.436691624,1760031881.213691624,/mocap/xwing/pose.transform.rotation.y,-0.0016457046385177745
0.48550637900000004,1760031881.262506379,/mocap/xwing/pose.transform.rotation.y,-0.0015890396045128187
0.48551578500000003,1760031881.262515785,/mocap/xwing/pose.transform.rotation.y,-0.0015988965701024458
0.485574871,1760031881.262574871,/mocap/xwing/pose.transform.rotation.y,-0.0016408316407747641
0.48567347200000005,1760031881.262673472,/mocap/xwing/pose.transform.rotation.y,-0.001512275217465304
0.485854045,1760031881.262854045,/mocap/xwing/pose.transform.rotation.y,-0.0014923194419799075
0.485869192,1760031881.262869192,/mocap/xwing/pose.transform.rotation.y,-0.0014523103674741026
0.485895518,1760031881.262895518,/mocap/xwing/pose.transform.rotation.y,-0.0014249718455993901
0.48591356,1760031881.262913560,/mocap/xwing/pose.transform.rotation.y,-0.0014817803650245627
0.48593365400000005,1760031881.262933654,/mocap/xwing/pose.transform.rotation.y,-0.0014339292183030694
0.485954064,1760031881.262954064,/mocap/xwing/pose.transform.rotation.y,-0.0014245351522455768
0.485980542,1760031881.262980542,/mocap/xwing/pose.transform.rotation.y,-0.0013860354884103127
0.48599461600000005,1760031881.262994616,/mocap/xwing/pose.transform.rotation.y,-0.0012591452979923677
0.48602966000000003,1760031881.263029660,/mocap/xwing/pose.transform.rotation.y,-0.0012609993419699643
0.48651989700000003,1760031881.263519897,/mocap/xwing/pose.transform.rotation.y,-0.0012745299772513544
0.49326019200000004,1760031881.270260192,/mocap/xwing/pose.transform.rotation.y,-0.0013342840422512613
0.502270083,1760031881.279270083,/mocap/xwing/pose.transform.rotation.y,-0.0012934451488266442
0.502297749,1760031881.279297749,/mocap/xwing/pose.transform.rotation.y,-0.0012617651086742742
0.502310812,1760031881.279310812,/mocap/xwing/pose.transform.rotation.y,-0.0013016183101692287
0.507856654,1760031881.284856654,/mocap/xwing/pose.transform.rotation.y,-0.001223949871741098
0.507895022,1760031881.284895022,/mocap/xwing/pose.transform.rotation.y,-0.0011982023563664975
0.512623075,1760031881.289623075,/mocap/xwing/pose.transform.rotation.y,-0.0011409982434935255
0.5126415830000001,1760031881.289641583,/mocap/xwing/pose.transform.rotation.y,-0.0011372608006893787
0.518844293,1760031881.295844293,/mocap/xwing/pose.transform.rotation.y,-0.0010947024600072154
0.5188814070000001,1760031881.295881407,/mocap/xwing/pose.transform.rotation.y,-0.0011206623534843864
0.569454875,1760031881.346454875,/mocap/xwing/pose.transform.rotation.y,-0.0011247852861732395
0.569472308,1760031881.346472308,/mocap/xwing/pose.transform.rotation.y,-0.0011536530510979264
0.569485645,1760031881.346485645,/mocap/xwing/pose.transform.rotation.y,-0.0011605763609921246
0.569535945,1760031881.346535945,/mocap/xwing/pose.transform.rotation.y,-0.0011547599599532855
0.569554514,1760031881.346554514,/mocap/xwing/pose.transform.rotation.y,-0.0011318140027015446
0.5695713290000001,1760031881.346571329,/mocap/xwing/pose.transform.rotation.y,-0.0010658758188336085
0.569586362,1760031881.346586362,/mocap/xwing/pose.transform.rotation.y,-0.0010591707988071744
0.5696004800000001,1760031881.346600480,/mocap/xwing/pose.transform.rotation.y,-0.0010459148452604716
0.5696153850000001,1760031881.346615385,/mocap/xwing/pose.transform.rotation.y,-0.001073211599080588
0.569761249,1760031881.346761249,/mocap/xwing/pose.transform.rotation.y,-0.001117272813667286
0.569787103,1760031881.346787103,/mocap/xwing/pose.transform.rotation.y,-0.0010997702617591427
0.569803923,1760031881.346803923,/mocap/xwing/pose.transform.rotation.y,-0.0011586238513938798
0.569816635,1760031881.346816635,/mocap/xwing/pose.transform.rotation.y,-0.0010762486091033961
0.569850139,1760031881.346850139,/mocap/xwing/pose.transform.rotation.y,-0.001083575744999855
0.5698641560000001,1760031881.346864156,/mocap/xwing/pose.transform.rotation.y,-0.001079423670716552
0.573595725,1760031881.350595725,/mocap/xwing/pose.transform.rotation.y,-0.0011578678142712508
0.581333096,1760031881.358333096,/mocap/xwing/pose.transform.rotation.y,-0.0012020977582063949
0.581343848,1760031881.358343848,/mocap/xwing/pose.transform.rotation.y,-0.0012652510578563406
0.586504616,1760031881.363504616,/mocap/xwing/pose.transform.rotation.y,-0.0012426453008556589
0.589892921,1760031881.366892921,/mocap/xwing/pose.transform.rotation.y,-0.0011985024779332808
0.589897931,1760031881.366897931,/mocap/xwing/pose.transform.rotation.y,-0.0011753723184143754
0.594986632,1760031881.371986632,/mocap/xwing/pose.transform.rotation.y,-0.0012806942896289438
0.595017698,1760031881.372017698,/mocap/xwing/pose.transform.rotation.y,-0.0013051070745189772
0.6346139900000001,1760031881.411613990,/mocap/xwing/pose.transform.rotation.y,-0.0013301677833250155
0.634657374,1760031881.411657374,/mocap/xwing/pose.transform.rotation.y,-0.0013438082395873584
0.645690772,1760031881.422690772,/mocap/xwing/pose.transform.rotation.y,-0.0013868084040741468
0.645697575,1760031881.422697575,/mocap/xwing/pose.transform.rotation.y,-0.001385492026798761
0.6457005760000001,1760031881.422700576,/mocap/xwing/pose.transform.rotation.y,-0.001362059225638644
0.645705451,1760031881.422705451,/mocap/xwing/pose.transform.rotation.y,-0.0014661534292835041
0.645710168,1760031881.422710168,/mocap/xwing/pose.transform.rotation.y,-0.0014486250214553818
0.645720972,1760031881.422720972,/mocap/xwing/pose.transform.rotation.y,-0.0015285578952275323
0.645729306,1760031881.422729306,/mocap/xwing/pose.transform.rotation.y,-0.0015291451232280707
0.6457368830000001,1760031881.422736883,/mocap/xwing/pose.transform.rotation.y,-0.0015537059475072925
0.6457440050000001,1760031881.422744005,/mocap/xwing/pose.transform.rotation.y,-0.0016036599556967204
0.6457491150000001,1760031881.422749115,/mocap/xwing/pose.transform.rotation.y,-0.0017052963031856526
0.645756261,1760031881.422756261,/mocap/xwing/pose.transform.rotation.y,-0.001826467333659501
0.645769169,1760031881.422769169,/mocap/xwing/pose.transform.rotation.y,-0.00186610997730585
0.6475392630000001,1760031881.424539263,/mocap/xwing/pose.transform.rotation.y,-0.0019000690966898012
0.64756459,1760031881.424564590,/mocap/xwing/pose.transform.rotation.y,-0.0019494722919574986
0.650173745,1760031881.427173745,/mocap/xwing/pose.transform.rotation.y,-0.001978128115100652
0.666717799,1760031881.443717799,/mocap/xwing/pose.transform.rotation.y,-0.0020906953819320147
0.672227499,1760031881.449227499,/mocap/xwing/pose.transform.rotation.y,-0.002193941564231377
0.6722322110000001,1760031881.449232211,/mocap/xwing/pose.transform.rotation.y,-0.002373671619459339
0.672237686,1760031881.449237686,/mocap/xwing/pose.transform.rotation.y,-0.0025002380600237253
0.6722454830000001,1760031881.449245483,/mocap/xwing/pose.transform.rotation.y,-0.0025866413614870614
0.672252162,1760031881.449252162,/mocap/xwing/pose.transform.rotation.y,-0.0026413543983053733
0.6973021410000001,1760031881.474302141,/mocap/xwing/pose.transform.rotation.y,-0.002549769224704822
0.6974163320000001,1760031881.474416332,/mocap/xwing/pose.transform.rotation.y,-0.0025894889559975485
0.6974316220000001,1760031881.474431622,/mocap/xwing/pose.transform.rotation.y,-0.0026793959624812386
0.697461687,1760031881.474461687,/mocap/xwing/pose.transform.rotation.y,-0.0028234673134852313
0.6974807580000001,1760031881.474480758,/mocap/xwing/pose.transform.rotation.y,-0.002880808102787471
0.697497712,1760031881.474497712,/mocap/xwing/pose.transform.rotation.y,-0.0030617068643390742
0.6975245600000001,1760031881.474524560,/mocap/xwing/pose.transform.rotation.y,-0.0031265982248645133
0.7227024310000001,1760031881.499702431,/mocap/xwing/pose.transform.rotation.y,-0.003238662333215471
0.722779429,1760031881.499779429,/mocap/xwing/pose.transform.rotation.y,-0.003189394591864777
0.7229065090000001,1760031881.499906509,/mocap/xwing/pose.transform.rotation.y,-0.0032348908922820918
0.72292705,1760031881.499927050,/mocap/xwing/pose.transform.rotation.y,-0.0033156791785095736
0.722947283,1760031881.499947283,/mocap/xwing/pose.transform.rotation.y,-0.0033442754018085307
0.722960098,1760031881.499960098,/mocap/xwing/pose.transform.rotation.y,-0.003409688287401769
0.7229743940000001,1760031881.499974394,/mocap/xwing/pose.transform.rotation.y,-0.003419344033031791
0.7229905200000001,1760031881.499990520,/mocap/xwing/pose.transform.rotation.y,-0.0035529707510221333
0.754838816,1760031881.531838816,/mocap/xwing/pose.transform.rotation.y,-0.0036047962134367097
0.754851798,1760031881.531851798,/mocap/xwing/pose.transform.rotation.y,-0.003672487780065778
0.7549100240000001,1760031881.531910024,/mocap/xwing/pose.transform.rotation.y,-0.0037985762021047285
0.7549367450000001,1760031881.531936745,/mocap/xwing/pose.transform.rotation.y,-0.003706657430410052
0.754950482,1760031881.531950482,/mocap/xwing/pose.transform.rotation.y,-0.0038779038298853803
0.7549668220000001,1760031881.531966822,/mocap/xwing/pose.transform.rotation.y,-0.0038770356220965796
0.7550061100000001,1760031881.532006110,/mocap/xwing/pose.transform.rotation.y,-0.004256868253542066
0.7663130170000001,1760031881.543313017,/mocap/xwing/pose.transform.rotation.y,-0.004330956632210992
0.766341209,1760031881.543341209,/mocap/xwing/pose.transform.rotation.y,-0.00447992921658282
0.7663586010000001,1760031881.543358601,/mocap/xwing/pose.transform.rotation.y,-0.0044771110940315115
0.7663924980000001,1760031881.543392498,/mocap/xwing/pose.transform.rotation.y,-0.004588451251436835
0.8115342910000001,1760031881.588534291,/mocap/xwing/pose.transform.rotation.y,-0.0046028838548710935
0.811569081,1760031881.588569081,/mocap/xwing/pose.transform.rotation.y,-0.004638239679577552
0.811585933,1760031881.588585933,/mocap/xwing/pose.transform.rotation.y,-0.004691765515629883
0.8116105440000001,1760031881.588610544,/mocap/xwing/pose.transform.rotation.y,-0.004689370575958806
0.8116739430000001,1760031881.588673943,/mocap/xwing/pose.transform.rotation.y,-0.004788085521708832
0.811698365,1760031881.588698365,/mocap/xwing/pose.transform.rotation.y,-0.00477091568750637
0.8117152940000001,1760031881.588715294,/mocap/xwing/pose.transform.rotation.y,-0.004711262772425807
0.811729836,1760031881.588729836,/mocap/xwing/pose.transform.rotation.y,-0.004751998978760415
0.8117460400000001,1760031881.588746040,/mocap/xwing/pose.transform.rotation.y,-0.004693975057606148
0.8117583490000001,1760031881.588758349,/mocap/xwing/pose.transform.rotation.y,-0.004612664378526893
0.811798988,1760031881.588798988,/mocap/xwing/pose.transform.rotation.y,-0.004707547617736291
0.8118176220000001,1760031881.588817622,/mocap/xwing/pose.transform.rotation.y,-0.0046287679277698295
0.8118918230000001,1760031881.588891823,/mocap/xwing/pose.transform.rotation.y,-0.00463572370309499
0.811903896,1760031881.588903896,/mocap/xwing/pose.transform.rotation.y,-0.004605895781208471
0.8206599200000001,1760031881.597659920,/mocap/xwing/pose.transform.rotation.y,-0.004669395422392452
0.820672779,1760031881.597672779,/mocap/xwing/pose.transform.rotation.y,-0.004618640783032644
0.820704733,1760031881.597704733,/mocap/xwing/pose.transform.rotation.y,-0.004659517091799255
0.8237681010000001,1760031881.600768101,/mocap/xwing/pose.transform.rotation.y,-0.004686940127093382
0.823824941,1760031881.600824941,/mocap/xwing/pose.transform.rotation.y,-0.004748164498068256
0.8276278250000001,1760031881.604627825,/mocap/xwing/pose.transform.rotation.y,-0.004619569999943814
0.832994699,1760031881.609994699,/mocap/xwing/pose.transform.rotation.y,-0.004598270276011376
0.8330032030000001,1760031881.610003203,/mocap/xwing/pose.transform.rotation.y,-0.004601081427120326
0.838823159,1760031881.615823159,/mocap/xwing/pose.transform.rotation.y,-0.004652247453871499
0.8428523090000001,1760031881.619852309,/mocap/xwing/pose.transform.rotation.y,-0.004613085273076716
0.842864685,1760031881.619864685,/mocap/xwing/pose.transform.rotation.y,-0.004670269191409258
0.848766354,1760031881.625766354,/mocap/xwing/pose.transform.rotation.y,-0.004728252912569736
0.848782345,1760031881.625782345,/mocap/xwing/pose.transform.rotation.y,-0.004694920375938402
0.860060001,1760031881.637060001,/mocap/xwing/pose.transform.rotation.y,-0.004663911668587364
0.8600732130000001,1760031881.637073213,/mocap/xwing/pose.transform.rotation.y,-0.004727242503106407
0.9076252570000001,1760031881.684625257,/mocap/xwing/pose.transform.rotation.y,-0.0047659950043647
0.907643331,1760031881.684643331,/mocap/xwing/pose.transform.rotation.y,-0.004745028877964962
0.907655965,1760031881.684655965,/mocap/xwing/pose.transform.rotation.y,-0.004725796508441789
0.9076813610000001,1760031881.684681361,/mocap/xwing/pose.transform.rotation.y,-0.004724690284208187
0.9076993720000001,1760031881.684699372,/mocap/xwing/pose.transform.rotation.y,-0.004621421446775978
0.9077168640000001,1760031881.684716864,/mocap/xwing/pose.transform.rotation.y,-0.0046674060535261165
0.907730633,1760031881.684730633,/mocap/xwing/pose.transform.rotation.y,-0.004671802535577972
0.907744678,1760031881.684744678,/mocap/xwing/pose.transform.rotation.y,-0.004784650760609431
0.9077969090000001,1760031881.684796909,/mocap/xwing/pose.transform.rotation.y,-0.004749893017757708
0.9078173570000001,1760031881.684817357,/mocap/xwing/pose.transform.rotation.y,-0.004789322354265411
0.907841118,1760031881.684841118,/mocap/xwing/pose.transform.rotation.y,-0.0047170850767819785
0.907862303,1760031881.684862303,/mocap/xwing/pose.transform.rotation.y,-0.00471775710710773
0.9078814390000001,1760031881.684881439,/mocap/xwing/pose.transform.rotation.y,-0.004726712220063703
0.9078957670000001,1760031881.684895767,/mocap/xwing/pose.transform.rotation.y,-0.004707708348045244
0.9141529190000001,1760031881.691152919,/mocap/xwing/pose.transform.rotation.y,-0.004733908488315488
0.9142012180000001,1760031881.691201218,/mocap/xwing/pose.transform.rotation.y,-0.004747242471744778
0.919797535,1760031881.696797535,/mocap/xwing/pose.transform.rotation.y,-0.004701037363682538
0.9198090080000001,1760031881.696809008,/mocap/xwing/pose.transform.rotation.y,-0.004722990690032958
0.9273722590000001,1760031881.704372259,/mocap/xwing/pose.transform.rotation.y,-0.004755974984842475
0.9273856890000001,1760031881.704385689,/mocap/xwing/pose.transform.rotation.y,-0.0048590151605757215
0.9312942550000001,1760031881.708294255,/mocap/xwing/pose.transform.rotation.y,-0.00492441008385657
0.9376328180000001,1760031881.714632818,/mocap/xwing/pose.transform.rotation.y,-0.00499848865393882
0.937676817,1760031881.714676817,/mocap/xwing/pose.transform.rotation.y,-0.00493260103523158
0.9476972770000001,1760031881.724697277,/mocap/xwing/pose.transform.rotation.y,-0.0049678136394540415
0.9477246010000001,1760031881.724724601,/mocap/xwing/pose.transform.rotation.y,-0.0048608181112449475
0.993575685,1760031881.770575685,/mocap/xwing/pose.transform.rotation.y,-0.004855028308615061
0.993601221,1760031881.770601221,/mocap/xwing/pose.transform.rotation.y,-0.00493892857286824
0.9936162530000001,1760031881.770616253,/mocap/xwing/pose.transform.rotation.y,-0.005059244928809962
0.9936275350000001,1760031881.770627535,/mocap/xwing/pose.transform.rotation.y,-0.005128924809363803
0.9937389630000001,1760031881.770738963,/mocap/xwing/pose.transform.rotation.y,-0.005226322011904166
0.9937546380000001,1760031881.770754638,/mocap/xwing/pose.transform.rotation.y,-0.005224597913853551
0.993774569,1760031881.770774569,/mocap/xwing/pose.transform.rotation.y,-0.00516634131837561
0.993784082,1760031881.770784082,/mocap/xwing/pose.transform.rotation.y,-0.005162502282092246
0.9938462530000001,1760031881.770846253,/mocap/xwing/pose.transform.rotation.y,-0.005222189560345146
0.993867225,1760031881.770867225,/mocap/xwing/pose.transform.rotation.y,-0.005266961960649447
0.9938806910000001,1760031881.770880691,/mocap/xwing/pose.transform.rotation.y,-0.005237489457290177
0.9938973780000001,1760031881.770897378,/mocap/xwing/pose.transform.rotation.y,-0.005279490229193625
0.993939962,1760031881.770939962,/mocap/xwing/pose.transform.rotation.y,-0.00535581430013425
0.9939610830000001,1760031881.770961083,/mocap/xwing/pose.transform.rotation.y,-0.005394317454955885
1.001643,1760031881.778643000,/mocap/xwing/pose.transform.rotation.y,-0.005430324463085586
1.0017576,1760031881.778757600,/mocap/xwing/pose.transform.rotation.y,-0.005449279065964813
1.001795233,1760031881.778795233,/mocap/xwing/pose.transform.rotation.y,-0.005467536451855818
1.001816663,1760031881.778816663,/mocap/xwing/pose.transform.rotation.y,-0.005473595213813491
1.055856035,1760031881.832856035,/mocap/xwing/pose.transform.rotation.y,-0.005500209305773396
1.055868588,1760031881.832868588,/mocap/xwing/pose.transform.rotation.y,-0.005493053658246584
1.055882114,1760031881.832882114,/mocap/xwing/pose.transform.rotation.y,-0.0055430874430274744
1.055894406,1760031881.832894406,/mocap/xwing/pose.transform.rotation.y,-0.005660612857211084
1.055971877,1760031881.832971877,/mocap/xwing/pose.transform.rotation.y,-0.005761168936121044
1.05598982,1760031881.832989820,/mocap/xwing/pose.transform.rotation.y,-0.005726641281516502
1.056003727,1760031881.833003727,/mocap/xwing/pose.transform.rotation.y,-0.005788843060480034
1.056017324,1760031881.833017324,/mocap/xwing/pose.transform.rotation.y,-0.005824255739822298
1.056056655,1760031881.833056655,/mocap/xwing/pose.transform.rotation.y,-0.005775225876238666
1.056132584,1760031881.833132584,/mocap/xwing/pose.transform.rotation.y,-0.005822302808188864
1.056141545,1760031881.833141545,/mocap/xwing/pose.transform.rotation.y,-0.005878640259065995
1.056157765,1760031881.833157765,/mocap/xwing/pose.transform.rotation.y,-0.005950139962919086
1.056249934,1760031881.833249934,/mocap/xwing/pose.transform.rotation.y,-0.0060159682775197815
1.056262816,1760031881.833262816,/mocap/xwing/pose.transform.rotation.y,-0.005987950389856722
1.056297816,1760031881.833297816,/mocap/xwing/pose.transform.rotation.y,-0.006007194556946923
1.062688743,1760031881.839688743,/mocap/xwing/pose.transform.rotation.y,-0.006077198249577511
1.062693216,1760031881.839693216,/mocap/xwing/pose.transform.rotation.y,-0.006088109666767937
1.062709817,1760031881.839709817,/mocap/xwing/pose.transform.rotation.y,-0.006182449703010486
1.067735067,1760031881.844735067,/mocap/xwing/pose.transform.rotation.y,-0.006169345543239541
1.070549255,1760031881.847549255,/mocap/xwing/pose.transform.rotation.y,-0.006190135759532113
1.072851364,1760031881.849851364,/mocap/xwing/pose.transform.rotation.y,-0.006235276830360554
1.076526566,1760031881.853526566,/mocap/xwing/pose.transform.rotation.y,-0.006201364010840118
1.080722801,1760031881.857722801,/mocap/xwing/pose.transform.rotation.y,-0.006223538526832204
1.08074475,1760031881.857744750,/mocap/xwing/pose.transform.rotation.y,-0.006270377056419535
1.083811544,1760031881.860811544,/mocap/xwing/pose.transform.rotation.y,-0.006344671753381668
1.088917384,1760031881.865917384,/mocap/xwing/pose.transform.rotation.y,-0.006366492257355208
1.095002686,1760031881.872002686,/mocap/xwing/pose.transform.rotation.y,-0.006370513462019327
1.095013229,1760031881.872013229,/mocap/xwing/pose.transform.rotation.y,-0.006382780602244504
1.103350934,1760031881.880350934,/mocap/xwing/pose.transform.rotation.y,-0.00641670777369667
1.107678554,1760031881.884678554,/mocap/xwing/pose.transform.rotation.y,-0.006463814385102815
1.107691409,1760031881.884691409,/mocap/xwing/pose.transform.rotation.y,-0.006528254129693389
1.118917222,1760031881.895917222,/mocap/xwing/pose.transform.rotation.y,-0.006532111683202512
1.144881045,1760031881.921881045,/mocap/xwing/pose.transform.rotation.y,-0.006493479970209059
1.145018952,1760031881.922018952,/mocap/xwing/pose.transform.rotation.y,-0.00650362434070602
1.145040668,1760031881.922040668,/mocap/xwing/pose.transform.rotation.y,-0.006546118975457387
1.1450667700000001,1760031881.922066770,/mocap/xwing/pose.transform.rotation.y,-0.00659424239437009
1.14508229,1760031881.922082290,/mocap/xwing/pose.transform.rotation.y,-0.006623683759405051
1.145099396,1760031881.922099396,/mocap/xwing/pose.transform.rotation.y,-0.006607742942236606
1.14511469,1760031881.922114690,/mocap/xwing/pose.transform.rotation.y,-0.006502017454257401
1.150561873,1760031881.927561873,/mocap/xwing/pose.transform.rotation.y,-0.006432012770090855
1.150574609,1760031881.927574609,/mocap/xwing/pose.transform.rotation.y,-0.006446783821849703
1.15727653,1760031881.934276530,/mocap/xwing/pose.transform.rotation.y,-0.006442615599132025
1.157291545,1760031881.934291545,/mocap/xwing/pose.transform.rotation.y,-0.006489533369704982
1.157305691,1760031881.934305691,/mocap/xwing/pose.transform.rotation.y,-0.0064884843912514385
1.163086065,1760031881.940086065,/mocap/xwing/pose.transform.rotation.y,-0.0064758924644879
1.16311709,1760031881.940117090,/mocap/xwing/pose.transform.rotation.y,-0.006412065787565094
1.168333415,1760031881.945333415,/mocap/xwing/pose.transform.rotation.y,-0.006397635604171209
1.168378178,1760031881.945378178,/mocap/xwing/pose.transform.rotation.y,-0.0063369093193894185
1.2177254180000001,1760031881.994725418,/mocap/xwing/pose.transform.rotation.y,-0.006238524269702471
1.217742648,1760031881.994742648,/mocap/xwing/pose.transform.rotation.y,-0.006231378649762786
1.217766681,1760031881.994766681,/mocap/xwing/pose.transform.rotation.y,-0.0063101926867118975
1.217795715,1760031881.994795715,/mocap/xwing/pose.transform.rotation.y,-0.006229411798808394
1.217814192,1760031881.994814192,/mocap/xwing/pose.transform.rotation.y,-0.006167482008493735
1.217833387,1760031881.994833387,/mocap/xwing/pose.transform.rotation.y,-0.006069915309213579
1.217857838,1760031881.994857838,/mocap/xwing/pose.transform.rotation.y,-0.006021005968446517
1.217871398,1760031881.994871398,/mocap/xwing/pose.transform.rotation.y,-0.005995449080385198
1.21789574,1760031881.994895740,/mocap/xwing/pose.transform.rotation.y,-0.005962940891408465
1.217911986,1760031881.994911986,/mocap/xwing/pose.transform.rotation.y,-0.0059116297426342074
1.2179269160000001,1760031881.994926916,/mocap/xwing/pose.transform.rotation.y,-0.005773622760894268
1.217937968,1760031881.994937968,/mocap/xwing/pose.transform.rotation.y,-0.005752590701528443
1.218058359,1760031881.995058359,/mocap/xwing/pose.transform.rotation.y,-0.005700942881353237
1.218068928,1760031881.995068928,/mocap/xwing/pose.transform.rotation.y,-0.0056196382130384755
1.22704681,1760031882.004046810,/mocap/xwing/pose.transform.rotation.y,-0.005649732843429348
1.227074068,1760031882.004074068,/mocap/xwing/pose.transform.rotation.y,-0.0055952918412294555
1.2270845590000001,1760031882.004084559,/mocap/xwing/pose.transform.rotation.y,-0.0055088723470166625
1.230623921,1760031882.007623921,/mocap/xwing/pose.transform.rotation.y,-0.005393647515860606
1.230639506,1760031882.007639506,/mocap/xwing/pose.transform.rotation.y,-0.005286127461958327
1.234795754,1760031882.011795754,/mocap/xwing/pose.transform.rotation.y,-0.005177820441777377
1.237743417,1760031882.014743417,/mocap/xwing/pose.transform.rotation.y,-0.005129909486189991
1.240843391,1760031882.017843391,/mocap/xwing/pose.transform.rotation.y,-0.00514314847334823
1.24518637,1760031882.022186370,/mocap/xwing/pose.transform.rotation.y,-0.00512263220210843
1.250488568,1760031882.027488568,/mocap/xwing/pose.transform.rotation.y,-0.005088883710920845
1.250499815,1760031882.027499815,/mocap/xwing/pose.transform.rotation.y,-0.005009390559552178
1.253420852,1760031882.030420852,/mocap/xwing/pose.transform.rotation.y,-0.004898221867712946
1.257899021,1760031882.034899021,/mocap/xwing/pose.transform.rotation.y,-0.004858009918848818
1.261745508,1760031882.038745508,/mocap/xwing/pose.transform.rotation.y,-0.0047056995014893525
1.26416338,1760031882.041163380,/mocap/xwing/pose.transform.rotation.y,-0.004600116624244488
1.266557087,1760031882.043557087,/mocap/xwing/pose.transform.rotation.y,-0.004519852088961274
1.272003707,1760031882.049003707,/mocap/xwing/pose.transform.rotation.y,-0.004420800894188665
1.276993776,1760031882.053993776,/mocap/xwing/pose.transform.rotation.y,-0.0043739080634195805
1.2852320210000001,1760031882.062232021,/mocap/xwing/pose.transform.rotation.y,-0.004381641498765777
1.285234956,1760031882.062234956,/mocap/xwing/pose.transform.rotation.y,-0.004342783153464052
1.285254673,1760031882.062254673,/mocap/xwing/pose.transform.rotation.y,-0.004273784911103578
1.288112713,1760031882.065112713,/mocap/xwing/pose.transform.rotation.y,-0.004266681663634067
1.293140988,1760031882.070140988,/mocap/xwing/pose.transform.rotation.y,-0.004107424277681727
1.297722549,1760031882.074722549,/mocap/xwing/pose.transform.rotation.y,-0.003985302175470986
1.29772866,1760031882.074728660,/mocap/xwing/pose.transform.rotation.y,-0.003844869769069604
1.348252594,1760031882.125252594,/mocap/xwing/pose.transform.rotation.y,-0.0037488655549931587
1.348269385,1760031882.125269385,/mocap/xwing/pose.transform.rotation.y,-0.0037464502654092316
1.3482866420000001,1760031882.125286642,/mocap/xwing/pose.transform.rotation.y,-0.003726463842891126
1.348298146,1760031882.125298146,/mocap/xwing/pose.transform.rotation.y,-0.0037354967385902394
1.3483422950000001,1760031882.125342295,/mocap/xwing/pose.transform.rotation.y,-0.003640515569025334
1.348362826,1760031882.125362826,/mocap/xwing/pose.transform.rotation.y,-0.003550006417654099
1.3483826780000001,1760031882.125382678,/mocap/xwing/pose.transform.rotation.y,-0.003543311367681862
1.348396835,1760031882.125396835,/mocap/xwing/pose.transform.rotation.y,-0.0035189597938952064
1.3484251760000001,1760031882.125425176,/mocap/xwing/pose.transform.rotation.y,-0.0034558439041561598
1.348441614,1760031882.125441614,/mocap/xwing/pose.transform.rotation.y,-0.003370780562405542
1.348458717,1760031882.125458717,/mocap/xwing/pose.transform.rotation.y,-0.003356338442777793
1.348479929,1760031882.125479929,/mocap/xwing/pose.transform.rotation.y,-0.0032591035005959793
1.348499892,1760031882.125499892,/mocap/xwing/pose.transform.rotation.y,-0.0032403587214561735
1.3485215830000001,1760031882.125521583,/mocap/xwing/pose.transform.rotation.y,-0.0032006065759645893
1.352379937,1760031882.129379937,/mocap/xwing/pose.transform.rotation.y,-0.0032568426701073384
1.352417945,1760031882.129417945,/mocap/xwing/pose.transform.rotation.y,-0.0033036687285253213
1.356960255,1760031882.133960255,/mocap/xwing/pose.transform.rotation.y,-0.0032360282223348373
1.3624024540000002,1760031882.139402454,/mocap/xwing/pose.transform.rotation.y,-0.0032946936746443777
1.362411765,1760031882.139411765,/mocap/xwing/pose.transform.rotation.y,-0.0032954484512254635
1.365233463,1760031882.142233463,/mocap/xwing/pose.transform.rotation.y,-0.003256449568283835
1.368258403,1760031882.145258403,/mocap/xwing/pose.transform.rotation.y,-0.0032892280273301273
1.373262008,1760031882.150262008,/mocap/xwing/pose.transform.rotation.y,-0.003244137995045567
1.3758037889999999,1760031882.152803789,/mocap/xwing/pose.transform.rotation.y,-0.003310846048001369
1.378642674,1760031882.155642674,/mocap/xwing/pose.transform.rotation.y,-0.003317349697742602
1.383154841,1760031882.160154841,/mocap/xwing/pose.transform.rotation.y,-0.0032759173860314014
1.383205246,1760031882.160205246,/mocap/xwing/pose.transform.rotation.y,-0.0033329144612159814
1.387085249,1760031882.164085249,/mocap/xwing/pose.transform.rotation.y,-0.003292726668270932
1.390849987,1760031882.167849987,/mocap/xwing/pose.transform.rotation.y,-0.003343778896504221
1.396706418,1760031882.173706418,/mocap/xwing/pose.transform.rotation.y,-0.0034318398550511257
1.399179226,1760031882.176179226,/mocap/xwing/pose.transform.rotation.y,-0.003453668156372942
1.399188036,1760031882.176188036,/mocap/xwing/pose.transform.rotation.y,-0.0034761916019451678
1.402357741,1760031882.179357741,/mocap/xwing/pose.transform.rotation.y,-0.00340094428654633
1.40562246,1760031882.182622460,/mocap/xwing/pose.transform.rotation.y,-0.0033460080689479616
1.409396578,1760031882.186396578,/mocap/xwing/pose.transform.rotation.y,-0.0032857601654807857
1.412716648,1760031882.189716648,/mocap/xwing/pose.transform.rotation.y,-0.0033622705268701466
1.416545529,1760031882.193545529,/mocap/xwing/pose.transform.rotation.y,-0.0034268258269674265
1.418876822,1760031882.195876822,/mocap/xwing/pose.transform.rotation.y,-0.0034908694454954445
1.42270096,1760031882.199700960,/mocap/xwing/pose.transform.rotation.y,-0.003565354058466912
1.425663522,1760031882.202663522,/mocap/xwing/pose.transform.rotation.y,-0.00354050061965212
1.428875561,1760031882.205875561,/mocap/xwing/pose.transform.rotation.y,-0.003546621910875998
1.433828907,1760031882.210828907,/mocap/xwing/pose.transform.rotation.y,-0.0034715531562533658
1.439271936,1760031882.216271936,/mocap/xwing/pose.transform.rotation.y,-0.0035015291375557187
1.444422252,1760031882.221422252,/mocap/xwing/pose.transform.rotation.y,-0.003566776727833364
1.448367181,1760031882.225367181,/mocap/xwing/pose.transform.rotation.y,-0.003625173011320918
1.448383474,1760031882.225383474,/mocap/xwing/pose.transform.rotation.y,-0.0037017491920124036
1.452355835,1760031882.229355835,/mocap/xwing/pose.transform.rotation.y,-0.0037397916120531826
1.458863247,1760031882.235863247,/mocap/xwing/pose.transform.rotation.y,-0.00373332986400004
1.45894148,1760031882.235941480,/mocap/xwing/pose.transform.rotation.y,-0.0037184368934150263
1.505690874,1760031882.282690874,/mocap/xwing/pose.transform.rotation.y,-0.003745360666286127
1.5057052830000002,1760031882.282705283,/mocap/xwing/pose.transform.rotation.y,-0.0037140472255539946
1.5057353720000002,1760031882.282735372,/mocap/xwing/pose.transform.rotation.y,-0.0037405123039837007
1.505876212,1760031882.282876212,/mocap/xwing/pose.transform.rotation.y,-0.0037497189704243194
1.505885106,1760031882.282885106,/mocap/xwing/pose.transform.rotation.y,-0.0037654217319483796
1.505919397,1760031882.282919397,/mocap/xwing/pose.transform.rotation.y,-0.0038805259243908157
1.505936512,1760031882.282936512,/mocap/xwing/pose.transform.rotation.y,-0.003921705514133924
1.505958774,1760031882.282958774,/mocap/xwing/pose.transform.rotation.y,-0.003979454907073534
1.505991908,1760031882.282991908,/mocap/xwing/pose.transform.rotation.y,-0.004017361650148487
1.506017703,1760031882.283017703,/mocap/xwing/pose.transform.rotation.y,-0.003993835787266493
1.5060336950000002,1760031882.283033695,/mocap/xwing/pose.transform.rotation.y,-0.004031659332721165
1.506068989,1760031882.283068989,/mocap/xwing/pose.transform.rotation.y,-0.0039652213067570006
1.50608042,1760031882.283080420,/mocap/xwing/pose.transform.rotation.y,-0.003983072247558697
1.5061554639999999,1760031882.283155464,/mocap/xwing/pose.transform.rotation.y,-0.004067843308501814
1.515607771,1760031882.292607771,/mocap/xwing/pose.transform.rotation.y,-0.0041651067255653795
1.515702963,1760031882.292702963,/mocap/xwing/pose.transform.rotation.y,-0.004222442228711587
1.519018778,1760031882.296018778,/mocap/xwing/pose.transform.rotation.y,-0.004318691243346792
1.519034095,1760031882.296034095,/mocap/xwing/pose.transform.rotation.y,-0.004269295373097047
1.5240744670000002,1760031882.301074467,/mocap/xwing/pose.transform.rotation.y,-0.004381183712878194
1.524086904,1760031882.301086904,/mocap/xwing/pose.transform.rotation.y,-0.004408484890922519
1.573965732,1760031882.350965732,/mocap/xwing/pose.transform.rotation.y,-0.004396710479438595
1.573975213,1760031882.350975213,/mocap/xwing/pose.transform.rotation.y,-0.0044687662002034735
1.573998428,1760031882.350998428,/mocap/xwing/pose.transform.rotation.y,-0.0044750227807148135
1.574007278,1760031882.351007278,/mocap/xwing/pose.transform.rotation.y,-0.004554639557690278
1.5740969960000002,1760031882.351096996,/mocap/xwing/pose.transform.rotation.y,-0.004515156493367156
1.57411585,1760031882.351115850,/mocap/xwing/pose.transform.rotation.y,-0.004583650141432941
1.574144154,1760031882.351144154,/mocap/xwing/pose.transform.rotation.y,-0.004668330954575836
1.574163521,1760031882.351163521,/mocap/xwing/pose.transform.rotation.y,-0.004648805479520564
1.574183882,1760031882.351183882,/mocap/xwing/pose.transform.rotation.y,-0.004695167074354163
1.574264817,1760031882.351264817,/mocap/xwing/pose.transform.rotation.y,-0.004683902843858355
1.574298925,1760031882.351298925,/mocap/xwing/pose.transform.rotation.y,-0.004688667251999882
1.5743084340000002,1760031882.351308434,/mocap/xwing/pose.transform.rotation.y,-0.00473483421914664
1.574325344,1760031882.351325344,/mocap/xwing/pose.transform.rotation.y,-0.0046987215654747585
1.574340096,1760031882.351340096,/mocap/xwing/pose.transform.rotation.y,-0.004807939380902609
1.58103101,1760031882.358031010,/mocap/xwing/pose.transform.rotation.y,-0.004883792958771585
1.584772498,1760031882.361772498,/mocap/xwing/pose.transform.rotation.y,-0.0048414038280419
1.584794355,1760031882.361794355,/mocap/xwing/pose.transform.rotation.y,-0.004818341282375361
1.584847145,1760031882.361847145,/mocap/xwing/pose.transform.rotation.y,-0.004832123673626239
1.636819205,1760031882.413819205,/mocap/xwing/pose.transform.rotation.y,-0.004858626975749111
1.636884927,1760031882.413884927,/mocap/xwing/pose.transform.rotation.y,-0.004896877254864141
1.640510505,1760031882.417510505,/mocap/xwing/pose.transform.rotation.y,-0.0049060780766656395
1.640519464,1760031882.417519464,/mocap/xwing/pose.transform.rotation.y,-0.004888531311232226
1.6405328510000001,1760031882.417532851,/mocap/xwing/pose.transform.rotation.y,-0.004908915919943748
1.640549584,1760031882.417549584,/mocap/xwing/pose.transform.rotation.y,-0.004833828031046057
1.640607144,1760031882.417607144,/mocap/xwing/pose.transform.rotation.y,-0.004777714548308128
1.6406432610000001,1760031882.417643261,/mocap/xwing/pose.transform.rotation.y,-0.004772696696486092
1.6406588590000002,1760031882.417658859,/mocap/xwing/pose.transform.rotation.y,-0.004764080691339682
1.64067076,1760031882.417670760,/mocap/xwing/pose.transform.rotation.y,-0.004820020573685399
1.640699488,1760031882.417699488,/mocap/xwing/pose.transform.rotation.y,-0.004810986675135776
1.64072577,1760031882.417725770,/mocap/xwing/pose.transform.rotation.y,-0.004724134390783019
1.640738545,1760031882.417738545,/mocap/xwing/pose.transform.rotation.y,-0.004607653788987666
1.6407569610000001,1760031882.417756961,/mocap/xwing/pose.transform.rotation.y,-0.004560859927905363
1.640773115,1760031882.417773115,/mocap/xwing/pose.transform.rotation.y,-0.00446032006183467
1.640785734,1760031882.417785734,/mocap/xwing/pose.transform.rotation.y,-0.0044963559465175116
1.640834672,1760031882.417834672,/mocap/xwing/pose.transform.rotation.y,-0.004468246269019751
1.6452386300000001,1760031882.422238630,/mocap/xwing/pose.transform.rotation.y,-0.0044744255304376085
1.649806711,1760031882.426806711,/mocap/xwing/pose.transform.rotation.y,-0.004439183453068033
1.655932516,1760031882.432932516,/mocap/xwing/pose.transform.rotation.y,-0.00430682977728614
1.655942794,1760031882.432942794,/mocap/xwing/pose.transform.rotation.y,-0.004308533228774598
1.66548476,1760031882.442484760,/mocap/xwing/pose.transform.rotation.y,-0.004214166041479903
1.665524749,1760031882.442524749,/mocap/xwing/pose.transform.rotation.y,-0.00413364317383937
1.6819506720000001,1760031882.458950672,/mocap/xwing/pose.transform.rotation.y,-0.004039467746073612
1.6819645300000001,1760031882.458964530,/mocap/xwing/pose.transform.rotation.y,-0.0039390889177244905
1.682026853,1760031882.459026853,/mocap/xwing/pose.transform.rotation.y,-0.0038770022523660244
1.738954428,1760031882.515954428,/mocap/xwing/pose.transform.rotation.y,-0.0038132049163328015
1.738970719,1760031882.515970719,/mocap/xwing/pose.transform.rotation.y,-0.0038368686585965044
1.738982999,1760031882.515982999,/mocap/xwing/pose.transform.rotation.y,-0.003699281373170264
1.739018518,1760031882.516018518,/mocap/xwing/pose.transform.rotation.y,-0.0037090519076109396
1.7390355510000002,1760031882.516035551,/mocap/xwing/pose.transform.rotation.y,-0.0036060316981256775
1.7390553510000002,1760031882.516055351,/mocap/xwing/pose.transform.rotation.y,-0.0035541056080994247
1.739075809,1760031882.516075809,/mocap/xwing/pose.transform.rotation.y,-0.003422537283118552
1.7390961,1760031882.516096100,/mocap/xwing/pose.transform.rotation.y,-0.0032862120198216905
1.739115991,1760031882.516115991,/mocap/xwing/pose.transform.rotation.y,-0.0031652004007113625
1.7391311680000001,1760031882.516131168,/mocap/xwing/pose.transform.rotation.y,-0.003235525008262873
1.739151495,1760031882.516151495,/mocap/xwing/pose.transform.rotation.y,-0.003267596025697756
1.739169835,1760031882.516169835,/mocap/xwing/pose.transform.rotation.y,-0.003247109044835168
1.739233655,1760031882.516233655,/mocap/xwing/pose.transform.rotation.y,-0.003249259402595856
1.73927772,1760031882.516277720,/mocap/xwing/pose.transform.rotation.y,-0.0031873882996189228
1.739297224,1760031882.516297224,/mocap/xwing/pose.transform.rotation.y,-0.0031110132205960494
1.7393191890000002,1760031882.516319189,/mocap/xwing/pose.transform.rotation.y,-0.003036642954548257
1.739332557,1760031882.516332557,/mocap/xwing/pose.transform.rotation.y,-0.0029769837415822772
1.739396062,1760031882.516396062,/mocap/xwing/pose.transform.rotation.y,-0.002952280944780228
1.7395241989999999,1760031882.516524199,/mocap/xwing/pose.transform.rotation.y,-0.002958892072424123
1.7523593860000002,1760031882.529359386,/mocap/xwing/pose.transform.rotation.y,-0.002945999522779096
1.7523856850000001,1760031882.529385685,/mocap/xwing/pose.transform.rotation.y,-0.0029699324348844065
1.75239066,1760031882.529390660,/mocap/xwing/pose.transform.rotation.y,-0.002937339326859912
1.755171551,1760031882.532171551,/mocap/xwing/pose.transform.rotation.y,-0.0028797724687105106
1.755190822,1760031882.532190822,/mocap/xwing/pose.transform.rotation.y,-0.0029053052531194737
1.755202959,1760031882.532202959,/mocap/xwing/pose.transform.rotation.y,-0.002905125834562328
1.758094598,1760031882.535094598,/mocap/xwing/pose.transform.rotation.y,-0.0028231011924627182
1.760367443,1760031882.537367443,/mocap/xwing/pose.transform.rotation.y,-0.0027971089078621192
1.76552051,1760031882.542520510,/mocap/xwing/pose.transform.rotation.y,-0.002770698490475293
1.770448686,1760031882.547448686,/mocap/xwing/pose.transform.rotation.y,-0.0027869942478290347
1.770461691,1760031882.547461691,/mocap/xwing/pose.transform.rotation.y,-0.0027232924615811353
1.774486392,1760031882.551486392,/mocap/xwing/pose.transform.rotation.y,-0.0026668250463123297
1.779798282,1760031882.556798282,/mocap/xwing/pose.transform.rotation.y,-0.002694012299764724
1.784238179,1760031882.561238179,/mocap/xwing/pose.transform.rotation.y,-0.0026749367923908627
1.78424212,1760031882.561242120,/mocap/xwing/pose.transform.rotation.y,-0.0026671379811524063
1.787081835,1760031882.564081835,/mocap/xwing/pose.transform.rotation.y,-0.00261702391747312
1.792070442,1760031882.569070442,/mocap/xwing/pose.transform.rotation.y,-0.0026710093051573467
1.79469426,1760031882.571694260,/mocap/xwing/pose.transform.rotation.y,-0.002635887080187063
1.797388516,1760031882.574388516,/mocap/xwing/pose.transform.rotation.y,-0.0027007595554421255
1.8001235150000001,1760031882.577123515,/mocap/xwing/pose.transform.rotation.y,-0.0025966728449368644
1.802457098,1760031882.579457098,/mocap/xwing/pose.transform.rotation.y,-0.0025485242044168796
1.807786476,1760031882.584786476,/mocap/xwing/pose.transform.rotation.y,-0.0024988182996231395
1.8107085280000002,1760031882.587708528,/mocap/xwing/pose.transform.rotation.y,-0.002594320135529723
1.813553157,1760031882.590553157,/mocap/xwing/pose.transform.rotation.y,-0.0025026638581590378
1.818834956,1760031882.595834956,/mocap/xwing/pose.transform.rotation.y,-0.0024750798063466277
1.8253180420000001,1760031882.602318042,/mocap/xwing/pose.transform.rotation.y,-0.0024943424673730652
1.825327858,1760031882.602327858,/mocap/xwing/pose.transform.rotation.y,-0.002514488836347415
1.832329944,1760031882.609329944,/mocap/xwing/pose.transform.rotation.y,-0.002504668213688244
1.832340665,1760031882.609340665,/mocap/xwing/pose.transform.rotation.y,-0.002524521505514494
1.8351986610000002,1760031882.612198661,/mocap/xwing/pose.transform.rotation.y,-0.0024148290388571027
1.8389278450000002,1760031882.615927845,/mocap/xwing/pose.transform.rotation.y,-0.0024998488014476732
1.842858262,1760031882.619858262,/mocap/xwing/pose.transform.rotation.y,-0.002462144171823816
1.850765065,1760031882.627765065,/mocap/xwing/pose.transform.rotation.y,-0.0025100263773541903
1.850775922,1760031882.627775922,/mocap/xwing/pose.transform.rotation.y,-0.002480327443950479
1.8537530590000002,1760031882.630753059,/mocap/xwing/pose.transform.rotation.y,-0.0024696287227448056
1.8537654940000001,1760031882.630765494,/mocap/xwing/pose.transform.rotation.y,-0.0025598486954657713
1.859218066,1760031882.636218066,/mocap/xwing/pose.transform.rotation.y,-0.002559580494518294
1.862735173,1760031882.639735173,/mocap/xwing/pose.transform.rotation.y,-0.0025757655027640255
1.862757889,1760031882.639757889,/mocap/xwing/pose.transform.rotation.y,-0.002527353304973021
1.865835255,1760031882.642835255,/mocap/xwing/pose.transform.rotation.y,-0.0025488109856839133
1.871747107,1760031882.648747107,/mocap/xwing/pose.transform.rotation.y,-0.0024846889119221785
1.874005138,1760031882.651005138,/mocap/xwing/pose.transform.rotation.y,-0.002481608663866032
1.8801912820000002,1760031882.657191282,/mocap/xwing/pose.transform.rotation.y,-0.0025256195185376805
1.884283575,1760031882.661283575,/mocap/xwing/pose.transform.rotation.y,-0.0026274863268310007
1.8843232680000002,1760031882.661323268,/mocap/xwing/pose.transform.rotation.y,-0.002703575464731113
1.890446453,1760031882.667446453,/mocap/xwing/pose.transform.rotation.y,-0.0027461474413210535
1.8985572350000002,1760031882.675557235,/mocap/xwing/pose.transform.rotation.y,-0.0027124138352407324
1.898579501,1760031882.675579501,/mocap/xwing/pose.transform.rotation.y,-0.0026329855799134207
1.898602697,1760031882.675602697,/mocap/xwing/pose.transform.rotation.y,-0.0026535926752779084
1.902602436,1760031882.679602436,/mocap/xwing/pose.transform.rotation.y,-0.0026335434602939305
1.907251589,1760031882.684251589,/mocap/xwing/pose.transform.rotation.y,-0.002661357555505497
1.912541789,1760031882.689541789,/mocap/xwing/pose.transform.rotation.y,-0.002839394826124898
1.912559619,1760031882.689559619,/mocap/xwing/pose.transform.rotation.y,-0.0028734922833988557
1.917751412,1760031882.694751412,/mocap/xwing/pose.transform.rotation.y,-0.0028927449479480873
1.922023126,1760031882.699023126,/mocap/xwing/pose.transform.rotation.y,-0.002921499945993471
1.9220863430000001,1760031882.699086343,/mocap/xwing/pose.transform.rotation.y,-0.0029681070219701334
1.926295932,1760031882.703295932,/mocap/xwing/pose.transform.rotation.y,-0.0029146385248315265
1.934756545,1760031882.711756545,/mocap/xwing/pose.transform.rotation.y,-0.002956777275792081
1.934786339,1760031882.711786339,/mocap/xwing/pose.transform.rotation.y,-0.002910662536286032
1.941141369,1760031882.718141369,/mocap/xwing/pose.transform.rotation.y,-0.003037660452521785
1.941229972,1760031882.718229972,/mocap/xwing/pose.transform.rotation.y,-0.003085191055512959
1.9528469890000002,1760031882.729846989,/mocap/xwing/pose.transform.rotation.y,-0.0031075205608986555
1.95288373,1760031882.729883730,/mocap/xwing/pose.transform.rotation.y,-0.003200355784609884
1.9529457790000002,1760031882.729945779,/mocap/xwing/pose.transform.rotation.y,-0.0031927108959112303
1.952964083,1760031882.729964083,/mocap/xwing/pose.transform.rotation.y,-0.0032430079542117582
1.956337395,1760031882.733337395,/mocap/xwing/pose.transform.rotation.y,-0.003325845473295443
1.956367501,1760031882.733367501,/mocap/xwing/pose.transform.rotation.y,-0.0033011451771657635
1.962858943,1760031882.739858943,/mocap/xwing/pose.transform.rotation.y,-0.003333637458197422
1.96636513,1760031882.743365130,/mocap/xwing/pose.transform.rotation.y,-0.0033823824813236053
1.9702787050000001,1760031882.747278705,/mocap/xwing/pose.transform.rotation.y,-0.003305981912157283
1.970350787,1760031882.747350787,/mocap/xwing/pose.transform.rotation.y,-0.003442142000761557
1.9876921,1760031882.764692100,/mocap/xwing/pose.transform.rotation.y,-0.0035228458361470055
1.987741261,1760031882.764741261,/mocap/xwing/pose.transform.rotation.y,-0.003557789440859494
1.991844039,1760031882.768844039,/mocap/xwing/pose.transform.rotation.y,-0.003596187547649181
1.991860692,1760031882.768860692,/mocap/xwing/pose.transform.rotation.y,-0.003595243021528133
1.991868938,1760031882.768868938,/mocap/xwing/pose.transform.rotation.y,-0.003640941340488392
1.991924153,1760031882.768924153,/mocap/xwing/pose.transform.rotation.y,-0.003624967841042518
2.003670856,1760031882.780670856,/mocap/xwing/pose.transform.rotation.y,-0.003652062472849206
2.019380616,1760031882.796380616,/mocap/xwing/pose.transform.rotation.y,-0.0037509769646598677
2.01939369,1760031882.796393690,/mocap/xwing/pose.transform.rotation.y,-0.003788869649311518
2.019421207,1760031882.796421207,/mocap/xwing/pose.transform.rotation.y,-0.003843956219181623
2.019437975,1760031882.796437975,/mocap/xwing/pose.transform.rotation.y,-0.00379614306190689
2.019451864,1760031882.796451864,/mocap/xwing/pose.transform.rotation.y,-0.0037382827099238505
2.019466974,1760031882.796466974,/mocap/xwing/pose.transform.rotation.y,-0.0037176300628392086
2.031204878,1760031882.808204878,/mocap/xwing/pose.transform.rotation.y,-0.0038022278400581372
2.031360028,1760031882.808360028,/mocap/xwing/pose.transform.rotation.y,-0.0037992084166552087
2.031386735,1760031882.808386735,/mocap/xwing/pose.transform.rotation.y,-0.003802738072373153
2.031575524,1760031882.808575524,/mocap/xwing/pose.transform.rotation.y,-0.0037961376593006087
2.038172389,1760031882.815172389,/mocap/xwing/pose.transform.rotation.y,-0.0037583633911782836
2.042226734,1760031882.819226734,/mocap/xwing/pose.transform.rotation.y,-0.0036528891372838005
2.04224788,1760031882.819247880,/mocap/xwing/pose.transform.rotation.y,-0.00363526783423579
2.049242445,1760031882.826242445,/mocap/xwing/pose.transform.rotation.y,-0.003659782590592906
2.098530939,1760031882.875530939,/mocap/xwing/pose.transform.rotation.y,-0.0036261084703736656
2.098543963,1760031882.875543963,/mocap/xwing/pose.transform.rotation.y,-0.0035573421027104125
2.098565077,1760031882.875565077,/mocap/xwing/pose.transform.rotation.y,-0.0036701845514093595
2.098619784,1760031882.875619784,/mocap/xwing/pose.transform.rotation.y,-0.0036018516685852606
2.098633992,1760031882.875633992,/mocap/xwing/pose.transform.rotation.y,-0.0036014767050938086
2.098643513,1760031882.875643513,/mocap/xwing/pose.transform.rotation.y,-0.0034505303418000603
2.098676533,1760031882.875676533,/mocap/xwing/pose.transform.rotation.y,-0.0033757718109576006
2.09878508,1760031882.875785080,/mocap/xwing/pose.transform.rotation.y,-0.003279101510247844
2.098798817,1760031882.875798817,/mocap/xwing/pose.transform.rotation.y,-0.0032777043362961296
2.098811667,1760031882.875811667,/mocap/xwing/pose.transform.rotation.y,-0.0032287146769156955
2.098866419,1760031882.875866419,/mocap/xwing/pose.transform.rotation.y,-0.003188610947129679
2.098885488,1760031882.875885488,/mocap/xwing/pose.transform.rotation.y,-0.0031876553006828607
2.098903648,1760031882.875903648,/mocap/xwing/pose.transform.rotation.y,-0.0031562564354286502
2.098917518,1760031882.875917518,/mocap/xwing/pose.transform.rotation.y,-0.003069698728055409
2.105715523,1760031882.882715523,/mocap/xwing/pose.transform.rotation.y,-0.002951840501462976
2.105736303,1760031882.882736303,/mocap/xwing/pose.transform.rotation.y,-0.0028324991750841703
2.105764699,1760031882.882764699,/mocap/xwing/pose.transform.rotation.y,-0.0028048025932487317
2.105773276,1760031882.882773276,/mocap/xwing/pose.transform.rotation.y,-0.002654662426074811
2.112554455,1760031882.889554455,/mocap/xwing/pose.transform.rotation.y,-0.0026475159717558937
2.112569548,1760031882.889569548,/mocap/xwing/pose.transform.rotation.y,-0.0025478082811842082
2.116412411,1760031882.893412411,/mocap/xwing/pose.transform.rotation.y,-0.0025567843117701343
2.12636451,1760031882.903364510,/mocap/xwing/pose.transform.rotation.y,-0.0023922160154476167
2.126454283,1760031882.903454283,/mocap/xwing/pose.transform.rotation.y,-0.0022864118176138307
2.170092177,1760031882.947092177,/mocap/xwing/pose.transform.rotation.y,-0.0022166120255590854
2.170130985,1760031882.947130985,/mocap/xwing/pose.transform.rotation.y,-0.0021413853669181747
2.170148044,1760031882.947148044,/mocap/xwing/pose.transform.rotation.y,-0.002033072985547468
2.170167463,1760031882.947167463,/mocap/xwing/pose.transform.rotation.y,-0.0018833250340543437
2.170184534,1760031882.947184534,/mocap/xwing/pose.transform.rotation.y,-0.0018143854840849771
2.170197205,1760031882.947197205,/mocap/xwing/pose.transform.rotation.y,-0.0017130820983056907
2.1702089,1760031882.947208900,/mocap/xwing/pose.transform.rotation.y,-0.00155199510013223
2.170227524,1760031882.947227524,/mocap/xwing/pose.transform.rotation.y,-0.0014652382768723811
2.170241657,1760031882.947241657,/mocap/xwing/pose.transform.rotation.y,-0.0013710014945912
2.170260494,1760031882.947260494,/mocap/xwing/pose.transform.rotation.y,-0.0013000796418516528
2.170276744,1760031882.947276744,/mocap/xwing/pose.transform.rotation.y,-0.0011370576650718864
2.170298479,1760031882.947298479,/mocap/xwing/pose.transform.rotation.y,-0.0009894271423665129
2.170318022,1760031882.947318022,/mocap/xwing/pose.transform.rotation.y,-0.0008754379452899541
2.17034396,1760031882.947343960,/mocap/xwing/pose.transform.rotation.y,-0.0007694071790068657
2.199477334,1760031882.976477334,/mocap/xwing/pose.transform.rotation.y,-0.0006792348542897815
2.199499492,1760031882.976499492,/mocap/xwing/pose.transform.rotation.y,-0.0007176120808684609
2.199514554,1760031882.976514554,/mocap/xwing/pose.transform.rotation.y,-0.0006091243125467639
2.199583643,1760031882.976583643,/mocap/xwing/pose.transform.rotation.y,-0.00048006919902341587
2.209338085,1760031882.986338085,/mocap/xwing/pose.transform.rotation.y,-0.0003726490825845959
2.209356673,1760031882.986356673,/mocap/xwing/pose.transform.rotation.y,-0.00020529526132328282
2.209378459,1760031882.986378459,/mocap/xwing/pose.transform.rotation.y,-0.0001426526318099073
2.2093920320000002,1760031882.986392032,/mocap/xwing/pose.transform.rotation.y,0.00001642027883528229
2.2094368380000002,1760031882.986436838,/mocap/xwing/pose.transform.rotation.y,0.000008638771564443676
2.2094740330000002,1760031882.986474033,/mocap/xwing/pose.transform.rotation.y,0.00017738394076435255
2.209493378,1760031882.986493378,/mocap/xwing/pose.transform.rotation.y,0.00017847604318193386
2.209573536,1760031882.986573536,/mocap/xwing/pose.transform.rotation.y,0.00028553161399889806
2.211583503,1760031882.988583503,/mocap/xwing/pose.transform.rotation.y,0.00035686784057166644
2.215504594,1760031882.992504594,/mocap/xwing/pose.transform.rotation.y,0.00041710048436922214
2.220897903,1760031882.997897903,/mocap/xwing/pose.transform.rotation.y,0.00048272882876310136
2.220937612,1760031882.997937612,/mocap/xwing/pose.transform.rotation.y,0.0004984902715668293
2.22495227,1760031883.001952270,/mocap/xwing/pose.transform.rotation.y,0.0005619586617703241
2.230271854,1760031883.007271854,/mocap/xwing/pose.transform.rotation.y,0.0006208241409115232
2.230325994,1760031883.007325994,/mocap/xwing/pose.transform.rotation.y,0.000766248583272638
2.236527965,1760031883.013527965,/mocap/xwing/pose.transform.rotation.y,0.0008134445955073734
2.24063068,1760031883.017630680,/mocap/xwing/pose.transform.rotation.y,0.0008537029173864116
2.2406941910000002,1760031883.017694191,/mocap/xwing/pose.transform.rotation.y,0.0008837364830743755
2.291060078,1760031883.068060078,/mocap/xwing/pose.transform.rotation.y,0.0009065749887355567
2.291064387,1760031883.068064387,/mocap/xwing/pose.transform.rotation.y,0.0009305286999669034
2.291070001,1760031883.068070001,/mocap/xwing/pose.transform.rotation.y,0.001045528339070935
2.2910747430000002,1760031883.068074743,/mocap/xwing/pose.transform.rotation.y,0.0010533419020835916
2.291095427,1760031883.068095427,/mocap/xwing/pose.transform.rotation.y,0.0012226375314336527
2.291099728,1760031883.068099728,/mocap/xwing/pose.transform.rotation.y,0.0011910714594451834
2.291104345,1760031883.068104345,/mocap/xwing/pose.transform.rotation.y,0.0012281310502608514
2.291109177,1760031883.068109177,/mocap/xwing/pose.transform.rotation.y,0.0013008545386959548
2.291113536,1760031883.068113536,/mocap/xwing/pose.transform.rotation.y,0.0013807440889750289
2.291117336,1760031883.068117336,/mocap/xwing/pose.transform.rotation.y,0.0014308077266120866
2.291120691,1760031883.068120691,/mocap/xwing/pose.transform.rotation.y,0.0013971666127372048
2.291158811,1760031883.068158811,/mocap/xwing/pose.transform.rotation.y,0.0014234767521613904
2.291164576,1760031883.068164576,/mocap/xwing/pose.transform.rotation.y,0.0014189142091768033
2.291216704,1760031883.068216704,/mocap/xwing/pose.transform.rotation.y,0.001435118555668064
2.2937910820000003,1760031883.070791082,/mocap/xwing/pose.transform.rotation.y,0.0015303189171009162
2.300227669,1760031883.077227669,/mocap/xwing/pose.transform.rotation.y,0.001523895643958851
2.300234462,1760031883.077234462,/mocap/xwing/pose.transform.rotation.y,0.001549205889341243
2.300239151,1760031883.077239151,/mocap/xwing/pose.transform.rotation.y,0.0016004326403806196
2.302720166,1760031883.079720166,/mocap/xwing/pose.transform.rotation.y,0.00156326293647266
2.308095293,1760031883.085095293,/mocap/xwing/pose.transform.rotation.y,0.001480915075548939
2.313844391,1760031883.090844391,/mocap/xwing/pose.transform.rotation.y,0.0014414615315478379
2.321347773,1760031883.098347773,/mocap/xwing/pose.transform.rotation.y,0.0015041630191261841
2.32135325,1760031883.098353250,/mocap/xwing/pose.transform.rotation.y,0.0014208639020609135
2.321355364,1760031883.098355364,/mocap/xwing/pose.transform.rotation.y,0.0014179357473843165
2.323303921,1760031883.100303921,/mocap/xwing/pose.transform.rotation.y,0.0013445295426161988
2.327350288,1760031883.104350288,/mocap/xwing/pose.transform.rotation.y,0.0012656018081475143
2.331084176,1760031883.108084176,/mocap/xwing/pose.transform.rotation.y,0.0012752882082272406
2.3365187880000002,1760031883.113518788,/mocap/xwing/pose.transform.rotation.y,0.001237370028058657
2.339223866,1760031883.116223866,/mocap/xwing/pose.transform.rotation.y,0.0012476409643564891
2.33922887,1760031883.116228870,/mocap/xwing/pose.transform.rotation.y,0.0012180775472776899
2.389333415,1760031883.166333415,/mocap/xwing/pose.transform.rotation.y,0.0011742811945626667
2.400348107,1760031883.177348107,/mocap/xwing/pose.transform.rotation.y,0.0011052232908081519
2.400353412,1760031883.177353412,/mocap/xwing/pose.transform.rotation.y,0.0010348585427973921
2.400358097,1760031883.177358097,/mocap/xwing/pose.transform.rotation.y,0.0009246006582922799
2.400363665,1760031883.177363665,/mocap/xwing/pose.transform.rotation.y,0.0008518620177449862
2.400372388,1760031883.177372388,/mocap/xwing/pose.transform.rotation.y,0.0008556770512751646
2.400378077,1760031883.177378077,/mocap/xwing/pose.transform.rotation.y,0.0007885483408644067
2.400384282,1760031883.177384282,/mocap/xwing/pose.transform.rotation.y,0.0007145134260260793
2.400388959,1760031883.177388959,/mocap/xwing/pose.transform.rotation.y,0.0006020945104679723
2.400392416,1760031883.177392416,/mocap/xwing/pose.transform.rotation.y,0.0005165700466240275
2.400397483,1760031883.177397483,/mocap/xwing/pose.transform.rotation.y,0.00032137041072605486
2.400402936,1760031883.177402936,/mocap/xwing/pose.transform.rotation.y,0.0003120504032656455
2.400407821,1760031883.177407821,/mocap/xwing/pose.transform.rotation.y,0.00015350354897717387
2.400412046,1760031883.177412046,/mocap/xwing/pose.transform.rotation.y,0.00013313633586081467
2.400418723,1760031883.177418723,/mocap/xwing/pose.transform.rotation.y,0.0000027102035140525577
2.409361564,1760031883.186361564,/mocap/xwing/pose.transform.rotation.y,-0.00004089246091059959
2.4093673410000003,1760031883.186367341,/mocap/xwing/pose.transform.rotation.y,-0.00015783236369010397
2.409371275,1760031883.186371275,/mocap/xwing/pose.transform.rotation.y,-0.00021149575152451877
2.409375882,1760031883.186375882,/mocap/xwing/pose.transform.rotation.y,-0.0003172706805138403
2.409392854,1760031883.186392854,/mocap/xwing/pose.transform.rotation.y,-0.0004915060163413089
2.428840228,1760031883.205840228,/mocap/xwing/pose.transform.rotation.y,-0.0005814975591606014
2.460803893,1760031883.237803893,/mocap/xwing/pose.transform.rotation.y,-0.0007325798179617901
2.46082178,1760031883.237821780,/mocap/xwing/pose.transform.rotation.y,-0.0009220191804674779
2.460849569,1760031883.237849569,/mocap/xwing/pose.transform.rotation.y,-0.0009362978741252071
2.460885836,1760031883.237885836,/mocap/xwing/pose.transform.rotation.y,-0.001041284596989979
2.460897321,1760031883.237897321,/mocap/xwing/pose.transform.rotation.y,-0.0011456065861985758
2.460910834,1760031883.237910834,/mocap/xwing/pose.transform.rotation.y,-0.0011328857016025247
2.460933898,1760031883.237933898,/mocap/xwing/pose.transform.rotation.y,-0.001249014749464924
2.460952314,1760031883.237952314,/mocap/xwing/pose.transform.rotation.y,-0.0013601876480349522
2.460969577,1760031883.237969577,/mocap/xwing/pose.transform.rotation.y,-0.001532206114484594
2.460983626,1760031883.237983626,/mocap/xwing/pose.transform.rotation.y,-0.0016708005766608248
2.460997759,1760031883.237997759,/mocap/xwing/pose.transform.rotation.y,-0.001739603313187358
2.461025576,1760031883.238025576,/mocap/xwing/pose.transform.rotation.y,-0.0017627578177215682
2.461041758,1760031883.238041758,/mocap/xwing/pose.transform.rotation.y,-0.0018072741656460962
2.461055584,1760031883.238055584,/mocap/xwing/pose.transform.rotation.y,-0.0018946367313261382
2.4776647240000003,1760031883.254664724,/mocap/xwing/pose.transform.rotation.y,-0.0019584705283784494
2.477728063,1760031883.254728063,/mocap/xwing/pose.transform.rotation.y,-0.002122722534221805
2.484438854,1760031883.261438854,/mocap/xwing/pose.transform.rotation.y,-0.002152300537704952
2.484454553,1760031883.261454553,/mocap/xwing/pose.transform.rotation.y,-0.002264590746153941
2.484490073,1760031883.261490073,/mocap/xwing/pose.transform.rotation.y,-0.0022940706852122464
2.48453311,1760031883.261533110,/mocap/xwing/pose.transform.rotation.y,-0.002314970860096571
2.484567034,1760031883.261567034,/mocap/xwing/pose.transform.rotation.y,-0.0023812225041668546
2.489393998,1760031883.266393998,/mocap/xwing/pose.transform.rotation.y,-0.002464159544575491
2.535088278,1760031883.312088278,/mocap/xwing/pose.transform.rotation.y,-0.002501725246493013
2.535092266,1760031883.312092266,/mocap/xwing/pose.transform.rotation.y,-0.002553834046883914
2.535096783,1760031883.312096783,/mocap/xwing/pose.transform.rotation.y,-0.002586436932678282
2.535105471,1760031883.312105471,/mocap/xwing/pose.transform.rotation.y,-0.002588722057610375
2.535110909,1760031883.312110909,/mocap/xwing/pose.transform.rotation.y,-0.002608885995778848
2.535137314,1760031883.312137314,/mocap/xwing/pose.transform.rotation.y,-0.0025593997801015467
2.535142945,1760031883.312142945,/mocap/xwing/pose.transform.rotation.y,-0.002642753563356281
2.535147675,1760031883.312147675,/mocap/xwing/pose.transform.rotation.y,-0.0026768578558287724
2.535152226,1760031883.312152226,/mocap/xwing/pose.transform.rotation.y,-0.002665014506479167
2.535161811,1760031883.312161811,/mocap/xwing/pose.transform.rotation.y,-0.002708758993371981
2.535177154,1760031883.312177154,/mocap/xwing/pose.transform.rotation.y,-0.002696055762644936
2.535183662,1760031883.312183662,/mocap/xwing/pose.transform.rotation.y,-0.002746010739929733
2.535196979,1760031883.312196979,/mocap/xwing/pose.transform.rotation.y,-0.0028375481679047635
2.5352021760000003,1760031883.312202176,/mocap/xwing/pose.transform.rotation.y,-0.0028564612430329785
2.5385551250000002,1760031883.315555125,/mocap/xwing/pose.transform.rotation.y,-0.002888540457800547
2.538568534,1760031883.315568534,/mocap/xwing/pose.transform.rotation.y,-0.0028481209087205007
2.541934532,1760031883.318934532,/mocap/xwing/pose.transform.rotation.y,-0.002852301810045087
2.5932678080000002,1760031883.370267808,/mocap/xwing/pose.transform.rotation.y,-0.0027813339331606147
2.5933007530000003,1760031883.370300753,/mocap/xwing/pose.transform.rotation.y,-0.00288926835261948
2.5933100319999998,1760031883.370310032,/mocap/xwing/pose.transform.rotation.y,-0.0028753736927097464
2.593315498,1760031883.370315498,/mocap/xwing/pose.transform.rotation.y,-0.0029232313266595276
2.593322306,1760031883.370322306,/mocap/xwing/pose.transform.rotation.y,-0.002881369529191855
2.593331839,1760031883.370331839,/mocap/xwing/pose.transform.rotation.y,-0.0030389622499539222
2.593340995,1760031883.370340995,/mocap/xwing/pose.transform.rotation.y,-0.0029702648070115785
2.593360138,1760031883.370360138,/mocap/xwing/pose.transform.rotation.y,-0.0029853733854329745
2.593403237,1760031883.370403237,/mocap/xwing/pose.transform.rotation.y,-0.0029943968961716532
2.593410133,1760031883.370410133,/mocap/xwing/pose.transform.rotation.y,-0.003099260410188994
2.593422058,1760031883.370422058,/mocap/xwing/pose.transform.rotation.y,-0.003107731671934307
2.59342909,1760031883.370429090,/mocap/xwing/pose.transform.rotation.y,-0.0031433234455122768
2.593435107,1760031883.370435107,/mocap/xwing/pose.transform.rotation.y,-0.003176454606962313
2.5934413530000002,1760031883.370441353,/mocap/xwing/pose.transform.rotation.y,-0.0032354955690669642
2.59345125,1760031883.370451250,/mocap/xwing/pose.transform.rotation.y,-0.0032880817194847266
2.593484107,1760031883.370484107,/mocap/xwing/pose.transform.rotation.y,-0.0031621507311691273
2.599028917,1760031883.376028917,/mocap/xwing/pose.transform.rotation.y,-0.0032532446831533995
2.620408993,1760031883.397408993,/mocap/xwing/pose.transform.rotation.y,-0.0032414077756229114
2.620414026,1760031883.397414026,/mocap/xwing/pose.transform.rotation.y,-0.0034080227176200243
2.62042432,1760031883.397424320,/mocap/xwing/pose.transform.rotation.y,-0.0034377592601481286
2.620426899,1760031883.397426899,/mocap/xwing/pose.transform.rotation.y,-0.0034190260065628357
2.620429462,1760031883.397429462,/mocap/xwing/pose.transform.rotation.y,-0.0034116599671107717
2.620444015,1760031883.397444015,/mocap/xwing/pose.transform.rotation.y,-0.003555112325195094
2.623614605,1760031883.400614605,/mocap/xwing/pose.transform.rotation.y,-0.00359431045790577
2.623618328,1760031883.400618328,/mocap/xwing/pose.transform.rotation.y,-0.0035286541083041686
2.672862696,1760031883.449862696,/mocap/xwing/pose.transform.rotation.y,-0.0035216362726238747
2.672900307,1760031883.449900307,/mocap/xwing/pose.transform.rotation.y,-0.003455767546867809
2.672921711,1760031883.449921711,/mocap/xwing/pose.transform.rotation.y,-0.0034796115794200016
2.672938027,1760031883.449938027,/mocap/xwing/pose.transform.rotation.y,-0.003528204321731098
2.672961505,1760031883.449961505,/mocap/xwing/pose.transform.rotation.y,-0.003607850457242795
2.67300403,1760031883.450004030,/mocap/xwing/pose.transform.rotation.y,-0.0035861312497813993
2.6730463330000003,1760031883.450046333,/mocap/xwing/pose.transform.rotation.y,-0.0036333252571448603
2.673067656,1760031883.450067656,/mocap/xwing/pose.transform.rotation.y,-0.003648872988402608
2.6731030909999998,1760031883.450103091,/mocap/xwing/pose.transform.rotation.y,-0.0035723167277003165
2.673113623,1760031883.450113623,/mocap/xwing/pose.transform.rotation.y,-0.003580160961453233
2.673130175,1760031883.450130175,/mocap/xwing/pose.transform.rotation.y,-0.0035187646151428574
2.673159506,1760031883.450159506,/mocap/xwing/pose.transform.rotation.y,-0.0034894727146722515
2.673182241,1760031883.450182241,/mocap/xwing/pose.transform.rotation.y,-0.0034492925788356965
2.6732011079999998,1760031883.450201108,/mocap/xwing/pose.transform.rotation.y,-0.00348712074537903
2.687751039,1760031883.464751039,/mocap/xwing/pose.transform.rotation.y,-0.0035287776093693756
2.726181741,1760031883.503181741,/mocap/xwing/pose.transform.rotation.y,-0.0035753795101324108
2.72621457,1760031883.503214570,/mocap/xwing/pose.transform.rotation.y,-0.003532328726225557
2.726376894,1760031883.503376894,/mocap/xwing/pose.transform.rotation.y,-0.003587335185492099
2.726384874,1760031883.503384874,/mocap/xwing/pose.transform.rotation.y,-0.0034995189487824576
2.726390276,1760031883.503390276,/mocap/xwing/pose.transform.rotation.y,-0.0035388310532103824
2.7263988,1760031883.503398800,/mocap/xwing/pose.transform.rotation.y,-0.0034397070637332207
2.726404453,1760031883.503404453,/mocap/xwing/pose.transform.rotation.y,-0.00337877166713459
2.7264106640000003,1760031883.503410664,/mocap/xwing/pose.transform.rotation.y,-0.003509556847684875
2.726416754,1760031883.503416754,/mocap/xwing/pose.transform.rotation.y,-0.0033912016541783043
2.726424879,1760031883.503424879,/mocap/xwing/pose.transform.rotation.y,-0.003428419055575192
2.726429979,1760031883.503429979,/mocap/xwing/pose.transform.rotation.y,-0.0033939708230820887
2.726434947,1760031883.503434947,/mocap/xwing/pose.transform.rotation.y,-0.003363251110027224
2.726452791,1760031883.503452791,/mocap/xwing/pose.transform.rotation.y,-0.0034239081441363797
2.726466994,1760031883.503466994,/mocap/xwing/pose.transform.rotation.y,-0.003357541094886511
2.726479648,1760031883.503479648,/mocap/xwing/pose.transform.rotation.y,-0.0034150803444636143
2.7319172800000002,1760031883.508917280,/mocap/xwing/pose.transform.rotation.y,-0.0033661060373201103
2.73193661,1760031883.508936610,/mocap/xwing/pose.transform.rotation.y,-0.003432530617137336
2.754402933,1760031883.531402933,/mocap/xwing/pose.transform.rotation.y,-0.003455459193050955
2.804528931,1760031883.581528931,/mocap/xwing/pose.transform.rotation.y,-0.003408410471202928
2.80455114,1760031883.581551140,/mocap/xwing/pose.transform.rotation.y,-0.0033139820828707034
2.8045671260000002,1760031883.581567126,/mocap/xwing/pose.transform.rotation.y,-0.003380409810377277
2.804679488,1760031883.581679488,/mocap/xwing/pose.transform.rotation.y,-0.0034022100455249264
2.804712563,1760031883.581712563,/mocap/xwing/pose.transform.rotation.y,-0.003486754407039313
2.804728604,1760031883.581728604,/mocap/xwing/pose.transform.rotation.y,-0.003516395944177216
2.80475145,1760031883.581751450,/mocap/xwing/pose.transform.rotation.y,-0.003493548797483663
2.810657288,1760031883.587657288,/mocap/xwing/pose.transform.rotation.y,-0.00352600813618878
2.810680944,1760031883.587680944,/mocap/xwing/pose.transform.rotation.y,-0.0035121231316016938
2.810691162,1760031883.587691162,/mocap/xwing/pose.transform.rotation.y,-0.003511143277735421
2.8107017450000003,1760031883.587701745,/mocap/xwing/pose.transform.rotation.y,-0.0035685531410414324
2.810763155,1760031883.587763155,/mocap/xwing/pose.transform.rotation.y,-0.003607965144336636
2.810907789,1760031883.587907789,/mocap/xwing/pose.transform.rotation.y,-0.003658182851846609
2.811026734,1760031883.588026734,/mocap/xwing/pose.transform.rotation.y,-0.003709547076706484
2.81104434,1760031883.588044340,/mocap/xwing/pose.transform.rotation.y,-0.003759901926901872
2.811064509,1760031883.588064509,/mocap/xwing/pose.transform.rotation.y,-0.0037685655832329933
2.81107578,1760031883.588075780,/mocap/xwing/pose.transform.rotation.y,-0.0038605301764288572
2.811424867,1760031883.588424867,/mocap/xwing/pose.transform.rotation.y,-0.003914225689664143
2.811456386,1760031883.588456386,/mocap/xwing/pose.transform.rotation.y,-0.003947863795816172
2.811495536,1760031883.588495536,/mocap/xwing/pose.transform.rotation.y,-0.004030808705430499
2.812024527,1760031883.589024527,/mocap/xwing/pose.transform.rotation.y,-0.004090011033870857
2.837285614,1760031883.614285614,/mocap/xwing/pose.transform.rotation.y,-0.004101828672846049
2.837302059,1760031883.614302059,/mocap/xwing/pose.transform.rotation.y,-0.004156657450408303
2.837316521,1760031883.614316521,/mocap/xwing/pose.transform.rotation.y,-0.004214115221517501
2.83733328,1760031883.614333280,/mocap/xwing/pose.transform.rotation.y,-0.004349228067034071
2.8373432000000003,1760031883.614343200,/mocap/xwing/pose.transform.rotation.y,-0.004344399212274007
2.837357019,1760031883.614357019,/mocap/xwing/pose.transform.rotation.y,-0.004415518554643053
2.839654864,1760031883.616654864,/mocap/xwing/pose.transform.rotation.y,-0.00445368604478445
2.839670817,1760031883.616670817,/mocap/xwing/pose.transform.rotation.y,-0.0045342318056666876
2.83968505,1760031883.616685050,/mocap/xwing/pose.transform.rotation.y,-0.004554976024239631
2.839710762,1760031883.616710762,/mocap/xwing/pose.transform.rotation.y,-0.004562869345330625
2.846831952,1760031883.623831952,/mocap/xwing/pose.transform.rotation.y,-0.004650733062098693
2.8468921480000002,1760031883.623892148,/mocap/xwing/pose.transform.rotation.y,-0.004740773564870754
2.886273792,1760031883.663273792,/mocap/xwing/pose.transform.rotation.y,-0.004762059310971755
2.886286403,1760031883.663286403,/mocap/xwing/pose.transform.rotation.y,-0.00476780780139803
2.886312622,1760031883.663312622,/mocap/xwing/pose.transform.rotation.y,-0.00476989744967819
2.886331389,1760031883.663331389,/mocap/xwing/pose.transform.rotation.y,-0.00476911450132357
2.886364467,1760031883.663364467,/mocap/xwing/pose.transform.rotation.y,-0.0049097604968706896
2.886380676,1760031883.663380676,/mocap/xwing/pose.transform.rotation.y,-0.004888404675577637
2.88646094,1760031883.663460940,/mocap/xwing/pose.transform.rotation.y,-0.0049536696087705565
2.886475544,1760031883.663475544,/mocap/xwing/pose.transform.rotation.y,-0.004939389830967151
2.886496977,1760031883.663496977,/mocap/xwing/pose.transform.rotation.y,-0.004947778159763795
2.886518305,1760031883.663518305,/mocap/xwing/pose.transform.rotation.y,-0.0050291535541956865
2.8865350960000002,1760031883.663535096,/mocap/xwing/pose.transform.rotation.y,-0.0049784742864772205
2.88655132,1760031883.663551320,/mocap/xwing/pose.transform.rotation.y,-0.005002589098372182
2.899650079,1760031883.676650079,/mocap/xwing/pose.transform.rotation.y,-0.00498151751403635
2.899654904,1760031883.676654904,/mocap/xwing/pose.transform.rotation.y,-0.004975994583180158
2.899660677,1760031883.676660677,/mocap/xwing/pose.transform.rotation.y,-0.005005181324951084
2.899665119,1760031883.676665119,/mocap/xwing/pose.transform.rotation.y,-0.004960934203692464
2.9230579260000003,1760031883.700057926,/mocap/xwing/pose.transform.rotation.y,-0.005030583234795861
2.9231074770000003,1760031883.700107477,/mocap/xwing/pose.transform.rotation.y,-0.005055902913079825
2.970878302,1760031883.747878302,/mocap/xwing/pose.transform.rotation.y,-0.005091671750644982
2.970891822,1760031883.747891822,/mocap/xwing/pose.transform.rotation.y,-0.005097262741960465
2.970906943,1760031883.747906943,/mocap/xwing/pose.transform.rotation.y,-0.005144950057568177
2.970922847,1760031883.747922847,/mocap/xwing/pose.transform.rotation.y,-0.005052811190210051
2.970937246,1760031883.747937246,/mocap/xwing/pose.transform.rotation.y,-0.0050699904653316655
2.970951355,1760031883.747951355,/mocap/xwing/pose.transform.rotation.y,-0.005092043950568394
2.970964854,1760031883.747964854,/mocap/xwing/pose.transform.rotation.y,-0.005113414277790376
2.971022795,1760031883.748022795,/mocap/xwing/pose.transform.rotation.y,-0.005151875342484808
2.971073506,1760031883.748073506,/mocap/xwing/pose.transform.rotation.y,-0.0050852709830187665
2.971089643,1760031883.748089643,/mocap/xwing/pose.transform.rotation.y,-0.005038093891568172
2.971109423,1760031883.748109423,/mocap/xwing/pose.transform.rotation.y,-0.005152772828936865
2.971123005,1760031883.748123005,/mocap/xwing/pose.transform.rotation.y,-0.005086184716963176
2.971138172,1760031883.748138172,/mocap/xwing/pose.transform.rotation.y,-0.005043434205236096
2.971153031,1760031883.748153031,/mocap/xwing/pose.transform.rotation.y,-0.004949626740447091
2.971166482,1760031883.748166482,/mocap/xwing/pose.transform.rotation.y,-0.004897526933028678
2.971184111,1760031883.748184111,/mocap/xwing/pose.transform.rotation.y,-0.004874650039132305
2.9712632340000003,1760031883.748263234,/mocap/xwing/pose.transform.rotation.y,-0.0047773549549848205
2.976509488,1760031883.753509488,/mocap/xwing/pose.transform.rotation.y,-0.004754595859361763
2.976522254,1760031883.753522254,/mocap/xwing/pose.transform.rotation.y,-0.004724691362097324
2.976598026,1760031883.753598026,/mocap/xwing/pose.transform.rotation.y,-0.0047191891348778775
2.988015534,1760031883.765015534,/mocap/xwing/pose.transform.rotation.y,-0.004614852820140982
2.9880486150000003,1760031883.765048615,/mocap/xwing/pose.transform.rotation.y,-0.004575016381876224
2.988061941,1760031883.765061941,/mocap/xwing/pose.transform.rotation.y,-0.004441900490142419
3.039897701,1760031883.816897701,/mocap/xwing/pose.transform.rotation.y,-0.0042899676847999915
3.049677078,1760031883.826677078,/mocap/xwing/pose.transform.rotation.y,-0.004211973951087418
3.049690557,1760031883.826690557,/mocap/xwing/pose.transform.rotation.y,-0.004094711318814317
3.049735077,1760031883.826735077,/mocap/xwing/pose.transform.rotation.y,-0.0039881626926656895
3.04975591,1760031883.826755910,/mocap/xwing/pose.transform.rotation.y,-0.003850155501225257
3.049774086,1760031883.826774086,/mocap/xwing/pose.transform.rotation.y,-0.003609904568781733
3.049787287,1760031883.826787287,/mocap/xwing/pose.transform.rotation.y,-0.0036541127375408276
3.04980407,1760031883.826804070,/mocap/xwing/pose.transform.rotation.y,-0.0035502554047329416
3.049822995,1760031883.826822995,/mocap/xwing/pose.transform.rotation.y,-0.0034541606691354016
3.049891435,1760031883.826891435,/mocap/xwing/pose.transform.rotation.y,-0.0032950114924666482
3.049909434,1760031883.826909434,/mocap/xwing/pose.transform.rotation.y,-0.0031143939502492864
3.049991185,1760031883.826991185,/mocap/xwing/pose.transform.rotation.y,-0.0029964759153656836
3.050020514,1760031883.827020514,/mocap/xwing/pose.transform.rotation.y,-0.0028737018086232003
3.050035477,1760031883.827035477,/mocap/xwing/pose.transform.rotation.y,-0.0027792862644080924
3.050048198,1760031883.827048198,/mocap/xwing/pose.transform.rotation.y,-0.0027068975792787953
3.050125033,1760031883.827125033,/mocap/xwing/pose.transform.rotation.y,-0.0026044136578028754
3.062399427,1760031883.839399427,/mocap/xwing/pose.transform.rotation.y,-0.002525345295016338
3.062506001,1760031883.839506001,/mocap/xwing/pose.transform.rotation.y,-0.002359222969938163
3.062514805,1760031883.839514805,/mocap/xwing/pose.transform.rotation.y,-0.002103082014229957
3.062519195,1760031883.839519195,/mocap/xwing/pose.transform.rotation.y,-0.0020181054621466656
3.06254335,1760031883.839543350,/mocap/xwing/pose.transform.rotation.y,-0.0019410823959309584
3.067040444,1760031883.844040444,/mocap/xwing/pose.transform.rotation.y,-0.00188569508294486
3.075161561,1760031883.852161561,/mocap/xwing/pose.transform.rotation.y,-0.0017884365266159108
3.082564904,1760031883.859564904,/mocap/xwing/pose.transform.rotation.y,-0.0014857219603335381
3.082609606,1760031883.859609606,/mocap/xwing/pose.transform.rotation.y,-0.0013238444686990256
3.125105995,1760031883.902105995,/mocap/xwing/pose.transform.rotation.y,-0.0012092041735030639
3.125124386,1760031883.902124386,/mocap/xwing/pose.transform.rotation.y,-0.0011154664689570558
3.125141889,1760031883.902141889,/mocap/xwing/pose.transform.rotation.y,-0.0009773254201852959
3.125155253,1760031883.902155253,/mocap/xwing/pose.transform.rotation.y,-0.0007594175041896693
3.125166527,1760031883.902166527,/mocap/xwing/pose.transform.rotation.y,-0.0004654631103081433
3.125668163,1760031883.902668163,/mocap/xwing/pose.transform.rotation.y,-0.0001321711345787798
3.12569,1760031883.902690000,/mocap/xwing/pose.transform.rotation.y,0.00022579916953085
3.125703091,1760031883.902703091,/mocap/xwing/pose.transform.rotation.y,0.0005953681173838724
3.125715967,1760031883.902715967,/mocap/xwing/pose.transform.rotation.y,0.0009772624630647621
3.125737198,1760031883.902737198,/mocap/xwing/pose.transform.rotation.y,0.0013086232544684705
3.125754799,1760031883.902754799,/mocap/xwing/pose.transform.rotation.y,0.0017962108416368387
3.125785849,1760031883.902785849,/mocap/xwing/pose.transform.rotation.y,0.002310449004349279
3.12598765,1760031883.902987650,/mocap/xwing/pose.transform.rotation.y,0.0028934056775975787
3.129540789,1760031883.906540789,/mocap/xwing/pose.transform.rotation.y,0.003571736947038982
3.134882992,1760031883.911882992,/mocap/xwing/pose.transform.rotation.y,0.004268736800708651
3.134893874,1760031883.911893874,/mocap/xwing/pose.transform.rotation.y,0.00502733176246609
3.134903031,1760031883.911903031,/mocap/xwing/pose.transform.rotation.y,0.0058300598060939636
3.13908991,1760031883.916089910,/mocap/xwing/pose.transform.rotation.y,0.006611868791355333
3.145191972,1760031883.922191972,/mocap/xwing/pose.transform.rotation.y,0.0075075062575160915
3.145233506,1760031883.922233506,/mocap/xwing/pose.transform.rotation.y,0.008267934053343324
3.154105377,1760031883.931105377,/mocap/xwing/pose.transform.rotation.y,0.009194559967288752
3.154121824,1760031883.931121824,/mocap/xwing/pose.transform.rotation.y,0.010177996842394918
3.158409394,1760031883.935409394,/mocap/xwing/pose.transform.rotation.y,0.011217869683815631
3.158422983,1760031883.935422983,/mocap/xwing/pose.transform.rotation.y,0.012344073980755392
3.166411963,1760031883.943411963,/mocap/xwing/pose.transform.rotation.y,0.013530394219014974
3.166420689,1760031883.943420689,/mocap/xwing/pose.transform.rotation.y,0.014753090571747325
3.173208291,1760031883.950208291,/mocap/xwing/pose.transform.rotation.y,0.015952517898420896
3.173221016,1760031883.950221016,/mocap/xwing/pose.transform.rotation.y,0.017115719913191798
3.206083963,1760031883.983083963,/mocap/xwing/pose.transform.rotation.y,0.01835123084847741
3.206140569,1760031883.983140569,/mocap/xwing/pose.transform.rotation.y,0.019594071487258898
3.206153765,1760031883.983153765,/mocap/xwing/pose.transform.rotation.y,0.020965163005497202
3.206168281,1760031883.983168281,/mocap/xwing/pose.transform.rotation.y,0.022532497987279628
3.206200289,1760031883.983200289,/mocap/xwing/pose.transform.rotation.y,0.023901576217800608
3.206229077,1760031883.983229077,/mocap/xwing/pose.transform.rotation.y,0.02535530966889625
3.20626611,1760031883.983266110,/mocap/xwing/pose.transform.rotation.y,0.026817983455308964
3.211054944,1760031883.988054944,/mocap/xwing/pose.transform.rotation.y,0.029714584799559057
3.211071195,1760031883.988071195,/mocap/xwing/pose.transform.rotation.y,0.031305049216456333
3.211093755,1760031883.988093755,/mocap/xwing/pose.transform.rotation.y,0.0328702079692698
3.21119725,1760031883.988197250,/mocap/xwing/pose.transform.rotation.y,0.03428243480311895
3.217063043,1760031883.994063043,/mocap/xwing/pose.transform.rotation.y,0.035860417190596454
3.223109629,1760031884.000109629,/mocap/xwing/pose.transform.rotation.y,0.03746945544709088
3.240647297,1760031884.017647297,/mocap/xwing/pose.transform.rotation.y,0.03906385691427879
3.240696193,1760031884.017696193,/mocap/xwing/pose.transform.rotation.y,0.04067729514188293
3.251677795,1760031884.028677795,/mocap/xwing/pose.transform.rotation.y,0.042226537372158694
3.251685449,1760031884.028685449,/mocap/xwing/pose.transform.rotation.y,0.04383143063885997
3.251691469,1760031884.028691469,/mocap/xwing/pose.transform.rotation.y,0.04540004199758914
3.251696997,1760031884.028696997,/mocap/xwing/pose.transform.rotation.y,0.04689873692665722
3.251701365,1760031884.028701365,/mocap/xwing/pose.transform.rotation.y,0.04850721956943044
3.251704616,1760031884.028704616,/mocap/xwing/pose.transform.rotation.y,0.05007179618955241
3.251716899,1760031884.028716899,/mocap/xwing/pose.transform.rotation.y,0.05170361319136688
3.299725869,1760031884.076725869,/mocap/xwing/pose.transform.rotation.y,0.053345490471328784
3.2997289690000002,1760031884.076728969,/mocap/xwing/pose.transform.rotation.y,0.054906538512944844
3.299731679,1760031884.076731679,/mocap/xwing/pose.transform.rotation.y,0.05652040260114943
3.299736626,1760031884.076736626,/mocap/xwing/pose.transform.rotation.y,0.058604406881815244
3.299741534,1760031884.076741534,/mocap/xwing/pose.transform.rotation.y,0.060075132144435966
3.29974712,1760031884.076747120,/mocap/xwing/pose.transform.rotation.y,0.06168942333114189
3.299751504,1760031884.076751504,/mocap/xwing/pose.transform.rotation.y,0.06511487804414386
3.299755633,1760031884.076755633,/mocap/xwing/pose.transform.rotation.y,0.06662108424539952
3.299759883,1760031884.076759883,/mocap/xwing/pose.transform.rotation.y,0.06809739596467594
3.299764592,1760031884.076764592,/mocap/xwing/pose.transform.rotation.y,0.06957218331037424
3.299773365,1760031884.076773365,/mocap/xwing/pose.transform.rotation.y,0.07104601971682925
3.299780857,1760031884.076780857,/mocap/xwing/pose.transform.rotation.y,0.0726643163976753
3.299785195,1760031884.076785195,/mocap/xwing/pose.transform.rotation.y,0.07434827621542292
3.299789672,1760031884.076789672,/mocap/xwing/pose.transform.rotation.y,0.07599485582782477
3.306164318,1760031884.083164318,/mocap/xwing/pose.transform.rotation.y,0.07734748045068372
3.306166885,1760031884.083166885,/mocap/xwing/pose.transform.rotation.y,0.07879028842421637
3.312816677,1760031884.089816677,/mocap/xwing/pose.transform.rotation.y,0.08016299577105473
3.312842569,1760031884.089842569,/mocap/xwing/pose.transform.rotation.y,0.08153662606853684
3.318997472,1760031884.095997472,/mocap/xwing/pose.transform.rotation.y,0.0859388429227879
3.319010707,1760031884.096010707,/mocap/xwing/pose.transform.rotation.y,0.08740200312000765
3.334205635,1760031884.111205635,/mocap/xwing/pose.transform.rotation.y,0.0883763786968818
3.334210129,1760031884.111210129,/mocap/xwing/pose.transform.rotation.y,0.0897466147468233
3.334214352,1760031884.111214352,/mocap/xwing/pose.transform.rotation.y,0.09103379934918271
3.334221338,1760031884.111221338,/mocap/xwing/pose.transform.rotation.y,0.09198682306698022
3.334224532,1760031884.111224532,/mocap/xwing/pose.transform.rotation.y,0.09407611299143812
3.341626429,1760031884.118626429,/mocap/xwing/pose.transform.rotation.y,0.09545197114888672
3.343741359,1760031884.120741359,/mocap/xwing/pose.transform.rotation.y,0.0967907413388586
3.343760323,1760031884.120760323,/mocap/xwing/pose.transform.rotation.y,0.09797228407831726
3.347138517,1760031884.124138517,/mocap/xwing/pose.transform.rotation.y,0.09896872250013522
3.368623436,1760031884.145623436,/mocap/xwing/pose.transform.rotation.y,0.09988579389683959
3.401027355,1760031884.178027355,/mocap/xwing/pose.transform.rotation.y,0.10090810814462747
3.401047297,1760031884.178047297,/mocap/xwing/pose.transform.rotation.y,0.10183319636111472
3.401053638,1760031884.178053638,/mocap/xwing/pose.transform.rotation.y,0.1028375863346309
3.401075552,1760031884.178075552,/mocap/xwing/pose.transform.rotation.y,0.10392246935722858
3.401079347,1760031884.178079347,/mocap/xwing/pose.transform.rotation.y,0.1048629509274747
3.401091124,1760031884.178091124,/mocap/xwing/pose.transform.rotation.y,0.10571793385773882
3.401101151,1760031884.178101151,/mocap/xwing/pose.transform.rotation.y,0.1065340416703434
3.401108846,1760031884.178108846,/mocap/xwing/pose.transform.rotation.y,0.1074545948652584
3.401113035,1760031884.178113035,/mocap/xwing/pose.transform.rotation.y,0.10852086050738446
3.401120697,1760031884.178120697,/mocap/xwing/pose.transform.rotation.y,0.10958410596567944
3.401129814,1760031884.178129814,/mocap/xwing/pose.transform.rotation.y,0.11053764096855276
3.401135066,1760031884.178135066,/mocap/xwing/pose.transform.rotation.y,0.11157239260094028
3.401143366,1760031884.178143366,/mocap/xwing/pose.transform.rotation.y,0.11253841425290918
3.401148212,1760031884.178148212,/mocap/xwing/pose.transform.rotation.y,0.1134192377063435
3.417299176,1760031884.194299176,/mocap/xwing/pose.transform.rotation.y,0.11464269731681265
3.417305679,1760031884.194305679,/mocap/xwing/pose.transform.rotation.y,0.11561341254554437
3.417313252,1760031884.194313252,/mocap/xwing/pose.transform.rotation.y,0.11780368638886503
3.41731926,1760031884.194319260,/mocap/xwing/pose.transform.rotation.y,0.11998501993283567
3.417323182,1760031884.194323182,/mocap/xwing/pose.transform.rotation.y,0.12094117086198122
3.417339556,1760031884.194339556,/mocap/xwing/pose.transform.rotation.y,0.12185980125305904
3.423497176,1760031884.200497176,/mocap/xwing/pose.transform.rotation.y,0.12281563733281788
3.428881627,1760031884.205881627,/mocap/xwing/pose.transform.rotation.y,0.12372476474619977
3.4288868580000003,1760031884.205886858,/mocap/xwing/pose.transform.rotation.y,0.12476714966392799
3.432842847,1760031884.209842847,/mocap/xwing/pose.transform.rotation.y,0.12556291418136828
3.432857248,1760031884.209857248,/mocap/xwing/pose.transform.rotation.y,0.12634640660370786
3.435809586,1760031884.212809586,/mocap/xwing/pose.transform.rotation.y,0.12709319071560385
3.441081731,1760031884.218081731,/mocap/xwing/pose.transform.rotation.y,0.12767947859847556
3.49183786,1760031884.268837860,/mocap/xwing/pose.transform.rotation.y,0.12863307272317998
3.494627866,1760031884.271627866,/mocap/xwing/pose.transform.rotation.y,0.1315450466140053
3.494644711,1760031884.271644711,/mocap/xwing/pose.transform.rotation.y,0.13256532076112187
3.494666704,1760031884.271666704,/mocap/xwing/pose.transform.rotation.y,0.1336597526463594
3.49468049,1760031884.271680490,/mocap/xwing/pose.transform.rotation.y,0.13455962751584002
3.494709592,1760031884.271709592,/mocap/xwing/pose.transform.rotation.y,0.13511870672129908
3.494721783,1760031884.271721783,/mocap/xwing/pose.transform.rotation.y,0.13594098275568942
3.494735105,1760031884.271735105,/mocap/xwing/pose.transform.rotation.y,0.1367082136604548
3.494747136,1760031884.271747136,/mocap/xwing/pose.transform.rotation.y,0.1385049560936068
3.494763949,1760031884.271763949,/mocap/xwing/pose.transform.rotation.y,0.13951006325664167
3.49480919,1760031884.271809190,/mocap/xwing/pose.transform.rotation.y,0.1406037346237773
3.49482656,1760031884.271826560,/mocap/xwing/pose.transform.rotation.y,0.14137320912297988
3.494842637,1760031884.271842637,/mocap/xwing/pose.transform.rotation.y,0.1423106114370819
3.494878703,1760031884.271878703,/mocap/xwing/pose.transform.rotation.y,0.14341010629785567
3.494896019,1760031884.271896019,/mocap/xwing/pose.transform.rotation.y,0.1443174696580121
3.497677742,1760031884.274677742,/mocap/xwing/pose.transform.rotation.y,0.1452158457437219
3.5016880009999998,1760031884.278688001,/mocap/xwing/pose.transform.rotation.y,0.1459924434239405
3.501731728,1760031884.278731728,/mocap/xwing/pose.transform.rotation.y,0.14677515267116176
3.536339499,1760031884.313339499,/mocap/xwing/pose.transform.rotation.y,0.1476097120993202
3.53635914,1760031884.313359140,/mocap/xwing/pose.transform.rotation.y,0.1483246802234986
3.5363781530000002,1760031884.313378153,/mocap/xwing/pose.transform.rotation.y,0.1488082828510792
3.536406486,1760031884.313406486,/mocap/xwing/pose.transform.rotation.y,0.14959085328744662
3.536419797,1760031884.313419797,/mocap/xwing/pose.transform.rotation.y,0.15041947304910724
3.548396168,1760031884.325396168,/mocap/xwing/pose.transform.rotation.y,0.1513891072632494
3.548407007,1760031884.325407007,/mocap/xwing/pose.transform.rotation.y,0.15206203649884412
3.548451095,1760031884.325451095,/mocap/xwing/pose.transform.rotation.y,0.1526728587762724
3.548463495,1760031884.325463495,/mocap/xwing/pose.transform.rotation.y,0.15316167642020653
3.548502369,1760031884.325502369,/mocap/xwing/pose.transform.rotation.y,0.15391749243674474
3.548537101,1760031884.325537101,/mocap/xwing/pose.transform.rotation.y,0.15481113924359213
3.600812045,1760031884.377812045,/mocap/xwing/pose.transform.rotation.y,0.15560839101703067
3.600828156,1760031884.377828156,/mocap/xwing/pose.transform.rotation.y,0.15656690229621714
3.601072548,1760031884.378072548,/mocap/xwing/pose.transform.rotation.y,0.15713035699483205
3.6011895000000003,1760031884.378189500,/mocap/xwing/pose.transform.rotation.y,0.15771587647842866
3.6219295049999998,1760031884.398929505,/mocap/xwing/pose.transform.rotation.y,0.1583528900959091
3.6219738550000002,1760031884.398973855,/mocap/xwing/pose.transform.rotation.y,0.15903791944557108
3.621992862,1760031884.398992862,/mocap/xwing/pose.transform.rotation.y,0.15992445822195753
3.622013599,1760031884.399013599,/mocap/xwing/pose.transform.rotation.y,0.1607579098808025
3.622026331,1760031884.399026331,/mocap/xwing/pose.transform.rotation.y,0.1615899371245149
3.6220422560000003,1760031884.399042256,/mocap/xwing/pose.transform.rotation.y,0.16238190024427923
3.622066485,1760031884.399066485,/mocap/xwing/pose.transform.rotation.y,0.1630302345302199
3.622080805,1760031884.399080805,/mocap/xwing/pose.transform.rotation.y,0.16418822960974663
3.6221072210000003,1760031884.399107221,/mocap/xwing/pose.transform.rotation.y,0.16525558130493642
3.622141725,1760031884.399141725,/mocap/xwing/pose.transform.rotation.y,0.1659870422600041
3.622252688,1760031884.399252688,/mocap/xwing/pose.transform.rotation.y,0.16733462412282984
3.622287771,1760031884.399287771,/mocap/xwing/pose.transform.rotation.y,0.16812244167553944
3.622343694,1760031884.399343694,/mocap/xwing/pose.transform.rotation.y,0.16874791876694686
3.622353279,1760031884.399353279,/mocap/xwing/pose.transform.rotation.y,0.169407013116452
3.622367331,1760031884.399367331,/mocap/xwing/pose.transform.rotation.y,0.17029699131304069
3.622429121,1760031884.399429121,/mocap/xwing/pose.transform.rotation.y,0.17109931544912646
3.635863905,1760031884.412863905,/mocap/xwing/pose.transform.rotation.y,0.17178659504793567
3.635869162,1760031884.412869162,/mocap/xwing/pose.transform.rotation.y,0.1725066476159875
3.6358749450000003,1760031884.412874945,/mocap/xwing/pose.transform.rotation.y,0.17346250525017842
3.635880489,1760031884.412880489,/mocap/xwing/pose.transform.rotation.y,0.17370739912166436
3.635884533,1760031884.412884533,/mocap/xwing/pose.transform.rotation.y,0.17920596030681665
3.635892651,1760031884.412892651,/mocap/xwing/pose.transform.rotation.y,0.1799141626184902
3.635898663,1760031884.412898663,/mocap/xwing/pose.transform.rotation.y,0.18049429385930923
3.644757143,1760031884.421757143,/mocap/xwing/pose.transform.rotation.y,0.18162701949533958
3.64476476,1760031884.421764760,/mocap/xwing/pose.transform.rotation.y,0.1825085255970132
3.644768254,1760031884.421768254,/mocap/xwing/pose.transform.rotation.y,0.18311963974699588
3.64477533,1760031884.421775330,/mocap/xwing/pose.transform.rotation.y,0.18368053317741795
3.652675758,1760031884.429675758,/mocap/xwing/pose.transform.rotation.y,0.184472729406694
3.652680219,1760031884.429680219,/mocap/xwing/pose.transform.rotation.y,0.1848895420649147
3.664364808,1760031884.441364808,/mocap/xwing/pose.transform.rotation.y,0.1856852124487844
3.664372792,1760031884.441372792,/mocap/xwing/pose.transform.rotation.y,0.18649929464422912
3.664377392,1760031884.441377392,/mocap/xwing/pose.transform.rotation.y,0.18707287722504107
3.664397003,1760031884.441397003,/mocap/xwing/pose.transform.rotation.y,0.18808152718343996
3.681680862,1760031884.458680862,/mocap/xwing/pose.transform.rotation.y,0.1882345019880202
3.681689923,1760031884.458689923,/mocap/xwing/pose.transform.rotation.y,0.18855996938387834
3.6817021,1760031884.458702100,/mocap/xwing/pose.transform.rotation.y,0.18950436241693014
3.681715163,1760031884.458715163,/mocap/xwing/pose.transform.rotation.y,0.18958097020330383
3.681723283,1760031884.458723283,/mocap/xwing/pose.transform.rotation.y,0.19033501930854435
3.681731362,1760031884.458731362,/mocap/xwing/pose.transform.rotation.y,0.19123559596606565
3.6901445390000003,1760031884.467144539,/mocap/xwing/pose.transform.rotation.y,0.19155996489359559
3.696369658,1760031884.473369658,/mocap/xwing/pose.transform.rotation.y,0.192080870501496
3.696378969,1760031884.473378969,/mocap/xwing/pose.transform.rotation.y,0.19263952141743915
3.696384323,1760031884.473384323,/mocap/xwing/pose.transform.rotation.y,0.1928446870206195
3.750493146,1760031884.527493146,/mocap/xwing/pose.transform.rotation.y,0.19358146915930183
3.7505072,1760031884.527507200,/mocap/xwing/pose.transform.rotation.y,0.19393402033594984
3.750519326,1760031884.527519326,/mocap/xwing/pose.transform.rotation.y,0.19428683324995502
3.750528252,1760031884.527528252,/mocap/xwing/pose.transform.rotation.y,0.19495370031649392
3.750536152,1760031884.527536152,/mocap/xwing/pose.transform.rotation.y,0.19529347946728368
3.750598283,1760031884.527598283,/mocap/xwing/pose.transform.rotation.y,0.19559555449415228
3.750610686,1760031884.527610686,/mocap/xwing/pose.transform.rotation.y,0.19655515712745342
3.750620457,1760031884.527620457,/mocap/xwing/pose.transform.rotation.y,0.1968963053087004
3.750632039,1760031884.527632039,/mocap/xwing/pose.transform.rotation.y,0.19703190378614668
3.75063982,1760031884.527639820,/mocap/xwing/pose.transform.rotation.y,0.19690656361261577
3.750698003,1760031884.527698003,/mocap/xwing/pose.transform.rotation.y,0.19818362447267882
3.750710412,1760031884.527710412,/mocap/xwing/pose.transform.rotation.y,0.1986598181117085
3.750730152,1760031884.527730152,/mocap/xwing/pose.transform.rotation.y,0.19906488453336127
3.750764983,1760031884.527764983,/mocap/xwing/pose.transform.rotation.y,0.19955296873004968
3.803995812,1760031884.580995812,/mocap/xwing/pose.transform.rotation.y,0.19983511181911787
3.803999221,1760031884.580999221,/mocap/xwing/pose.transform.rotation.y,0.20006192106405996
3.804005299,1760031884.581005299,/mocap/xwing/pose.transform.rotation.y,0.20027151003152358
3.804009015,1760031884.581009015,/mocap/xwing/pose.transform.rotation.y,0.20038325648069158
3.804013577,1760031884.581013577,/mocap/xwing/pose.transform.rotation.y,0.2004702860423689
3.820951593,1760031884.597951593,/mocap/xwing/pose.transform.rotation.y,0.20051581513451872
3.820957096,1760031884.597957096,/mocap/xwing/pose.transform.rotation.y,0.2006540127130457
3.820961968,1760031884.597961968,/mocap/xwing/pose.transform.rotation.y,0.2005949814504744
3.820967895,1760031884.597967895,/mocap/xwing/pose.transform.rotation.y,0.2006937383080796
3.820971681,1760031884.597971681,/mocap/xwing/pose.transform.rotation.y,0.2007409725062971
3.820993825,1760031884.597993825,/mocap/xwing/pose.transform.rotation.y,0.20117531552343423
3.82099788,1760031884.597997880,/mocap/xwing/pose.transform.rotation.y,0.20124764344069693
3.8210002860000003,1760031884.598000286,/mocap/xwing/pose.transform.rotation.y,0.20184389584115114
3.821002856,1760031884.598002856,/mocap/xwing/pose.transform.rotation.y,0.2025926221131921
3.821095078,1760031884.598095078,/mocap/xwing/pose.transform.rotation.y,0.20256270272890517
3.8211020700000002,1760031884.598102070,/mocap/xwing/pose.transform.rotation.y,0.20285010129050038
3.821111799,1760031884.598111799,/mocap/xwing/pose.transform.rotation.y,0.20314837199797345
3.821121089,1760031884.598121089,/mocap/xwing/pose.transform.rotation.y,0.20346553910174117
3.821125745,1760031884.598125745,/mocap/xwing/pose.transform.rotation.y,0.20413580747455834
3.82113117,1760031884.598131170,/mocap/xwing/pose.transform.rotation.y,0.20491957761816207
3.825316802,1760031884.602316802,/mocap/xwing/pose.transform.rotation.y,0.20514759120117323
3.825322568,1760031884.602322568,/mocap/xwing/pose.transform.rotation.y,0.20542146232436415
3.825326818,1760031884.602326818,/mocap/xwing/pose.transform.rotation.y,0.20590977944235592
3.825424198,1760031884.602424198,/mocap/xwing/pose.transform.rotation.y,0.20616132245520274
3.8255591349999998,1760031884.602559135,/mocap/xwing/pose.transform.rotation.y,0.20654670686606044
3.831530426,1760031884.608530426,/mocap/xwing/pose.transform.rotation.y,0.20731869351437746
3.836673521,1760031884.613673521,/mocap/xwing/pose.transform.rotation.y,0.20772139622791336
3.836678031,1760031884.613678031,/mocap/xwing/pose.transform.rotation.y,0.20848249690266557
3.844274615,1760031884.621274615,/mocap/xwing/pose.transform.rotation.y,0.20883248310324456
3.844295702,1760031884.621295702,/mocap/xwing/pose.transform.rotation.y,0.2088391284903537
3.847647431,1760031884.624647431,/mocap/xwing/pose.transform.rotation.y,0.20955342792201193
3.852436666,1760031884.629436666,/mocap/xwing/pose.transform.rotation.y,0.20981827409925422
3.8524530930000003,1760031884.629453093,/mocap/xwing/pose.transform.rotation.y,0.21070394499463216
3.856448792,1760031884.633448792,/mocap/xwing/pose.transform.rotation.y,0.21091323234006573
3.864395351,1760031884.641395351,/mocap/xwing/pose.transform.rotation.y,0.21139678174251714
3.864411012,1760031884.641411012,/mocap/xwing/pose.transform.rotation.y,0.21167850573730734
3.869118997,1760031884.646118997,/mocap/xwing/pose.transform.rotation.y,0.21623057511576474
3.869193774,1760031884.646193774,/mocap/xwing/pose.transform.rotation.y,0.21665760347112348
3.875951782,1760031884.652951782,/mocap/xwing/pose.transform.rotation.y,0.2173944094164409
3.8759786050000002,1760031884.652978605,/mocap/xwing/pose.transform.rotation.y,0.2182655700087021
3.880769958,1760031884.657769958,/mocap/xwing/pose.transform.rotation.y,0.2188025289447593
3.890204911,1760031884.667204911,/mocap/xwing/pose.transform.rotation.y,0.21942603666172059
3.8902484040000003,1760031884.667248404,/mocap/xwing/pose.transform.rotation.y,0.22011146833380688
3.894909618,1760031884.671909618,/mocap/xwing/pose.transform.rotation.y,0.22050915210858077
3.894929413,1760031884.671929413,/mocap/xwing/pose.transform.rotation.y,0.22126092514546544
3.8949411300000003,1760031884.671941130,/mocap/xwing/pose.transform.rotation.y,0.22223910364195884
3.89986145,1760031884.676861450,/mocap/xwing/pose.transform.rotation.y,0.22276348274409563
3.960873793,1760031884.737873793,/mocap/xwing/pose.transform.rotation.y,0.22366778709218427
3.960887697,1760031884.737887697,/mocap/xwing/pose.transform.rotation.y,0.2245738207960426
3.960931894,1760031884.737931894,/mocap/xwing/pose.transform.rotation.y,0.22533121484385346
3.960956778,1760031884.737956778,/mocap/xwing/pose.transform.rotation.y,0.22583153696830538
3.960978186,1760031884.737978186,/mocap/xwing/pose.transform.rotation.y,0.22627692884837333
3.960994211,1760031884.737994211,/mocap/xwing/pose.transform.rotation.y,0.22687136907629582
3.961007137,1760031884.738007137,/mocap/xwing/pose.transform.rotation.y,0.2275595360033814
3.961024201,1760031884.738024201,/mocap/xwing/pose.transform.rotation.y,0.22833607043024773
3.961379387,1760031884.738379387,/mocap/xwing/pose.transform.rotation.y,0.22891484695409856
3.961394924,1760031884.738394924,/mocap/xwing/pose.transform.rotation.y,0.22952863401536122
3.961421209,1760031884.738421209,/mocap/xwing/pose.transform.rotation.y,0.22997306568781326
3.961435416,1760031884.738435416,/mocap/xwing/pose.transform.rotation.y,0.23079813529009024
3.961476085,1760031884.738476085,/mocap/xwing/pose.transform.rotation.y,0.23110722756623123
3.96170581,1760031884.738705810,/mocap/xwing/pose.transform.rotation.y,0.2317844984235059
4.098792522,1760031884.875792522,/mocap/xwing/pose.transform.rotation.y,0.23342058473064842
4.098796337,1760031884.875796337,/mocap/xwing/pose.transform.rotation.y,0.23430346191739104
4.098800289,1760031884.875800289,/mocap/xwing/pose.transform.rotation.y,0.23522418618019145
4.098804947,1760031884.875804947,/mocap/xwing/pose.transform.rotation.y,0.23576255175538122
4.098808414,1760031884.875808414,/mocap/xwing/pose.transform.rotation.y,0.23617833565392318
4.09881358,1760031884.875813580,/mocap/xwing/pose.transform.rotation.y,0.23665213353652043
4.098816604,1760031884.875816604,/mocap/xwing/pose.transform.rotation.y,0.23728262202589356
4.09882104,1760031884.875821040,/mocap/xwing/pose.transform.rotation.y,0.23818105545660498
4.098824885,1760031884.875824885,/mocap/xwing/pose.transform.rotation.y,0.23912592509361588
4.098828804,1760031884.875828804,/mocap/xwing/pose.transform.rotation.y,0.23935256736131458
4.098834246,1760031884.875834246,/mocap/xwing/pose.transform.rotation.y,0.24036634079970598
4.098837688,1760031884.875837688,/mocap/xwing/pose.transform.rotation.y,0.24094222395853832
4.098847751,1760031884.875847751,/mocap/xwing/pose.transform.rotation.y,0.2412888850343584
4.098851813,1760031884.875851813,/mocap/xwing/pose.transform.rotation.y,0.242067427261136
4.098855504,1760031884.875855504,/mocap/xwing/pose.transform.rotation.y,0.24278256519454824
4.098858951,1760031884.875858951,/mocap/xwing/pose.transform.rotation.y,0.24365354135499084
4.098865332,1760031884.875865332,/mocap/xwing/pose.transform.rotation.y,0.24431936667439674
4.098870218,1760031884.875870218,/mocap/xwing/pose.transform.rotation.y,0.24486549613464356
4.098876637,1760031884.875876637,/mocap/xwing/pose.transform.rotation.y,0.24561013224313605
4.098882255,1760031884.875882255,/mocap/xwing/pose.transform.rotation.y,0.24614463995305805
4.098886446,1760031884.875886446,/mocap/xwing/pose.transform.rotation.y,0.24657596860630768
4.098891786,1760031884.875891786,/mocap/xwing/pose.transform.rotation.y,0.24735210800943186
4.098896413,1760031884.875896413,/mocap/xwing/pose.transform.rotation.y,0.24786237751422724
4.098900727,1760031884.875900727,/mocap/xwing/pose.transform.rotation.y,0.2484766373710536
4.098906158,1760031884.875906158,/mocap/xwing/pose.transform.rotation.y,0.24912386508553222
4.098910422,1760031884.875910422,/mocap/xwing/pose.transform.rotation.y,0.24955739092337997
4.098914265,1760031884.875914265,/mocap/xwing/pose.transform.rotation.y,0.24991431099119316
4.098919094,1760031884.875919094,/mocap/xwing/pose.transform.rotation.y,0.25069880008127393
4.098923648,1760031884.875923648,/mocap/xwing/pose.transform.rotation.y,0.2514596391165616
4.098927381,1760031884.875927381,/mocap/xwing/pose.transform.rotation.y,0.2519999250295261
4.098937664,1760031884.875937664,/mocap/xwing/pose.transform.rotation.y,0.25228737706017806
4.099777514,1760031884.876777514,/mocap/xwing/pose.transform.rotation.y,0.25284134300920563
4.099782011,1760031884.876782011,/mocap/xwing/pose.transform.rotation.y,0.2532724989759991
4.09978657,1760031884.876786570,/mocap/xwing/pose.transform.rotation.y,0.2536713062906793
4.099793667,1760031884.876793667,/mocap/xwing/pose.transform.rotation.y,0.2542394383730287
4.09979772,1760031884.876797720,/mocap/xwing/pose.transform.rotation.y,0.2551546267452283
4.09980131,1760031884.876801310,/mocap/xwing/pose.transform.rotation.y,0.25582073295973445
4.099805621,1760031884.876805621,/mocap/xwing/pose.transform.rotation.y,0.25637637314958434
4.099813059,1760031884.876813059,/mocap/xwing/pose.transform.rotation.y,0.2565619246080094
4.099817591,1760031884.876817591,/mocap/xwing/pose.transform.rotation.y,0.2568679328045799
4.099823813,1760031884.876823813,/mocap/xwing/pose.transform.rotation.y,0.25723116931678636
4.099828575,1760031884.876828575,/mocap/xwing/pose.transform.rotation.y,0.2592571671694715
4.099836308,1760031884.876836308,/mocap/xwing/pose.transform.rotation.y,0.2599523320522931
4.108140642,1760031884.885140642,/mocap/xwing/pose.transform.rotation.y,0.2607427613199471
4.108147542,1760031884.885147542,/mocap/xwing/pose.transform.rotation.y,0.2609003998490505
4.108154514,1760031884.885154514,/mocap/xwing/pose.transform.rotation.y,0.26139468843074887
4.111607428,1760031884.888607428,/mocap/xwing/pose.transform.rotation.y,0.2617725752481163
4.247851899,1760031885.024851899,/mocap/xwing/pose.transform.rotation.y,0.2628443691208111
4.247873524,1760031885.024873524,/mocap/xwing/pose.transform.rotation.y,0.26367281389990377
4.247880644,1760031885.024880644,/mocap/xwing/pose.transform.rotation.y,0.264450618752563
4.247886485,1760031885.024886485,/mocap/xwing/pose.transform.rotation.y,0.2650477547045482
4.247892396,1760031885.024892396,/mocap/xwing/pose.transform.rotation.y,0.265655742389057
4.247898494,1760031885.024898494,/mocap/xwing/pose.transform.rotation.y,0.26620303420829916
4.247902332,1760031885.024902332,/mocap/xwing/pose.transform.rotation.y,0.2670828237311215
4.247908338,1760031885.024908338,/mocap/xwing/pose.transform.rotation.y,0.26824108612290726
4.247912998,1760031885.024912998,/mocap/xwing/pose.transform.rotation.y,0.2691385567307382
4.247917821,1760031885.024917821,/mocap/xwing/pose.transform.rotation.y,0.2699239641967058
4.247924952,1760031885.024924952,/mocap/xwing/pose.transform.rotation.y,0.27029386765827806
4.247934996,1760031885.024934996,/mocap/xwing/pose.transform.rotation.y,0.2703779875409373
4.247940222,1760031885.024940222,/mocap/xwing/pose.transform.rotation.y,0.27116918126524425
4.247945493,1760031885.024945493,/mocap/xwing/pose.transform.rotation.y,0.2722253531824864
4.247949261,1760031885.024949261,/mocap/xwing/pose.transform.rotation.y,0.27346252353537986
4.2479533830000005,1760031885.024953383,/mocap/xwing/pose.transform.rotation.y,0.27442589132979556
4.247957783,1760031885.024957783,/mocap/xwing/pose.transform.rotation.y,0.2748495878095095
4.247964095,1760031885.024964095,/mocap/xwing/pose.transform.rotation.y,0.27534151519127753
4.247968417,1760031885.024968417,/mocap/xwing/pose.transform.rotation.y,0.2754975219653328
4.247973906,1760031885.024973906,/mocap/xwing/pose.transform.rotation.y,0.27591954097892313
4.247981013,1760031885.024981013,/mocap/xwing/pose.transform.rotation.y,0.2770801019499125
4.247988247,1760031885.024988247,/mocap/xwing/pose.transform.rotation.y,0.27817929298461463
4.24799444,1760031885.024994440,/mocap/xwing/pose.transform.rotation.y,0.27884845919106394
4.247999443,1760031885.024999443,/mocap/xwing/pose.transform.rotation.y,0.2793745469454566
4.248004536,1760031885.025004536,/mocap/xwing/pose.transform.rotation.y,0.2795937751285274
4.248010356,1760031885.025010356,/mocap/xwing/pose.transform.rotation.y,0.2798449813240149
4.248014096,1760031885.025014096,/mocap/xwing/pose.transform.rotation.y,0.2805637498926609
4.248019262,1760031885.025019262,/mocap/xwing/pose.transform.rotation.y,0.28123664744207566
4.2480222340000005,1760031885.025022234,/mocap/xwing/pose.transform.rotation.y,0.28229934776483184
4.248026851,1760031885.025026851,/mocap/xwing/pose.transform.rotation.y,0.2828974082159963
4.248039407,1760031885.025039407,/mocap/xwing/pose.transform.rotation.y,0.2828388018242205
4.248045298,1760031885.025045298,/mocap/xwing/pose.transform.rotation.y,0.28286788135937035
4.248050289,1760031885.025050289,/mocap/xwing/pose.transform.rotation.y,0.2834648314450777
4.248054532,1760031885.025054532,/mocap/xwing/pose.transform.rotation.y,0.2841846867966655
4.248060543,1760031885.025060543,/mocap/xwing/pose.transform.rotation.y,0.28449377171191986
4.248064214,1760031885.025064214,/mocap/xwing/pose.transform.rotation.y,0.28747807678893006
4.248075336,1760031885.025075336,/mocap/xwing/pose.transform.rotation.y,0.28790241268968686
4.29850036,1760031885.075500360,/mocap/xwing/pose.transform.rotation.y,0.288183610428846
4.298505186,1760031885.075505186,/mocap/xwing/pose.transform.rotation.y,0.2883573206122316
4.298511424,1760031885.075511424,/mocap/xwing/pose.transform.rotation.y,0.2887994289007305
4.298517497,1760031885.075517497,/mocap/xwing/pose.transform.rotation.y,0.289476774153425
4.298535622,1760031885.075535622,/mocap/xwing/pose.transform.rotation.y,0.29011887583770607
4.298540536,1760031885.075540536,/mocap/xwing/pose.transform.rotation.y,0.29089245764188226
4.532674,1760031885.309674000,/mocap/xwing/pose.transform.rotation.y,0.2906004915121294
4.532678693,1760031885.309678693,/mocap/xwing/pose.transform.rotation.y,0.2908475013686012
4.532684621,1760031885.309684621,/mocap/xwing/pose.transform.rotation.y,0.2914940899052051
4.532691504,1760031885.309691504,/mocap/xwing/pose.transform.rotation.y,0.2917595489024968
4.532697221,1760031885.309697221,/mocap/xwing/pose.transform.rotation.y,0.2924380497004398
4.532705744,1760031885.309705744,/mocap/xwing/pose.transform.rotation.y,0.2930229635145617
4.5327102870000004,1760031885.309710287,/mocap/xwing/pose.transform.rotation.y,0.29348182848152926
4.5327167930000005,1760031885.309716793,/mocap/xwing/pose.transform.rotation.y,0.293268291189624
4.532723798,1760031885.309723798,/mocap/xwing/pose.transform.rotation.y,0.29340778020530733
4.5327418569999995,1760031885.309741857,/mocap/xwing/pose.transform.rotation.y,0.2937315246641962
4.532750801,1760031885.309750801,/mocap/xwing/pose.transform.rotation.y,0.2942408812472092
4.532764612,1760031885.309764612,/mocap/xwing/pose.transform.rotation.y,0.2947256139584198
4.532770725,1760031885.309770725,/mocap/xwing/pose.transform.rotation.y,0.2956964280962736
4.532807135,1760031885.309807135,/mocap/xwing/pose.transform.rotation.y,0.29583855247971297
4.53282696,1760031885.309826960,/mocap/xwing/pose.transform.rotation.y,0.295869726729339
4.53283122,1760031885.309831220,/mocap/xwing/pose.transform.rotation.y,0.2961992958677935
4.532838689,1760031885.309838689,/mocap/xwing/pose.transform.rotation.y,0.2969464767375942
4.532843806,1760031885.309843806,/mocap/xwing/pose.transform.rotation.y,0.2978372491018654
4.532849366,1760031885.309849366,/mocap/xwing/pose.transform.rotation.y,0.2989460623799574
4.53285317,1760031885.309853170,/mocap/xwing/pose.transform.rotation.y,0.29858967840090445
4.532861371,1760031885.309861371,/mocap/xwing/pose.transform.rotation.y,0.30249442486088135
4.532868254,1760031885.309868254,/mocap/xwing/pose.transform.rotation.y,0.3023222074668477
4.532872771,1760031885.309872771,/mocap/xwing/pose.transform.rotation.y,0.30269574806357397
4.532878295,1760031885.309878295,/mocap/xwing/pose.transform.rotation.y,0.30243346738031024
4.53288237,1760031885.309882370,/mocap/xwing/pose.transform.rotation.y,0.3042501755719952
4.532889513,1760031885.309889513,/mocap/xwing/pose.transform.rotation.y,0.3060942524431308
4.532893875,1760031885.309893875,/mocap/xwing/pose.transform.rotation.y,0.3069466592065204
4.53289912,1760031885.309899120,/mocap/xwing/pose.transform.rotation.y,0.3042332407127494
4.5329032510000005,1760031885.309903251,/mocap/xwing/pose.transform.rotation.y,0.303465014482699
4.532907798,1760031885.309907798,/mocap/xwing/pose.transform.rotation.y,0.30399312088315206
4.532912405,1760031885.309912405,/mocap/xwing/pose.transform.rotation.y,0.30559641739522203
4.532916325,1760031885.309916325,/mocap/xwing/pose.transform.rotation.y,0.3070927500238871
4.532922825,1760031885.309922825,/mocap/xwing/pose.transform.rotation.y,0.30805506420741174
4.532933365,1760031885.309933365,/mocap/xwing/pose.transform.rotation.y,0.3077342250302072
4.53294291,1760031885.309942910,/mocap/xwing/pose.transform.rotation.y,0.30652351160527874
4.532947439,1760031885.309947439,/mocap/xwing/pose.transform.rotation.y,0.30637129782289035
4.532952591,1760031885.309952591,/mocap/xwing/pose.transform.rotation.y,0.30671544354176283
4.532956864,1760031885.309956864,/mocap/xwing/pose.transform.rotation.y,0.3082943943215885
4.532961949,1760031885.309961949,/mocap/xwing/pose.transform.rotation.y,0.3093958369872258
4.532971245,1760031885.309971245,/mocap/xwing/pose.transform.rotation.y,0.31007947177999395
4.53297706,1760031885.309977060,/mocap/xwing/pose.transform.rotation.y,0.30977592976273566
4.532981928,1760031885.309981928,/mocap/xwing/pose.transform.rotation.y,0.30877472867146666
4.532987363,1760031885.309987363,/mocap/xwing/pose.transform.rotation.y,0.3087220433161466
4.532992898,1760031885.309992898,/mocap/xwing/pose.transform.rotation.y,0.3100443948440946
4.532997831,1760031885.309997831,/mocap/xwing/pose.transform.rotation.y,0.3114022321095539
4.533002053,1760031885.310002053,/mocap/xwing/pose.transform.rotation.y,0.3127117585244181
4.533006393,1760031885.310006393,/mocap/xwing/pose.transform.rotation.y,0.31258032133241104
4.533011101,1760031885.310011101,/mocap/xwing/pose.transform.rotation.y,0.3116974090101856
4.533015573,1760031885.310015573,/mocap/xwing/pose.transform.rotation.y,0.31109116364761763
4.533020743,1760031885.310020743,/mocap/xwing/pose.transform.rotation.y,0.31143924454730143
4.533025874,1760031885.310025874,/mocap/xwing/pose.transform.rotation.y,0.31267566178409456
4.533032103,1760031885.310032103,/mocap/xwing/pose.transform.rotation.y,0.3147557735453815
4.533038917,1760031885.310038917,/mocap/xwing/pose.transform.rotation.y,0.3149826889715276
4.533045409,1760031885.310045409,/mocap/xwing/pose.transform.rotation.y,0.3144826733679761
4.533055473,1760031885.310055473,/mocap/xwing/pose.transform.rotation.y,0.31346955718067976
4.533060373,1760031885.310060373,/mocap/xwing/pose.transform.rotation.y,0.3126708091026388
4.533065333,1760031885.310065333,/mocap/xwing/pose.transform.rotation.y,0.3137428536486195
4.533070847,1760031885.310070847,/mocap/xwing/pose.transform.rotation.y,0.31453098899473125
4.53307545,1760031885.310075450,/mocap/xwing/pose.transform.rotation.y,0.3158333369999097
4.533083787,1760031885.310083787,/mocap/xwing/pose.transform.rotation.y,0.32128506304755045
4.533089417,1760031885.310089417,/mocap/xwing/pose.transform.rotation.y,0.32046666118740375
4.533095677,1760031885.310095677,/mocap/xwing/pose.transform.rotation.y,0.3193356957459057
4.533099969,1760031885.310099969,/mocap/xwing/pose.transform.rotation.y,0.3231073137120284
4.533103597,1760031885.310103597,/mocap/xwing/pose.transform.rotation.y,0.32431598911453213
4.533107153,1760031885.310107153,/mocap/xwing/pose.transform.rotation.y,0.32583181287268426
4.533111255,1760031885.310111255,/mocap/xwing/pose.transform.rotation.y,0.3276227213830043
4.533115815,1760031885.310115815,/mocap/xwing/pose.transform.rotation.y,0.327572201423639
4.53312312,1760031885.310123120,/mocap/xwing/pose.transform.rotation.y,0.3274054169340053
4.533129228,1760031885.310129228,/mocap/xwing/pose.transform.rotation.y,0.3273805613043041
4.533147334,1760031885.310147334,/mocap/xwing/pose.transform.rotation.y,0.32847668254827567
4.533162929,1760031885.310162929,/mocap/xwing/pose.transform.rotation.y,0.33026470337564795
4.5331805880000005,1760031885.310180588,/mocap/xwing/pose.transform.rotation.y,0.33197107953562893
4.546518882,1760031885.323518882,/mocap/xwing/pose.transform.rotation.y,0.3321865578929828
4.546524123,1760031885.323524123,/mocap/xwing/pose.transform.rotation.y,0.3310514374540002
4.546531225,1760031885.323531225,/mocap/xwing/pose.transform.rotation.y,0.33160070975282696
4.546537315,1760031885.323537315,/mocap/xwing/pose.transform.rotation.y,0.332962973884496
4.546541536,1760031885.323541536,/mocap/xwing/pose.transform.rotation.y,0.3340840367418383
4.546551597,1760031885.323551597,/mocap/xwing/pose.transform.rotation.y,0.33341445239025025
4.546556278,1760031885.323556278,/mocap/xwing/pose.transform.rotation.y,0.33286887682359023
4.546561118,1760031885.323561118,/mocap/xwing/pose.transform.rotation.y,0.3290475693513883
4.546567138,1760031885.323567138,/mocap/xwing/pose.transform.rotation.y,0.3283853213544473
4.546571059,1760031885.323571059,/mocap/xwing/pose.transform.rotation.y,0.32982195570462175
4.5465822209999995,1760031885.323582221,/mocap/xwing/pose.transform.rotation.y,0.3315976618286602
4.546586872,1760031885.323586872,/mocap/xwing/pose.transform.rotation.y,0.33247490170563254
4.546592048,1760031885.323592048,/mocap/xwing/pose.transform.rotation.y,0.3314437250859347
4.551786689,1760031885.328786689,/mocap/xwing/pose.transform.rotation.y,0.3303539264196762
4.555270905,1760031885.332270905,/mocap/xwing/pose.transform.rotation.y,0.3292846927277609
4.648003343,1760031885.425003343,/mocap/xwing/pose.transform.rotation.y,0.329783743645059
4.648008216,1760031885.425008216,/mocap/xwing/pose.transform.rotation.y,0.3310008656623931
4.64801446,1760031885.425014460,/mocap/xwing/pose.transform.rotation.y,0.33222203872092804
4.64801981,1760031885.425019810,/mocap/xwing/pose.transform.rotation.y,0.3331599946732627
4.648024489,1760031885.425024489,/mocap/xwing/pose.transform.rotation.y,0.3322930284698134
4.648035014,1760031885.425035014,/mocap/xwing/pose.transform.rotation.y,0.32996469246633636
4.648041308,1760031885.425041308,/mocap/xwing/pose.transform.rotation.y,0.32923219986497443
4.648047162,1760031885.425047162,/mocap/xwing/pose.transform.rotation.y,0.3298420099937909
4.648051646,1760031885.425051646,/mocap/xwing/pose.transform.rotation.y,0.3312939609695865
4.648055237,1760031885.425055237,/mocap/xwing/pose.transform.rotation.y,0.3324889974722632
4.648057986,1760031885.425057986,/mocap/xwing/pose.transform.rotation.y,0.33234736898898887
4.648087141,1760031885.425087141,/mocap/xwing/pose.transform.rotation.y,0.33084900993244365
4.648092757,1760031885.425092757,/mocap/xwing/pose.transform.rotation.y,0.32948157275581413
4.648103137,1760031885.425103137,/mocap/xwing/pose.transform.rotation.y,0.3292429476798111
4.648106168,1760031885.425106168,/mocap/xwing/pose.transform.rotation.y,0.3308117644470917
4.648110569,1760031885.425110569,/mocap/xwing/pose.transform.rotation.y,0.3321482043904103
4.648118611,1760031885.425118611,/mocap/xwing/pose.transform.rotation.y,0.3333109800257064
4.648123806,1760031885.425123806,/mocap/xwing/pose.transform.rotation.y,0.3325478695217789
4.648128664,1760031885.425128664,/mocap/xwing/pose.transform.rotation.y,0.3314233184967036
4.648133537,1760031885.425133537,/mocap/xwing/pose.transform.rotation.y,0.3305311508040979
4.648138816,1760031885.425138816,/mocap/xwing/pose.transform.rotation.y,0.33124847303638044
4.648151395,1760031885.425151395,/mocap/xwing/pose.transform.rotation.y,0.3324427231273583
4.648156011,1760031885.425156011,/mocap/xwing/pose.transform.rotation.y,0.3342178736502924
4.648161459,1760031885.425161459,/mocap/xwing/pose.transform.rotation.y,0.3336164750442597
4.648167504,1760031885.425167504,/mocap/xwing/pose.transform.rotation.y,0.3326815815366394
4.6481707530000005,1760031885.425170753,/mocap/xwing/pose.transform.rotation.y,0.3315521653425284
4.64817434,1760031885.425174340,/mocap/xwing/pose.transform.rotation.y,0.33127076784005915
4.665290135,1760031885.442290135,/mocap/xwing/pose.transform.rotation.y,0.3319125419560216
4.665322642,1760031885.442322642,/mocap/xwing/pose.transform.rotation.y,0.3329625467092905
4.669813883,1760031885.446813883,/mocap/xwing/pose.transform.rotation.y,0.336832867104152
4.669824037,1760031885.446824037,/mocap/xwing/pose.transform.rotation.y,0.3332973972607686
4.669831365,1760031885.446831365,/mocap/xwing/pose.transform.rotation.y,0.33312302578319025
4.669865423,1760031885.446865423,/mocap/xwing/pose.transform.rotation.y,0.3325903285663078
4.669874194,1760031885.446874194,/mocap/xwing/pose.transform.rotation.y,0.33210347522378125
4.669934885,1760031885.446934885,/mocap/xwing/pose.transform.rotation.y,0.3333778312299595
4.67492884,1760031885.451928840,/mocap/xwing/pose.transform.rotation.y,0.3345560458554216
4.674946193,1760031885.451946193,/mocap/xwing/pose.transform.rotation.y,0.33545766499182034
4.682770233,1760031885.459770233,/mocap/xwing/pose.transform.rotation.y,0.3350808832744102
4.682821907,1760031885.459821907,/mocap/xwing/pose.transform.rotation.y,0.33382081508629596
4.697378314,1760031885.474378314,/mocap/xwing/pose.transform.rotation.y,0.3334303169446985
4.697395922,1760031885.474395922,/mocap/xwing/pose.transform.rotation.y,0.3342182861885142
4.697425522,1760031885.474425522,/mocap/xwing/pose.transform.rotation.y,0.33549511462606796
4.697443414,1760031885.474443414,/mocap/xwing/pose.transform.rotation.y,0.3357303178990215
4.709667917,1760031885.486667917,/mocap/xwing/pose.transform.rotation.y,0.33603118932984605
4.709695688,1760031885.486695688,/mocap/xwing/pose.transform.rotation.y,0.3353130293946501
4.709717116,1760031885.486717116,/mocap/xwing/pose.transform.rotation.y,0.3348621720406894
4.709785486,1760031885.486785486,/mocap/xwing/pose.transform.rotation.y,0.3344609474260242
4.71538061,1760031885.492380610,/mocap/xwing/pose.transform.rotation.y,0.3325221313945442
4.857739521,1760031885.634739521,/mocap/xwing/pose.transform.rotation.y,0.3347432608121435
4.857742546,1760031885.634742546,/mocap/xwing/pose.transform.rotation.y,0.3356893749131493
4.857746779,1760031885.634746779,/mocap/xwing/pose.transform.rotation.y,0.33598475423442464
4.857750343,1760031885.634750343,/mocap/xwing/pose.transform.rotation.y,0.3344356703400546
4.857753579,1760031885.634753579,/mocap/xwing/pose.transform.rotation.y,0.3334799500510153
4.857773213,1760031885.634773213,/mocap/xwing/pose.transform.rotation.y,0.3332813078281963
4.857778866,1760031885.634778866,/mocap/xwing/pose.transform.rotation.y,0.33503411499735375
4.857783601,1760031885.634783601,/mocap/xwing/pose.transform.rotation.y,0.3360329316839076
4.85778842,1760031885.634788420,/mocap/xwing/pose.transform.rotation.y,0.33795619915542285
4.857792465,1760031885.634792465,/mocap/xwing/pose.transform.rotation.y,0.3388704825550413
4.857796539,1760031885.634796539,/mocap/xwing/pose.transform.rotation.y,0.33741458258784246
4.85779972,1760031885.634799720,/mocap/xwing/pose.transform.rotation.y,0.3364374323017197
4.857802715,1760031885.634802715,/mocap/xwing/pose.transform.rotation.y,0.3370566233281085
4.857807429,1760031885.634807429,/mocap/xwing/pose.transform.rotation.y,0.33931549592335775
4.857813847,1760031885.634813847,/mocap/xwing/pose.transform.rotation.y,0.34125732580148777
4.857820231,1760031885.634820231,/mocap/xwing/pose.transform.rotation.y,0.34251860111012855
4.857825268,1760031885.634825268,/mocap/xwing/pose.transform.rotation.y,0.3421116557155408
4.857829839,1760031885.634829839,/mocap/xwing/pose.transform.rotation.y,0.3412537474933524
4.8578384,1760031885.634838400,/mocap/xwing/pose.transform.rotation.y,0.3415553029991799
4.8578433180000005,1760031885.634843318,/mocap/xwing/pose.transform.rotation.y,0.3431692754299319
4.857847251,1760031885.634847251,/mocap/xwing/pose.transform.rotation.y,0.3452190431641964
4.857851698,1760031885.634851698,/mocap/xwing/pose.transform.rotation.y,0.34697504551739367
4.85786449,1760031885.634864490,/mocap/xwing/pose.transform.rotation.y,0.34723663826415546
4.8578820700000005,1760031885.634882070,/mocap/xwing/pose.transform.rotation.y,0.3468820801101024
4.857886517,1760031885.634886517,/mocap/xwing/pose.transform.rotation.y,0.3464731895746113
4.85789018,1760031885.634890180,/mocap/xwing/pose.transform.rotation.y,0.34742082525342666
4.857895735,1760031885.634895735,/mocap/xwing/pose.transform.rotation.y,0.3499033485534766
4.857905726,1760031885.634905726,/mocap/xwing/pose.transform.rotation.y,0.352132739586696
4.8579095070000005,1760031885.634909507,/mocap/xwing/pose.transform.rotation.y,0.3528519433326378
4.857914557,1760031885.634914557,/mocap/xwing/pose.transform.rotation.y,0.3534351348190168
4.857933068,1760031885.634933068,/mocap/xwing/pose.transform.rotation.y,0.35237891757891526
4.857936501,1760031885.634936501,/mocap/xwing/pose.transform.rotation.y,0.35271438440303793
4.857944701,1760031885.634944701,/mocap/xwing/pose.transform.rotation.y,0.3532042213291242
4.857949799,1760031885.634949799,/mocap/xwing/pose.transform.rotation.y,0.35580094179596466
4.85795468,1760031885.634954680,/mocap/xwing/pose.transform.rotation.y,0.35812206340803354
4.857958576,1760031885.634958576,/mocap/xwing/pose.transform.rotation.y,0.3588411179459479
4.857963562,1760031885.634963562,/mocap/xwing/pose.transform.rotation.y,0.35885498629755896
4.857968824,1760031885.634968824,/mocap/xwing/pose.transform.rotation.y,0.3583304905243244
4.857978988,1760031885.634978988,/mocap/xwing/pose.transform.rotation.y,0.35870270668498716
4.857984277,1760031885.634984277,/mocap/xwing/pose.transform.rotation.y,0.3602447915836635
4.857993827,1760031885.634993827,/mocap/xwing/pose.transform.rotation.y,0.3628730552455136
4.857997395,1760031885.634997395,/mocap/xwing/pose.transform.rotation.y,0.364841152204987
4.862377415,1760031885.639377415,/mocap/xwing/pose.transform.rotation.y,0.36533502831422954
4.862381147,1760031885.639381147,/mocap/xwing/pose.transform.rotation.y,0.36504654000083375
4.862398301,1760031885.639398301,/mocap/xwing/pose.transform.rotation.y,0.3649853238648135
4.874300934,1760031885.651300934,/mocap/xwing/pose.transform.rotation.y,0.365962763723608
4.87430681,1760031885.651306810,/mocap/xwing/pose.transform.rotation.y,0.3678140052249725
4.874312708,1760031885.651312708,/mocap/xwing/pose.transform.rotation.y,0.36940508264945654
4.874317679,1760031885.651317679,/mocap/xwing/pose.transform.rotation.y,0.37126442449245206
4.877865507,1760031885.654865507,/mocap/xwing/pose.transform.rotation.y,0.3723130178345736
4.882432964,1760031885.659432964,/mocap/xwing/pose.transform.rotation.y,0.37123615301257346
4.901576315,1760031885.678576315,/mocap/xwing/pose.transform.rotation.y,0.3710084178434317
4.906375305,1760031885.683375305,/mocap/xwing/pose.transform.rotation.y,0.37227314961230523
4.906381,1760031885.683381000,/mocap/xwing/pose.transform.rotation.y,0.37481808012263335
4.906387934,1760031885.683387934,/mocap/xwing/pose.transform.rotation.y,0.3770038852238374
4.906392735,1760031885.683392735,/mocap/xwing/pose.transform.rotation.y,0.37784079225205636
4.906398275,1760031885.683398275,/mocap/xwing/pose.transform.rotation.y,0.37750063154230246
4.906403137,1760031885.683403137,/mocap/xwing/pose.transform.rotation.y,0.3770970989729561
4.913956622,1760031885.690956622,/mocap/xwing/pose.transform.rotation.y,0.3769467388581886
4.913962979,1760031885.690962979,/mocap/xwing/pose.transform.rotation.y,0.37835083185129115
4.913966853,1760031885.690966853,/mocap/xwing/pose.transform.rotation.y,0.38073322142021193
4.918176956,1760031885.695176956,/mocap/xwing/pose.transform.rotation.y,0.3820386985097766
5.063684612,1760031885.840684612,/mocap/xwing/pose.transform.rotation.y,0.38250101202807796
5.063687548,1760031885.840687548,/mocap/xwing/pose.transform.rotation.y,0.3823310463037101
5.063697228,1760031885.840697228,/mocap/xwing/pose.transform.rotation.y,0.38168278248916454
5.063700177,1760031885.840700177,/mocap/xwing/pose.transform.rotation.y,0.38224262044571655
5.063704137,1760031885.840704137,/mocap/xwing/pose.transform.rotation.y,0.3836900163830885
5.063708427,1760031885.840708427,/mocap/xwing/pose.transform.rotation.y,0.38553601758682426
5.063711946,1760031885.840711946,/mocap/xwing/pose.transform.rotation.y,0.38688320975853857
5.063717008,1760031885.840717008,/mocap/xwing/pose.transform.rotation.y,0.3868357635084502
5.063722631,1760031885.840722631,/mocap/xwing/pose.transform.rotation.y,0.3851504349397735
5.063739656,1760031885.840739656,/mocap/xwing/pose.transform.rotation.y,0.3853524642014468
5.063744488,1760031885.840744488,/mocap/xwing/pose.transform.rotation.y,0.3857307257852077
5.06375065,1760031885.840750650,/mocap/xwing/pose.transform.rotation.y,0.3877358746012965
5.063755746,1760031885.840755746,/mocap/xwing/pose.transform.rotation.y,0.3895971114533943
5.063761203,1760031885.840761203,/mocap/xwing/pose.transform.rotation.y,0.39011619094598904
5.063765602,1760031885.840765602,/mocap/xwing/pose.transform.rotation.y,0.389042950418274
5.063770241,1760031885.840770241,/mocap/xwing/pose.transform.rotation.y,0.38845759550427617
5.063774699,1760031885.840774699,/mocap/xwing/pose.transform.rotation.y,0.38837051445041904
5.063779651,1760031885.840779651,/mocap/xwing/pose.transform.rotation.y,0.38947340487708537
5.063786089,1760031885.840786089,/mocap/xwing/pose.transform.rotation.y,0.39070475483040495
5.063791265,1760031885.840791265,/mocap/xwing/pose.transform.rotation.y,0.39209970065903405
5.063796829,1760031885.840796829,/mocap/xwing/pose.transform.rotation.y,0.3917820386699795
5.06380006,1760031885.840800060,/mocap/xwing/pose.transform.rotation.y,0.39104037268993974
5.063803179,1760031885.840803179,/mocap/xwing/pose.transform.rotation.y,0.3904775532067174
5.063809904,1760031885.840809904,/mocap/xwing/pose.transform.rotation.y,0.39024864301275713
5.063815412,1760031885.840815412,/mocap/xwing/pose.transform.rotation.y,0.39127058761468514
5.063819849,1760031885.840819849,/mocap/xwing/pose.transform.rotation.y,0.393146614867454
5.063827775,1760031885.840827775,/mocap/xwing/pose.transform.rotation.y,0.39396183005219315
5.063832608,1760031885.840832608,/mocap/xwing/pose.transform.rotation.y,0.39303684202993244
5.063838098,1760031885.840838098,/mocap/xwing/pose.transform.rotation.y,0.3917722332840345
5.063841444,1760031885.840841444,/mocap/xwing/pose.transform.rotation.y,0.3909675169467628
5.063844469,1760031885.840844469,/mocap/xwing/pose.transform.rotation.y,0.3913302139726344
5.063849855,1760031885.840849855,/mocap/xwing/pose.transform.rotation.y,0.39302456740953634
5.063855335,1760031885.840855335,/mocap/xwing/pose.transform.rotation.y,0.39414227715112404
5.063859113,1760031885.840859113,/mocap/xwing/pose.transform.rotation.y,0.39434575846940934
5.063869225,1760031885.840869225,/mocap/xwing/pose.transform.rotation.y,0.39390865284028825
5.063872716,1760031885.840872716,/mocap/xwing/pose.transform.rotation.y,0.3920242587890551
5.06387614,1760031885.840876140,/mocap/xwing/pose.transform.rotation.y,0.39156460888262085
5.063879651,1760031885.840879651,/mocap/xwing/pose.transform.rotation.y,0.3918795242029981
5.0638865,1760031885.840886500,/mocap/xwing/pose.transform.rotation.y,0.39378173979465675
5.063890335,1760031885.840890335,/mocap/xwing/pose.transform.rotation.y,0.3944164548015913
5.063899981,1760031885.840899981,/mocap/xwing/pose.transform.rotation.y,0.39386047644638383
5.063904883,1760031885.840904883,/mocap/xwing/pose.transform.rotation.y,0.3926433570196113
5.063923363,1760031885.840923363,/mocap/xwing/pose.transform.rotation.y,0.3920415017108757
5.068107484,1760031885.845107484,/mocap/xwing/pose.transform.rotation.y,0.3919399872186269
5.068117531,1760031885.845117531,/mocap/xwing/pose.transform.rotation.y,0.3930491952969584
5.071009136,1760031885.848009136,/mocap/xwing/pose.transform.rotation.y,0.3945449160031067
5.074067932,1760031885.851067932,/mocap/xwing/pose.transform.rotation.y,0.3949408346571855
5.077112761,1760031885.854112761,/mocap/xwing/pose.transform.rotation.y,0.39329917164010425
5.080244416,1760031885.857244416,/mocap/xwing/pose.transform.rotation.y,0.3925879574825906
5.083389329,1760031885.860389329,/mocap/xwing/pose.transform.rotation.y,0.3921055861055205
5.087701526,1760031885.864701526,/mocap/xwing/pose.transform.rotation.y,0.3920885881124156
5.090447915,1760031885.867447915,/mocap/xwing/pose.transform.rotation.y,0.3938414468501575
5.093525785,1760031885.870525785,/mocap/xwing/pose.transform.rotation.y,0.3951611990098513
5.096159767,1760031885.873159767,/mocap/xwing/pose.transform.rotation.y,0.3947772912180273
5.099775607,1760031885.876775607,/mocap/xwing/pose.transform.rotation.y,0.393391133268747
5.106936494,1760031885.883936494,/mocap/xwing/pose.transform.rotation.y,0.3923046404336895
5.111633137,1760031885.888633137,/mocap/xwing/pose.transform.rotation.y,0.3944230027188471
5.11579261,1760031885.892792610,/mocap/xwing/pose.transform.rotation.y,0.3952532153790353
5.121970497,1760031885.898970497,/mocap/xwing/pose.transform.rotation.y,0.3965828672924172
5.1219828,1760031885.898982800,/mocap/xwing/pose.transform.rotation.y,0.39756573666064765
5.122029948,1760031885.899029948,/mocap/xwing/pose.transform.rotation.y,0.3973061118109436
5.129079882,1760031885.906079882,/mocap/xwing/pose.transform.rotation.y,0.39600363397628374
5.278470154,1760031886.055470154,/mocap/xwing/pose.transform.rotation.y,0.39527842858371515
5.278474566,1760031886.055474566,/mocap/xwing/pose.transform.rotation.y,0.3949707723212955
5.278479157,1760031886.055479157,/mocap/xwing/pose.transform.rotation.y,0.3958315145441372
5.278485366,1760031886.055485366,/mocap/xwing/pose.transform.rotation.y,0.39732623421816743
5.278500952,1760031886.055500952,/mocap/xwing/pose.transform.rotation.y,0.39757077998384494
5.278522663,1760031886.055522663,/mocap/xwing/pose.transform.rotation.y,0.397158441488974
5.27852868,1760031886.055528680,/mocap/xwing/pose.transform.rotation.y,0.39595307221011766
5.278533965,1760031886.055533965,/mocap/xwing/pose.transform.rotation.y,0.39556144351148975
5.278537291,1760031886.055537291,/mocap/xwing/pose.transform.rotation.y,0.39618628786297777
5.278548081,1760031886.055548081,/mocap/xwing/pose.transform.rotation.y,0.397211126835924
5.278553743,1760031886.055553743,/mocap/xwing/pose.transform.rotation.y,0.3983055646383409
5.278558786,1760031886.055558786,/mocap/xwing/pose.transform.rotation.y,0.39797380467403143
5.278564584,1760031886.055564584,/mocap/xwing/pose.transform.rotation.y,0.3972985873671826
5.2785708620000005,1760031886.055570862,/mocap/xwing/pose.transform.rotation.y,0.39654308844865355
5.278585231,1760031886.055585231,/mocap/xwing/pose.transform.rotation.y,0.39640096012490666
5.278590473,1760031886.055590473,/mocap/xwing/pose.transform.rotation.y,0.3972109210835446
5.278609258,1760031886.055609258,/mocap/xwing/pose.transform.rotation.y,0.39886913225253795
5.278623528,1760031886.055623528,/mocap/xwing/pose.transform.rotation.y,0.39985208350821316
5.278626699,1760031886.055626699,/mocap/xwing/pose.transform.rotation.y,0.3999782705399525
5.278656689,1760031886.055656689,/mocap/xwing/pose.transform.rotation.y,0.39787344738254415
5.278679258,1760031886.055679258,/mocap/xwing/pose.transform.rotation.y,0.39780200215177697
5.27868353,1760031886.055683530,/mocap/xwing/pose.transform.rotation.y,0.397605050017604
5.278688913,1760031886.055688913,/mocap/xwing/pose.transform.rotation.y,0.39877259770983964
5.278692777,1760031886.055692777,/mocap/xwing/pose.transform.rotation.y,0.40028685071683373
5.278712744,1760031886.055712744,/mocap/xwing/pose.transform.rotation.y,0.4008568599264071
5.278720553,1760031886.055720553,/mocap/xwing/pose.transform.rotation.y,0.4005621569599083
5.278726526,1760031886.055726526,/mocap/xwing/pose.transform.rotation.y,0.40005103003735865
5.278730945,1760031886.055730945,/mocap/xwing/pose.transform.rotation.y,0.39969822558459817
5.278735135,1760031886.055735135,/mocap/xwing/pose.transform.rotation.y,0.400539141132351
5.278751443,1760031886.055751443,/mocap/xwing/pose.transform.rotation.y,0.4016131507920578
5.278756822,1760031886.055756822,/mocap/xwing/pose.transform.rotation.y,0.40260310515088144
5.278761219,1760031886.055761219,/mocap/xwing/pose.transform.rotation.y,0.4030349100424226
5.278771653,1760031886.055771653,/mocap/xwing/pose.transform.rotation.y,0.40260563609491506
5.278776213,1760031886.055776213,/mocap/xwing/pose.transform.rotation.y,0.4026967711538512
5.278787443,1760031886.055787443,/mocap/xwing/pose.transform.rotation.y,0.40236941285182404
5.278821995,1760031886.055821995,/mocap/xwing/pose.transform.rotation.y,0.40492855618217666
5.278827964,1760031886.055827964,/mocap/xwing/pose.transform.rotation.y,0.4052309266089315
5.278834017,1760031886.055834017,/mocap/xwing/pose.transform.rotation.y,0.4060466562633971
5.27885554,1760031886.055855540,/mocap/xwing/pose.transform.rotation.y,0.40563060611962004
5.278865943,1760031886.055865943,/mocap/xwing/pose.transform.rotation.y,0.4059428761317334
5.278875128,1760031886.055875128,/mocap/xwing/pose.transform.rotation.y,0.4054847340973911
5.278890434,1760031886.055890434,/mocap/xwing/pose.transform.rotation.y,0.406209056897582
5.278894324,1760031886.055894324,/mocap/xwing/pose.transform.rotation.y,0.4073164866920147
5.278922833,1760031886.055922833,/mocap/xwing/pose.transform.rotation.y,0.4082250906855675
5.284390683,1760031886.061390683,/mocap/xwing/pose.transform.rotation.y,0.4090096911740027
5.284395522,1760031886.061395522,/mocap/xwing/pose.transform.rotation.y,0.4083464678440769
5.284398961,1760031886.061398961,/mocap/xwing/pose.transform.rotation.y,0.40783364797073607
5.300874494,1760031886.077874494,/mocap/xwing/pose.transform.rotation.y,0.4083391944270032
5.300878743,1760031886.077878743,/mocap/xwing/pose.transform.rotation.y,0.4088136059385725
5.300896698,1760031886.077896698,/mocap/xwing/pose.transform.rotation.y,0.41035689128954095
5.300902266,1760031886.077902266,/mocap/xwing/pose.transform.rotation.y,0.4111376910215297
5.300913992,1760031886.077913992,/mocap/xwing/pose.transform.rotation.y,0.4114954314930293
5.300925564,1760031886.077925564,/mocap/xwing/pose.transform.rotation.y,0.41143523066172993
5.30467244,1760031886.081672440,/mocap/xwing/pose.transform.rotation.y,0.41085168322371707
5.309655418,1760031886.086655418,/mocap/xwing/pose.transform.rotation.y,0.41095307448825713
5.312149234,1760031886.089149234,/mocap/xwing/pose.transform.rotation.y,0.4117096691984541
5.319148157,1760031886.096148157,/mocap/xwing/pose.transform.rotation.y,0.41313000199986805
5.31918731,1760031886.096187310,/mocap/xwing/pose.transform.rotation.y,0.413807557869466
5.325801064,1760031886.102801064,/mocap/xwing/pose.transform.rotation.y,0.41414006536343617
5.32580675,1760031886.102806750,/mocap/xwing/pose.transform.rotation.y,0.41433101725829163
5.330277044,1760031886.107277044,/mocap/xwing/pose.transform.rotation.y,0.4142476523678343
5.330281689,1760031886.107281689,/mocap/xwing/pose.transform.rotation.y,0.4144441107480651
5.464984114,1760031886.241984114,/mocap/xwing/pose.transform.rotation.y,0.4163383048970811
5.464987414,1760031886.241987414,/mocap/xwing/pose.transform.rotation.y,0.41695847642023526
5.464995058,1760031886.241995058,/mocap/xwing/pose.transform.rotation.y,0.4179099089494407
5.464999978,1760031886.241999978,/mocap/xwing/pose.transform.rotation.y,0.4175821898730112
5.465003286,1760031886.242003286,/mocap/xwing/pose.transform.rotation.y,0.41771721155519037
5.465019075,1760031886.242019075,/mocap/xwing/pose.transform.rotation.y,0.4177758210560078
5.465035695,1760031886.242035695,/mocap/xwing/pose.transform.rotation.y,0.4184485141555378
5.465041801,1760031886.242041801,/mocap/xwing/pose.transform.rotation.y,0.41738544738056005
5.465045779,1760031886.242045779,/mocap/xwing/pose.transform.rotation.y,0.4186048693493257
5.465052213,1760031886.242052213,/mocap/xwing/pose.transform.rotation.y,0.41874075490993984
5.465057705,1760031886.242057705,/mocap/xwing/pose.transform.rotation.y,0.418022484357573
5.46506167,1760031886.242061670,/mocap/xwing/pose.transform.rotation.y,0.41815517130839297
5.465069262,1760031886.242069262,/mocap/xwing/pose.transform.rotation.y,0.4172228455223615
5.465074953,1760031886.242074953,/mocap/xwing/pose.transform.rotation.y,0.41831055193516414
5.465080378,1760031886.242080378,/mocap/xwing/pose.transform.rotation.y,0.4188640270125145
5.465091044,1760031886.242091044,/mocap/xwing/pose.transform.rotation.y,0.4198487351823054
5.465095088,1760031886.242095088,/mocap/xwing/pose.transform.rotation.y,0.4192770099010284
5.465099447,1760031886.242099447,/mocap/xwing/pose.transform.rotation.y,0.4191809668955664
5.465103693,1760031886.242103693,/mocap/xwing/pose.transform.rotation.y,0.41884887391302555
5.46510799,1760031886.242107990,/mocap/xwing/pose.transform.rotation.y,0.41882888716010935
5.465116147,1760031886.242116147,/mocap/xwing/pose.transform.rotation.y,0.41994042254846725
5.465127913,1760031886.242127913,/mocap/xwing/pose.transform.rotation.y,0.420567321455428
5.465133748,1760031886.242133748,/mocap/xwing/pose.transform.rotation.y,0.4214441450524653
5.465138968,1760031886.242138968,/mocap/xwing/pose.transform.rotation.y,0.42072781249394364
5.465142206,1760031886.242142206,/mocap/xwing/pose.transform.rotation.y,0.42016889803031476
5.465145719,1760031886.242145719,/mocap/xwing/pose.transform.rotation.y,0.42016679634812304
5.465150093,1760031886.242150093,/mocap/xwing/pose.transform.rotation.y,0.4204261290882483
5.4651534680000005,1760031886.242153468,/mocap/xwing/pose.transform.rotation.y,0.4212378196716423
5.489276655,1760031886.266276655,/mocap/xwing/pose.transform.rotation.y,0.4218439337996575
5.489283545,1760031886.266283545,/mocap/xwing/pose.transform.rotation.y,0.4220070005595838
5.489288619,1760031886.266288619,/mocap/xwing/pose.transform.rotation.y,0.4221160670862699
5.489297108,1760031886.266297108,/mocap/xwing/pose.transform.rotation.y,0.42133497749464155
5.489305591,1760031886.266305591,/mocap/xwing/pose.transform.rotation.y,0.4218644265977663
5.489312244,1760031886.266312244,/mocap/xwing/pose.transform.rotation.y,0.4220005513982598
5.48932752,1760031886.266327520,/mocap/xwing/pose.transform.rotation.y,0.4229860684889357
5.489332627,1760031886.266332627,/mocap/xwing/pose.transform.rotation.y,0.4233366093279768
5.489337585,1760031886.266337585,/mocap/xwing/pose.transform.rotation.y,0.4235102149132508
5.489342311,1760031886.266342311,/mocap/xwing/pose.transform.rotation.y,0.4230497076140489
5.493577754,1760031886.270577754,/mocap/xwing/pose.transform.rotation.y,0.42326249363395146
5.493581418,1760031886.270581418,/mocap/xwing/pose.transform.rotation.y,0.42341990355106124
5.493604558,1760031886.270604558,/mocap/xwing/pose.transform.rotation.y,0.4242683579213712
5.493609709,1760031886.270609709,/mocap/xwing/pose.transform.rotation.y,0.42438773604017604
5.49361505,1760031886.270615050,/mocap/xwing/pose.transform.rotation.y,0.42503016971480506
5.493626908,1760031886.270626908,/mocap/xwing/pose.transform.rotation.y,0.42456225424841887
5.493630731,1760031886.270630731,/mocap/xwing/pose.transform.rotation.y,0.42435043039398174
5.493637659,1760031886.270637659,/mocap/xwing/pose.transform.rotation.y,0.42385092351373055
5.493641761,1760031886.270641761,/mocap/xwing/pose.transform.rotation.y,0.4247014676085601
5.493645175,1760031886.270645175,/mocap/xwing/pose.transform.rotation.y,0.42549366541567696
5.497371718,1760031886.274371718,/mocap/xwing/pose.transform.rotation.y,0.4261368725458081
5.49738283,1760031886.274382830,/mocap/xwing/pose.transform.rotation.y,0.42565845727491536
5.500436247,1760031886.277436247,/mocap/xwing/pose.transform.rotation.y,0.4253640533345885
5.504980978,1760031886.281980978,/mocap/xwing/pose.transform.rotation.y,0.4245364387615768
5.615786257,1760031886.392786257,/mocap/xwing/pose.transform.rotation.y,0.4246276922733398
5.677971983,1760031886.454971983,/mocap/xwing/pose.transform.rotation.y,0.42536172088369095
5.67797554,1760031886.454975540,/mocap/xwing/pose.transform.rotation.y,0.4263204247684691
5.677985393,1760031886.454985393,/mocap/xwing/pose.transform.rotation.y,0.4268335351243622
5.677990434,1760031886.454990434,/mocap/xwing/pose.transform.rotation.y,0.4270565837000306
5.678020807,1760031886.455020807,/mocap/xwing/pose.transform.rotation.y,0.42628743026366195
5.678024122,1760031886.455024122,/mocap/xwing/pose.transform.rotation.y,0.4258679781895993
5.678027899,1760031886.455027899,/mocap/xwing/pose.transform.rotation.y,0.4261556265200307
5.67803191,1760031886.455031910,/mocap/xwing/pose.transform.rotation.y,0.4268747923520428
5.6780388760000005,1760031886.455038876,/mocap/xwing/pose.transform.rotation.y,0.42767148152006096
5.678041744,1760031886.455041744,/mocap/xwing/pose.transform.rotation.y,0.4280038918472279
5.678048821,1760031886.455048821,/mocap/xwing/pose.transform.rotation.y,0.4276154241909852
5.678055649,1760031886.455055649,/mocap/xwing/pose.transform.rotation.y,0.42705166780255827
5.678058844,1760031886.455058844,/mocap/xwing/pose.transform.rotation.y,0.4271577674078466
5.678064501,1760031886.455064501,/mocap/xwing/pose.transform.rotation.y,0.42775534479523575
5.678068646,1760031886.455068646,/mocap/xwing/pose.transform.rotation.y,0.4286544997192572
5.678073385,1760031886.455073385,/mocap/xwing/pose.transform.rotation.y,0.4291543254208074
5.6780783150000005,1760031886.455078315,/mocap/xwing/pose.transform.rotation.y,0.42933221924957155
5.678081563,1760031886.455081563,/mocap/xwing/pose.transform.rotation.y,0.42893170007724385
5.678087072,1760031886.455087072,/mocap/xwing/pose.transform.rotation.y,0.4284767910936497
5.678094823,1760031886.455094823,/mocap/xwing/pose.transform.rotation.y,0.4287760725502846
5.678099344,1760031886.455099344,/mocap/xwing/pose.transform.rotation.y,0.4292099131094658
5.678102817,1760031886.455102817,/mocap/xwing/pose.transform.rotation.y,0.4303614297663882
5.678108407,1760031886.455108407,/mocap/xwing/pose.transform.rotation.y,0.43083079046738026
5.678112814,1760031886.455112814,/mocap/xwing/pose.transform.rotation.y,0.43075922888809615
5.678122858,1760031886.455122858,/mocap/xwing/pose.transform.rotation.y,0.430427499360536
5.678129248,1760031886.455129248,/mocap/xwing/pose.transform.rotation.y,0.43020812477855186
5.678133504,1760031886.455133504,/mocap/xwing/pose.transform.rotation.y,0.43045367847698973
5.678138607,1760031886.455138607,/mocap/xwing/pose.transform.rotation.y,0.431292272620585
5.678149703,1760031886.455149703,/mocap/xwing/pose.transform.rotation.y,0.4321157335428546
5.678155948,1760031886.455155948,/mocap/xwing/pose.transform.rotation.y,0.43245174547816545
5.678160917,1760031886.455160917,/mocap/xwing/pose.transform.rotation.y,0.43242145261319204
5.678166711,1760031886.455166711,/mocap/xwing/pose.transform.rotation.y,0.4320739073830752
5.678170264,1760031886.455170264,/mocap/xwing/pose.transform.rotation.y,0.4320416524919595
5.678173598,1760031886.455173598,/mocap/xwing/pose.transform.rotation.y,0.4326847089764915
5.678175982,1760031886.455175982,/mocap/xwing/pose.transform.rotation.y,0.4335209543368118
5.678201678,1760031886.455201678,/mocap/xwing/pose.transform.rotation.y,0.43399565782662797
5.678209106,1760031886.455209106,/mocap/xwing/pose.transform.rotation.y,0.43424044157084185
5.678212683,1760031886.455212683,/mocap/xwing/pose.transform.rotation.y,0.43394660174364785
5.678219889,1760031886.455219889,/mocap/xwing/pose.transform.rotation.y,0.43369362908187997
5.678223812,1760031886.455223812,/mocap/xwing/pose.transform.rotation.y,0.4341055125695654
5.678227737,1760031886.455227737,/mocap/xwing/pose.transform.rotation.y,0.4349423400720959
5.678248452,1760031886.455248452,/mocap/xwing/pose.transform.rotation.y,0.43558789895035793
5.678254457,1760031886.455254457,/mocap/xwing/pose.transform.rotation.y,0.4362533324578715
5.678259146,1760031886.455259146,/mocap/xwing/pose.transform.rotation.y,0.4361969637672197
5.678263015,1760031886.455263015,/mocap/xwing/pose.transform.rotation.y,0.43584863709149935
5.678269065,1760031886.455269065,/mocap/xwing/pose.transform.rotation.y,0.4358705843945864
5.678273434,1760031886.455273434,/mocap/xwing/pose.transform.rotation.y,0.4363455244868489
5.678288341,1760031886.455288341,/mocap/xwing/pose.transform.rotation.y,0.4372937114011946
5.695551531,1760031886.472551531,/mocap/xwing/pose.transform.rotation.y,0.4379571635273091
5.695555189,1760031886.472555189,/mocap/xwing/pose.transform.rotation.y,0.4383117011248926
5.69555971,1760031886.472559710,/mocap/xwing/pose.transform.rotation.y,0.4381736601158479
5.695564556,1760031886.472564556,/mocap/xwing/pose.transform.rotation.y,0.4377553262448743
5.695569188,1760031886.472569188,/mocap/xwing/pose.transform.rotation.y,0.43787820300205554
5.695573702,1760031886.472573702,/mocap/xwing/pose.transform.rotation.y,0.4384498437578557
5.695587708,1760031886.472587708,/mocap/xwing/pose.transform.rotation.y,0.4391896163618615
5.695608873,1760031886.472608873,/mocap/xwing/pose.transform.rotation.y,0.43972224443150637
5.803938239,1760031886.580938239,/mocap/xwing/pose.transform.rotation.y,0.4397950065812344
5.832508012,1760031886.609508012,/mocap/xwing/pose.transform.rotation.y,0.4389334035914578
5.832527644,1760031886.609527644,/mocap/xwing/pose.transform.rotation.y,0.4385446101918646
5.832539639,1760031886.609539639,/mocap/xwing/pose.transform.rotation.y,0.4389439998277179
5.832553044,1760031886.609553044,/mocap/xwing/pose.transform.rotation.y,0.43898311723820377
5.832603933,1760031886.609603933,/mocap/xwing/pose.transform.rotation.y,0.44009386244256027
5.832620396,1760031886.609620396,/mocap/xwing/pose.transform.rotation.y,0.4415379116717701
5.8326596330000005,1760031886.609659633,/mocap/xwing/pose.transform.rotation.y,0.44081023491731436
5.832684229,1760031886.609684229,/mocap/xwing/pose.transform.rotation.y,0.4390980311007989
5.832746247,1760031886.609746247,/mocap/xwing/pose.transform.rotation.y,0.43867457701712115
5.832839405,1760031886.609839405,/mocap/xwing/pose.transform.rotation.y,0.43982719009369403
5.832853811,1760031886.609853811,/mocap/xwing/pose.transform.rotation.y,0.4404504159329802
5.832891314,1760031886.609891314,/mocap/xwing/pose.transform.rotation.y,0.4408901228458773
5.832916896,1760031886.609916896,/mocap/xwing/pose.transform.rotation.y,0.4410803879433736
5.832962042,1760031886.609962042,/mocap/xwing/pose.transform.rotation.y,0.44076740223717303
5.832984242,1760031886.609984242,/mocap/xwing/pose.transform.rotation.y,0.44039476998432603
5.832999779,1760031886.609999779,/mocap/xwing/pose.transform.rotation.y,0.4402816985927074
5.833050681,1760031886.610050681,/mocap/xwing/pose.transform.rotation.y,0.4405824644729153
5.833071463,1760031886.610071463,/mocap/xwing/pose.transform.rotation.y,0.4411165196993188
5.83309111,1760031886.610091110,/mocap/xwing/pose.transform.rotation.y,0.44144953976672757
5.83334633,1760031886.610346330,/mocap/xwing/pose.transform.rotation.y,0.4413998896958524
5.8333827760000005,1760031886.610382776,/mocap/xwing/pose.transform.rotation.y,0.44092102731084815
5.833455197,1760031886.610455197,/mocap/xwing/pose.transform.rotation.y,0.44046533260034154
5.833473923,1760031886.610473923,/mocap/xwing/pose.transform.rotation.y,0.44041377457289477
5.833501196,1760031886.610501196,/mocap/xwing/pose.transform.rotation.y,0.44060595612515835
5.833529951,1760031886.610529951,/mocap/xwing/pose.transform.rotation.y,0.4410655939609158
5.83356379,1760031886.610563790,/mocap/xwing/pose.transform.rotation.y,0.4412850176642391
5.833583396,1760031886.610583396,/mocap/xwing/pose.transform.rotation.y,0.44097176173813485
5.833600326,1760031886.610600326,/mocap/xwing/pose.transform.rotation.y,0.4404489014331219
5.833638932,1760031886.610638932,/mocap/xwing/pose.transform.rotation.y,0.44011237388804303
5.833657056,1760031886.610657056,/mocap/xwing/pose.transform.rotation.y,0.44012182948622974
5.833674456,1760031886.610674456,/mocap/xwing/pose.transform.rotation.y,0.44031725603442906
5.833756128,1760031886.610756128,/mocap/xwing/pose.transform.rotation.y,0.4404743189204767
5.8337796,1760031886.610779600,/mocap/xwing/pose.transform.rotation.y,0.4405131246174126
5.83381066,1760031886.610810660,/mocap/xwing/pose.transform.rotation.y,0.43985908295883325
5.833826462,1760031886.610826462,/mocap/xwing/pose.transform.rotation.y,0.4393700755888765
5.833840922,1760031886.610840922,/mocap/xwing/pose.transform.rotation.y,0.4389649020858696
5.8338966580000005,1760031886.610896658,/mocap/xwing/pose.transform.rotation.y,0.438857882428407
5.844975364,1760031886.621975364,/mocap/xwing/pose.transform.rotation.y,0.43918588958679355
5.844981381,1760031886.621981381,/mocap/xwing/pose.transform.rotation.y,0.4391046438534488
5.844985046,1760031886.621985046,/mocap/xwing/pose.transform.rotation.y,0.4388477527412289
5.844990973,1760031886.621990973,/mocap/xwing/pose.transform.rotation.y,0.4383492351553346
5.844995605,1760031886.621995605,/mocap/xwing/pose.transform.rotation.y,0.4377872247036855
5.845011302,1760031886.622011302,/mocap/xwing/pose.transform.rotation.y,0.43731625180144
5.849755754,1760031886.626755754,/mocap/xwing/pose.transform.rotation.y,0.43737351168690936
5.849761014,1760031886.626761014,/mocap/xwing/pose.transform.rotation.y,0.4373754645449975
5.867786751,1760031886.644786751,/mocap/xwing/pose.transform.rotation.y,0.4371199051072946
5.867791515,1760031886.644791515,/mocap/xwing/pose.transform.rotation.y,0.43671603929928565
5.867950909,1760031886.644950909,/mocap/xwing/pose.transform.rotation.y,0.436138733167848
5.875037971,1760031886.652037971,/mocap/xwing/pose.transform.rotation.y,0.43563284721904405
5.875046611,1760031886.652046611,/mocap/xwing/pose.transform.rotation.y,0.43545562755582046
5.875050693,1760031886.652050693,/mocap/xwing/pose.transform.rotation.y,0.4353299274962792
5.875061162,1760031886.652061162,/mocap/xwing/pose.transform.rotation.y,0.43497456232116416
5.875076291,1760031886.652076291,/mocap/xwing/pose.transform.rotation.y,0.4345184644547323
5.893953664,1760031886.670953664,/mocap/xwing/pose.transform.rotation.y,0.4338185343470355
5.893969078,1760031886.670969078,/mocap/xwing/pose.transform.rotation.y,0.4331618540820707
5.893977007,1760031886.670977007,/mocap/xwing/pose.transform.rotation.y,0.43253308226289894
5.894090139,1760031886.671090139,/mocap/xwing/pose.transform.rotation.y,0.43254380353265315
5.894146308,1760031886.671146308,/mocap/xwing/pose.transform.rotation.y,0.4324043365824512
5.91059824,1760031886.687598240,/mocap/xwing/pose.transform.rotation.y,0.43214537190066427
5.910650896,1760031886.687650896,/mocap/xwing/pose.transform.rotation.y,0.4312455956417913
5.917402911,1760031886.694402911,/mocap/xwing/pose.transform.rotation.y,0.4309180177748692
5.917425659,1760031886.694425659,/mocap/xwing/pose.transform.rotation.y,0.4302374885225548
5.917452644,1760031886.694452644,/mocap/xwing/pose.transform.rotation.y,0.42963465203328144
5.917626823,1760031886.694626823,/mocap/xwing/pose.transform.rotation.y,0.429315580217694
5.917773641,1760031886.694773641,/mocap/xwing/pose.transform.rotation.y,0.4294179403643329
5.925570191,1760031886.702570191,/mocap/xwing/pose.transform.rotation.y,0.4289705411851256
5.925607147,1760031886.702607147,/mocap/xwing/pose.transform.rotation.y,0.42809542347811397
5.925641629,1760031886.702641629,/mocap/xwing/pose.transform.rotation.y,0.4278096968456978
5.928989262,1760031886.705989262,/mocap/xwing/pose.transform.rotation.y,0.4273649291274831
5.936097293,1760031886.713097293,/mocap/xwing/pose.transform.rotation.y,0.4267420521124098
5.99026423,1760031886.767264230,/mocap/xwing/pose.transform.rotation.y,0.42717758446609744
5.990281266,1760031886.767281266,/mocap/xwing/pose.transform.rotation.y,0.42728015971956496
5.990797094,1760031886.767797094,/mocap/xwing/pose.transform.rotation.y,0.42664219952350674
6.005322951,1760031886.782322951,/mocap/xwing/pose.transform.rotation.y,0.4258040286387905
6.005340222,1760031886.782340222,/mocap/xwing/pose.transform.rotation.y,0.424469444640229
6.005358605,1760031886.782358605,/mocap/xwing/pose.transform.rotation.y,0.42443927920605956
6.005377304,1760031886.782377304,/mocap/xwing/pose.transform.rotation.y,0.4244949542236749
6.005397882,1760031886.782397882,/mocap/xwing/pose.transform.rotation.y,0.4246823594384328
6.0054124,1760031886.782412400,/mocap/xwing/pose.transform.rotation.y,0.4245465089390579
6.005430586,1760031886.782430586,/mocap/xwing/pose.transform.rotation.y,0.42381195046814485
6.005442002,1760031886.782442002,/mocap/xwing/pose.transform.rotation.y,0.42316288927372747
6.005454061,1760031886.782454061,/mocap/xwing/pose.transform.rotation.y,0.422658220549454
6.005467052,1760031886.782467052,/mocap/xwing/pose.transform.rotation.y,0.4223622187668947
6.005490421,1760031886.782490421,/mocap/xwing/pose.transform.rotation.y,0.4226458360479935
6.005506521,1760031886.782506521,/mocap/xwing/pose.transform.rotation.y,0.4231382653861994
6.005519254,1760031886.782519254,/mocap/xwing/pose.transform.rotation.y,0.42306331386762275
6.005544129,1760031886.782544129,/mocap/xwing/pose.transform.rotation.y,0.42275379449418293
6.005559528,1760031886.782559528,/mocap/xwing/pose.transform.rotation.y,0.42189902505893395
6.005571983,1760031886.782571983,/mocap/xwing/pose.transform.rotation.y,0.421694281953839
6.005588156,1760031886.782588156,/mocap/xwing/pose.transform.rotation.y,0.42266468417468284
6.005630861,1760031886.782630861,/mocap/xwing/pose.transform.rotation.y,0.4242231448650499
6.146829417,1760031886.923829417,/mocap/xwing/pose.transform.rotation.y,0.42518045696173307
6.146834093,1760031886.923834093,/mocap/xwing/pose.transform.rotation.y,0.4253713185343785
6.146839403,1760031886.923839403,/mocap/xwing/pose.transform.rotation.y,0.42557468375645413
6.146844058,1760031886.923844058,/mocap/xwing/pose.transform.rotation.y,0.42634831326529227
6.146851061,1760031886.923851061,/mocap/xwing/pose.transform.rotation.y,0.4265607478889709
6.146855805,1760031886.923855805,/mocap/xwing/pose.transform.rotation.y,0.4287357582283358
6.14686189,1760031886.923861890,/mocap/xwing/pose.transform.rotation.y,0.43098266707493593
6.146872841,1760031886.923872841,/mocap/xwing/pose.transform.rotation.y,0.43193836965670046
6.146876915,1760031886.923876915,/mocap/xwing/pose.transform.rotation.y,0.43218605128940063
6.14688068,1760031886.923880680,/mocap/xwing/pose.transform.rotation.y,0.4317583346908524
6.146884137,1760031886.923884137,/mocap/xwing/pose.transform.rotation.y,0.43243221101117063
6.146896689,1760031886.923896689,/mocap/xwing/pose.transform.rotation.y,0.4336306373320919
6.14690176,1760031886.923901760,/mocap/xwing/pose.transform.rotation.y,0.4359881538590291
6.146905386,1760031886.923905386,/mocap/xwing/pose.transform.rotation.y,0.4376351099024114
6.146908714,1760031886.923908714,/mocap/xwing/pose.transform.rotation.y,0.43917425354178663
6.146915642,1760031886.923915642,/mocap/xwing/pose.transform.rotation.y,0.43956501197632303
6.146919819,1760031886.923919819,/mocap/xwing/pose.transform.rotation.y,0.43983812944066125
6.146933731,1760031886.923933731,/mocap/xwing/pose.transform.rotation.y,0.4402235351551107
6.146939604,1760031886.923939604,/mocap/xwing/pose.transform.rotation.y,0.4422369655334709
6.146945102,1760031886.923945102,/mocap/xwing/pose.transform.rotation.y,0.44297426369764115
6.146949256,1760031886.923949256,/mocap/xwing/pose.transform.rotation.y,0.44463652182033886
6.146952871,1760031886.923952871,/mocap/xwing/pose.transform.rotation.y,0.4467552937077031
6.146961545,1760031886.923961545,/mocap/xwing/pose.transform.rotation.y,0.44729670993566456
6.146990492,1760031886.923990492,/mocap/xwing/pose.transform.rotation.y,0.447420338916344
6.146993835,1760031886.923993835,/mocap/xwing/pose.transform.rotation.y,0.44867487090463204
6.147015524,1760031886.924015524,/mocap/xwing/pose.transform.rotation.y,0.4511372052634023
6.147020264,1760031886.924020264,/mocap/xwing/pose.transform.rotation.y,0.4531029557267257
6.147027307,1760031886.924027307,/mocap/xwing/pose.transform.rotation.y,0.45565105520460414
6.147033394,1760031886.924033394,/mocap/xwing/pose.transform.rotation.y,0.4563478127847467
6.147037051,1760031886.924037051,/mocap/xwing/pose.transform.rotation.y,0.45658649687556285
6.147041323,1760031886.924041323,/mocap/xwing/pose.transform.rotation.y,0.4565114925800245
6.147045601,1760031886.924045601,/mocap/xwing/pose.transform.rotation.y,0.45814062390565696
6.147053037,1760031886.924053037,/mocap/xwing/pose.transform.rotation.y,0.4605120575140015
6.147058888,1760031886.924058888,/mocap/xwing/pose.transform.rotation.y,0.4628763283173234
6.147065782,1760031886.924065782,/mocap/xwing/pose.transform.rotation.y,0.464701918902602
6.147069438,1760031886.924069438,/mocap/xwing/pose.transform.rotation.y,0.4649299777089396
6.147101926,1760031886.924101926,/mocap/xwing/pose.transform.rotation.y,0.4653134579851193
6.147119905,1760031886.924119905,/mocap/xwing/pose.transform.rotation.y,0.46575458942929854
6.147126257,1760031886.924126257,/mocap/xwing/pose.transform.rotation.y,0.46733094726764246
6.147134852,1760031886.924134852,/mocap/xwing/pose.transform.rotation.y,0.4690047244684561
6.147156777,1760031886.924156777,/mocap/xwing/pose.transform.rotation.y,0.47109136538245777
6.305043465,1760031887.082043465,/mocap/xwing/pose.transform.rotation.y,0.4719825157226898
6.305047162,1760031887.082047162,/mocap/xwing/pose.transform.rotation.y,0.47134888790499047
6.305051661,1760031887.082051661,/mocap/xwing/pose.transform.rotation.y,0.47136575203353714
6.305054983,1760031887.082054983,/mocap/xwing/pose.transform.rotation.y,0.47107126766678736
6.305060215,1760031887.082060215,/mocap/xwing/pose.transform.rotation.y,0.4729010565876687
6.305068565,1760031887.082068565,/mocap/xwing/pose.transform.rotation.y,0.474213842600148
6.305081944,1760031887.082081944,/mocap/xwing/pose.transform.rotation.y,0.47538576607038574
6.305084874,1760031887.082084874,/mocap/xwing/pose.transform.rotation.y,0.4742123418469501
6.305087421,1760031887.082087421,/mocap/xwing/pose.transform.rotation.y,0.4725273754260562
6.305093031,1760031887.082093031,/mocap/xwing/pose.transform.rotation.y,0.47235352427116195
6.305097969,1760031887.082097969,/mocap/xwing/pose.transform.rotation.y,0.47237593788447735
6.305108906,1760031887.082108906,/mocap/xwing/pose.transform.rotation.y,0.47352183072368
6.305112405,1760031887.082112405,/mocap/xwing/pose.transform.rotation.y,0.47425563658038555
6.305118068,1760031887.082118068,/mocap/xwing/pose.transform.rotation.y,0.47340707431813983
6.30512164,1760031887.082121640,/mocap/xwing/pose.transform.rotation.y,0.47248808687998156
6.305125701,1760031887.082125701,/mocap/xwing/pose.transform.rotation.y,0.46945677229992067
6.305130067,1760031887.082130067,/mocap/xwing/pose.transform.rotation.y,0.4683496269260092
6.305135497,1760031887.082135497,/mocap/xwing/pose.transform.rotation.y,0.46772553650684767
6.305140382,1760031887.082140382,/mocap/xwing/pose.transform.rotation.y,0.4667689399522496
6.305152571,1760031887.082152571,/mocap/xwing/pose.transform.rotation.y,0.46585791763080364
6.305157152,1760031887.082157152,/mocap/xwing/pose.transform.rotation.y,0.46427902948777927
6.305161462,1760031887.082161462,/mocap/xwing/pose.transform.rotation.y,0.4618268781369975
6.305164509,1760031887.082164509,/mocap/xwing/pose.transform.rotation.y,0.45943946265931546
6.305167833,1760031887.082167833,/mocap/xwing/pose.transform.rotation.y,0.4579006759905202
6.305171416,1760031887.082171416,/mocap/xwing/pose.transform.rotation.y,0.4565968806632138
6.305179668,1760031887.082179668,/mocap/xwing/pose.transform.rotation.y,0.4552501956962578
6.3051846860000005,1760031887.082184686,/mocap/xwing/pose.transform.rotation.y,0.45366152667621246
6.305189042,1760031887.082189042,/mocap/xwing/pose.transform.rotation.y,0.4506321310501818
6.30519233,1760031887.082192330,/mocap/xwing/pose.transform.rotation.y,0.4474633721928732
6.30519478,1760031887.082194780,/mocap/xwing/pose.transform.rotation.y,0.44463988364287804
6.305200385,1760031887.082200385,/mocap/xwing/pose.transform.rotation.y,0.44207242069729463
6.3052034070000005,1760031887.082203407,/mocap/xwing/pose.transform.rotation.y,0.4399117467310093
6.305215906,1760031887.082215906,/mocap/xwing/pose.transform.rotation.y,0.43778753462969083
6.305219806,1760031887.082219806,/mocap/xwing/pose.transform.rotation.y,0.4347393992112044
6.305230814,1760031887.082230814,/mocap/xwing/pose.transform.rotation.y,0.43066178344187556
6.305234726,1760031887.082234726,/mocap/xwing/pose.transform.rotation.y,0.4272860057196668
6.30524303,1760031887.082243030,/mocap/xwing/pose.transform.rotation.y,0.42491157103373006
6.30524729,1760031887.082247290,/mocap/xwing/pose.transform.rotation.y,0.42236784910608083
6.305256044,1760031887.082256044,/mocap/xwing/pose.transform.rotation.y,0.41943413552994074
6.305260244,1760031887.082260244,/mocap/xwing/pose.transform.rotation.y,0.41624235681172633
6.305270406,1760031887.082270406,/mocap/xwing/pose.transform.rotation.y,0.4123945778349287
6.305274824,1760031887.082274824,/mocap/xwing/pose.transform.rotation.y,0.40815992079267926
6.305278793,1760031887.082278793,/mocap/xwing/pose.transform.rotation.y,0.4046484254585081
6.305282999,1760031887.082282999,/mocap/xwing/pose.transform.rotation.y,0.401638023465024
6.305286372,1760031887.082286372,/mocap/xwing/pose.transform.rotation.y,0.3995300063603088
6.305296147,1760031887.082296147,/mocap/xwing/pose.transform.rotation.y,0.39663037947995616
6.313471979,1760031887.090471979,/mocap/xwing/pose.transform.rotation.y,0.39404180993967036
6.313480471,1760031887.090480471,/mocap/xwing/pose.transform.rotation.y,0.39053494308302983
6.318403817,1760031887.095403817,/mocap/xwing/pose.transform.rotation.y,0.38701521367982555
6.31842721,1760031887.095427210,/mocap/xwing/pose.transform.rotation.y,0.3837706852166112
6.318432259,1760031887.095432259,/mocap/xwing/pose.transform.rotation.y,0.38122667570781144
6.31843775,1760031887.095437750,/mocap/xwing/pose.transform.rotation.y,0.37868756691081135
6.318446125,1760031887.095446125,/mocap/xwing/pose.transform.rotation.y,0.3757714356685175
6.318449901,1760031887.095449901,/mocap/xwing/pose.transform.rotation.y,0.3726535058046245
6.327059417,1760031887.104059417,/mocap/xwing/pose.transform.rotation.y,0.36917006408216735
6.327073892,1760031887.104073892,/mocap/xwing/pose.transform.rotation.y,0.36655799373248327
6.329452938,1760031887.106452938,/mocap/xwing/pose.transform.rotation.y,0.3635879629632497
6.335290114,1760031887.112290114,/mocap/xwing/pose.transform.rotation.y,0.36174457837817164
6.335328595,1760031887.112328595,/mocap/xwing/pose.transform.rotation.y,0.3597502434045623
6.340416403,1760031887.117416403,/mocap/xwing/pose.transform.rotation.y,0.35745405635988836
6.350442865,1760031887.127442865,/mocap/xwing/pose.transform.rotation.y,0.3545637574761776
6.350457467,1760031887.127457467,/mocap/xwing/pose.transform.rotation.y,0.3521118651309054
6.353587546,1760031887.130587546,/mocap/xwing/pose.transform.rotation.y,0.35038796532384864
6.353592735,1760031887.130592735,/mocap/xwing/pose.transform.rotation.y,0.3493015807086677
6.353597481,1760031887.130597481,/mocap/xwing/pose.transform.rotation.y,0.3485797332054969
6.501086891,1760031887.278086891,/mocap/xwing/pose.transform.rotation.y,0.3476843461898623
6.501090707,1760031887.278090707,/mocap/xwing/pose.transform.rotation.y,0.3461637523575927
6.50109614,1760031887.278096140,/mocap/xwing/pose.transform.rotation.y,0.34471655689677383
6.501099542,1760031887.278099542,/mocap/xwing/pose.transform.rotation.y,0.3438028586858372
6.501108366,1760031887.278108366,/mocap/xwing/pose.transform.rotation.y,0.3431523884922176
6.5011114899999995,1760031887.278111490,/mocap/xwing/pose.transform.rotation.y,0.3432976675394256
6.501117054,1760031887.278117054,/mocap/xwing/pose.transform.rotation.y,0.3432246648740747
6.501121255,1760031887.278121255,/mocap/xwing/pose.transform.rotation.y,0.3428716146981404
6.501124903,1760031887.278124903,/mocap/xwing/pose.transform.rotation.y,0.3419162988460873
6.501129006,1760031887.278129006,/mocap/xwing/pose.transform.rotation.y,0.34089267647040317
6.50113935,1760031887.278139350,/mocap/xwing/pose.transform.rotation.y,0.34066303549095855
6.501145077,1760031887.278145077,/mocap/xwing/pose.transform.rotation.y,0.3416085449970959
6.501147971,1760031887.278147971,/mocap/xwing/pose.transform.rotation.y,0.342841257755875
6.501153331,1760031887.278153331,/mocap/xwing/pose.transform.rotation.y,0.3440073888225882
6.501162652,1760031887.278162652,/mocap/xwing/pose.transform.rotation.y,0.3440323587700577
6.501166648,1760031887.278166648,/mocap/xwing/pose.transform.rotation.y,0.34370387932322577
6.501209693,1760031887.278209693,/mocap/xwing/pose.transform.rotation.y,0.34344392719447386
6.501215986,1760031887.278215986,/mocap/xwing/pose.transform.rotation.y,0.34375286485980056
6.501222798,1760031887.278222798,/mocap/xwing/pose.transform.rotation.y,0.34515229893907423
6.501229299,1760031887.278229299,/mocap/xwing/pose.transform.rotation.y,0.3469009651877871
6.501235149,1760031887.278235149,/mocap/xwing/pose.transform.rotation.y,0.348515159434862
6.501240838,1760031887.278240838,/mocap/xwing/pose.transform.rotation.y,0.3496317458622495
6.501256002,1760031887.278256002,/mocap/xwing/pose.transform.rotation.y,0.35053260546164494
6.501261868,1760031887.278261868,/mocap/xwing/pose.transform.rotation.y,0.3516014570964234
6.501266635,1760031887.278266635,/mocap/xwing/pose.transform.rotation.y,0.35283711792041794
6.501274234,1760031887.278274234,/mocap/xwing/pose.transform.rotation.y,0.3546723962767854
6.501278155,1760031887.278278155,/mocap/xwing/pose.transform.rotation.y,0.35662621242742126
6.501284482,1760031887.278284482,/mocap/xwing/pose.transform.rotation.y,0.3582332083335664
6.501289022,1760031887.278289022,/mocap/xwing/pose.transform.rotation.y,0.3593854625100111
6.501293388,1760031887.278293388,/mocap/xwing/pose.transform.rotation.y,0.3608736951535253
6.501298894,1760031887.278298894,/mocap/xwing/pose.transform.rotation.y,0.36292366769045875
6.501303834,1760031887.278303834,/mocap/xwing/pose.transform.rotation.y,0.36582975411196295
6.5013078140000005,1760031887.278307814,/mocap/xwing/pose.transform.rotation.y,0.36885053480817925
6.501312028,1760031887.278312028,/mocap/xwing/pose.transform.rotation.y,0.3703376770489792
6.50131685,1760031887.278316850,/mocap/xwing/pose.transform.rotation.y,0.37219097158597614
6.501336491,1760031887.278336491,/mocap/xwing/pose.transform.rotation.y,0.37332799481736345
6.501341502,1760031887.278341502,/mocap/xwing/pose.transform.rotation.y,0.3749785232614086
6.501344933,1760031887.278344933,/mocap/xwing/pose.transform.rotation.y,0.3775907923221631
6.501375615,1760031887.278375615,/mocap/xwing/pose.transform.rotation.y,0.38090061475457887
6.501382129,1760031887.278382129,/mocap/xwing/pose.transform.rotation.y,0.3846689751558199
6.501386364,1760031887.278386364,/mocap/xwing/pose.transform.rotation.y,0.3880501499635344
6.5013898690000005,1760031887.278389869,/mocap/xwing/pose.transform.rotation.y,0.390396022322816
6.501406049,1760031887.278406049,/mocap/xwing/pose.transform.rotation.y,0.3919440852215895
6.508191769,1760031887.285191769,/mocap/xwing/pose.transform.rotation.y,0.3940455828009421
6.508196442,1760031887.285196442,/mocap/xwing/pose.transform.rotation.y,0.3965936709556664
6.50820197,1760031887.285201970,/mocap/xwing/pose.transform.rotation.y,0.39987325770255333
6.559392068,1760031887.336392068,/mocap/xwing/pose.transform.rotation.y,0.403644139393041
6.559396964,1760031887.336396964,/mocap/xwing/pose.transform.rotation.y,0.4068363573154146
6.559436399,1760031887.336436399,/mocap/xwing/pose.transform.rotation.y,0.40935803332330434
6.559442522,1760031887.336442522,/mocap/xwing/pose.transform.rotation.y,0.4112652164459039
6.559450923,1760031887.336450923,/mocap/xwing/pose.transform.rotation.y,0.41356079019502157
6.55945491,1760031887.336454910,/mocap/xwing/pose.transform.rotation.y,0.41644239870041855
6.559458806,1760031887.336458806,/mocap/xwing/pose.transform.rotation.y,0.41999973316287553
6.559467294,1760031887.336467294,/mocap/xwing/pose.transform.rotation.y,0.4231840679640951
6.559480687,1760031887.336480687,/mocap/xwing/pose.transform.rotation.y,0.4259160903149008
6.559484851,1760031887.336484851,/mocap/xwing/pose.transform.rotation.y,0.42747244390761785
6.559488352,1760031887.336488352,/mocap/xwing/pose.transform.rotation.y,0.42908945160286904
6.559510942,1760031887.336510942,/mocap/xwing/pose.transform.rotation.y,0.4314223632328784
6.559515349,1760031887.336515349,/mocap/xwing/pose.transform.rotation.y,0.4342984058278389
6.559519198,1760031887.336519198,/mocap/xwing/pose.transform.rotation.y,0.4371796921472431
6.566971936,1760031887.343971936,/mocap/xwing/pose.transform.rotation.y,0.4394748852945282
6.566974975,1760031887.343974975,/mocap/xwing/pose.transform.rotation.y,0.44483994364738183
6.566987997,1760031887.343987997,/mocap/xwing/pose.transform.rotation.y,0.44620166879865525
6.572328499,1760031887.349328499,/mocap/xwing/pose.transform.rotation.y,0.44783690280930977
6.57233259,1760031887.349332590,/mocap/xwing/pose.transform.rotation.y,0.44989389165375243
6.579060818,1760031887.356060818,/mocap/xwing/pose.transform.rotation.y,0.452778821755174
6.579073549,1760031887.356073549,/mocap/xwing/pose.transform.rotation.y,0.4552557685314684
6.584860746,1760031887.361860746,/mocap/xwing/pose.transform.rotation.y,0.45787418129116747
6.584872005,1760031887.361872005,/mocap/xwing/pose.transform.rotation.y,0.4592311211538121
6.588908258,1760031887.365908258,/mocap/xwing/pose.transform.rotation.y,0.459908289632965
6.592769475,1760031887.369769475,/mocap/xwing/pose.transform.rotation.y,0.46080208088038
6.592784342,1760031887.369784342,/mocap/xwing/pose.transform.rotation.y,0.46112771402035513
6.5977212430000005,1760031887.374721243,/mocap/xwing/pose.transform.rotation.y,0.4617390115039069
6.603844034,1760031887.380844034,/mocap/xwing/pose.transform.rotation.y,0.4619508075700083
6.613101629,1760031887.390101629,/mocap/xwing/pose.transform.rotation.y,0.4614920502224504
6.613241987,1760031887.390241987,/mocap/xwing/pose.transform.rotation.y,0.46668277461694246
6.619113297,1760031887.396113297,/mocap/xwing/pose.transform.rotation.y,0.4654934769418468
6.619169934,1760031887.396169934,/mocap/xwing/pose.transform.rotation.y,0.46651809708121855
6.629274329,1760031887.406274329,/mocap/xwing/pose.transform.rotation.y,0.4677819176539749
6.629332796,1760031887.406332796,/mocap/xwing/pose.transform.rotation.y,0.46970931824767215
6.629346009,1760031887.406346009,/mocap/xwing/pose.transform.rotation.y,0.47011011834158006
6.629360526,1760031887.406360526,/mocap/xwing/pose.transform.rotation.y,0.4690336252317074
6.677042888,1760031887.454042888,/mocap/xwing/pose.transform.rotation.y,0.46620217176479434
6.677087873,1760031887.454087873,/mocap/xwing/pose.transform.rotation.y,0.46425228395592877
6.677101082,1760031887.454101082,/mocap/xwing/pose.transform.rotation.y,0.463642840878794
6.677121471,1760031887.454121471,/mocap/xwing/pose.transform.rotation.y,0.46374040485420176
6.677169159,1760031887.454169159,/mocap/xwing/pose.transform.rotation.y,0.45644353916500413
6.67718071,1760031887.454180710,/mocap/xwing/pose.transform.rotation.y,0.4543719187316775
6.677201507,1760031887.454201507,/mocap/xwing/pose.transform.rotation.y,0.4506251723421577
6.677212828,1760031887.454212828,/mocap/xwing/pose.transform.rotation.y,0.4461753773591953
6.677227727,1760031887.454227727,/mocap/xwing/pose.transform.rotation.y,0.44446172655895577
6.677256601,1760031887.454256601,/mocap/xwing/pose.transform.rotation.y,0.44398356313288534
6.677309301,1760031887.454309301,/mocap/xwing/pose.transform.rotation.y,0.4431171541604535
6.677349568,1760031887.454349568,/mocap/xwing/pose.transform.rotation.y,0.4386621988552953
6.677369445,1760031887.454369445,/mocap/xwing/pose.transform.rotation.y,0.43508950858850004
6.677384644,1760031887.454384644,/mocap/xwing/pose.transform.rotation.y,0.4305066411329828
6.683072561,1760031887.460072561,/mocap/xwing/pose.transform.rotation.y,0.42611548916776976
6.683076755,1760031887.460076755,/mocap/xwing/pose.transform.rotation.y,0.4227126075548327
6.686159958,1760031887.463159958,/mocap/xwing/pose.transform.rotation.y,0.4198611681307808
6.686169042,1760031887.463169042,/mocap/xwing/pose.transform.rotation.y,0.41674312585097373
6.7379271460000005,1760031887.514927146,/mocap/xwing/pose.transform.rotation.y,0.4111236043595058
6.747906368,1760031887.524906368,/mocap/xwing/pose.transform.rotation.y,0.4070434732543239
6.747920472,1760031887.524920472,/mocap/xwing/pose.transform.rotation.y,0.3999660554998708
6.747933538,1760031887.524933538,/mocap/xwing/pose.transform.rotation.y,0.39417503420831784
6.747960578,1760031887.524960578,/mocap/xwing/pose.transform.rotation.y,0.39051997816639067
6.747974508,1760031887.524974508,/mocap/xwing/pose.transform.rotation.y,0.38816323625560567
6.748065213,1760031887.525065213,/mocap/xwing/pose.transform.rotation.y,0.3854384681389517
6.748082419,1760031887.525082419,/mocap/xwing/pose.transform.rotation.y,0.3800517468691504
6.748127474,1760031887.525127474,/mocap/xwing/pose.transform.rotation.y,0.3739913349072997
6.748177096,1760031887.525177096,/mocap/xwing/pose.transform.rotation.y,0.3680956351427907
6.748201934,1760031887.525201934,/mocap/xwing/pose.transform.rotation.y,0.36311435266595077
6.748225588,1760031887.525225588,/mocap/xwing/pose.transform.rotation.y,0.3593032427359019
6.748241043,1760031887.525241043,/mocap/xwing/pose.transform.rotation.y,0.35605589840568364
6.748255826,1760031887.525255826,/mocap/xwing/pose.transform.rotation.y,0.35131864636264076
6.748272808,1760031887.525272808,/mocap/xwing/pose.transform.rotation.y,0.37142498431994564
6.748326073,1760031887.525326073,/mocap/xwing/pose.transform.rotation.y,0.3640873167076846
6.748345235,1760031887.525345235,/mocap/xwing/pose.transform.rotation.y,0.3596801331507505
6.755470223,1760031887.532470223,/mocap/xwing/pose.transform.rotation.y,0.3532341594955768
6.755515512,1760031887.532515512,/mocap/xwing/pose.transform.rotation.y,0.34950972723647783
6.766949271,1760031887.543949271,/mocap/xwing/pose.transform.rotation.y,0.3432186980343486
6.766969628,1760031887.543969628,/mocap/xwing/pose.transform.rotation.y,0.33984595819815616
6.766998925,1760031887.543998925,/mocap/xwing/pose.transform.rotation.y,0.3328196780348093
6.7670125940000005,1760031887.544012594,/mocap/xwing/pose.transform.rotation.y,0.32602980035375434
6.818444882,1760031887.595444882,/mocap/xwing/pose.transform.rotation.y,0.3207873368483146
6.818471769,1760031887.595471769,/mocap/xwing/pose.transform.rotation.y,0.31848277055597396
6.818492054,1760031887.595492054,/mocap/xwing/pose.transform.rotation.y,0.3157215928463549
6.818553083,1760031887.595553083,/mocap/xwing/pose.transform.rotation.y,0.30987092093580415
6.8185722900000005,1760031887.595572290,/mocap/xwing/pose.transform.rotation.y,0.3026811433022256
6.818589365,1760031887.595589365,/mocap/xwing/pose.transform.rotation.y,0.2920328853639549
6.818603918,1760031887.595603918,/mocap/xwing/pose.transform.rotation.y,0.2802797069735013
6.818622092,1760031887.595622092,/mocap/xwing/pose.transform.rotation.y,0.2744616123567535
6.818640865,1760031887.595640865,/mocap/xwing/pose.transform.rotation.y,0.25971345451904787
6.8186625670000005,1760031887.595662567,/mocap/xwing/pose.transform.rotation.y,0.2534606356032183
6.818679393,1760031887.595679393,/mocap/xwing/pose.transform.rotation.y,0.24564073885614604
6.818695762,1760031887.595695762,/mocap/xwing/pose.transform.rotation.y,0.23848194176690704
6.818711952,1760031887.595711952,/mocap/xwing/pose.transform.rotation.y,0.23005694029623838
6.818729877,1760031887.595729877,/mocap/xwing/pose.transform.rotation.y,0.2248123357232623
6.820301866,1760031887.597301866,/mocap/xwing/pose.transform.rotation.y,0.21929303275879602
6.820314403,1760031887.597314403,/mocap/xwing/pose.transform.rotation.y,0.21474282432119116
6.820331018,1760031887.597331018,/mocap/xwing/pose.transform.rotation.y,0.20921252045334737
6.825140192,1760031887.602140192,/mocap/xwing/pose.transform.rotation.y,0.2024835876026034
6.827681411,1760031887.604681411,/mocap/xwing/pose.transform.rotation.y,0.19637015038210442
6.833263393,1760031887.610263393,/mocap/xwing/pose.transform.rotation.y,0.19115447501364397
6.83602808,1760031887.613028080,/mocap/xwing/pose.transform.rotation.y,0.1859915108550221
6.836038588,1760031887.613038588,/mocap/xwing/pose.transform.rotation.y,0.18219917107021233
6.841201211,1760031887.618201211,/mocap/xwing/pose.transform.rotation.y,0.1791571613980669
6.847321984,1760031887.624321984,/mocap/xwing/pose.transform.rotation.y,0.1756736386909369
6.847328088,1760031887.624328088,/mocap/xwing/pose.transform.rotation.y,0.1714903724756855
6.851303327,1760031887.628303327,/mocap/xwing/pose.transform.rotation.y,0.16738907224066407
6.85706139,1760031887.634061390,/mocap/xwing/pose.transform.rotation.y,0.16364216950833385
6.862111016,1760031887.639111016,/mocap/xwing/pose.transform.rotation.y,0.16171439287850162
6.862116274,1760031887.639116274,/mocap/xwing/pose.transform.rotation.y,0.15972761335568694
6.86671877,1760031887.643718770,/mocap/xwing/pose.transform.rotation.y,0.15989124144704933
6.87020955,1760031887.647209550,/mocap/xwing/pose.transform.rotation.y,0.157679194148347
6.87021837,1760031887.647218370,/mocap/xwing/pose.transform.rotation.y,0.15500445519329809
6.872757376,1760031887.649757376,/mocap/xwing/pose.transform.rotation.y,0.15124930805747225
6.876622536,1760031887.653622536,/mocap/xwing/pose.transform.rotation.y,0.14972524617130406
6.882414088,1760031887.659414088,/mocap/xwing/pose.transform.rotation.y,0.14915894490807452
6.8852113,1760031887.662211300,/mocap/xwing/pose.transform.rotation.y,0.14858658322783377
6.887957083,1760031887.664957083,/mocap/xwing/pose.transform.rotation.y,0.14816175007648497
6.891170445,1760031887.668170445,/mocap/xwing/pose.transform.rotation.y,0.14727074700812334
6.8940584860000005,1760031887.671058486,/mocap/xwing/pose.transform.rotation.y,0.1456144214204994
6.899524646,1760031887.676524646,/mocap/xwing/pose.transform.rotation.y,0.1445314281157997
6.903741764,1760031887.680741764,/mocap/xwing/pose.transform.rotation.y,0.14387468365139874
6.910544656,1760031887.687544656,/mocap/xwing/pose.transform.rotation.y,0.14462900201302206
6.910549932,1760031887.687549932,/mocap/xwing/pose.transform.rotation.y,0.14561100753847808
6.914051392,1760031887.691051392,/mocap/xwing/pose.transform.rotation.y,0.14630859130792348
6.914057966,1760031887.691057966,/mocap/xwing/pose.transform.rotation.y,0.1461484997005962
6.916510955,1760031887.693510955,/mocap/xwing/pose.transform.rotation.y,0.14665352313269409
6.920794721,1760031887.697794721,/mocap/xwing/pose.transform.rotation.y,0.14697638802874619
6.924336755,1760031887.701336755,/mocap/xwing/pose.transform.rotation.y,0.14810020208769786
6.9276069410000005,1760031887.704606941,/mocap/xwing/pose.transform.rotation.y,0.1498227312649084
6.930165207,1760031887.707165207,/mocap/xwing/pose.transform.rotation.y,0.1515435272097295
6.9358741,1760031887.712874100,/mocap/xwing/pose.transform.rotation.y,0.15331028842440905
6.953224848,1760031887.730224848,/mocap/xwing/pose.transform.rotation.y,0.15416682454084565
6.953235193,1760031887.730235193,/mocap/xwing/pose.transform.rotation.y,0.1555640054117483
6.953243743,1760031887.730243743,/mocap/xwing/pose.transform.rotation.y,0.15783240770309362
6.953250315,1760031887.730250315,/mocap/xwing/pose.transform.rotation.y,0.16035920235680903
6.953269173,1760031887.730269173,/mocap/xwing/pose.transform.rotation.y,0.16334164938675497
6.95866584,1760031887.735665840,/mocap/xwing/pose.transform.rotation.y,0.16632890135431555
6.969009973,1760031887.746009973,/mocap/xwing/pose.transform.rotation.y,0.16796493636007143
6.969018548,1760031887.746018548,/mocap/xwing/pose.transform.rotation.y,0.17002458098011464
6.969095131,1760031887.746095131,/mocap/xwing/pose.transform.rotation.y,0.1722940825071388
6.976961559,1760031887.753961559,/mocap/xwing/pose.transform.rotation.y,0.1753129362080026
6.97698668,1760031887.753986680,/mocap/xwing/pose.transform.rotation.y,0.17903556478579402
6.977028932,1760031887.754028932,/mocap/xwing/pose.transform.rotation.y,0.18270180760323018
6.982977529,1760031887.759977529,/mocap/xwing/pose.transform.rotation.y,0.18614335565199627
6.983017381,1760031887.760017381,/mocap/xwing/pose.transform.rotation.y,0.18892294189211983
7.036685795,1760031887.813685795,/mocap/xwing/pose.transform.rotation.y,0.19156978239771705
7.036710113,1760031887.813710113,/mocap/xwing/pose.transform.rotation.y,0.1946964194470443
7.040020459,1760031887.817020459,/mocap/xwing/pose.transform.rotation.y,0.19871740451464948
7.040066302,1760031887.817066302,/mocap/xwing/pose.transform.rotation.y,0.20269202968887087
7.040122897,1760031887.817122897,/mocap/xwing/pose.transform.rotation.y,0.20691056719351902
7.040142322,1760031887.817142322,/mocap/xwing/pose.transform.rotation.y,0.21089236614863496
7.040170549,1760031887.817170549,/mocap/xwing/pose.transform.rotation.y,0.21440304116531328
7.040185345,1760031887.817185345,/mocap/xwing/pose.transform.rotation.y,0.21744749865553786
7.040228282,1760031887.817228282,/mocap/xwing/pose.transform.rotation.y,0.22115501961123016
7.040249002,1760031887.817249002,/mocap/xwing/pose.transform.rotation.y,0.22520519039801715
7.040265711,1760031887.817265711,/mocap/xwing/pose.transform.rotation.y,0.2262558233245652
7.040277531,1760031887.817277531,/mocap/xwing/pose.transform.rotation.y,0.23040867545772134
7.040295017,1760031887.817295017,/mocap/xwing/pose.transform.rotation.y,0.23413940168517172
7.040349091,1760031887.817349091,/mocap/xwing/pose.transform.rotation.y,0.2394566658683222
7.040371089,1760031887.817371089,/mocap/xwing/pose.transform.rotation.y,0.24316060644903473
7.04038446,1760031887.817384460,/mocap/xwing/pose.transform.rotation.y,0.2474300304395493
7.057374244,1760031887.834374244,/mocap/xwing/pose.transform.rotation.y,0.2521385606271517
7.057379277,1760031887.834379277,/mocap/xwing/pose.transform.rotation.y,0.2566825828982694
7.057385728,1760031887.834385728,/mocap/xwing/pose.transform.rotation.y,0.2609907798508647
7.057390658,1760031887.834390658,/mocap/xwing/pose.transform.rotation.y,0.26566771031993225
7.057403157,1760031887.834403157,/mocap/xwing/pose.transform.rotation.y,0.26966202854960186
7.065007328,1760031887.842007328,/mocap/xwing/pose.transform.rotation.y,0.27358116626226797
7.065033131,1760031887.842033131,/mocap/xwing/pose.transform.rotation.y,0.27751232276052507
7.065040537,1760031887.842040537,/mocap/xwing/pose.transform.rotation.y,0.28212684928686743
7.065045493,1760031887.842045493,/mocap/xwing/pose.transform.rotation.y,0.2870189535094555
7.070713642,1760031887.847713642,/mocap/xwing/pose.transform.rotation.y,0.2917801182129414
7.080723026,1760031887.857723026,/mocap/xwing/pose.transform.rotation.y,0.2956141789388407
7.080726933,1760031887.857726933,/mocap/xwing/pose.transform.rotation.y,0.29993836188458034
7.08073484,1760031887.857734840,/mocap/xwing/pose.transform.rotation.y,0.30396678879659145
7.084846596,1760031887.861846596,/mocap/xwing/pose.transform.rotation.y,0.30847757062390024
7.084860219,1760031887.861860219,/mocap/xwing/pose.transform.rotation.y,0.313017140193441
7.09139533,1760031887.868395330,/mocap/xwing/pose.transform.rotation.y,0.317321612860125
7.095669221,1760031887.872669221,/mocap/xwing/pose.transform.rotation.y,0.32136369096508416
7.095675278,1760031887.872675278,/mocap/xwing/pose.transform.rotation.y,0.3251025731204915
7.09811899,1760031887.875118990,/mocap/xwing/pose.transform.rotation.y,0.3285096617753305
7.100887703,1760031887.877887703,/mocap/xwing/pose.transform.rotation.y,0.3326036192413551
7.103781455,1760031887.880781455,/mocap/xwing/pose.transform.rotation.y,0.33688558641680133
7.108271155,1760031887.885271155,/mocap/xwing/pose.transform.rotation.y,0.3412955157036469
7.118195625,1760031887.895195625,/mocap/xwing/pose.transform.rotation.y,0.34521590586533873
7.118222758,1760031887.895222758,/mocap/xwing/pose.transform.rotation.y,0.34849170895615655
7.11831408,1760031887.895314080,/mocap/xwing/pose.transform.rotation.y,0.3505162345765462
7.124068863,1760031887.901068863,/mocap/xwing/pose.transform.rotation.y,0.35474765392003493
7.124090793,1760031887.901090793,/mocap/xwing/pose.transform.rotation.y,0.3575624907690796
7.130694682,1760031887.907694682,/mocap/xwing/pose.transform.rotation.y,0.3609778586560294
7.176003973,1760031887.953003973,/mocap/xwing/pose.transform.rotation.y,0.3643475009327449
7.176020814,1760031887.953020814,/mocap/xwing/pose.transform.rotation.y,0.3672397743072996
7.17603465,1760031887.953034650,/mocap/xwing/pose.transform.rotation.y,0.36918035811240196
7.176128058,1760031887.953128058,/mocap/xwing/pose.transform.rotation.y,0.3705159792296911
7.176139729,1760031887.953139729,/mocap/xwing/pose.transform.rotation.y,0.3722293264418834
7.176160145,1760031887.953160145,/mocap/xwing/pose.transform.rotation.y,0.373920694042475
7.176180276,1760031887.953180276,/mocap/xwing/pose.transform.rotation.y,0.374788328607613
7.176199677,1760031887.953199677,/mocap/xwing/pose.transform.rotation.y,0.3747053245939585
7.176222436,1760031887.953222436,/mocap/xwing/pose.transform.rotation.y,0.37417194245069657
7.176244121,1760031887.953244121,/mocap/xwing/pose.transform.rotation.y,0.37736025409000096
7.176261097,1760031887.953261097,/mocap/xwing/pose.transform.rotation.y,0.37729357995284574
7.176293824,1760031887.953293824,/mocap/xwing/pose.transform.rotation.y,0.3773362668275899
7.176329282,1760031887.953329282,/mocap/xwing/pose.transform.rotation.y,0.37711969751973773
7.176337878,1760031887.953337878,/mocap/xwing/pose.transform.rotation.y,0.3775622067202347
7.201355229,1760031887.978355229,/mocap/xwing/pose.transform.rotation.y,0.37673782767053093
7.201399747,1760031887.978399747,/mocap/xwing/pose.transform.rotation.y,0.3747575475994576
7.20626629,1760031887.983266290,/mocap/xwing/pose.transform.rotation.y,0.3727171719851994
7.206280865,1760031887.983280865,/mocap/xwing/pose.transform.rotation.y,0.3757010486522508
7.206334115,1760031887.983334115,/mocap/xwing/pose.transform.rotation.y,0.36918982390145044
7.206350752,1760031887.983350752,/mocap/xwing/pose.transform.rotation.y,0.36805955882342245
7.206363197,1760031887.983363197,/mocap/xwing/pose.transform.rotation.y,0.3663634378362259
7.206382858,1760031887.983382858,/mocap/xwing/pose.transform.rotation.y,0.36318870126951763
7.206396085,1760031887.983396085,/mocap/xwing/pose.transform.rotation.y,0.3601280063207184
7.211133708,1760031887.988133708,/mocap/xwing/pose.transform.rotation.y,0.3564583992571865
7.215489026,1760031887.992489026,/mocap/xwing/pose.transform.rotation.y,0.35731574522070664
7.215502855,1760031887.992502855,/mocap/xwing/pose.transform.rotation.y,0.3543721879180632
7.220076392,1760031887.997076392,/mocap/xwing/pose.transform.rotation.y,0.35177055622972325
7.220120981,1760031887.997120981,/mocap/xwing/pose.transform.rotation.y,0.3432094668183701
7.225837397,1760031888.002837397,/mocap/xwing/pose.transform.rotation.y,0.33802703983179005
7.229122923,1760031888.006122923,/mocap/xwing/pose.transform.rotation.y,0.3326488878614863
7.243983373,1760031888.020983373,/mocap/xwing/pose.transform.rotation.y,0.327699047249343
7.243999923,1760031888.020999923,/mocap/xwing/pose.transform.rotation.y,0.32264828524986394
7.252846943,1760031888.029846943,/mocap/xwing/pose.transform.rotation.y,0.3179617311259695
7.252870859,1760031888.029870859,/mocap/xwing/pose.transform.rotation.y,0.3131291937781059
7.252900187,1760031888.029900187,/mocap/xwing/pose.transform.rotation.y,0.30824052492238707
7.252913961,1760031888.029913961,/mocap/xwing/pose.transform.rotation.y,0.30274970487535724
7.258967971,1760031888.035967971,/mocap/xwing/pose.transform.rotation.y,0.29766861583707177
7.259004632,1760031888.036004632,/mocap/xwing/pose.transform.rotation.y,0.29230490769616635
7.259071848,1760031888.036071848,/mocap/xwing/pose.transform.rotation.y,0.2868335189701683
7.263935471,1760031888.040935471,/mocap/xwing/pose.transform.rotation.y,0.2819755253394394
7.268630645,1760031888.045630645,/mocap/xwing/pose.transform.rotation.y,0.2773676396472431
7.268643029,1760031888.045643029,/mocap/xwing/pose.transform.rotation.y,0.2725996680657911
7.271766756,1760031888.048766756,/mocap/xwing/pose.transform.rotation.y,0.26657311073984946
7.275525729,1760031888.052525729,/mocap/xwing/pose.transform.rotation.y,0.26114837591583673
7.278653218,1760031888.055653218,/mocap/xwing/pose.transform.rotation.y,0.2547081344873069
7.283025908,1760031888.060025908,/mocap/xwing/pose.transform.rotation.y,0.24859631514066619
7.288577502,1760031888.065577502,/mocap/xwing/pose.transform.rotation.y,0.2417751371905378
7.288602729,1760031888.065602729,/mocap/xwing/pose.transform.rotation.y,0.23512257441514695
7.292503333,1760031888.069503333,/mocap/xwing/pose.transform.rotation.y,0.22860407151364842
7.297329675,1760031888.074329675,/mocap/xwing/pose.transform.rotation.y,0.2221518586205472
7.297378294,1760031888.074378294,/mocap/xwing/pose.transform.rotation.y,0.21598945849797835
7.302274594,1760031888.079274594,/mocap/xwing/pose.transform.rotation.y,0.20825558597194124
7.30601931,1760031888.083019310,/mocap/xwing/pose.transform.rotation.y,0.20123345344747326
7.312518282,1760031888.089518282,/mocap/xwing/pose.transform.rotation.y,0.18770138012409718
7.3184155010000005,1760031888.095415501,/mocap/xwing/pose.transform.rotation.y,0.18022922844027128
7.3184238,1760031888.095423800,/mocap/xwing/pose.transform.rotation.y,0.17305588137997327
7.318524622,1760031888.095524622,/mocap/xwing/pose.transform.rotation.y,0.1662365326376361
7.321898344,1760031888.098898344,/mocap/xwing/pose.transform.rotation.y,0.15957428180452513
7.327271733,1760031888.104271733,/mocap/xwing/pose.transform.rotation.y,0.15236587392811032
7.332538088,1760031888.109538088,/mocap/xwing/pose.transform.rotation.y,0.14397389894514626
7.332558406,1760031888.109558406,/mocap/xwing/pose.transform.rotation.y,0.13748338585170977
7.336600261,1760031888.113600261,/mocap/xwing/pose.transform.rotation.y,0.12894879597492045
7.336620094,1760031888.113620094,/mocap/xwing/pose.transform.rotation.y,0.1224010995432219
7.341635397,1760031888.118635397,/mocap/xwing/pose.transform.rotation.y,0.11460741613030918
7.347586442,1760031888.124586442,/mocap/xwing/pose.transform.rotation.y,0.10816886312842995
7.352795227,1760031888.129795227,/mocap/xwing/pose.transform.rotation.y,0.10119164107734802
7.352878508,1760031888.129878508,/mocap/xwing/pose.transform.rotation.y,0.09369454483606582
7.358174032,1760031888.135174032,/mocap/xwing/pose.transform.rotation.y,0.08715614432426493
7.364026192,1760031888.141026192,/mocap/xwing/pose.transform.rotation.y,0.07979765796288155
7.364055802,1760031888.141055802,/mocap/xwing/pose.transform.rotation.y,0.07484317818692898
7.368354154,1760031888.145354154,/mocap/xwing/pose.transform.rotation.y,0.06732678136334168
7.368377017,1760031888.145377017,/mocap/xwing/pose.transform.rotation.y,0.06063393883566398
7.372983514,1760031888.149983514,/mocap/xwing/pose.transform.rotation.y,0.05429885327006557
7.378012111,1760031888.155012111,/mocap/xwing/pose.transform.rotation.y,0.04769923066967566
7.383849106,1760031888.160849106,/mocap/xwing/pose.transform.rotation.y,0.04083998964753898
7.383859663,1760031888.160859663,/mocap/xwing/pose.transform.rotation.y,0.03320226902977153
7.388560809,1760031888.165560809,/mocap/xwing/pose.transform.rotation.y,0.026115979880241048
7.388597857,1760031888.165597857,/mocap/xwing/pose.transform.rotation.y,0.019153976676121
7.392932154,1760031888.169932154,/mocap/xwing/pose.transform.rotation.y,0.012635448324226035
7.399458298,1760031888.176458298,/mocap/xwing/pose.transform.rotation.y,0.006055752791640579
7.399486589,1760031888.176486589,/mocap/xwing/pose.transform.rotation.y,-0.0004809601882857028
7.406963043,1760031888.183963043,/mocap/xwing/pose.transform.rotation.y,-0.007166833591093485
7.417797385,1760031888.194797385,/mocap/xwing/pose.transform.rotation.y,-0.01375017800829974
7.417815285,1760031888.194815285,/mocap/xwing/pose.transform.rotation.y,-0.0204358412860129
7.417850284,1760031888.194850284,/mocap/xwing/pose.transform.rotation.y,-0.027264045306872996
7.423534754,1760031888.200534754,/mocap/xwing/pose.transform.rotation.y,-0.033562752828343555
7.423582609,1760031888.200582609,/mocap/xwing/pose.transform.rotation.y,-0.04033162864843985
7.423636543,1760031888.200636543,/mocap/xwing/pose.transform.rotation.y,-0.046757750052804005
7.431172022,1760031888.208172022,/mocap/xwing/pose.transform.rotation.y,-0.05309333172352214
7.431226622,1760031888.208226622,/mocap/xwing/pose.transform.rotation.y,-0.059144921756796164
7.479854941,1760031888.256854941,/mocap/xwing/pose.transform.rotation.y,-0.06472843435552819
7.479880627,1760031888.256880627,/mocap/xwing/pose.transform.rotation.y,-0.07018186181406928
7.479896666,1760031888.256896666,/mocap/xwing/pose.transform.rotation.y,-0.07548271081643622
7.479920839,1760031888.256920839,/mocap/xwing/pose.transform.rotation.y,-0.08065262739691367
7.479935915,1760031888.256935915,/mocap/xwing/pose.transform.rotation.y,-0.0863994088293402
7.48000617,1760031888.257006170,/mocap/xwing/pose.transform.rotation.y,-0.09153500307376243
7.480065398,1760031888.257065398,/mocap/xwing/pose.transform.rotation.y,-0.09705586247568768
7.480095306,1760031888.257095306,/mocap/xwing/pose.transform.rotation.y,-0.10206622962137346
7.480118025,1760031888.257118025,/mocap/xwing/pose.transform.rotation.y,-0.10663354411874974
7.48014769,1760031888.257147690,/mocap/xwing/pose.transform.rotation.y,-0.1105635090670477
7.480168761,1760031888.257168761,/mocap/xwing/pose.transform.rotation.y,-0.11456593442324178
7.480181894,1760031888.257181894,/mocap/xwing/pose.transform.rotation.y,-0.11853721097528958
7.480280508,1760031888.257280508,/mocap/xwing/pose.transform.rotation.y,-0.12239239383301638
7.480327699,1760031888.257327699,/mocap/xwing/pose.transform.rotation.y,-0.12632156303337827
7.48238806,1760031888.259388060,/mocap/xwing/pose.transform.rotation.y,-0.12970748210560412
7.4824669,1760031888.259466900,/mocap/xwing/pose.transform.rotation.y,-0.1329440042309103
7.497776584,1760031888.274776584,/mocap/xwing/pose.transform.rotation.y,-0.13621246267149553
7.53414868,1760031888.311148680,/mocap/xwing/pose.transform.rotation.y,-0.13936527679795535
7.534171932,1760031888.311171932,/mocap/xwing/pose.transform.rotation.y,-0.1427996244733783
7.534196134,1760031888.311196134,/mocap/xwing/pose.transform.rotation.y,-0.14552185467368123
7.534207688,1760031888.311207688,/mocap/xwing/pose.transform.rotation.y,-0.14796641339633088
7.534216028,1760031888.311216028,/mocap/xwing/pose.transform.rotation.y,-0.14963447180094508
7.534222109,1760031888.311222109,/mocap/xwing/pose.transform.rotation.y,-0.15143218393173646
7.534299925,1760031888.311299925,/mocap/xwing/pose.transform.rotation.y,-0.15274337425872664
7.5343095170000005,1760031888.311309517,/mocap/xwing/pose.transform.rotation.y,-0.15469895685709073
7.534317001,1760031888.311317001,/mocap/xwing/pose.transform.rotation.y,-0.15647970947897366
7.5343229130000005,1760031888.311322913,/mocap/xwing/pose.transform.rotation.y,-0.15795104289167608
7.534328224,1760031888.311328224,/mocap/xwing/pose.transform.rotation.y,-0.1588750416330783
7.534452389,1760031888.311452389,/mocap/xwing/pose.transform.rotation.y,-0.1593080845026264
7.534461664,1760031888.311461664,/mocap/xwing/pose.transform.rotation.y,-0.1595448172727326
7.534479029,1760031888.311479029,/mocap/xwing/pose.transform.rotation.y,-0.15992754884488272
7.542773204,1760031888.319773204,/mocap/xwing/pose.transform.rotation.y,-0.16020315577948538
7.542784418,1760031888.319784418,/mocap/xwing/pose.transform.rotation.y,-0.16051883787826543
7.549673554,1760031888.326673554,/mocap/xwing/pose.transform.rotation.y,-0.16050425795277806
7.549679138,1760031888.326679138,/mocap/xwing/pose.transform.rotation.y,-0.15981408404462236
7.5496938700000005,1760031888.326693870,/mocap/xwing/pose.transform.rotation.y,-0.15895841492915946
7.552737743,1760031888.329737743,/mocap/xwing/pose.transform.rotation.y,-0.1580788033354527
7.552747698,1760031888.329747698,/mocap/xwing/pose.transform.rotation.y,-0.15706525336556046
7.55624486,1760031888.333244860,/mocap/xwing/pose.transform.rotation.y,-0.15618598164403327
7.561595068,1760031888.338595068,/mocap/xwing/pose.transform.rotation.y,-0.15538899436419318
7.565094374,1760031888.342094374,/mocap/xwing/pose.transform.rotation.y,-0.1542682578957994
7.570049689,1760031888.347049689,/mocap/xwing/pose.transform.rotation.y,-0.15295711905069317
7.572991881,1760031888.349991881,/mocap/xwing/pose.transform.rotation.y,-0.15101764790271002
7.572998242,1760031888.349998242,/mocap/xwing/pose.transform.rotation.y,-0.14920002618000544
7.577865611,1760031888.354865611,/mocap/xwing/pose.transform.rotation.y,-0.14767276073173669
7.582544824,1760031888.359544824,/mocap/xwing/pose.transform.rotation.y,-0.1458198231941427
7.588472075,1760031888.365472075,/mocap/xwing/pose.transform.rotation.y,-0.14368341307129037
7.593984492,1760031888.370984492,/mocap/xwing/pose.transform.rotation.y,-0.14152034274861638
7.5939886229999995,1760031888.370988623,/mocap/xwing/pose.transform.rotation.y,-0.13931821386611518
7.598065201,1760031888.375065201,/mocap/xwing/pose.transform.rotation.y,-0.1370477064614149
7.598077218,1760031888.375077218,/mocap/xwing/pose.transform.rotation.y,-0.1345593111592655
7.602579678,1760031888.379579678,/mocap/xwing/pose.transform.rotation.y,-0.1323702908593184
7.606017653,1760031888.383017653,/mocap/xwing/pose.transform.rotation.y,-0.13011958669840387
7.614722853,1760031888.391722853,/mocap/xwing/pose.transform.rotation.y,-0.12799991861086127
7.614765064,1760031888.391765064,/mocap/xwing/pose.transform.rotation.y,-0.1255339203980994
7.623660751,1760031888.400660751,/mocap/xwing/pose.transform.rotation.y,-0.12309280881362948
7.6236805,1760031888.400680500,/mocap/xwing/pose.transform.rotation.y,-0.12071292830340175
7.623750629,1760031888.400750629,/mocap/xwing/pose.transform.rotation.y,-0.11842654224938916
7.631683778,1760031888.408683778,/mocap/xwing/pose.transform.rotation.y,-0.11617830223030218
7.631700448,1760031888.408700448,/mocap/xwing/pose.transform.rotation.y,-0.1135655797483336
7.636201614,1760031888.413201614,/mocap/xwing/pose.transform.rotation.y,-0.1112492125435405
7.636245937,1760031888.413245937,/mocap/xwing/pose.transform.rotation.y,-0.10852748971233268
7.639754513,1760031888.416754513,/mocap/xwing/pose.transform.rotation.y,-0.10605122455844686
7.64401015,1760031888.421010150,/mocap/xwing/pose.transform.rotation.y,-0.10381186738820884
7.653228765,1760031888.430228765,/mocap/xwing/pose.transform.rotation.y,-0.10172635537926498
7.653283951,1760031888.430283951,/mocap/xwing/pose.transform.rotation.y,-0.09987443274438328
7.6618828820000004,1760031888.438882882,/mocap/xwing/pose.transform.rotation.y,-0.09818186743148892
7.661920501,1760031888.438920501,/mocap/xwing/pose.transform.rotation.y,-0.09623861277742893
7.669791041,1760031888.446791041,/mocap/xwing/pose.transform.rotation.y,-0.09427980502901927
7.669799364,1760031888.446799364,/mocap/xwing/pose.transform.rotation.y,-0.09247621928909311
7.669830965,1760031888.446830965,/mocap/xwing/pose.transform.rotation.y,-0.09051904995651784
7.669866002,1760031888.446866002,/mocap/xwing/pose.transform.rotation.y,-0.08882138617399112
7.676810215,1760031888.453810215,/mocap/xwing/pose.transform.rotation.y,-0.0870246335248663
7.676860665,1760031888.453860665,/mocap/xwing/pose.transform.rotation.y,-0.08561806004010152
7.682874122,1760031888.459874122,/mocap/xwing/pose.transform.rotation.y,-0.08417176914935555
7.682906384,1760031888.459906384,/mocap/xwing/pose.transform.rotation.y,-0.08325859049790248
7.70538841,1760031888.482388410,/mocap/xwing/pose.transform.rotation.y,-0.08207822065362722
7.705404243,1760031888.482404243,/mocap/xwing/pose.transform.rotation.y,-0.08128777887655803
7.705417333,1760031888.482417333,/mocap/xwing/pose.transform.rotation.y,-0.08071174880043165
7.746791128,1760031888.523791128,/mocap/xwing/pose.transform.rotation.y,-0.07989421940179474
7.746795667,1760031888.523795667,/mocap/xwing/pose.transform.rotation.y,-0.07898777714572028
7.746803383,1760031888.523803383,/mocap/xwing/pose.transform.rotation.y,-0.07852370637161414
7.746808885,1760031888.523808885,/mocap/xwing/pose.transform.rotation.y,-0.0776691522325045
7.746813129,1760031888.523813129,/mocap/xwing/pose.transform.rotation.y,-0.07737752111710357
7.74681755,1760031888.523817550,/mocap/xwing/pose.transform.rotation.y,-0.07712466413548394
7.746840229,1760031888.523840229,/mocap/xwing/pose.transform.rotation.y,-0.07730942965771809
7.74684432,1760031888.523844320,/mocap/xwing/pose.transform.rotation.y,-0.07722568195199357
7.746847848,1760031888.523847848,/mocap/xwing/pose.transform.rotation.y,-0.07730948396950071
7.746851556,1760031888.523851556,/mocap/xwing/pose.transform.rotation.y,-0.0773922590095538
7.746858757,1760031888.523858757,/mocap/xwing/pose.transform.rotation.y,-0.07750920070552224
7.746863041,1760031888.523863041,/mocap/xwing/pose.transform.rotation.y,-0.07806542930976894
7.746868606,1760031888.523868606,/mocap/xwing/pose.transform.rotation.y,-0.07897057281378714
7.746883406,1760031888.523883406,/mocap/xwing/pose.transform.rotation.y,-0.07981156885968028
7.746908748,1760031888.523908748,/mocap/xwing/pose.transform.rotation.y,-0.08050804125875863
7.752129487,1760031888.529129487,/mocap/xwing/pose.transform.rotation.y,-0.08127606120759485
7.7521669,1760031888.529166900,/mocap/xwing/pose.transform.rotation.y,-0.0822762235775033
7.75218134,1760031888.529181340,/mocap/xwing/pose.transform.rotation.y,-0.08299157007429105
7.755350009,1760031888.532350009,/mocap/xwing/pose.transform.rotation.y,-0.08427296920382764
7.7602084950000005,1760031888.537208495,/mocap/xwing/pose.transform.rotation.y,-0.08571233001974159
7.765266841,1760031888.542266841,/mocap/xwing/pose.transform.rotation.y,-0.08728180893072711
7.765271227,1760031888.542271227,/mocap/xwing/pose.transform.rotation.y,-0.08911653302879896
7.772672763,1760031888.549672763,/mocap/xwing/pose.transform.rotation.y,-0.09068146802965557
7.772678388,1760031888.549678388,/mocap/xwing/pose.transform.rotation.y,-0.09513222879093257
7.780873223,1760031888.557873223,/mocap/xwing/pose.transform.rotation.y,-0.09675228737520662
7.780877274,1760031888.557877274,/mocap/xwing/pose.transform.rotation.y,-0.0989029702452712
7.787090126,1760031888.564090126,/mocap/xwing/pose.transform.rotation.y,-0.10099567984415168
7.787094529,1760031888.564094529,/mocap/xwing/pose.transform.rotation.y,-0.10318109871143098
7.787108407,1760031888.564108407,/mocap/xwing/pose.transform.rotation.y,-0.10521402282757193
7.79225553,1760031888.569255530,/mocap/xwing/pose.transform.rotation.y,-0.10734548551559134
7.798180985,1760031888.575180985,/mocap/xwing/pose.transform.rotation.y,-0.10940810382608955
7.801806676,1760031888.578806676,/mocap/xwing/pose.transform.rotation.y,-0.11177752393642632
7.80181872,1760031888.578818720,/mocap/xwing/pose.transform.rotation.y,-0.11431659751253462
7.804268229,1760031888.581268229,/mocap/xwing/pose.transform.rotation.y,-0.11689574830027233
7.81052125,1760031888.587521250,/mocap/xwing/pose.transform.rotation.y,-0.11948177672040876
7.815608911,1760031888.592608911,/mocap/xwing/pose.transform.rotation.y,-0.12189266769489782
7.81562332,1760031888.592623320,/mocap/xwing/pose.transform.rotation.y,-0.12415364849920482
7.819927372,1760031888.596927372,/mocap/xwing/pose.transform.rotation.y,-0.12610409561220617
7.826640067,1760031888.603640067,/mocap/xwing/pose.transform.rotation.y,-0.1280622446305793
7.826666024,1760031888.603666024,/mocap/xwing/pose.transform.rotation.y,-0.13029798865783335
7.833011201,1760031888.610011201,/mocap/xwing/pose.transform.rotation.y,-0.13043385052637146
7.8408906720000004,1760031888.617890672,/mocap/xwing/pose.transform.rotation.y,-0.132836396456831
7.840901739,1760031888.617901739,/mocap/xwing/pose.transform.rotation.y,-0.13461074768616996
7.840958822,1760031888.617958822,/mocap/xwing/pose.transform.rotation.y,-0.1368923450321108
7.844561195,1760031888.621561195,/mocap/xwing/pose.transform.rotation.y,-0.13916137774857626
7.84459116,1760031888.621591160,/mocap/xwing/pose.transform.rotation.y,-0.1412954085454734
7.850683509,1760031888.627683509,/mocap/xwing/pose.transform.rotation.y,-0.14358680476346605
7.850730174,1760031888.627730174,/mocap/xwing/pose.transform.rotation.y,-0.14595992438499603
7.862257966,1760031888.639257966,/mocap/xwing/pose.transform.rotation.y,-0.14753643251673176
7.862334465,1760031888.639334465,/mocap/xwing/pose.transform.rotation.y,-0.1494005878578648
7.86974581,1760031888.646745810,/mocap/xwing/pose.transform.rotation.y,-0.15092798596913315
7.869788962,1760031888.646788962,/mocap/xwing/pose.transform.rotation.y,-0.1522954768246641
7.87402925,1760031888.651029250,/mocap/xwing/pose.transform.rotation.y,-0.15359868292249645
7.874035098,1760031888.651035098,/mocap/xwing/pose.transform.rotation.y,-0.15506372416181363
7.874050535,1760031888.651050535,/mocap/xwing/pose.transform.rotation.y,-0.15617327748245094
7.878154291,1760031888.655154291,/mocap/xwing/pose.transform.rotation.y,-0.1582378417996424
7.907260191,1760031888.684260191,/mocap/xwing/pose.transform.rotation.y,-0.1601358149515052
7.907323505,1760031888.684323505,/mocap/xwing/pose.transform.rotation.y,-0.16174161700716908
7.920900027,1760031888.697900027,/mocap/xwing/pose.transform.rotation.y,-0.16346764783481466
7.920940006,1760031888.697940006,/mocap/xwing/pose.transform.rotation.y,-0.16518462206330248
7.920955102,1760031888.697955102,/mocap/xwing/pose.transform.rotation.y,-0.1661804254320635
7.920974247,1760031888.697974247,/mocap/xwing/pose.transform.rotation.y,-0.1673309449484107
7.920988306,1760031888.697988306,/mocap/xwing/pose.transform.rotation.y,-0.16813657795939704
7.921002084,1760031888.698002084,/mocap/xwing/pose.transform.rotation.y,-0.1685590002835879
7.921016479,1760031888.698016479,/mocap/xwing/pose.transform.rotation.y,-0.1694042088625741
7.9210250680000005,1760031888.698025068,/mocap/xwing/pose.transform.rotation.y,-0.17050824692953873
7.9210436820000005,1760031888.698043682,/mocap/xwing/pose.transform.rotation.y,-0.17133489534936208
7.921058569,1760031888.698058569,/mocap/xwing/pose.transform.rotation.y,-0.17222552505386682
7.92642603,1760031888.703426030,/mocap/xwing/pose.transform.rotation.y,-0.173120206524416
7.937405676,1760031888.714405676,/mocap/xwing/pose.transform.rotation.y,-0.17380651636386135
7.937421785,1760031888.714421785,/mocap/xwing/pose.transform.rotation.y,-0.174334382155799
7.937545936,1760031888.714545936,/mocap/xwing/pose.transform.rotation.y,-0.17491392308253242
7.937658982,1760031888.714658982,/mocap/xwing/pose.transform.rotation.y,-0.17531739930922327
7.943683127,1760031888.720683127,/mocap/xwing/pose.transform.rotation.y,-0.17522526935100946
7.94373287,1760031888.720732870,/mocap/xwing/pose.transform.rotation.y,-0.17529742312873514
7.962348615,1760031888.739348615,/mocap/xwing/pose.transform.rotation.y,-0.17509525156582015
7.962360435,1760031888.739360435,/mocap/xwing/pose.transform.rotation.y,-0.17522106338495924
7.962403115,1760031888.739403115,/mocap/xwing/pose.transform.rotation.y,-0.17529978070603242
7.962426488,1760031888.739426488,/mocap/xwing/pose.transform.rotation.y,-0.1750884913185508
7.962552801,1760031888.739552801,/mocap/xwing/pose.transform.rotation.y,-0.1753228010706312
7.982587884,1760031888.759587884,/mocap/xwing/pose.transform.rotation.y,-0.17526101980692452
7.982608117,1760031888.759608117,/mocap/xwing/pose.transform.rotation.y,-0.17508891491416906
7.982657295,1760031888.759657295,/mocap/xwing/pose.transform.rotation.y,-0.17493348272925224
7.989453374,1760031888.766453374,/mocap/xwing/pose.transform.rotation.y,-0.17479345145749095
7.989462496,1760031888.766462496,/mocap/xwing/pose.transform.rotation.y,-0.17433727925979134
7.989489249,1760031888.766489249,/mocap/xwing/pose.transform.rotation.y,-0.1736305058614185
7.98950187,1760031888.766501870,/mocap/xwing/pose.transform.rotation.y,-0.17277693942951425
7.9895794460000005,1760031888.766579446,/mocap/xwing/pose.transform.rotation.y,-0.17199366775024483
7.994262268,1760031888.771262268,/mocap/xwing/pose.transform.rotation.y,-0.17110763018546482
7.9942732020000005,1760031888.771273202,/mocap/xwing/pose.transform.rotation.y,-0.17039854081176536
7.994328459,1760031888.771328459,/mocap/xwing/pose.transform.rotation.y,-0.16972378298357
7.997872021,1760031888.774872021,/mocap/xwing/pose.transform.rotation.y,-0.1690466286334979
8.001732512,1760031888.778732512,/mocap/xwing/pose.transform.rotation.y,-0.16867827234075602
8.006888244,1760031888.783888244,/mocap/xwing/pose.transform.rotation.y,-0.16817104207674616
8.013507754,1760031888.790507754,/mocap/xwing/pose.transform.rotation.y,-0.16750679307877636
8.018719223,1760031888.795719223,/mocap/xwing/pose.transform.rotation.y,-0.16640228379703806
8.018742167,1760031888.795742167,/mocap/xwing/pose.transform.rotation.y,-0.16529072084409074
8.018754149,1760031888.795754149,/mocap/xwing/pose.transform.rotation.y,-0.16395987422386504
8.024484805,1760031888.801484805,/mocap/xwing/pose.transform.rotation.y,-0.16252881804245972
8.024498801,1760031888.801498801,/mocap/xwing/pose.transform.rotation.y,-0.16173483780219286
8.073732007,1760031888.850732007,/mocap/xwing/pose.transform.rotation.y,-0.16058057858008204
8.073742525,1760031888.850742525,/mocap/xwing/pose.transform.rotation.y,-0.1594862006256475
8.073773282,1760031888.850773282,/mocap/xwing/pose.transform.rotation.y,-0.15844656328825618
8.073789815,1760031888.850789815,/mocap/xwing/pose.transform.rotation.y,-0.15723441823610407
8.073804194,1760031888.850804194,/mocap/xwing/pose.transform.rotation.y,-0.15615372938665037
8.073824342,1760031888.850824342,/mocap/xwing/pose.transform.rotation.y,-0.15564590670420964
8.073837559,1760031888.850837559,/mocap/xwing/pose.transform.rotation.y,-0.1544739358390833
8.073855326,1760031888.850855326,/mocap/xwing/pose.transform.rotation.y,-0.15331517965151992
8.073871158,1760031888.850871158,/mocap/xwing/pose.transform.rotation.y,-0.1524844825801883
8.073884971,1760031888.850884971,/mocap/xwing/pose.transform.rotation.y,-0.15114346797378445
8.073900778,1760031888.850900778,/mocap/xwing/pose.transform.rotation.y,-0.14972111941245564
8.073913891,1760031888.850913891,/mocap/xwing/pose.transform.rotation.y,-0.14831343021359558
8.073928715,1760031888.850928715,/mocap/xwing/pose.transform.rotation.y,-0.14734341161100428
8.07394021,1760031888.850940210,/mocap/xwing/pose.transform.rotation.y,-0.14650794901320993
8.081332214,1760031888.858332214,/mocap/xwing/pose.transform.rotation.y,-0.14569993731531647
8.081334742,1760031888.858334742,/mocap/xwing/pose.transform.rotation.y,-0.14496622767510925
8.081344511,1760031888.858344511,/mocap/xwing/pose.transform.rotation.y,-0.14407550061228389
8.087257122,1760031888.864257122,/mocap/xwing/pose.transform.rotation.y,-0.14331938751601264
8.095354779000001,1760031888.872354779,/mocap/xwing/pose.transform.rotation.y,-0.1425915193374565
8.095358854,1760031888.872358854,/mocap/xwing/pose.transform.rotation.y,-0.1420338017035243
8.099277678,1760031888.876277678,/mocap/xwing/pose.transform.rotation.y,-0.14129636087855713
8.099280698,1760031888.876280698,/mocap/xwing/pose.transform.rotation.y,-0.14053419832491476
8.105831674,1760031888.882831674,/mocap/xwing/pose.transform.rotation.y,-0.13930497659641067
8.105844762,1760031888.882844762,/mocap/xwing/pose.transform.rotation.y,-0.13863533086878754
8.110906416,1760031888.887906416,/mocap/xwing/pose.transform.rotation.y,-0.13790914219280803
8.110910606,1760031888.887910606,/mocap/xwing/pose.transform.rotation.y,-0.1372594714302223
8.113696875,1760031888.890696875,/mocap/xwing/pose.transform.rotation.y,-0.13579383255498198
8.118451546,1760031888.895451546,/mocap/xwing/pose.transform.rotation.y,-0.13570914975465384
8.122590285,1760031888.899590285,/mocap/xwing/pose.transform.rotation.y,-0.1354490001320346
8.126848439,1760031888.903848439,/mocap/xwing/pose.transform.rotation.y,-0.1353536049615787
8.132532535,1760031888.909532535,/mocap/xwing/pose.transform.rotation.y,-0.13467744526680173
8.132546883,1760031888.909546883,/mocap/xwing/pose.transform.rotation.y,-0.1339810909905941
8.135723436,1760031888.912723436,/mocap/xwing/pose.transform.rotation.y,-0.1335562900065125
8.139819149,1760031888.916819149,/mocap/xwing/pose.transform.rotation.y,-0.13302743279793797
8.145448059,1760031888.922448059,/mocap/xwing/pose.transform.rotation.y,-0.13255046392838632
8.145461004,1760031888.922461004,/mocap/xwing/pose.transform.rotation.y,-0.13248212718828573
8.152368578,1760031888.929368578,/mocap/xwing/pose.transform.rotation.y,-0.13206334581244486
8.152371896,1760031888.929371896,/mocap/xwing/pose.transform.rotation.y,-0.1320632541885039
8.161223771,1760031888.938223771,/mocap/xwing/pose.transform.rotation.y,-0.13231313255843793
8.16122862,1760031888.938228620,/mocap/xwing/pose.transform.rotation.y,-0.13265766821597946
8.16123266,1760031888.938232660,/mocap/xwing/pose.transform.rotation.y,-0.13305201742189507
8.170220833,1760031888.947220833,/mocap/xwing/pose.transform.rotation.y,-0.1332376010182797
8.170294285,1760031888.947294285,/mocap/xwing/pose.transform.rotation.y,-0.13371319596533093
8.190794499,1760031888.967794499,/mocap/xwing/pose.transform.rotation.y,-0.13368923318205148
8.190808357,1760031888.967808357,/mocap/xwing/pose.transform.rotation.y,-0.13398971991906067
8.220000022,1760031888.997000022,/mocap/xwing/pose.transform.rotation.y,-0.13385062974256248
8.220021531,1760031888.997021531,/mocap/xwing/pose.transform.rotation.y,-0.13410833649959727
8.220069138,1760031888.997069138,/mocap/xwing/pose.transform.rotation.y,-0.13426678329699768
8.220094637,1760031888.997094637,/mocap/xwing/pose.transform.rotation.y,-0.13477155505961194
8.220126861,1760031888.997126861,/mocap/xwing/pose.transform.rotation.y,-0.13562156417444723
8.220249531,1760031888.997249531,/mocap/xwing/pose.transform.rotation.y,-0.13592893683430987
8.245589135,1760031889.022589135,/mocap/xwing/pose.transform.rotation.y,-0.13697247662549078
8.245604767,1760031889.022604767,/mocap/xwing/pose.transform.rotation.y,-0.1376848187963765
8.245624368,1760031889.022624368,/mocap/xwing/pose.transform.rotation.y,-0.13849686108525128
8.245696898,1760031889.022696898,/mocap/xwing/pose.transform.rotation.y,-0.13873128979974073
8.245711861,1760031889.022711861,/mocap/xwing/pose.transform.rotation.y,-0.139694593223958
8.245735102,1760031889.022735102,/mocap/xwing/pose.transform.rotation.y,-0.14047311285508132
8.245751947,1760031889.022751947,/mocap/xwing/pose.transform.rotation.y,-0.14079347046453392
8.245765568,1760031889.022765568,/mocap/xwing/pose.transform.rotation.y,-0.14130308993238488
8.245871328,1760031889.022871328,/mocap/xwing/pose.transform.rotation.y,-0.14167959633683316
8.245892923,1760031889.022892923,/mocap/xwing/pose.transform.rotation.y,-0.14241179233239873
8.245907776,1760031889.022907776,/mocap/xwing/pose.transform.rotation.y,-0.14289899081177349
8.245924085,1760031889.022924085,/mocap/xwing/pose.transform.rotation.y,-0.1438357358711103
8.245945702,1760031889.022945702,/mocap/xwing/pose.transform.rotation.y,-0.14479181056758852
8.245966896,1760031889.022966896,/mocap/xwing/pose.transform.rotation.y,-0.14574386385750654
8.27328062,1760031889.050280620,/mocap/xwing/pose.transform.rotation.y,-0.14646107843392192
8.273288788,1760031889.050288788,/mocap/xwing/pose.transform.rotation.y,-0.14740323778371447
8.273294709,1760031889.050294709,/mocap/xwing/pose.transform.rotation.y,-0.14766342420917722
8.273299208,1760031889.050299208,/mocap/xwing/pose.transform.rotation.y,-0.14838275362617104
8.273303833,1760031889.050303833,/mocap/xwing/pose.transform.rotation.y,-0.14854670939941925
8.273307861,1760031889.050307861,/mocap/xwing/pose.transform.rotation.y,-0.14917358371912698
8.273312907,1760031889.050312907,/mocap/xwing/pose.transform.rotation.y,-0.14934008517160022
8.273320516,1760031889.050320516,/mocap/xwing/pose.transform.rotation.y,-0.15030271599510736
8.273329905,1760031889.050329905,/mocap/xwing/pose.transform.rotation.y,-0.15061723928852605
8.287359777,1760031889.064359777,/mocap/xwing/pose.transform.rotation.y,-0.15161368729810085
8.287364154,1760031889.064364154,/mocap/xwing/pose.transform.rotation.y,-0.15222512931371307
8.287367377,1760031889.064367377,/mocap/xwing/pose.transform.rotation.y,-0.15275119781058555
8.291344428,1760031889.068344428,/mocap/xwing/pose.transform.rotation.y,-0.15358780296468746
8.291348039,1760031889.068348039,/mocap/xwing/pose.transform.rotation.y,-0.15362229914457734
8.291356517,1760031889.068356517,/mocap/xwing/pose.transform.rotation.y,-0.15440068793366754
8.294132911,1760031889.071132911,/mocap/xwing/pose.transform.rotation.y,-0.15457572431984423
8.298173312,1760031889.075173312,/mocap/xwing/pose.transform.rotation.y,-0.15465119408360367
8.311385708,1760031889.088385708,/mocap/xwing/pose.transform.rotation.y,-0.15443044571618414
8.316368251,1760031889.093368251,/mocap/xwing/pose.transform.rotation.y,-0.15465122144235138
8.316372905,1760031889.093372905,/mocap/xwing/pose.transform.rotation.y,-0.1549334381388697
8.316382446,1760031889.093382446,/mocap/xwing/pose.transform.rotation.y,-0.1552499330338595
8.31638588,1760031889.093385880,/mocap/xwing/pose.transform.rotation.y,-0.15594259704928776
8.320107894,1760031889.097107894,/mocap/xwing/pose.transform.rotation.y,-0.15599131540945152
8.320120553,1760031889.097120553,/mocap/xwing/pose.transform.rotation.y,-0.15676451729862714
8.328714694,1760031889.105714694,/mocap/xwing/pose.transform.rotation.y,-0.15687780103618837
8.328724785,1760031889.105724785,/mocap/xwing/pose.transform.rotation.y,-0.15679676529891529
8.338194246,1760031889.115194246,/mocap/xwing/pose.transform.rotation.y,-0.15639977317148437
8.338198606,1760031889.115198606,/mocap/xwing/pose.transform.rotation.y,-0.1562697271259116
8.338204013,1760031889.115204013,/mocap/xwing/pose.transform.rotation.y,-0.15609418902837402
8.34458869,1760031889.121588690,/mocap/xwing/pose.transform.rotation.y,-0.15580226254461252
8.349767657,1760031889.126767657,/mocap/xwing/pose.transform.rotation.y,-0.1557516875503291
8.349779893000001,1760031889.126779893,/mocap/xwing/pose.transform.rotation.y,-0.15583904669544324
8.355081506,1760031889.132081506,/mocap/xwing/pose.transform.rotation.y,-0.15550585569620062
8.35509078,1760031889.132090780,/mocap/xwing/pose.transform.rotation.y,-0.15590886304704982
8.361222735,1760031889.138222735,/mocap/xwing/pose.transform.rotation.y,-0.15590636680649264
8.361233603,1760031889.138233603,/mocap/xwing/pose.transform.rotation.y,-0.1561326297495881
8.367528618,1760031889.144528618,/mocap/xwing/pose.transform.rotation.y,-0.155805729462651
8.367534897,1760031889.144534897,/mocap/xwing/pose.transform.rotation.y,-0.15559819738355987
8.371912785,1760031889.148912785,/mocap/xwing/pose.transform.rotation.y,-0.1552737572642345
8.375260675,1760031889.152260675,/mocap/xwing/pose.transform.rotation.y,-0.15481206409056064
8.380044035,1760031889.157044035,/mocap/xwing/pose.transform.rotation.y,-0.15441795977831624
8.383556687,1760031889.160556687,/mocap/xwing/pose.transform.rotation.y,-0.15452620078034005
8.402124574,1760031889.179124574,/mocap/xwing/pose.transform.rotation.y,-0.1540468083405777
8.402151353,1760031889.179151353,/mocap/xwing/pose.transform.rotation.y,-0.15349420035425446
8.408958025,1760031889.185958025,/mocap/xwing/pose.transform.rotation.y,-0.1534263256190069
8.408964353,1760031889.185964353,/mocap/xwing/pose.transform.rotation.y,-0.15330987510346153
8.408969295,1760031889.185969295,/mocap/xwing/pose.transform.rotation.y,-0.1534478743033727
8.408975136,1760031889.185975136,/mocap/xwing/pose.transform.rotation.y,-0.15321131949860797
8.408980025,1760031889.185980025,/mocap/xwing/pose.transform.rotation.y,-0.1530334638805885
8.415123384,1760031889.192123384,/mocap/xwing/pose.transform.rotation.y,-0.15291718709272545
8.415128577,1760031889.192128577,/mocap/xwing/pose.transform.rotation.y,-0.15243247774719165
8.415132393,1760031889.192132393,/mocap/xwing/pose.transform.rotation.y,-0.15176955648083873
8.418516815,1760031889.195516815,/mocap/xwing/pose.transform.rotation.y,-0.15118147385474412
8.423013681,1760031889.200013681,/mocap/xwing/pose.transform.rotation.y,-0.15052952232741787
8.423019214,1760031889.200019214,/mocap/xwing/pose.transform.rotation.y,-0.15005691535361024
8.427057052,1760031889.204057052,/mocap/xwing/pose.transform.rotation.y,-0.14984610306042564
8.431852461,1760031889.208852461,/mocap/xwing/pose.transform.rotation.y,-0.14995895579322022
8.435665921,1760031889.212665921,/mocap/xwing/pose.transform.rotation.y,-0.14964328181409212
8.441278136,1760031889.218278136,/mocap/xwing/pose.transform.rotation.y,-0.14975098641506643
8.44467753,1760031889.221677530,/mocap/xwing/pose.transform.rotation.y,-0.14962802072232143
8.447419854,1760031889.224419854,/mocap/xwing/pose.transform.rotation.y,-0.14882525388841403
8.451564016,1760031889.228564016,/mocap/xwing/pose.transform.rotation.y,-0.14836011197830387
8.451568471,1760031889.228568471,/mocap/xwing/pose.transform.rotation.y,-0.1479217334357371
8.455383181,1760031889.232383181,/mocap/xwing/pose.transform.rotation.y,-0.14721459616810806
8.460908178,1760031889.237908178,/mocap/xwing/pose.transform.rotation.y,-0.14677457774639283
8.460911473,1760031889.237911473,/mocap/xwing/pose.transform.rotation.y,-0.14614477761128364
8.464846277,1760031889.241846277,/mocap/xwing/pose.transform.rotation.y,-0.14591258962524675
8.469209847,1760031889.246209847,/mocap/xwing/pose.transform.rotation.y,-0.14566440759010257
8.472559374,1760031889.249559374,/mocap/xwing/pose.transform.rotation.y,-0.14556464942461247
8.477242037,1760031889.254242037,/mocap/xwing/pose.transform.rotation.y,-0.14540258448062163
8.477257657000001,1760031889.254257657,/mocap/xwing/pose.transform.rotation.y,-0.14500471496413808
8.483742248,1760031889.260742248,/mocap/xwing/pose.transform.rotation.y,-0.1448485645108498
8.488891108,1760031889.265891108,/mocap/xwing/pose.transform.rotation.y,-0.14468160149677317
8.488942414,1760031889.265942414,/mocap/xwing/pose.transform.rotation.y,-0.14432056786840855
8.496125424,1760031889.273125424,/mocap/xwing/pose.transform.rotation.y,-0.1437035761156202
8.496140453,1760031889.273140453,/mocap/xwing/pose.transform.rotation.y,-0.14343016325906788
8.506199126,1760031889.283199126,/mocap/xwing/pose.transform.rotation.y,-0.14275079753498685
8.506257262,1760031889.283257262,/mocap/xwing/pose.transform.rotation.y,-0.14264142280656436
8.506429461,1760031889.283429461,/mocap/xwing/pose.transform.rotation.y,-0.14260518950817458
8.51374521,1760031889.290745210,/mocap/xwing/pose.transform.rotation.y,-0.14240906967535355
8.513797107,1760031889.290797107,/mocap/xwing/pose.transform.rotation.y,-0.1422640481105053
8.524175776,1760031889.301175776,/mocap/xwing/pose.transform.rotation.y,-0.14223545218882647
8.524241029,1760031889.301241029,/mocap/xwing/pose.transform.rotation.y,-0.1423658578331353
8.539832351,1760031889.316832351,/mocap/xwing/pose.transform.rotation.y,-0.1415183618712469
8.539843922,1760031889.316843922,/mocap/xwing/pose.transform.rotation.y,-0.1414595326987805
8.539851072,1760031889.316851072,/mocap/xwing/pose.transform.rotation.y,-0.14086543362182397
8.539872382,1760031889.316872382,/mocap/xwing/pose.transform.rotation.y,-0.14056107779033206
8.539885641,1760031889.316885641,/mocap/xwing/pose.transform.rotation.y,-0.14029405482903895
8.539915453,1760031889.316915453,/mocap/xwing/pose.transform.rotation.y,-0.14018797427444377
8.543320851,1760031889.320320851,/mocap/xwing/pose.transform.rotation.y,-0.13951135270400233
8.549000393,1760031889.326000393,/mocap/xwing/pose.transform.rotation.y,-0.13948782643549754
8.55382334,1760031889.330823340,/mocap/xwing/pose.transform.rotation.y,-0.1392869934200145
8.553841822,1760031889.330841822,/mocap/xwing/pose.transform.rotation.y,-0.13880392966513938
8.553870391,1760031889.330870391,/mocap/xwing/pose.transform.rotation.y,-0.13855198310576367
8.559376064,1760031889.336376064,/mocap/xwing/pose.transform.rotation.y,-0.1383426632634854
8.56465226,1760031889.341652260,/mocap/xwing/pose.transform.rotation.y,-0.13821111708944375
8.564709485,1760031889.341709485,/mocap/xwing/pose.transform.rotation.y,-0.13789050079310816
8.571589323,1760031889.348589323,/mocap/xwing/pose.transform.rotation.y,-0.13736319819799925
8.575548011,1760031889.352548011,/mocap/xwing/pose.transform.rotation.y,-0.1369279791388466
8.575603966,1760031889.352603966,/mocap/xwing/pose.transform.rotation.y,-0.1363475653573334
8.582111555000001,1760031889.359111555,/mocap/xwing/pose.transform.rotation.y,-0.1358685465199663
8.587629348,1760031889.364629348,/mocap/xwing/pose.transform.rotation.y,-0.1353573943820179
8.587640309,1760031889.364640309,/mocap/xwing/pose.transform.rotation.y,-0.135120052364077
8.587703441,1760031889.364703441,/mocap/xwing/pose.transform.rotation.y,-0.1348861479130983
8.592187758,1760031889.369187758,/mocap/xwing/pose.transform.rotation.y,-0.134501961850166
8.596703136,1760031889.373703136,/mocap/xwing/pose.transform.rotation.y,-0.13430899778520752
8.609273071,1760031889.386273071,/mocap/xwing/pose.transform.rotation.y,-0.13408147893525818
8.60928397,1760031889.386283970,/mocap/xwing/pose.transform.rotation.y,-0.13396797565059082
8.61362323,1760031889.390623230,/mocap/xwing/pose.transform.rotation.y,-0.1335952887345226
8.613635182,1760031889.390635182,/mocap/xwing/pose.transform.rotation.y,-0.1331653313251787
8.613728689,1760031889.390728689,/mocap/xwing/pose.transform.rotation.y,-0.13242204938406824
8.617628663,1760031889.394628663,/mocap/xwing/pose.transform.rotation.y,-0.13176642773936617
8.617664929,1760031889.394664929,/mocap/xwing/pose.transform.rotation.y,-0.131138775239359
8.622593306,1760031889.399593306,/mocap/xwing/pose.transform.rotation.y,-0.13063866967150564
8.626277743,1760031889.403277743,/mocap/xwing/pose.transform.rotation.y,-0.13035125103225906
8.626297469,1760031889.403297469,/mocap/xwing/pose.transform.rotation.y,-0.130242827374763
8.630148659,1760031889.407148659,/mocap/xwing/pose.transform.rotation.y,-0.1300215920727442
8.636625228,1760031889.413625228,/mocap/xwing/pose.transform.rotation.y,-0.12988351317273156
8.640675298,1760031889.417675298,/mocap/xwing/pose.transform.rotation.y,-0.12928649834101083
8.640694465,1760031889.417694465,/mocap/xwing/pose.transform.rotation.y,-0.1288239683343004
8.647190276,1760031889.424190276,/mocap/xwing/pose.transform.rotation.y,-0.1282049600603837
8.652561491,1760031889.429561491,/mocap/xwing/pose.transform.rotation.y,-0.12759084754370037
8.652628703,1760031889.429628703,/mocap/xwing/pose.transform.rotation.y,-0.12694239776767888
8.658395738,1760031889.435395738,/mocap/xwing/pose.transform.rotation.y,-0.1263294528639701
8.66513701,1760031889.442137010,/mocap/xwing/pose.transform.rotation.y,-0.12566472783319632
8.665152382,1760031889.442152382,/mocap/xwing/pose.transform.rotation.y,-0.12508799916035743
8.672167765,1760031889.449167765,/mocap/xwing/pose.transform.rotation.y,-0.12489976631517129
8.672206681,1760031889.449206681,/mocap/xwing/pose.transform.rotation.y,-0.12430103662666195
8.672221977,1760031889.449221977,/mocap/xwing/pose.transform.rotation.y,-0.12395844231978936
8.679003408,1760031889.456003408,/mocap/xwing/pose.transform.rotation.y,-0.12346912359642594
8.68315912,1760031889.460159120,/mocap/xwing/pose.transform.rotation.y,-0.12285074439013854
8.683218631999999,1760031889.460218632,/mocap/xwing/pose.transform.rotation.y,-0.12218767173771783
8.701819311,1760031889.478819311,/mocap/xwing/pose.transform.rotation.y,-0.12145885236473852
8.701834974,1760031889.478834974,/mocap/xwing/pose.transform.rotation.y,-0.12066750350619497
8.701847552,1760031889.478847552,/mocap/xwing/pose.transform.rotation.y,-0.11964299962944712
8.701931583,1760031889.478931583,/mocap/xwing/pose.transform.rotation.y,-0.11930351950707993
8.701995727,1760031889.478995727,/mocap/xwing/pose.transform.rotation.y,-0.11849584976278774
8.705562152,1760031889.482562152,/mocap/xwing/pose.transform.rotation.y,-0.11840931597802089
8.705575075,1760031889.482575075,/mocap/xwing/pose.transform.rotation.y,-0.11768577600319313
8.710094619,1760031889.487094619,/mocap/xwing/pose.transform.rotation.y,-0.11696965061187417
8.715984693,1760031889.492984693,/mocap/xwing/pose.transform.rotation.y,-0.11611174576320939
8.716011088,1760031889.493011088,/mocap/xwing/pose.transform.rotation.y,-0.11559147355552346
8.721270281,1760031889.498270281,/mocap/xwing/pose.transform.rotation.y,-0.1147409282557777
8.721294676,1760031889.498294676,/mocap/xwing/pose.transform.rotation.y,-0.11381616651470612
8.727226418,1760031889.504226418,/mocap/xwing/pose.transform.rotation.y,-0.11276672084740753
8.731169918,1760031889.508169918,/mocap/xwing/pose.transform.rotation.y,-0.1116684479931574
8.731186347,1760031889.508186347,/mocap/xwing/pose.transform.rotation.y,-0.11069847287231031
8.744165736,1760031889.521165736,/mocap/xwing/pose.transform.rotation.y,-0.10969647644227105
8.744195996,1760031889.521195996,/mocap/xwing/pose.transform.rotation.y,-0.10888355834777444
8.744211376,1760031889.521211376,/mocap/xwing/pose.transform.rotation.y,-0.10779481259855377
8.75062401,1760031889.527624010,/mocap/xwing/pose.transform.rotation.y,-0.10668915410958782
8.750641318,1760031889.527641318,/mocap/xwing/pose.transform.rotation.y,-0.10682145467449121
8.750672908,1760031889.527672908,/mocap/xwing/pose.transform.rotation.y,-0.10605964429688278
8.766978644,1760031889.543978644,/mocap/xwing/pose.transform.rotation.y,-0.10511317519910557
8.766992887,1760031889.543992887,/mocap/xwing/pose.transform.rotation.y,-0.10429000495279693
8.767006387,1760031889.544006387,/mocap/xwing/pose.transform.rotation.y,-0.10341780668043221
8.767019826,1760031889.544019826,/mocap/xwing/pose.transform.rotation.y,-0.10256943390661566
8.771908134,1760031889.548908134,/mocap/xwing/pose.transform.rotation.y,-0.10176595051654568
8.771978924,1760031889.548978924,/mocap/xwing/pose.transform.rotation.y,-0.10080669514455458
8.779680501,1760031889.556680501,/mocap/xwing/pose.transform.rotation.y,-0.09985564380458854
8.838312125,1760031889.615312125,/mocap/xwing/pose.transform.rotation.y,-0.09931855463996503
8.838325579,1760031889.615325579,/mocap/xwing/pose.transform.rotation.y,-0.09877851056324362
8.838343754,1760031889.615343754,/mocap/xwing/pose.transform.rotation.y,-0.09825071237340517
8.838363170000001,1760031889.615363170,/mocap/xwing/pose.transform.rotation.y,-0.097794212295648
8.838377496,1760031889.615377496,/mocap/xwing/pose.transform.rotation.y,-0.0970773118646246
8.838392303,1760031889.615392303,/mocap/xwing/pose.transform.rotation.y,-0.09660629609268581
8.838413832,1760031889.615413832,/mocap/xwing/pose.transform.rotation.y,-0.09592205458601688
8.838438607,1760031889.615438607,/mocap/xwing/pose.transform.rotation.y,-0.09331378246900658
8.838475899,1760031889.615475899,/mocap/xwing/pose.transform.rotation.y,-0.09220482627719988
8.838491617,1760031889.615491617,/mocap/xwing/pose.transform.rotation.y,-0.0910857310891655
8.838533428,1760031889.615533428,/mocap/xwing/pose.transform.rotation.y,-0.0896721977779606
8.838551498,1760031889.615551498,/mocap/xwing/pose.transform.rotation.y,-0.08839838729352076
8.838567616,1760031889.615567616,/mocap/xwing/pose.transform.rotation.y,-0.08694741135686192
8.838583679,1760031889.615583679,/mocap/xwing/pose.transform.rotation.y,-0.08597032898418393
8.838602261,1760031889.615602261,/mocap/xwing/pose.transform.rotation.y,-0.08520752136213643
8.838616929,1760031889.615616929,/mocap/xwing/pose.transform.rotation.y,-0.08403199403408032
8.838631836,1760031889.615631836,/mocap/xwing/pose.transform.rotation.y,-0.08297393727047611
8.863963929,1760031889.640963929,/mocap/xwing/pose.transform.rotation.y,-0.0820019560339728
8.864028574,1760031889.641028574,/mocap/xwing/pose.transform.rotation.y,-0.0807162285858167
8.864043435,1760031889.641043435,/mocap/xwing/pose.transform.rotation.y,-0.0793148091574051
8.864065041,1760031889.641065041,/mocap/xwing/pose.transform.rotation.y,-0.07804892596799046
8.864081725,1760031889.641081725,/mocap/xwing/pose.transform.rotation.y,-0.07772899723799481
8.864093942,1760031889.641093942,/mocap/xwing/pose.transform.rotation.y,-0.07626674224357988
8.864614591,1760031889.641614591,/mocap/xwing/pose.transform.rotation.y,-0.075599877787336
8.864740149,1760031889.641740149,/mocap/xwing/pose.transform.rotation.y,-0.07511808863696325
8.864757619,1760031889.641757619,/mocap/xwing/pose.transform.rotation.y,-0.07290360976670988
8.871062877,1760031889.648062877,/mocap/xwing/pose.transform.rotation.y,-0.07127454673629326
8.871158615,1760031889.648158615,/mocap/xwing/pose.transform.rotation.y,-0.07168436317939232
8.88638289,1760031889.663382890,/mocap/xwing/pose.transform.rotation.y,-0.07052273003732988
8.886403186,1760031889.663403186,/mocap/xwing/pose.transform.rotation.y,-0.06941831292016024
8.886485029,1760031889.663485029,/mocap/xwing/pose.transform.rotation.y,-0.06767609706301245
8.88650399,1760031889.663503990,/mocap/xwing/pose.transform.rotation.y,-0.06539472182964563
8.8865146,1760031889.663514600,/mocap/xwing/pose.transform.rotation.y,-0.06516785054629126
8.890483016,1760031889.667483016,/mocap/xwing/pose.transform.rotation.y,-0.06506114454037439
8.89049758,1760031889.667497580,/mocap/xwing/pose.transform.rotation.y,-0.06370955588633247
8.899499982,1760031889.676499982,/mocap/xwing/pose.transform.rotation.y,-0.06185433377681186
8.899543749,1760031889.676543749,/mocap/xwing/pose.transform.rotation.y,-0.06067449701972153
8.905118011,1760031889.682118011,/mocap/xwing/pose.transform.rotation.y,-0.05983571025495228
8.905143239000001,1760031889.682143239,/mocap/xwing/pose.transform.rotation.y,-0.06022775255103997
8.910575297,1760031889.687575297,/mocap/xwing/pose.transform.rotation.y,-0.058639706686992116
8.957075383,1760031889.734075383,/mocap/xwing/pose.transform.rotation.y,-0.057312180638302984
8.957099898,1760031889.734099898,/mocap/xwing/pose.transform.rotation.y,-0.05619488051989519
8.957115419,1760031889.734115419,/mocap/xwing/pose.transform.rotation.y,-0.05564140667122248
8.95713789,1760031889.734137890,/mocap/xwing/pose.transform.rotation.y,-0.05474375406260531
8.957174921,1760031889.734174921,/mocap/xwing/pose.transform.rotation.y,-0.054440975181429874
8.957194364,1760031889.734194364,/mocap/xwing/pose.transform.rotation.y,-0.052964229987479974
8.957209204,1760031889.734209204,/mocap/xwing/pose.transform.rotation.y,-0.051803307128649216
8.9572269,1760031889.734226900,/mocap/xwing/pose.transform.rotation.y,-0.050945457231940355
8.957248693,1760031889.734248693,/mocap/xwing/pose.transform.rotation.y,-0.05009396180422539
8.957263602,1760031889.734263602,/mocap/xwing/pose.transform.rotation.y,-0.04929757214496536
8.957277993,1760031889.734277993,/mocap/xwing/pose.transform.rotation.y,-0.048981212550485195
8.957302047,1760031889.734302047,/mocap/xwing/pose.transform.rotation.y,-0.04750759309666965
8.95731363,1760031889.734313630,/mocap/xwing/pose.transform.rotation.y,-0.046553888460953305
8.957364754,1760031889.734364754,/mocap/xwing/pose.transform.rotation.y,-0.045728287536073435
8.967912738,1760031889.744912738,/mocap/xwing/pose.transform.rotation.y,-0.04472376999875284
8.967920012,1760031889.744920012,/mocap/xwing/pose.transform.rotation.y,-0.043859811262915285
8.967934887,1760031889.744934887,/mocap/xwing/pose.transform.rotation.y,-0.043037949195382647
8.974626067,1760031889.751626067,/mocap/xwing/pose.transform.rotation.y,-0.0418137740813336
8.974630228,1760031889.751630228,/mocap/xwing/pose.transform.rotation.y,-0.04069505929579587
8.974632717,1760031889.751632717,/mocap/xwing/pose.transform.rotation.y,-0.03971802983258664
8.982023175,1760031889.759023175,/mocap/xwing/pose.transform.rotation.y,-0.03885904841615247
9.024196624,1760031889.801196624,/mocap/xwing/pose.transform.rotation.y,-0.03809369836240942
9.024213009,1760031889.801213009,/mocap/xwing/pose.transform.rotation.y,-0.03728238204405591
9.024236373,1760031889.801236373,/mocap/xwing/pose.transform.rotation.y,-0.03648004210251413
9.024254036,1760031889.801254036,/mocap/xwing/pose.transform.rotation.y,-0.03536294674893024
9.024266961,1760031889.801266961,/mocap/xwing/pose.transform.rotation.y,-0.03419819008271368
9.024293604,1760031889.801293604,/mocap/xwing/pose.transform.rotation.y,-0.033093399933150476
9.024370862,1760031889.801370862,/mocap/xwing/pose.transform.rotation.y,-0.032041499258155165
9.02438417,1760031889.801384170,/mocap/xwing/pose.transform.rotation.y,-0.031124478753977315
9.024401962,1760031889.801401962,/mocap/xwing/pose.transform.rotation.y,-0.03006525664191434
9.024426999,1760031889.801426999,/mocap/xwing/pose.transform.rotation.y,-0.027024681761140555
9.024445402,1760031889.801445402,/mocap/xwing/pose.transform.rotation.y,-0.02598982520742789
9.030712368,1760031889.807712368,/mocap/xwing/pose.transform.rotation.y,-0.024910642845110277
9.030912223,1760031889.807912223,/mocap/xwing/pose.transform.rotation.y,-0.023907542947467077
9.035244918,1760031889.812244918,/mocap/xwing/pose.transform.rotation.y,-0.022802636186426282
9.035311651,1760031889.812311651,/mocap/xwing/pose.transform.rotation.y,-0.02163455057142951
9.052030675,1760031889.829030675,/mocap/xwing/pose.transform.rotation.y,-0.02057933204793939
9.052042191,1760031889.829042191,/mocap/xwing/pose.transform.rotation.y,-0.01940342044098963
9.0520501,1760031889.829050100,/mocap/xwing/pose.transform.rotation.y,-0.018325393039128075
9.052171235,1760031889.829171235,/mocap/xwing/pose.transform.rotation.y,-0.017241451990790278
9.052208026,1760031889.829208026,/mocap/xwing/pose.transform.rotation.y,-0.016169428084882486
9.064389682,1760031889.841389682,/mocap/xwing/pose.transform.rotation.y,-0.01503533182232098
9.064408338,1760031889.841408338,/mocap/xwing/pose.transform.rotation.y,-0.01371860175080759
9.064422401,1760031889.841422401,/mocap/xwing/pose.transform.rotation.y,-0.012545756588931391
9.070227135,1760031889.847227135,/mocap/xwing/pose.transform.rotation.y,-0.011375182263924777
9.070246143,1760031889.847246143,/mocap/xwing/pose.transform.rotation.y,-0.010206882029161948
9.070263091,1760031889.847263091,/mocap/xwing/pose.transform.rotation.y,-0.009081451599124015
9.073791597,1760031889.850791597,/mocap/xwing/pose.transform.rotation.y,-0.008126479866922139
9.078822353,1760031889.855822353,/mocap/xwing/pose.transform.rotation.y,-0.006753502922797479
9.082535244,1760031889.859535244,/mocap/xwing/pose.transform.rotation.y,-0.005256856199231853
9.087783094,1760031889.864783094,/mocap/xwing/pose.transform.rotation.y,-0.003843487389595158
9.087846772,1760031889.864846772,/mocap/xwing/pose.transform.rotation.y,-0.002583986978529029
9.090954547,1760031889.867954547,/mocap/xwing/pose.transform.rotation.y,-0.001394729598920597
9.097601405,1760031889.874601405,/mocap/xwing/pose.transform.rotation.y,-0.0003410861589495155
9.097617063,1760031889.874617063,/mocap/xwing/pose.transform.rotation.y,-0.0005847543060243809
9.103382694,1760031889.880382694,/mocap/xwing/pose.transform.rotation.y,0.00034956849080983166
9.103392075,1760031889.880392075,/mocap/xwing/pose.transform.rotation.y,0.0013235661818756651
9.107183443,1760031889.884183443,/mocap/xwing/pose.transform.rotation.y,0.0022960624721424412
