elapsed time,timestamp,topic,value
0.003075257,1760031880.780075257,/mocap/xwing/pose.transform.rotation.w,0.703073312345718
0.0030987000000000002,1760031880.780098700,/mocap/xwing/pose.transform.rotation.w,0.7030244468244491
0.011679198,1760031880.788679198,/mocap/xwing/pose.transform.rotation.w,0.7028212723951156
0.011747889000000001,1760031880.788747889,/mocap/xwing/pose.transform.rotation.w,0.7025155999067659
0.018857125000000002,1760031880.795857125,/mocap/xwing/pose.transform.rotation.w,0.7024600025934222
0.018876604,1760031880.795876604,/mocap/xwing/pose.transform.rotation.w,0.7025554637201609
0.018887999000000003,1760031880.795887999,/mocap/xwing/pose.transform.rotation.w,0.7027134970277428
0.025981496000000003,1760031880.802981496,/mocap/xwing/pose.transform.rotation.w,0.7027865023041326
0.03679043,1760031880.813790430,/mocap/xwing/pose.transform.rotation.w,0.7026948937799962
0.036806785,1760031880.813806785,/mocap/xwing/pose.transform.rotation.w,0.70244360416278
0.03682035,1760031880.813820350,/mocap/xwing/pose.transform.rotation.w,0.7021866915766515
0.040550558,1760031880.817550558,/mocap/xwing/pose.transform.rotation.w,0.7021395277406177
0.04056835,1760031880.817568350,/mocap/xwing/pose.transform.rotation.w,0.7022283590530256
0.040585972000000005,1760031880.817585972,/mocap/xwing/pose.transform.rotation.w,0.7023920469887603
0.051215479,1760031880.828215479,/mocap/xwing/pose.transform.rotation.w,0.7024263299797802
0.051235005,1760031880.828235005,/mocap/xwing/pose.transform.rotation.w,0.7022810895715841
0.058555508000000006,1760031880.835555508,/mocap/xwing/pose.transform.rotation.w,0.7020202837890398
0.058617911,1760031880.835617911,/mocap/xwing/pose.transform.rotation.w,0.7018905150263341
0.06185272000000001,1760031880.838852720,/mocap/xwing/pose.transform.rotation.w,0.7019261016155732
0.061872223000000004,1760031880.838872223,/mocap/xwing/pose.transform.rotation.w,0.7020197735156213
0.066018696,1760031880.843018696,/mocap/xwing/pose.transform.rotation.w,0.7021609487718284
0.07680925200000001,1760031880.853809252,/mocap/xwing/pose.transform.rotation.w,0.7021278885539666
0.081325959,1760031880.858325959,/mocap/xwing/pose.transform.rotation.w,0.7018637463657614
0.081341886,1760031880.858341886,/mocap/xwing/pose.transform.rotation.w,0.7016301792544865
0.08135552500000001,1760031880.858355525,/mocap/xwing/pose.transform.rotation.w,0.7014799228846224
0.08868258200000001,1760031880.865682582,/mocap/xwing/pose.transform.rotation.w,0.7015481870445065
0.088693429,1760031880.865693429,/mocap/xwing/pose.transform.rotation.w,0.7017165446002191
0.098499611,1760031880.875499611,/mocap/xwing/pose.transform.rotation.w,0.7018581037711645
0.098512823,1760031880.875512823,/mocap/xwing/pose.transform.rotation.w,0.7017659213651326
0.09856257700000001,1760031880.875562577,/mocap/xwing/pose.transform.rotation.w,0.7015207580814777
0.10286586900000001,1760031880.879865869,/mocap/xwing/pose.transform.rotation.w,0.7012695412987034
0.10773892800000001,1760031880.884738928,/mocap/xwing/pose.transform.rotation.w,0.7012557298459025
0.10775952000000001,1760031880.884759520,/mocap/xwing/pose.transform.rotation.w,0.7013830906759602
0.107800513,1760031880.884800513,/mocap/xwing/pose.transform.rotation.w,0.7014915884879749
0.11377165500000001,1760031880.890771655,/mocap/xwing/pose.transform.rotation.w,0.7015576961317564
0.118151296,1760031880.895151296,/mocap/xwing/pose.transform.rotation.w,0.7013703045685684
0.118194007,1760031880.895194007,/mocap/xwing/pose.transform.rotation.w,0.7011229520868104
0.12161158700000001,1760031880.898611587,/mocap/xwing/pose.transform.rotation.w,0.7009260563867701
0.128472667,1760031880.905472667,/mocap/xwing/pose.transform.rotation.w,0.7009609476006704
0.13384996200000002,1760031880.910849962,/mocap/xwing/pose.transform.rotation.w,0.701130079415463
0.23730942600000002,1760031881.014309426,/mocap/xwing/pose.transform.rotation.w,0.7012993027519394
0.237325573,1760031881.014325573,/mocap/xwing/pose.transform.rotation.w,0.7010855221849902
0.23734001200000002,1760031881.014340012,/mocap/xwing/pose.transform.rotation.w,0.7007937161356694
0.23735630300000002,1760031881.014356303,/mocap/xwing/pose.transform.rotation.w,0.7007085590789526
0.23736785400000002,1760031881.014367854,/mocap/xwing/pose.transform.rotation.w,0.7007600078742093
0.23738165400000003,1760031881.014381654,/mocap/xwing/pose.transform.rotation.w,0.7009241412449428
0.237394298,1760031881.014394298,/mocap/xwing/pose.transform.rotation.w,0.7010110939246983
0.23741634800000003,1760031881.014416348,/mocap/xwing/pose.transform.rotation.w,0.7008354371831581
0.23742939300000002,1760031881.014429393,/mocap/xwing/pose.transform.rotation.w,0.700622664550559
0.237441796,1760031881.014441796,/mocap/xwing/pose.transform.rotation.w,0.7004617565695247
0.23745312600000001,1760031881.014453126,/mocap/xwing/pose.transform.rotation.w,0.7004596996854537
0.23748110400000003,1760031881.014481104,/mocap/xwing/pose.transform.rotation.w,0.7005923085283424
0.23749630400000002,1760031881.014496304,/mocap/xwing/pose.transform.rotation.w,0.7007979876184214
0.237555275,1760031881.014555275,/mocap/xwing/pose.transform.rotation.w,0.7008257192718088
0.237576796,1760031881.014576796,/mocap/xwing/pose.transform.rotation.w,0.7006310339403484
0.237596149,1760031881.014596149,/mocap/xwing/pose.transform.rotation.w,0.7003389109079252
0.23760973000000002,1760031881.014609730,/mocap/xwing/pose.transform.rotation.w,0.7001315017924518
0.237621672,1760031881.014621672,/mocap/xwing/pose.transform.rotation.w,0.7001239155225145
0.285366685,1760031881.062366685,/mocap/xwing/pose.transform.rotation.w,0.7003593245764032
0.285410009,1760031881.062410009,/mocap/xwing/pose.transform.rotation.w,0.7005243676046663
0.28544937600000003,1760031881.062449376,/mocap/xwing/pose.transform.rotation.w,0.7004626961323022
0.28547274,1760031881.062472740,/mocap/xwing/pose.transform.rotation.w,0.700281553621189
0.285492211,1760031881.062492211,/mocap/xwing/pose.transform.rotation.w,0.7000490604421549
0.28551495200000004,1760031881.062514952,/mocap/xwing/pose.transform.rotation.w,0.6999503590548328
0.285538705,1760031881.062538705,/mocap/xwing/pose.transform.rotation.w,0.7000774616208666
0.285555695,1760031881.062555695,/mocap/xwing/pose.transform.rotation.w,0.7002062821889604
0.285621831,1760031881.062621831,/mocap/xwing/pose.transform.rotation.w,0.7002572214548117
0.285635823,1760031881.062635823,/mocap/xwing/pose.transform.rotation.w,0.7000895513662849
0.28564837400000004,1760031881.062648374,/mocap/xwing/pose.transform.rotation.w,0.6999051958068188
0.285670439,1760031881.062670439,/mocap/xwing/pose.transform.rotation.w,0.6996444623977269
0.28569306,1760031881.062693060,/mocap/xwing/pose.transform.rotation.w,0.6996023496590846
0.285720884,1760031881.062720884,/mocap/xwing/pose.transform.rotation.w,0.6997710695482513
0.285738304,1760031881.062738304,/mocap/xwing/pose.transform.rotation.w,0.6999090433299658
0.28575807000000003,1760031881.062758070,/mocap/xwing/pose.transform.rotation.w,0.700031123755077
0.285799998,1760031881.062799998,/mocap/xwing/pose.transform.rotation.w,0.6998736290608303
0.285827186,1760031881.062827186,/mocap/xwing/pose.transform.rotation.w,0.6996275363362866
0.28584104,1760031881.062841040,/mocap/xwing/pose.transform.rotation.w,0.6994226291395808
0.28585411,1760031881.062854110,/mocap/xwing/pose.transform.rotation.w,0.6994144181643737
0.28586603800000004,1760031881.062866038,/mocap/xwing/pose.transform.rotation.w,0.6995670295488948
0.285949498,1760031881.062949498,/mocap/xwing/pose.transform.rotation.w,0.6996596182924597
0.28596312900000004,1760031881.062963129,/mocap/xwing/pose.transform.rotation.w,0.6995799870065733
0.285984656,1760031881.062984656,/mocap/xwing/pose.transform.rotation.w,0.6994013262945851
0.286000843,1760031881.063000843,/mocap/xwing/pose.transform.rotation.w,0.6991718773406249
0.286013472,1760031881.063013472,/mocap/xwing/pose.transform.rotation.w,0.6990945172040879
0.286097299,1760031881.063097299,/mocap/xwing/pose.transform.rotation.w,0.6991725016839127
0.323392768,1760031881.100392768,/mocap/xwing/pose.transform.rotation.w,0.6993670792377532
0.32343818300000005,1760031881.100438183,/mocap/xwing/pose.transform.rotation.w,0.6994931670760226
0.32346215300000003,1760031881.100462153,/mocap/xwing/pose.transform.rotation.w,0.6993736861891456
0.323495403,1760031881.100495403,/mocap/xwing/pose.transform.rotation.w,0.699096869818206
0.323512562,1760031881.100512562,/mocap/xwing/pose.transform.rotation.w,0.6988732717609359
0.323527861,1760031881.100527861,/mocap/xwing/pose.transform.rotation.w,0.6987959022482074
0.323585383,1760031881.100585383,/mocap/xwing/pose.transform.rotation.w,0.6989200225712671
0.323625153,1760031881.100625153,/mocap/xwing/pose.transform.rotation.w,0.6990846693020408
0.32365075600000004,1760031881.100650756,/mocap/xwing/pose.transform.rotation.w,0.6991374833132553
0.323676707,1760031881.100676707,/mocap/xwing/pose.transform.rotation.w,0.6989958393711285
0.32370544700000004,1760031881.100705447,/mocap/xwing/pose.transform.rotation.w,0.698748088810905
0.33404139800000004,1760031881.111041398,/mocap/xwing/pose.transform.rotation.w,0.698568803765355
0.334051602,1760031881.111051602,/mocap/xwing/pose.transform.rotation.w,0.6986383029971835
0.33411888,1760031881.111118880,/mocap/xwing/pose.transform.rotation.w,0.6988396410845773
0.34110882800000003,1760031881.118108828,/mocap/xwing/pose.transform.rotation.w,0.6989316993038311
0.341127379,1760031881.118127379,/mocap/xwing/pose.transform.rotation.w,0.6988892829969747
0.34119340000000004,1760031881.118193400,/mocap/xwing/pose.transform.rotation.w,0.6986275505466427
0.349535445,1760031881.126535445,/mocap/xwing/pose.transform.rotation.w,0.6983405992458118
0.35400513,1760031881.131005130,/mocap/xwing/pose.transform.rotation.w,0.6981908575113072
0.35401758,1760031881.131017580,/mocap/xwing/pose.transform.rotation.w,0.6982462491204372
0.354037755,1760031881.131037755,/mocap/xwing/pose.transform.rotation.w,0.6984874796924205
0.35407457800000003,1760031881.131074578,/mocap/xwing/pose.transform.rotation.w,0.6986472984108146
0.35947530800000005,1760031881.136475308,/mocap/xwing/pose.transform.rotation.w,0.6986351006675352
0.36651410900000003,1760031881.143514109,/mocap/xwing/pose.transform.rotation.w,0.6983947219897356
0.36657678800000004,1760031881.143576788,/mocap/xwing/pose.transform.rotation.w,0.6981358859889168
0.371154058,1760031881.148154058,/mocap/xwing/pose.transform.rotation.w,0.6980559924928139
0.37120972700000004,1760031881.148209727,/mocap/xwing/pose.transform.rotation.w,0.6981288393543031
0.38301359700000004,1760031881.160013597,/mocap/xwing/pose.transform.rotation.w,0.6982829545277278
0.383025118,1760031881.160025118,/mocap/xwing/pose.transform.rotation.w,0.6983204334984521
0.383058186,1760031881.160058186,/mocap/xwing/pose.transform.rotation.w,0.6981131491573783
0.38945814,1760031881.166458140,/mocap/xwing/pose.transform.rotation.w,0.6979095027381953
0.432477117,1760031881.209477117,/mocap/xwing/pose.transform.rotation.w,0.6977242751137764
0.43248246100000004,1760031881.209482461,/mocap/xwing/pose.transform.rotation.w,0.6978348546227894
0.43248798600000005,1760031881.209487986,/mocap/xwing/pose.transform.rotation.w,0.6980079854793837
0.43249181400000003,1760031881.209491814,/mocap/xwing/pose.transform.rotation.w,0.6981640599618131
0.432535963,1760031881.209535963,/mocap/xwing/pose.transform.rotation.w,0.6980964881175541
0.43254362300000004,1760031881.209543623,/mocap/xwing/pose.transform.rotation.w,0.6978258382883032
0.43255190400000004,1760031881.209551904,/mocap/xwing/pose.transform.rotation.w,0.6975567756189418
0.43256017700000005,1760031881.209560177,/mocap/xwing/pose.transform.rotation.w,0.6974218960816809
0.432568426,1760031881.209568426,/mocap/xwing/pose.transform.rotation.w,0.6975254473596108
0.43257715900000004,1760031881.209577159,/mocap/xwing/pose.transform.rotation.w,0.6977158177541206
0.43261707200000005,1760031881.209617072,/mocap/xwing/pose.transform.rotation.w,0.6978430328028147
0.432625527,1760031881.209625527,/mocap/xwing/pose.transform.rotation.w,0.6977578588724569
0.43263670800000004,1760031881.209636708,/mocap/xwing/pose.transform.rotation.w,0.6974775721471775
0.432659271,1760031881.209659271,/mocap/xwing/pose.transform.rotation.w,0.6972307449276746
0.436691624,1760031881.213691624,/mocap/xwing/pose.transform.rotation.w,0.6972297018691046
0.48550637900000004,1760031881.262506379,/mocap/xwing/pose.transform.rotation.w,0.6973738563456894
0.48551578500000003,1760031881.262515785,/mocap/xwing/pose.transform.rotation.w,0.6975325760000098
0.485574871,1760031881.262574871,/mocap/xwing/pose.transform.rotation.w,0.6973486189544512
0.48567347200000005,1760031881.262673472,/mocap/xwing/pose.transform.rotation.w,0.6971088414157006
0.485854045,1760031881.262854045,/mocap/xwing/pose.transform.rotation.w,0.6969256690302131
0.485869192,1760031881.262869192,/mocap/xwing/pose.transform.rotation.w,0.6969431385264895
0.485895518,1760031881.262895518,/mocap/xwing/pose.transform.rotation.w,0.6971438779351026
0.48591356,1760031881.262913560,/mocap/xwing/pose.transform.rotation.w,0.697340435225551
0.48593365400000005,1760031881.262933654,/mocap/xwing/pose.transform.rotation.w,0.6973169960793202
0.485954064,1760031881.262954064,/mocap/xwing/pose.transform.rotation.w,0.697112493300607
0.485980542,1760031881.262980542,/mocap/xwing/pose.transform.rotation.w,0.6968161107259094
0.48599461600000005,1760031881.262994616,/mocap/xwing/pose.transform.rotation.w,0.6967167353365405
0.48602966000000003,1760031881.263029660,/mocap/xwing/pose.transform.rotation.w,0.6967736120987719
0.48651989700000003,1760031881.263519897,/mocap/xwing/pose.transform.rotation.w,0.6969750527986417
0.49326019200000004,1760031881.270260192,/mocap/xwing/pose.transform.rotation.w,0.6970173424014905
0.502270083,1760031881.279270083,/mocap/xwing/pose.transform.rotation.w,0.6968779533867403
0.502297749,1760031881.279297749,/mocap/xwing/pose.transform.rotation.w,0.69661783780235
0.502310812,1760031881.279310812,/mocap/xwing/pose.transform.rotation.w,0.6964827146033787
0.507856654,1760031881.284856654,/mocap/xwing/pose.transform.rotation.w,0.6965065249051762
0.507895022,1760031881.284895022,/mocap/xwing/pose.transform.rotation.w,0.6967023478289717
0.512623075,1760031881.289623075,/mocap/xwing/pose.transform.rotation.w,0.696882233586681
0.5126415830000001,1760031881.289641583,/mocap/xwing/pose.transform.rotation.w,0.6969115951622094
0.518844293,1760031881.295844293,/mocap/xwing/pose.transform.rotation.w,0.6966957110957296
0.5188814070000001,1760031881.295881407,/mocap/xwing/pose.transform.rotation.w,0.6963772226331961
0.569454875,1760031881.346454875,/mocap/xwing/pose.transform.rotation.w,0.6962265611547145
0.569472308,1760031881.346472308,/mocap/xwing/pose.transform.rotation.w,0.6962636138770599
0.569485645,1760031881.346485645,/mocap/xwing/pose.transform.rotation.w,0.6964215269425379
0.569535945,1760031881.346535945,/mocap/xwing/pose.transform.rotation.w,0.6965519609008798
0.569554514,1760031881.346554514,/mocap/xwing/pose.transform.rotation.w,0.6965131405987429
0.5695713290000001,1760031881.346571329,/mocap/xwing/pose.transform.rotation.w,0.6963221182863765
0.569586362,1760031881.346586362,/mocap/xwing/pose.transform.rotation.w,0.6961018143635103
0.5696004800000001,1760031881.346600480,/mocap/xwing/pose.transform.rotation.w,0.6960798606399075
0.5696153850000001,1760031881.346615385,/mocap/xwing/pose.transform.rotation.w,0.6961475777882795
0.569761249,1760031881.346761249,/mocap/xwing/pose.transform.rotation.w,0.6963708592258288
0.569787103,1760031881.346787103,/mocap/xwing/pose.transform.rotation.w,0.6963879195852065
0.569803923,1760031881.346803923,/mocap/xwing/pose.transform.rotation.w,0.6962416926634076
0.569816635,1760031881.346816635,/mocap/xwing/pose.transform.rotation.w,0.695941953941967
0.569850139,1760031881.346850139,/mocap/xwing/pose.transform.rotation.w,0.6957462055817353
0.5698641560000001,1760031881.346864156,/mocap/xwing/pose.transform.rotation.w,0.6957478364544962
0.573595725,1760031881.350595725,/mocap/xwing/pose.transform.rotation.w,0.6959457245946555
0.581333096,1760031881.358333096,/mocap/xwing/pose.transform.rotation.w,0.6960346916698769
0.581343848,1760031881.358343848,/mocap/xwing/pose.transform.rotation.w,0.6961088436333921
0.586504616,1760031881.363504616,/mocap/xwing/pose.transform.rotation.w,0.695952359038314
0.589892921,1760031881.366892921,/mocap/xwing/pose.transform.rotation.w,0.6956895173042378
0.589897931,1760031881.366897931,/mocap/xwing/pose.transform.rotation.w,0.6955922295642056
0.594986632,1760031881.371986632,/mocap/xwing/pose.transform.rotation.w,0.6955888191484632
0.595017698,1760031881.372017698,/mocap/xwing/pose.transform.rotation.w,0.695746770870663
0.6346139900000001,1760031881.411613990,/mocap/xwing/pose.transform.rotation.w,0.6958314542286922
0.634657374,1760031881.411657374,/mocap/xwing/pose.transform.rotation.w,0.6957476577881154
0.645690772,1760031881.422690772,/mocap/xwing/pose.transform.rotation.w,0.6955555178583605
0.645697575,1760031881.422697575,/mocap/xwing/pose.transform.rotation.w,0.6953367988148379
0.6457005760000001,1760031881.422700576,/mocap/xwing/pose.transform.rotation.w,0.6952699473132004
0.645705451,1760031881.422705451,/mocap/xwing/pose.transform.rotation.w,0.6953805887565093
0.645710168,1760031881.422710168,/mocap/xwing/pose.transform.rotation.w,0.6955585071748788
0.645720972,1760031881.422720972,/mocap/xwing/pose.transform.rotation.w,0.6956579451479326
0.645729306,1760031881.422729306,/mocap/xwing/pose.transform.rotation.w,0.6955264438775951
0.6457368830000001,1760031881.422736883,/mocap/xwing/pose.transform.rotation.w,0.6952822318324612
0.6457440050000001,1760031881.422744005,/mocap/xwing/pose.transform.rotation.w,0.6950856612666707
0.6457491150000001,1760031881.422749115,/mocap/xwing/pose.transform.rotation.w,0.6950766474823289
0.645756261,1760031881.422756261,/mocap/xwing/pose.transform.rotation.w,0.6952465682082444
0.645769169,1760031881.422769169,/mocap/xwing/pose.transform.rotation.w,0.6953435340376385
0.6475392630000001,1760031881.424539263,/mocap/xwing/pose.transform.rotation.w,0.6953869123484716
0.64756459,1760031881.424564590,/mocap/xwing/pose.transform.rotation.w,0.6951748799959477
0.650173745,1760031881.427173745,/mocap/xwing/pose.transform.rotation.w,0.6949302196955821
0.666717799,1760031881.443717799,/mocap/xwing/pose.transform.rotation.w,0.6947895562780139
0.672227499,1760031881.449227499,/mocap/xwing/pose.transform.rotation.w,0.6948735791216776
0.6722322110000001,1760031881.449232211,/mocap/xwing/pose.transform.rotation.w,0.6950931570008285
0.672237686,1760031881.449237686,/mocap/xwing/pose.transform.rotation.w,0.6951359849828901
0.6722454830000001,1760031881.449245483,/mocap/xwing/pose.transform.rotation.w,0.6950885725181057
0.672252162,1760031881.449252162,/mocap/xwing/pose.transform.rotation.w,0.6948541187125873
0.6973021410000001,1760031881.474302141,/mocap/xwing/pose.transform.rotation.w,0.6946426812385738
0.6974163320000001,1760031881.474416332,/mocap/xwing/pose.transform.rotation.w,0.6945668885148459
0.6974316220000001,1760031881.474431622,/mocap/xwing/pose.transform.rotation.w,0.6946842752307852
0.697461687,1760031881.474461687,/mocap/xwing/pose.transform.rotation.w,0.694887582419097
0.6974807580000001,1760031881.474480758,/mocap/xwing/pose.transform.rotation.w,0.6949321085152926
0.697497712,1760031881.474497712,/mocap/xwing/pose.transform.rotation.w,0.6948319211926802
0.6975245600000001,1760031881.474524560,/mocap/xwing/pose.transform.rotation.w,0.6946345900017553
0.7227024310000001,1760031881.499702431,/mocap/xwing/pose.transform.rotation.w,0.6944481885853875
0.722779429,1760031881.499779429,/mocap/xwing/pose.transform.rotation.w,0.6944148559658726
0.7229065090000001,1760031881.499906509,/mocap/xwing/pose.transform.rotation.w,0.694522911295172
0.72292705,1760031881.499927050,/mocap/xwing/pose.transform.rotation.w,0.6946780649413296
0.722947283,1760031881.499947283,/mocap/xwing/pose.transform.rotation.w,0.6947680375220359
0.722960098,1760031881.499960098,/mocap/xwing/pose.transform.rotation.w,0.6945749425142105
0.7229743940000001,1760031881.499974394,/mocap/xwing/pose.transform.rotation.w,0.6943641327441654
0.7229905200000001,1760031881.499990520,/mocap/xwing/pose.transform.rotation.w,0.6942244484194371
0.754838816,1760031881.531838816,/mocap/xwing/pose.transform.rotation.w,0.6942714705101206
0.754851798,1760031881.531851798,/mocap/xwing/pose.transform.rotation.w,0.6944493588331748
0.7549100240000001,1760031881.531910024,/mocap/xwing/pose.transform.rotation.w,0.6946279786188619
0.7549367450000001,1760031881.531936745,/mocap/xwing/pose.transform.rotation.w,0.694549011233574
0.754950482,1760031881.531950482,/mocap/xwing/pose.transform.rotation.w,0.6943688974492976
0.7549668220000001,1760031881.531966822,/mocap/xwing/pose.transform.rotation.w,0.6941791005124148
0.7550061100000001,1760031881.532006110,/mocap/xwing/pose.transform.rotation.w,0.693526867459816
0.7663130170000001,1760031881.543313017,/mocap/xwing/pose.transform.rotation.w,0.6937068954433899
0.766341209,1760031881.543341209,/mocap/xwing/pose.transform.rotation.w,0.693911262171414
0.7663586010000001,1760031881.543358601,/mocap/xwing/pose.transform.rotation.w,0.6939524143306408
0.7663924980000001,1760031881.543392498,/mocap/xwing/pose.transform.rotation.w,0.6938622221987876
0.8115342910000001,1760031881.588534291,/mocap/xwing/pose.transform.rotation.w,0.6936494624196781
0.811569081,1760031881.588569081,/mocap/xwing/pose.transform.rotation.w,0.6934835376892997
0.811585933,1760031881.588585933,/mocap/xwing/pose.transform.rotation.w,0.6934568396661879
0.8116105440000001,1760031881.588610544,/mocap/xwing/pose.transform.rotation.w,0.6936321387913834
0.8116739430000001,1760031881.588673943,/mocap/xwing/pose.transform.rotation.w,0.6938963120985954
0.811698365,1760031881.588698365,/mocap/xwing/pose.transform.rotation.w,0.6940115944493638
0.8117152940000001,1760031881.588715294,/mocap/xwing/pose.transform.rotation.w,0.6939205110591652
0.811729836,1760031881.588729836,/mocap/xwing/pose.transform.rotation.w,0.6937591102120285
0.8117460400000001,1760031881.588746040,/mocap/xwing/pose.transform.rotation.w,0.693749711058901
0.8117583490000001,1760031881.588758349,/mocap/xwing/pose.transform.rotation.w,0.6938417916833516
0.811798988,1760031881.588798988,/mocap/xwing/pose.transform.rotation.w,0.6941468176015272
0.8118176220000001,1760031881.588817622,/mocap/xwing/pose.transform.rotation.w,0.6943057661970872
0.8118918230000001,1760031881.588891823,/mocap/xwing/pose.transform.rotation.w,0.6942824605918759
0.811903896,1760031881.588903896,/mocap/xwing/pose.transform.rotation.w,0.6940575419652468
0.8206599200000001,1760031881.597659920,/mocap/xwing/pose.transform.rotation.w,0.6938096105755966
0.820672779,1760031881.597672779,/mocap/xwing/pose.transform.rotation.w,0.693775900833606
0.820704733,1760031881.597704733,/mocap/xwing/pose.transform.rotation.w,0.6938418001744678
0.8237681010000001,1760031881.600768101,/mocap/xwing/pose.transform.rotation.w,0.6940938650686136
0.823824941,1760031881.600824941,/mocap/xwing/pose.transform.rotation.w,0.6943072561286509
0.8276278250000001,1760031881.604627825,/mocap/xwing/pose.transform.rotation.w,0.6943027458645173
0.832994699,1760031881.609994699,/mocap/xwing/pose.transform.rotation.w,0.6940818823996566
0.8330032030000001,1760031881.610003203,/mocap/xwing/pose.transform.rotation.w,0.6939397745910747
0.838823159,1760031881.615823159,/mocap/xwing/pose.transform.rotation.w,0.6938686580222564
0.8428523090000001,1760031881.619852309,/mocap/xwing/pose.transform.rotation.w,0.6939947022584578
0.842864685,1760031881.619864685,/mocap/xwing/pose.transform.rotation.w,0.6940724147280919
0.848766354,1760031881.625766354,/mocap/xwing/pose.transform.rotation.w,0.6940857378785167
0.848782345,1760031881.625782345,/mocap/xwing/pose.transform.rotation.w,0.6939120657906556
0.860060001,1760031881.637060001,/mocap/xwing/pose.transform.rotation.w,0.6937024191672464
0.8600732130000001,1760031881.637073213,/mocap/xwing/pose.transform.rotation.w,0.693768216125517
0.9076252570000001,1760031881.684625257,/mocap/xwing/pose.transform.rotation.w,0.694038345280618
0.907643331,1760031881.684643331,/mocap/xwing/pose.transform.rotation.w,0.6942251490824741
0.907655965,1760031881.684655965,/mocap/xwing/pose.transform.rotation.w,0.6942093521764021
0.9076813610000001,1760031881.684681361,/mocap/xwing/pose.transform.rotation.w,0.6940062658602425
0.9076993720000001,1760031881.684699372,/mocap/xwing/pose.transform.rotation.w,0.6937034707280156
0.9077168640000001,1760031881.684716864,/mocap/xwing/pose.transform.rotation.w,0.6935690622411326
0.907730633,1760031881.684730633,/mocap/xwing/pose.transform.rotation.w,0.6936729059719032
0.907744678,1760031881.684744678,/mocap/xwing/pose.transform.rotation.w,0.6938657635549732
0.9077969090000001,1760031881.684796909,/mocap/xwing/pose.transform.rotation.w,0.6939893157113967
0.9078173570000001,1760031881.684817357,/mocap/xwing/pose.transform.rotation.w,0.6939475726571072
0.907841118,1760031881.684841118,/mocap/xwing/pose.transform.rotation.w,0.6938053951202635
0.907862303,1760031881.684862303,/mocap/xwing/pose.transform.rotation.w,0.69367435897829
0.9078814390000001,1760031881.684881439,/mocap/xwing/pose.transform.rotation.w,0.6936587374528921
0.9078957670000001,1760031881.684895767,/mocap/xwing/pose.transform.rotation.w,0.6938321385269925
0.9141529190000001,1760031881.691152919,/mocap/xwing/pose.transform.rotation.w,0.6940573397907717
0.9142012180000001,1760031881.691201218,/mocap/xwing/pose.transform.rotation.w,0.6940475776620273
0.919797535,1760031881.696797535,/mocap/xwing/pose.transform.rotation.w,0.6938436459943059
0.9198090080000001,1760031881.696809008,/mocap/xwing/pose.transform.rotation.w,0.6936302639062283
0.9273722590000001,1760031881.704372259,/mocap/xwing/pose.transform.rotation.w,0.6934836194347652
0.9273856890000001,1760031881.704385689,/mocap/xwing/pose.transform.rotation.w,0.6935696013983086
0.9312942550000001,1760031881.708294255,/mocap/xwing/pose.transform.rotation.w,0.6937568874364136
0.9376328180000001,1760031881.714632818,/mocap/xwing/pose.transform.rotation.w,0.6939733330929628
0.937676817,1760031881.714676817,/mocap/xwing/pose.transform.rotation.w,0.6939523033417718
0.9476972770000001,1760031881.724697277,/mocap/xwing/pose.transform.rotation.w,0.6938050202152906
0.9477246010000001,1760031881.724724601,/mocap/xwing/pose.transform.rotation.w,0.6936308923184397
0.993575685,1760031881.770575685,/mocap/xwing/pose.transform.rotation.w,0.693565830829368
0.993601221,1760031881.770601221,/mocap/xwing/pose.transform.rotation.w,0.6937057725422968
0.9936162530000001,1760031881.770616253,/mocap/xwing/pose.transform.rotation.w,0.6938847884756307
0.9936275350000001,1760031881.770627535,/mocap/xwing/pose.transform.rotation.w,0.6939714090046633
0.9937389630000001,1760031881.770738963,/mocap/xwing/pose.transform.rotation.w,0.693861130782691
0.9937546380000001,1760031881.770754638,/mocap/xwing/pose.transform.rotation.w,0.6936294819855509
0.993774569,1760031881.770774569,/mocap/xwing/pose.transform.rotation.w,0.6934271198028608
0.993784082,1760031881.770784082,/mocap/xwing/pose.transform.rotation.w,0.6934365049888954
0.9938462530000001,1760031881.770846253,/mocap/xwing/pose.transform.rotation.w,0.693653799895881
0.993867225,1760031881.770867225,/mocap/xwing/pose.transform.rotation.w,0.6939386756342784
0.9938806910000001,1760031881.770880691,/mocap/xwing/pose.transform.rotation.w,0.6939987000003802
0.9938973780000001,1760031881.770897378,/mocap/xwing/pose.transform.rotation.w,0.6938214206431721
0.993939962,1760031881.770939962,/mocap/xwing/pose.transform.rotation.w,0.6935992273291649
0.9939610830000001,1760031881.770961083,/mocap/xwing/pose.transform.rotation.w,0.6934835231328158
1.001643,1760031881.778643000,/mocap/xwing/pose.transform.rotation.w,0.6934976874833818
1.0017576,1760031881.778757600,/mocap/xwing/pose.transform.rotation.w,0.6937366786252513
1.001795233,1760031881.778795233,/mocap/xwing/pose.transform.rotation.w,0.6939106546956146
1.001816663,1760031881.778816663,/mocap/xwing/pose.transform.rotation.w,0.6939001241956934
1.055856035,1760031881.832856035,/mocap/xwing/pose.transform.rotation.w,0.6937107639067541
1.055868588,1760031881.832868588,/mocap/xwing/pose.transform.rotation.w,0.6935815486173207
1.055882114,1760031881.832882114,/mocap/xwing/pose.transform.rotation.w,0.6935218412940983
1.055894406,1760031881.832894406,/mocap/xwing/pose.transform.rotation.w,0.693716611836598
1.055971877,1760031881.832971877,/mocap/xwing/pose.transform.rotation.w,0.693922490967188
1.05598982,1760031881.832989820,/mocap/xwing/pose.transform.rotation.w,0.693998752336701
1.056003727,1760031881.833003727,/mocap/xwing/pose.transform.rotation.w,0.6938946413786363
1.056017324,1760031881.833017324,/mocap/xwing/pose.transform.rotation.w,0.6936720424837141
1.056056655,1760031881.833056655,/mocap/xwing/pose.transform.rotation.w,0.6934453428300911
1.056132584,1760031881.833132584,/mocap/xwing/pose.transform.rotation.w,0.6934937867306502
1.056141545,1760031881.833141545,/mocap/xwing/pose.transform.rotation.w,0.6937612083658473
1.056157765,1760031881.833157765,/mocap/xwing/pose.transform.rotation.w,0.6940011992534186
1.056249934,1760031881.833249934,/mocap/xwing/pose.transform.rotation.w,0.6941107539443885
1.056262816,1760031881.833262816,/mocap/xwing/pose.transform.rotation.w,0.6939621202139035
1.056297816,1760031881.833297816,/mocap/xwing/pose.transform.rotation.w,0.693728318199605
1.062688743,1760031881.839688743,/mocap/xwing/pose.transform.rotation.w,0.6936200729799833
1.062693216,1760031881.839693216,/mocap/xwing/pose.transform.rotation.w,0.6937007682871984
1.062709817,1760031881.839709817,/mocap/xwing/pose.transform.rotation.w,0.6938553477297026
1.067735067,1760031881.844735067,/mocap/xwing/pose.transform.rotation.w,0.6940612963951669
1.070549255,1760031881.847549255,/mocap/xwing/pose.transform.rotation.w,0.6940376503397068
1.072851364,1760031881.849851364,/mocap/xwing/pose.transform.rotation.w,0.6938781970992783
1.076526566,1760031881.853526566,/mocap/xwing/pose.transform.rotation.w,0.6936986801746111
1.080722801,1760031881.857722801,/mocap/xwing/pose.transform.rotation.w,0.69368698708712
1.08074475,1760031881.857744750,/mocap/xwing/pose.transform.rotation.w,0.6938705245534725
1.083811544,1760031881.860811544,/mocap/xwing/pose.transform.rotation.w,0.6941319225520897
1.088917384,1760031881.865917384,/mocap/xwing/pose.transform.rotation.w,0.6942216495117908
1.095002686,1760031881.872002686,/mocap/xwing/pose.transform.rotation.w,0.6941566239926867
1.095013229,1760031881.872013229,/mocap/xwing/pose.transform.rotation.w,0.6939195768514762
1.103350934,1760031881.880350934,/mocap/xwing/pose.transform.rotation.w,0.69369808519323
1.107678554,1760031881.884678554,/mocap/xwing/pose.transform.rotation.w,0.6938504621579995
1.107691409,1760031881.884691409,/mocap/xwing/pose.transform.rotation.w,0.694146363022794
1.118917222,1760031881.895917222,/mocap/xwing/pose.transform.rotation.w,0.6942423750330463
1.144881045,1760031881.921881045,/mocap/xwing/pose.transform.rotation.w,0.6939881685659526
1.145018952,1760031881.922018952,/mocap/xwing/pose.transform.rotation.w,0.693924152462985
1.145040668,1760031881.922040668,/mocap/xwing/pose.transform.rotation.w,0.6940088125768081
1.1450667700000001,1760031881.922066770,/mocap/xwing/pose.transform.rotation.w,0.6941682249297753
1.14508229,1760031881.922082290,/mocap/xwing/pose.transform.rotation.w,0.6943038850077257
1.145099396,1760031881.922099396,/mocap/xwing/pose.transform.rotation.w,0.6942729123816813
1.14511469,1760031881.922114690,/mocap/xwing/pose.transform.rotation.w,0.6940739500294715
1.150561873,1760031881.927561873,/mocap/xwing/pose.transform.rotation.w,0.6939307352643806
1.150574609,1760031881.927574609,/mocap/xwing/pose.transform.rotation.w,0.6939115388706981
1.15727653,1760031881.934276530,/mocap/xwing/pose.transform.rotation.w,0.6941263843540224
1.157291545,1760031881.934291545,/mocap/xwing/pose.transform.rotation.w,0.6943532735523396
1.157305691,1760031881.934305691,/mocap/xwing/pose.transform.rotation.w,0.6945275177822795
1.163086065,1760031881.940086065,/mocap/xwing/pose.transform.rotation.w,0.6944908760114625
1.16311709,1760031881.940117090,/mocap/xwing/pose.transform.rotation.w,0.6942643610306989
1.168333415,1760031881.945333415,/mocap/xwing/pose.transform.rotation.w,0.694102607630825
1.168378178,1760031881.945378178,/mocap/xwing/pose.transform.rotation.w,0.6940439889757772
1.2177254180000001,1760031881.994725418,/mocap/xwing/pose.transform.rotation.w,0.694171175260233
1.217742648,1760031881.994742648,/mocap/xwing/pose.transform.rotation.w,0.694419424263054
1.217766681,1760031881.994766681,/mocap/xwing/pose.transform.rotation.w,0.6944985556569544
1.217795715,1760031881.994795715,/mocap/xwing/pose.transform.rotation.w,0.694426194110102
1.217814192,1760031881.994814192,/mocap/xwing/pose.transform.rotation.w,0.6942800703386585
1.217833387,1760031881.994833387,/mocap/xwing/pose.transform.rotation.w,0.6941984824804522
1.217857838,1760031881.994857838,/mocap/xwing/pose.transform.rotation.w,0.6943180237354382
1.217871398,1760031881.994871398,/mocap/xwing/pose.transform.rotation.w,0.6945400908681949
1.21789574,1760031881.994895740,/mocap/xwing/pose.transform.rotation.w,0.6946766592005447
1.217911986,1760031881.994911986,/mocap/xwing/pose.transform.rotation.w,0.6946320615450692
1.2179269160000001,1760031881.994926916,/mocap/xwing/pose.transform.rotation.w,0.694484608735201
1.217937968,1760031881.994937968,/mocap/xwing/pose.transform.rotation.w,0.6942542586961301
1.218058359,1760031881.995058359,/mocap/xwing/pose.transform.rotation.w,0.6942363169587974
1.218068928,1760031881.995068928,/mocap/xwing/pose.transform.rotation.w,0.6944002326233092
1.22704681,1760031882.004046810,/mocap/xwing/pose.transform.rotation.w,0.6946568560425637
1.227074068,1760031882.004074068,/mocap/xwing/pose.transform.rotation.w,0.6948289863609375
1.2270845590000001,1760031882.004084559,/mocap/xwing/pose.transform.rotation.w,0.694799520256358
1.230623921,1760031882.007623921,/mocap/xwing/pose.transform.rotation.w,0.6946332823143737
1.230639506,1760031882.007639506,/mocap/xwing/pose.transform.rotation.w,0.6945067057137243
1.234795754,1760031882.011795754,/mocap/xwing/pose.transform.rotation.w,0.6944951808810055
1.237743417,1760031882.014743417,/mocap/xwing/pose.transform.rotation.w,0.6946981011708336
1.240843391,1760031882.017843391,/mocap/xwing/pose.transform.rotation.w,0.6948953042104432
1.24518637,1760031882.022186370,/mocap/xwing/pose.transform.rotation.w,0.6948767488598482
1.250488568,1760031882.027488568,/mocap/xwing/pose.transform.rotation.w,0.6947178775501757
1.250499815,1760031882.027499815,/mocap/xwing/pose.transform.rotation.w,0.6945329622200076
1.253420852,1760031882.030420852,/mocap/xwing/pose.transform.rotation.w,0.6944914633899568
1.257899021,1760031882.034899021,/mocap/xwing/pose.transform.rotation.w,0.6945913885916356
1.261745508,1760031882.038745508,/mocap/xwing/pose.transform.rotation.w,0.6948976339250822
1.26416338,1760031882.041163380,/mocap/xwing/pose.transform.rotation.w,0.695115315602151
1.266557087,1760031882.043557087,/mocap/xwing/pose.transform.rotation.w,0.6951118800889697
1.272003707,1760031882.049003707,/mocap/xwing/pose.transform.rotation.w,0.6949578905693161
1.276993776,1760031882.053993776,/mocap/xwing/pose.transform.rotation.w,0.6946988196577855
1.2852320210000001,1760031882.062232021,/mocap/xwing/pose.transform.rotation.w,0.6946025193187221
1.285234956,1760031882.062234956,/mocap/xwing/pose.transform.rotation.w,0.6947623364815563
1.285254673,1760031882.062254673,/mocap/xwing/pose.transform.rotation.w,0.6949536232798004
1.288112713,1760031882.065112713,/mocap/xwing/pose.transform.rotation.w,0.695096865474051
1.293140988,1760031882.070140988,/mocap/xwing/pose.transform.rotation.w,0.695054967820556
1.297722549,1760031882.074722549,/mocap/xwing/pose.transform.rotation.w,0.6948941071571612
1.29772866,1760031882.074728660,/mocap/xwing/pose.transform.rotation.w,0.6948160694660225
1.348252594,1760031882.125252594,/mocap/xwing/pose.transform.rotation.w,0.6948541542776908
1.348269385,1760031882.125269385,/mocap/xwing/pose.transform.rotation.w,0.6950989844637991
1.3482866420000001,1760031882.125286642,/mocap/xwing/pose.transform.rotation.w,0.6952881624400583
1.348298146,1760031882.125298146,/mocap/xwing/pose.transform.rotation.w,0.6953193857275093
1.3483422950000001,1760031882.125342295,/mocap/xwing/pose.transform.rotation.w,0.6951269843759975
1.348362826,1760031882.125362826,/mocap/xwing/pose.transform.rotation.w,0.6948765795981037
1.3483826780000001,1760031882.125382678,/mocap/xwing/pose.transform.rotation.w,0.6947866141811525
1.348396835,1760031882.125396835,/mocap/xwing/pose.transform.rotation.w,0.694887452054345
1.3484251760000001,1760031882.125425176,/mocap/xwing/pose.transform.rotation.w,0.6951171982431714
1.348441614,1760031882.125441614,/mocap/xwing/pose.transform.rotation.w,0.6952722793568153
1.348458717,1760031882.125458717,/mocap/xwing/pose.transform.rotation.w,0.6953729810142841
1.348479929,1760031882.125479929,/mocap/xwing/pose.transform.rotation.w,0.6951928872262726
1.348499892,1760031882.125499892,/mocap/xwing/pose.transform.rotation.w,0.695066777152493
1.3485215830000001,1760031882.125521583,/mocap/xwing/pose.transform.rotation.w,0.6950281039048389
1.352379937,1760031882.129379937,/mocap/xwing/pose.transform.rotation.w,0.6951313972138196
1.352417945,1760031882.129417945,/mocap/xwing/pose.transform.rotation.w,0.6953193717267423
1.356960255,1760031882.133960255,/mocap/xwing/pose.transform.rotation.w,0.6953479039636687
1.3624024540000002,1760031882.139402454,/mocap/xwing/pose.transform.rotation.w,0.6952506948688109
1.362411765,1760031882.139411765,/mocap/xwing/pose.transform.rotation.w,0.6950934544254734
1.365233463,1760031882.142233463,/mocap/xwing/pose.transform.rotation.w,0.6949750060416221
1.368258403,1760031882.145258403,/mocap/xwing/pose.transform.rotation.w,0.6950489853527592
1.373262008,1760031882.150262008,/mocap/xwing/pose.transform.rotation.w,0.6953032075836101
1.3758037889999999,1760031882.152803789,/mocap/xwing/pose.transform.rotation.w,0.6955332979772749
1.378642674,1760031882.155642674,/mocap/xwing/pose.transform.rotation.w,0.6955844207413728
1.383154841,1760031882.160154841,/mocap/xwing/pose.transform.rotation.w,0.6954280758813608
1.383205246,1760031882.160205246,/mocap/xwing/pose.transform.rotation.w,0.6952198358675334
1.387085249,1760031882.164085249,/mocap/xwing/pose.transform.rotation.w,0.6950766750225095
1.390849987,1760031882.167849987,/mocap/xwing/pose.transform.rotation.w,0.6951488436995638
1.396706418,1760031882.173706418,/mocap/xwing/pose.transform.rotation.w,0.695267264724454
1.399179226,1760031882.176179226,/mocap/xwing/pose.transform.rotation.w,0.6954866401753823
1.399188036,1760031882.176188036,/mocap/xwing/pose.transform.rotation.w,0.6954873703553652
1.402357741,1760031882.179357741,/mocap/xwing/pose.transform.rotation.w,0.695384778277161
1.40562246,1760031882.182622460,/mocap/xwing/pose.transform.rotation.w,0.6952411411373333
1.409396578,1760031882.186396578,/mocap/xwing/pose.transform.rotation.w,0.69519310912903
1.412716648,1760031882.189716648,/mocap/xwing/pose.transform.rotation.w,0.6953297703411354
1.416545529,1760031882.193545529,/mocap/xwing/pose.transform.rotation.w,0.6955507484437594
1.418876822,1760031882.195876822,/mocap/xwing/pose.transform.rotation.w,0.6956275965779405
1.42270096,1760031882.199700960,/mocap/xwing/pose.transform.rotation.w,0.695508825931079
1.425663522,1760031882.202663522,/mocap/xwing/pose.transform.rotation.w,0.6953357646342971
1.428875561,1760031882.205875561,/mocap/xwing/pose.transform.rotation.w,0.695133265610065
1.433828907,1760031882.210828907,/mocap/xwing/pose.transform.rotation.w,0.6951993449976503
1.439271936,1760031882.216271936,/mocap/xwing/pose.transform.rotation.w,0.6953211415191547
1.444422252,1760031882.221422252,/mocap/xwing/pose.transform.rotation.w,0.6955765589126839
1.448367181,1760031882.225367181,/mocap/xwing/pose.transform.rotation.w,0.6955886139440529
1.448383474,1760031882.225383474,/mocap/xwing/pose.transform.rotation.w,0.6955084225734056
1.452355835,1760031882.229355835,/mocap/xwing/pose.transform.rotation.w,0.6953754263005211
1.458863247,1760031882.235863247,/mocap/xwing/pose.transform.rotation.w,0.6953118791281925
1.45894148,1760031882.235941480,/mocap/xwing/pose.transform.rotation.w,0.6954166802114945
1.505690874,1760031882.282690874,/mocap/xwing/pose.transform.rotation.w,0.6955613555341732
1.5057052830000002,1760031882.282705283,/mocap/xwing/pose.transform.rotation.w,0.6956822952446823
1.5057353720000002,1760031882.282735372,/mocap/xwing/pose.transform.rotation.w,0.695669669844598
1.505876212,1760031882.282876212,/mocap/xwing/pose.transform.rotation.w,0.6955008426849051
1.505885106,1760031882.282885106,/mocap/xwing/pose.transform.rotation.w,0.6952812899472245
1.505919397,1760031882.282919397,/mocap/xwing/pose.transform.rotation.w,0.6952548514818131
1.505936512,1760031882.282936512,/mocap/xwing/pose.transform.rotation.w,0.6954290237114483
1.505958774,1760031882.282958774,/mocap/xwing/pose.transform.rotation.w,0.6957337912271273
1.505991908,1760031882.282991908,/mocap/xwing/pose.transform.rotation.w,0.6958364121585872
1.506017703,1760031882.283017703,/mocap/xwing/pose.transform.rotation.w,0.695798975668319
1.5060336950000002,1760031882.283033695,/mocap/xwing/pose.transform.rotation.w,0.6955558738392826
1.506068989,1760031882.283068989,/mocap/xwing/pose.transform.rotation.w,0.6953982281982664
1.50608042,1760031882.283080420,/mocap/xwing/pose.transform.rotation.w,0.695399102432857
1.5061554639999999,1760031882.283155464,/mocap/xwing/pose.transform.rotation.w,0.6956277208572997
1.515607771,1760031882.292607771,/mocap/xwing/pose.transform.rotation.w,0.6957771272052228
1.515702963,1760031882.292702963,/mocap/xwing/pose.transform.rotation.w,0.695875018034816
1.519018778,1760031882.296018778,/mocap/xwing/pose.transform.rotation.w,0.6957877689724029
1.519034095,1760031882.296034095,/mocap/xwing/pose.transform.rotation.w,0.6956580443369875
1.5240744670000002,1760031882.301074467,/mocap/xwing/pose.transform.rotation.w,0.6955521282091109
1.524086904,1760031882.301086904,/mocap/xwing/pose.transform.rotation.w,0.6956759660714311
1.573965732,1760031882.350965732,/mocap/xwing/pose.transform.rotation.w,0.6958320237118908
1.573975213,1760031882.350975213,/mocap/xwing/pose.transform.rotation.w,0.6959671166488359
1.573998428,1760031882.350998428,/mocap/xwing/pose.transform.rotation.w,0.6959730314801899
1.574007278,1760031882.351007278,/mocap/xwing/pose.transform.rotation.w,0.6957650963753063
1.5740969960000002,1760031882.351096996,/mocap/xwing/pose.transform.rotation.w,0.6955779470270794
1.57411585,1760031882.351115850,/mocap/xwing/pose.transform.rotation.w,0.695622033731451
1.574144154,1760031882.351144154,/mocap/xwing/pose.transform.rotation.w,0.6957875280558521
1.574163521,1760031882.351163521,/mocap/xwing/pose.transform.rotation.w,0.6960637524597704
1.574183882,1760031882.351183882,/mocap/xwing/pose.transform.rotation.w,0.6961637235279201
1.574264817,1760031882.351264817,/mocap/xwing/pose.transform.rotation.w,0.6960705243357522
1.574298925,1760031882.351298925,/mocap/xwing/pose.transform.rotation.w,0.6958758749912902
1.5743084340000002,1760031882.351308434,/mocap/xwing/pose.transform.rotation.w,0.6957166592627555
1.574325344,1760031882.351325344,/mocap/xwing/pose.transform.rotation.w,0.6957346114956374
1.574340096,1760031882.351340096,/mocap/xwing/pose.transform.rotation.w,0.6959407307172099
1.58103101,1760031882.358031010,/mocap/xwing/pose.transform.rotation.w,0.6961723327308956
1.584772498,1760031882.361772498,/mocap/xwing/pose.transform.rotation.w,0.6962383916628724
1.584794355,1760031882.361794355,/mocap/xwing/pose.transform.rotation.w,0.6961276651997089
1.584847145,1760031882.361847145,/mocap/xwing/pose.transform.rotation.w,0.6959311941276388
1.636819205,1760031882.413819205,/mocap/xwing/pose.transform.rotation.w,0.6958718418705815
1.636884927,1760031882.413884927,/mocap/xwing/pose.transform.rotation.w,0.6959667027993414
1.640510505,1760031882.417510505,/mocap/xwing/pose.transform.rotation.w,0.6962032755737793
1.640519464,1760031882.417519464,/mocap/xwing/pose.transform.rotation.w,0.6962524707243375
1.6405328510000001,1760031882.417532851,/mocap/xwing/pose.transform.rotation.w,0.6962243563152141
1.640549584,1760031882.417549584,/mocap/xwing/pose.transform.rotation.w,0.6960708125168295
1.640607144,1760031882.417607144,/mocap/xwing/pose.transform.rotation.w,0.695915171240565
1.6406432610000001,1760031882.417643261,/mocap/xwing/pose.transform.rotation.w,0.6959345473919895
1.6406588590000002,1760031882.417658859,/mocap/xwing/pose.transform.rotation.w,0.6960864921800857
1.64067076,1760031882.417670760,/mocap/xwing/pose.transform.rotation.w,0.6963230107865742
1.640699488,1760031882.417699488,/mocap/xwing/pose.transform.rotation.w,0.696438621367359
1.64072577,1760031882.417725770,/mocap/xwing/pose.transform.rotation.w,0.6963816623410023
1.640738545,1760031882.417738545,/mocap/xwing/pose.transform.rotation.w,0.6962091351467338
1.6407569610000001,1760031882.417756961,/mocap/xwing/pose.transform.rotation.w,0.6960670941092347
1.640773115,1760031882.417773115,/mocap/xwing/pose.transform.rotation.w,0.6961275333128063
1.640785734,1760031882.417785734,/mocap/xwing/pose.transform.rotation.w,0.6963051752345477
1.640834672,1760031882.417834672,/mocap/xwing/pose.transform.rotation.w,0.6964268476706829
1.6452386300000001,1760031882.422238630,/mocap/xwing/pose.transform.rotation.w,0.6965155578845095
1.649806711,1760031882.426806711,/mocap/xwing/pose.transform.rotation.w,0.6963691578974815
1.655932516,1760031882.432932516,/mocap/xwing/pose.transform.rotation.w,0.6962351241161864
1.655942794,1760031882.432942794,/mocap/xwing/pose.transform.rotation.w,0.6962000960817297
1.66548476,1760031882.442484760,/mocap/xwing/pose.transform.rotation.w,0.6963411050710391
1.665524749,1760031882.442524749,/mocap/xwing/pose.transform.rotation.w,0.6965118284677958
1.6819506720000001,1760031882.458950672,/mocap/xwing/pose.transform.rotation.w,0.6966366655952021
1.6819645300000001,1760031882.458964530,/mocap/xwing/pose.transform.rotation.w,0.6966219627517868
1.682026853,1760031882.459026853,/mocap/xwing/pose.transform.rotation.w,0.6964527114742619
1.738954428,1760031882.515954428,/mocap/xwing/pose.transform.rotation.w,0.696321859890664
1.738970719,1760031882.515970719,/mocap/xwing/pose.transform.rotation.w,0.69627081921553
1.738982999,1760031882.515982999,/mocap/xwing/pose.transform.rotation.w,0.6964147971599012
1.739018518,1760031882.516018518,/mocap/xwing/pose.transform.rotation.w,0.6965459476144062
1.7390355510000002,1760031882.516035551,/mocap/xwing/pose.transform.rotation.w,0.6966554577264478
1.7390553510000002,1760031882.516055351,/mocap/xwing/pose.transform.rotation.w,0.6966501706428584
1.739075809,1760031882.516075809,/mocap/xwing/pose.transform.rotation.w,0.6965393588421427
1.7390961,1760031882.516096100,/mocap/xwing/pose.transform.rotation.w,0.6964664245583051
1.739115991,1760031882.516115991,/mocap/xwing/pose.transform.rotation.w,0.6965029499922609
1.7391311680000001,1760031882.516131168,/mocap/xwing/pose.transform.rotation.w,0.6966596744633492
1.739151495,1760031882.516151495,/mocap/xwing/pose.transform.rotation.w,0.6968302801641945
1.739169835,1760031882.516169835,/mocap/xwing/pose.transform.rotation.w,0.6968138233608494
1.739233655,1760031882.516233655,/mocap/xwing/pose.transform.rotation.w,0.6966933395153221
1.73927772,1760031882.516277720,/mocap/xwing/pose.transform.rotation.w,0.696552328737758
1.739297224,1760031882.516297224,/mocap/xwing/pose.transform.rotation.w,0.6965056380676846
1.7393191890000002,1760031882.516319189,/mocap/xwing/pose.transform.rotation.w,0.6965735173446009
1.739332557,1760031882.516332557,/mocap/xwing/pose.transform.rotation.w,0.6968075271996809
1.739396062,1760031882.516396062,/mocap/xwing/pose.transform.rotation.w,0.696977657530605
1.7395241989999999,1760031882.516524199,/mocap/xwing/pose.transform.rotation.w,0.6969670292283353
1.7523593860000002,1760031882.529359386,/mocap/xwing/pose.transform.rotation.w,0.6968758472330123
1.7523856850000001,1760031882.529385685,/mocap/xwing/pose.transform.rotation.w,0.6966870271658903
1.75239066,1760031882.529390660,/mocap/xwing/pose.transform.rotation.w,0.6966634550296681
1.755171551,1760031882.532171551,/mocap/xwing/pose.transform.rotation.w,0.696715292800583
1.755190822,1760031882.532190822,/mocap/xwing/pose.transform.rotation.w,0.6968846693972746
1.755202959,1760031882.532202959,/mocap/xwing/pose.transform.rotation.w,0.6969743069284043
1.758094598,1760031882.535094598,/mocap/xwing/pose.transform.rotation.w,0.6969808784907973
1.760367443,1760031882.537367443,/mocap/xwing/pose.transform.rotation.w,0.6968464207525897
1.76552051,1760031882.542520510,/mocap/xwing/pose.transform.rotation.w,0.696758139662391
1.770448686,1760031882.547448686,/mocap/xwing/pose.transform.rotation.w,0.6968284729877564
1.770461691,1760031882.547461691,/mocap/xwing/pose.transform.rotation.w,0.6969614776598897
1.774486392,1760031882.551486392,/mocap/xwing/pose.transform.rotation.w,0.6971512234427952
1.779798282,1760031882.556798282,/mocap/xwing/pose.transform.rotation.w,0.697202422962827
1.784238179,1760031882.561238179,/mocap/xwing/pose.transform.rotation.w,0.6970965337716758
1.78424212,1760031882.561242120,/mocap/xwing/pose.transform.rotation.w,0.6968794302155141
1.787081835,1760031882.564081835,/mocap/xwing/pose.transform.rotation.w,0.6968152833049203
1.792070442,1760031882.569070442,/mocap/xwing/pose.transform.rotation.w,0.696830103984226
1.79469426,1760031882.571694260,/mocap/xwing/pose.transform.rotation.w,0.6970383028167757
1.797388516,1760031882.574388516,/mocap/xwing/pose.transform.rotation.w,0.6971792682377962
1.8001235150000001,1760031882.577123515,/mocap/xwing/pose.transform.rotation.w,0.6972195565251471
1.802457098,1760031882.579457098,/mocap/xwing/pose.transform.rotation.w,0.6971357008391157
1.807786476,1760031882.584786476,/mocap/xwing/pose.transform.rotation.w,0.6969646007317002
1.8107085280000002,1760031882.587708528,/mocap/xwing/pose.transform.rotation.w,0.6969573726371749
1.813553157,1760031882.590553157,/mocap/xwing/pose.transform.rotation.w,0.6970920789388667
1.818834956,1760031882.595834956,/mocap/xwing/pose.transform.rotation.w,0.6972217557166975
1.8253180420000001,1760031882.602318042,/mocap/xwing/pose.transform.rotation.w,0.6973072758167925
1.825327858,1760031882.602327858,/mocap/xwing/pose.transform.rotation.w,0.6972587462579721
1.832329944,1760031882.609329944,/mocap/xwing/pose.transform.rotation.w,0.6971290779413628
1.832340665,1760031882.609340665,/mocap/xwing/pose.transform.rotation.w,0.6969655385522665
1.8351986610000002,1760031882.612198661,/mocap/xwing/pose.transform.rotation.w,0.6969820631605975
1.8389278450000002,1760031882.615927845,/mocap/xwing/pose.transform.rotation.w,0.6971591320401115
1.842858262,1760031882.619858262,/mocap/xwing/pose.transform.rotation.w,0.697410589509389
1.850765065,1760031882.627765065,/mocap/xwing/pose.transform.rotation.w,0.6974519438640376
1.850775922,1760031882.627775922,/mocap/xwing/pose.transform.rotation.w,0.6973606892093434
1.8537530590000002,1760031882.630753059,/mocap/xwing/pose.transform.rotation.w,0.6972222438445799
1.8537654940000001,1760031882.630765494,/mocap/xwing/pose.transform.rotation.w,0.6970962721801789
1.859218066,1760031882.636218066,/mocap/xwing/pose.transform.rotation.w,0.6971204761827569
1.862735173,1760031882.639735173,/mocap/xwing/pose.transform.rotation.w,0.6973429367007121
1.862757889,1760031882.639757889,/mocap/xwing/pose.transform.rotation.w,0.6974389121499904
1.865835255,1760031882.642835255,/mocap/xwing/pose.transform.rotation.w,0.6974493901110821
1.871747107,1760031882.648747107,/mocap/xwing/pose.transform.rotation.w,0.6972911889575949
1.874005138,1760031882.651005138,/mocap/xwing/pose.transform.rotation.w,0.697184802703472
1.8801912820000002,1760031882.657191282,/mocap/xwing/pose.transform.rotation.w,0.6971491796087862
1.884283575,1760031882.661283575,/mocap/xwing/pose.transform.rotation.w,0.6972732142503276
1.8843232680000002,1760031882.661323268,/mocap/xwing/pose.transform.rotation.w,0.6974672884050067
1.890446453,1760031882.667446453,/mocap/xwing/pose.transform.rotation.w,0.6975957252930225
1.8985572350000002,1760031882.675557235,/mocap/xwing/pose.transform.rotation.w,0.6975717011868499
1.898579501,1760031882.675579501,/mocap/xwing/pose.transform.rotation.w,0.69745717303666
1.898602697,1760031882.675602697,/mocap/xwing/pose.transform.rotation.w,0.6972812715572281
1.902602436,1760031882.679602436,/mocap/xwing/pose.transform.rotation.w,0.6972666667168458
1.907251589,1760031882.684251589,/mocap/xwing/pose.transform.rotation.w,0.6974124738439172
1.912541789,1760031882.689541789,/mocap/xwing/pose.transform.rotation.w,0.6975565924351407
1.912559619,1760031882.689559619,/mocap/xwing/pose.transform.rotation.w,0.6976156988705295
1.917751412,1760031882.694751412,/mocap/xwing/pose.transform.rotation.w,0.6975518336941828
1.922023126,1760031882.699023126,/mocap/xwing/pose.transform.rotation.w,0.697449303443585
1.9220863430000001,1760031882.699086343,/mocap/xwing/pose.transform.rotation.w,0.6973586706256143
1.926295932,1760031882.703295932,/mocap/xwing/pose.transform.rotation.w,0.6974452374094522
1.934756545,1760031882.711756545,/mocap/xwing/pose.transform.rotation.w,0.6976568231662591
1.934786339,1760031882.711786339,/mocap/xwing/pose.transform.rotation.w,0.6977412357531059
1.941141369,1760031882.718141369,/mocap/xwing/pose.transform.rotation.w,0.697755522757629
1.941229972,1760031882.718229972,/mocap/xwing/pose.transform.rotation.w,0.6976165952525142
1.9528469890000002,1760031882.729846989,/mocap/xwing/pose.transform.rotation.w,0.6974976597365814
1.95288373,1760031882.729883730,/mocap/xwing/pose.transform.rotation.w,0.6974260521569107
1.9529457790000002,1760031882.729945779,/mocap/xwing/pose.transform.rotation.w,0.6975075550821105
1.952964083,1760031882.729964083,/mocap/xwing/pose.transform.rotation.w,0.6977565894764978
1.956337395,1760031882.733337395,/mocap/xwing/pose.transform.rotation.w,0.6978922219598407
1.956367501,1760031882.733367501,/mocap/xwing/pose.transform.rotation.w,0.697857950523061
1.962858943,1760031882.739858943,/mocap/xwing/pose.transform.rotation.w,0.6977282321662928
1.96636513,1760031882.743365130,/mocap/xwing/pose.transform.rotation.w,0.6975828981276865
1.9702787050000001,1760031882.747278705,/mocap/xwing/pose.transform.rotation.w,0.6975519476654191
1.970350787,1760031882.747350787,/mocap/xwing/pose.transform.rotation.w,0.6977464062425769
1.9876921,1760031882.764692100,/mocap/xwing/pose.transform.rotation.w,0.697887179986986
1.987741261,1760031882.764741261,/mocap/xwing/pose.transform.rotation.w,0.6980038122119819
1.991844039,1760031882.768844039,/mocap/xwing/pose.transform.rotation.w,0.6978422812128195
1.991860692,1760031882.768860692,/mocap/xwing/pose.transform.rotation.w,0.6977380764383897
1.991868938,1760031882.768868938,/mocap/xwing/pose.transform.rotation.w,0.6976214127540782
1.991924153,1760031882.768924153,/mocap/xwing/pose.transform.rotation.w,0.6976841578936571
2.003670856,1760031882.780670856,/mocap/xwing/pose.transform.rotation.w,0.6978878108372778
2.019380616,1760031882.796380616,/mocap/xwing/pose.transform.rotation.w,0.6980235583125565
2.01939369,1760031882.796393690,/mocap/xwing/pose.transform.rotation.w,0.6980497358856499
2.019421207,1760031882.796421207,/mocap/xwing/pose.transform.rotation.w,0.6979212650580793
2.019437975,1760031882.796437975,/mocap/xwing/pose.transform.rotation.w,0.697736987358297
2.019451864,1760031882.796451864,/mocap/xwing/pose.transform.rotation.w,0.6976768778193335
2.019466974,1760031882.796466974,/mocap/xwing/pose.transform.rotation.w,0.6977818134849422
2.031204878,1760031882.808204878,/mocap/xwing/pose.transform.rotation.w,0.6980259995240918
2.031360028,1760031882.808360028,/mocap/xwing/pose.transform.rotation.w,0.6981330985682584
2.031386735,1760031882.808386735,/mocap/xwing/pose.transform.rotation.w,0.6981273665100061
2.031575524,1760031882.808575524,/mocap/xwing/pose.transform.rotation.w,0.6979528362641547
2.038172389,1760031882.815172389,/mocap/xwing/pose.transform.rotation.w,0.6977559535052497
2.042226734,1760031882.819226734,/mocap/xwing/pose.transform.rotation.w,0.697867550453924
2.04224788,1760031882.819247880,/mocap/xwing/pose.transform.rotation.w,0.6980387834797063
2.049242445,1760031882.826242445,/mocap/xwing/pose.transform.rotation.w,0.6981371747993657
2.098530939,1760031882.875530939,/mocap/xwing/pose.transform.rotation.w,0.698118261528256
2.098543963,1760031882.875543963,/mocap/xwing/pose.transform.rotation.w,0.6979086326113477
2.098565077,1760031882.875565077,/mocap/xwing/pose.transform.rotation.w,0.6978291512794585
2.098619784,1760031882.875619784,/mocap/xwing/pose.transform.rotation.w,0.6978836437786909
2.098633992,1760031882.875633992,/mocap/xwing/pose.transform.rotation.w,0.6980960851126283
2.098643513,1760031882.875643513,/mocap/xwing/pose.transform.rotation.w,0.6981572741665758
2.098676533,1760031882.875676533,/mocap/xwing/pose.transform.rotation.w,0.6981924278768277
2.09878508,1760031882.875785080,/mocap/xwing/pose.transform.rotation.w,0.6980409575349633
2.098798817,1760031882.875798817,/mocap/xwing/pose.transform.rotation.w,0.6978760354965625
2.098811667,1760031882.875811667,/mocap/xwing/pose.transform.rotation.w,0.6978479846879166
2.098866419,1760031882.875866419,/mocap/xwing/pose.transform.rotation.w,0.6979578925275428
2.098885488,1760031882.875885488,/mocap/xwing/pose.transform.rotation.w,0.6981908505929163
2.098903648,1760031882.875903648,/mocap/xwing/pose.transform.rotation.w,0.6983390596868352
2.098917518,1760031882.875917518,/mocap/xwing/pose.transform.rotation.w,0.6982912936728451
2.105715523,1760031882.882715523,/mocap/xwing/pose.transform.rotation.w,0.6981415815422909
2.105736303,1760031882.882736303,/mocap/xwing/pose.transform.rotation.w,0.6978774491848643
2.105764699,1760031882.882764699,/mocap/xwing/pose.transform.rotation.w,0.6978835758483822
2.105773276,1760031882.882773276,/mocap/xwing/pose.transform.rotation.w,0.6980535273388188
2.112554455,1760031882.889554455,/mocap/xwing/pose.transform.rotation.w,0.6982675013093008
2.112569548,1760031882.889569548,/mocap/xwing/pose.transform.rotation.w,0.6983874670296936
2.116412411,1760031882.893412411,/mocap/xwing/pose.transform.rotation.w,0.6983079182632488
2.12636451,1760031882.903364510,/mocap/xwing/pose.transform.rotation.w,0.6981577460161449
2.126454283,1760031882.903454283,/mocap/xwing/pose.transform.rotation.w,0.6980142180432538
2.170092177,1760031882.947092177,/mocap/xwing/pose.transform.rotation.w,0.6980628612397325
2.170130985,1760031882.947130985,/mocap/xwing/pose.transform.rotation.w,0.6982302036836736
2.170148044,1760031882.947148044,/mocap/xwing/pose.transform.rotation.w,0.6983751041869148
2.170167463,1760031882.947167463,/mocap/xwing/pose.transform.rotation.w,0.6983864351325784
2.170184534,1760031882.947184534,/mocap/xwing/pose.transform.rotation.w,0.6982463900802176
2.170197205,1760031882.947197205,/mocap/xwing/pose.transform.rotation.w,0.6981043393669727
2.1702089,1760031882.947208900,/mocap/xwing/pose.transform.rotation.w,0.6980800118511851
2.170227524,1760031882.947227524,/mocap/xwing/pose.transform.rotation.w,0.6982302831995799
2.170241657,1760031882.947241657,/mocap/xwing/pose.transform.rotation.w,0.6984077582640674
2.170260494,1760031882.947260494,/mocap/xwing/pose.transform.rotation.w,0.6985364394334106
2.170276744,1760031882.947276744,/mocap/xwing/pose.transform.rotation.w,0.6984559676006518
2.170298479,1760031882.947298479,/mocap/xwing/pose.transform.rotation.w,0.6982518719274075
2.170318022,1760031882.947318022,/mocap/xwing/pose.transform.rotation.w,0.6981032454144159
2.17034396,1760031882.947343960,/mocap/xwing/pose.transform.rotation.w,0.6981459022632394
2.199477334,1760031882.976477334,/mocap/xwing/pose.transform.rotation.w,0.6983212230532798
2.199499492,1760031882.976499492,/mocap/xwing/pose.transform.rotation.w,0.6984427694225794
2.199514554,1760031882.976514554,/mocap/xwing/pose.transform.rotation.w,0.6985162311243165
2.199583643,1760031882.976583643,/mocap/xwing/pose.transform.rotation.w,0.6984301203510885
2.209338085,1760031882.986338085,/mocap/xwing/pose.transform.rotation.w,0.6982705273382247
2.209356673,1760031882.986356673,/mocap/xwing/pose.transform.rotation.w,0.698135257255425
2.209378459,1760031882.986378459,/mocap/xwing/pose.transform.rotation.w,0.698229054698797
2.2093920320000002,1760031882.986392032,/mocap/xwing/pose.transform.rotation.w,0.6983989592814694
2.2094368380000002,1760031882.986436838,/mocap/xwing/pose.transform.rotation.w,0.6985379723646158
2.2094740330000002,1760031882.986474033,/mocap/xwing/pose.transform.rotation.w,0.6985025369565178
2.209493378,1760031882.986493378,/mocap/xwing/pose.transform.rotation.w,0.6983347543723867
2.209573536,1760031882.986573536,/mocap/xwing/pose.transform.rotation.w,0.6981893073058073
2.211583503,1760031882.988583503,/mocap/xwing/pose.transform.rotation.w,0.6981277486533136
2.215504594,1760031882.992504594,/mocap/xwing/pose.transform.rotation.w,0.6982345259207584
2.220897903,1760031882.997897903,/mocap/xwing/pose.transform.rotation.w,0.6984486792125114
2.220937612,1760031882.997937612,/mocap/xwing/pose.transform.rotation.w,0.6985537979123502
2.22495227,1760031883.001952270,/mocap/xwing/pose.transform.rotation.w,0.6985201436859495
2.230271854,1760031883.007271854,/mocap/xwing/pose.transform.rotation.w,0.6983099238153581
2.230325994,1760031883.007325994,/mocap/xwing/pose.transform.rotation.w,0.6981260810819584
2.236527965,1760031883.013527965,/mocap/xwing/pose.transform.rotation.w,0.6980973659403128
2.24063068,1760031883.017630680,/mocap/xwing/pose.transform.rotation.w,0.6982385727081447
2.2406941910000002,1760031883.017694191,/mocap/xwing/pose.transform.rotation.w,0.6983976716783868
2.291060078,1760031883.068060078,/mocap/xwing/pose.transform.rotation.w,0.6984214776741153
2.291064387,1760031883.068064387,/mocap/xwing/pose.transform.rotation.w,0.6983338083815075
2.291070001,1760031883.068070001,/mocap/xwing/pose.transform.rotation.w,0.6981804853592944
2.2910747430000002,1760031883.068074743,/mocap/xwing/pose.transform.rotation.w,0.6980279577792952
2.291095427,1760031883.068095427,/mocap/xwing/pose.transform.rotation.w,0.6980566944463215
2.291099728,1760031883.068099728,/mocap/xwing/pose.transform.rotation.w,0.6982083663263635
2.291104345,1760031883.068104345,/mocap/xwing/pose.transform.rotation.w,0.698333659894884
2.291109177,1760031883.068109177,/mocap/xwing/pose.transform.rotation.w,0.6983696288989029
2.291113536,1760031883.068113536,/mocap/xwing/pose.transform.rotation.w,0.6981565351235937
2.291117336,1760031883.068117336,/mocap/xwing/pose.transform.rotation.w,0.698055489838862
2.291120691,1760031883.068120691,/mocap/xwing/pose.transform.rotation.w,0.6980366199592399
2.291158811,1760031883.068158811,/mocap/xwing/pose.transform.rotation.w,0.6981667034624227
2.291164576,1760031883.068164576,/mocap/xwing/pose.transform.rotation.w,0.6982685548365262
2.291216704,1760031883.068216704,/mocap/xwing/pose.transform.rotation.w,0.6983243532716086
2.2937910820000003,1760031883.070791082,/mocap/xwing/pose.transform.rotation.w,0.6982169750871559
2.300227669,1760031883.077227669,/mocap/xwing/pose.transform.rotation.w,0.6980332124377342
2.300234462,1760031883.077234462,/mocap/xwing/pose.transform.rotation.w,0.697907356212745
2.300239151,1760031883.077239151,/mocap/xwing/pose.transform.rotation.w,0.6979468016270354
2.302720166,1760031883.079720166,/mocap/xwing/pose.transform.rotation.w,0.6980842835973932
2.308095293,1760031883.085095293,/mocap/xwing/pose.transform.rotation.w,0.6982681569054918
2.313844391,1760031883.090844391,/mocap/xwing/pose.transform.rotation.w,0.6983039125293861
2.321347773,1760031883.098347773,/mocap/xwing/pose.transform.rotation.w,0.6981898194727997
2.32135325,1760031883.098353250,/mocap/xwing/pose.transform.rotation.w,0.6980324621165365
2.321355364,1760031883.098355364,/mocap/xwing/pose.transform.rotation.w,0.6979033198689406
2.323303921,1760031883.100303921,/mocap/xwing/pose.transform.rotation.w,0.6979422467585565
2.327350288,1760031883.104350288,/mocap/xwing/pose.transform.rotation.w,0.6981237515622287
2.331084176,1760031883.108084176,/mocap/xwing/pose.transform.rotation.w,0.6982331690553001
2.3365187880000002,1760031883.113518788,/mocap/xwing/pose.transform.rotation.w,0.6982711508113528
2.339223866,1760031883.116223866,/mocap/xwing/pose.transform.rotation.w,0.6981282151665831
2.33922887,1760031883.116228870,/mocap/xwing/pose.transform.rotation.w,0.697983526072412
2.389333415,1760031883.166333415,/mocap/xwing/pose.transform.rotation.w,0.6979170516232743
2.400348107,1760031883.177348107,/mocap/xwing/pose.transform.rotation.w,0.6980083149960424
2.400353412,1760031883.177353412,/mocap/xwing/pose.transform.rotation.w,0.6981717865394815
2.400358097,1760031883.177358097,/mocap/xwing/pose.transform.rotation.w,0.6982260030113071
2.400363665,1760031883.177363665,/mocap/xwing/pose.transform.rotation.w,0.698255950634429
2.400372388,1760031883.177372388,/mocap/xwing/pose.transform.rotation.w,0.698132741738295
2.400378077,1760031883.177378077,/mocap/xwing/pose.transform.rotation.w,0.6979625243062518
2.400384282,1760031883.177384282,/mocap/xwing/pose.transform.rotation.w,0.698004523655214
2.400388959,1760031883.177388959,/mocap/xwing/pose.transform.rotation.w,0.6981021179752225
2.400392416,1760031883.177392416,/mocap/xwing/pose.transform.rotation.w,0.6982927159279684
2.400397483,1760031883.177397483,/mocap/xwing/pose.transform.rotation.w,0.698289842026386
2.400402936,1760031883.177402936,/mocap/xwing/pose.transform.rotation.w,0.6982370628265991
2.400407821,1760031883.177407821,/mocap/xwing/pose.transform.rotation.w,0.6980469370192752
2.400412046,1760031883.177412046,/mocap/xwing/pose.transform.rotation.w,0.6979082282796345
2.400418723,1760031883.177418723,/mocap/xwing/pose.transform.rotation.w,0.6980018355420112
2.409361564,1760031883.186361564,/mocap/xwing/pose.transform.rotation.w,0.6982043945378027
2.4093673410000003,1760031883.186367341,/mocap/xwing/pose.transform.rotation.w,0.6983596627777248
2.409371275,1760031883.186371275,/mocap/xwing/pose.transform.rotation.w,0.6983545153589888
2.409375882,1760031883.186375882,/mocap/xwing/pose.transform.rotation.w,0.6982800631041778
2.409392854,1760031883.186392854,/mocap/xwing/pose.transform.rotation.w,0.6980689145460186
2.428840228,1760031883.205840228,/mocap/xwing/pose.transform.rotation.w,0.697956436364385
2.460803893,1760031883.237803893,/mocap/xwing/pose.transform.rotation.w,0.6980308631570527
2.46082178,1760031883.237821780,/mocap/xwing/pose.transform.rotation.w,0.698212322745522
2.460849569,1760031883.237849569,/mocap/xwing/pose.transform.rotation.w,0.6983063553328959
2.460885836,1760031883.237885836,/mocap/xwing/pose.transform.rotation.w,0.6983377233590622
2.460897321,1760031883.237897321,/mocap/xwing/pose.transform.rotation.w,0.698202531379787
2.460910834,1760031883.237910834,/mocap/xwing/pose.transform.rotation.w,0.6980817827179182
2.460933898,1760031883.237933898,/mocap/xwing/pose.transform.rotation.w,0.6980721748069142
2.460952314,1760031883.237952314,/mocap/xwing/pose.transform.rotation.w,0.6981991651840936
2.460969577,1760031883.237969577,/mocap/xwing/pose.transform.rotation.w,0.6983652194531059
2.460983626,1760031883.237983626,/mocap/xwing/pose.transform.rotation.w,0.6984559396399787
2.460997759,1760031883.237997759,/mocap/xwing/pose.transform.rotation.w,0.6983508238088871
2.461025576,1760031883.238025576,/mocap/xwing/pose.transform.rotation.w,0.6981603207385448
2.461041758,1760031883.238041758,/mocap/xwing/pose.transform.rotation.w,0.6980648996391802
2.461055584,1760031883.238055584,/mocap/xwing/pose.transform.rotation.w,0.6980738110913584
2.4776647240000003,1760031883.254664724,/mocap/xwing/pose.transform.rotation.w,0.6982875533522556
2.477728063,1760031883.254728063,/mocap/xwing/pose.transform.rotation.w,0.6984546036980334
2.484438854,1760031883.261438854,/mocap/xwing/pose.transform.rotation.w,0.6984841093176838
2.484454553,1760031883.261454553,/mocap/xwing/pose.transform.rotation.w,0.6983547918861023
2.484490073,1760031883.261490073,/mocap/xwing/pose.transform.rotation.w,0.6981720400286945
2.48453311,1760031883.261533110,/mocap/xwing/pose.transform.rotation.w,0.6981309618482444
2.484567034,1760031883.261567034,/mocap/xwing/pose.transform.rotation.w,0.6982165914387529
2.489393998,1760031883.266393998,/mocap/xwing/pose.transform.rotation.w,0.6984233239570038
2.535088278,1760031883.312088278,/mocap/xwing/pose.transform.rotation.w,0.6985095428834492
2.535092266,1760031883.312092266,/mocap/xwing/pose.transform.rotation.w,0.6984847308808951
2.535096783,1760031883.312096783,/mocap/xwing/pose.transform.rotation.w,0.6982555622281341
2.535105471,1760031883.312105471,/mocap/xwing/pose.transform.rotation.w,0.6981553806685837
2.535110909,1760031883.312110909,/mocap/xwing/pose.transform.rotation.w,0.6981225819774071
2.535137314,1760031883.312137314,/mocap/xwing/pose.transform.rotation.w,0.6983239151678365
2.535142945,1760031883.312142945,/mocap/xwing/pose.transform.rotation.w,0.6985241196837371
2.535147675,1760031883.312147675,/mocap/xwing/pose.transform.rotation.w,0.6986291764628163
2.535152226,1760031883.312152226,/mocap/xwing/pose.transform.rotation.w,0.6985236589552944
2.535161811,1760031883.312161811,/mocap/xwing/pose.transform.rotation.w,0.6983009944396397
2.535177154,1760031883.312177154,/mocap/xwing/pose.transform.rotation.w,0.6982002127477407
2.535183662,1760031883.312183662,/mocap/xwing/pose.transform.rotation.w,0.69823500261886
2.535196979,1760031883.312196979,/mocap/xwing/pose.transform.rotation.w,0.6983824223316213
2.5352021760000003,1760031883.312202176,/mocap/xwing/pose.transform.rotation.w,0.6985398545833471
2.5385551250000002,1760031883.315555125,/mocap/xwing/pose.transform.rotation.w,0.6985644132244508
2.538568534,1760031883.315568534,/mocap/xwing/pose.transform.rotation.w,0.698405645661961
2.541934532,1760031883.318934532,/mocap/xwing/pose.transform.rotation.w,0.6982657503285248
2.5932678080000002,1760031883.370267808,/mocap/xwing/pose.transform.rotation.w,0.6982040603640067
2.5933007530000003,1760031883.370300753,/mocap/xwing/pose.transform.rotation.w,0.698389434543905
2.5933100319999998,1760031883.370310032,/mocap/xwing/pose.transform.rotation.w,0.6985841123314379
2.593315498,1760031883.370315498,/mocap/xwing/pose.transform.rotation.w,0.6987576688733348
2.593322306,1760031883.370322306,/mocap/xwing/pose.transform.rotation.w,0.698725663214406
2.593331839,1760031883.370331839,/mocap/xwing/pose.transform.rotation.w,0.6985004626277133
2.593340995,1760031883.370340995,/mocap/xwing/pose.transform.rotation.w,0.6982766398169401
2.593360138,1760031883.370360138,/mocap/xwing/pose.transform.rotation.w,0.6982605110591039
2.593403237,1760031883.370403237,/mocap/xwing/pose.transform.rotation.w,0.6983862876897718
2.593410133,1760031883.370410133,/mocap/xwing/pose.transform.rotation.w,0.6985745460123738
2.593422058,1760031883.370422058,/mocap/xwing/pose.transform.rotation.w,0.6986604881423509
2.59342909,1760031883.370429090,/mocap/xwing/pose.transform.rotation.w,0.6985818726316948
2.593435107,1760031883.370435107,/mocap/xwing/pose.transform.rotation.w,0.6984553100400513
2.5934413530000002,1760031883.370441353,/mocap/xwing/pose.transform.rotation.w,0.6983923400520864
2.59345125,1760031883.370451250,/mocap/xwing/pose.transform.rotation.w,0.6985144639965731
2.593484107,1760031883.370484107,/mocap/xwing/pose.transform.rotation.w,0.6986482029822348
2.599028917,1760031883.376028917,/mocap/xwing/pose.transform.rotation.w,0.6987522538137152
2.620408993,1760031883.397408993,/mocap/xwing/pose.transform.rotation.w,0.6987045120549052
2.620414026,1760031883.397414026,/mocap/xwing/pose.transform.rotation.w,0.6985192130168837
2.62042432,1760031883.397424320,/mocap/xwing/pose.transform.rotation.w,0.6982665826386687
2.620426899,1760031883.397426899,/mocap/xwing/pose.transform.rotation.w,0.6982064412217608
2.620429462,1760031883.397429462,/mocap/xwing/pose.transform.rotation.w,0.6983805178987185
2.620444015,1760031883.397444015,/mocap/xwing/pose.transform.rotation.w,0.6985740555051708
2.623614605,1760031883.400614605,/mocap/xwing/pose.transform.rotation.w,0.6987846427310481
2.623618328,1760031883.400618328,/mocap/xwing/pose.transform.rotation.w,0.6987406044459369
2.672862696,1760031883.449862696,/mocap/xwing/pose.transform.rotation.w,0.698622166125912
2.672900307,1760031883.449900307,/mocap/xwing/pose.transform.rotation.w,0.6984826316242513
2.672921711,1760031883.449921711,/mocap/xwing/pose.transform.rotation.w,0.6984455846861809
2.672938027,1760031883.449938027,/mocap/xwing/pose.transform.rotation.w,0.6985681380456137
2.672961505,1760031883.449961505,/mocap/xwing/pose.transform.rotation.w,0.6986838185689316
2.67300403,1760031883.450004030,/mocap/xwing/pose.transform.rotation.w,0.698728393746152
2.6730463330000003,1760031883.450046333,/mocap/xwing/pose.transform.rotation.w,0.6986073843787537
2.673067656,1760031883.450067656,/mocap/xwing/pose.transform.rotation.w,0.6984601719418074
2.6731030909999998,1760031883.450103091,/mocap/xwing/pose.transform.rotation.w,0.6983967984329419
2.673113623,1760031883.450113623,/mocap/xwing/pose.transform.rotation.w,0.6984459192913912
2.673130175,1760031883.450130175,/mocap/xwing/pose.transform.rotation.w,0.698644654049952
2.673159506,1760031883.450159506,/mocap/xwing/pose.transform.rotation.w,0.6987888482111013
2.673182241,1760031883.450182241,/mocap/xwing/pose.transform.rotation.w,0.6988661152633391
2.6732011079999998,1760031883.450201108,/mocap/xwing/pose.transform.rotation.w,0.6986954651733558
2.687751039,1760031883.464751039,/mocap/xwing/pose.transform.rotation.w,0.6985548947380144
2.726181741,1760031883.503181741,/mocap/xwing/pose.transform.rotation.w,0.6984459709623407
2.72621457,1760031883.503214570,/mocap/xwing/pose.transform.rotation.w,0.6985470229586795
2.726376894,1760031883.503376894,/mocap/xwing/pose.transform.rotation.w,0.6987099288369145
2.726384874,1760031883.503384874,/mocap/xwing/pose.transform.rotation.w,0.6988301895355784
2.726390276,1760031883.503390276,/mocap/xwing/pose.transform.rotation.w,0.6988209260344029
2.7263988,1760031883.503398800,/mocap/xwing/pose.transform.rotation.w,0.6987184122510668
2.726404453,1760031883.503404453,/mocap/xwing/pose.transform.rotation.w,0.6985666037313509
2.7264106640000003,1760031883.503410664,/mocap/xwing/pose.transform.rotation.w,0.6985940825052253
2.726416754,1760031883.503416754,/mocap/xwing/pose.transform.rotation.w,0.6987714979241765
2.726424879,1760031883.503424879,/mocap/xwing/pose.transform.rotation.w,0.6989673408276676
2.726429979,1760031883.503429979,/mocap/xwing/pose.transform.rotation.w,0.6990319823490934
2.726434947,1760031883.503434947,/mocap/xwing/pose.transform.rotation.w,0.6989233197112202
2.726452791,1760031883.503452791,/mocap/xwing/pose.transform.rotation.w,0.6986764224486245
2.726466994,1760031883.503466994,/mocap/xwing/pose.transform.rotation.w,0.6985773828858185
2.726479648,1760031883.503479648,/mocap/xwing/pose.transform.rotation.w,0.6985760639008176
2.7319172800000002,1760031883.508917280,/mocap/xwing/pose.transform.rotation.w,0.6987423397715403
2.73193661,1760031883.508936610,/mocap/xwing/pose.transform.rotation.w,0.6989368839879156
2.754402933,1760031883.531402933,/mocap/xwing/pose.transform.rotation.w,0.6989959601102288
2.804528931,1760031883.581528931,/mocap/xwing/pose.transform.rotation.w,0.6989373898779719
2.80455114,1760031883.581551140,/mocap/xwing/pose.transform.rotation.w,0.6987925672354839
2.8045671260000002,1760031883.581567126,/mocap/xwing/pose.transform.rotation.w,0.6987909366239324
2.804679488,1760031883.581679488,/mocap/xwing/pose.transform.rotation.w,0.6989116997047635
2.804712563,1760031883.581712563,/mocap/xwing/pose.transform.rotation.w,0.6990858041008285
2.804728604,1760031883.581728604,/mocap/xwing/pose.transform.rotation.w,0.699152151416506
2.80475145,1760031883.581751450,/mocap/xwing/pose.transform.rotation.w,0.6990790935789457
2.810657288,1760031883.587657288,/mocap/xwing/pose.transform.rotation.w,0.6988692594017712
2.810680944,1760031883.587680944,/mocap/xwing/pose.transform.rotation.w,0.6987253100109925
2.810691162,1760031883.587691162,/mocap/xwing/pose.transform.rotation.w,0.6986734447586773
2.8107017450000003,1760031883.587701745,/mocap/xwing/pose.transform.rotation.w,0.6988667810894129
2.810763155,1760031883.587763155,/mocap/xwing/pose.transform.rotation.w,0.6991023011312987
2.810907789,1760031883.587907789,/mocap/xwing/pose.transform.rotation.w,0.6992943088400556
2.811026734,1760031883.588026734,/mocap/xwing/pose.transform.rotation.w,0.6991897452179511
2.81104434,1760031883.588044340,/mocap/xwing/pose.transform.rotation.w,0.6990797436847227
2.811064509,1760031883.588064509,/mocap/xwing/pose.transform.rotation.w,0.6989329266524416
2.81107578,1760031883.588075780,/mocap/xwing/pose.transform.rotation.w,0.6989808240455021
2.811424867,1760031883.588424867,/mocap/xwing/pose.transform.rotation.w,0.6990591000927325
2.811456386,1760031883.588456386,/mocap/xwing/pose.transform.rotation.w,0.6991907545432245
2.811495536,1760031883.588495536,/mocap/xwing/pose.transform.rotation.w,0.6991283713818063
2.812024527,1760031883.589024527,/mocap/xwing/pose.transform.rotation.w,0.6990389129602982
2.837285614,1760031883.614285614,/mocap/xwing/pose.transform.rotation.w,0.6989318331225991
2.837302059,1760031883.614302059,/mocap/xwing/pose.transform.rotation.w,0.6989796801526403
2.837316521,1760031883.614316521,/mocap/xwing/pose.transform.rotation.w,0.6990799578678802
2.83733328,1760031883.614333280,/mocap/xwing/pose.transform.rotation.w,0.6993497810174423
2.8373432000000003,1760031883.614343200,/mocap/xwing/pose.transform.rotation.w,0.6994856342062069
2.837357019,1760031883.614357019,/mocap/xwing/pose.transform.rotation.w,0.6994037905520725
2.839654864,1760031883.616654864,/mocap/xwing/pose.transform.rotation.w,0.699136744014336
2.839670817,1760031883.616670817,/mocap/xwing/pose.transform.rotation.w,0.6990028853751387
2.83968505,1760031883.616685050,/mocap/xwing/pose.transform.rotation.w,0.6989843819215469
2.839710762,1760031883.616710762,/mocap/xwing/pose.transform.rotation.w,0.6991492724439078
2.846831952,1760031883.623831952,/mocap/xwing/pose.transform.rotation.w,0.6993886837253267
2.8468921480000002,1760031883.623892148,/mocap/xwing/pose.transform.rotation.w,0.6994854467033655
2.886273792,1760031883.663273792,/mocap/xwing/pose.transform.rotation.w,0.6993810795620619
2.886286403,1760031883.663286403,/mocap/xwing/pose.transform.rotation.w,0.6991757096606344
2.886312622,1760031883.663312622,/mocap/xwing/pose.transform.rotation.w,0.699072492059381
2.886331389,1760031883.663331389,/mocap/xwing/pose.transform.rotation.w,0.6991400439038268
2.886364467,1760031883.663364467,/mocap/xwing/pose.transform.rotation.w,0.6992788419366839
2.886380676,1760031883.663380676,/mocap/xwing/pose.transform.rotation.w,0.699467051550706
2.88646094,1760031883.663460940,/mocap/xwing/pose.transform.rotation.w,0.6995005011502449
2.886475544,1760031883.663475544,/mocap/xwing/pose.transform.rotation.w,0.699354808377197
2.886496977,1760031883.663496977,/mocap/xwing/pose.transform.rotation.w,0.6992060726950691
2.886518305,1760031883.663518305,/mocap/xwing/pose.transform.rotation.w,0.6991334063766479
2.8865350960000002,1760031883.663535096,/mocap/xwing/pose.transform.rotation.w,0.699230335214398
2.88655132,1760031883.663551320,/mocap/xwing/pose.transform.rotation.w,0.6993696207093006
2.899650079,1760031883.676650079,/mocap/xwing/pose.transform.rotation.w,0.6994456283415736
2.899654904,1760031883.676654904,/mocap/xwing/pose.transform.rotation.w,0.6994178050764746
2.899660677,1760031883.676660677,/mocap/xwing/pose.transform.rotation.w,0.6992128759656315
2.899665119,1760031883.676665119,/mocap/xwing/pose.transform.rotation.w,0.6991327516627792
2.9230579260000003,1760031883.700057926,/mocap/xwing/pose.transform.rotation.w,0.6992259680920395
2.9231074770000003,1760031883.700107477,/mocap/xwing/pose.transform.rotation.w,0.6993226602549331
2.970878302,1760031883.747878302,/mocap/xwing/pose.transform.rotation.w,0.6995248802320705
2.970891822,1760031883.747891822,/mocap/xwing/pose.transform.rotation.w,0.6995627354817233
2.970906943,1760031883.747906943,/mocap/xwing/pose.transform.rotation.w,0.6991436461858752
2.970922847,1760031883.747922847,/mocap/xwing/pose.transform.rotation.w,0.6990409219627857
2.970937246,1760031883.747937246,/mocap/xwing/pose.transform.rotation.w,0.6990941074619974
2.970951355,1760031883.747951355,/mocap/xwing/pose.transform.rotation.w,0.6992458545041267
2.970964854,1760031883.747964854,/mocap/xwing/pose.transform.rotation.w,0.6993943544081168
2.971022795,1760031883.748022795,/mocap/xwing/pose.transform.rotation.w,0.6994497200120205
2.971073506,1760031883.748073506,/mocap/xwing/pose.transform.rotation.w,0.6993372655117559
2.971089643,1760031883.748089643,/mocap/xwing/pose.transform.rotation.w,0.6991540439410796
2.971109423,1760031883.748109423,/mocap/xwing/pose.transform.rotation.w,0.6990487768149746
2.971123005,1760031883.748123005,/mocap/xwing/pose.transform.rotation.w,0.6990874521694517
2.971138172,1760031883.748138172,/mocap/xwing/pose.transform.rotation.w,0.6992652072546501
2.971153031,1760031883.748153031,/mocap/xwing/pose.transform.rotation.w,0.699384654420615
2.971166482,1760031883.748166482,/mocap/xwing/pose.transform.rotation.w,0.6993406153409877
2.971184111,1760031883.748184111,/mocap/xwing/pose.transform.rotation.w,0.6991799309496949
2.9712632340000003,1760031883.748263234,/mocap/xwing/pose.transform.rotation.w,0.6989556747300483
2.976509488,1760031883.753509488,/mocap/xwing/pose.transform.rotation.w,0.6989748897370843
2.976522254,1760031883.753522254,/mocap/xwing/pose.transform.rotation.w,0.6990680251508156
2.976598026,1760031883.753598026,/mocap/xwing/pose.transform.rotation.w,0.6992498298063488
2.988015534,1760031883.765015534,/mocap/xwing/pose.transform.rotation.w,0.6992983437325391
2.9880486150000003,1760031883.765048615,/mocap/xwing/pose.transform.rotation.w,0.699221030177914
2.988061941,1760031883.765061941,/mocap/xwing/pose.transform.rotation.w,0.6989852317981823
3.039897701,1760031883.816897701,/mocap/xwing/pose.transform.rotation.w,0.6989541331934491
3.049677078,1760031883.826677078,/mocap/xwing/pose.transform.rotation.w,0.6991240773107987
3.049690557,1760031883.826690557,/mocap/xwing/pose.transform.rotation.w,0.6992720540799736
3.049735077,1760031883.826735077,/mocap/xwing/pose.transform.rotation.w,0.6991062823229778
3.04975591,1760031883.826755910,/mocap/xwing/pose.transform.rotation.w,0.6988465702665514
3.049774086,1760031883.826774086,/mocap/xwing/pose.transform.rotation.w,0.6987814065787289
3.049787287,1760031883.826787287,/mocap/xwing/pose.transform.rotation.w,0.6988396172239042
3.04980407,1760031883.826804070,/mocap/xwing/pose.transform.rotation.w,0.6990674480058814
3.049822995,1760031883.826822995,/mocap/xwing/pose.transform.rotation.w,0.6991707254985554
3.049891435,1760031883.826891435,/mocap/xwing/pose.transform.rotation.w,0.6991553056597797
3.049909434,1760031883.826909434,/mocap/xwing/pose.transform.rotation.w,0.6990016342263805
3.049991185,1760031883.826991185,/mocap/xwing/pose.transform.rotation.w,0.6988909221133099
3.050020514,1760031883.827020514,/mocap/xwing/pose.transform.rotation.w,0.698846626537174
3.050035477,1760031883.827035477,/mocap/xwing/pose.transform.rotation.w,0.698961021305478
3.050048198,1760031883.827048198,/mocap/xwing/pose.transform.rotation.w,0.6990535040334737
3.050125033,1760031883.827125033,/mocap/xwing/pose.transform.rotation.w,0.6991022243332123
3.062399427,1760031883.839399427,/mocap/xwing/pose.transform.rotation.w,0.6989883505900176
3.062506001,1760031883.839506001,/mocap/xwing/pose.transform.rotation.w,0.6987100355736683
3.062514805,1760031883.839514805,/mocap/xwing/pose.transform.rotation.w,0.6986227930797777
3.062519195,1760031883.839519195,/mocap/xwing/pose.transform.rotation.w,0.6986825114007441
3.06254335,1760031883.839543350,/mocap/xwing/pose.transform.rotation.w,0.6988982204502819
3.067040444,1760031883.844040444,/mocap/xwing/pose.transform.rotation.w,0.6990422052519576
3.075161561,1760031883.852161561,/mocap/xwing/pose.transform.rotation.w,0.6990053623916073
3.082564904,1760031883.859564904,/mocap/xwing/pose.transform.rotation.w,0.6986303887812665
3.082609606,1760031883.859609606,/mocap/xwing/pose.transform.rotation.w,0.6985092391528026
3.125105995,1760031883.902105995,/mocap/xwing/pose.transform.rotation.w,0.6985798864508065
3.125124386,1760031883.902124386,/mocap/xwing/pose.transform.rotation.w,0.6987102408598979
3.125141889,1760031883.902141889,/mocap/xwing/pose.transform.rotation.w,0.6988161607432062
3.125155253,1760031883.902155253,/mocap/xwing/pose.transform.rotation.w,0.6987568279254784
3.125166527,1760031883.902166527,/mocap/xwing/pose.transform.rotation.w,0.6986028575114084
3.125668163,1760031883.902668163,/mocap/xwing/pose.transform.rotation.w,0.698462628276555
3.12569,1760031883.902690000,/mocap/xwing/pose.transform.rotation.w,0.6984632256025052
3.125703091,1760031883.902703091,/mocap/xwing/pose.transform.rotation.w,0.6986135986638555
3.125715967,1760031883.902715967,/mocap/xwing/pose.transform.rotation.w,0.6987095126244887
3.125737198,1760031883.902737198,/mocap/xwing/pose.transform.rotation.w,0.6987940064753155
3.125754799,1760031883.902754799,/mocap/xwing/pose.transform.rotation.w,0.6986396942765642
3.125785849,1760031883.902785849,/mocap/xwing/pose.transform.rotation.w,0.6984845270881008
3.12598765,1760031883.902987650,/mocap/xwing/pose.transform.rotation.w,0.6983382166775524
3.129540789,1760031883.906540789,/mocap/xwing/pose.transform.rotation.w,0.698413382273509
3.134882992,1760031883.911882992,/mocap/xwing/pose.transform.rotation.w,0.6985136518278389
3.134893874,1760031883.911893874,/mocap/xwing/pose.transform.rotation.w,0.6986847676786297
3.134903031,1760031883.911903031,/mocap/xwing/pose.transform.rotation.w,0.6986985007479706
3.13908991,1760031883.916089910,/mocap/xwing/pose.transform.rotation.w,0.6986011151826493
3.145191972,1760031883.922191972,/mocap/xwing/pose.transform.rotation.w,0.6984715149159711
3.145233506,1760031883.922233506,/mocap/xwing/pose.transform.rotation.w,0.6983707326187548
3.154105377,1760031883.931105377,/mocap/xwing/pose.transform.rotation.w,0.6984821630134619
3.154121824,1760031883.931121824,/mocap/xwing/pose.transform.rotation.w,0.6986359436805593
3.158409394,1760031883.935409394,/mocap/xwing/pose.transform.rotation.w,0.6986841067801416
3.158422983,1760031883.935422983,/mocap/xwing/pose.transform.rotation.w,0.6986446456166452
3.166411963,1760031883.943411963,/mocap/xwing/pose.transform.rotation.w,0.6984324436827745
3.166420689,1760031883.943420689,/mocap/xwing/pose.transform.rotation.w,0.6982606467218364
3.173208291,1760031883.950208291,/mocap/xwing/pose.transform.rotation.w,0.6983028168090476
3.173221016,1760031883.950221016,/mocap/xwing/pose.transform.rotation.w,0.6984252992116363
3.206083963,1760031883.983083963,/mocap/xwing/pose.transform.rotation.w,0.6986459325067544
3.206140569,1760031883.983140569,/mocap/xwing/pose.transform.rotation.w,0.6985839972353785
3.206153765,1760031883.983153765,/mocap/xwing/pose.transform.rotation.w,0.6984467813911645
3.206168281,1760031883.983168281,/mocap/xwing/pose.transform.rotation.w,0.6981714722994237
3.206200289,1760031883.983200289,/mocap/xwing/pose.transform.rotation.w,0.6979581853830199
3.206229077,1760031883.983229077,/mocap/xwing/pose.transform.rotation.w,0.697859860840295
3.20626611,1760031883.983266110,/mocap/xwing/pose.transform.rotation.w,0.6979552141735156
3.211054944,1760031883.988054944,/mocap/xwing/pose.transform.rotation.w,0.6973677771979961
3.211071195,1760031883.988071195,/mocap/xwing/pose.transform.rotation.w,0.6971978272796212
3.211093755,1760031883.988093755,/mocap/xwing/pose.transform.rotation.w,0.6968994135147443
3.21119725,1760031883.988197250,/mocap/xwing/pose.transform.rotation.w,0.6967166716247241
3.217063043,1760031883.994063043,/mocap/xwing/pose.transform.rotation.w,0.6966975008633202
3.223109629,1760031884.000109629,/mocap/xwing/pose.transform.rotation.w,0.6967538925191368
3.240647297,1760031884.017647297,/mocap/xwing/pose.transform.rotation.w,0.696747956641037
3.240696193,1760031884.017696193,/mocap/xwing/pose.transform.rotation.w,0.6965529987543296
3.251677795,1760031884.028677795,/mocap/xwing/pose.transform.rotation.w,0.6961950755755213
3.251685449,1760031884.028685449,/mocap/xwing/pose.transform.rotation.w,0.6958741336666553
3.251691469,1760031884.028691469,/mocap/xwing/pose.transform.rotation.w,0.6956580347511584
3.251696997,1760031884.028696997,/mocap/xwing/pose.transform.rotation.w,0.6956187438613786
3.251701365,1760031884.028701365,/mocap/xwing/pose.transform.rotation.w,0.6956405096743183
3.251704616,1760031884.028704616,/mocap/xwing/pose.transform.rotation.w,0.6954706241194866
3.251716899,1760031884.028716899,/mocap/xwing/pose.transform.rotation.w,0.6951886934032894
3.299725869,1760031884.076725869,/mocap/xwing/pose.transform.rotation.w,0.6948079631923051
3.2997289690000002,1760031884.076728969,/mocap/xwing/pose.transform.rotation.w,0.6945157540459763
3.299731679,1760031884.076731679,/mocap/xwing/pose.transform.rotation.w,0.694408993245301
3.299736626,1760031884.076736626,/mocap/xwing/pose.transform.rotation.w,0.6948956491707632
3.299741534,1760031884.076741534,/mocap/xwing/pose.transform.rotation.w,0.6948595254810427
3.29974712,1760031884.076747120,/mocap/xwing/pose.transform.rotation.w,0.6947619870324615
3.299751504,1760031884.076751504,/mocap/xwing/pose.transform.rotation.w,0.69407522308468
3.299755633,1760031884.076755633,/mocap/xwing/pose.transform.rotation.w,0.6939798715897566
3.299759883,1760031884.076759883,/mocap/xwing/pose.transform.rotation.w,0.6940683657127467
3.299764592,1760031884.076764592,/mocap/xwing/pose.transform.rotation.w,0.6942478109484255
3.299773365,1760031884.076773365,/mocap/xwing/pose.transform.rotation.w,0.6942474413774932
3.299780857,1760031884.076780857,/mocap/xwing/pose.transform.rotation.w,0.6942101037884595
3.299785195,1760031884.076785195,/mocap/xwing/pose.transform.rotation.w,0.6940271249829183
3.299789672,1760031884.076789672,/mocap/xwing/pose.transform.rotation.w,0.6938990481004244
3.306164318,1760031884.083164318,/mocap/xwing/pose.transform.rotation.w,0.6938528157040962
3.306166885,1760031884.083166885,/mocap/xwing/pose.transform.rotation.w,0.693997612718207
3.312816677,1760031884.089816677,/mocap/xwing/pose.transform.rotation.w,0.6941136472194194
3.312842569,1760031884.089842569,/mocap/xwing/pose.transform.rotation.w,0.6942085006199109
3.318997472,1760031884.095997472,/mocap/xwing/pose.transform.rotation.w,0.6945056487087021
3.319010707,1760031884.096010707,/mocap/xwing/pose.transform.rotation.w,0.694430884114951
3.334205635,1760031884.111205635,/mocap/xwing/pose.transform.rotation.w,0.6942315023932885
3.334210129,1760031884.111210129,/mocap/xwing/pose.transform.rotation.w,0.6942480415244098
3.334214352,1760031884.111214352,/mocap/xwing/pose.transform.rotation.w,0.6945086224821102
3.334221338,1760031884.111221338,/mocap/xwing/pose.transform.rotation.w,0.6942161997448045
3.334224532,1760031884.111224532,/mocap/xwing/pose.transform.rotation.w,0.692762270363996
3.341626429,1760031884.118626429,/mocap/xwing/pose.transform.rotation.w,0.692319865211331
3.343741359,1760031884.120741359,/mocap/xwing/pose.transform.rotation.w,0.6920192992424616
3.343760323,1760031884.120760323,/mocap/xwing/pose.transform.rotation.w,0.6915966973995179
3.347138517,1760031884.124138517,/mocap/xwing/pose.transform.rotation.w,0.6915701589812494
3.368623436,1760031884.145623436,/mocap/xwing/pose.transform.rotation.w,0.6913221326254894
3.401027355,1760031884.178027355,/mocap/xwing/pose.transform.rotation.w,0.691130437827609
3.401047297,1760031884.178047297,/mocap/xwing/pose.transform.rotation.w,0.690688866849276
3.401053638,1760031884.178053638,/mocap/xwing/pose.transform.rotation.w,0.6901911817336759
3.401075552,1760031884.178075552,/mocap/xwing/pose.transform.rotation.w,0.6897591356012137
3.401079347,1760031884.178079347,/mocap/xwing/pose.transform.rotation.w,0.6895204396468271
3.401091124,1760031884.178091124,/mocap/xwing/pose.transform.rotation.w,0.6893335421955945
3.401101151,1760031884.178101151,/mocap/xwing/pose.transform.rotation.w,0.689301445996425
3.401108846,1760031884.178108846,/mocap/xwing/pose.transform.rotation.w,0.6891824559263682
3.401113035,1760031884.178113035,/mocap/xwing/pose.transform.rotation.w,0.689007702186923
3.401120697,1760031884.178120697,/mocap/xwing/pose.transform.rotation.w,0.6885961846605441
3.401129814,1760031884.178129814,/mocap/xwing/pose.transform.rotation.w,0.6880965616230722
3.401135066,1760031884.178135066,/mocap/xwing/pose.transform.rotation.w,0.6879772214602997
3.401143366,1760031884.178143366,/mocap/xwing/pose.transform.rotation.w,0.6878932358631313
3.401148212,1760031884.178148212,/mocap/xwing/pose.transform.rotation.w,0.6878146953075499
3.417299176,1760031884.194299176,/mocap/xwing/pose.transform.rotation.w,0.6877153797774654
3.417305679,1760031884.194305679,/mocap/xwing/pose.transform.rotation.w,0.6873827772783379
3.417313252,1760031884.194313252,/mocap/xwing/pose.transform.rotation.w,0.6875795702124551
3.41731926,1760031884.194319260,/mocap/xwing/pose.transform.rotation.w,0.6869038426541726
3.417323182,1760031884.194323182,/mocap/xwing/pose.transform.rotation.w,0.6868154833240689
3.417339556,1760031884.194339556,/mocap/xwing/pose.transform.rotation.w,0.6868643627288125
3.423497176,1760031884.200497176,/mocap/xwing/pose.transform.rotation.w,0.686863355603266
3.428881627,1760031884.205881627,/mocap/xwing/pose.transform.rotation.w,0.686525729287993
3.4288868580000003,1760031884.205886858,/mocap/xwing/pose.transform.rotation.w,0.686244702058748
3.432842847,1760031884.209842847,/mocap/xwing/pose.transform.rotation.w,0.6857871901873124
3.432857248,1760031884.209857248,/mocap/xwing/pose.transform.rotation.w,0.6856330767593467
3.435809586,1760031884.212809586,/mocap/xwing/pose.transform.rotation.w,0.6857013420206816
3.441081731,1760031884.218081731,/mocap/xwing/pose.transform.rotation.w,0.6856135637864689
3.49183786,1760031884.268837860,/mocap/xwing/pose.transform.rotation.w,0.6854494458206649
3.494627866,1760031884.271627866,/mocap/xwing/pose.transform.rotation.w,0.6864369343527923
3.494644711,1760031884.271644711,/mocap/xwing/pose.transform.rotation.w,0.6858592198516482
3.494666704,1760031884.271666704,/mocap/xwing/pose.transform.rotation.w,0.6855159218471983
3.49468049,1760031884.271680490,/mocap/xwing/pose.transform.rotation.w,0.6853667142630084
3.494709592,1760031884.271709592,/mocap/xwing/pose.transform.rotation.w,0.6853513725500208
3.494721783,1760031884.271721783,/mocap/xwing/pose.transform.rotation.w,0.6851752658228983
3.494735105,1760031884.271735105,/mocap/xwing/pose.transform.rotation.w,0.6850043764080164
3.494747136,1760031884.271747136,/mocap/xwing/pose.transform.rotation.w,0.6851086671850006
3.494763949,1760031884.271763949,/mocap/xwing/pose.transform.rotation.w,0.6845544552479207
3.49480919,1760031884.271809190,/mocap/xwing/pose.transform.rotation.w,0.6842829293547066
3.49482656,1760031884.271826560,/mocap/xwing/pose.transform.rotation.w,0.6843126467335904
3.494842637,1760031884.271842637,/mocap/xwing/pose.transform.rotation.w,0.6847001712088899
3.494878703,1760031884.271878703,/mocap/xwing/pose.transform.rotation.w,0.6847983824947187
3.494896019,1760031884.271896019,/mocap/xwing/pose.transform.rotation.w,0.6846138786107476
3.497677742,1760031884.274677742,/mocap/xwing/pose.transform.rotation.w,0.6841765683158523
3.5016880009999998,1760031884.278688001,/mocap/xwing/pose.transform.rotation.w,0.6838870956400731
3.501731728,1760031884.278731728,/mocap/xwing/pose.transform.rotation.w,0.6836498649973264
3.536339499,1760031884.313339499,/mocap/xwing/pose.transform.rotation.w,0.6836477062971457
3.53635914,1760031884.313359140,/mocap/xwing/pose.transform.rotation.w,0.6837395230374504
3.5363781530000002,1760031884.313378153,/mocap/xwing/pose.transform.rotation.w,0.6835222920177523
3.536406486,1760031884.313406486,/mocap/xwing/pose.transform.rotation.w,0.683205545044905
3.536419797,1760031884.313419797,/mocap/xwing/pose.transform.rotation.w,0.682567322165116
3.548396168,1760031884.325396168,/mocap/xwing/pose.transform.rotation.w,0.682291976874309
3.548407007,1760031884.325407007,/mocap/xwing/pose.transform.rotation.w,0.6819428327579082
3.548451095,1760031884.325451095,/mocap/xwing/pose.transform.rotation.w,0.6820169621572183
3.548463495,1760031884.325463495,/mocap/xwing/pose.transform.rotation.w,0.6818122371517277
3.548502369,1760031884.325502369,/mocap/xwing/pose.transform.rotation.w,0.6817399734796824
3.548537101,1760031884.325537101,/mocap/xwing/pose.transform.rotation.w,0.6814959462240552
3.600812045,1760031884.377812045,/mocap/xwing/pose.transform.rotation.w,0.6810298394780799
3.600828156,1760031884.377828156,/mocap/xwing/pose.transform.rotation.w,0.6808342425393865
3.601072548,1760031884.378072548,/mocap/xwing/pose.transform.rotation.w,0.6806686773954809
3.6011895000000003,1760031884.378189500,/mocap/xwing/pose.transform.rotation.w,0.6808567126261684
3.6219295049999998,1760031884.398929505,/mocap/xwing/pose.transform.rotation.w,0.680800634149902
3.6219738550000002,1760031884.398973855,/mocap/xwing/pose.transform.rotation.w,0.6803943964746827
3.621992862,1760031884.398992862,/mocap/xwing/pose.transform.rotation.w,0.6800680274073094
3.622013599,1760031884.399013599,/mocap/xwing/pose.transform.rotation.w,0.6798320159856034
3.622026331,1760031884.399026331,/mocap/xwing/pose.transform.rotation.w,0.6797874419266491
3.6220422560000003,1760031884.399042256,/mocap/xwing/pose.transform.rotation.w,0.680120844721019
3.622066485,1760031884.399066485,/mocap/xwing/pose.transform.rotation.w,0.6802264263259368
3.622080805,1760031884.399080805,/mocap/xwing/pose.transform.rotation.w,0.6801070361812129
3.6221072210000003,1760031884.399107221,/mocap/xwing/pose.transform.rotation.w,0.6798650549871521
3.622141725,1760031884.399141725,/mocap/xwing/pose.transform.rotation.w,0.6793450080241381
3.622252688,1760031884.399252688,/mocap/xwing/pose.transform.rotation.w,0.6788175084711298
3.622287771,1760031884.399287771,/mocap/xwing/pose.transform.rotation.w,0.6786616188345517
3.622343694,1760031884.399343694,/mocap/xwing/pose.transform.rotation.w,0.6788114075096273
3.622353279,1760031884.399353279,/mocap/xwing/pose.transform.rotation.w,0.6789929114266575
3.622367331,1760031884.399367331,/mocap/xwing/pose.transform.rotation.w,0.6788478457284138
3.622429121,1760031884.399429121,/mocap/xwing/pose.transform.rotation.w,0.6785087586713255
3.635863905,1760031884.412863905,/mocap/xwing/pose.transform.rotation.w,0.6780755167221542
3.635869162,1760031884.412869162,/mocap/xwing/pose.transform.rotation.w,0.6776296920420319
3.6358749450000003,1760031884.412874945,/mocap/xwing/pose.transform.rotation.w,0.6778193030135623
3.635880489,1760031884.412880489,/mocap/xwing/pose.transform.rotation.w,0.6780166575335594
3.635884533,1760031884.412884533,/mocap/xwing/pose.transform.rotation.w,0.6817118705822991
3.635892651,1760031884.412892651,/mocap/xwing/pose.transform.rotation.w,0.6814889637091536
3.635898663,1760031884.412898663,/mocap/xwing/pose.transform.rotation.w,0.6805095532589478
3.644757143,1760031884.421757143,/mocap/xwing/pose.transform.rotation.w,0.6802870103072075
3.64476476,1760031884.421764760,/mocap/xwing/pose.transform.rotation.w,0.6804488996753981
3.644768254,1760031884.421768254,/mocap/xwing/pose.transform.rotation.w,0.6808196164685344
3.64477533,1760031884.421775330,/mocap/xwing/pose.transform.rotation.w,0.6812184548468371
3.652675758,1760031884.429675758,/mocap/xwing/pose.transform.rotation.w,0.6813248772065532
3.652680219,1760031884.429680219,/mocap/xwing/pose.transform.rotation.w,0.6808453118858202
3.664364808,1760031884.441364808,/mocap/xwing/pose.transform.rotation.w,0.679987747012424
3.664372792,1760031884.441372792,/mocap/xwing/pose.transform.rotation.w,0.6793117816997648
3.664377392,1760031884.441377392,/mocap/xwing/pose.transform.rotation.w,0.6792801140693999
3.664397003,1760031884.441397003,/mocap/xwing/pose.transform.rotation.w,0.6800403314501976
3.681680862,1760031884.458680862,/mocap/xwing/pose.transform.rotation.w,0.6802674326298029
3.681689923,1760031884.458689923,/mocap/xwing/pose.transform.rotation.w,0.6800385569493039
3.6817021,1760031884.458702100,/mocap/xwing/pose.transform.rotation.w,0.679449684182061
3.681715163,1760031884.458715163,/mocap/xwing/pose.transform.rotation.w,0.678686720920979
3.681723283,1760031884.458723283,/mocap/xwing/pose.transform.rotation.w,0.6785361693741622
3.681731362,1760031884.458731362,/mocap/xwing/pose.transform.rotation.w,0.678746589730561
3.6901445390000003,1760031884.467144539,/mocap/xwing/pose.transform.rotation.w,0.6789576243928519
3.696369658,1760031884.473369658,/mocap/xwing/pose.transform.rotation.w,0.6791773414596696
3.696378969,1760031884.473378969,/mocap/xwing/pose.transform.rotation.w,0.6784403737236107
3.696384323,1760031884.473384323,/mocap/xwing/pose.transform.rotation.w,0.6777123302223913
3.750493146,1760031884.527493146,/mocap/xwing/pose.transform.rotation.w,0.6774551995109983
3.7505072,1760031884.527507200,/mocap/xwing/pose.transform.rotation.w,0.677234596329061
3.750519326,1760031884.527519326,/mocap/xwing/pose.transform.rotation.w,0.6773350061565955
3.750528252,1760031884.527528252,/mocap/xwing/pose.transform.rotation.w,0.6778061582306096
3.750536152,1760031884.527536152,/mocap/xwing/pose.transform.rotation.w,0.6776687945262064
3.750598283,1760031884.527598283,/mocap/xwing/pose.transform.rotation.w,0.6767832560111415
3.750610686,1760031884.527610686,/mocap/xwing/pose.transform.rotation.w,0.6762607828260486
3.750620457,1760031884.527620457,/mocap/xwing/pose.transform.rotation.w,0.6755750896396163
3.750632039,1760031884.527632039,/mocap/xwing/pose.transform.rotation.w,0.6754507250347139
3.75063982,1760031884.527639820,/mocap/xwing/pose.transform.rotation.w,0.6756298506907542
3.750698003,1760031884.527698003,/mocap/xwing/pose.transform.rotation.w,0.6767557534603224
3.750710412,1760031884.527710412,/mocap/xwing/pose.transform.rotation.w,0.6763431285148725
3.750730152,1760031884.527730152,/mocap/xwing/pose.transform.rotation.w,0.6756682079289125
3.750764983,1760031884.527764983,/mocap/xwing/pose.transform.rotation.w,0.674999026928216
3.803995812,1760031884.580995812,/mocap/xwing/pose.transform.rotation.w,0.6741739518888271
3.803999221,1760031884.580999221,/mocap/xwing/pose.transform.rotation.w,0.6742823368974998
3.804005299,1760031884.581005299,/mocap/xwing/pose.transform.rotation.w,0.674751791580887
3.804009015,1760031884.581009015,/mocap/xwing/pose.transform.rotation.w,0.6744862384201792
3.804013577,1760031884.581013577,/mocap/xwing/pose.transform.rotation.w,0.67396466348177
3.820951593,1760031884.597951593,/mocap/xwing/pose.transform.rotation.w,0.6729974010266291
3.820957096,1760031884.597957096,/mocap/xwing/pose.transform.rotation.w,0.6724087438865044
3.820961968,1760031884.597961968,/mocap/xwing/pose.transform.rotation.w,0.6720556101378512
3.820967895,1760031884.597967895,/mocap/xwing/pose.transform.rotation.w,0.6719421884521308
3.820971681,1760031884.597971681,/mocap/xwing/pose.transform.rotation.w,0.6719358809847564
3.820993825,1760031884.597993825,/mocap/xwing/pose.transform.rotation.w,0.6718524290888174
3.82099788,1760031884.597997880,/mocap/xwing/pose.transform.rotation.w,0.6710800930465897
3.8210002860000003,1760031884.598000286,/mocap/xwing/pose.transform.rotation.w,0.6703313682147137
3.821002856,1760031884.598002856,/mocap/xwing/pose.transform.rotation.w,0.6698762971886293
3.821095078,1760031884.598095078,/mocap/xwing/pose.transform.rotation.w,0.6695988771707281
3.8211020700000002,1760031884.598102070,/mocap/xwing/pose.transform.rotation.w,0.6699984660706708
3.821111799,1760031884.598111799,/mocap/xwing/pose.transform.rotation.w,0.6701350652254856
3.821121089,1760031884.598121089,/mocap/xwing/pose.transform.rotation.w,0.6697291252507582
3.821125745,1760031884.598125745,/mocap/xwing/pose.transform.rotation.w,0.6692655836619604
3.82113117,1760031884.598131170,/mocap/xwing/pose.transform.rotation.w,0.6687737535359057
3.825316802,1760031884.602316802,/mocap/xwing/pose.transform.rotation.w,0.6682872474042598
3.825322568,1760031884.602322568,/mocap/xwing/pose.transform.rotation.w,0.6683432694150471
3.825326818,1760031884.602326818,/mocap/xwing/pose.transform.rotation.w,0.6687405614850684
3.825424198,1760031884.602424198,/mocap/xwing/pose.transform.rotation.w,0.668864701256904
3.8255591349999998,1760031884.602559135,/mocap/xwing/pose.transform.rotation.w,0.6685264968335909
3.831530426,1760031884.608530426,/mocap/xwing/pose.transform.rotation.w,0.6679116140379927
3.836673521,1760031884.613673521,/mocap/xwing/pose.transform.rotation.w,0.667514677856504
3.836678031,1760031884.613678031,/mocap/xwing/pose.transform.rotation.w,0.6674489107194647
3.844274615,1760031884.621274615,/mocap/xwing/pose.transform.rotation.w,0.6676685236379246
3.844295702,1760031884.621295702,/mocap/xwing/pose.transform.rotation.w,0.667599636245318
3.847647431,1760031884.624647431,/mocap/xwing/pose.transform.rotation.w,0.6677204693812617
3.852436666,1760031884.629436666,/mocap/xwing/pose.transform.rotation.w,0.6669971374268566
3.8524530930000003,1760031884.629453093,/mocap/xwing/pose.transform.rotation.w,0.6669300466805936
3.856448792,1760031884.633448792,/mocap/xwing/pose.transform.rotation.w,0.6659586618322062
3.864395351,1760031884.641395351,/mocap/xwing/pose.transform.rotation.w,0.6657557317566547
3.864411012,1760031884.641411012,/mocap/xwing/pose.transform.rotation.w,0.6662823594857061
3.869118997,1760031884.646118997,/mocap/xwing/pose.transform.rotation.w,0.6705281323494654
3.869193774,1760031884.646193774,/mocap/xwing/pose.transform.rotation.w,0.6703620677736649
3.875951782,1760031884.652951782,/mocap/xwing/pose.transform.rotation.w,0.6696247585299444
3.8759786050000002,1760031884.652978605,/mocap/xwing/pose.transform.rotation.w,0.6688006276306987
3.880769958,1760031884.657769958,/mocap/xwing/pose.transform.rotation.w,0.6683253049407011
3.890204911,1760031884.667204911,/mocap/xwing/pose.transform.rotation.w,0.6688813299887901
3.8902484040000003,1760031884.667248404,/mocap/xwing/pose.transform.rotation.w,0.6696613888621509
3.894909618,1760031884.671909618,/mocap/xwing/pose.transform.rotation.w,0.6700245710993297
3.894929413,1760031884.671929413,/mocap/xwing/pose.transform.rotation.w,0.6692759134349424
3.8949411300000003,1760031884.671941130,/mocap/xwing/pose.transform.rotation.w,0.668422600813313
3.89986145,1760031884.676861450,/mocap/xwing/pose.transform.rotation.w,0.6676795791933745
3.960873793,1760031884.737873793,/mocap/xwing/pose.transform.rotation.w,0.6676878196888546
3.960887697,1760031884.737887697,/mocap/xwing/pose.transform.rotation.w,0.6682034058047438
3.960931894,1760031884.737931894,/mocap/xwing/pose.transform.rotation.w,0.6687592115935207
3.960956778,1760031884.737956778,/mocap/xwing/pose.transform.rotation.w,0.6688411886593832
3.960978186,1760031884.737978186,/mocap/xwing/pose.transform.rotation.w,0.6680199407807371
3.960994211,1760031884.737994211,/mocap/xwing/pose.transform.rotation.w,0.6672800103923727
3.961007137,1760031884.738007137,/mocap/xwing/pose.transform.rotation.w,0.6667442197270458
3.961024201,1760031884.738024201,/mocap/xwing/pose.transform.rotation.w,0.6668254487794029
3.961379387,1760031884.738379387,/mocap/xwing/pose.transform.rotation.w,0.6673096405835778
3.961394924,1760031884.738394924,/mocap/xwing/pose.transform.rotation.w,0.6678136079164251
3.961421209,1760031884.738421209,/mocap/xwing/pose.transform.rotation.w,0.6673375146785256
3.961435416,1760031884.738435416,/mocap/xwing/pose.transform.rotation.w,0.6663936952334537
3.961476085,1760031884.738476085,/mocap/xwing/pose.transform.rotation.w,0.6651895503546723
3.96170581,1760031884.738705810,/mocap/xwing/pose.transform.rotation.w,0.6647554213605339
4.098792522,1760031884.875792522,/mocap/xwing/pose.transform.rotation.w,0.6662865713306787
4.098796337,1760031884.875796337,/mocap/xwing/pose.transform.rotation.w,0.6657457936583465
4.098800289,1760031884.875800289,/mocap/xwing/pose.transform.rotation.w,0.6645532510929743
4.098804947,1760031884.875804947,/mocap/xwing/pose.transform.rotation.w,0.6636184454652194
4.098808414,1760031884.875808414,/mocap/xwing/pose.transform.rotation.w,0.6638170548066916
4.09881358,1760031884.875813580,/mocap/xwing/pose.transform.rotation.w,0.6641002957353381
4.098816604,1760031884.875816604,/mocap/xwing/pose.transform.rotation.w,0.664720866596679
4.09882104,1760031884.875821040,/mocap/xwing/pose.transform.rotation.w,0.6644893158605488
4.098824885,1760031884.875824885,/mocap/xwing/pose.transform.rotation.w,0.6635483550124752
4.098828804,1760031884.875828804,/mocap/xwing/pose.transform.rotation.w,0.6624559913994061
4.098834246,1760031884.875834246,/mocap/xwing/pose.transform.rotation.w,0.6619845347397797
4.098837688,1760031884.875837688,/mocap/xwing/pose.transform.rotation.w,0.662238067979193
4.098847751,1760031884.875847751,/mocap/xwing/pose.transform.rotation.w,0.6625911249193344
4.098851813,1760031884.875851813,/mocap/xwing/pose.transform.rotation.w,0.6628624918850555
4.098855504,1760031884.875855504,/mocap/xwing/pose.transform.rotation.w,0.6625778876809426
4.098858951,1760031884.875858951,/mocap/xwing/pose.transform.rotation.w,0.6614264232391758
4.098865332,1760031884.875865332,/mocap/xwing/pose.transform.rotation.w,0.6603479111453548
4.098870218,1760031884.875870218,/mocap/xwing/pose.transform.rotation.w,0.6600698704668414
4.098876637,1760031884.875876637,/mocap/xwing/pose.transform.rotation.w,0.6603030178888735
4.098882255,1760031884.875882255,/mocap/xwing/pose.transform.rotation.w,0.6610994354132119
4.098886446,1760031884.875886446,/mocap/xwing/pose.transform.rotation.w,0.6613183058058829
4.098891786,1760031884.875891786,/mocap/xwing/pose.transform.rotation.w,0.6607853854078003
4.098896413,1760031884.875896413,/mocap/xwing/pose.transform.rotation.w,0.6592516123920026
4.098900727,1760031884.875900727,/mocap/xwing/pose.transform.rotation.w,0.658364902166477
4.098906158,1760031884.875906158,/mocap/xwing/pose.transform.rotation.w,0.6581939055942941
4.098910422,1760031884.875910422,/mocap/xwing/pose.transform.rotation.w,0.6591502105555604
4.098914265,1760031884.875914265,/mocap/xwing/pose.transform.rotation.w,0.6595453351672909
4.098919094,1760031884.875919094,/mocap/xwing/pose.transform.rotation.w,0.6593769256907527
4.098923648,1760031884.875923648,/mocap/xwing/pose.transform.rotation.w,0.6583049915338424
4.098927381,1760031884.875927381,/mocap/xwing/pose.transform.rotation.w,0.657497416993314
4.098937664,1760031884.875937664,/mocap/xwing/pose.transform.rotation.w,0.6569253714248798
4.099777514,1760031884.876777514,/mocap/xwing/pose.transform.rotation.w,0.6571344652411101
4.099782011,1760031884.876782011,/mocap/xwing/pose.transform.rotation.w,0.6575366631485805
4.09978657,1760031884.876786570,/mocap/xwing/pose.transform.rotation.w,0.6576243278656768
4.099793667,1760031884.876793667,/mocap/xwing/pose.transform.rotation.w,0.6570017126094693
4.09979772,1760031884.876797720,/mocap/xwing/pose.transform.rotation.w,0.6560150247538753
4.09980131,1760031884.876801310,/mocap/xwing/pose.transform.rotation.w,0.6551289008857198
4.099805621,1760031884.876805621,/mocap/xwing/pose.transform.rotation.w,0.6549643056216107
4.099813059,1760031884.876813059,/mocap/xwing/pose.transform.rotation.w,0.6551700173091599
4.099817591,1760031884.876817591,/mocap/xwing/pose.transform.rotation.w,0.6554595666475503
4.099823813,1760031884.876823813,/mocap/xwing/pose.transform.rotation.w,0.6553935838414893
4.099828575,1760031884.876828575,/mocap/xwing/pose.transform.rotation.w,0.6538907376846136
4.099836308,1760031884.876836308,/mocap/xwing/pose.transform.rotation.w,0.6530773790279862
4.108140642,1760031884.885140642,/mocap/xwing/pose.transform.rotation.w,0.6529676853211397
4.108147542,1760031884.885147542,/mocap/xwing/pose.transform.rotation.w,0.6532992191331578
4.108154514,1760031884.885154514,/mocap/xwing/pose.transform.rotation.w,0.653539767385339
4.111607428,1760031884.888607428,/mocap/xwing/pose.transform.rotation.w,0.6534605414342808
4.247851899,1760031885.024851899,/mocap/xwing/pose.transform.rotation.w,0.6525830291458266
4.247873524,1760031885.024873524,/mocap/xwing/pose.transform.rotation.w,0.6516387330583131
4.247880644,1760031885.024880644,/mocap/xwing/pose.transform.rotation.w,0.6513206432166061
4.247886485,1760031885.024886485,/mocap/xwing/pose.transform.rotation.w,0.6511529969500927
4.247892396,1760031885.024892396,/mocap/xwing/pose.transform.rotation.w,0.651720487247815
4.247898494,1760031885.024898494,/mocap/xwing/pose.transform.rotation.w,0.6519348731578073
4.247902332,1760031885.024902332,/mocap/xwing/pose.transform.rotation.w,0.6513543918039704
4.247908338,1760031885.024908338,/mocap/xwing/pose.transform.rotation.w,0.6504977604468103
4.247912998,1760031885.024912998,/mocap/xwing/pose.transform.rotation.w,0.6496604935764159
4.247917821,1760031885.024917821,/mocap/xwing/pose.transform.rotation.w,0.6494074590860169
4.247924952,1760031885.024924952,/mocap/xwing/pose.transform.rotation.w,0.6497200985839613
4.247934996,1760031885.024934996,/mocap/xwing/pose.transform.rotation.w,0.6500280357163065
4.247940222,1760031885.024940222,/mocap/xwing/pose.transform.rotation.w,0.6498053157726524
4.247945493,1760031885.024945493,/mocap/xwing/pose.transform.rotation.w,0.64910293958713
4.247949261,1760031885.024949261,/mocap/xwing/pose.transform.rotation.w,0.6482027870404717
4.2479533830000005,1760031885.024953383,/mocap/xwing/pose.transform.rotation.w,0.6476522057205377
4.247957783,1760031885.024957783,/mocap/xwing/pose.transform.rotation.w,0.647391704355407
4.247964095,1760031885.024964095,/mocap/xwing/pose.transform.rotation.w,0.6477886932964176
4.247968417,1760031885.024968417,/mocap/xwing/pose.transform.rotation.w,0.6483231882581476
4.247973906,1760031885.024973906,/mocap/xwing/pose.transform.rotation.w,0.6479607366247521
4.247981013,1760031885.024981013,/mocap/xwing/pose.transform.rotation.w,0.6470442569754659
4.247988247,1760031885.024988247,/mocap/xwing/pose.transform.rotation.w,0.6460974852375082
4.24799444,1760031885.024994440,/mocap/xwing/pose.transform.rotation.w,0.6455402365747944
4.247999443,1760031885.024999443,/mocap/xwing/pose.transform.rotation.w,0.6456296209406059
4.248004536,1760031885.025004536,/mocap/xwing/pose.transform.rotation.w,0.6459394299577965
4.248010356,1760031885.025010356,/mocap/xwing/pose.transform.rotation.w,0.6460189727478026
4.248014096,1760031885.025014096,/mocap/xwing/pose.transform.rotation.w,0.6456191929706961
4.248019262,1760031885.025019262,/mocap/xwing/pose.transform.rotation.w,0.6449702305129414
4.2480222340000005,1760031885.025022234,/mocap/xwing/pose.transform.rotation.w,0.6440858125150354
4.248026851,1760031885.025026851,/mocap/xwing/pose.transform.rotation.w,0.6441360466575887
4.248039407,1760031885.025039407,/mocap/xwing/pose.transform.rotation.w,0.6442982415295023
4.248045298,1760031885.025045298,/mocap/xwing/pose.transform.rotation.w,0.6447774235080551
4.248050289,1760031885.025050289,/mocap/xwing/pose.transform.rotation.w,0.6445750266274451
4.248054532,1760031885.025054532,/mocap/xwing/pose.transform.rotation.w,0.6437365899425965
4.248060543,1760031885.025060543,/mocap/xwing/pose.transform.rotation.w,0.6426468636817271
4.248064214,1760031885.025064214,/mocap/xwing/pose.transform.rotation.w,0.6458226810863965
4.248075336,1760031885.025075336,/mocap/xwing/pose.transform.rotation.w,0.646262874451289
4.29850036,1760031885.075500360,/mocap/xwing/pose.transform.rotation.w,0.6467924720817265
4.298505186,1760031885.075505186,/mocap/xwing/pose.transform.rotation.w,0.6477288077285348
4.298511424,1760031885.075511424,/mocap/xwing/pose.transform.rotation.w,0.6476641648441618
4.298517497,1760031885.075517497,/mocap/xwing/pose.transform.rotation.w,0.6465458695679608
4.298535622,1760031885.075535622,/mocap/xwing/pose.transform.rotation.w,0.6454383539812263
4.298540536,1760031885.075540536,/mocap/xwing/pose.transform.rotation.w,0.6450881237210478
4.532674,1760031885.309674000,/mocap/xwing/pose.transform.rotation.w,0.6457186569172549
4.532678693,1760031885.309678693,/mocap/xwing/pose.transform.rotation.w,0.6463469170061262
4.532684621,1760031885.309684621,/mocap/xwing/pose.transform.rotation.w,0.6468188515753532
4.532691504,1760031885.309691504,/mocap/xwing/pose.transform.rotation.w,0.6460953408281931
4.532697221,1760031885.309697221,/mocap/xwing/pose.transform.rotation.w,0.6451738898924699
4.532705744,1760031885.309705744,/mocap/xwing/pose.transform.rotation.w,0.6440096869680139
4.5327102870000004,1760031885.309710287,/mocap/xwing/pose.transform.rotation.w,0.6442224332133405
4.5327167930000005,1760031885.309716793,/mocap/xwing/pose.transform.rotation.w,0.6451409784041578
4.532723798,1760031885.309723798,/mocap/xwing/pose.transform.rotation.w,0.6456446577135523
4.5327418569999995,1760031885.309741857,/mocap/xwing/pose.transform.rotation.w,0.6452210220100217
4.532750801,1760031885.309750801,/mocap/xwing/pose.transform.rotation.w,0.6444976395932028
4.532764612,1760031885.309764612,/mocap/xwing/pose.transform.rotation.w,0.6434485848870798
4.532770725,1760031885.309770725,/mocap/xwing/pose.transform.rotation.w,0.6427567256509565
4.532807135,1760031885.309807135,/mocap/xwing/pose.transform.rotation.w,0.6427672001838185
4.53282696,1760031885.309826960,/mocap/xwing/pose.transform.rotation.w,0.6433791119735824
4.53283122,1760031885.309831220,/mocap/xwing/pose.transform.rotation.w,0.6443076996686229
4.532838689,1760031885.309838689,/mocap/xwing/pose.transform.rotation.w,0.6442450672383697
4.532843806,1760031885.309843806,/mocap/xwing/pose.transform.rotation.w,0.6431410408218473
4.532849366,1760031885.309849366,/mocap/xwing/pose.transform.rotation.w,0.6422457273327989
4.53285317,1760031885.309853170,/mocap/xwing/pose.transform.rotation.w,0.6425874611587873
4.532861371,1760031885.309861371,/mocap/xwing/pose.transform.rotation.w,0.6429739829835258
4.532868254,1760031885.309868254,/mocap/xwing/pose.transform.rotation.w,0.6435080167111793
4.532872771,1760031885.309872771,/mocap/xwing/pose.transform.rotation.w,0.6432440771979276
4.532878295,1760031885.309878295,/mocap/xwing/pose.transform.rotation.w,0.6432356448946145
4.53288237,1760031885.309882370,/mocap/xwing/pose.transform.rotation.w,0.6415472187425157
4.532889513,1760031885.309889513,/mocap/xwing/pose.transform.rotation.w,0.6401464553610066
4.532893875,1760031885.309893875,/mocap/xwing/pose.transform.rotation.w,0.6398423516283007
4.53289912,1760031885.309899120,/mocap/xwing/pose.transform.rotation.w,0.6414839401783288
4.5329032510000005,1760031885.309903251,/mocap/xwing/pose.transform.rotation.w,0.642196878843807
4.532907798,1760031885.309907798,/mocap/xwing/pose.transform.rotation.w,0.641869313829455
4.532912405,1760031885.309912405,/mocap/xwing/pose.transform.rotation.w,0.6408688768705172
4.532916325,1760031885.309916325,/mocap/xwing/pose.transform.rotation.w,0.6394522687876316
4.532922825,1760031885.309922825,/mocap/xwing/pose.transform.rotation.w,0.6389921235215172
4.532933365,1760031885.309933365,/mocap/xwing/pose.transform.rotation.w,0.6391750834391914
4.53294291,1760031885.309942910,/mocap/xwing/pose.transform.rotation.w,0.6400550753637593
4.532947439,1760031885.309947439,/mocap/xwing/pose.transform.rotation.w,0.6404867045045876
4.532952591,1760031885.309952591,/mocap/xwing/pose.transform.rotation.w,0.6401081880286175
4.532956864,1760031885.309956864,/mocap/xwing/pose.transform.rotation.w,0.6388147127532873
4.532961949,1760031885.309961949,/mocap/xwing/pose.transform.rotation.w,0.6379433002043714
4.532971245,1760031885.309971245,/mocap/xwing/pose.transform.rotation.w,0.6371901669703597
4.53297706,1760031885.309977060,/mocap/xwing/pose.transform.rotation.w,0.6377506487922127
4.532981928,1760031885.309981928,/mocap/xwing/pose.transform.rotation.w,0.6385374271542361
4.532987363,1760031885.309987363,/mocap/xwing/pose.transform.rotation.w,0.6387070557492238
4.532992898,1760031885.309992898,/mocap/xwing/pose.transform.rotation.w,0.6380590575235023
4.532997831,1760031885.309997831,/mocap/xwing/pose.transform.rotation.w,0.6366420789515524
4.533002053,1760031885.310002053,/mocap/xwing/pose.transform.rotation.w,0.635639694231464
4.533006393,1760031885.310006393,/mocap/xwing/pose.transform.rotation.w,0.6358145732993885
4.533011101,1760031885.310011101,/mocap/xwing/pose.transform.rotation.w,0.6365067577837489
4.533015573,1760031885.310015573,/mocap/xwing/pose.transform.rotation.w,0.637225016234482
4.533020743,1760031885.310020743,/mocap/xwing/pose.transform.rotation.w,0.6370256191616899
4.533025874,1760031885.310025874,/mocap/xwing/pose.transform.rotation.w,0.635760823114978
4.533032103,1760031885.310032103,/mocap/xwing/pose.transform.rotation.w,0.6346822849183112
4.533038917,1760031885.310038917,/mocap/xwing/pose.transform.rotation.w,0.6337349658069623
4.533045409,1760031885.310045409,/mocap/xwing/pose.transform.rotation.w,0.6341325765454667
4.533055473,1760031885.310055473,/mocap/xwing/pose.transform.rotation.w,0.6352395868752314
4.533060373,1760031885.310060373,/mocap/xwing/pose.transform.rotation.w,0.6358335471657056
4.533065333,1760031885.310065333,/mocap/xwing/pose.transform.rotation.w,0.635044082776053
4.533070847,1760031885.310070847,/mocap/xwing/pose.transform.rotation.w,0.6338143120292719
4.53307545,1760031885.310075450,/mocap/xwing/pose.transform.rotation.w,0.6321651926008105
4.533083787,1760031885.310083787,/mocap/xwing/pose.transform.rotation.w,0.634376129726972
4.533089417,1760031885.310089417,/mocap/xwing/pose.transform.rotation.w,0.6355970442408765
4.533095677,1760031885.310095677,/mocap/xwing/pose.transform.rotation.w,0.636473199625322
4.533099969,1760031885.310099969,/mocap/xwing/pose.transform.rotation.w,0.6360710410872671
4.533103597,1760031885.310103597,/mocap/xwing/pose.transform.rotation.w,0.6353689493000381
4.533107153,1760031885.310107153,/mocap/xwing/pose.transform.rotation.w,0.6337589446964119
4.533111255,1760031885.310111255,/mocap/xwing/pose.transform.rotation.w,0.632769702907589
4.533115815,1760031885.310115815,/mocap/xwing/pose.transform.rotation.w,0.6326851556618273
4.53312312,1760031885.310123120,/mocap/xwing/pose.transform.rotation.w,0.6335703462612563
4.533129228,1760031885.310129228,/mocap/xwing/pose.transform.rotation.w,0.6335473211683094
4.533147334,1760031885.310147334,/mocap/xwing/pose.transform.rotation.w,0.6330889664203628
4.533162929,1760031885.310162929,/mocap/xwing/pose.transform.rotation.w,0.6315399021953267
4.5331805880000005,1760031885.310180588,/mocap/xwing/pose.transform.rotation.w,0.6300911259451165
4.546518882,1760031885.323518882,/mocap/xwing/pose.transform.rotation.w,0.629994841069511
4.546524123,1760031885.323524123,/mocap/xwing/pose.transform.rotation.w,0.6304160977062634
4.546531225,1760031885.323531225,/mocap/xwing/pose.transform.rotation.w,0.6298492229906376
4.546537315,1760031885.323537315,/mocap/xwing/pose.transform.rotation.w,0.6287445151588523
4.546541536,1760031885.323541536,/mocap/xwing/pose.transform.rotation.w,0.6283165961324945
4.546551597,1760031885.323551597,/mocap/xwing/pose.transform.rotation.w,0.628078916397626
4.546556278,1760031885.323556278,/mocap/xwing/pose.transform.rotation.w,0.6288793926323366
4.546561118,1760031885.323561118,/mocap/xwing/pose.transform.rotation.w,0.633554402058511
4.546567138,1760031885.323567138,/mocap/xwing/pose.transform.rotation.w,0.6337419359461073
4.546571059,1760031885.323571059,/mocap/xwing/pose.transform.rotation.w,0.6328154428589958
4.5465822209999995,1760031885.323582221,/mocap/xwing/pose.transform.rotation.w,0.6314408681429794
4.546586872,1760031885.323586872,/mocap/xwing/pose.transform.rotation.w,0.6309819909168072
4.546592048,1760031885.323592048,/mocap/xwing/pose.transform.rotation.w,0.631360155956573
4.551786689,1760031885.328786689,/mocap/xwing/pose.transform.rotation.w,0.632954847243741
4.555270905,1760031885.332270905,/mocap/xwing/pose.transform.rotation.w,0.6332280674125501
4.648003343,1760031885.425003343,/mocap/xwing/pose.transform.rotation.w,0.6332160190562593
4.648008216,1760031885.425008216,/mocap/xwing/pose.transform.rotation.w,0.6318132446889227
4.64801446,1760031885.425014460,/mocap/xwing/pose.transform.rotation.w,0.630231958908788
4.64801981,1760031885.425019810,/mocap/xwing/pose.transform.rotation.w,0.6293015504353688
4.648024489,1760031885.425024489,/mocap/xwing/pose.transform.rotation.w,0.6297633199162587
4.648035014,1760031885.425035014,/mocap/xwing/pose.transform.rotation.w,0.632660962678766
4.648041308,1760031885.425041308,/mocap/xwing/pose.transform.rotation.w,0.6334580807853876
4.648047162,1760031885.425047162,/mocap/xwing/pose.transform.rotation.w,0.6328683863827644
4.648051646,1760031885.425051646,/mocap/xwing/pose.transform.rotation.w,0.631505609745999
4.648055237,1760031885.425055237,/mocap/xwing/pose.transform.rotation.w,0.6304963195829425
4.648057986,1760031885.425057986,/mocap/xwing/pose.transform.rotation.w,0.6306196148402594
4.648087141,1760031885.425087141,/mocap/xwing/pose.transform.rotation.w,0.6314737050136503
4.648092757,1760031885.425092757,/mocap/xwing/pose.transform.rotation.w,0.6326278197300168
4.648103137,1760031885.425103137,/mocap/xwing/pose.transform.rotation.w,0.6328391572961531
4.648106168,1760031885.425106168,/mocap/xwing/pose.transform.rotation.w,0.6313203901563634
4.648110569,1760031885.425110569,/mocap/xwing/pose.transform.rotation.w,0.630343837589264
4.648118611,1760031885.425118611,/mocap/xwing/pose.transform.rotation.w,0.6291389982024018
4.648123806,1760031885.425123806,/mocap/xwing/pose.transform.rotation.w,0.6294679197609857
4.648128664,1760031885.425128664,/mocap/xwing/pose.transform.rotation.w,0.6300944494062216
4.648133537,1760031885.425133537,/mocap/xwing/pose.transform.rotation.w,0.6303208792566029
4.648138816,1760031885.425138816,/mocap/xwing/pose.transform.rotation.w,0.6296009954584367
4.648151395,1760031885.425151395,/mocap/xwing/pose.transform.rotation.w,0.628553937693073
4.648156011,1760031885.425156011,/mocap/xwing/pose.transform.rotation.w,0.6272271906497544
4.648161459,1760031885.425161459,/mocap/xwing/pose.transform.rotation.w,0.6280209159595695
4.648167504,1760031885.425167504,/mocap/xwing/pose.transform.rotation.w,0.628708567091478
4.6481707530000005,1760031885.425170753,/mocap/xwing/pose.transform.rotation.w,0.6297342818523565
4.64817434,1760031885.425174340,/mocap/xwing/pose.transform.rotation.w,0.6301171391025239
4.665290135,1760031885.442290135,/mocap/xwing/pose.transform.rotation.w,0.6296073423361628
4.665322642,1760031885.442322642,/mocap/xwing/pose.transform.rotation.w,0.628666614658411
4.669813883,1760031885.446813883,/mocap/xwing/pose.transform.rotation.w,0.6277867820671006
4.669824037,1760031885.446824037,/mocap/xwing/pose.transform.rotation.w,0.6284410598237485
4.669831365,1760031885.446831365,/mocap/xwing/pose.transform.rotation.w,0.6290044698792192
4.669865423,1760031885.446865423,/mocap/xwing/pose.transform.rotation.w,0.6298634936681711
4.669874194,1760031885.446874194,/mocap/xwing/pose.transform.rotation.w,0.6300402244546706
4.669934885,1760031885.446934885,/mocap/xwing/pose.transform.rotation.w,0.6291830239169687
4.67492884,1760031885.451928840,/mocap/xwing/pose.transform.rotation.w,0.6283011120771869
4.674946193,1760031885.451946193,/mocap/xwing/pose.transform.rotation.w,0.6277177323424629
4.682770233,1760031885.459770233,/mocap/xwing/pose.transform.rotation.w,0.6280068984782893
4.682821907,1760031885.459821907,/mocap/xwing/pose.transform.rotation.w,0.628894230723345
4.697378314,1760031885.474378314,/mocap/xwing/pose.transform.rotation.w,0.6294142578752427
4.697395922,1760031885.474395922,/mocap/xwing/pose.transform.rotation.w,0.6293372227652925
4.697425522,1760031885.474425522,/mocap/xwing/pose.transform.rotation.w,0.6285549047607235
4.697443414,1760031885.474443414,/mocap/xwing/pose.transform.rotation.w,0.6278978848763619
4.709667917,1760031885.486667917,/mocap/xwing/pose.transform.rotation.w,0.6274280240300111
4.709695688,1760031885.486695688,/mocap/xwing/pose.transform.rotation.w,0.6280681044452349
4.709717116,1760031885.486717116,/mocap/xwing/pose.transform.rotation.w,0.6288626147567581
4.709785486,1760031885.486785486,/mocap/xwing/pose.transform.rotation.w,0.6291921986699928
4.71538061,1760031885.492380610,/mocap/xwing/pose.transform.rotation.w,0.6315969694639069
4.857739521,1760031885.634739521,/mocap/xwing/pose.transform.rotation.w,0.6303188919591276
4.857742546,1760031885.634742546,/mocap/xwing/pose.transform.rotation.w,0.6295305235666657
4.857746779,1760031885.634746779,/mocap/xwing/pose.transform.rotation.w,0.6294918552548687
4.857750343,1760031885.634750343,/mocap/xwing/pose.transform.rotation.w,0.6303721953642346
4.857753579,1760031885.634753579,/mocap/xwing/pose.transform.rotation.w,0.6314695328351998
4.857773213,1760031885.634773213,/mocap/xwing/pose.transform.rotation.w,0.6313496115812721
4.857778866,1760031885.634778866,/mocap/xwing/pose.transform.rotation.w,0.630398065562102
4.857783601,1760031885.634783601,/mocap/xwing/pose.transform.rotation.w,0.629327244829987
4.85778842,1760031885.634788420,/mocap/xwing/pose.transform.rotation.w,0.6285326856753419
4.857792465,1760031885.634792465,/mocap/xwing/pose.transform.rotation.w,0.6289265370019037
4.857796539,1760031885.634796539,/mocap/xwing/pose.transform.rotation.w,0.6303801644048836
4.85779972,1760031885.634799720,/mocap/xwing/pose.transform.rotation.w,0.6304954359386765
4.857802715,1760031885.634802715,/mocap/xwing/pose.transform.rotation.w,0.6299057418051133
4.857807429,1760031885.634807429,/mocap/xwing/pose.transform.rotation.w,0.6287843713220148
4.857813847,1760031885.634813847,/mocap/xwing/pose.transform.rotation.w,0.6272489689690822
4.857820231,1760031885.634820231,/mocap/xwing/pose.transform.rotation.w,0.6267518037966577
4.857825268,1760031885.634825268,/mocap/xwing/pose.transform.rotation.w,0.6273507094158491
4.857829839,1760031885.634829839,/mocap/xwing/pose.transform.rotation.w,0.6283042855389867
4.8578384,1760031885.634838400,/mocap/xwing/pose.transform.rotation.w,0.6286056892000503
4.8578433180000005,1760031885.634843318,/mocap/xwing/pose.transform.rotation.w,0.627611133317748
4.857847251,1760031885.634847251,/mocap/xwing/pose.transform.rotation.w,0.6260536225039498
4.857851698,1760031885.634851698,/mocap/xwing/pose.transform.rotation.w,0.624643140021874
4.85786449,1760031885.634864490,/mocap/xwing/pose.transform.rotation.w,0.6240728254035864
4.8578820700000005,1760031885.634882070,/mocap/xwing/pose.transform.rotation.w,0.6248481658082838
4.857886517,1760031885.634886517,/mocap/xwing/pose.transform.rotation.w,0.6259243567372721
4.85789018,1760031885.634890180,/mocap/xwing/pose.transform.rotation.w,0.6257421485496846
4.857895735,1760031885.634895735,/mocap/xwing/pose.transform.rotation.w,0.6240840495138189
4.857905726,1760031885.634905726,/mocap/xwing/pose.transform.rotation.w,0.6227840622222219
4.8579095070000005,1760031885.634909507,/mocap/xwing/pose.transform.rotation.w,0.6218537456779212
4.857914557,1760031885.634914557,/mocap/xwing/pose.transform.rotation.w,0.6219010584867269
4.857933068,1760031885.634933068,/mocap/xwing/pose.transform.rotation.w,0.6227635873365704
4.857936501,1760031885.634936501,/mocap/xwing/pose.transform.rotation.w,0.6230662550659356
4.857944701,1760031885.634944701,/mocap/xwing/pose.transform.rotation.w,0.6225292787216415
4.857949799,1760031885.634949799,/mocap/xwing/pose.transform.rotation.w,0.6212824434850439
4.85795468,1760031885.634954680,/mocap/xwing/pose.transform.rotation.w,0.6196493166346211
4.857958576,1760031885.634958576,/mocap/xwing/pose.transform.rotation.w,0.6190544338934192
4.857963562,1760031885.634963562,/mocap/xwing/pose.transform.rotation.w,0.619451866463002
4.857968824,1760031885.634968824,/mocap/xwing/pose.transform.rotation.w,0.6204367778574167
4.857978988,1760031885.634978988,/mocap/xwing/pose.transform.rotation.w,0.6203782220442645
4.857984277,1760031885.634984277,/mocap/xwing/pose.transform.rotation.w,0.6191908128012352
4.857993827,1760031885.634993827,/mocap/xwing/pose.transform.rotation.w,0.6176692954089021
4.857997395,1760031885.634997395,/mocap/xwing/pose.transform.rotation.w,0.6165417823476382
4.862377415,1760031885.639377415,/mocap/xwing/pose.transform.rotation.w,0.616363848685937
4.862381147,1760031885.639381147,/mocap/xwing/pose.transform.rotation.w,0.6168539113419804
4.862398301,1760031885.639398301,/mocap/xwing/pose.transform.rotation.w,0.6170678353318019
4.874300934,1760031885.651300934,/mocap/xwing/pose.transform.rotation.w,0.6178988269228264
4.87430681,1760031885.651306810,/mocap/xwing/pose.transform.rotation.w,0.6162861972440788
4.874312708,1760031885.651312708,/mocap/xwing/pose.transform.rotation.w,0.6146112325249735
4.874317679,1760031885.651317679,/mocap/xwing/pose.transform.rotation.w,0.6133507790014404
4.877865507,1760031885.654865507,/mocap/xwing/pose.transform.rotation.w,0.6138853008122015
4.882432964,1760031885.659432964,/mocap/xwing/pose.transform.rotation.w,0.6150475940566995
4.901576315,1760031885.678576315,/mocap/xwing/pose.transform.rotation.w,0.6154286415827678
4.906375305,1760031885.683375305,/mocap/xwing/pose.transform.rotation.w,0.6146023451519657
4.906381,1760031885.683381000,/mocap/xwing/pose.transform.rotation.w,0.6132260322141683
4.906387934,1760031885.683387934,/mocap/xwing/pose.transform.rotation.w,0.6115337761179716
4.906392735,1760031885.683392735,/mocap/xwing/pose.transform.rotation.w,0.6111672016983213
4.906398275,1760031885.683398275,/mocap/xwing/pose.transform.rotation.w,0.6114985234602729
4.906403137,1760031885.683403137,/mocap/xwing/pose.transform.rotation.w,0.612134737672871
4.913956622,1760031885.690956622,/mocap/xwing/pose.transform.rotation.w,0.612457570801182
4.913962979,1760031885.690962979,/mocap/xwing/pose.transform.rotation.w,0.6116318818759563
4.913966853,1760031885.690966853,/mocap/xwing/pose.transform.rotation.w,0.6099348491488333
4.918176956,1760031885.695176956,/mocap/xwing/pose.transform.rotation.w,0.6088314021746646
5.063684612,1760031885.840684612,/mocap/xwing/pose.transform.rotation.w,0.6087136209440941
5.063687548,1760031885.840687548,/mocap/xwing/pose.transform.rotation.w,0.6093239406392608
5.063697228,1760031885.840697228,/mocap/xwing/pose.transform.rotation.w,0.6099566879298433
5.063700177,1760031885.840700177,/mocap/xwing/pose.transform.rotation.w,0.609503937023535
5.063704137,1760031885.840704137,/mocap/xwing/pose.transform.rotation.w,0.6082050917764087
5.063708427,1760031885.840708427,/mocap/xwing/pose.transform.rotation.w,0.6064866603668942
5.063711946,1760031885.840711946,/mocap/xwing/pose.transform.rotation.w,0.6056904859067542
5.063717008,1760031885.840717008,/mocap/xwing/pose.transform.rotation.w,0.6058031739650125
5.063722631,1760031885.840722631,/mocap/xwing/pose.transform.rotation.w,0.6067810592549793
5.063739656,1760031885.840739656,/mocap/xwing/pose.transform.rotation.w,0.6074372387742055
5.063744488,1760031885.840744488,/mocap/xwing/pose.transform.rotation.w,0.606296158324933
5.06375065,1760031885.840750650,/mocap/xwing/pose.transform.rotation.w,0.6046340080355355
5.063755746,1760031885.840755746,/mocap/xwing/pose.transform.rotation.w,0.6032650400018951
5.063761203,1760031885.840761203,/mocap/xwing/pose.transform.rotation.w,0.6025802257437761
5.063765602,1760031885.840765602,/mocap/xwing/pose.transform.rotation.w,0.6031537899856693
5.063770241,1760031885.840770241,/mocap/xwing/pose.transform.rotation.w,0.6042100025793342
5.063774699,1760031885.840774699,/mocap/xwing/pose.transform.rotation.w,0.604051440488809
5.063779651,1760031885.840779651,/mocap/xwing/pose.transform.rotation.w,0.6027549167714478
5.063786089,1760031885.840786089,/mocap/xwing/pose.transform.rotation.w,0.6012372548465279
5.063791265,1760031885.840791265,/mocap/xwing/pose.transform.rotation.w,0.5998558558148116
5.063796829,1760031885.840796829,/mocap/xwing/pose.transform.rotation.w,0.5997154154419714
5.06380006,1760031885.840800060,/mocap/xwing/pose.transform.rotation.w,0.6004343568064087
5.063803179,1760031885.840803179,/mocap/xwing/pose.transform.rotation.w,0.6010812617507818
5.063809904,1760031885.840809904,/mocap/xwing/pose.transform.rotation.w,0.6007163418359761
5.063815412,1760031885.840815412,/mocap/xwing/pose.transform.rotation.w,0.5993724805294736
5.063819849,1760031885.840819849,/mocap/xwing/pose.transform.rotation.w,0.5975941846546208
5.063827775,1760031885.840827775,/mocap/xwing/pose.transform.rotation.w,0.596542614793949
5.063832608,1760031885.840832608,/mocap/xwing/pose.transform.rotation.w,0.5971224813867764
5.063838098,1760031885.840838098,/mocap/xwing/pose.transform.rotation.w,0.5980593540896769
5.063841444,1760031885.840841444,/mocap/xwing/pose.transform.rotation.w,0.598399979415262
5.063844469,1760031885.840844469,/mocap/xwing/pose.transform.rotation.w,0.5976252629846792
5.063849855,1760031885.840849855,/mocap/xwing/pose.transform.rotation.w,0.5959240819218252
5.063855335,1760031885.840855335,/mocap/xwing/pose.transform.rotation.w,0.5945527499545182
5.063859113,1760031885.840859113,/mocap/xwing/pose.transform.rotation.w,0.5941819547369087
5.063869225,1760031885.840869225,/mocap/xwing/pose.transform.rotation.w,0.5946066462163638
5.063872716,1760031885.840872716,/mocap/xwing/pose.transform.rotation.w,0.5955680004548928
5.06387614,1760031885.840876140,/mocap/xwing/pose.transform.rotation.w,0.5959169882779909
5.063879651,1760031885.840879651,/mocap/xwing/pose.transform.rotation.w,0.5945300674189413
5.0638865,1760031885.840886500,/mocap/xwing/pose.transform.rotation.w,0.5926687993926378
5.063890335,1760031885.840890335,/mocap/xwing/pose.transform.rotation.w,0.5918968179271745
5.063899981,1760031885.840899981,/mocap/xwing/pose.transform.rotation.w,0.5919827707083123
5.063904883,1760031885.840904883,/mocap/xwing/pose.transform.rotation.w,0.5925420582722795
5.063923363,1760031885.840923363,/mocap/xwing/pose.transform.rotation.w,0.5931394279490108
5.068107484,1760031885.845107484,/mocap/xwing/pose.transform.rotation.w,0.5927313722013211
5.068117531,1760031885.845117531,/mocap/xwing/pose.transform.rotation.w,0.5912062819310764
5.071009136,1760031885.848009136,/mocap/xwing/pose.transform.rotation.w,0.5897845459933977
5.074067932,1760031885.851067932,/mocap/xwing/pose.transform.rotation.w,0.5888551409679169
5.077112761,1760031885.854112761,/mocap/xwing/pose.transform.rotation.w,0.5897310511910019
5.080244416,1760031885.857244416,/mocap/xwing/pose.transform.rotation.w,0.5903008346220947
5.083389329,1760031885.860389329,/mocap/xwing/pose.transform.rotation.w,0.5907221088650934
5.087701526,1760031885.864701526,/mocap/xwing/pose.transform.rotation.w,0.5898582596976025
5.090447915,1760031885.867447915,/mocap/xwing/pose.transform.rotation.w,0.5886051292083903
5.093525785,1760031885.870525785,/mocap/xwing/pose.transform.rotation.w,0.5870650851789673
5.096159767,1760031885.873159767,/mocap/xwing/pose.transform.rotation.w,0.5870556320812141
5.099775607,1760031885.876775607,/mocap/xwing/pose.transform.rotation.w,0.5876658573948309
5.106936494,1760031885.883936494,/mocap/xwing/pose.transform.rotation.w,0.5887291692786096
5.111633137,1760031885.888633137,/mocap/xwing/pose.transform.rotation.w,0.5879510210187828
5.11579261,1760031885.892792610,/mocap/xwing/pose.transform.rotation.w,0.5868363098492732
5.121970497,1760031885.898970497,/mocap/xwing/pose.transform.rotation.w,0.585543597688359
5.1219828,1760031885.898982800,/mocap/xwing/pose.transform.rotation.w,0.5844863641031629
5.122029948,1760031885.899029948,/mocap/xwing/pose.transform.rotation.w,0.5849862240083921
5.129079882,1760031885.906079882,/mocap/xwing/pose.transform.rotation.w,0.5857835577050606
5.278470154,1760031886.055470154,/mocap/xwing/pose.transform.rotation.w,0.58684836208543
5.278474566,1760031886.055474566,/mocap/xwing/pose.transform.rotation.w,0.5860747752858344
5.278479157,1760031886.055479157,/mocap/xwing/pose.transform.rotation.w,0.5853621576665466
5.278485366,1760031886.055485366,/mocap/xwing/pose.transform.rotation.w,0.5837434460839926
5.278500952,1760031886.055500952,/mocap/xwing/pose.transform.rotation.w,0.5833739621674231
5.278522663,1760031886.055522663,/mocap/xwing/pose.transform.rotation.w,0.583676417840204
5.27852868,1760031886.055528680,/mocap/xwing/pose.transform.rotation.w,0.584535646914525
5.278533965,1760031886.055533965,/mocap/xwing/pose.transform.rotation.w,0.5852100285391871
5.278537291,1760031886.055537291,/mocap/xwing/pose.transform.rotation.w,0.5847197989119324
5.278548081,1760031886.055548081,/mocap/xwing/pose.transform.rotation.w,0.5834478410427468
5.278553743,1760031886.055553743,/mocap/xwing/pose.transform.rotation.w,0.5820217819913416
5.278558786,1760031886.055558786,/mocap/xwing/pose.transform.rotation.w,0.5816741641490162
5.278564584,1760031886.055564584,/mocap/xwing/pose.transform.rotation.w,0.5825989985423256
5.2785708620000005,1760031886.055570862,/mocap/xwing/pose.transform.rotation.w,0.5837322423820378
5.278585231,1760031886.055585231,/mocap/xwing/pose.transform.rotation.w,0.5832674986612904
5.278590473,1760031886.055590473,/mocap/xwing/pose.transform.rotation.w,0.5828347002019943
5.278609258,1760031886.055609258,/mocap/xwing/pose.transform.rotation.w,0.5812842883316415
5.278623528,1760031886.055623528,/mocap/xwing/pose.transform.rotation.w,0.5804805531021253
5.278626699,1760031886.055626699,/mocap/xwing/pose.transform.rotation.w,0.5814418178460005
5.278656689,1760031886.055656689,/mocap/xwing/pose.transform.rotation.w,0.5820286217870497
5.278679258,1760031886.055679258,/mocap/xwing/pose.transform.rotation.w,0.581757562241778
5.27868353,1760031886.055683530,/mocap/xwing/pose.transform.rotation.w,0.5827409485304068
5.278688913,1760031886.055688913,/mocap/xwing/pose.transform.rotation.w,0.5813827241421252
5.278692777,1760031886.055692777,/mocap/xwing/pose.transform.rotation.w,0.5797253755030944
5.278712744,1760031886.055712744,/mocap/xwing/pose.transform.rotation.w,0.5799534240188201
5.278720553,1760031886.055720553,/mocap/xwing/pose.transform.rotation.w,0.5807254547501748
5.278726526,1760031886.055726526,/mocap/xwing/pose.transform.rotation.w,0.5815457694953323
5.278730945,1760031886.055730945,/mocap/xwing/pose.transform.rotation.w,0.5817641488071187
5.278735135,1760031886.055735135,/mocap/xwing/pose.transform.rotation.w,0.5818618581963805
5.278751443,1760031886.055751443,/mocap/xwing/pose.transform.rotation.w,0.5803474689106742
5.278756822,1760031886.055756822,/mocap/xwing/pose.transform.rotation.w,0.5800574120206965
5.278761219,1760031886.055761219,/mocap/xwing/pose.transform.rotation.w,0.5794933965812215
5.278771653,1760031886.055771653,/mocap/xwing/pose.transform.rotation.w,0.5801852277172453
5.278776213,1760031886.055776213,/mocap/xwing/pose.transform.rotation.w,0.5809985687010201
5.278787443,1760031886.055787443,/mocap/xwing/pose.transform.rotation.w,0.5804093673704356
5.278821995,1760031886.055821995,/mocap/xwing/pose.transform.rotation.w,0.5796981020574025
5.278827964,1760031886.055827964,/mocap/xwing/pose.transform.rotation.w,0.5785037129380769
5.278834017,1760031886.055834017,/mocap/xwing/pose.transform.rotation.w,0.5780220971691364
5.27885554,1760031886.055855540,/mocap/xwing/pose.transform.rotation.w,0.578234265148601
5.278865943,1760031886.055865943,/mocap/xwing/pose.transform.rotation.w,0.5785778892744847
5.278875128,1760031886.055875128,/mocap/xwing/pose.transform.rotation.w,0.579434829583746
5.278890434,1760031886.055890434,/mocap/xwing/pose.transform.rotation.w,0.579211919933611
5.278894324,1760031886.055894324,/mocap/xwing/pose.transform.rotation.w,0.5781468952194215
5.278922833,1760031886.055922833,/mocap/xwing/pose.transform.rotation.w,0.5773423316364407
5.284390683,1760031886.061390683,/mocap/xwing/pose.transform.rotation.w,0.5769942335703371
5.284395522,1760031886.061395522,/mocap/xwing/pose.transform.rotation.w,0.5778618805329916
5.284398961,1760031886.061398961,/mocap/xwing/pose.transform.rotation.w,0.5786544077769945
5.300874494,1760031886.077874494,/mocap/xwing/pose.transform.rotation.w,0.5788193175014138
5.300878743,1760031886.077878743,/mocap/xwing/pose.transform.rotation.w,0.5784119738004856
5.300896698,1760031886.077896698,/mocap/xwing/pose.transform.rotation.w,0.5772614493289869
5.300902266,1760031886.077902266,/mocap/xwing/pose.transform.rotation.w,0.5763966808676658
5.300913992,1760031886.077913992,/mocap/xwing/pose.transform.rotation.w,0.5759975903631037
5.300925564,1760031886.077925564,/mocap/xwing/pose.transform.rotation.w,0.5770511582256744
5.30467244,1760031886.081672440,/mocap/xwing/pose.transform.rotation.w,0.5777885676299641
5.309655418,1760031886.086655418,/mocap/xwing/pose.transform.rotation.w,0.5776823150210959
5.312149234,1760031886.089149234,/mocap/xwing/pose.transform.rotation.w,0.5769145739302074
5.319148157,1760031886.096148157,/mocap/xwing/pose.transform.rotation.w,0.5764822094544734
5.31918731,1760031886.096187310,/mocap/xwing/pose.transform.rotation.w,0.5755188046010813
5.325801064,1760031886.102801064,/mocap/xwing/pose.transform.rotation.w,0.5756952377079563
5.32580675,1760031886.102806750,/mocap/xwing/pose.transform.rotation.w,0.5765066106086923
5.330277044,1760031886.107277044,/mocap/xwing/pose.transform.rotation.w,0.5769868192569941
5.330281689,1760031886.107281689,/mocap/xwing/pose.transform.rotation.w,0.5762476290951197
5.464984114,1760031886.241984114,/mocap/xwing/pose.transform.rotation.w,0.5753237494877562
5.464987414,1760031886.241987414,/mocap/xwing/pose.transform.rotation.w,0.5741270744040476
5.464995058,1760031886.241995058,/mocap/xwing/pose.transform.rotation.w,0.5732434696526074
5.464999978,1760031886.241999978,/mocap/xwing/pose.transform.rotation.w,0.5739426221277508
5.465003286,1760031886.242003286,/mocap/xwing/pose.transform.rotation.w,0.5745849451802718
5.465019075,1760031886.242019075,/mocap/xwing/pose.transform.rotation.w,0.5750252941308032
5.465035695,1760031886.242035695,/mocap/xwing/pose.transform.rotation.w,0.5743650382748676
5.465041801,1760031886.242041801,/mocap/xwing/pose.transform.rotation.w,0.5739786969603285
5.465045779,1760031886.242045779,/mocap/xwing/pose.transform.rotation.w,0.5732419177809845
5.465052213,1760031886.242052213,/mocap/xwing/pose.transform.rotation.w,0.5729911124378227
5.465057705,1760031886.242057705,/mocap/xwing/pose.transform.rotation.w,0.573553803711448
5.46506167,1760031886.242061670,/mocap/xwing/pose.transform.rotation.w,0.5744197167398325
5.465069262,1760031886.242069262,/mocap/xwing/pose.transform.rotation.w,0.5742436358216909
5.465074953,1760031886.242074953,/mocap/xwing/pose.transform.rotation.w,0.5736009382703433
5.465080378,1760031886.242080378,/mocap/xwing/pose.transform.rotation.w,0.5720027863119654
5.465091044,1760031886.242091044,/mocap/xwing/pose.transform.rotation.w,0.5714230946961307
5.465095088,1760031886.242095088,/mocap/xwing/pose.transform.rotation.w,0.571702495298232
5.465099447,1760031886.242099447,/mocap/xwing/pose.transform.rotation.w,0.5725877227075765
5.465103693,1760031886.242103693,/mocap/xwing/pose.transform.rotation.w,0.572884084942894
5.46510799,1760031886.242107990,/mocap/xwing/pose.transform.rotation.w,0.5722774139071415
5.465116147,1760031886.242116147,/mocap/xwing/pose.transform.rotation.w,0.5713789477426128
5.465127913,1760031886.242127913,/mocap/xwing/pose.transform.rotation.w,0.5704360675022233
5.465133748,1760031886.242133748,/mocap/xwing/pose.transform.rotation.w,0.5696817988735167
5.465138968,1760031886.242138968,/mocap/xwing/pose.transform.rotation.w,0.5702932758742063
5.465142206,1760031886.242142206,/mocap/xwing/pose.transform.rotation.w,0.5706919225561715
5.465145719,1760031886.242145719,/mocap/xwing/pose.transform.rotation.w,0.5710840410070941
5.465150093,1760031886.242150093,/mocap/xwing/pose.transform.rotation.w,0.5697978780276203
5.4651534680000005,1760031886.242153468,/mocap/xwing/pose.transform.rotation.w,0.5688353418365538
5.489276655,1760031886.266276655,/mocap/xwing/pose.transform.rotation.w,0.5679940912752491
5.489283545,1760031886.266283545,/mocap/xwing/pose.transform.rotation.w,0.5678508709564137
5.489288619,1760031886.266288619,/mocap/xwing/pose.transform.rotation.w,0.5680647973755197
5.489297108,1760031886.266297108,/mocap/xwing/pose.transform.rotation.w,0.5689182688640262
5.489305591,1760031886.266305591,/mocap/xwing/pose.transform.rotation.w,0.5685881673195589
5.489312244,1760031886.266312244,/mocap/xwing/pose.transform.rotation.w,0.5679039937155862
5.48932752,1760031886.266327520,/mocap/xwing/pose.transform.rotation.w,0.566524408056841
5.489332627,1760031886.266332627,/mocap/xwing/pose.transform.rotation.w,0.5657342203606415
5.489337585,1760031886.266337585,/mocap/xwing/pose.transform.rotation.w,0.5655692075332007
5.489342311,1760031886.266342311,/mocap/xwing/pose.transform.rotation.w,0.5662356738148293
5.493577754,1760031886.270577754,/mocap/xwing/pose.transform.rotation.w,0.5665346799716954
5.493581418,1760031886.270581418,/mocap/xwing/pose.transform.rotation.w,0.5659755382844176
5.493604558,1760031886.270604558,/mocap/xwing/pose.transform.rotation.w,0.5650358809730928
5.493609709,1760031886.270609709,/mocap/xwing/pose.transform.rotation.w,0.5637255459039446
5.49361505,1760031886.270615050,/mocap/xwing/pose.transform.rotation.w,0.563297718428798
5.493626908,1760031886.270626908,/mocap/xwing/pose.transform.rotation.w,0.5639944712431162
5.493630731,1760031886.270630731,/mocap/xwing/pose.transform.rotation.w,0.5649216852808173
5.493637659,1760031886.270637659,/mocap/xwing/pose.transform.rotation.w,0.5650094749720431
5.493641761,1760031886.270641761,/mocap/xwing/pose.transform.rotation.w,0.5642371623301984
5.493645175,1760031886.270645175,/mocap/xwing/pose.transform.rotation.w,0.5623220455941764
5.497371718,1760031886.274371718,/mocap/xwing/pose.transform.rotation.w,0.5613379763484261
5.49738283,1760031886.274382830,/mocap/xwing/pose.transform.rotation.w,0.5611358111911351
5.500436247,1760031886.277436247,/mocap/xwing/pose.transform.rotation.w,0.5619891081454617
5.504980978,1760031886.281980978,/mocap/xwing/pose.transform.rotation.w,0.5627518015311703
5.615786257,1760031886.392786257,/mocap/xwing/pose.transform.rotation.w,0.5623548645152043
5.677971983,1760031886.454971983,/mocap/xwing/pose.transform.rotation.w,0.5611038332122741
5.67797554,1760031886.454975540,/mocap/xwing/pose.transform.rotation.w,0.5597105803379309
5.677985393,1760031886.454985393,/mocap/xwing/pose.transform.rotation.w,0.5588958377578646
5.677990434,1760031886.454990434,/mocap/xwing/pose.transform.rotation.w,0.5588333073024346
5.678020807,1760031886.455020807,/mocap/xwing/pose.transform.rotation.w,0.5596195350453448
5.678024122,1760031886.455024122,/mocap/xwing/pose.transform.rotation.w,0.5601100120042218
5.678027899,1760031886.455027899,/mocap/xwing/pose.transform.rotation.w,0.5594463440601949
5.67803191,1760031886.455031910,/mocap/xwing/pose.transform.rotation.w,0.5581738169573126
5.6780388760000005,1760031886.455038876,/mocap/xwing/pose.transform.rotation.w,0.5566574318214182
5.678041744,1760031886.455041744,/mocap/xwing/pose.transform.rotation.w,0.5562322636999295
5.678048821,1760031886.455048821,/mocap/xwing/pose.transform.rotation.w,0.5567639805868965
5.678055649,1760031886.455055649,/mocap/xwing/pose.transform.rotation.w,0.5574772664627916
5.678058844,1760031886.455058844,/mocap/xwing/pose.transform.rotation.w,0.5576941891344704
5.678064501,1760031886.455064501,/mocap/xwing/pose.transform.rotation.w,0.556701918437457
5.678068646,1760031886.455068646,/mocap/xwing/pose.transform.rotation.w,0.555297915406014
5.678073385,1760031886.455073385,/mocap/xwing/pose.transform.rotation.w,0.5542080219381558
5.6780783150000005,1760031886.455078315,/mocap/xwing/pose.transform.rotation.w,0.5541950471869743
5.678081563,1760031886.455081563,/mocap/xwing/pose.transform.rotation.w,0.5549451005559063
5.678087072,1760031886.455087072,/mocap/xwing/pose.transform.rotation.w,0.5556918402152224
5.678094823,1760031886.455094823,/mocap/xwing/pose.transform.rotation.w,0.5553891262270603
5.678099344,1760031886.455099344,/mocap/xwing/pose.transform.rotation.w,0.554365270588693
5.678102817,1760031886.455102817,/mocap/xwing/pose.transform.rotation.w,0.5528892002668244
5.678108407,1760031886.455108407,/mocap/xwing/pose.transform.rotation.w,0.552094726731032
5.678112814,1760031886.455112814,/mocap/xwing/pose.transform.rotation.w,0.5524385536551529
5.678122858,1760031886.455122858,/mocap/xwing/pose.transform.rotation.w,0.5534463409394218
5.678129248,1760031886.455129248,/mocap/xwing/pose.transform.rotation.w,0.5539962565420947
5.678133504,1760031886.455133504,/mocap/xwing/pose.transform.rotation.w,0.5536439106185362
5.678138607,1760031886.455138607,/mocap/xwing/pose.transform.rotation.w,0.5525696288240761
5.678149703,1760031886.455149703,/mocap/xwing/pose.transform.rotation.w,0.5513784325521852
5.678155948,1760031886.455155948,/mocap/xwing/pose.transform.rotation.w,0.5510751043564802
5.678160917,1760031886.455160917,/mocap/xwing/pose.transform.rotation.w,0.5517597840402068
5.678166711,1760031886.455166711,/mocap/xwing/pose.transform.rotation.w,0.552477177058957
5.678170264,1760031886.455170264,/mocap/xwing/pose.transform.rotation.w,0.5528748710962905
5.678173598,1760031886.455173598,/mocap/xwing/pose.transform.rotation.w,0.5521780666834365
5.678175982,1760031886.455175982,/mocap/xwing/pose.transform.rotation.w,0.551090781427588
5.678201678,1760031886.455201678,/mocap/xwing/pose.transform.rotation.w,0.5501771231488283
5.678209106,1760031886.455209106,/mocap/xwing/pose.transform.rotation.w,0.5504629441502852
5.678212683,1760031886.455212683,/mocap/xwing/pose.transform.rotation.w,0.5513107439647675
5.678219889,1760031886.455219889,/mocap/xwing/pose.transform.rotation.w,0.5521385077415024
5.678223812,1760031886.455223812,/mocap/xwing/pose.transform.rotation.w,0.5520887872161292
5.678227737,1760031886.455227737,/mocap/xwing/pose.transform.rotation.w,0.5514483353471811
5.678248452,1760031886.455248452,/mocap/xwing/pose.transform.rotation.w,0.5504274834296579
5.678254457,1760031886.455254457,/mocap/xwing/pose.transform.rotation.w,0.550006887941136
5.678259146,1760031886.455259146,/mocap/xwing/pose.transform.rotation.w,0.5503985655065328
5.678263015,1760031886.455263015,/mocap/xwing/pose.transform.rotation.w,0.551339230554261
5.678269065,1760031886.455269065,/mocap/xwing/pose.transform.rotation.w,0.5519342608849616
5.678273434,1760031886.455273434,/mocap/xwing/pose.transform.rotation.w,0.5520209444036013
5.678288341,1760031886.455288341,/mocap/xwing/pose.transform.rotation.w,0.5510167321749289
5.695551531,1760031886.472551531,/mocap/xwing/pose.transform.rotation.w,0.5502660945633002
5.695555189,1760031886.472555189,/mocap/xwing/pose.transform.rotation.w,0.5500286424501656
5.69555971,1760031886.472559710,/mocap/xwing/pose.transform.rotation.w,0.5507739423046061
5.695564556,1760031886.472564556,/mocap/xwing/pose.transform.rotation.w,0.5516888571586952
5.695569188,1760031886.472569188,/mocap/xwing/pose.transform.rotation.w,0.5522750002645265
5.695573702,1760031886.472573702,/mocap/xwing/pose.transform.rotation.w,0.5517526817087133
5.695587708,1760031886.472587708,/mocap/xwing/pose.transform.rotation.w,0.550697433172199
5.695608873,1760031886.472608873,/mocap/xwing/pose.transform.rotation.w,0.5502194969902126
5.803938239,1760031886.580938239,/mocap/xwing/pose.transform.rotation.w,0.5502219332230229
5.832508012,1760031886.609508012,/mocap/xwing/pose.transform.rotation.w,0.5503470898349512
5.832527644,1760031886.609527644,/mocap/xwing/pose.transform.rotation.w,0.5511819253440043
5.832539639,1760031886.609539639,/mocap/xwing/pose.transform.rotation.w,0.5511157391506243
5.832553044,1760031886.609553044,/mocap/xwing/pose.transform.rotation.w,0.5507759599011671
5.832603933,1760031886.609603933,/mocap/xwing/pose.transform.rotation.w,0.5496315083550829
5.832620396,1760031886.609620396,/mocap/xwing/pose.transform.rotation.w,0.5484957185082439
5.8326596330000005,1760031886.609659633,/mocap/xwing/pose.transform.rotation.w,0.549585305177953
5.832684229,1760031886.609684229,/mocap/xwing/pose.transform.rotation.w,0.5515727636638451
5.832746247,1760031886.609746247,/mocap/xwing/pose.transform.rotation.w,0.5521897514792328
5.832839405,1760031886.609839405,/mocap/xwing/pose.transform.rotation.w,0.5524971376088501
5.832853811,1760031886.609853811,/mocap/xwing/pose.transform.rotation.w,0.5516433371610546
5.832891314,1760031886.609891314,/mocap/xwing/pose.transform.rotation.w,0.550836828279909
5.832916896,1760031886.609916896,/mocap/xwing/pose.transform.rotation.w,0.5509621107878258
5.832962042,1760031886.609962042,/mocap/xwing/pose.transform.rotation.w,0.5518313958249328
5.832984242,1760031886.609984242,/mocap/xwing/pose.transform.rotation.w,0.5527818143431698
5.832999779,1760031886.609999779,/mocap/xwing/pose.transform.rotation.w,0.5531044011703808
5.833050681,1760031886.610050681,/mocap/xwing/pose.transform.rotation.w,0.5527179111915309
5.833071463,1760031886.610071463,/mocap/xwing/pose.transform.rotation.w,0.5516555529013788
5.83309111,1760031886.610091110,/mocap/xwing/pose.transform.rotation.w,0.551106964331311
5.83334633,1760031886.610346330,/mocap/xwing/pose.transform.rotation.w,0.551363415003825
5.8333827760000005,1760031886.610382776,/mocap/xwing/pose.transform.rotation.w,0.552294103362049
5.833455197,1760031886.610455197,/mocap/xwing/pose.transform.rotation.w,0.5532613011487546
5.833473923,1760031886.610473923,/mocap/xwing/pose.transform.rotation.w,0.5534422072200426
5.833501196,1760031886.610501196,/mocap/xwing/pose.transform.rotation.w,0.5524187519627136
5.833529951,1760031886.610529951,/mocap/xwing/pose.transform.rotation.w,0.5514970005109019
5.83356379,1760031886.610563790,/mocap/xwing/pose.transform.rotation.w,0.5511195668799969
5.833583396,1760031886.610583396,/mocap/xwing/pose.transform.rotation.w,0.5516012270125414
5.833600326,1760031886.610600326,/mocap/xwing/pose.transform.rotation.w,0.5524305838649973
5.833638932,1760031886.610638932,/mocap/xwing/pose.transform.rotation.w,0.5529509681550875
5.833657056,1760031886.610657056,/mocap/xwing/pose.transform.rotation.w,0.5525246020367397
5.833674456,1760031886.610674456,/mocap/xwing/pose.transform.rotation.w,0.5514912121038795
5.833756128,1760031886.610756128,/mocap/xwing/pose.transform.rotation.w,0.5507076666861409
5.8337796,1760031886.610779600,/mocap/xwing/pose.transform.rotation.w,0.5504843682110412
5.83381066,1760031886.610810660,/mocap/xwing/pose.transform.rotation.w,0.5512032746873972
5.833826462,1760031886.610826462,/mocap/xwing/pose.transform.rotation.w,0.5519129661526236
5.833840922,1760031886.610840922,/mocap/xwing/pose.transform.rotation.w,0.5520486142217385
5.8338966580000005,1760031886.610896658,/mocap/xwing/pose.transform.rotation.w,0.5512046803503537
5.844975364,1760031886.621975364,/mocap/xwing/pose.transform.rotation.w,0.5499769488550151
5.844981381,1760031886.621981381,/mocap/xwing/pose.transform.rotation.w,0.5492005665840924
5.844985046,1760031886.621985046,/mocap/xwing/pose.transform.rotation.w,0.5492618700711475
5.844990973,1760031886.621990973,/mocap/xwing/pose.transform.rotation.w,0.5497915106586683
5.844995605,1760031886.621995605,/mocap/xwing/pose.transform.rotation.w,0.5503143148793032
5.845011302,1760031886.622011302,/mocap/xwing/pose.transform.rotation.w,0.5500408695277408
5.849755754,1760031886.626755754,/mocap/xwing/pose.transform.rotation.w,0.549009545103563
5.849761014,1760031886.626761014,/mocap/xwing/pose.transform.rotation.w,0.5478678053288416
5.867786751,1760031886.644786751,/mocap/xwing/pose.transform.rotation.w,0.5471166876745445
5.867791515,1760031886.644791515,/mocap/xwing/pose.transform.rotation.w,0.5471991200318748
5.867950909,1760031886.644950909,/mocap/xwing/pose.transform.rotation.w,0.5478209314565617
5.875037971,1760031886.652037971,/mocap/xwing/pose.transform.rotation.w,0.547818318008389
5.875046611,1760031886.652046611,/mocap/xwing/pose.transform.rotation.w,0.5470793579830429
5.875050693,1760031886.652050693,/mocap/xwing/pose.transform.rotation.w,0.5459096935615261
5.875061162,1760031886.652061162,/mocap/xwing/pose.transform.rotation.w,0.5448817750067483
5.875076291,1760031886.652076291,/mocap/xwing/pose.transform.rotation.w,0.5444650900583983
5.893953664,1760031886.670953664,/mocap/xwing/pose.transform.rotation.w,0.544842974640604
5.893969078,1760031886.670969078,/mocap/xwing/pose.transform.rotation.w,0.5452109605448578
5.893977007,1760031886.670977007,/mocap/xwing/pose.transform.rotation.w,0.5450213642203481
5.894090139,1760031886.671090139,/mocap/xwing/pose.transform.rotation.w,0.5438553978919443
5.894146308,1760031886.671146308,/mocap/xwing/pose.transform.rotation.w,0.5425232398312286
5.91059824,1760031886.687598240,/mocap/xwing/pose.transform.rotation.w,0.5418737838929122
5.910650896,1760031886.687650896,/mocap/xwing/pose.transform.rotation.w,0.5414773609254744
5.917402911,1760031886.694402911,/mocap/xwing/pose.transform.rotation.w,0.5418808551741086
5.917425659,1760031886.694425659,/mocap/xwing/pose.transform.rotation.w,0.5419881345814798
5.917452644,1760031886.694452644,/mocap/xwing/pose.transform.rotation.w,0.5414669091479208
5.917626823,1760031886.694626823,/mocap/xwing/pose.transform.rotation.w,0.5403281130545047
5.917773641,1760031886.694773641,/mocap/xwing/pose.transform.rotation.w,0.5393615195059376
5.925570191,1760031886.702570191,/mocap/xwing/pose.transform.rotation.w,0.5385020383874471
5.925607147,1760031886.702607147,/mocap/xwing/pose.transform.rotation.w,0.5389145598828844
5.925641629,1760031886.702641629,/mocap/xwing/pose.transform.rotation.w,0.5393553117984189
5.928989262,1760031886.705989262,/mocap/xwing/pose.transform.rotation.w,0.5394138269553376
5.936097293,1760031886.713097293,/mocap/xwing/pose.transform.rotation.w,0.5388920334180425
5.99026423,1760031886.767264230,/mocap/xwing/pose.transform.rotation.w,0.5374459388814429
5.990281266,1760031886.767281266,/mocap/xwing/pose.transform.rotation.w,0.53606311122723
5.990797094,1760031886.767797094,/mocap/xwing/pose.transform.rotation.w,0.5357286912189617
6.005322951,1760031886.782322951,/mocap/xwing/pose.transform.rotation.w,0.5362980053756432
6.005340222,1760031886.782340222,/mocap/xwing/pose.transform.rotation.w,0.5355967201216975
6.005358605,1760031886.782358605,/mocap/xwing/pose.transform.rotation.w,0.5372252526927171
6.005377304,1760031886.782377304,/mocap/xwing/pose.transform.rotation.w,0.536190000045865
6.005397882,1760031886.782397882,/mocap/xwing/pose.transform.rotation.w,0.5343330991442466
6.0054124,1760031886.782412400,/mocap/xwing/pose.transform.rotation.w,0.5338269053273172
6.005430586,1760031886.782430586,/mocap/xwing/pose.transform.rotation.w,0.5335487798288995
6.005442002,1760031886.782442002,/mocap/xwing/pose.transform.rotation.w,0.5350059351721786
6.005454061,1760031886.782454061,/mocap/xwing/pose.transform.rotation.w,0.5349141064521876
6.005467052,1760031886.782467052,/mocap/xwing/pose.transform.rotation.w,0.534898547119495
6.005490421,1760031886.782490421,/mocap/xwing/pose.transform.rotation.w,0.5348019588257044
6.005506521,1760031886.782506521,/mocap/xwing/pose.transform.rotation.w,0.5321863571930381
6.005519254,1760031886.782519254,/mocap/xwing/pose.transform.rotation.w,0.5317618422302166
6.005544129,1760031886.782544129,/mocap/xwing/pose.transform.rotation.w,0.5332823155570691
6.005559528,1760031886.782559528,/mocap/xwing/pose.transform.rotation.w,0.535641561569936
6.005571983,1760031886.782571983,/mocap/xwing/pose.transform.rotation.w,0.5370278190544041
6.005588156,1760031886.782588156,/mocap/xwing/pose.transform.rotation.w,0.5367353683711774
6.005630861,1760031886.782630861,/mocap/xwing/pose.transform.rotation.w,0.5356250814536717
6.146829417,1760031886.923829417,/mocap/xwing/pose.transform.rotation.w,0.5338333254767839
6.146834093,1760031886.923834093,/mocap/xwing/pose.transform.rotation.w,0.535155710066339
6.146839403,1760031886.923839403,/mocap/xwing/pose.transform.rotation.w,0.5357407620718825
6.146844058,1760031886.923844058,/mocap/xwing/pose.transform.rotation.w,0.5363430036465858
6.146851061,1760031886.923851061,/mocap/xwing/pose.transform.rotation.w,0.5372620656943669
6.146855805,1760031886.923855805,/mocap/xwing/pose.transform.rotation.w,0.535983727158938
6.14686189,1760031886.923861890,/mocap/xwing/pose.transform.rotation.w,0.5353878142420864
6.146872841,1760031886.923872841,/mocap/xwing/pose.transform.rotation.w,0.535098166785111
6.146876915,1760031886.923876915,/mocap/xwing/pose.transform.rotation.w,0.5365324935374653
6.14688068,1760031886.923880680,/mocap/xwing/pose.transform.rotation.w,0.5392421283719486
6.146884137,1760031886.923884137,/mocap/xwing/pose.transform.rotation.w,0.539767020248181
6.146896689,1760031886.923896689,/mocap/xwing/pose.transform.rotation.w,0.5412129672305832
6.14690176,1760031886.923901760,/mocap/xwing/pose.transform.rotation.w,0.5401765291431418
6.146905386,1760031886.923905386,/mocap/xwing/pose.transform.rotation.w,0.5392810837818566
6.146908714,1760031886.923908714,/mocap/xwing/pose.transform.rotation.w,0.5395153400543945
6.146915642,1760031886.923915642,/mocap/xwing/pose.transform.rotation.w,0.540690139844861
6.146919819,1760031886.923919819,/mocap/xwing/pose.transform.rotation.w,0.5431261168092388
6.146933731,1760031886.923933731,/mocap/xwing/pose.transform.rotation.w,0.5444560779790782
6.146939604,1760031886.923939604,/mocap/xwing/pose.transform.rotation.w,0.544904658049058
6.146945102,1760031886.923945102,/mocap/xwing/pose.transform.rotation.w,0.5444352236599821
6.146949256,1760031886.923949256,/mocap/xwing/pose.transform.rotation.w,0.5449770904091149
6.146952871,1760031886.923952871,/mocap/xwing/pose.transform.rotation.w,0.5451575485998889
6.146961545,1760031886.923961545,/mocap/xwing/pose.transform.rotation.w,0.547300707075326
6.146990492,1760031886.923990492,/mocap/xwing/pose.transform.rotation.w,0.5488970998211644
6.146993835,1760031886.923993835,/mocap/xwing/pose.transform.rotation.w,0.5495647126198699
6.147015524,1760031886.924015524,/mocap/xwing/pose.transform.rotation.w,0.549277425943692
6.147020264,1760031886.924020264,/mocap/xwing/pose.transform.rotation.w,0.5485004541283245
6.147027307,1760031886.924027307,/mocap/xwing/pose.transform.rotation.w,0.548626482811803
6.147033394,1760031886.924033394,/mocap/xwing/pose.transform.rotation.w,0.5507468518651619
6.147037051,1760031886.924037051,/mocap/xwing/pose.transform.rotation.w,0.5531212937284352
6.147041323,1760031886.924041323,/mocap/xwing/pose.transform.rotation.w,0.5551226953571928
6.147045601,1760031886.924045601,/mocap/xwing/pose.transform.rotation.w,0.55527448540923
6.147053037,1760031886.924053037,/mocap/xwing/pose.transform.rotation.w,0.5549967995209724
6.147058888,1760031886.924058888,/mocap/xwing/pose.transform.rotation.w,0.5545653476499378
6.147065782,1760031886.924065782,/mocap/xwing/pose.transform.rotation.w,0.5557225689111972
6.147069438,1760031886.924069438,/mocap/xwing/pose.transform.rotation.w,0.5578809323575015
6.147101926,1760031886.924101926,/mocap/xwing/pose.transform.rotation.w,0.5601125294498628
6.147119905,1760031886.924119905,/mocap/xwing/pose.transform.rotation.w,0.5613986662618048
6.147126257,1760031886.924126257,/mocap/xwing/pose.transform.rotation.w,0.5609251587991474
6.147134852,1760031886.924134852,/mocap/xwing/pose.transform.rotation.w,0.5604885407787318
6.147156777,1760031886.924156777,/mocap/xwing/pose.transform.rotation.w,0.5597247164613338
6.305043465,1760031887.082043465,/mocap/xwing/pose.transform.rotation.w,0.5609754089741004
6.305047162,1760031887.082047162,/mocap/xwing/pose.transform.rotation.w,0.5636484879693339
6.305051661,1760031887.082051661,/mocap/xwing/pose.transform.rotation.w,0.5651163068644142
6.305054983,1760031887.082054983,/mocap/xwing/pose.transform.rotation.w,0.5659135209424276
6.305060215,1760031887.082060215,/mocap/xwing/pose.transform.rotation.w,0.5648508099050376
6.305068565,1760031887.082068565,/mocap/xwing/pose.transform.rotation.w,0.5639692180369874
6.305081944,1760031887.082081944,/mocap/xwing/pose.transform.rotation.w,0.5640149596727982
6.305084874,1760031887.082084874,/mocap/xwing/pose.transform.rotation.w,0.5654216137192218
6.305087421,1760031887.082087421,/mocap/xwing/pose.transform.rotation.w,0.5678610021661931
6.305093031,1760031887.082093031,/mocap/xwing/pose.transform.rotation.w,0.5688814366722875
6.305097969,1760031887.082097969,/mocap/xwing/pose.transform.rotation.w,0.569275786754549
6.305108906,1760031887.082108906,/mocap/xwing/pose.transform.rotation.w,0.5676242069649641
6.305112405,1760031887.082112405,/mocap/xwing/pose.transform.rotation.w,0.5672034583958209
6.305118068,1760031887.082118068,/mocap/xwing/pose.transform.rotation.w,0.5674120476079861
6.30512164,1760031887.082121640,/mocap/xwing/pose.transform.rotation.w,0.5693097769274302
6.305125701,1760031887.082125701,/mocap/xwing/pose.transform.rotation.w,0.57034922809879
6.305130067,1760031887.082130067,/mocap/xwing/pose.transform.rotation.w,0.5710538130105073
6.305135497,1760031887.082135497,/mocap/xwing/pose.transform.rotation.w,0.5702498724472276
6.305140382,1760031887.082140382,/mocap/xwing/pose.transform.rotation.w,0.5688604168174959
6.305152571,1760031887.082152571,/mocap/xwing/pose.transform.rotation.w,0.5679699742834904
6.305157152,1760031887.082157152,/mocap/xwing/pose.transform.rotation.w,0.5688632376141189
6.305161462,1760031887.082161462,/mocap/xwing/pose.transform.rotation.w,0.5704748198760053
6.305164509,1760031887.082164509,/mocap/xwing/pose.transform.rotation.w,0.5717058555945033
6.305167833,1760031887.082167833,/mocap/xwing/pose.transform.rotation.w,0.5730706977343144
6.305171416,1760031887.082171416,/mocap/xwing/pose.transform.rotation.w,0.5722797874131837
6.305179668,1760031887.082179668,/mocap/xwing/pose.transform.rotation.w,0.5712473521490758
6.3051846860000005,1760031887.082184686,/mocap/xwing/pose.transform.rotation.w,0.5710487406017419
6.305189042,1760031887.082189042,/mocap/xwing/pose.transform.rotation.w,0.5721487910972702
6.30519233,1760031887.082192330,/mocap/xwing/pose.transform.rotation.w,0.5738277915866332
6.30519478,1760031887.082194780,/mocap/xwing/pose.transform.rotation.w,0.5751611552261248
6.305200385,1760031887.082200385,/mocap/xwing/pose.transform.rotation.w,0.5744611288050873
6.3052034070000005,1760031887.082203407,/mocap/xwing/pose.transform.rotation.w,0.5734560743728195
6.305215906,1760031887.082215906,/mocap/xwing/pose.transform.rotation.w,0.572588463444103
6.305219806,1760031887.082219806,/mocap/xwing/pose.transform.rotation.w,0.5731743252436836
6.305230814,1760031887.082230814,/mocap/xwing/pose.transform.rotation.w,0.5741518577878875
6.305234726,1760031887.082234726,/mocap/xwing/pose.transform.rotation.w,0.575129813589155
6.30524303,1760031887.082243030,/mocap/xwing/pose.transform.rotation.w,0.5746607304391381
6.30524729,1760031887.082247290,/mocap/xwing/pose.transform.rotation.w,0.5717660477715112
6.305256044,1760031887.082256044,/mocap/xwing/pose.transform.rotation.w,0.5692498084881085
6.305260244,1760031887.082260244,/mocap/xwing/pose.transform.rotation.w,0.5688268187199067
6.305270406,1760031887.082270406,/mocap/xwing/pose.transform.rotation.w,0.5697226735622067
6.305274824,1760031887.082274824,/mocap/xwing/pose.transform.rotation.w,0.5703661378474238
6.305278793,1760031887.082278793,/mocap/xwing/pose.transform.rotation.w,0.5699602176117438
6.305282999,1760031887.082282999,/mocap/xwing/pose.transform.rotation.w,0.5684602326993522
6.305286372,1760031887.082286372,/mocap/xwing/pose.transform.rotation.w,0.5664636258337424
6.305296147,1760031887.082296147,/mocap/xwing/pose.transform.rotation.w,0.5655195232134428
6.313471979,1760031887.090471979,/mocap/xwing/pose.transform.rotation.w,0.5649968437229593
6.313480471,1760031887.090480471,/mocap/xwing/pose.transform.rotation.w,0.5653420687942928
6.318403817,1760031887.095403817,/mocap/xwing/pose.transform.rotation.w,0.5649094424533218
6.31842721,1760031887.095427210,/mocap/xwing/pose.transform.rotation.w,0.5635120397311132
6.318432259,1760031887.095432259,/mocap/xwing/pose.transform.rotation.w,0.5608435527977603
6.31843775,1760031887.095437750,/mocap/xwing/pose.transform.rotation.w,0.5588093994847436
6.318446125,1760031887.095446125,/mocap/xwing/pose.transform.rotation.w,0.5576970132735446
6.318449901,1760031887.095449901,/mocap/xwing/pose.transform.rotation.w,0.5581827723859493
6.327059417,1760031887.104059417,/mocap/xwing/pose.transform.rotation.w,0.558425960589447
6.327073892,1760031887.104073892,/mocap/xwing/pose.transform.rotation.w,0.5581419302108221
6.329452938,1760031887.106452938,/mocap/xwing/pose.transform.rotation.w,0.5555946381931174
6.335290114,1760031887.112290114,/mocap/xwing/pose.transform.rotation.w,0.5523703304265591
6.335328595,1760031887.112328595,/mocap/xwing/pose.transform.rotation.w,0.5496593414335819
6.340416403,1760031887.117416403,/mocap/xwing/pose.transform.rotation.w,0.5480819177340914
6.350442865,1760031887.127442865,/mocap/xwing/pose.transform.rotation.w,0.5481168473928996
6.350457467,1760031887.127457467,/mocap/xwing/pose.transform.rotation.w,0.5484821179923471
6.353587546,1760031887.130587546,/mocap/xwing/pose.transform.rotation.w,0.5479146123894499
6.353592735,1760031887.130592735,/mocap/xwing/pose.transform.rotation.w,0.5456836764378522
6.353597481,1760031887.130597481,/mocap/xwing/pose.transform.rotation.w,0.5429871583507074
6.501086891,1760031887.278086891,/mocap/xwing/pose.transform.rotation.w,0.5409500548483502
6.501090707,1760031887.278090707,/mocap/xwing/pose.transform.rotation.w,0.5403084648199158
6.50109614,1760031887.278096140,/mocap/xwing/pose.transform.rotation.w,0.5403213680351284
6.501099542,1760031887.278099542,/mocap/xwing/pose.transform.rotation.w,0.5399373613013475
6.501108366,1760031887.278108366,/mocap/xwing/pose.transform.rotation.w,0.538472114513014
6.5011114899999995,1760031887.278111490,/mocap/xwing/pose.transform.rotation.w,0.5359485419489548
6.501117054,1760031887.278117054,/mocap/xwing/pose.transform.rotation.w,0.5335440550824356
6.501121255,1760031887.278121255,/mocap/xwing/pose.transform.rotation.w,0.5320747654809574
6.501124903,1760031887.278124903,/mocap/xwing/pose.transform.rotation.w,0.5321699698093434
6.501129006,1760031887.278129006,/mocap/xwing/pose.transform.rotation.w,0.5324752164674321
6.50113935,1760031887.278139350,/mocap/xwing/pose.transform.rotation.w,0.5321477769400264
6.501145077,1760031887.278145077,/mocap/xwing/pose.transform.rotation.w,0.5306101589579284
6.501147971,1760031887.278147971,/mocap/xwing/pose.transform.rotation.w,0.5281091696001858
6.501153331,1760031887.278153331,/mocap/xwing/pose.transform.rotation.w,0.5263162594345424
6.501162652,1760031887.278162652,/mocap/xwing/pose.transform.rotation.w,0.5261999888269977
6.501166648,1760031887.278166648,/mocap/xwing/pose.transform.rotation.w,0.5270396633480148
6.501209693,1760031887.278209693,/mocap/xwing/pose.transform.rotation.w,0.5279954465583808
6.501215986,1760031887.278215986,/mocap/xwing/pose.transform.rotation.w,0.5275225859732299
6.501222798,1760031887.278222798,/mocap/xwing/pose.transform.rotation.w,0.5259861681075211
6.501229299,1760031887.278229299,/mocap/xwing/pose.transform.rotation.w,0.5239875698166688
6.501235149,1760031887.278235149,/mocap/xwing/pose.transform.rotation.w,0.5231353445768688
6.501240838,1760031887.278240838,/mocap/xwing/pose.transform.rotation.w,0.5239179652012681
6.501256002,1760031887.278256002,/mocap/xwing/pose.transform.rotation.w,0.5256978735318288
6.501261868,1760031887.278261868,/mocap/xwing/pose.transform.rotation.w,0.5273830151587571
6.501266635,1760031887.278266635,/mocap/xwing/pose.transform.rotation.w,0.5277773023572151
6.501274234,1760031887.278274234,/mocap/xwing/pose.transform.rotation.w,0.5273052029721514
6.501278155,1760031887.278278155,/mocap/xwing/pose.transform.rotation.w,0.5264836907828635
6.501284482,1760031887.278284482,/mocap/xwing/pose.transform.rotation.w,0.526835048631883
6.501289022,1760031887.278289022,/mocap/xwing/pose.transform.rotation.w,0.5283068817469919
6.501293388,1760031887.278293388,/mocap/xwing/pose.transform.rotation.w,0.5303890676862549
6.501298894,1760031887.278298894,/mocap/xwing/pose.transform.rotation.w,0.5322975836778108
6.501303834,1760031887.278303834,/mocap/xwing/pose.transform.rotation.w,0.5331114230745956
6.5013078140000005,1760031887.278307814,/mocap/xwing/pose.transform.rotation.w,0.5334997303771195
6.501312028,1760031887.278312028,/mocap/xwing/pose.transform.rotation.w,0.5339999902216146
6.50131685,1760031887.278316850,/mocap/xwing/pose.transform.rotation.w,0.5359461778601088
6.501336491,1760031887.278336491,/mocap/xwing/pose.transform.rotation.w,0.5386486161182208
6.501341502,1760031887.278341502,/mocap/xwing/pose.transform.rotation.w,0.5416944998544241
6.501344933,1760031887.278344933,/mocap/xwing/pose.transform.rotation.w,0.5436416939431857
6.501375615,1760031887.278375615,/mocap/xwing/pose.transform.rotation.w,0.5448553574800213
6.501382129,1760031887.278382129,/mocap/xwing/pose.transform.rotation.w,0.5456775068964913
6.501386364,1760031887.278386364,/mocap/xwing/pose.transform.rotation.w,0.5474479766587563
6.5013898690000005,1760031887.278389869,/mocap/xwing/pose.transform.rotation.w,0.5502801100200411
6.501406049,1760031887.278406049,/mocap/xwing/pose.transform.rotation.w,0.5539507229560081
6.508191769,1760031887.285191769,/mocap/xwing/pose.transform.rotation.w,0.5573053072299345
6.508196442,1760031887.285196442,/mocap/xwing/pose.transform.rotation.w,0.559851595514981
6.50820197,1760031887.285201970,/mocap/xwing/pose.transform.rotation.w,0.5615412094460863
6.559392068,1760031887.336392068,/mocap/xwing/pose.transform.rotation.w,0.56331912428999
6.559396964,1760031887.336396964,/mocap/xwing/pose.transform.rotation.w,0.5659486767800028
6.559436399,1760031887.336436399,/mocap/xwing/pose.transform.rotation.w,0.5695528945762114
6.559442522,1760031887.336442522,/mocap/xwing/pose.transform.rotation.w,0.5734876009396228
6.559450923,1760031887.336450923,/mocap/xwing/pose.transform.rotation.w,0.5769257705626518
6.55945491,1760031887.336454910,/mocap/xwing/pose.transform.rotation.w,0.5791593117744812
6.559458806,1760031887.336458806,/mocap/xwing/pose.transform.rotation.w,0.5810349481232809
6.559467294,1760031887.336467294,/mocap/xwing/pose.transform.rotation.w,0.5834818300781537
6.559480687,1760031887.336480687,/mocap/xwing/pose.transform.rotation.w,0.586916176553402
6.559484851,1760031887.336484851,/mocap/xwing/pose.transform.rotation.w,0.5911815667921944
6.559488352,1760031887.336488352,/mocap/xwing/pose.transform.rotation.w,0.5953123416370703
6.559510942,1760031887.336510942,/mocap/xwing/pose.transform.rotation.w,0.5983381596300187
6.559515349,1760031887.336515349,/mocap/xwing/pose.transform.rotation.w,0.5999403490416347
6.559519198,1760031887.336519198,/mocap/xwing/pose.transform.rotation.w,0.6008856836442518
6.566971936,1760031887.343971936,/mocap/xwing/pose.transform.rotation.w,0.602370137971602
6.566974975,1760031887.343974975,/mocap/xwing/pose.transform.rotation.w,0.6097988807532583
6.566987997,1760031887.343987997,/mocap/xwing/pose.transform.rotation.w,0.6141231927949345
6.572328499,1760031887.349328499,/mocap/xwing/pose.transform.rotation.w,0.6178196994463908
6.57233259,1760031887.349332590,/mocap/xwing/pose.transform.rotation.w,0.6202006155594759
6.579060818,1760031887.356060818,/mocap/xwing/pose.transform.rotation.w,0.6212749671110759
6.579073549,1760031887.356073549,/mocap/xwing/pose.transform.rotation.w,0.6225028517764128
6.584860746,1760031887.361860746,/mocap/xwing/pose.transform.rotation.w,0.6265019886382351
6.584872005,1760031887.361872005,/mocap/xwing/pose.transform.rotation.w,0.6301268472391856
6.588908258,1760031887.365908258,/mocap/xwing/pose.transform.rotation.w,0.6337264234741712
6.592769475,1760031887.369769475,/mocap/xwing/pose.transform.rotation.w,0.6364864417319007
6.592784342,1760031887.369784342,/mocap/xwing/pose.transform.rotation.w,0.6380237124515876
6.5977212430000005,1760031887.374721243,/mocap/xwing/pose.transform.rotation.w,0.6391102521878237
6.603844034,1760031887.380844034,/mocap/xwing/pose.transform.rotation.w,0.6411278245917941
6.613101629,1760031887.390101629,/mocap/xwing/pose.transform.rotation.w,0.644492932532425
6.613241987,1760031887.390241987,/mocap/xwing/pose.transform.rotation.w,0.6461500110293644
6.619113297,1760031887.396113297,/mocap/xwing/pose.transform.rotation.w,0.6493001707673474
6.619169934,1760031887.396169934,/mocap/xwing/pose.transform.rotation.w,0.6505667206853115
6.629274329,1760031887.406274329,/mocap/xwing/pose.transform.rotation.w,0.6509848751494309
6.629332796,1760031887.406332796,/mocap/xwing/pose.transform.rotation.w,0.6508115954209472
6.629346009,1760031887.406346009,/mocap/xwing/pose.transform.rotation.w,0.6519875525819446
6.629360526,1760031887.406360526,/mocap/xwing/pose.transform.rotation.w,0.6544227747860256
6.677042888,1760031887.454042888,/mocap/xwing/pose.transform.rotation.w,0.6576487501479239
6.677087873,1760031887.454087873,/mocap/xwing/pose.transform.rotation.w,0.6605939804485574
6.677101082,1760031887.454101082,/mocap/xwing/pose.transform.rotation.w,0.6611978678746678
6.677121471,1760031887.454121471,/mocap/xwing/pose.transform.rotation.w,0.6610144182072067
6.677169159,1760031887.454169159,/mocap/xwing/pose.transform.rotation.w,0.6629322921752083
6.67718071,1760031887.454180710,/mocap/xwing/pose.transform.rotation.w,0.6648149448084707
6.677201507,1760031887.454201507,/mocap/xwing/pose.transform.rotation.w,0.6681787149757132
6.677212828,1760031887.454212828,/mocap/xwing/pose.transform.rotation.w,0.6709390286878016
6.677227727,1760031887.454227727,/mocap/xwing/pose.transform.rotation.w,0.6717879308251322
6.677256601,1760031887.454256601,/mocap/xwing/pose.transform.rotation.w,0.6690014463921113
6.677309301,1760031887.454309301,/mocap/xwing/pose.transform.rotation.w,0.6686755791917418
6.677349568,1760031887.454349568,/mocap/xwing/pose.transform.rotation.w,0.6693400187264592
6.677369445,1760031887.454369445,/mocap/xwing/pose.transform.rotation.w,0.6710213760439545
6.677384644,1760031887.454384644,/mocap/xwing/pose.transform.rotation.w,0.6738994960582212
6.683072561,1760031887.460072561,/mocap/xwing/pose.transform.rotation.w,0.6759296503219111
6.683076755,1760031887.460076755,/mocap/xwing/pose.transform.rotation.w,0.6765151413112305
6.686159958,1760031887.463159958,/mocap/xwing/pose.transform.rotation.w,0.6762983129411788
6.686169042,1760031887.463169042,/mocap/xwing/pose.transform.rotation.w,0.6753144918708516
6.7379271460000005,1760031887.514927146,/mocap/xwing/pose.transform.rotation.w,0.6763811310286072
6.747906368,1760031887.524906368,/mocap/xwing/pose.transform.rotation.w,0.6811206502756791
6.747920472,1760031887.524920472,/mocap/xwing/pose.transform.rotation.w,0.683217361527784
6.747933538,1760031887.524933538,/mocap/xwing/pose.transform.rotation.w,0.6841361375153584
6.747960578,1760031887.524960578,/mocap/xwing/pose.transform.rotation.w,0.6832896535518401
6.747974508,1760031887.524974508,/mocap/xwing/pose.transform.rotation.w,0.6811500667579079
6.748065213,1760031887.525065213,/mocap/xwing/pose.transform.rotation.w,0.6800411798218344
6.748082419,1760031887.525082419,/mocap/xwing/pose.transform.rotation.w,0.6804043146796821
6.748127474,1760031887.525127474,/mocap/xwing/pose.transform.rotation.w,0.6813668689508228
6.748177096,1760031887.525177096,/mocap/xwing/pose.transform.rotation.w,0.6823361095664059
6.748201934,1760031887.525201934,/mocap/xwing/pose.transform.rotation.w,0.6821785913618276
6.748225588,1760031887.525225588,/mocap/xwing/pose.transform.rotation.w,0.6804805467602733
6.748241043,1760031887.525241043,/mocap/xwing/pose.transform.rotation.w,0.6783954230589624
6.748255826,1760031887.525255826,/mocap/xwing/pose.transform.rotation.w,0.6776589831627764
6.748272808,1760031887.525272808,/mocap/xwing/pose.transform.rotation.w,0.6940515374078593
6.748326073,1760031887.525326073,/mocap/xwing/pose.transform.rotation.w,0.6958854935687623
6.748345235,1760031887.525345235,/mocap/xwing/pose.transform.rotation.w,0.6974694200971837
6.755470223,1760031887.532470223,/mocap/xwing/pose.transform.rotation.w,0.695859063857329
6.755515512,1760031887.532515512,/mocap/xwing/pose.transform.rotation.w,0.6939603177488985
6.766949271,1760031887.543949271,/mocap/xwing/pose.transform.rotation.w,0.6905548984691837
6.766969628,1760031887.543969628,/mocap/xwing/pose.transform.rotation.w,0.6947920336442907
6.766998925,1760031887.543998925,/mocap/xwing/pose.transform.rotation.w,0.6921920230448348
6.7670125940000005,1760031887.544012594,/mocap/xwing/pose.transform.rotation.w,0.6853989001718997
6.818444882,1760031887.595444882,/mocap/xwing/pose.transform.rotation.w,0.6856453178845007
6.818471769,1760031887.595471769,/mocap/xwing/pose.transform.rotation.w,0.6884322349885801
6.818492054,1760031887.595492054,/mocap/xwing/pose.transform.rotation.w,0.6860508368903353
6.818553083,1760031887.595553083,/mocap/xwing/pose.transform.rotation.w,0.6834339250496981
6.8185722900000005,1760031887.595572290,/mocap/xwing/pose.transform.rotation.w,0.6808717712872674
6.818589365,1760031887.595589365,/mocap/xwing/pose.transform.rotation.w,0.6772861614120531
6.818603918,1760031887.595603918,/mocap/xwing/pose.transform.rotation.w,0.6716450736136494
6.818622092,1760031887.595622092,/mocap/xwing/pose.transform.rotation.w,0.668608717740184
6.818640865,1760031887.595640865,/mocap/xwing/pose.transform.rotation.w,0.656660409551514
6.8186625670000005,1760031887.595662567,/mocap/xwing/pose.transform.rotation.w,0.6514499971348933
6.818679393,1760031887.595679393,/mocap/xwing/pose.transform.rotation.w,0.647547719546518
6.818695762,1760031887.595695762,/mocap/xwing/pose.transform.rotation.w,0.6449461279448206
6.818711952,1760031887.595711952,/mocap/xwing/pose.transform.rotation.w,0.6421430325745383
6.818729877,1760031887.595729877,/mocap/xwing/pose.transform.rotation.w,0.639174685129025
6.820301866,1760031887.597301866,/mocap/xwing/pose.transform.rotation.w,0.6342510480864939
6.820314403,1760031887.597314403,/mocap/xwing/pose.transform.rotation.w,0.6297057350747194
6.820331018,1760031887.597331018,/mocap/xwing/pose.transform.rotation.w,0.6256742007393391
6.825140192,1760031887.602140192,/mocap/xwing/pose.transform.rotation.w,0.6228974583055424
6.827681411,1760031887.604681411,/mocap/xwing/pose.transform.rotation.w,0.6215583325451682
6.833263393,1760031887.610263393,/mocap/xwing/pose.transform.rotation.w,0.6191471537193186
6.83602808,1760031887.613028080,/mocap/xwing/pose.transform.rotation.w,0.6167911112229767
6.836038588,1760031887.613038588,/mocap/xwing/pose.transform.rotation.w,0.6127023683461016
6.841201211,1760031887.618201211,/mocap/xwing/pose.transform.rotation.w,0.6084734666874926
6.847321984,1760031887.624321984,/mocap/xwing/pose.transform.rotation.w,0.6049715363730933
6.847328088,1760031887.624328088,/mocap/xwing/pose.transform.rotation.w,0.6021154758491627
6.851303327,1760031887.628303327,/mocap/xwing/pose.transform.rotation.w,0.5999861504759295
6.85706139,1760031887.634061390,/mocap/xwing/pose.transform.rotation.w,0.5973927910940275
6.862111016,1760031887.639111016,/mocap/xwing/pose.transform.rotation.w,0.5941526285781723
6.862116274,1760031887.639116274,/mocap/xwing/pose.transform.rotation.w,0.5905854634047042
6.86671877,1760031887.643718770,/mocap/xwing/pose.transform.rotation.w,0.5861023411918327
6.87020955,1760031887.647209550,/mocap/xwing/pose.transform.rotation.w,0.5831940222223164
6.87021837,1760031887.647218370,/mocap/xwing/pose.transform.rotation.w,0.5811751459130309
6.872757376,1760031887.649757376,/mocap/xwing/pose.transform.rotation.w,0.5776965896510353
6.876622536,1760031887.653622536,/mocap/xwing/pose.transform.rotation.w,0.5752322082989594
6.882414088,1760031887.659414088,/mocap/xwing/pose.transform.rotation.w,0.5717405883989684
6.8852113,1760031887.662211300,/mocap/xwing/pose.transform.rotation.w,0.5680749382658513
6.887957083,1760031887.664957083,/mocap/xwing/pose.transform.rotation.w,0.5647685337830101
6.891170445,1760031887.668170445,/mocap/xwing/pose.transform.rotation.w,0.5626145257377232
6.8940584860000005,1760031887.671058486,/mocap/xwing/pose.transform.rotation.w,0.561538381059192
6.899524646,1760031887.676524646,/mocap/xwing/pose.transform.rotation.w,0.5600440528503425
6.903741764,1760031887.680741764,/mocap/xwing/pose.transform.rotation.w,0.5584680070716077
6.910544656,1760031887.687544656,/mocap/xwing/pose.transform.rotation.w,0.555777658116559
6.910549932,1760031887.687549932,/mocap/xwing/pose.transform.rotation.w,0.5531905369936122
6.914051392,1760031887.691051392,/mocap/xwing/pose.transform.rotation.w,0.5514288504037467
6.914057966,1760031887.691057966,/mocap/xwing/pose.transform.rotation.w,0.5507642104693086
6.916510955,1760031887.693510955,/mocap/xwing/pose.transform.rotation.w,0.5508817269010191
6.920794721,1760031887.697794721,/mocap/xwing/pose.transform.rotation.w,0.5502971594880287
6.924336755,1760031887.701336755,/mocap/xwing/pose.transform.rotation.w,0.548677133467847
6.9276069410000005,1760031887.704606941,/mocap/xwing/pose.transform.rotation.w,0.5469852700619099
6.930165207,1760031887.707165207,/mocap/xwing/pose.transform.rotation.w,0.5454871463022568
6.9358741,1760031887.712874100,/mocap/xwing/pose.transform.rotation.w,0.5452968658438329
6.953224848,1760031887.730224848,/mocap/xwing/pose.transform.rotation.w,0.5460487877106982
6.953235193,1760031887.730235193,/mocap/xwing/pose.transform.rotation.w,0.5471081044021661
6.953243743,1760031887.730243743,/mocap/xwing/pose.transform.rotation.w,0.5476133881546077
6.953250315,1760031887.730250315,/mocap/xwing/pose.transform.rotation.w,0.5475980773658147
6.953269173,1760031887.730269173,/mocap/xwing/pose.transform.rotation.w,0.5469159613303183
6.95866584,1760031887.735665840,/mocap/xwing/pose.transform.rotation.w,0.546884806875067
6.969009973,1760031887.746009973,/mocap/xwing/pose.transform.rotation.w,0.5472841943328475
6.969018548,1760031887.746018548,/mocap/xwing/pose.transform.rotation.w,0.5495360797248168
6.969095131,1760031887.746095131,/mocap/xwing/pose.transform.rotation.w,0.5512217146804141
6.976961559,1760031887.753961559,/mocap/xwing/pose.transform.rotation.w,0.5527092433472465
6.97698668,1760031887.753986680,/mocap/xwing/pose.transform.rotation.w,0.5533206792178456
6.977028932,1760031887.754028932,/mocap/xwing/pose.transform.rotation.w,0.5539517498928709
6.982977529,1760031887.759977529,/mocap/xwing/pose.transform.rotation.w,0.5551949182369886
6.983017381,1760031887.760017381,/mocap/xwing/pose.transform.rotation.w,0.5575895806475278
7.036685795,1760031887.813685795,/mocap/xwing/pose.transform.rotation.w,0.5602386647772339
7.036710113,1760031887.813710113,/mocap/xwing/pose.transform.rotation.w,0.5627136694283693
7.040020459,1760031887.817020459,/mocap/xwing/pose.transform.rotation.w,0.5645779904677516
7.040066302,1760031887.817066302,/mocap/xwing/pose.transform.rotation.w,0.566254178829719
7.040122897,1760031887.817122897,/mocap/xwing/pose.transform.rotation.w,0.5678320635025971
7.040142322,1760031887.817142322,/mocap/xwing/pose.transform.rotation.w,0.5698607031503963
7.040170549,1760031887.817170549,/mocap/xwing/pose.transform.rotation.w,0.5732089809925213
7.040185345,1760031887.817185345,/mocap/xwing/pose.transform.rotation.w,0.5767187983731896
7.040228282,1760031887.817228282,/mocap/xwing/pose.transform.rotation.w,0.5799284979477537
7.040249002,1760031887.817249002,/mocap/xwing/pose.transform.rotation.w,0.5825524169409102
7.040265711,1760031887.817265711,/mocap/xwing/pose.transform.rotation.w,0.5856468447915306
7.040277531,1760031887.817277531,/mocap/xwing/pose.transform.rotation.w,0.5884517055589227
7.040295017,1760031887.817295017,/mocap/xwing/pose.transform.rotation.w,0.591792379050118
7.040349091,1760031887.817349091,/mocap/xwing/pose.transform.rotation.w,0.5944718187848759
7.040371089,1760031887.817371089,/mocap/xwing/pose.transform.rotation.w,0.5981988905097688
7.04038446,1760031887.817384460,/mocap/xwing/pose.transform.rotation.w,0.6016032469254969
7.057374244,1760031887.834374244,/mocap/xwing/pose.transform.rotation.w,0.6041513073567387
7.057379277,1760031887.834379277,/mocap/xwing/pose.transform.rotation.w,0.6067101184172932
7.057385728,1760031887.834385728,/mocap/xwing/pose.transform.rotation.w,0.609741869527038
7.057390658,1760031887.834390658,/mocap/xwing/pose.transform.rotation.w,0.6135612092990251
7.057403157,1760031887.834403157,/mocap/xwing/pose.transform.rotation.w,0.6169650619580304
7.065007328,1760031887.842007328,/mocap/xwing/pose.transform.rotation.w,0.6211516119226264
7.065033131,1760031887.842033131,/mocap/xwing/pose.transform.rotation.w,0.6246676878145658
7.065040537,1760031887.842040537,/mocap/xwing/pose.transform.rotation.w,0.6275298923163005
7.065045493,1760031887.842045493,/mocap/xwing/pose.transform.rotation.w,0.6303222280699449
7.070713642,1760031887.847713642,/mocap/xwing/pose.transform.rotation.w,0.633384749861774
7.080723026,1760031887.857723026,/mocap/xwing/pose.transform.rotation.w,0.6372984659292784
7.080726933,1760031887.857726933,/mocap/xwing/pose.transform.rotation.w,0.6412159006558102
7.08073484,1760031887.857734840,/mocap/xwing/pose.transform.rotation.w,0.6444704032471823
7.084846596,1760031887.861846596,/mocap/xwing/pose.transform.rotation.w,0.6474569492986325
7.084860219,1760031887.861860219,/mocap/xwing/pose.transform.rotation.w,0.6504579151464503
7.09139533,1760031887.868395330,/mocap/xwing/pose.transform.rotation.w,0.6536035293289317
7.095669221,1760031887.872669221,/mocap/xwing/pose.transform.rotation.w,0.6574290112640953
7.095675278,1760031887.872675278,/mocap/xwing/pose.transform.rotation.w,0.6613107796423096
7.09811899,1760031887.875118990,/mocap/xwing/pose.transform.rotation.w,0.6647514891623829
7.100887703,1760031887.877887703,/mocap/xwing/pose.transform.rotation.w,0.6675514049834181
7.103781455,1760031887.880781455,/mocap/xwing/pose.transform.rotation.w,0.6698963811692752
7.108271155,1760031887.885271155,/mocap/xwing/pose.transform.rotation.w,0.6722405131457633
7.118195625,1760031887.895195625,/mocap/xwing/pose.transform.rotation.w,0.6750397864343994
7.118222758,1760031887.895222758,/mocap/xwing/pose.transform.rotation.w,0.6782643868633592
7.11831408,1760031887.895314080,/mocap/xwing/pose.transform.rotation.w,0.681212408155824
7.124068863,1760031887.901068863,/mocap/xwing/pose.transform.rotation.w,0.6867884203891232
7.124090793,1760031887.901090793,/mocap/xwing/pose.transform.rotation.w,0.6888134442745838
7.130694682,1760031887.907694682,/mocap/xwing/pose.transform.rotation.w,0.6911649049906191
7.176003973,1760031887.953003973,/mocap/xwing/pose.transform.rotation.w,0.6931100130862135
7.176020814,1760031887.953020814,/mocap/xwing/pose.transform.rotation.w,0.6956723664752877
7.17603465,1760031887.953034650,/mocap/xwing/pose.transform.rotation.w,0.6985003748628155
7.176128058,1760031887.953128058,/mocap/xwing/pose.transform.rotation.w,0.702890080923043
7.176139729,1760031887.953139729,/mocap/xwing/pose.transform.rotation.w,0.7055859419027669
7.176160145,1760031887.953160145,/mocap/xwing/pose.transform.rotation.w,0.7074229498223629
7.176180276,1760031887.953180276,/mocap/xwing/pose.transform.rotation.w,0.7094558056894378
7.176199677,1760031887.953199677,/mocap/xwing/pose.transform.rotation.w,0.7122195158546839
7.176222436,1760031887.953222436,/mocap/xwing/pose.transform.rotation.w,0.7155386557383051
7.176244121,1760031887.953244121,/mocap/xwing/pose.transform.rotation.w,0.7176201172122694
7.176261097,1760031887.953261097,/mocap/xwing/pose.transform.rotation.w,0.720216372972387
7.176293824,1760031887.953293824,/mocap/xwing/pose.transform.rotation.w,0.7222003624007096
7.176329282,1760031887.953329282,/mocap/xwing/pose.transform.rotation.w,0.724060106420156
7.176337878,1760031887.953337878,/mocap/xwing/pose.transform.rotation.w,0.7258192669808505
7.201355229,1760031887.978355229,/mocap/xwing/pose.transform.rotation.w,0.727983976816157
7.201399747,1760031887.978399747,/mocap/xwing/pose.transform.rotation.w,0.7310810598597417
7.20626629,1760031887.983266290,/mocap/xwing/pose.transform.rotation.w,0.7342388691053516
7.206280865,1760031887.983280865,/mocap/xwing/pose.transform.rotation.w,0.733833744203136
7.206334115,1760031887.983334115,/mocap/xwing/pose.transform.rotation.w,0.7376387302964589
7.206350752,1760031887.983350752,/mocap/xwing/pose.transform.rotation.w,0.7382064885748187
7.206363197,1760031887.983363197,/mocap/xwing/pose.transform.rotation.w,0.7400876379530702
7.206382858,1760031887.983382858,/mocap/xwing/pose.transform.rotation.w,0.7428106544139176
7.206396085,1760031887.983396085,/mocap/xwing/pose.transform.rotation.w,0.7465460686496631
7.211133708,1760031887.988133708,/mocap/xwing/pose.transform.rotation.w,0.7495167653454606
7.215489026,1760031887.992489026,/mocap/xwing/pose.transform.rotation.w,0.7546436189344017
7.215502855,1760031887.992502855,/mocap/xwing/pose.transform.rotation.w,0.7555957086904546
7.220076392,1760031887.997076392,/mocap/xwing/pose.transform.rotation.w,0.7570802432904032
7.220120981,1760031887.997120981,/mocap/xwing/pose.transform.rotation.w,0.7583515218578242
7.225837397,1760031888.002837397,/mocap/xwing/pose.transform.rotation.w,0.7614658289331239
7.229122923,1760031888.006122923,/mocap/xwing/pose.transform.rotation.w,0.7642013964975696
7.243983373,1760031888.020983373,/mocap/xwing/pose.transform.rotation.w,0.7673940673182258
7.243999923,1760031888.020999923,/mocap/xwing/pose.transform.rotation.w,0.7691662941578767
7.252846943,1760031888.029846943,/mocap/xwing/pose.transform.rotation.w,0.7697698940866151
7.252870859,1760031888.029870859,/mocap/xwing/pose.transform.rotation.w,0.7708411948632845
7.252900187,1760031888.029900187,/mocap/xwing/pose.transform.rotation.w,0.7726004358885421
7.252913961,1760031888.029913961,/mocap/xwing/pose.transform.rotation.w,0.7753935823872383
7.258967971,1760031888.035967971,/mocap/xwing/pose.transform.rotation.w,0.7784010918738548
7.259004632,1760031888.036004632,/mocap/xwing/pose.transform.rotation.w,0.780487928156904
7.259071848,1760031888.036071848,/mocap/xwing/pose.transform.rotation.w,0.7820455188027032
7.263935471,1760031888.040935471,/mocap/xwing/pose.transform.rotation.w,0.7823670790096188
7.268630645,1760031888.045630645,/mocap/xwing/pose.transform.rotation.w,0.7837523517949547
7.268643029,1760031888.045643029,/mocap/xwing/pose.transform.rotation.w,0.787618894364959
7.271766756,1760031888.048766756,/mocap/xwing/pose.transform.rotation.w,0.7906283286437619
7.275525729,1760031888.052525729,/mocap/xwing/pose.transform.rotation.w,0.792828532290804
7.278653218,1760031888.055653218,/mocap/xwing/pose.transform.rotation.w,0.7945179724192567
7.283025908,1760031888.060025908,/mocap/xwing/pose.transform.rotation.w,0.7953699726874973
7.288577502,1760031888.065577502,/mocap/xwing/pose.transform.rotation.w,0.7958819328277803
7.288602729,1760031888.065602729,/mocap/xwing/pose.transform.rotation.w,0.7970417104873887
7.292503333,1760031888.069503333,/mocap/xwing/pose.transform.rotation.w,0.7990397050966981
7.297329675,1760031888.074329675,/mocap/xwing/pose.transform.rotation.w,0.8020483731976769
7.297378294,1760031888.074378294,/mocap/xwing/pose.transform.rotation.w,0.8038101943672664
7.302274594,1760031888.079274594,/mocap/xwing/pose.transform.rotation.w,0.8042021683658571
7.30601931,1760031888.083019310,/mocap/xwing/pose.transform.rotation.w,0.8042154026703436
7.312518282,1760031888.089518282,/mocap/xwing/pose.transform.rotation.w,0.8024155290973775
7.3184155010000005,1760031888.095415501,/mocap/xwing/pose.transform.rotation.w,0.8036291765773865
7.3184238,1760031888.095423800,/mocap/xwing/pose.transform.rotation.w,0.8056412557229072
7.318524622,1760031888.095524622,/mocap/xwing/pose.transform.rotation.w,0.8077704672607318
7.321898344,1760031888.098898344,/mocap/xwing/pose.transform.rotation.w,0.8085572434245584
7.327271733,1760031888.104271733,/mocap/xwing/pose.transform.rotation.w,0.8083629020823804
7.332538088,1760031888.109538088,/mocap/xwing/pose.transform.rotation.w,0.8093362740507174
7.332558406,1760031888.109558406,/mocap/xwing/pose.transform.rotation.w,0.8096692726995333
7.336600261,1760031888.113600261,/mocap/xwing/pose.transform.rotation.w,0.8102208560033942
7.336620094,1760031888.113620094,/mocap/xwing/pose.transform.rotation.w,0.811991451087483
7.341635397,1760031888.118635397,/mocap/xwing/pose.transform.rotation.w,0.8131774114349029
7.347586442,1760031888.124586442,/mocap/xwing/pose.transform.rotation.w,0.8141744557751326
7.352795227,1760031888.129795227,/mocap/xwing/pose.transform.rotation.w,0.8136840831451035
7.352878508,1760031888.129878508,/mocap/xwing/pose.transform.rotation.w,0.8134363958439556
7.358174032,1760031888.135174032,/mocap/xwing/pose.transform.rotation.w,0.8137686680067328
7.364026192,1760031888.141026192,/mocap/xwing/pose.transform.rotation.w,0.8144883205866265
7.364055802,1760031888.141055802,/mocap/xwing/pose.transform.rotation.w,0.8157236929965515
7.368354154,1760031888.145354154,/mocap/xwing/pose.transform.rotation.w,0.8155614983941168
7.368377017,1760031888.145377017,/mocap/xwing/pose.transform.rotation.w,0.814720215575024
7.372983514,1760031888.149983514,/mocap/xwing/pose.transform.rotation.w,0.8142464565183491
7.378012111,1760031888.155012111,/mocap/xwing/pose.transform.rotation.w,0.8132140463859677
7.383849106,1760031888.160849106,/mocap/xwing/pose.transform.rotation.w,0.8132089052833431
7.383859663,1760031888.160859663,/mocap/xwing/pose.transform.rotation.w,0.8132453897497554
7.388560809,1760031888.165560809,/mocap/xwing/pose.transform.rotation.w,0.8132265586895605
7.388597857,1760031888.165597857,/mocap/xwing/pose.transform.rotation.w,0.8126539598856325
7.392932154,1760031888.169932154,/mocap/xwing/pose.transform.rotation.w,0.8114944463837579
7.399458298,1760031888.176458298,/mocap/xwing/pose.transform.rotation.w,0.8100459174926197
7.399486589,1760031888.176486589,/mocap/xwing/pose.transform.rotation.w,0.8090517286040007
7.406963043,1760031888.183963043,/mocap/xwing/pose.transform.rotation.w,0.8085184904368761
7.417797385,1760031888.194797385,/mocap/xwing/pose.transform.rotation.w,0.8079078088946702
7.417815285,1760031888.194815285,/mocap/xwing/pose.transform.rotation.w,0.8070246077671821
7.417850284,1760031888.194850284,/mocap/xwing/pose.transform.rotation.w,0.8058866361323519
7.423534754,1760031888.200534754,/mocap/xwing/pose.transform.rotation.w,0.8041336115551992
7.423582609,1760031888.200582609,/mocap/xwing/pose.transform.rotation.w,0.802228226454508
7.423636543,1760031888.200636543,/mocap/xwing/pose.transform.rotation.w,0.8007696792857323
7.431172022,1760031888.208172022,/mocap/xwing/pose.transform.rotation.w,0.799885356936536
7.431226622,1760031888.208226622,/mocap/xwing/pose.transform.rotation.w,0.7989445718763504
7.479854941,1760031888.256854941,/mocap/xwing/pose.transform.rotation.w,0.7978396952495338
7.479880627,1760031888.256880627,/mocap/xwing/pose.transform.rotation.w,0.7961011129979374
7.479896666,1760031888.256896666,/mocap/xwing/pose.transform.rotation.w,0.7942423738263698
7.479920839,1760031888.256920839,/mocap/xwing/pose.transform.rotation.w,0.7925367707204684
7.479935915,1760031888.256935915,/mocap/xwing/pose.transform.rotation.w,0.7907778140767916
7.48000617,1760031888.257006170,/mocap/xwing/pose.transform.rotation.w,0.7897028105827548
7.480065398,1760031888.257065398,/mocap/xwing/pose.transform.rotation.w,0.7881962485204029
7.480095306,1760031888.257095306,/mocap/xwing/pose.transform.rotation.w,0.7863373931295407
7.480118025,1760031888.257118025,/mocap/xwing/pose.transform.rotation.w,0.7842147494006322
7.48014769,1760031888.257147690,/mocap/xwing/pose.transform.rotation.w,0.7822511377254937
7.480168761,1760031888.257168761,/mocap/xwing/pose.transform.rotation.w,0.7806726762112356
7.480181894,1760031888.257181894,/mocap/xwing/pose.transform.rotation.w,0.7795973577929862
7.480280508,1760031888.257280508,/mocap/xwing/pose.transform.rotation.w,0.7786349602839701
7.480327699,1760031888.257327699,/mocap/xwing/pose.transform.rotation.w,0.7773395024825588
7.48238806,1760031888.259388060,/mocap/xwing/pose.transform.rotation.w,0.7756389232218668
7.4824669,1760031888.259466900,/mocap/xwing/pose.transform.rotation.w,0.7736071603139771
7.497776584,1760031888.274776584,/mocap/xwing/pose.transform.rotation.w,0.7716740181925575
7.53414868,1760031888.311148680,/mocap/xwing/pose.transform.rotation.w,0.7701412911055787
7.534171932,1760031888.311171932,/mocap/xwing/pose.transform.rotation.w,0.7685987900774758
7.534196134,1760031888.311196134,/mocap/xwing/pose.transform.rotation.w,0.7675015995976844
7.534207688,1760031888.311207688,/mocap/xwing/pose.transform.rotation.w,0.7660522211124063
7.534216028,1760031888.311216028,/mocap/xwing/pose.transform.rotation.w,0.7645548436157822
7.534222109,1760031888.311222109,/mocap/xwing/pose.transform.rotation.w,0.7629811471692318
7.534299925,1760031888.311299925,/mocap/xwing/pose.transform.rotation.w,0.7617246743314892
7.5343095170000005,1760031888.311309517,/mocap/xwing/pose.transform.rotation.w,0.7605480314627565
7.534317001,1760031888.311317001,/mocap/xwing/pose.transform.rotation.w,0.7597873242591642
7.5343229130000005,1760031888.311322913,/mocap/xwing/pose.transform.rotation.w,0.758665257634466
7.534328224,1760031888.311328224,/mocap/xwing/pose.transform.rotation.w,0.7570610362283398
7.534452389,1760031888.311452389,/mocap/xwing/pose.transform.rotation.w,0.7553627870581184
7.534461664,1760031888.311461664,/mocap/xwing/pose.transform.rotation.w,0.7539561556509258
7.534479029,1760031888.311479029,/mocap/xwing/pose.transform.rotation.w,0.7526368167339524
7.542773204,1760031888.319773204,/mocap/xwing/pose.transform.rotation.w,0.7518241451978017
7.542784418,1760031888.319784418,/mocap/xwing/pose.transform.rotation.w,0.751067894038087
7.549673554,1760031888.326673554,/mocap/xwing/pose.transform.rotation.w,0.75020507866751
7.549679138,1760031888.326679138,/mocap/xwing/pose.transform.rotation.w,0.749319893711967
7.5496938700000005,1760031888.326693870,/mocap/xwing/pose.transform.rotation.w,0.7478253026306668
7.552737743,1760031888.329737743,/mocap/xwing/pose.transform.rotation.w,0.7464763336372706
7.552747698,1760031888.329747698,/mocap/xwing/pose.transform.rotation.w,0.7455048140606747
7.55624486,1760031888.333244860,/mocap/xwing/pose.transform.rotation.w,0.7446253244876259
7.561595068,1760031888.338595068,/mocap/xwing/pose.transform.rotation.w,0.743603233224793
7.565094374,1760031888.342094374,/mocap/xwing/pose.transform.rotation.w,0.7423890044825858
7.570049689,1760031888.347049689,/mocap/xwing/pose.transform.rotation.w,0.7412031084475155
7.572991881,1760031888.349991881,/mocap/xwing/pose.transform.rotation.w,0.7401576178435034
7.572998242,1760031888.349998242,/mocap/xwing/pose.transform.rotation.w,0.7391063370044624
7.577865611,1760031888.354865611,/mocap/xwing/pose.transform.rotation.w,0.738024643756043
7.582544824,1760031888.359544824,/mocap/xwing/pose.transform.rotation.w,0.737334244711103
7.588472075,1760031888.365472075,/mocap/xwing/pose.transform.rotation.w,0.7363773912970005
7.593984492,1760031888.370984492,/mocap/xwing/pose.transform.rotation.w,0.7351126786174721
7.5939886229999995,1760031888.370988623,/mocap/xwing/pose.transform.rotation.w,0.7332985400800907
7.598065201,1760031888.375065201,/mocap/xwing/pose.transform.rotation.w,0.7319465471592982
7.598077218,1760031888.375077218,/mocap/xwing/pose.transform.rotation.w,0.7308211348336364
7.602579678,1760031888.379579678,/mocap/xwing/pose.transform.rotation.w,0.7300089109682689
7.606017653,1760031888.383017653,/mocap/xwing/pose.transform.rotation.w,0.7292495651112681
7.614722853,1760031888.391722853,/mocap/xwing/pose.transform.rotation.w,0.7279354440705834
7.614765064,1760031888.391765064,/mocap/xwing/pose.transform.rotation.w,0.7264106593917687
7.623660751,1760031888.400660751,/mocap/xwing/pose.transform.rotation.w,0.724695434053582
7.6236805,1760031888.400680500,/mocap/xwing/pose.transform.rotation.w,0.722951782818588
7.623750629,1760031888.400750629,/mocap/xwing/pose.transform.rotation.w,0.7215787423439716
7.631683778,1760031888.408683778,/mocap/xwing/pose.transform.rotation.w,0.7203990607419767
7.631700448,1760031888.408700448,/mocap/xwing/pose.transform.rotation.w,0.7195467908483429
7.636201614,1760031888.413201614,/mocap/xwing/pose.transform.rotation.w,0.7180112271092733
7.636245937,1760031888.413245937,/mocap/xwing/pose.transform.rotation.w,0.7164249322095315
7.639754513,1760031888.416754513,/mocap/xwing/pose.transform.rotation.w,0.7145609459604757
7.64401015,1760031888.421010150,/mocap/xwing/pose.transform.rotation.w,0.7129220222328859
7.653228765,1760031888.430228765,/mocap/xwing/pose.transform.rotation.w,0.7115311578922913
7.653283951,1760031888.430283951,/mocap/xwing/pose.transform.rotation.w,0.7101733543987458
7.6618828820000004,1760031888.438882882,/mocap/xwing/pose.transform.rotation.w,0.7086982682144719
7.661920501,1760031888.438920501,/mocap/xwing/pose.transform.rotation.w,0.7067878180056739
7.669791041,1760031888.446791041,/mocap/xwing/pose.transform.rotation.w,0.7047806643638859
7.669799364,1760031888.446799364,/mocap/xwing/pose.transform.rotation.w,0.702950489107543
7.669830965,1760031888.446830965,/mocap/xwing/pose.transform.rotation.w,0.7014076900981862
7.669866002,1760031888.446866002,/mocap/xwing/pose.transform.rotation.w,0.7001077480934609
7.676810215,1760031888.453810215,/mocap/xwing/pose.transform.rotation.w,0.6989528642099156
7.676860665,1760031888.453860665,/mocap/xwing/pose.transform.rotation.w,0.6972625232102478
7.682874122,1760031888.459874122,/mocap/xwing/pose.transform.rotation.w,0.6953439302681791
7.682906384,1760031888.459906384,/mocap/xwing/pose.transform.rotation.w,0.6931737541399644
7.70538841,1760031888.482388410,/mocap/xwing/pose.transform.rotation.w,0.6912818661734383
7.705404243,1760031888.482404243,/mocap/xwing/pose.transform.rotation.w,0.689475451994279
7.705417333,1760031888.482417333,/mocap/xwing/pose.transform.rotation.w,0.6881544921874082
7.746791128,1760031888.523791128,/mocap/xwing/pose.transform.rotation.w,0.6868828002857802
7.746795667,1760031888.523795667,/mocap/xwing/pose.transform.rotation.w,0.6852311088077085
7.746803383,1760031888.523803383,/mocap/xwing/pose.transform.rotation.w,0.6836720224997728
7.746808885,1760031888.523808885,/mocap/xwing/pose.transform.rotation.w,0.6818326701917005
7.746813129,1760031888.523813129,/mocap/xwing/pose.transform.rotation.w,0.6799575804320701
7.74681755,1760031888.523817550,/mocap/xwing/pose.transform.rotation.w,0.6782858108039178
7.746840229,1760031888.523840229,/mocap/xwing/pose.transform.rotation.w,0.676830988826887
7.74684432,1760031888.523844320,/mocap/xwing/pose.transform.rotation.w,0.6754414179727032
7.746847848,1760031888.523847848,/mocap/xwing/pose.transform.rotation.w,0.6737721249718753
7.746851556,1760031888.523851556,/mocap/xwing/pose.transform.rotation.w,0.671953895257968
7.746858757,1760031888.523858757,/mocap/xwing/pose.transform.rotation.w,0.6703210093687787
7.746863041,1760031888.523863041,/mocap/xwing/pose.transform.rotation.w,0.6688729208553199
7.746868606,1760031888.523868606,/mocap/xwing/pose.transform.rotation.w,0.6677574484497222
7.746883406,1760031888.523883406,/mocap/xwing/pose.transform.rotation.w,0.6666117235897736
7.746908748,1760031888.523908748,/mocap/xwing/pose.transform.rotation.w,0.6652355413010715
7.752129487,1760031888.529129487,/mocap/xwing/pose.transform.rotation.w,0.6634755449415835
7.7521669,1760031888.529166900,/mocap/xwing/pose.transform.rotation.w,0.6613992424814327
7.75218134,1760031888.529181340,/mocap/xwing/pose.transform.rotation.w,0.659906842918205
7.755350009,1760031888.532350009,/mocap/xwing/pose.transform.rotation.w,0.6586951276535497
7.7602084950000005,1760031888.537208495,/mocap/xwing/pose.transform.rotation.w,0.6578287271332186
7.765266841,1760031888.542266841,/mocap/xwing/pose.transform.rotation.w,0.6571207553863437
7.765271227,1760031888.542271227,/mocap/xwing/pose.transform.rotation.w,0.65582529872597
7.772672763,1760031888.549672763,/mocap/xwing/pose.transform.rotation.w,0.654467953011266
7.772678388,1760031888.549678388,/mocap/xwing/pose.transform.rotation.w,0.6523716854628595
7.780873223,1760031888.557873223,/mocap/xwing/pose.transform.rotation.w,0.6507584740032685
7.780877274,1760031888.557877274,/mocap/xwing/pose.transform.rotation.w,0.6495028746823145
7.787090126,1760031888.564090126,/mocap/xwing/pose.transform.rotation.w,0.648365247273846
7.787094529,1760031888.564094529,/mocap/xwing/pose.transform.rotation.w,0.6474766251493195
7.787108407,1760031888.564108407,/mocap/xwing/pose.transform.rotation.w,0.6463952909908972
7.79225553,1760031888.569255530,/mocap/xwing/pose.transform.rotation.w,0.6453503649531049
7.798180985,1760031888.575180985,/mocap/xwing/pose.transform.rotation.w,0.6444594384449331
7.801806676,1760031888.578806676,/mocap/xwing/pose.transform.rotation.w,0.6433055890600694
7.80181872,1760031888.578818720,/mocap/xwing/pose.transform.rotation.w,0.642553607530457
7.804268229,1760031888.581268229,/mocap/xwing/pose.transform.rotation.w,0.6416700301000906
7.81052125,1760031888.587521250,/mocap/xwing/pose.transform.rotation.w,0.6404221615392319
7.815608911,1760031888.592608911,/mocap/xwing/pose.transform.rotation.w,0.6391414477558869
7.81562332,1760031888.592623320,/mocap/xwing/pose.transform.rotation.w,0.6379664497677899
7.819927372,1760031888.596927372,/mocap/xwing/pose.transform.rotation.w,0.6373334805319707
7.826640067,1760031888.603640067,/mocap/xwing/pose.transform.rotation.w,0.637008576511194
7.826666024,1760031888.603666024,/mocap/xwing/pose.transform.rotation.w,0.6365632251269744
7.833011201,1760031888.610011201,/mocap/xwing/pose.transform.rotation.w,0.6367738230377956
7.8408906720000004,1760031888.617890672,/mocap/xwing/pose.transform.rotation.w,0.6361626849703125
7.840901739,1760031888.617901739,/mocap/xwing/pose.transform.rotation.w,0.6355724156263067
7.840958822,1760031888.617958822,/mocap/xwing/pose.transform.rotation.w,0.6344476553635052
7.844561195,1760031888.621561195,/mocap/xwing/pose.transform.rotation.w,0.6332346990431246
7.84459116,1760031888.621591160,/mocap/xwing/pose.transform.rotation.w,0.6327796076692965
7.850683509,1760031888.627683509,/mocap/xwing/pose.transform.rotation.w,0.6323715822985698
7.850730174,1760031888.627730174,/mocap/xwing/pose.transform.rotation.w,0.6319177009188982
7.862257966,1760031888.639257966,/mocap/xwing/pose.transform.rotation.w,0.6318622828756096
7.862334465,1760031888.639334465,/mocap/xwing/pose.transform.rotation.w,0.6312788673130816
7.86974581,1760031888.646745810,/mocap/xwing/pose.transform.rotation.w,0.6307403475909596
7.869788962,1760031888.646788962,/mocap/xwing/pose.transform.rotation.w,0.6302327729370402
7.87402925,1760031888.651029250,/mocap/xwing/pose.transform.rotation.w,0.6299684316525559
7.874035098,1760031888.651035098,/mocap/xwing/pose.transform.rotation.w,0.6295426940542672
7.874050535,1760031888.651050535,/mocap/xwing/pose.transform.rotation.w,0.629590731624936
7.878154291,1760031888.655154291,/mocap/xwing/pose.transform.rotation.w,0.6286669506857661
7.907260191,1760031888.684260191,/mocap/xwing/pose.transform.rotation.w,0.6278123807674165
7.907323505,1760031888.684323505,/mocap/xwing/pose.transform.rotation.w,0.6273214170994988
7.920900027,1760031888.697900027,/mocap/xwing/pose.transform.rotation.w,0.6270814964386416
7.920940006,1760031888.697940006,/mocap/xwing/pose.transform.rotation.w,0.6267662110618211
7.920955102,1760031888.697955102,/mocap/xwing/pose.transform.rotation.w,0.6267301683050495
7.920974247,1760031888.697974247,/mocap/xwing/pose.transform.rotation.w,0.6266275608134173
7.920988306,1760031888.697988306,/mocap/xwing/pose.transform.rotation.w,0.6259461751634374
7.921002084,1760031888.698002084,/mocap/xwing/pose.transform.rotation.w,0.6255634310695249
7.921016479,1760031888.698016479,/mocap/xwing/pose.transform.rotation.w,0.6253584765671814
7.9210250680000005,1760031888.698025068,/mocap/xwing/pose.transform.rotation.w,0.624473400864755
7.9210436820000005,1760031888.698043682,/mocap/xwing/pose.transform.rotation.w,0.6245421275189914
7.921058569,1760031888.698058569,/mocap/xwing/pose.transform.rotation.w,0.6244521038152526
7.92642603,1760031888.703426030,/mocap/xwing/pose.transform.rotation.w,0.6241527156544174
7.937405676,1760031888.714405676,/mocap/xwing/pose.transform.rotation.w,0.6236754644519259
7.937421785,1760031888.714421785,/mocap/xwing/pose.transform.rotation.w,0.6231542692925021
7.937545936,1760031888.714545936,/mocap/xwing/pose.transform.rotation.w,0.6227292112260394
7.937658982,1760031888.714658982,/mocap/xwing/pose.transform.rotation.w,0.6225440492756703
7.943683127,1760031888.720683127,/mocap/xwing/pose.transform.rotation.w,0.6225932343370945
7.94373287,1760031888.720732870,/mocap/xwing/pose.transform.rotation.w,0.6225584540032199
7.962348615,1760031888.739348615,/mocap/xwing/pose.transform.rotation.w,0.6224022939751365
7.962360435,1760031888.739360435,/mocap/xwing/pose.transform.rotation.w,0.622002825271426
7.962403115,1760031888.739403115,/mocap/xwing/pose.transform.rotation.w,0.6215680868013772
7.962426488,1760031888.739426488,/mocap/xwing/pose.transform.rotation.w,0.6213851667793844
7.962552801,1760031888.739552801,/mocap/xwing/pose.transform.rotation.w,0.6214459685403022
7.982587884,1760031888.759587884,/mocap/xwing/pose.transform.rotation.w,0.6215082459728413
7.982608117,1760031888.759608117,/mocap/xwing/pose.transform.rotation.w,0.6212866390395537
7.982657295,1760031888.759657295,/mocap/xwing/pose.transform.rotation.w,0.6208556747255509
7.989453374,1760031888.766453374,/mocap/xwing/pose.transform.rotation.w,0.620299268835648
7.989462496,1760031888.766462496,/mocap/xwing/pose.transform.rotation.w,0.6200826547173748
7.989489249,1760031888.766489249,/mocap/xwing/pose.transform.rotation.w,0.6201942271936851
7.98950187,1760031888.766501870,/mocap/xwing/pose.transform.rotation.w,0.6205313676465858
7.9895794460000005,1760031888.766579446,/mocap/xwing/pose.transform.rotation.w,0.6207119874196051
7.994262268,1760031888.771262268,/mocap/xwing/pose.transform.rotation.w,0.6205849761257003
7.9942732020000005,1760031888.771273202,/mocap/xwing/pose.transform.rotation.w,0.6203659099677471
7.994328459,1760031888.771328459,/mocap/xwing/pose.transform.rotation.w,0.6200613544939592
7.997872021,1760031888.774872021,/mocap/xwing/pose.transform.rotation.w,0.6199261618587167
8.001732512,1760031888.778732512,/mocap/xwing/pose.transform.rotation.w,0.6197887873419926
8.006888244,1760031888.783888244,/mocap/xwing/pose.transform.rotation.w,0.6197443548775612
8.013507754,1760031888.790507754,/mocap/xwing/pose.transform.rotation.w,0.61973683646902
8.018719223,1760031888.795719223,/mocap/xwing/pose.transform.rotation.w,0.6196801650753413
8.018742167,1760031888.795742167,/mocap/xwing/pose.transform.rotation.w,0.6195028393495721
8.018754149,1760031888.795754149,/mocap/xwing/pose.transform.rotation.w,0.6194400034881303
8.024484805,1760031888.801484805,/mocap/xwing/pose.transform.rotation.w,0.619591688482446
8.024498801,1760031888.801498801,/mocap/xwing/pose.transform.rotation.w,0.6195673598766198
8.073732007,1760031888.850732007,/mocap/xwing/pose.transform.rotation.w,0.6197227885403754
8.073742525,1760031888.850742525,/mocap/xwing/pose.transform.rotation.w,0.6195487123990169
8.073773282,1760031888.850773282,/mocap/xwing/pose.transform.rotation.w,0.6193686853588013
8.073789815,1760031888.850789815,/mocap/xwing/pose.transform.rotation.w,0.619015502993114
8.073804194,1760031888.850804194,/mocap/xwing/pose.transform.rotation.w,0.6187950724748261
8.073824342,1760031888.850824342,/mocap/xwing/pose.transform.rotation.w,0.6186054232554794
8.073837559,1760031888.850837559,/mocap/xwing/pose.transform.rotation.w,0.6191438263772567
8.073855326,1760031888.850855326,/mocap/xwing/pose.transform.rotation.w,0.6194072478052325
8.073871158,1760031888.850871158,/mocap/xwing/pose.transform.rotation.w,0.6190496481647288
8.073884971,1760031888.850884971,/mocap/xwing/pose.transform.rotation.w,0.6187508444714692
8.073900778,1760031888.850900778,/mocap/xwing/pose.transform.rotation.w,0.6184472883585611
8.073913891,1760031888.850913891,/mocap/xwing/pose.transform.rotation.w,0.6182397706095161
8.073928715,1760031888.850928715,/mocap/xwing/pose.transform.rotation.w,0.6181318120308563
8.07394021,1760031888.850940210,/mocap/xwing/pose.transform.rotation.w,0.6181606856637246
8.081332214,1760031888.858332214,/mocap/xwing/pose.transform.rotation.w,0.6181935057171615
8.081334742,1760031888.858334742,/mocap/xwing/pose.transform.rotation.w,0.6180269548710029
8.081344511,1760031888.858344511,/mocap/xwing/pose.transform.rotation.w,0.617607918981308
8.087257122,1760031888.864257122,/mocap/xwing/pose.transform.rotation.w,0.617509610259663
8.095354779000001,1760031888.872354779,/mocap/xwing/pose.transform.rotation.w,0.6172990418699811
8.095358854,1760031888.872358854,/mocap/xwing/pose.transform.rotation.w,0.6169330154971877
8.099277678,1760031888.876277678,/mocap/xwing/pose.transform.rotation.w,0.6167862438477082
8.099280698,1760031888.876280698,/mocap/xwing/pose.transform.rotation.w,0.6165489721437429
8.105831674,1760031888.882831674,/mocap/xwing/pose.transform.rotation.w,0.6164999578301719
8.105844762,1760031888.882844762,/mocap/xwing/pose.transform.rotation.w,0.6161460666473756
8.110906416,1760031888.887906416,/mocap/xwing/pose.transform.rotation.w,0.6160811243043268
8.110910606,1760031888.887910606,/mocap/xwing/pose.transform.rotation.w,0.6161082477918398
8.113696875,1760031888.890696875,/mocap/xwing/pose.transform.rotation.w,0.615375110512915
8.118451546,1760031888.895451546,/mocap/xwing/pose.transform.rotation.w,0.6149834885672
8.122590285,1760031888.899590285,/mocap/xwing/pose.transform.rotation.w,0.6147811467323632
8.126848439,1760031888.903848439,/mocap/xwing/pose.transform.rotation.w,0.6141723822567459
8.132532535,1760031888.909532535,/mocap/xwing/pose.transform.rotation.w,0.6140535896858574
8.132546883,1760031888.909546883,/mocap/xwing/pose.transform.rotation.w,0.6140238251438547
8.135723436,1760031888.912723436,/mocap/xwing/pose.transform.rotation.w,0.6139285658095885
8.139819149,1760031888.916819149,/mocap/xwing/pose.transform.rotation.w,0.6139894864675225
8.145448059,1760031888.922448059,/mocap/xwing/pose.transform.rotation.w,0.6141098776692295
8.145461004,1760031888.922461004,/mocap/xwing/pose.transform.rotation.w,0.6139411836466389
8.152368578,1760031888.929368578,/mocap/xwing/pose.transform.rotation.w,0.6139155104646912
8.152371896,1760031888.929371896,/mocap/xwing/pose.transform.rotation.w,0.6138487226274916
8.161223771,1760031888.938223771,/mocap/xwing/pose.transform.rotation.w,0.6135943741559879
8.16122862,1760031888.938228620,/mocap/xwing/pose.transform.rotation.w,0.6133384948212764
8.16123266,1760031888.938232660,/mocap/xwing/pose.transform.rotation.w,0.6132077819599554
8.170220833,1760031888.947220833,/mocap/xwing/pose.transform.rotation.w,0.6131580162574387
8.170294285,1760031888.947294285,/mocap/xwing/pose.transform.rotation.w,0.6129596759214163
8.190794499,1760031888.967794499,/mocap/xwing/pose.transform.rotation.w,0.6131773467386994
8.190808357,1760031888.967808357,/mocap/xwing/pose.transform.rotation.w,0.6130791135417005
8.220000022,1760031888.997000022,/mocap/xwing/pose.transform.rotation.w,0.6134208066504592
8.220021531,1760031888.997021531,/mocap/xwing/pose.transform.rotation.w,0.6135215581606072
8.220069138,1760031888.997069138,/mocap/xwing/pose.transform.rotation.w,0.6136030355322177
8.220094637,1760031888.997094637,/mocap/xwing/pose.transform.rotation.w,0.6136126195350463
8.220126861,1760031888.997126861,/mocap/xwing/pose.transform.rotation.w,0.6132296266307232
8.220249531,1760031888.997249531,/mocap/xwing/pose.transform.rotation.w,0.6134067297382594
8.245589135,1760031889.022589135,/mocap/xwing/pose.transform.rotation.w,0.6132500416081593
8.245604767,1760031889.022604767,/mocap/xwing/pose.transform.rotation.w,0.6133118622642907
8.245624368,1760031889.022624368,/mocap/xwing/pose.transform.rotation.w,0.6136064719762627
8.245696898,1760031889.022696898,/mocap/xwing/pose.transform.rotation.w,0.6141058780189195
8.245711861,1760031889.022711861,/mocap/xwing/pose.transform.rotation.w,0.6139416142144032
8.245735102,1760031889.022735102,/mocap/xwing/pose.transform.rotation.w,0.6138074552176709
8.245751947,1760031889.022751947,/mocap/xwing/pose.transform.rotation.w,0.6139239118243965
8.245765568,1760031889.022765568,/mocap/xwing/pose.transform.rotation.w,0.6138641090773391
8.245871328,1760031889.022871328,/mocap/xwing/pose.transform.rotation.w,0.6141142854005405
8.245892923,1760031889.022892923,/mocap/xwing/pose.transform.rotation.w,0.6141026086990642
8.245907776,1760031889.022907776,/mocap/xwing/pose.transform.rotation.w,0.6145684318588581
8.245924085,1760031889.022924085,/mocap/xwing/pose.transform.rotation.w,0.6147087073015449
8.245945702,1760031889.022945702,/mocap/xwing/pose.transform.rotation.w,0.6148821278037628
8.245966896,1760031889.022966896,/mocap/xwing/pose.transform.rotation.w,0.6149594723890879
8.27328062,1760031889.050280620,/mocap/xwing/pose.transform.rotation.w,0.6150998985348985
8.273288788,1760031889.050288788,/mocap/xwing/pose.transform.rotation.w,0.6148926495053799
8.273294709,1760031889.050294709,/mocap/xwing/pose.transform.rotation.w,0.6150327336824862
8.273299208,1760031889.050299208,/mocap/xwing/pose.transform.rotation.w,0.6148105879095571
8.273303833,1760031889.050303833,/mocap/xwing/pose.transform.rotation.w,0.6151757246055028
8.273307861,1760031889.050307861,/mocap/xwing/pose.transform.rotation.w,0.615203924491992
8.273312907,1760031889.050312907,/mocap/xwing/pose.transform.rotation.w,0.61572819374486
8.273320516,1760031889.050320516,/mocap/xwing/pose.transform.rotation.w,0.6159759304274096
8.273329905,1760031889.050329905,/mocap/xwing/pose.transform.rotation.w,0.6163482364751335
8.287359777,1760031889.064359777,/mocap/xwing/pose.transform.rotation.w,0.6164093553825618
8.287364154,1760031889.064364154,/mocap/xwing/pose.transform.rotation.w,0.6164668182263148
8.287367377,1760031889.064367377,/mocap/xwing/pose.transform.rotation.w,0.61641447676159
8.291344428,1760031889.068344428,/mocap/xwing/pose.transform.rotation.w,0.6160936943858039
8.291348039,1760031889.068348039,/mocap/xwing/pose.transform.rotation.w,0.6165030224197048
8.291356517,1760031889.068356517,/mocap/xwing/pose.transform.rotation.w,0.6163987082415974
8.294132911,1760031889.071132911,/mocap/xwing/pose.transform.rotation.w,0.6169578755598598
8.298173312,1760031889.075173312,/mocap/xwing/pose.transform.rotation.w,0.6172952000485306
8.311385708,1760031889.088385708,/mocap/xwing/pose.transform.rotation.w,0.6179007895388132
8.316368251,1760031889.093368251,/mocap/xwing/pose.transform.rotation.w,0.6180553378118568
8.316372905,1760031889.093372905,/mocap/xwing/pose.transform.rotation.w,0.6181429128180679
8.316382446,1760031889.093382446,/mocap/xwing/pose.transform.rotation.w,0.618062372262185
8.31638588,1760031889.093385880,/mocap/xwing/pose.transform.rotation.w,0.6180583431754598
8.320107894,1760031889.097107894,/mocap/xwing/pose.transform.rotation.w,0.6182614430219716
8.320120553,1760031889.097120553,/mocap/xwing/pose.transform.rotation.w,0.6180409629184348
8.328714694,1760031889.105714694,/mocap/xwing/pose.transform.rotation.w,0.6182335921752186
8.328724785,1760031889.105724785,/mocap/xwing/pose.transform.rotation.w,0.6185183906459532
8.338194246,1760031889.115194246,/mocap/xwing/pose.transform.rotation.w,0.6190335003471189
8.338198606,1760031889.115198606,/mocap/xwing/pose.transform.rotation.w,0.6193332465267393
8.338204013,1760031889.115204013,/mocap/xwing/pose.transform.rotation.w,0.6196172872396274
8.34458869,1760031889.121588690,/mocap/xwing/pose.transform.rotation.w,0.6198449415547421
8.349767657,1760031889.126767657,/mocap/xwing/pose.transform.rotation.w,0.6198959592705547
8.349779893000001,1760031889.126779893,/mocap/xwing/pose.transform.rotation.w,0.6199610615200738
8.355081506,1760031889.132081506,/mocap/xwing/pose.transform.rotation.w,0.6203080474893841
8.35509078,1760031889.132090780,/mocap/xwing/pose.transform.rotation.w,0.6202681307095341
8.361222735,1760031889.138222735,/mocap/xwing/pose.transform.rotation.w,0.6204801931640613
8.361233603,1760031889.138233603,/mocap/xwing/pose.transform.rotation.w,0.6206177624572848
8.367528618,1760031889.144528618,/mocap/xwing/pose.transform.rotation.w,0.6209500706358916
8.367534897,1760031889.144534897,/mocap/xwing/pose.transform.rotation.w,0.6211296511777364
8.371912785,1760031889.148912785,/mocap/xwing/pose.transform.rotation.w,0.6213192168456891
8.375260675,1760031889.152260675,/mocap/xwing/pose.transform.rotation.w,0.6215318996032931
8.380044035,1760031889.157044035,/mocap/xwing/pose.transform.rotation.w,0.6218531235154443
8.383556687,1760031889.160556687,/mocap/xwing/pose.transform.rotation.w,0.6219013584998788
8.402124574,1760031889.179124574,/mocap/xwing/pose.transform.rotation.w,0.6222726533177351
8.402151353,1760031889.179151353,/mocap/xwing/pose.transform.rotation.w,0.6226925258560667
8.408958025,1760031889.185958025,/mocap/xwing/pose.transform.rotation.w,0.6228917075940995
8.408964353,1760031889.185964353,/mocap/xwing/pose.transform.rotation.w,0.6230327613060084
8.408969295,1760031889.185969295,/mocap/xwing/pose.transform.rotation.w,0.6230067255774688
8.408975136,1760031889.185975136,/mocap/xwing/pose.transform.rotation.w,0.623269349596498
8.408980025,1760031889.185980025,/mocap/xwing/pose.transform.rotation.w,0.6234366952603819
8.415123384,1760031889.192123384,/mocap/xwing/pose.transform.rotation.w,0.6234172819228812
8.415128577,1760031889.192128577,/mocap/xwing/pose.transform.rotation.w,0.6237052075913188
8.415132393,1760031889.192132393,/mocap/xwing/pose.transform.rotation.w,0.6239387331843651
8.418516815,1760031889.195516815,/mocap/xwing/pose.transform.rotation.w,0.6243001209635576
8.423013681,1760031889.200013681,/mocap/xwing/pose.transform.rotation.w,0.6246859746243445
8.423019214,1760031889.200019214,/mocap/xwing/pose.transform.rotation.w,0.6250524884863515
8.427057052,1760031889.204057052,/mocap/xwing/pose.transform.rotation.w,0.6254287291733193
8.431852461,1760031889.208852461,/mocap/xwing/pose.transform.rotation.w,0.6255529018521653
8.435665921,1760031889.212665921,/mocap/xwing/pose.transform.rotation.w,0.6257684166520767
8.441278136,1760031889.218278136,/mocap/xwing/pose.transform.rotation.w,0.625587166155934
8.44467753,1760031889.221677530,/mocap/xwing/pose.transform.rotation.w,0.6255629190963617
8.447419854,1760031889.224419854,/mocap/xwing/pose.transform.rotation.w,0.6258744642895236
8.451564016,1760031889.228564016,/mocap/xwing/pose.transform.rotation.w,0.6261016798774105
8.451568471,1760031889.228568471,/mocap/xwing/pose.transform.rotation.w,0.6263766239711008
8.455383181,1760031889.232383181,/mocap/xwing/pose.transform.rotation.w,0.6268115745620098
8.460908178,1760031889.237908178,/mocap/xwing/pose.transform.rotation.w,0.627150075085546
8.460911473,1760031889.237911473,/mocap/xwing/pose.transform.rotation.w,0.6275728058514906
8.464846277,1760031889.241846277,/mocap/xwing/pose.transform.rotation.w,0.6278138837978547
8.469209847,1760031889.246209847,/mocap/xwing/pose.transform.rotation.w,0.627999917221081
8.472559374,1760031889.249559374,/mocap/xwing/pose.transform.rotation.w,0.6280209271698275
8.477242037,1760031889.254242037,/mocap/xwing/pose.transform.rotation.w,0.6281436915646221
8.477257657000001,1760031889.254257657,/mocap/xwing/pose.transform.rotation.w,0.6282932316334282
8.483742248,1760031889.260742248,/mocap/xwing/pose.transform.rotation.w,0.6283243213064652
8.488891108,1760031889.265891108,/mocap/xwing/pose.transform.rotation.w,0.6284669080323363
8.488942414,1760031889.265942414,/mocap/xwing/pose.transform.rotation.w,0.6288220449132249
8.496125424,1760031889.273125424,/mocap/xwing/pose.transform.rotation.w,0.6292945912498984
8.496140453,1760031889.273140453,/mocap/xwing/pose.transform.rotation.w,0.6297150168397438
8.506199126,1760031889.283199126,/mocap/xwing/pose.transform.rotation.w,0.6300983504106404
8.506257262,1760031889.283257262,/mocap/xwing/pose.transform.rotation.w,0.6301126484831666
8.506429461,1760031889.283429461,/mocap/xwing/pose.transform.rotation.w,0.6300552311727894
8.51374521,1760031889.290745210,/mocap/xwing/pose.transform.rotation.w,0.6301012381846425
8.513797107,1760031889.290797107,/mocap/xwing/pose.transform.rotation.w,0.6302838561963747
8.524175776,1760031889.301175776,/mocap/xwing/pose.transform.rotation.w,0.6305889306604274
8.524241029,1760031889.301241029,/mocap/xwing/pose.transform.rotation.w,0.6308521323959448
8.539832351,1760031889.316832351,/mocap/xwing/pose.transform.rotation.w,0.6315263079125022
8.539843922,1760031889.316843922,/mocap/xwing/pose.transform.rotation.w,0.6318348938024008
8.539851072,1760031889.316851072,/mocap/xwing/pose.transform.rotation.w,0.6322587426278817
8.539872382,1760031889.316872382,/mocap/xwing/pose.transform.rotation.w,0.6323509969329473
8.539885641,1760031889.316885641,/mocap/xwing/pose.transform.rotation.w,0.6322278795472259
8.539915453,1760031889.316915453,/mocap/xwing/pose.transform.rotation.w,0.6323973682380928
8.543320851,1760031889.320320851,/mocap/xwing/pose.transform.rotation.w,0.6324164956651319
8.549000393,1760031889.326000393,/mocap/xwing/pose.transform.rotation.w,0.6328063959169047
8.55382334,1760031889.330823340,/mocap/xwing/pose.transform.rotation.w,0.6332895683716261
8.553841822,1760031889.330841822,/mocap/xwing/pose.transform.rotation.w,0.6340246631675472
8.553870391,1760031889.330870391,/mocap/xwing/pose.transform.rotation.w,0.634493910493903
8.559376064,1760031889.336376064,/mocap/xwing/pose.transform.rotation.w,0.6346992036953588
8.56465226,1760031889.341652260,/mocap/xwing/pose.transform.rotation.w,0.6349284114560065
8.564709485,1760031889.341709485,/mocap/xwing/pose.transform.rotation.w,0.6350609778955737
8.571589323,1760031889.348589323,/mocap/xwing/pose.transform.rotation.w,0.6352810430168228
8.575548011,1760031889.352548011,/mocap/xwing/pose.transform.rotation.w,0.6354764946233457
8.575603966,1760031889.352603966,/mocap/xwing/pose.transform.rotation.w,0.6359632277243752
8.582111555000001,1760031889.359111555,/mocap/xwing/pose.transform.rotation.w,0.6364781733503312
8.587629348,1760031889.364629348,/mocap/xwing/pose.transform.rotation.w,0.6370712048244418
8.587640309,1760031889.364640309,/mocap/xwing/pose.transform.rotation.w,0.6375890127340321
8.587703441,1760031889.364703441,/mocap/xwing/pose.transform.rotation.w,0.6379719825208604
8.592187758,1760031889.369187758,/mocap/xwing/pose.transform.rotation.w,0.6383279629699696
8.596703136,1760031889.373703136,/mocap/xwing/pose.transform.rotation.w,0.6385074394047144
8.609273071,1760031889.386273071,/mocap/xwing/pose.transform.rotation.w,0.6386546885730462
8.60928397,1760031889.386283970,/mocap/xwing/pose.transform.rotation.w,0.6388902845052207
8.61362323,1760031889.390623230,/mocap/xwing/pose.transform.rotation.w,0.6393562233813204
8.613635182,1760031889.390635182,/mocap/xwing/pose.transform.rotation.w,0.6398681148155663
8.613728689,1760031889.390728689,/mocap/xwing/pose.transform.rotation.w,0.6405891662959102
8.617628663,1760031889.394628663,/mocap/xwing/pose.transform.rotation.w,0.6412942813625184
8.617664929,1760031889.394664929,/mocap/xwing/pose.transform.rotation.w,0.6418281232309264
8.622593306,1760031889.399593306,/mocap/xwing/pose.transform.rotation.w,0.642454342997857
8.626277743,1760031889.403277743,/mocap/xwing/pose.transform.rotation.w,0.6428719540611405
8.626297469,1760031889.403297469,/mocap/xwing/pose.transform.rotation.w,0.6431418760111302
8.630148659,1760031889.407148659,/mocap/xwing/pose.transform.rotation.w,0.6433772661373924
8.636625228,1760031889.413625228,/mocap/xwing/pose.transform.rotation.w,0.6437036479329006
8.640675298,1760031889.417675298,/mocap/xwing/pose.transform.rotation.w,0.6443827162699527
8.640694465,1760031889.417694465,/mocap/xwing/pose.transform.rotation.w,0.644979666145389
8.647190276,1760031889.424190276,/mocap/xwing/pose.transform.rotation.w,0.6456297610324336
8.652561491,1760031889.429561491,/mocap/xwing/pose.transform.rotation.w,0.6464651071546372
8.652628703,1760031889.429628703,/mocap/xwing/pose.transform.rotation.w,0.6471207053871443
8.658395738,1760031889.435395738,/mocap/xwing/pose.transform.rotation.w,0.6476808599087547
8.66513701,1760031889.442137010,/mocap/xwing/pose.transform.rotation.w,0.6482113305602772
8.665152382,1760031889.442152382,/mocap/xwing/pose.transform.rotation.w,0.6486893834253371
8.672167765,1760031889.449167765,/mocap/xwing/pose.transform.rotation.w,0.6489601889856889
8.672206681,1760031889.449206681,/mocap/xwing/pose.transform.rotation.w,0.6495606339796179
8.672221977,1760031889.449221977,/mocap/xwing/pose.transform.rotation.w,0.6501184389833599
8.679003408,1760031889.456003408,/mocap/xwing/pose.transform.rotation.w,0.650733460003398
8.68315912,1760031889.460159120,/mocap/xwing/pose.transform.rotation.w,0.6515041684486313
8.683218631999999,1760031889.460218632,/mocap/xwing/pose.transform.rotation.w,0.6521784699722687
8.701819311,1760031889.478819311,/mocap/xwing/pose.transform.rotation.w,0.6528561593552868
8.701834974,1760031889.478834974,/mocap/xwing/pose.transform.rotation.w,0.653526985066836
8.701847552,1760031889.478847552,/mocap/xwing/pose.transform.rotation.w,0.6541526608334837
8.701931583,1760031889.478931583,/mocap/xwing/pose.transform.rotation.w,0.6544541405162209
8.701995727,1760031889.478995727,/mocap/xwing/pose.transform.rotation.w,0.6549386263518885
8.705562152,1760031889.482562152,/mocap/xwing/pose.transform.rotation.w,0.6551812887740052
8.705575075,1760031889.482575075,/mocap/xwing/pose.transform.rotation.w,0.6556217287908668
8.710094619,1760031889.487094619,/mocap/xwing/pose.transform.rotation.w,0.656221746839427
8.715984693,1760031889.492984693,/mocap/xwing/pose.transform.rotation.w,0.656844946452178
8.716011088,1760031889.493011088,/mocap/xwing/pose.transform.rotation.w,0.6574290402294058
8.721270281,1760031889.498270281,/mocap/xwing/pose.transform.rotation.w,0.6579270641491806
8.721294676,1760031889.498294676,/mocap/xwing/pose.transform.rotation.w,0.6583631384470047
8.727226418,1760031889.504226418,/mocap/xwing/pose.transform.rotation.w,0.6587695678133223
8.731169918,1760031889.508169918,/mocap/xwing/pose.transform.rotation.w,0.6590370830365577
8.731186347,1760031889.508186347,/mocap/xwing/pose.transform.rotation.w,0.6593568687963302
8.744165736,1760031889.521165736,/mocap/xwing/pose.transform.rotation.w,0.6597692850397295
8.744195996,1760031889.521195996,/mocap/xwing/pose.transform.rotation.w,0.6602191322286882
8.744211376,1760031889.521211376,/mocap/xwing/pose.transform.rotation.w,0.6608552589616883
8.75062401,1760031889.527624010,/mocap/xwing/pose.transform.rotation.w,0.6614221903265494
8.750641318,1760031889.527641318,/mocap/xwing/pose.transform.rotation.w,0.6632630209781962
8.750672908,1760031889.527672908,/mocap/xwing/pose.transform.rotation.w,0.6638459764969082
8.766978644,1760031889.543978644,/mocap/xwing/pose.transform.rotation.w,0.6643101689758718
8.766992887,1760031889.543992887,/mocap/xwing/pose.transform.rotation.w,0.6647291519847834
8.767006387,1760031889.544006387,/mocap/xwing/pose.transform.rotation.w,0.665134772644899
8.767019826,1760031889.544019826,/mocap/xwing/pose.transform.rotation.w,0.6655859073496668
8.771908134,1760031889.548908134,/mocap/xwing/pose.transform.rotation.w,0.6660515005035108
8.771978924,1760031889.548978924,/mocap/xwing/pose.transform.rotation.w,0.6666871070417383
8.779680501,1760031889.556680501,/mocap/xwing/pose.transform.rotation.w,0.6674308222588369
8.838312125,1760031889.615312125,/mocap/xwing/pose.transform.rotation.w,0.6680292646519591
8.838325579,1760031889.615325579,/mocap/xwing/pose.transform.rotation.w,0.6686377057016517
8.838343754,1760031889.615343754,/mocap/xwing/pose.transform.rotation.w,0.669153956038011
8.838363170000001,1760031889.615363170,/mocap/xwing/pose.transform.rotation.w,0.6694408103735163
8.838377496,1760031889.615377496,/mocap/xwing/pose.transform.rotation.w,0.6697509111341162
8.838392303,1760031889.615392303,/mocap/xwing/pose.transform.rotation.w,0.670087271452777
8.838413832,1760031889.615413832,/mocap/xwing/pose.transform.rotation.w,0.6704398410956356
8.838438607,1760031889.615438607,/mocap/xwing/pose.transform.rotation.w,0.6716983284726339
8.838475899,1760031889.615475899,/mocap/xwing/pose.transform.rotation.w,0.672542209620979
8.838491617,1760031889.615491617,/mocap/xwing/pose.transform.rotation.w,0.6733318708238577
8.838533428,1760031889.615533428,/mocap/xwing/pose.transform.rotation.w,0.6739784249389913
8.838551498,1760031889.615551498,/mocap/xwing/pose.transform.rotation.w,0.674557926725728
8.838567616,1760031889.615567616,/mocap/xwing/pose.transform.rotation.w,0.6749805386678869
8.838583679,1760031889.615583679,/mocap/xwing/pose.transform.rotation.w,0.6753783431706819
8.838602261,1760031889.615602261,/mocap/xwing/pose.transform.rotation.w,0.6757555544946382
8.838616929,1760031889.615616929,/mocap/xwing/pose.transform.rotation.w,0.6760926303574037
8.838631836,1760031889.615631836,/mocap/xwing/pose.transform.rotation.w,0.6766520177020168
8.863963929,1760031889.640963929,/mocap/xwing/pose.transform.rotation.w,0.6772460541836964
8.864028574,1760031889.641028574,/mocap/xwing/pose.transform.rotation.w,0.6778302623598377
8.864043435,1760031889.641043435,/mocap/xwing/pose.transform.rotation.w,0.6785098072325385
8.864065041,1760031889.641065041,/mocap/xwing/pose.transform.rotation.w,0.6790723886335864
8.864081725,1760031889.641081725,/mocap/xwing/pose.transform.rotation.w,0.6796258742538093
8.864093942,1760031889.641093942,/mocap/xwing/pose.transform.rotation.w,0.6799277019751598
8.864614591,1760031889.641614591,/mocap/xwing/pose.transform.rotation.w,0.6801943092742052
8.864740149,1760031889.641740149,/mocap/xwing/pose.transform.rotation.w,0.6804894685961992
8.864757619,1760031889.641757619,/mocap/xwing/pose.transform.rotation.w,0.6809597938210569
8.871062877,1760031889.648062877,/mocap/xwing/pose.transform.rotation.w,0.6815373489449748
8.871158615,1760031889.648158615,/mocap/xwing/pose.transform.rotation.w,0.6821568271634012
8.88638289,1760031889.663382890,/mocap/xwing/pose.transform.rotation.w,0.682798028889462
8.886403186,1760031889.663403186,/mocap/xwing/pose.transform.rotation.w,0.683287972741278
8.886485029,1760031889.663485029,/mocap/xwing/pose.transform.rotation.w,0.6837991953333769
8.88650399,1760031889.663503990,/mocap/xwing/pose.transform.rotation.w,0.6842588437041341
8.8865146,1760031889.663514600,/mocap/xwing/pose.transform.rotation.w,0.6845606732464283
8.890483016,1760031889.667483016,/mocap/xwing/pose.transform.rotation.w,0.6848927158948638
8.89049758,1760031889.667497580,/mocap/xwing/pose.transform.rotation.w,0.6851500190189103
8.899499982,1760031889.676499982,/mocap/xwing/pose.transform.rotation.w,0.6857002170696856
8.899543749,1760031889.676543749,/mocap/xwing/pose.transform.rotation.w,0.6862641759512292
8.905118011,1760031889.682118011,/mocap/xwing/pose.transform.rotation.w,0.6868460965477016
8.905143239000001,1760031889.682143239,/mocap/xwing/pose.transform.rotation.w,0.6872984731339471
8.910575297,1760031889.687575297,/mocap/xwing/pose.transform.rotation.w,0.6876961880905238
8.957075383,1760031889.734075383,/mocap/xwing/pose.transform.rotation.w,0.6879941861189794
8.957099898,1760031889.734099898,/mocap/xwing/pose.transform.rotation.w,0.6882706924678367
8.957115419,1760031889.734115419,/mocap/xwing/pose.transform.rotation.w,0.6885903459725035
8.95713789,1760031889.734137890,/mocap/xwing/pose.transform.rotation.w,0.6889717218552669
8.957174921,1760031889.734174921,/mocap/xwing/pose.transform.rotation.w,0.6894044710227826
8.957194364,1760031889.734194364,/mocap/xwing/pose.transform.rotation.w,0.6897083351275963
8.957209204,1760031889.734209204,/mocap/xwing/pose.transform.rotation.w,0.690204844189166
8.9572269,1760031889.734226900,/mocap/xwing/pose.transform.rotation.w,0.6906990410438824
8.957248693,1760031889.734248693,/mocap/xwing/pose.transform.rotation.w,0.6912627082304776
8.957263602,1760031889.734263602,/mocap/xwing/pose.transform.rotation.w,0.691868818758411
8.957277993,1760031889.734277993,/mocap/xwing/pose.transform.rotation.w,0.6920878369443023
8.957302047,1760031889.734302047,/mocap/xwing/pose.transform.rotation.w,0.6923373332398369
8.95731363,1760031889.734313630,/mocap/xwing/pose.transform.rotation.w,0.6926483204424823
8.957364754,1760031889.734364754,/mocap/xwing/pose.transform.rotation.w,0.6929516538395595
8.967912738,1760031889.744912738,/mocap/xwing/pose.transform.rotation.w,0.6934510196899901
8.967920012,1760031889.744920012,/mocap/xwing/pose.transform.rotation.w,0.6940006859667829
8.967934887,1760031889.744934887,/mocap/xwing/pose.transform.rotation.w,0.6946450842766557
8.974626067,1760031889.751626067,/mocap/xwing/pose.transform.rotation.w,0.6950363544194487
8.974630228,1760031889.751630228,/mocap/xwing/pose.transform.rotation.w,0.6953933003586877
8.974632717,1760031889.751632717,/mocap/xwing/pose.transform.rotation.w,0.6957071910971244
8.982023175,1760031889.759023175,/mocap/xwing/pose.transform.rotation.w,0.6960252725577574
9.024196624,1760031889.801196624,/mocap/xwing/pose.transform.rotation.w,0.696284174794077
9.024213009,1760031889.801213009,/mocap/xwing/pose.transform.rotation.w,0.6966203518504628
9.024236373,1760031889.801236373,/mocap/xwing/pose.transform.rotation.w,0.69697011714872
9.024254036,1760031889.801254036,/mocap/xwing/pose.transform.rotation.w,0.6973265887832231
9.024266961,1760031889.801266961,/mocap/xwing/pose.transform.rotation.w,0.6978104452725454
9.024293604,1760031889.801293604,/mocap/xwing/pose.transform.rotation.w,0.6982716335732302
9.024370862,1760031889.801370862,/mocap/xwing/pose.transform.rotation.w,0.6987165247837362
9.02438417,1760031889.801384170,/mocap/xwing/pose.transform.rotation.w,0.6991515269919726
9.024401962,1760031889.801401962,/mocap/xwing/pose.transform.rotation.w,0.6995916876432015
9.024426999,1760031889.801426999,/mocap/xwing/pose.transform.rotation.w,0.7002235900206224
9.024445402,1760031889.801445402,/mocap/xwing/pose.transform.rotation.w,0.7005416140799965
9.030712368,1760031889.807712368,/mocap/xwing/pose.transform.rotation.w,0.7009671661379874
9.030912223,1760031889.807912223,/mocap/xwing/pose.transform.rotation.w,0.7014787781209512
9.035244918,1760031889.812244918,/mocap/xwing/pose.transform.rotation.w,0.7019343476598894
9.035311651,1760031889.812311651,/mocap/xwing/pose.transform.rotation.w,0.7023238773993197
9.052030675,1760031889.829030675,/mocap/xwing/pose.transform.rotation.w,0.702583665635223
9.052042191,1760031889.829042191,/mocap/xwing/pose.transform.rotation.w,0.7028349848611336
9.0520501,1760031889.829050100,/mocap/xwing/pose.transform.rotation.w,0.7030074210151724
9.052171235,1760031889.829171235,/mocap/xwing/pose.transform.rotation.w,0.7033459341309171
9.052208026,1760031889.829208026,/mocap/xwing/pose.transform.rotation.w,0.7036947484558825
9.064389682,1760031889.841389682,/mocap/xwing/pose.transform.rotation.w,0.7040365444339209
9.064408338,1760031889.841408338,/mocap/xwing/pose.transform.rotation.w,0.7044263409732339
9.064422401,1760031889.841422401,/mocap/xwing/pose.transform.rotation.w,0.7047801492092913
9.070227135,1760031889.847227135,/mocap/xwing/pose.transform.rotation.w,0.7051755724716877
9.070246143,1760031889.847246143,/mocap/xwing/pose.transform.rotation.w,0.7056068458257794
9.070263091,1760031889.847263091,/mocap/xwing/pose.transform.rotation.w,0.7059697117077278
9.073791597,1760031889.850791597,/mocap/xwing/pose.transform.rotation.w,0.706161786033434
9.078822353,1760031889.855822353,/mocap/xwing/pose.transform.rotation.w,0.7064546556503398
9.082535244,1760031889.859535244,/mocap/xwing/pose.transform.rotation.w,0.7067524881454148
9.087783094,1760031889.864783094,/mocap/xwing/pose.transform.rotation.w,0.7071382482364041
9.087846772,1760031889.864846772,/mocap/xwing/pose.transform.rotation.w,0.7075857898581598
9.090954547,1760031889.867954547,/mocap/xwing/pose.transform.rotation.w,0.7080402920005704
9.097601405,1760031889.874601405,/mocap/xwing/pose.transform.rotation.w,0.7085122453564278
9.097617063,1760031889.874617063,/mocap/xwing/pose.transform.rotation.w,0.7079315825136436
9.103382694,1760031889.880382694,/mocap/xwing/pose.transform.rotation.w,0.7081267529355654
9.103392075,1760031889.880392075,/mocap/xwing/pose.transform.rotation.w,0.708189203910241
9.107183443,1760031889.884183443,/mocap/xwing/pose.transform.rotation.w,0.7082959922765479
