elapsed time,timestamp,topic,value
0.00023883400000000002,1759158510.471238834,/mocap/xwing/pose.pose.position.z,1.5049626115000327
0.010231313,1759158510.481231313,/mocap/xwing/pose.pose.position.z,1.5058580561593131
0.020231031,1759158510.491231031,/mocap/xwing/pose.pose.position.z,1.5066799629654695
0.030264607000000002,1759158510.501264607,/mocap/xwing/pose.pose.position.z,1.5074761585121084
0.040252587,1759158510.511252587,/mocap/xwing/pose.pose.position.z,1.5084006676211055
0.050232183,1759158510.521232183,/mocap/xwing/pose.pose.position.z,1.509208077068523
0.06023394000000001,1759158510.531233940,/mocap/xwing/pose.pose.position.z,1.510076476565338
0.070232157,1759158510.541232157,/mocap/xwing/pose.pose.position.z,1.5107467399885615
0.080234948,1759158510.551234948,/mocap/xwing/pose.pose.position.z,1.5116289790415747
0.09023592200000001,1759158510.561235922,/mocap/xwing/pose.pose.position.z,1.5125055859562972
0.10023417100000001,1759158510.571234171,/mocap/xwing/pose.pose.position.z,1.513250287129646
0.11024109500000001,1759158510.581241095,/mocap/xwing/pose.pose.position.z,1.5138912821410502
0.12023746800000001,1759158510.591237468,/mocap/xwing/pose.pose.position.z,1.5148142552175978
0.13023533,1759158510.601235330,/mocap/xwing/pose.pose.position.z,1.5154534784891185
0.140269473,1759158510.611269473,/mocap/xwing/pose.pose.position.z,1.5162877910335353
0.15023787800000002,1759158510.621237878,/mocap/xwing/pose.pose.position.z,1.5169088003449482
0.160239863,1759158510.631239863,/mocap/xwing/pose.pose.position.z,1.5177232479675986
0.17023959200000002,1759158510.641239592,/mocap/xwing/pose.pose.position.z,1.518270804099391
0.18023904300000002,1759158510.651239043,/mocap/xwing/pose.pose.position.z,1.5190622146789803
0.190237605,1759158510.661237605,/mocap/xwing/pose.pose.position.z,1.5197093003732391
0.20024185700000002,1759158510.671241857,/mocap/xwing/pose.pose.position.z,1.5203541266478342
0.21023290300000003,1759158510.681232903,/mocap/xwing/pose.pose.position.z,1.5207898572264709
0.220229416,1759158510.691229416,/mocap/xwing/pose.pose.position.z,1.5215290919354365
0.230234875,1759158510.701234875,/mocap/xwing/pose.pose.position.z,1.522112691708972
0.24024182500000002,1759158510.711241825,/mocap/xwing/pose.pose.position.z,1.5224973281911802
0.250237973,1759158510.721237973,/mocap/xwing/pose.pose.position.z,1.5232182535163838
0.260237663,1759158510.731237663,/mocap/xwing/pose.pose.position.z,1.5237831661409338
0.270243493,1759158510.741243493,/mocap/xwing/pose.pose.position.z,1.524055689740699
0.28023574,1759158510.751235740,/mocap/xwing/pose.pose.position.z,1.5249210705380112
0.29023849700000004,1759158510.761238497,/mocap/xwing/pose.pose.position.z,1.5254587783524312
0.30023406,1759158510.771234060,/mocap/xwing/pose.pose.position.z,1.5258528591874596
0.31023234800000005,1759158510.781232348,/mocap/xwing/pose.pose.position.z,1.5265072197908502
0.320245608,1759158510.791245608,/mocap/xwing/pose.pose.position.z,1.5270925986315333
0.33023603900000004,1759158510.801236039,/mocap/xwing/pose.pose.position.z,1.5276156615782277
0.340242453,1759158510.811242453,/mocap/xwing/pose.pose.position.z,1.5278658006981647
0.35023676600000003,1759158510.821236766,/mocap/xwing/pose.pose.position.z,1.528639824937849
0.36023803800000004,1759158510.831238038,/mocap/xwing/pose.pose.position.z,1.5290914847275554
0.37023573600000004,1759158510.841235736,/mocap/xwing/pose.pose.position.z,1.5295792053101525
0.380236145,1759158510.851236145,/mocap/xwing/pose.pose.position.z,1.5300483197853898
0.390235859,1759158510.861235859,/mocap/xwing/pose.pose.position.z,1.5303390980666927
0.40023520900000004,1759158510.871235209,/mocap/xwing/pose.pose.position.z,1.5309246537377343
0.410236855,1759158510.881236855,/mocap/xwing/pose.pose.position.z,1.5313556117840372
0.42023928000000005,1759158510.891239280,/mocap/xwing/pose.pose.position.z,1.5317775573446508
0.43023621,1759158510.901236210,/mocap/xwing/pose.pose.position.z,1.5321529813425008
0.44023896500000004,1759158510.911238965,/mocap/xwing/pose.pose.position.z,1.532421410002543
0.45023686700000004,1759158510.921236867,/mocap/xwing/pose.pose.position.z,1.5327921922805154
0.46024064600000003,1759158510.931240646,/mocap/xwing/pose.pose.position.z,1.5332466314511493
0.470241283,1759158510.941241283,/mocap/xwing/pose.pose.position.z,1.5336200443459727
0.480235206,1759158510.951235206,/mocap/xwing/pose.pose.position.z,1.5339531250824143
0.49023899800000004,1759158510.961238998,/mocap/xwing/pose.pose.position.z,1.5342495861685586
0.500240185,1759158510.971240185,/mocap/xwing/pose.pose.position.z,1.5345521082457725
0.5102360380000001,1759158510.981236038,/mocap/xwing/pose.pose.position.z,1.5347238716029608
0.5202384,1759158510.991238400,/mocap/xwing/pose.pose.position.z,1.5349093484174778
0.530239369,1759158511.001239369,/mocap/xwing/pose.pose.position.z,1.5353871981409377
0.540241951,1759158511.011241951,/mocap/xwing/pose.pose.position.z,1.5356734351554253
0.5502356030000001,1759158511.021235603,/mocap/xwing/pose.pose.position.z,1.5359123729835569
0.560239637,1759158511.031239637,/mocap/xwing/pose.pose.position.z,1.5361401557246266
0.570245781,1759158511.041245781,/mocap/xwing/pose.pose.position.z,1.5362760785753067
0.580239543,1759158511.051239543,/mocap/xwing/pose.pose.position.z,1.536452243188905
0.5902351210000001,1759158511.061235121,/mocap/xwing/pose.pose.position.z,1.5366666693620872
0.600233192,1759158511.071233192,/mocap/xwing/pose.pose.position.z,1.536895433650445
0.610234398,1759158511.081234398,/mocap/xwing/pose.pose.position.z,1.537217606895522
0.6202342190000001,1759158511.091234219,/mocap/xwing/pose.pose.position.z,1.5373884763035546
0.630233689,1759158511.101233689,/mocap/xwing/pose.pose.position.z,1.5375718675301078
0.6402377140000001,1759158511.111237714,/mocap/xwing/pose.pose.position.z,1.537737356438012
0.6502566190000001,1759158511.121256619,/mocap/xwing/pose.pose.position.z,1.5377055322470357
0.6602423980000001,1759158511.131242398,/mocap/xwing/pose.pose.position.z,1.5378993402369898
0.6702379420000001,1759158511.141237942,/mocap/xwing/pose.pose.position.z,1.539287282341379
0.6802342720000001,1759158511.151234272,/mocap/xwing/pose.pose.position.z,1.5394159798901115
0.690236151,1759158511.161236151,/mocap/xwing/pose.pose.position.z,1.5395565529136062
0.700277123,1759158511.171277123,/mocap/xwing/pose.pose.position.z,1.539654197809017
0.710242441,1759158511.181242441,/mocap/xwing/pose.pose.position.z,1.5386364462930187
0.720241028,1759158511.191241028,/mocap/xwing/pose.pose.position.z,1.5387286701015124
0.7302355580000001,1759158511.201235558,/mocap/xwing/pose.pose.position.z,1.538824611450383
0.740252063,1759158511.211252063,/mocap/xwing/pose.pose.position.z,1.5387829906530088
0.7502485480000001,1759158511.221248548,/mocap/xwing/pose.pose.position.z,1.539012909962996
0.7602378030000001,1759158511.231237803,/mocap/xwing/pose.pose.position.z,1.5391066684345631
0.7702369750000001,1759158511.241236975,/mocap/xwing/pose.pose.position.z,1.539206388821109
0.7802362540000001,1759158511.251236254,/mocap/xwing/pose.pose.position.z,1.5393055206625017
0.790235621,1759158511.261235621,/mocap/xwing/pose.pose.position.z,1.539230377834411
0.800233536,1759158511.271233536,/mocap/xwing/pose.pose.position.z,1.5392959782429294
0.81024003,1759158511.281240030,/mocap/xwing/pose.pose.position.z,1.5393780758809885
0.820235365,1759158511.291235365,/mocap/xwing/pose.pose.position.z,1.5396250656913475
0.8302330880000001,1759158511.301233088,/mocap/xwing/pose.pose.position.z,1.5395051508150464
0.840252281,1759158511.311252281,/mocap/xwing/pose.pose.position.z,1.5397126720830043
0.8502365930000001,1759158511.321236593,/mocap/xwing/pose.pose.position.z,1.5397931872995132
0.860272102,1759158511.331272102,/mocap/xwing/pose.pose.position.z,1.539840779419731
0.8702796960000001,1759158511.341279696,/mocap/xwing/pose.pose.position.z,1.5398934364678334
0.880238976,1759158511.351238976,/mocap/xwing/pose.pose.position.z,1.5399290232882896
0.8902638850000001,1759158511.361263885,/mocap/xwing/pose.pose.position.z,1.5399661169741141
0.900233237,1759158511.371233237,/mocap/xwing/pose.pose.position.z,1.5399709575634704
0.9102338270000001,1759158511.381233827,/mocap/xwing/pose.pose.position.z,1.5399983609027454
0.920237921,1759158511.391237921,/mocap/xwing/pose.pose.position.z,1.5400200232598238
0.9302374370000001,1759158511.401237437,/mocap/xwing/pose.pose.position.z,1.5398443282045475
0.9402550550000001,1759158511.411255055,/mocap/xwing/pose.pose.position.z,1.539787213837643
0.9502379270000001,1759158511.421237927,/mocap/xwing/pose.pose.position.z,1.5399362054649142
0.9602355020000001,1759158511.431235502,/mocap/xwing/pose.pose.position.z,1.5398898525598066
0.9702504510000001,1759158511.441250451,/mocap/xwing/pose.pose.position.z,1.539793738969678
0.980271757,1759158511.451271757,/mocap/xwing/pose.pose.position.z,1.5397197389466388
0.990273429,1759158511.461273429,/mocap/xwing/pose.pose.position.z,1.539452523786641
1.000239063,1759158511.471239063,/mocap/xwing/pose.pose.position.z,1.539517702621463
1.010239721,1759158511.481239721,/mocap/xwing/pose.pose.position.z,1.5393721603835067
1.020236831,1759158511.491236831,/mocap/xwing/pose.pose.position.z,1.5392523352841638
1.030234548,1759158511.501234548,/mocap/xwing/pose.pose.position.z,1.5391309703548595
1.040242677,1759158511.511242677,/mocap/xwing/pose.pose.position.z,1.53897965771659
1.050235302,1759158511.521235302,/mocap/xwing/pose.pose.position.z,1.539469592560471
1.060236442,1759158511.531236442,/mocap/xwing/pose.pose.position.z,1.5393521481000936
1.070233637,1759158511.541233637,/mocap/xwing/pose.pose.position.z,1.539198920866368
1.080234267,1759158511.551234267,/mocap/xwing/pose.pose.position.z,1.5390240749457729
1.090235467,1759158511.561235467,/mocap/xwing/pose.pose.position.z,1.53885066255711
1.100233225,1759158511.571233225,/mocap/xwing/pose.pose.position.z,1.5386926268744896
1.110243554,1759158511.581243554,/mocap/xwing/pose.pose.position.z,1.538522648201588
1.120233819,1759158511.591233819,/mocap/xwing/pose.pose.position.z,1.5383499752969378
1.130231341,1759158511.601231341,/mocap/xwing/pose.pose.position.z,1.5373185742214592
1.140279758,1759158511.611279758,/mocap/xwing/pose.pose.position.z,1.5371577497268463
1.150236003,1759158511.621236003,/mocap/xwing/pose.pose.position.z,1.5369672333052922
1.160235197,1759158511.631235197,/mocap/xwing/pose.pose.position.z,1.5367849071434119
1.170231173,1759158511.641231173,/mocap/xwing/pose.pose.position.z,1.536644643789619
1.18022971,1759158511.651229710,/mocap/xwing/pose.pose.position.z,1.536451074129977
1.190229291,1759158511.661229291,/mocap/xwing/pose.pose.position.z,1.536284415989882
1.200229467,1759158511.671229467,/mocap/xwing/pose.pose.position.z,1.5361401353602568
1.210230573,1759158511.681230573,/mocap/xwing/pose.pose.position.z,1.535962661479306
1.220233845,1759158511.691233845,/mocap/xwing/pose.pose.position.z,1.535789146836584
1.230267015,1759158511.701267015,/mocap/xwing/pose.pose.position.z,1.5356288215565208
1.240238786,1759158511.711238786,/mocap/xwing/pose.pose.position.z,1.5354847810338228
1.25023645,1759158511.721236450,/mocap/xwing/pose.pose.position.z,1.5353138727001399
1.260236541,1759158511.731236541,/mocap/xwing/pose.pose.position.z,1.5351489369318918
1.270200637,1759158511.741200637,/mocap/xwing/pose.pose.position.z,1.5350046595129212
1.280231452,1759158511.751231452,/mocap/xwing/pose.pose.position.z,1.534845733280682
1.290233404,1759158511.761233404,/mocap/xwing/pose.pose.position.z,1.5346602389370623
1.300228905,1759158511.771228905,/mocap/xwing/pose.pose.position.z,1.5345156934529647
1.310231788,1759158511.781231788,/mocap/xwing/pose.pose.position.z,1.5343650958272252
1.32022817,1759158511.791228170,/mocap/xwing/pose.pose.position.z,1.5341802755648666
1.330228792,1759158511.801228792,/mocap/xwing/pose.pose.position.z,1.5340365205006448
1.340254458,1759158511.811254458,/mocap/xwing/pose.pose.position.z,1.5338897693692015
1.350237127,1759158511.821237127,/mocap/xwing/pose.pose.position.z,1.5337621271248834
1.360234526,1759158511.831234526,/mocap/xwing/pose.pose.position.z,1.533592331877259
1.3702315330000001,1759158511.841231533,/mocap/xwing/pose.pose.position.z,1.5334526685157193
1.380256346,1759158511.851256346,/mocap/xwing/pose.pose.position.z,1.533348560215522
1.390260702,1759158511.861260702,/mocap/xwing/pose.pose.position.z,1.5331932528871588
1.400239799,1759158511.871239799,/mocap/xwing/pose.pose.position.z,1.5330343674173632
1.410233981,1759158511.881233981,/mocap/xwing/pose.pose.position.z,1.5329273986838465
1.420236816,1759158511.891236816,/mocap/xwing/pose.pose.position.z,1.532816157074503
1.4302349140000001,1759158511.901234914,/mocap/xwing/pose.pose.position.z,1.5327026715396885
1.440237241,1759158511.911237241,/mocap/xwing/pose.pose.position.z,1.5326034356801541
1.4502345810000001,1759158511.921234581,/mocap/xwing/pose.pose.position.z,1.5325282716211037
1.460234091,1759158511.931234091,/mocap/xwing/pose.pose.position.z,1.532451328120229
1.470231536,1759158511.941231536,/mocap/xwing/pose.pose.position.z,1.53233662094586
1.480233874,1759158511.951233874,/mocap/xwing/pose.pose.position.z,1.5322642822476158
1.490233136,1759158511.961233136,/mocap/xwing/pose.pose.position.z,1.5321997148239006
1.50023356,1759158511.971233560,/mocap/xwing/pose.pose.position.z,1.5321144692320035
1.510235497,1759158511.981235497,/mocap/xwing/pose.pose.position.z,1.5320428418150933
1.520233819,1759158511.991233819,/mocap/xwing/pose.pose.position.z,1.5319922336181646
1.530234349,1759158512.001234349,/mocap/xwing/pose.pose.position.z,1.531931159255365
1.54024085,1759158512.011240850,/mocap/xwing/pose.pose.position.z,1.5318350086471482
1.550234969,1759158512.021234969,/mocap/xwing/pose.pose.position.z,1.5317979551781948
1.560230083,1759158512.031230083,/mocap/xwing/pose.pose.position.z,1.531739034164142
1.570225051,1759158512.041225051,/mocap/xwing/pose.pose.position.z,1.5316718756746528
1.5802429180000002,1759158512.051242918,/mocap/xwing/pose.pose.position.z,1.5316007857518923
1.590224493,1759158512.061224493,/mocap/xwing/pose.pose.position.z,1.53156136499306
1.600225467,1759158512.071225467,/mocap/xwing/pose.pose.position.z,1.531538625702339
1.610227367,1759158512.081227367,/mocap/xwing/pose.pose.position.z,1.5314646801378735
1.620266996,1759158512.091266996,/mocap/xwing/pose.pose.position.z,1.5314374160178577
1.630228829,1759158512.101228829,/mocap/xwing/pose.pose.position.z,1.5314492662515096
1.6402347910000001,1759158512.111234791,/mocap/xwing/pose.pose.position.z,1.5314120718402473
1.6502458830000002,1759158512.121245883,/mocap/xwing/pose.pose.position.z,1.5313915340283755
1.66022474,1759158512.131224740,/mocap/xwing/pose.pose.position.z,1.531434295447112
1.670225005,1759158512.141225005,/mocap/xwing/pose.pose.position.z,1.5314644989791149
1.680224446,1759158512.151224446,/mocap/xwing/pose.pose.position.z,1.531465456104106
1.6902241199999999,1759158512.161224120,/mocap/xwing/pose.pose.position.z,1.5314937386924385
1.700224063,1759158512.171224063,/mocap/xwing/pose.pose.position.z,1.5315932820499873
1.7102234850000002,1759158512.181223485,/mocap/xwing/pose.pose.position.z,1.5316461375116013
1.7202242170000002,1759158512.191224217,/mocap/xwing/pose.pose.position.z,1.5316651769541691
1.7302405840000001,1759158512.201240584,/mocap/xwing/pose.pose.position.z,1.5317576950632368
1.740229012,1759158512.211229012,/mocap/xwing/pose.pose.position.z,1.5318515951034675
1.750225895,1759158512.221225895,/mocap/xwing/pose.pose.position.z,1.5318951836169694
1.760263731,1759158512.231263731,/mocap/xwing/pose.pose.position.z,1.5319401076745245
1.770224476,1759158512.241224476,/mocap/xwing/pose.pose.position.z,1.532008582196054
1.7802231910000001,1759158512.251223191,/mocap/xwing/pose.pose.position.z,1.532078229948575
1.790257225,1759158512.261257225,/mocap/xwing/pose.pose.position.z,1.5321242858448259
1.8002509020000002,1759158512.271250902,/mocap/xwing/pose.pose.position.z,1.5321547991637885
1.81022982,1759158512.281229820,/mocap/xwing/pose.pose.position.z,1.5322229575782549
1.820224909,1759158512.291224909,/mocap/xwing/pose.pose.position.z,1.5323091439756955
1.830311827,1759158512.301311827,/mocap/xwing/pose.pose.position.z,1.5332423511523885
1.840235819,1759158512.311235819,/mocap/xwing/pose.pose.position.z,1.5333083083284558
1.850225042,1759158512.321225042,/mocap/xwing/pose.pose.position.z,1.5333839283843402
1.860223326,1759158512.331223326,/mocap/xwing/pose.pose.position.z,1.5334135598226812
1.870223347,1759158512.341223347,/mocap/xwing/pose.pose.position.z,1.5334397626378953
1.8802250210000002,1759158512.351225021,/mocap/xwing/pose.pose.position.z,1.5335014429408171
1.8902245770000001,1759158512.361224577,/mocap/xwing/pose.pose.position.z,1.5335571256597964
1.900223568,1759158512.371223568,/mocap/xwing/pose.pose.position.z,1.5335874723288534
1.910223174,1759158512.381223174,/mocap/xwing/pose.pose.position.z,1.5336357733224963
1.920222222,1759158512.391222222,/mocap/xwing/pose.pose.position.z,1.5336273924470452
1.930222832,1759158512.401222832,/mocap/xwing/pose.pose.position.z,1.5336636207824221
1.940227304,1759158512.411227304,/mocap/xwing/pose.pose.position.z,1.5336731107283819
1.950223819,1759158512.421223819,/mocap/xwing/pose.pose.position.z,1.5337314946844793
1.9602230330000001,1759158512.431223033,/mocap/xwing/pose.pose.position.z,1.5337578752899008
1.970222132,1759158512.441222132,/mocap/xwing/pose.pose.position.z,1.5337755521490442
1.9802268610000002,1759158512.451226861,/mocap/xwing/pose.pose.position.z,1.5338041147743926
1.990222749,1759158512.461222749,/mocap/xwing/pose.pose.position.z,1.5338616374559892
2.00022531,1759158512.471225310,/mocap/xwing/pose.pose.position.z,1.5338499575141562
2.010222144,1759158512.481222144,/mocap/xwing/pose.pose.position.z,1.5330032440878238
2.020222077,1759158512.491222077,/mocap/xwing/pose.pose.position.z,1.5330383774447178
2.030223817,1759158512.501223817,/mocap/xwing/pose.pose.position.z,1.533065320291456
2.040267544,1759158512.511267544,/mocap/xwing/pose.pose.position.z,1.5330661656880296
2.050223312,1759158512.521223312,/mocap/xwing/pose.pose.position.z,1.533097017975118
2.060251209,1759158512.531251209,/mocap/xwing/pose.pose.position.z,1.5331477080751459
2.070240923,1759158512.541240923,/mocap/xwing/pose.pose.position.z,1.533140821967212
2.080222968,1759158512.551222968,/mocap/xwing/pose.pose.position.z,1.533156764121459
2.090221791,1759158512.561221791,/mocap/xwing/pose.pose.position.z,1.5331863884203347
2.100222413,1759158512.571222413,/mocap/xwing/pose.pose.position.z,1.5332070813491865
2.110226844,1759158512.581226844,/mocap/xwing/pose.pose.position.z,1.5332308672100015
2.12022532,1759158512.591225320,/mocap/xwing/pose.pose.position.z,1.5332308982837917
2.130223473,1759158512.601223473,/mocap/xwing/pose.pose.position.z,1.533257901470108
2.140237411,1759158512.611237411,/mocap/xwing/pose.pose.position.z,1.5332844433527433
2.150225937,1759158512.621225937,/mocap/xwing/pose.pose.position.z,1.5332803631996075
2.160226063,1759158512.631226063,/mocap/xwing/pose.pose.position.z,1.5333010136160132
2.170223082,1759158512.641223082,/mocap/xwing/pose.pose.position.z,1.5333460937591339
2.180223882,1759158512.651223882,/mocap/xwing/pose.pose.position.z,1.5333463705979213
2.190226888,1759158512.661226888,/mocap/xwing/pose.pose.position.z,1.5333790384407595
2.200225757,1759158512.671225757,/mocap/xwing/pose.pose.position.z,1.533403391112606
2.21022255,1759158512.681222550,/mocap/xwing/pose.pose.position.z,1.5334178271600276
2.220226992,1759158512.691226992,/mocap/xwing/pose.pose.position.z,1.533453254345955
2.230226514,1759158512.701226514,/mocap/xwing/pose.pose.position.z,1.5334616984157408
2.240230594,1759158512.711230594,/mocap/xwing/pose.pose.position.z,1.5334687508223657
2.250224339,1759158512.721224339,/mocap/xwing/pose.pose.position.z,1.5334786553286845
2.26022516,1759158512.731225160,/mocap/xwing/pose.pose.position.z,1.5334608957566012
2.270223464,1759158512.741223464,/mocap/xwing/pose.pose.position.z,1.5334755788329115
2.280223337,1759158512.751223337,/mocap/xwing/pose.pose.position.z,1.5334621608511636
2.29024931,1759158512.761249310,/mocap/xwing/pose.pose.position.z,1.5334253563898423
2.300224824,1759158512.771224824,/mocap/xwing/pose.pose.position.z,1.533375510089949
2.310261208,1759158512.781261208,/mocap/xwing/pose.pose.position.z,1.5333528705450876
2.320228052,1759158512.791228052,/mocap/xwing/pose.pose.position.z,1.5332576660366846
2.330226258,1759158512.801226258,/mocap/xwing/pose.pose.position.z,1.533153107409549
2.340229083,1759158512.811229083,/mocap/xwing/pose.pose.position.z,1.5331238939619898
2.350226049,1759158512.821226049,/mocap/xwing/pose.pose.position.z,1.5330200846865587
2.360228144,1759158512.831228144,/mocap/xwing/pose.pose.position.z,1.5329025286114593
2.37022592,1759158512.841225920,/mocap/xwing/pose.pose.position.z,1.5332067431900314
2.380229803,1759158512.851229803,/mocap/xwing/pose.pose.position.z,1.5331246172817945
2.390268926,1759158512.861268926,/mocap/xwing/pose.pose.position.z,1.5329920336690552
2.400224976,1759158512.871224976,/mocap/xwing/pose.pose.position.z,1.5328417768794038
2.410223579,1759158512.881223579,/mocap/xwing/pose.pose.position.z,1.532772701300531
2.420222859,1759158512.891222859,/mocap/xwing/pose.pose.position.z,1.532662729237945
2.430226466,1759158512.901226466,/mocap/xwing/pose.pose.position.z,1.5325387676616042
2.440238333,1759158512.911238333,/mocap/xwing/pose.pose.position.z,1.5324829587740276
2.450226133,1759158512.921226133,/mocap/xwing/pose.pose.position.z,1.5323897161109192
2.460226391,1759158512.931226391,/mocap/xwing/pose.pose.position.z,1.532278468639715
2.47022555,1759158512.941225550,/mocap/xwing/pose.pose.position.z,1.5322112871269369
2.480225365,1759158512.951225365,/mocap/xwing/pose.pose.position.z,1.5321514998092045
2.490242148,1759158512.961242148,/mocap/xwing/pose.pose.position.z,1.5320883422580336
2.500224179,1759158512.971224179,/mocap/xwing/pose.pose.position.z,1.5320260326834385
2.5102234990000003,1759158512.981223499,/mocap/xwing/pose.pose.position.z,1.5320178478517763
2.52022676,1759158512.991226760,/mocap/xwing/pose.pose.position.z,1.5319754811913546
2.5302247490000003,1759158513.001224749,/mocap/xwing/pose.pose.position.z,1.5319559588601188
2.540231538,1759158513.011231538,/mocap/xwing/pose.pose.position.z,1.531906043769664
2.550225509,1759158513.021225509,/mocap/xwing/pose.pose.position.z,1.5319078288085988
2.5602277239999998,1759158513.031227724,/mocap/xwing/pose.pose.position.z,1.5319346710352362
2.570226687,1759158513.041226687,/mocap/xwing/pose.pose.position.z,1.5319634811879497
2.580224774,1759158513.051224774,/mocap/xwing/pose.pose.position.z,1.5320060748989472
2.590224702,1759158513.061224702,/mocap/xwing/pose.pose.position.z,1.5320589109610931
2.600224183,1759158513.071224183,/mocap/xwing/pose.pose.position.z,1.5321319338288846
2.610228249,1759158513.081228249,/mocap/xwing/pose.pose.position.z,1.5321915991388808
2.620223826,1759158513.091223826,/mocap/xwing/pose.pose.position.z,1.5322592045994599
2.630240562,1759158513.101240562,/mocap/xwing/pose.pose.position.z,1.532374255082655
2.640229698,1759158513.111229698,/mocap/xwing/pose.pose.position.z,1.5324331575580477
2.6502261799999998,1759158513.121226180,/mocap/xwing/pose.pose.position.z,1.532499066194442
2.660222995,1759158513.131222995,/mocap/xwing/pose.pose.position.z,1.5325923330093714
2.670223678,1759158513.141223678,/mocap/xwing/pose.pose.position.z,1.5326723159525735
2.680225548,1759158513.151225548,/mocap/xwing/pose.pose.position.z,1.532755616804934
2.6902244140000002,1759158513.161224414,/mocap/xwing/pose.pose.position.z,1.5328462542747292
2.70022287,1759158513.171222870,/mocap/xwing/pose.pose.position.z,1.532944426988847
2.710224655,1759158513.181224655,/mocap/xwing/pose.pose.position.z,1.533123696829575
2.720224561,1759158513.191224561,/mocap/xwing/pose.pose.position.z,1.533068762149274
2.730226048,1759158513.201226048,/mocap/xwing/pose.pose.position.z,1.53322053082829
2.74023481,1759158513.211234810,/mocap/xwing/pose.pose.position.z,1.5333227029728556
2.750223919,1759158513.221223919,/mocap/xwing/pose.pose.position.z,1.5333510648422362
2.760228176,1759158513.231228176,/mocap/xwing/pose.pose.position.z,1.533321716658896
2.770225393,1759158513.241225393,/mocap/xwing/pose.pose.position.z,1.5337295917372662
2.780225813,1759158513.251225813,/mocap/xwing/pose.pose.position.z,1.5339506055420815
2.790225679,1759158513.261225679,/mocap/xwing/pose.pose.position.z,1.5338151493187175
2.800224044,1759158513.271224044,/mocap/xwing/pose.pose.position.z,1.5350089211343159
2.8102259370000002,1759158513.281225937,/mocap/xwing/pose.pose.position.z,1.535374485404739
2.820224209,1759158513.291224209,/mocap/xwing/pose.pose.position.z,1.5354838374695654
2.8302258460000003,1759158513.301225846,/mocap/xwing/pose.pose.position.z,1.5358245330157827
2.8402316670000003,1759158513.311231667,/mocap/xwing/pose.pose.position.z,1.5356247996645478
2.850228362,1759158513.321228362,/mocap/xwing/pose.pose.position.z,1.5354782646044989
2.86022531,1759158513.331225310,/mocap/xwing/pose.pose.position.z,1.535411927227469
2.870225819,1759158513.341225819,/mocap/xwing/pose.pose.position.z,1.5355623427085894
2.880226562,1759158513.351226562,/mocap/xwing/pose.pose.position.z,1.5357032554170118
2.89022493,1759158513.361224930,/mocap/xwing/pose.pose.position.z,1.5357673820333617
2.900225443,1759158513.371225443,/mocap/xwing/pose.pose.position.z,1.5358676704318335
2.910228222,1759158513.381228222,/mocap/xwing/pose.pose.position.z,1.536109220221941
2.92022739,1759158513.391227390,/mocap/xwing/pose.pose.position.z,1.5362425693846646
2.930225462,1759158513.401225462,/mocap/xwing/pose.pose.position.z,1.5362915551148824
2.940230228,1759158513.411230228,/mocap/xwing/pose.pose.position.z,1.536479042270742
2.9502264240000002,1759158513.421226424,/mocap/xwing/pose.pose.position.z,1.5366196380013948
2.960224444,1759158513.431224444,/mocap/xwing/pose.pose.position.z,1.5366168151227972
2.970262135,1759158513.441262135,/mocap/xwing/pose.pose.position.z,1.5366600968897688
2.980227863,1759158513.451227863,/mocap/xwing/pose.pose.position.z,1.5366325590449585
2.990261796,1759158513.461261796,/mocap/xwing/pose.pose.position.z,1.5365834201531936
3.000279201,1759158513.471279201,/mocap/xwing/pose.pose.position.z,1.5363704780879808
3.010262727,1759158513.481262727,/mocap/xwing/pose.pose.position.z,1.536225086311624
3.020270144,1759158513.491270144,/mocap/xwing/pose.pose.position.z,1.535716253429938
3.030271189,1759158513.501271189,/mocap/xwing/pose.pose.position.z,1.535328466531359
3.040236448,1759158513.511236448,/mocap/xwing/pose.pose.position.z,1.5349706270359769
3.050234739,1759158513.521234739,/mocap/xwing/pose.pose.position.z,1.534526926914612
3.060226546,1759158513.531226546,/mocap/xwing/pose.pose.position.z,1.5341382711197502
3.070225273,1759158513.541225273,/mocap/xwing/pose.pose.position.z,1.53354190042867
3.080224012,1759158513.551224012,/mocap/xwing/pose.pose.position.z,1.5329188500557338
3.090223365,1759158513.561223365,/mocap/xwing/pose.pose.position.z,1.5323863003907738
3.100222959,1759158513.571222959,/mocap/xwing/pose.pose.position.z,1.531809014012916
3.110222393,1759158513.581222393,/mocap/xwing/pose.pose.position.z,1.5310828113211763
3.120224835,1759158513.591224835,/mocap/xwing/pose.pose.position.z,1.5304060279186271
3.130228434,1759158513.601228434,/mocap/xwing/pose.pose.position.z,1.5298007676534549
3.14026496,1759158513.611264960,/mocap/xwing/pose.pose.position.z,1.5289842273632017
3.150227568,1759158513.621227568,/mocap/xwing/pose.pose.position.z,1.5281720517370974
3.16022586,1759158513.631225860,/mocap/xwing/pose.pose.position.z,1.5272872519009453
3.170223634,1759158513.641223634,/mocap/xwing/pose.pose.position.z,1.5264902281076602
3.180223533,1759158513.651223533,/mocap/xwing/pose.pose.position.z,1.525698356507755
3.190223967,1759158513.661223967,/mocap/xwing/pose.pose.position.z,1.5249680376567276
3.20022796,1759158513.671227960,/mocap/xwing/pose.pose.position.z,1.5244067971055348
3.210223801,1759158513.681223801,/mocap/xwing/pose.pose.position.z,1.5237387290903452
3.22022472,1759158513.691224720,/mocap/xwing/pose.pose.position.z,1.523152509875859
3.230224463,1759158513.701224463,/mocap/xwing/pose.pose.position.z,1.5227655525585004
3.240231684,1759158513.711231684,/mocap/xwing/pose.pose.position.z,1.5223545809224135
3.250225752,1759158513.721225752,/mocap/xwing/pose.pose.position.z,1.521649085191255
3.260223862,1759158513.731223862,/mocap/xwing/pose.pose.position.z,1.5213491992062842
3.270224631,1759158513.741224631,/mocap/xwing/pose.pose.position.z,1.521352783782724
3.2802245,1759158513.751224500,/mocap/xwing/pose.pose.position.z,1.5207648505214837
3.290226655,1759158513.761226655,/mocap/xwing/pose.pose.position.z,1.5209624331582834
3.300225479,1759158513.771225479,/mocap/xwing/pose.pose.position.z,1.5212279541937308
3.310226257,1759158513.781226257,/mocap/xwing/pose.pose.position.z,1.5216860842736653
3.320226347,1759158513.791226347,/mocap/xwing/pose.pose.position.z,1.522447538664102
3.330224106,1759158513.801224106,/mocap/xwing/pose.pose.position.z,1.5232019583620893
3.340233238,1759158513.811233238,/mocap/xwing/pose.pose.position.z,1.5243317723036418
3.350228013,1759158513.821228013,/mocap/xwing/pose.pose.position.z,1.5259224815176489
3.360223998,1759158513.831223998,/mocap/xwing/pose.pose.position.z,1.5271980518138641
3.370224238,1759158513.841224238,/mocap/xwing/pose.pose.position.z,1.528597406576076
3.380224565,1759158513.851224565,/mocap/xwing/pose.pose.position.z,1.5307891832912848
3.390224607,1759158513.861224607,/mocap/xwing/pose.pose.position.z,1.5331335380292315
3.40022365,1759158513.871223650,/mocap/xwing/pose.pose.position.z,1.5362850957537932
3.410223026,1759158513.881223026,/mocap/xwing/pose.pose.position.z,1.5390667313488726
3.420224203,1759158513.891224203,/mocap/xwing/pose.pose.position.z,1.542209585873343
3.430225655,1759158513.901225655,/mocap/xwing/pose.pose.position.z,1.5457486464810501
3.440228322,1759158513.911228322,/mocap/xwing/pose.pose.position.z,1.5494618714054305
3.450224365,1759158513.921224365,/mocap/xwing/pose.pose.position.z,1.5531644261502549
3.460223149,1759158513.931223149,/mocap/xwing/pose.pose.position.z,1.557289853189641
3.470226082,1759158513.941226082,/mocap/xwing/pose.pose.position.z,1.5623415666176763
3.480222567,1759158513.951222567,/mocap/xwing/pose.pose.position.z,1.5671882441813416
3.490221612,1759158513.961221612,/mocap/xwing/pose.pose.position.z,1.5725147116900928
3.5002315250000002,1759158513.971231525,/mocap/xwing/pose.pose.position.z,1.5780425725472613
3.510222453,1759158513.981222453,/mocap/xwing/pose.pose.position.z,1.5838023760495408
3.520223632,1759158513.991223632,/mocap/xwing/pose.pose.position.z,1.5897051208565143
3.530223991,1759158514.001223991,/mocap/xwing/pose.pose.position.z,1.5953002301103563
3.5402338870000003,1759158514.011233887,/mocap/xwing/pose.pose.position.z,1.602185132826384
3.550224603,1759158514.021224603,/mocap/xwing/pose.pose.position.z,1.609096650433715
3.560222511,1759158514.031222511,/mocap/xwing/pose.pose.position.z,1.6158536789733389
3.570230112,1759158514.041230112,/mocap/xwing/pose.pose.position.z,1.6235188573638633
3.580224496,1759158514.051224496,/mocap/xwing/pose.pose.position.z,1.6304062781755233
3.590228601,1759158514.061228601,/mocap/xwing/pose.pose.position.z,1.6377692718401862
3.6002272250000003,1759158514.071227225,/mocap/xwing/pose.pose.position.z,1.6458056835949213
3.610227156,1759158514.081227156,/mocap/xwing/pose.pose.position.z,1.6528598897710784
3.620226019,1759158514.091226019,/mocap/xwing/pose.pose.position.z,1.6606985558895389
3.630225789,1759158514.101225789,/mocap/xwing/pose.pose.position.z,1.6679340348997866
3.640230131,1759158514.111230131,/mocap/xwing/pose.pose.position.z,1.6751702674711342
3.6502248760000002,1759158514.121224876,/mocap/xwing/pose.pose.position.z,1.6825599923684784
3.660263392,1759158514.131263392,/mocap/xwing/pose.pose.position.z,1.6892042673319965
3.670226615,1759158514.141226615,/mocap/xwing/pose.pose.position.z,1.6961277142711912
3.680225147,1759158514.151225147,/mocap/xwing/pose.pose.position.z,1.7031036749690946
3.690223928,1759158514.161223928,/mocap/xwing/pose.pose.position.z,1.710007416161513
3.700222363,1759158514.171222363,/mocap/xwing/pose.pose.position.z,1.7166566644914862
3.710223738,1759158514.181223738,/mocap/xwing/pose.pose.position.z,1.723062182090088
3.720223168,1759158514.191223168,/mocap/xwing/pose.pose.position.z,1.7295619081100146
3.730223035,1759158514.201223035,/mocap/xwing/pose.pose.position.z,1.7358349303491598
3.740234531,1759158514.211234531,/mocap/xwing/pose.pose.position.z,1.741701768678459
3.750224865,1759158514.221224865,/mocap/xwing/pose.pose.position.z,1.7472653090028678
3.760223809,1759158514.231223809,/mocap/xwing/pose.pose.position.z,1.7525528714942784
3.770225378,1759158514.241225378,/mocap/xwing/pose.pose.position.z,1.757439208367938
3.780223817,1759158514.251223817,/mocap/xwing/pose.pose.position.z,1.7623541237282034
3.790226463,1759158514.261226463,/mocap/xwing/pose.pose.position.z,1.766750482365883
3.8002264930000003,1759158514.271226493,/mocap/xwing/pose.pose.position.z,1.7707415970459708
3.810223025,1759158514.281223025,/mocap/xwing/pose.pose.position.z,1.7744614004103094
3.820224052,1759158514.291224052,/mocap/xwing/pose.pose.position.z,1.7779780474651097
3.830227464,1759158514.301227464,/mocap/xwing/pose.pose.position.z,1.7810640798863882
3.840234475,1759158514.311234475,/mocap/xwing/pose.pose.position.z,1.7837222514156224
3.850224826,1759158514.321224826,/mocap/xwing/pose.pose.position.z,1.7859543952818953
3.860221963,1759158514.331221963,/mocap/xwing/pose.pose.position.z,1.7879697697574395
3.8702247400000003,1759158514.341224740,/mocap/xwing/pose.pose.position.z,1.78961170661108
3.880224008,1759158514.351224008,/mocap/xwing/pose.pose.position.z,1.7908384081177453
3.890227707,1759158514.361227707,/mocap/xwing/pose.pose.position.z,1.7921420663968848
3.900225662,1759158514.371225662,/mocap/xwing/pose.pose.position.z,1.7925221461325223
3.91022471,1759158514.381224710,/mocap/xwing/pose.pose.position.z,1.7925701672954857
3.920224931,1759158514.391224931,/mocap/xwing/pose.pose.position.z,1.79228937080742
3.930225676,1759158514.401225676,/mocap/xwing/pose.pose.position.z,1.7916757153994973
3.940228152,1759158514.411228152,/mocap/xwing/pose.pose.position.z,1.7907734137007913
3.950225514,1759158514.421225514,/mocap/xwing/pose.pose.position.z,1.7895779504473612
3.9602227660000002,1759158514.431222766,/mocap/xwing/pose.pose.position.z,1.7880296839179977
3.970222832,1759158514.441222832,/mocap/xwing/pose.pose.position.z,1.78620299731953
3.980222778,1759158514.451222778,/mocap/xwing/pose.pose.position.z,1.7838961657322352
3.990224182,1759158514.461224182,/mocap/xwing/pose.pose.position.z,1.7814100372438249
4.000224611,1759158514.471224611,/mocap/xwing/pose.pose.position.z,1.7789014781589352
4.010223206,1759158514.481223206,/mocap/xwing/pose.pose.position.z,1.7756995757371095
4.020227086,1759158514.491227086,/mocap/xwing/pose.pose.position.z,1.7723932773292463
4.030224412,1759158514.501224412,/mocap/xwing/pose.pose.position.z,1.7689130541306672
4.040231101,1759158514.511231101,/mocap/xwing/pose.pose.position.z,1.7653158366153432
4.050227313,1759158514.521227313,/mocap/xwing/pose.pose.position.z,1.7619642418129369
4.060221596,1759158514.531221596,/mocap/xwing/pose.pose.position.z,1.757382677269788
4.070224734,1759158514.541224734,/mocap/xwing/pose.pose.position.z,1.7532112753584506
4.080225326,1759158514.551225326,/mocap/xwing/pose.pose.position.z,1.7485594587381872
4.090224827,1759158514.561224827,/mocap/xwing/pose.pose.position.z,1.7441859370006185
4.100223617,1759158514.571223617,/mocap/xwing/pose.pose.position.z,1.7393452729730325
4.110223115,1759158514.581223115,/mocap/xwing/pose.pose.position.z,1.7345376017926863
4.120254925,1759158514.591254925,/mocap/xwing/pose.pose.position.z,1.7295365190653587
4.130225524,1759158514.601225524,/mocap/xwing/pose.pose.position.z,1.7245384304761515
4.140261892,1759158514.611261892,/mocap/xwing/pose.pose.position.z,1.7194847413523868
4.15023907,1759158514.621239070,/mocap/xwing/pose.pose.position.z,1.714271374547619
4.160223534,1759158514.631223534,/mocap/xwing/pose.pose.position.z,1.7091878889693308
4.170223096,1759158514.641223096,/mocap/xwing/pose.pose.position.z,1.70398376147832
4.180224531,1759158514.651224531,/mocap/xwing/pose.pose.position.z,1.6985609355363316
4.190222705,1759158514.661222705,/mocap/xwing/pose.pose.position.z,1.693078024798179
4.200255614,1759158514.671255614,/mocap/xwing/pose.pose.position.z,1.6876978250213008
4.210250395,1759158514.681250395,/mocap/xwing/pose.pose.position.z,1.6824514444552858
4.220251854,1759158514.691251854,/mocap/xwing/pose.pose.position.z,1.6770066765186906
4.230253295,1759158514.701253295,/mocap/xwing/pose.pose.position.z,1.6714458316129432
4.240260397,1759158514.711260397,/mocap/xwing/pose.pose.position.z,1.6659586813809188
4.250248155,1759158514.721248155,/mocap/xwing/pose.pose.position.z,1.6600936351359028
4.260252628,1759158514.731252628,/mocap/xwing/pose.pose.position.z,1.6544883557358507
4.270227015,1759158514.741227015,/mocap/xwing/pose.pose.position.z,1.6487577894748777
4.280228059,1759158514.751228059,/mocap/xwing/pose.pose.position.z,1.6429672898700658
4.290226837,1759158514.761226837,/mocap/xwing/pose.pose.position.z,1.637363359501507
4.300228737,1759158514.771228737,/mocap/xwing/pose.pose.position.z,1.631785127561269
4.310228166,1759158514.781228166,/mocap/xwing/pose.pose.position.z,1.6260325902684185
4.320225753,1759158514.791225753,/mocap/xwing/pose.pose.position.z,1.6200910990629418
4.330250451,1759158514.801250451,/mocap/xwing/pose.pose.position.z,1.6147691866166138
4.340232443,1759158514.811232443,/mocap/xwing/pose.pose.position.z,1.6091052241186183
4.35022831,1759158514.821228310,/mocap/xwing/pose.pose.position.z,1.6034099061271534
4.3602252870000004,1759158514.831225287,/mocap/xwing/pose.pose.position.z,1.60011764207985
4.370226037,1759158514.841226037,/mocap/xwing/pose.pose.position.z,1.5946516511040087
4.3802263660000005,1759158514.851226366,/mocap/xwing/pose.pose.position.z,1.5892786133509007
4.390224128,1759158514.861224128,/mocap/xwing/pose.pose.position.z,1.5836933895568404
4.400225034,1759158514.871225034,/mocap/xwing/pose.pose.position.z,1.578249419564114
4.410224182,1759158514.881224182,/mocap/xwing/pose.pose.position.z,1.5727115261073008
4.420236047,1759158514.891236047,/mocap/xwing/pose.pose.position.z,1.5678179945762183
4.430227487,1759158514.901227487,/mocap/xwing/pose.pose.position.z,1.5626979074895473
4.440241072,1759158514.911241072,/mocap/xwing/pose.pose.position.z,1.557802290424473
4.450229566,1759158514.921229566,/mocap/xwing/pose.pose.position.z,1.5533282226842415
4.460224729,1759158514.931224729,/mocap/xwing/pose.pose.position.z,1.548867149958039
4.470224297,1759158514.941224297,/mocap/xwing/pose.pose.position.z,1.544404450835063
4.480225177,1759158514.951225177,/mocap/xwing/pose.pose.position.z,1.5401258905985973
4.490236795,1759158514.961236795,/mocap/xwing/pose.pose.position.z,1.536084566948865
4.500225775,1759158514.971225775,/mocap/xwing/pose.pose.position.z,1.5321745730723906
4.5102253260000005,1759158514.981225326,/mocap/xwing/pose.pose.position.z,1.5283191305721722
4.520224424,1759158514.991224424,/mocap/xwing/pose.pose.position.z,1.5243925620378407
4.530225218,1759158515.001225218,/mocap/xwing/pose.pose.position.z,1.5208469915473197
4.540233709,1759158515.011233709,/mocap/xwing/pose.pose.position.z,1.5166364084967747
4.550227311,1759158515.021227311,/mocap/xwing/pose.pose.position.z,1.51305126293759
4.560224259,1759158515.031224259,/mocap/xwing/pose.pose.position.z,1.5096737318316593
4.570225177,1759158515.041225177,/mocap/xwing/pose.pose.position.z,1.5064023970612728
4.580225426,1759158515.051225426,/mocap/xwing/pose.pose.position.z,1.5026153560442197
4.590229477,1759158515.061229477,/mocap/xwing/pose.pose.position.z,1.4988051855037356
4.600224318,1759158515.071224318,/mocap/xwing/pose.pose.position.z,1.4953391729532326
4.610226319,1759158515.081226319,/mocap/xwing/pose.pose.position.z,1.4920601297699243
4.620226567,1759158515.091226567,/mocap/xwing/pose.pose.position.z,1.4886702231542295
4.630226314,1759158515.101226314,/mocap/xwing/pose.pose.position.z,1.4850736384932037
4.640239806,1759158515.111239806,/mocap/xwing/pose.pose.position.z,1.4815744815262353
4.650254437,1759158515.121254437,/mocap/xwing/pose.pose.position.z,1.4777975701142783
4.660262208,1759158515.131262208,/mocap/xwing/pose.pose.position.z,1.4744643518374225
4.670225928,1759158515.141225928,/mocap/xwing/pose.pose.position.z,1.4711489124870962
4.680259941,1759158515.151259941,/mocap/xwing/pose.pose.position.z,1.4680164861224103
4.690225494,1759158515.161225494,/mocap/xwing/pose.pose.position.z,1.4649730598783708
4.700251831,1759158515.171251831,/mocap/xwing/pose.pose.position.z,1.4622071736516697
4.710229604,1759158515.181229604,/mocap/xwing/pose.pose.position.z,1.4593360560814552
4.720262569,1759158515.191262569,/mocap/xwing/pose.pose.position.z,1.4566747476749073
4.730261604,1759158515.201261604,/mocap/xwing/pose.pose.position.z,1.454269382133214
4.7402349390000005,1759158515.211234939,/mocap/xwing/pose.pose.position.z,1.4521007314383525
4.750228607,1759158515.221228607,/mocap/xwing/pose.pose.position.z,1.4501371916252823
4.760224432,1759158515.231224432,/mocap/xwing/pose.pose.position.z,1.4480457541127585
4.770255065,1759158515.241255065,/mocap/xwing/pose.pose.position.z,1.4465248693055806
4.780226281,1759158515.251226281,/mocap/xwing/pose.pose.position.z,1.4447600056476175
4.790225588,1759158515.261225588,/mocap/xwing/pose.pose.position.z,1.4434060361036787
4.800226584,1759158515.271226584,/mocap/xwing/pose.pose.position.z,1.4422615918760948
4.810225871,1759158515.281225871,/mocap/xwing/pose.pose.position.z,1.4414546156087933
4.82022521,1759158515.291225210,/mocap/xwing/pose.pose.position.z,1.4414295321983652
4.830256177,1759158515.301256177,/mocap/xwing/pose.pose.position.z,1.440993923461303
4.8402281170000006,1759158515.311228117,/mocap/xwing/pose.pose.position.z,1.4411832545063106
4.850225282,1759158515.321225282,/mocap/xwing/pose.pose.position.z,1.441462822781791
4.86022314,1759158515.331223140,/mocap/xwing/pose.pose.position.z,1.4420772584149617
4.870222269,1759158515.341222269,/mocap/xwing/pose.pose.position.z,1.4426971608714012
4.880248156,1759158515.351248156,/mocap/xwing/pose.pose.position.z,1.4433723164248229
4.890227663,1759158515.361227663,/mocap/xwing/pose.pose.position.z,1.4444290537578586
4.900224134,1759158515.371224134,/mocap/xwing/pose.pose.position.z,1.4457397330330617
4.910224846,1759158515.381224846,/mocap/xwing/pose.pose.position.z,1.447866512214346
4.920222821,1759158515.391222821,/mocap/xwing/pose.pose.position.z,1.4497570043913526
4.930222781,1759158515.401222781,/mocap/xwing/pose.pose.position.z,1.4514459312812344
4.940227674,1759158515.411227674,/mocap/xwing/pose.pose.position.z,1.4536088598523185
4.950252478,1759158515.421252478,/mocap/xwing/pose.pose.position.z,1.4554870077559485
4.960268618,1759158515.431268618,/mocap/xwing/pose.pose.position.z,1.4576660628471785
4.97025802,1759158515.441258020,/mocap/xwing/pose.pose.position.z,1.460225814311584
4.980251379,1759158515.451251379,/mocap/xwing/pose.pose.position.z,1.46278205071643
4.990195357,1759158515.461195357,/mocap/xwing/pose.pose.position.z,1.4652598549644587
5.000224013,1759158515.471224013,/mocap/xwing/pose.pose.position.z,1.4679960246512918
5.010225939,1759158515.481225939,/mocap/xwing/pose.pose.position.z,1.4708878406019448
5.020224428,1759158515.491224428,/mocap/xwing/pose.pose.position.z,1.4737984072212091
5.030257347,1759158515.501257347,/mocap/xwing/pose.pose.position.z,1.4766249820163297
5.04023081,1759158515.511230810,/mocap/xwing/pose.pose.position.z,1.4796265966108046
5.050225833,1759158515.521225833,/mocap/xwing/pose.pose.position.z,1.4824910479493212
5.060223791,1759158515.531223791,/mocap/xwing/pose.pose.position.z,1.4858187299885168
5.070224404,1759158515.541224404,/mocap/xwing/pose.pose.position.z,1.4887598645256837
5.080223413,1759158515.551223413,/mocap/xwing/pose.pose.position.z,1.491923680718404
5.0902411260000004,1759158515.561241126,/mocap/xwing/pose.pose.position.z,1.4949220166539956
5.100226321,1759158515.571226321,/mocap/xwing/pose.pose.position.z,1.4980000929305348
5.110261698,1759158515.581261698,/mocap/xwing/pose.pose.position.z,1.5010961563958753
5.120225,1759158515.591225000,/mocap/xwing/pose.pose.position.z,1.5040920162772455
5.13022407,1759158515.601224070,/mocap/xwing/pose.pose.position.z,1.507408727105317
5.140227713,1759158515.611227713,/mocap/xwing/pose.pose.position.z,1.5102997508173397
5.150253595,1759158515.621253595,/mocap/xwing/pose.pose.position.z,1.5131391662103326
5.160249311,1759158515.631249311,/mocap/xwing/pose.pose.position.z,1.5159861001377408
5.170224758,1759158515.641224758,/mocap/xwing/pose.pose.position.z,1.5189620407880544
5.180224468,1759158515.651224468,/mocap/xwing/pose.pose.position.z,1.5218418948272647
5.190223751,1759158515.661223751,/mocap/xwing/pose.pose.position.z,1.5249034431102584
5.20022373,1759158515.671223730,/mocap/xwing/pose.pose.position.z,1.5280440299081255
5.210223736,1759158515.681223736,/mocap/xwing/pose.pose.position.z,1.5311692227467049
5.220223116,1759158515.691223116,/mocap/xwing/pose.pose.position.z,1.5340053111709782
5.230254459,1759158515.701254459,/mocap/xwing/pose.pose.position.z,1.5369199877762836
5.240234944,1759158515.711234944,/mocap/xwing/pose.pose.position.z,1.5399896330989578
5.2502633880000005,1759158515.721263388,/mocap/xwing/pose.pose.position.z,1.543040829487713
5.260223027,1759158515.731223027,/mocap/xwing/pose.pose.position.z,1.5459916764232988
5.270253053,1759158515.741253053,/mocap/xwing/pose.pose.position.z,1.5489512760008541
5.280222961,1759158515.751222961,/mocap/xwing/pose.pose.position.z,1.551839560433511
5.290222877,1759158515.761222877,/mocap/xwing/pose.pose.position.z,1.5548701623347454
5.300263879,1759158515.771263879,/mocap/xwing/pose.pose.position.z,1.557828643029636
5.310265152,1759158515.781265152,/mocap/xwing/pose.pose.position.z,1.5606733350364783
5.320252454,1759158515.791252454,/mocap/xwing/pose.pose.position.z,1.563494176646714
5.330225908,1759158515.801225908,/mocap/xwing/pose.pose.position.z,1.5663298570356672
5.34023415,1759158515.811234150,/mocap/xwing/pose.pose.position.z,1.5689909838042264
5.350253561,1759158515.821253561,/mocap/xwing/pose.pose.position.z,1.571691346043279
5.360222769,1759158515.831222769,/mocap/xwing/pose.pose.position.z,1.5742343574966975
5.370226981,1759158515.841226981,/mocap/xwing/pose.pose.position.z,1.5767695886784114
5.38022372,1759158515.851223720,/mocap/xwing/pose.pose.position.z,1.5791900202921239
5.39022292,1759158515.861222920,/mocap/xwing/pose.pose.position.z,1.581332121726799
5.400236076,1759158515.871236076,/mocap/xwing/pose.pose.position.z,1.58368703475609
5.410222031,1759158515.881222031,/mocap/xwing/pose.pose.position.z,1.5858054676881106
5.420260124,1759158515.891260124,/mocap/xwing/pose.pose.position.z,1.5879538974029943
5.43024975,1759158515.901249750,/mocap/xwing/pose.pose.position.z,1.5900918245366702
5.44023763,1759158515.911237630,/mocap/xwing/pose.pose.position.z,1.5920246428797766
5.450227934,1759158515.921227934,/mocap/xwing/pose.pose.position.z,1.5938562976686246
5.460223888,1759158515.931223888,/mocap/xwing/pose.pose.position.z,1.5955821405888204
5.470250848,1759158515.941250848,/mocap/xwing/pose.pose.position.z,1.597274021717618
5.480222752,1759158515.951222752,/mocap/xwing/pose.pose.position.z,1.5986983017703984
5.490222141,1759158515.961222141,/mocap/xwing/pose.pose.position.z,1.600381581563383
5.500221526,1759158515.971221526,/mocap/xwing/pose.pose.position.z,1.6018177105413538
5.510225063,1759158515.981225063,/mocap/xwing/pose.pose.position.z,1.6031821448335026
5.520223675,1759158515.991223675,/mocap/xwing/pose.pose.position.z,1.604471165015587
5.53022882,1759158516.001228820,/mocap/xwing/pose.pose.position.z,1.605654884420379
5.540246767,1759158516.011246767,/mocap/xwing/pose.pose.position.z,1.6068211716917329
5.550228961,1759158516.021228961,/mocap/xwing/pose.pose.position.z,1.607875947126262
5.560224213,1759158516.031224213,/mocap/xwing/pose.pose.position.z,1.6088372598272616
5.570235241,1759158516.041235241,/mocap/xwing/pose.pose.position.z,1.6098104192506937
5.580224333,1759158516.051224333,/mocap/xwing/pose.pose.position.z,1.6104526608328307
5.590224235,1759158516.061224235,/mocap/xwing/pose.pose.position.z,1.6104750836973294
5.600224379,1759158516.071224379,/mocap/xwing/pose.pose.position.z,1.6111902911052294
5.610225161,1759158516.081225161,/mocap/xwing/pose.pose.position.z,1.6118512417783635
5.620229121,1759158516.091229121,/mocap/xwing/pose.pose.position.z,1.6124697876580971
5.630224185,1759158516.101224185,/mocap/xwing/pose.pose.position.z,1.6129829475824085
5.64023742,1759158516.111237420,/mocap/xwing/pose.pose.position.z,1.6135636359311427
5.650227169,1759158516.121227169,/mocap/xwing/pose.pose.position.z,1.6140199457263622
5.660227752,1759158516.131227752,/mocap/xwing/pose.pose.position.z,1.6144735152405243
5.670225934,1759158516.141225934,/mocap/xwing/pose.pose.position.z,1.6149088985309126
5.680223466,1759158516.151223466,/mocap/xwing/pose.pose.position.z,1.6152652228419058
5.690227284,1759158516.161227284,/mocap/xwing/pose.pose.position.z,1.6156568590510616
5.700264253,1759158516.171264253,/mocap/xwing/pose.pose.position.z,1.6159298078660576
5.710227083,1759158516.181227083,/mocap/xwing/pose.pose.position.z,1.616226964029402
5.720252548,1759158516.191252548,/mocap/xwing/pose.pose.position.z,1.6164128609865678
5.7302294830000005,1759158516.201229483,/mocap/xwing/pose.pose.position.z,1.6166020333145155
5.740230904,1759158516.211230904,/mocap/xwing/pose.pose.position.z,1.6167529988619689
5.750227741,1759158516.221227741,/mocap/xwing/pose.pose.position.z,1.6167787180148998
5.760224744,1759158516.231224744,/mocap/xwing/pose.pose.position.z,1.6168710420942423
5.770228305,1759158516.241228305,/mocap/xwing/pose.pose.position.z,1.6171216816060354
5.78023026,1759158516.251230260,/mocap/xwing/pose.pose.position.z,1.617148426694705
5.790227122,1759158516.261227122,/mocap/xwing/pose.pose.position.z,1.6171507329857722
5.80022709,1759158516.271227090,/mocap/xwing/pose.pose.position.z,1.6171905547097234
5.810230054,1759158516.281230054,/mocap/xwing/pose.pose.position.z,1.617209555163389
5.820225812,1759158516.291225812,/mocap/xwing/pose.pose.position.z,1.6171853957707603
5.830227806,1759158516.301227806,/mocap/xwing/pose.pose.position.z,1.6172459450582928
5.840230197,1759158516.311230197,/mocap/xwing/pose.pose.position.z,1.6172460955735142
5.85022877,1759158516.321228770,/mocap/xwing/pose.pose.position.z,1.6172108906767122
5.8602620850000005,1759158516.331262085,/mocap/xwing/pose.pose.position.z,1.6174535911373293
5.870226357,1759158516.341226357,/mocap/xwing/pose.pose.position.z,1.617254100152393
5.880231606,1759158516.351231606,/mocap/xwing/pose.pose.position.z,1.6172369951981644
5.890225971,1759158516.361225971,/mocap/xwing/pose.pose.position.z,1.6174124626917634
5.90026035,1759158516.371260350,/mocap/xwing/pose.pose.position.z,1.6174109996339372
5.910263346,1759158516.381263346,/mocap/xwing/pose.pose.position.z,1.6171797618156196
5.920229829,1759158516.391229829,/mocap/xwing/pose.pose.position.z,1.617303003838473
5.930223414,1759158516.401223414,/mocap/xwing/pose.pose.position.z,1.6172727872192327
5.940230923,1759158516.411230923,/mocap/xwing/pose.pose.position.z,1.617234100667722
5.950225681,1759158516.421225681,/mocap/xwing/pose.pose.position.z,1.6171411351220628
5.960225942,1759158516.431225942,/mocap/xwing/pose.pose.position.z,1.6170462104434267
5.970225374,1759158516.441225374,/mocap/xwing/pose.pose.position.z,1.616797311360003
5.980223288,1759158516.451223288,/mocap/xwing/pose.pose.position.z,1.6169159078209219
5.990223215,1759158516.461223215,/mocap/xwing/pose.pose.position.z,1.616745892892975
6.000227736,1759158516.471227736,/mocap/xwing/pose.pose.position.z,1.616663791596246
6.010223771,1759158516.481223771,/mocap/xwing/pose.pose.position.z,1.6165212962234086
6.020224734,1759158516.491224734,/mocap/xwing/pose.pose.position.z,1.6163734277387236
6.030262131,1759158516.501262131,/mocap/xwing/pose.pose.position.z,1.6162093104709834
6.040237954,1759158516.511237954,/mocap/xwing/pose.pose.position.z,1.6160325387187326
6.050265074,1759158516.521265074,/mocap/xwing/pose.pose.position.z,1.6158857077590925
6.06022924,1759158516.531229240,/mocap/xwing/pose.pose.position.z,1.6157065160200967
6.070261757,1759158516.541261757,/mocap/xwing/pose.pose.position.z,1.6155080034310858
6.080228293,1759158516.551228293,/mocap/xwing/pose.pose.position.z,1.6152640718561428
6.090226684,1759158516.561226684,/mocap/xwing/pose.pose.position.z,1.615022755583018
6.1002640360000004,1759158516.571264036,/mocap/xwing/pose.pose.position.z,1.6145955419683855
6.110263309,1759158516.581263309,/mocap/xwing/pose.pose.position.z,1.6144472102972554
6.120264814,1759158516.591264814,/mocap/xwing/pose.pose.position.z,1.614158101613755
6.130237512,1759158516.601237512,/mocap/xwing/pose.pose.position.z,1.6138388466801432
6.140271236,1759158516.611271236,/mocap/xwing/pose.pose.position.z,1.6134995072758815
6.150226586,1759158516.621226586,/mocap/xwing/pose.pose.position.z,1.6131752336763188
6.160226121,1759158516.631226121,/mocap/xwing/pose.pose.position.z,1.6127966784791303
6.170225468,1759158516.641225468,/mocap/xwing/pose.pose.position.z,1.612437796954434
6.180226578,1759158516.651226578,/mocap/xwing/pose.pose.position.z,1.6120404529546306
6.19023032,1759158516.661230320,/mocap/xwing/pose.pose.position.z,1.6116456306189075
6.200227566,1759158516.671227566,/mocap/xwing/pose.pose.position.z,1.611278757483771
6.210251479,1759158516.681251479,/mocap/xwing/pose.pose.position.z,1.6108379112720885
6.220256526,1759158516.691256526,/mocap/xwing/pose.pose.position.z,1.6104037565450025
6.230227856,1759158516.701227856,/mocap/xwing/pose.pose.position.z,1.6099859573699835
6.240229933,1759158516.711229933,/mocap/xwing/pose.pose.position.z,1.60948442926884
6.250251466,1759158516.721251466,/mocap/xwing/pose.pose.position.z,1.6089921015321789
6.260222883,1759158516.731222883,/mocap/xwing/pose.pose.position.z,1.6084931958480342
6.270254373,1759158516.741254373,/mocap/xwing/pose.pose.position.z,1.6079872702805627
6.280261256,1759158516.751261256,/mocap/xwing/pose.pose.position.z,1.6074208028300199
6.290229926,1759158516.761229926,/mocap/xwing/pose.pose.position.z,1.606721107115523
6.300263248,1759158516.771263248,/mocap/xwing/pose.pose.position.z,1.6061649665011355
6.310264043,1759158516.781264043,/mocap/xwing/pose.pose.position.z,1.6057465718290127
6.320266777,1759158516.791266777,/mocap/xwing/pose.pose.position.z,1.6051402601439204
6.330253382,1759158516.801253382,/mocap/xwing/pose.pose.position.z,1.6045214901863587
6.340231275,1759158516.811231275,/mocap/xwing/pose.pose.position.z,1.6039126530239565
6.350254735,1759158516.821254735,/mocap/xwing/pose.pose.position.z,1.6030519017292766
6.360226285,1759158516.831226285,/mocap/xwing/pose.pose.position.z,1.6025843550369248
6.370223626,1759158516.841223626,/mocap/xwing/pose.pose.position.z,1.6019103666067682
6.380223799,1759158516.851223799,/mocap/xwing/pose.pose.position.z,1.6012238211777436
6.390224133,1759158516.861224133,/mocap/xwing/pose.pose.position.z,1.600465346436808
6.400249799,1759158516.871249799,/mocap/xwing/pose.pose.position.z,1.5995081629497998
6.410250871,1759158516.881250871,/mocap/xwing/pose.pose.position.z,1.5989518461580832
6.420224601,1759158516.891224601,/mocap/xwing/pose.pose.position.z,1.5981456445725666
6.430259602,1759158516.901259602,/mocap/xwing/pose.pose.position.z,1.5973837746433797
6.440230613,1759158516.911230613,/mocap/xwing/pose.pose.position.z,1.5965900546794558
6.450257925,1759158516.921257925,/mocap/xwing/pose.pose.position.z,1.5957224218062633
6.460230641,1759158516.931230641,/mocap/xwing/pose.pose.position.z,1.5946796481316068
6.470225715,1759158516.941225715,/mocap/xwing/pose.pose.position.z,1.5940513152591458
6.4802258,1759158516.951225800,/mocap/xwing/pose.pose.position.z,1.5931637508037386
6.490223235,1759158516.961223235,/mocap/xwing/pose.pose.position.z,1.5922522289368943
6.50022223,1759158516.971222230,/mocap/xwing/pose.pose.position.z,1.5912889407674902
6.510223224,1759158516.981223224,/mocap/xwing/pose.pose.position.z,1.5903428751311801
6.520266144,1759158516.991266144,/mocap/xwing/pose.pose.position.z,1.5891636051227946
6.530227647,1759158517.001227647,/mocap/xwing/pose.pose.position.z,1.588287426753579
6.540232001,1759158517.011232001,/mocap/xwing/pose.pose.position.z,1.587051701666458
6.550229914,1759158517.021229914,/mocap/xwing/pose.pose.position.z,1.5862027655878972
6.560224235,1759158517.031224235,/mocap/xwing/pose.pose.position.z,1.5850927899632399
6.570230465,1759158517.041230465,/mocap/xwing/pose.pose.position.z,1.583905025034682
6.580234151,1759158517.051234151,/mocap/xwing/pose.pose.position.z,1.582743288646396
6.59022352,1759158517.061223520,/mocap/xwing/pose.pose.position.z,1.58133447291841
6.600224197,1759158517.071224197,/mocap/xwing/pose.pose.position.z,1.580260613718212
6.610227625,1759158517.081227625,/mocap/xwing/pose.pose.position.z,1.5787488808348127
6.620228046,1759158517.091228046,/mocap/xwing/pose.pose.position.z,1.5775659859059887
6.630222997,1759158517.101222997,/mocap/xwing/pose.pose.position.z,1.576228703137936
6.640230399,1759158517.111230399,/mocap/xwing/pose.pose.position.z,1.5747765695214835
6.650228557,1759158517.121228557,/mocap/xwing/pose.pose.position.z,1.5730607371701577
6.660237307,1759158517.131237307,/mocap/xwing/pose.pose.position.z,1.5718032603764862
6.670241386,1759158517.141241386,/mocap/xwing/pose.pose.position.z,1.5702532724882279
6.680239546,1759158517.151239546,/mocap/xwing/pose.pose.position.z,1.5686066458221815
6.690237715,1759158517.161237715,/mocap/xwing/pose.pose.position.z,1.5669987632724218
6.700237485,1759158517.171237485,/mocap/xwing/pose.pose.position.z,1.5651597152399814
6.710236639,1759158517.181236639,/mocap/xwing/pose.pose.position.z,1.5636053543031656
6.720244138,1759158517.191244138,/mocap/xwing/pose.pose.position.z,1.5618732980388605
6.730234696,1759158517.201234696,/mocap/xwing/pose.pose.position.z,1.5598887145377736
6.740251261,1759158517.211251261,/mocap/xwing/pose.pose.position.z,1.558247861137581
6.750243127,1759158517.221243127,/mocap/xwing/pose.pose.position.z,1.5561817694328115
6.760237504,1759158517.231237504,/mocap/xwing/pose.pose.position.z,1.5544621614082303
6.770234965,1759158517.241234965,/mocap/xwing/pose.pose.position.z,1.552509574424948
6.780228437,1759158517.251228437,/mocap/xwing/pose.pose.position.z,1.550540299909279
6.790259714,1759158517.261259714,/mocap/xwing/pose.pose.position.z,1.5484631273205007
6.800230496,1759158517.271230496,/mocap/xwing/pose.pose.position.z,1.5464084559117701
6.8102340120000004,1759158517.281234012,/mocap/xwing/pose.pose.position.z,1.5440554709459549
6.820259401,1759158517.291259401,/mocap/xwing/pose.pose.position.z,1.5421043187833323
6.830258711,1759158517.301258711,/mocap/xwing/pose.pose.position.z,1.5399091827812685
6.840286976,1759158517.311286976,/mocap/xwing/pose.pose.position.z,1.5374278130055967
6.850250078,1759158517.321250078,/mocap/xwing/pose.pose.position.z,1.5353764310961322
6.8602388780000005,1759158517.331238878,/mocap/xwing/pose.pose.position.z,1.533056805038997
6.870239325,1759158517.341239325,/mocap/xwing/pose.pose.position.z,1.530721975329101
6.880235342,1759158517.351235342,/mocap/xwing/pose.pose.position.z,1.5282984374214315
6.890252593,1759158517.361252593,/mocap/xwing/pose.pose.position.z,1.5256499607138736
6.900241692,1759158517.371241692,/mocap/xwing/pose.pose.position.z,1.5234045245097476
6.910236085,1759158517.381236085,/mocap/xwing/pose.pose.position.z,1.5206235398184909
6.92023482,1759158517.391234820,/mocap/xwing/pose.pose.position.z,1.5183137471722377
6.930253804,1759158517.401253804,/mocap/xwing/pose.pose.position.z,1.5156865062494749
6.940326426,1759158517.411326426,/mocap/xwing/pose.pose.position.z,1.5130252487290308
6.950235798,1759158517.421235798,/mocap/xwing/pose.pose.position.z,1.5103505121887357
6.960232403,1759158517.431232403,/mocap/xwing/pose.pose.position.z,1.5075755499318682
6.970232442,1759158517.441232442,/mocap/xwing/pose.pose.position.z,1.5048090482859544
6.980255548,1759158517.451255548,/mocap/xwing/pose.pose.position.z,1.501764159288814
6.990238662,1759158517.461238662,/mocap/xwing/pose.pose.position.z,1.4991168978141431
7.000264015,1759158517.471264015,/mocap/xwing/pose.pose.position.z,1.4962430020981863
7.010237556,1759158517.481237556,/mocap/xwing/pose.pose.position.z,1.4932872919599267
-0.008938117999999884,1759158510.462061882,/xwing/agiros_pilot/telemetry.reference.pose.position.z,1.4868119282048644
0.000238852,1759158510.471238852,/xwing/agiros_pilot/telemetry.reference.pose.position.z,1.4873659678915923
0.000238852,1759158510.471238852,/xwing/agiros_pilot/telemetry.reference.pose.position.z,1.4873659678915923
0.001054005,1759158510.472054005,/xwing/agiros_pilot/telemetry.reference.pose.position.z,1.4874144709788322
0.010231213000000001,1759158510.481231213,/xwing/agiros_pilot/telemetry.reference.pose.position.z,1.487952569014668
0.010231213000000001,1759158510.481231213,/xwing/agiros_pilot/telemetry.reference.pose.position.z,1.487952569014668
0.011043505,1759158510.482043505,/xwing/agiros_pilot/telemetry.reference.pose.position.z,1.4879994941596355
0.020230965,1759158510.491230965,/xwing/agiros_pilot/telemetry.reference.pose.position.z,1.4885223184275307
0.020230965,1759158510.491230965,/xwing/agiros_pilot/telemetry.reference.pose.position.z,1.4885223184275307
0.021033482000000003,1759158510.492033482,/xwing/agiros_pilot/telemetry.reference.pose.position.z,1.4885672969470136
0.030264572000000003,1759158510.501264572,/xwing/agiros_pilot/telemetry.reference.pose.position.z,1.4890767394113515
0.030264572000000003,1759158510.501264572,/xwing/agiros_pilot/telemetry.reference.pose.position.z,1.4890767394113515
0.031022505000000002,1759158510.502022505,/xwing/agiros_pilot/telemetry.reference.pose.position.z,1.4891179214830226
0.040252642000000005,1759158510.511252642,/xwing/agiros_pilot/telemetry.reference.pose.position.z,1.4896116070656682
0.040252642000000005,1759158510.511252642,/xwing/agiros_pilot/telemetry.reference.pose.position.z,1.4896116070656682
0.041014389000000005,1759158510.512014389,/xwing/agiros_pilot/telemetry.reference.pose.position.z,1.4896517054653424
0.050232128,1759158510.521232128,/xwing/agiros_pilot/telemetry.reference.pose.position.z,1.4901291800597178
0.050232128,1759158510.521232128,/xwing/agiros_pilot/telemetry.reference.pose.position.z,1.4901291800597178
0.05100269700000001,1759158510.522002697,/xwing/agiros_pilot/telemetry.reference.pose.position.z,1.490168449037693
0.060234026,1759158510.531234026,/xwing/agiros_pilot/telemetry.reference.pose.position.z,1.4906311823761613
0.060234026,1759158510.531234026,/xwing/agiros_pilot/telemetry.reference.pose.position.z,1.4906311823761613
0.060998396,1759158510.531998396,/xwing/agiros_pilot/telemetry.reference.pose.position.z,1.4906688621522262
0.064328865,1759158510.535328865,/xwing/agiros_pilot/telemetry.reference.pose.position.z,1.490831909273231
0.070232109,1759158510.541232109,/xwing/agiros_pilot/telemetry.reference.pose.position.z,1.491116412416532
0.070983843,1759158510.541983843,/xwing/agiros_pilot/telemetry.reference.pose.position.z,1.4911522304360083
0.08023496100000001,1759158510.551234961,/xwing/agiros_pilot/telemetry.reference.pose.position.z,1.491585455582192
0.08023496100000001,1759158510.551234961,/xwing/agiros_pilot/telemetry.reference.pose.position.z,1.491585455582192
0.080972628,1759158510.551972628,/xwing/agiros_pilot/telemetry.reference.pose.position.z,1.4916194001872891
0.090235905,1759158510.561235905,/xwing/agiros_pilot/telemetry.reference.pose.position.z,1.4920381724864975
0.090235905,1759158510.561235905,/xwing/agiros_pilot/telemetry.reference.pose.position.z,1.4920381724864975
0.090963081,1759158510.561963081,/xwing/agiros_pilot/telemetry.reference.pose.position.z,1.4920704618012146
0.10023422600000001,1759158510.571234226,/xwing/agiros_pilot/telemetry.reference.pose.position.z,1.4924747317094047
0.10023422600000001,1759158510.571234226,/xwing/agiros_pilot/telemetry.reference.pose.position.z,1.4924747317094047
0.10095305800000001,1759158510.571953058,/xwing/agiros_pilot/telemetry.reference.pose.position.z,1.4925055055591947
0.110241131,1759158510.581241131,/xwing/agiros_pilot/telemetry.reference.pose.position.z,1.4928958075310659
0.110241131,1759158510.581241131,/xwing/agiros_pilot/telemetry.reference.pose.position.z,1.4928958075310659
0.11094923400000001,1759158510.581949234,/xwing/agiros_pilot/telemetry.reference.pose.position.z,1.4929250078344452
0.120237545,1759158510.591237545,/xwing/agiros_pilot/telemetry.reference.pose.position.z,1.4933008099834304
0.120237545,1759158510.591237545,/xwing/agiros_pilot/telemetry.reference.pose.position.z,1.4933008099834304
0.12094231000000001,1759158510.591942310,/xwing/agiros_pilot/telemetry.reference.pose.position.z,1.4933287794038947
0.13023539,1759158510.601235390,/xwing/agiros_pilot/telemetry.reference.pose.position.z,1.4936904601095098
0.13023539,1759158510.601235390,/xwing/agiros_pilot/telemetry.reference.pose.position.z,1.4936904601095098
0.13092251200000002,1759158510.601922512,/xwing/agiros_pilot/telemetry.reference.pose.position.z,1.4937166792830885
0.140269474,1759158510.611269474,/xwing/agiros_pilot/telemetry.reference.pose.position.z,1.494066254226967
0.140269474,1759158510.611269474,/xwing/agiros_pilot/telemetry.reference.pose.position.z,1.494066254226967
0.14091272700000002,1759158510.611912727,/xwing/agiros_pilot/telemetry.reference.pose.position.z,1.4940898289672144
0.15023799300000001,1759158510.621237993,/xwing/agiros_pilot/telemetry.reference.pose.position.z,1.494424679654783
0.15023799300000001,1759158510.621237993,/xwing/agiros_pilot/telemetry.reference.pose.position.z,1.494424679654783
0.15091081,1759158510.621910810,/xwing/agiros_pilot/telemetry.reference.pose.position.z,1.4944483417372365
0.16023989100000002,1759158510.631239891,/xwing/agiros_pilot/telemetry.reference.pose.position.z,1.4947696081000048
0.16023989100000002,1759158510.631239891,/xwing/agiros_pilot/telemetry.reference.pose.position.z,1.4947696081000048
0.16089339600000002,1759158510.631893396,/xwing/agiros_pilot/telemetry.reference.pose.position.z,1.4947916386556253
0.164228872,1759158510.635228872,/xwing/agiros_pilot/telemetry.reference.pose.position.z,1.4949031223025564
0.16755862600000002,1759158510.638558626,/xwing/agiros_pilot/telemetry.reference.pose.position.z,1.4950128206589013
0.170882896,1759158510.641882896,/xwing/agiros_pilot/telemetry.reference.pose.position.z,1.495120759135461
0.174213842,1759158510.645213842,/xwing/agiros_pilot/telemetry.reference.pose.position.z,1.4952273413199404
0.180239157,1759158510.651239157,/xwing/agiros_pilot/telemetry.reference.pose.position.z,1.495416167869279
0.180875019,1759158510.651875019,/xwing/agiros_pilot/telemetry.reference.pose.position.z,1.4954357987615203
0.190237717,1759158510.661237717,/xwing/agiros_pilot/telemetry.reference.pose.position.z,1.4957183704613382
0.190237717,1759158510.661237717,/xwing/agiros_pilot/telemetry.reference.pose.position.z,1.4957183704613382
0.19086261200000001,1759158510.661862612,/xwing/agiros_pilot/telemetry.reference.pose.position.z,1.4957368010497805
0.194350676,1759158510.665350676,/xwing/agiros_pilot/telemetry.reference.pose.position.z,1.4958387001260087
0.20024176000000002,1759158510.671241760,/xwing/agiros_pilot/telemetry.reference.pose.position.z,1.496007061131932
0.20085545000000002,1759158510.671855450,/xwing/agiros_pilot/telemetry.reference.pose.position.z,1.4960243314566086
0.20418448800000003,1759158510.675184488,/xwing/agiros_pilot/telemetry.reference.pose.position.z,1.4961171405869462
0.210232929,1759158510.681232929,/xwing/agiros_pilot/telemetry.reference.pose.position.z,1.496282004478398
0.210847572,1759158510.681847572,/xwing/agiros_pilot/telemetry.reference.pose.position.z,1.496298488534651
0.214178518,1759158510.685178518,/xwing/agiros_pilot/telemetry.reference.pose.position.z,1.4963869625859296
0.22022934300000002,1759158510.691229343,/xwing/agiros_pilot/telemetry.reference.pose.position.z,1.4965440003759607
0.220835165,1759158510.691835165,/xwing/agiros_pilot/telemetry.reference.pose.position.z,1.496559463908269
0.230234818,1759158510.701234818,/xwing/agiros_pilot/telemetry.reference.pose.position.z,1.4967934135008123
0.230234818,1759158510.701234818,/xwing/agiros_pilot/telemetry.reference.pose.position.z,1.4967934135008123
0.23082371100000001,1759158510.701823711,/xwing/agiros_pilot/telemetry.reference.pose.position.z,1.4968076999514939
0.24024172200000002,1759158510.711241722,/xwing/agiros_pilot/telemetry.reference.pose.position.z,1.497030332779407
0.24024172200000002,1759158510.711241722,/xwing/agiros_pilot/telemetry.reference.pose.position.z,1.497030332779407
0.240814404,1759158510.711814404,/xwing/agiros_pilot/telemetry.reference.pose.position.z,1.497043518580729
0.244144873,1759158510.715144873,/xwing/agiros_pilot/telemetry.reference.pose.position.z,1.497119410992831
0.250237898,1759158510.721237898,/xwing/agiros_pilot/telemetry.reference.pose.position.z,1.4972547923996744
0.250803427,1759158510.721803427,/xwing/agiros_pilot/telemetry.reference.pose.position.z,1.497267132817078
0.254133657,1759158510.725133657,/xwing/agiros_pilot/telemetry.reference.pose.position.z,1.4973390330109468
0.26023765000000004,1759158510.731237650,/xwing/agiros_pilot/telemetry.reference.pose.position.z,1.4974674366998613
0.26079388000000003,1759158510.731793880,/xwing/agiros_pilot/telemetry.reference.pose.position.z,1.4974789219255407
0.264281229,1759158510.735281229,/xwing/agiros_pilot/telemetry.reference.pose.position.z,1.4975501165283338
0.270243601,1759158510.741243601,/xwing/agiros_pilot/telemetry.reference.pose.position.z,1.4976686195023814
0.27078314200000003,1759158510.741783142,/xwing/agiros_pilot/telemetry.reference.pose.position.z,1.4976791443779778
0.27411361100000003,1759158510.745113611,/xwing/agiros_pilot/telemetry.reference.pose.position.z,1.497743389306179
0.280235723,1759158510.751235723,/xwing/agiros_pilot/telemetry.reference.pose.position.z,1.4978582710752044
0.280775742,1759158510.751775742,/xwing/agiros_pilot/telemetry.reference.pose.position.z,1.4978682066752322
0.284104303,1759158510.755104303,/xwing/agiros_pilot/telemetry.reference.pose.position.z,1.4979287464811926
0.290238575,1759158510.761238575,/xwing/agiros_pilot/telemetry.reference.pose.position.z,1.4980371871946774
0.29076381100000004,1759158510.761763811,/xwing/agiros_pilot/telemetry.reference.pose.position.z,1.4980462855909786
0.300234035,1759158510.771234035,/xwing/agiros_pilot/telemetry.reference.pose.position.z,1.4982053664853783
0.300234035,1759158510.771234035,/xwing/agiros_pilot/telemetry.reference.pose.position.z,1.4982053664853783
0.300753311,1759158510.771753311,/xwing/agiros_pilot/telemetry.reference.pose.position.z,1.4982138201146327
0.310232357,1759158510.781232357,/xwing/agiros_pilot/telemetry.reference.pose.position.z,1.4983633206125
0.310232357,1759158510.781232357,/xwing/agiros_pilot/telemetry.reference.pose.position.z,1.4983633206125
0.310743765,1759158510.781743765,/xwing/agiros_pilot/telemetry.reference.pose.position.z,1.498371129800113
0.320245699,1759158510.791245699,/xwing/agiros_pilot/telemetry.reference.pose.position.z,1.498511550257488
0.320245699,1759158510.791245699,/xwing/agiros_pilot/telemetry.reference.pose.position.z,1.498511550257488
0.32073278800000005,1759158510.791732788,/xwing/agiros_pilot/telemetry.reference.pose.position.z,1.498518512376353
0.33023615300000003,1759158510.801236153,/xwing/agiros_pilot/telemetry.reference.pose.position.z,1.498649844064178
0.33023615300000003,1759158510.801236153,/xwing/agiros_pilot/telemetry.reference.pose.position.z,1.498649844064178
0.33072252700000004,1759158510.801722527,/xwing/agiros_pilot/telemetry.reference.pose.position.z,1.4986563379593418
0.34024234200000003,1759158510.811242342,/xwing/agiros_pilot/telemetry.reference.pose.position.z,1.4987790880273626
0.34024234200000003,1759158510.811242342,/xwing/agiros_pilot/telemetry.reference.pose.position.z,1.4987790880273626
0.34071298,1759158510.811712980,/xwing/agiros_pilot/telemetry.reference.pose.position.z,1.4987849443572938
0.350236849,1759158510.821236849,/xwing/agiros_pilot/telemetry.reference.pose.position.z,1.4988992648824235
0.350236849,1759158510.821236849,/xwing/agiros_pilot/telemetry.reference.pose.position.z,1.4988992648824235
0.35070486500000003,1759158510.821704865,/xwing/agiros_pilot/telemetry.reference.pose.position.z,1.4989046797770347
0.360238031,1759158510.831238031,/xwing/agiros_pilot/telemetry.reference.pose.position.z,1.4990109464234396
0.360238031,1759158510.831238031,/xwing/agiros_pilot/telemetry.reference.pose.position.z,1.4990109464234396
0.360692934,1759158510.831692934,/xwing/agiros_pilot/telemetry.reference.pose.position.z,1.4990158278746155
0.364022926,1759158510.835022926,/xwing/agiros_pilot/telemetry.reference.pose.position.z,1.4990510455981971
0.36735268000000004,1759158510.838352680,/xwing/agiros_pilot/telemetry.reference.pose.position.z,1.4990853626932346
0.37068410300000004,1759158510.841684103,/xwing/agiros_pilot/telemetry.reference.pose.position.z,1.4991188110311893
0.374012903,1759158510.845012903,/xwing/agiros_pilot/telemetry.reference.pose.position.z,1.4991513606874234
0.377344088,1759158510.848344088,/xwing/agiros_pilot/telemetry.reference.pose.position.z,1.499183073508405
0.380674318,1759158510.851674318,/xwing/agiros_pilot/telemetry.reference.pose.position.z,1.4992139299563194
0.384005264,1759158510.855005264,/xwing/agiros_pilot/telemetry.reference.pose.position.z,1.4992439583810626
0.390235857,1759158510.861235857,/xwing/agiros_pilot/telemetry.reference.pose.position.z,1.4992979303714893
0.390664534,1759158510.861664534,/xwing/agiros_pilot/telemetry.reference.pose.position.z,1.4993015401293441
0.40023513200000005,1759158510.871235132,/xwing/agiros_pilot/telemetry.reference.pose.position.z,1.499378747097321
0.40023513200000005,1759158510.871235132,/xwing/agiros_pilot/telemetry.reference.pose.position.z,1.499378747097321
0.400661425,1759158510.871661425,/xwing/agiros_pilot/telemetry.reference.pose.position.z,1.4993820378940015
0.403985933,1759158510.874985933,/xwing/agiros_pilot/telemetry.reference.pose.position.z,1.4994072777530316
0.410236792,1759158510.881236792,/xwing/agiros_pilot/telemetry.reference.pose.position.z,1.4994527340359767
0.41064258000000003,1759158510.881642580,/xwing/agiros_pilot/telemetry.reference.pose.position.z,1.4994555961904963
0.42023916600000005,1759158510.891239166,/xwing/agiros_pilot/telemetry.reference.pose.position.z,1.499520219571937
0.42023916600000005,1759158510.891239166,/xwing/agiros_pilot/telemetry.reference.pose.position.z,1.499520219571937
0.42063541800000004,1759158510.891635418,/xwing/agiros_pilot/telemetry.reference.pose.position.z,1.4995227638646347
0.430236296,1759158510.901236296,/xwing/agiros_pilot/telemetry.reference.pose.position.z,1.4995815096310547
0.430236296,1759158510.901236296,/xwing/agiros_pilot/telemetry.reference.pose.position.z,1.4995815096310547
0.430622534,1759158510.901622534,/xwing/agiros_pilot/telemetry.reference.pose.position.z,1.4995837586373535
0.440238909,1759158510.911238909,/xwing/agiros_pilot/telemetry.reference.pose.position.z,1.499637009229211
0.440238909,1759158510.911238909,/xwing/agiros_pilot/telemetry.reference.pose.position.z,1.499637009229211
0.44061918600000005,1759158510.911619186,/xwing/agiros_pilot/telemetry.reference.pose.position.z,1.499639008775018
0.45023675300000005,1759158510.921236753,/xwing/agiros_pilot/telemetry.reference.pose.position.z,1.4996869970906759
0.45023675300000005,1759158510.921236753,/xwing/agiros_pilot/telemetry.reference.pose.position.z,1.4996869970906759
0.45060368,1759158510.921603680,/xwing/agiros_pilot/telemetry.reference.pose.position.z,1.4996887316537293
0.46024055900000005,1759158510.931240559,/xwing/agiros_pilot/telemetry.reference.pose.position.z,1.4997318587948512
0.46024055900000005,1759158510.931240559,/xwing/agiros_pilot/telemetry.reference.pose.position.z,1.4997318587948512
0.46059246400000003,1759158510.931592464,/xwing/agiros_pilot/telemetry.reference.pose.position.z,1.4997333470744834
0.47024126400000005,1759158510.941241264,/xwing/agiros_pilot/telemetry.reference.pose.position.z,1.499771880139165
0.47024126400000005,1759158510.941241264,/xwing/agiros_pilot/telemetry.reference.pose.position.z,1.499771880139165
0.47058220300000003,1759158510.941582203,/xwing/agiros_pilot/telemetry.reference.pose.position.z,1.4997731633479559
0.48023529400000003,1759158510.951235294,/xwing/agiros_pilot/telemetry.reference.pose.position.z,1.4998073772990717
0.48023529400000003,1759158510.951235294,/xwing/agiros_pilot/telemetry.reference.pose.position.z,1.4998073772990717
0.48057337200000005,1759158510.951573372,/xwing/agiros_pilot/telemetry.reference.pose.position.z,1.4998085032622444
0.48406024400000003,1759158510.955060244,/xwing/agiros_pilot/telemetry.reference.pose.position.z,1.4998198402354677
0.49023910000000004,1759158510.961239100,/xwing/agiros_pilot/telemetry.reference.pose.position.z,1.4998387249599539
0.490563587,1759158510.961563587,/xwing/agiros_pilot/telemetry.reference.pose.position.z,1.499839675231829
0.500240282,1759158510.971240282,/xwing/agiros_pilot/telemetry.reference.pose.position.z,1.4998661920984582
0.500240282,1759158510.971240282,/xwing/agiros_pilot/telemetry.reference.pose.position.z,1.4998661920984582
0.5005526100000001,1759158510.971552610,/xwing/agiros_pilot/telemetry.reference.pose.position.z,1.4998669908801647
0.510235981,1759158510.981235981,/xwing/agiros_pilot/telemetry.reference.pose.position.z,1.4998900808843965
0.510235981,1759158510.981235981,/xwing/agiros_pilot/telemetry.reference.pose.position.z,1.4998900808843965
0.510544733,1759158510.981544733,/xwing/agiros_pilot/telemetry.reference.pose.position.z,1.499890765286391
0.5138737720000001,1759158510.984873772,/xwing/agiros_pilot/telemetry.reference.pose.position.z,1.499897949207785
0.520238356,1759158510.991238356,/xwing/agiros_pilot/telemetry.reference.pose.position.z,1.4999107178835112
0.5205337560000001,1759158510.991533756,/xwing/agiros_pilot/telemetry.reference.pose.position.z,1.499911280667551
0.5238706630000001,1759158510.994870663,/xwing/agiros_pilot/telemetry.reference.pose.position.z,1.4999174598680522
0.5302393000000001,1759158511.001239300,/xwing/agiros_pilot/telemetry.reference.pose.position.z,1.4999283739119915
0.5305280250000001,1759158511.001528025,/xwing/agiros_pilot/telemetry.reference.pose.position.z,1.4999288422608004
0.533854202,1759158511.004854202,/xwing/agiros_pilot/telemetry.reference.pose.position.z,1.499934077876902
0.540241913,1759158511.011241913,/xwing/agiros_pilot/telemetry.reference.pose.position.z,1.4999433358012502
0.540512995,1759158511.011512995,/xwing/agiros_pilot/telemetry.reference.pose.position.z,1.4999437063251675
0.543851332,1759158511.014851332,/xwing/agiros_pilot/telemetry.reference.pose.position.z,1.499948125359412
0.550235704,1759158511.021235704,/xwing/agiros_pilot/telemetry.reference.pose.position.z,1.4999558623288725
0.550507502,1759158511.021507502,/xwing/agiros_pilot/telemetry.reference.pose.position.z,1.4999561716799348
0.553834633,1759158511.024834633,/xwing/agiros_pilot/telemetry.reference.pose.position.z,1.4999598310699453
0.560239748,1759158511.031239748,/xwing/agiros_pilot/telemetry.reference.pose.position.z,1.4999662385880734
0.5604931870000001,1759158511.031493187,/xwing/agiros_pilot/telemetry.reference.pose.position.z,1.4999664755722146
0.563824371,1759158511.034824371,/xwing/agiros_pilot/telemetry.reference.pose.position.z,1.4999694782547073
0.567153887,1759158511.038153887,/xwing/agiros_pilot/telemetry.reference.pose.position.z,1.4999722771969233
0.570482449,1759158511.041482449,/xwing/agiros_pilot/telemetry.reference.pose.position.z,1.4999748820494554
0.573814825,1759158511.044814825,/xwing/agiros_pilot/telemetry.reference.pose.position.z,1.4999773049695673
0.577144579,1759158511.048144579,/xwing/agiros_pilot/telemetry.reference.pose.position.z,1.4999795496939772
0.58047934,1759158511.051479340,/xwing/agiros_pilot/telemetry.reference.pose.position.z,1.4999816295569786
0.583808855,1759158511.054808855,/xwing/agiros_pilot/telemetry.reference.pose.position.z,1.499983546386997
0.590235189,1759158511.061235189,/xwing/agiros_pilot/telemetry.reference.pose.position.z,1.4999868242930272
0.590463594,1759158511.061463594,/xwing/agiros_pilot/telemetry.reference.pose.position.z,1.4999869311067524
0.6002332730000001,1759158511.071233273,/xwing/agiros_pilot/telemetry.reference.pose.position.z,1.499990932055497
0.6002332730000001,1759158511.071233273,/xwing/agiros_pilot/telemetry.reference.pose.position.z,1.499990932055497
0.600454048,1759158511.071454048,/xwing/agiros_pilot/telemetry.reference.pose.position.z,1.4999910103948644
0.603784756,1759158511.074784756,/xwing/agiros_pilot/telemetry.reference.pose.position.z,1.4999921325996952
0.6102344550000001,1759158511.081234455,/xwing/agiros_pilot/telemetry.reference.pose.position.z,1.4999940072052904
0.6104425950000001,1759158511.081442595,/xwing/agiros_pilot/telemetry.reference.pose.position.z,1.4999940615662506
0.6137744940000001,1759158511.084774494,/xwing/agiros_pilot/telemetry.reference.pose.position.z,1.499994883052039
0.6202342070000001,1759158511.091234207,/xwing/agiros_pilot/telemetry.reference.pose.position.z,1.4999962324713567
0.620434002,1759158511.091434002,/xwing/agiros_pilot/telemetry.reference.pose.position.z,1.499996269461805
0.623765663,1759158511.094765663,/xwing/agiros_pilot/telemetry.reference.pose.position.z,1.49999684749192
0.6302337210000001,1759158511.101233721,/xwing/agiros_pilot/telemetry.reference.pose.position.z,1.4999977770011164
0.63042231,1759158511.101422310,/xwing/agiros_pilot/telemetry.reference.pose.position.z,1.4999978006014558
0.6337530170000001,1759158511.104753017,/xwing/agiros_pilot/telemetry.reference.pose.position.z,1.4999981875442845
0.640237764,1759158511.111237764,/xwing/agiros_pilot/telemetry.reference.pose.position.z,1.4999987933256906
0.6404213470000001,1759158511.111421347,/xwing/agiros_pilot/telemetry.reference.pose.position.z,1.4999988079083506
0.643750147,1759158511.114750147,/xwing/agiros_pilot/telemetry.reference.pose.position.z,1.499999050286493
0.65025659,1759158511.121256590,/xwing/agiros_pilot/telemetry.reference.pose.position.z,1.499999416161981
0.6504044090000001,1759158511.121404409,/xwing/agiros_pilot/telemetry.reference.pose.position.z,1.4999994230038214
0.660242514,1759158511.131242514,/xwing/agiros_pilot/telemetry.reference.pose.position.z,1.4999997599078416
0.660242514,1759158511.131242514,/xwing/agiros_pilot/telemetry.reference.pose.position.z,1.4999997599078416
0.6603934330000001,1759158511.131393433,/xwing/agiros_pilot/telemetry.reference.pose.position.z,1.499999763505734
0.663725094,1759158511.134725094,/xwing/agiros_pilot/telemetry.reference.pose.position.z,1.4999998331762903
0.6702379740000001,1759158511.141237974,/xwing/agiros_pilot/telemetry.reference.pose.position.z,1.4999999240533868
0.6703826940000001,1759158511.141382694,/xwing/agiros_pilot/telemetry.reference.pose.position.z,1.49999992551241
0.680234388,1759158511.151234388,/xwing/agiros_pilot/telemetry.reference.pose.position.z,1.4999999851348909
0.680234388,1759158511.151234388,/xwing/agiros_pilot/telemetry.reference.pose.position.z,1.4999999851348909
0.6803798240000001,1759158511.151379824,/xwing/agiros_pilot/telemetry.reference.pose.position.z,1.4999999855665425
0.6837093390000001,1759158511.154709339,/xwing/agiros_pilot/telemetry.reference.pose.position.z,1.4999999931303643
0.690236048,1759158511.161236048,/xwing/agiros_pilot/telemetry.reference.pose.position.z,1.4999999991133788
0.690362648,1759158511.161362648,/xwing/agiros_pilot/telemetry.reference.pose.position.z,1.4999999991585324
0.6936945480000001,1759158511.164694548,/xwing/agiros_pilot/telemetry.reference.pose.position.z,1.4999999998464684
0.7002770460000001,1759158511.171277046,/xwing/agiros_pilot/telemetry.reference.pose.position.z,1.5000000000000009
0.700354294,1759158511.171354294,/xwing/agiros_pilot/telemetry.reference.pose.position.z,1.5000000000000009
0.7036904850000001,1759158511.174690485,/xwing/agiros_pilot/telemetry.reference.pose.position.z,1.5000000000000009
0.7102424660000001,1759158511.181242466,/xwing/agiros_pilot/telemetry.reference.pose.position.z,1.5000000000000009
0.7103433170000001,1759158511.181343317,/xwing/agiros_pilot/telemetry.reference.pose.position.z,1.5000000000000009
0.713678793,1759158511.184678793,/xwing/agiros_pilot/telemetry.reference.pose.position.z,1.5000000000000009
0.7202410260000001,1759158511.191241026,/xwing/agiros_pilot/telemetry.reference.pose.position.z,1.5000000000000009
0.720333055,1759158511.191333055,/xwing/agiros_pilot/telemetry.reference.pose.position.z,1.5000000000000009
0.723663763,1759158511.194663763,/xwing/agiros_pilot/telemetry.reference.pose.position.z,1.5000000000000009
0.730235533,1759158511.201235533,/xwing/agiros_pilot/telemetry.reference.pose.position.z,1.5000000000000009
0.7303225560000001,1759158511.201322556,/xwing/agiros_pilot/telemetry.reference.pose.position.z,1.5000000000000009
0.73365374,1759158511.204653740,/xwing/agiros_pilot/telemetry.reference.pose.position.z,1.5000000000000009
0.7402519740000001,1759158511.211251974,/xwing/agiros_pilot/telemetry.reference.pose.position.z,1.5000000000000009
0.740312771,1759158511.211312771,/xwing/agiros_pilot/telemetry.reference.pose.position.z,1.5000000000000009
0.7502486270000001,1759158511.221248627,/xwing/agiros_pilot/telemetry.reference.pose.position.z,1.5000000000000009
0.7502486270000001,1759158511.221248627,/xwing/agiros_pilot/telemetry.reference.pose.position.z,1.5000000000000009
0.7504591500000001,1759158511.221459150,/xwing/agiros_pilot/telemetry.reference.pose.position.z,1.5000000000000009
0.760237888,1759158511.231237888,/xwing/agiros_pilot/telemetry.reference.pose.position.z,1.5000000000000009
0.760237888,1759158511.231237888,/xwing/agiros_pilot/telemetry.reference.pose.position.z,1.5000000000000009
0.760292963,1759158511.231292963,/xwing/agiros_pilot/telemetry.reference.pose.position.z,1.5000000000000009
0.7636239090000001,1759158511.234623909,/xwing/agiros_pilot/telemetry.reference.pose.position.z,1.5000000000000009
0.7702369250000001,1759158511.241236925,/xwing/agiros_pilot/telemetry.reference.pose.position.z,1.5000000000000009
0.7702827010000001,1759158511.241282701,/xwing/agiros_pilot/telemetry.reference.pose.position.z,1.5000000000000009
0.7736141240000001,1759158511.244614124,/xwing/agiros_pilot/telemetry.reference.pose.position.z,1.5000000000000009
0.77694364,1759158511.247943640,/xwing/agiros_pilot/telemetry.reference.pose.position.z,1.5000000000000009
0.780272678,1759158511.251272678,/xwing/agiros_pilot/telemetry.reference.pose.position.z,1.5000000000000009
0.783605055,1759158511.254605055,/xwing/agiros_pilot/telemetry.reference.pose.position.z,1.5000000000000009
0.78693457,1759158511.257934570,/xwing/agiros_pilot/telemetry.reference.pose.position.z,1.5000000000000009
0.790273623,1759158511.261273623,/xwing/agiros_pilot/telemetry.reference.pose.position.z,1.5000000000000009
0.793597654,1759158511.264597654,/xwing/agiros_pilot/telemetry.reference.pose.position.z,1.5000000000000009
0.800233559,1759158511.271233559,/xwing/agiros_pilot/telemetry.reference.pose.position.z,1.5000000000000009
0.8002533470000001,1759158511.271253347,/xwing/agiros_pilot/telemetry.reference.pose.position.z,1.5000000000000009
0.803584293,1759158511.274584293,/xwing/agiros_pilot/telemetry.reference.pose.position.z,1.5000000000000009
0.810239986,1759158511.281239986,/xwing/agiros_pilot/telemetry.reference.pose.position.z,1.5000000000000009
0.8102421320000001,1759158511.281242132,/xwing/agiros_pilot/telemetry.reference.pose.position.z,1.5000000000000009
0.813573078,1759158511.284573078,/xwing/agiros_pilot/telemetry.reference.pose.position.z,1.5000000000000009
0.8202354470000001,1759158511.291235447,/xwing/agiros_pilot/telemetry.reference.pose.position.z,1.5000000000000009
0.820236877,1759158511.291236877,/xwing/agiros_pilot/telemetry.reference.pose.position.z,1.5000000000000009
0.8235642470000001,1759158511.294564247,/xwing/agiros_pilot/telemetry.reference.pose.position.z,1.5000000000000009
0.830233053,1759158511.301233053,/xwing/agiros_pilot/telemetry.reference.pose.position.z,1.5000000000000009
0.830233053,1759158511.301233053,/xwing/agiros_pilot/telemetry.reference.pose.position.z,1.5000000000000009
0.83355637,1759158511.304556370,/xwing/agiros_pilot/telemetry.reference.pose.position.z,1.5000000000000009
0.840252356,1759158511.311252356,/xwing/agiros_pilot/telemetry.reference.pose.position.z,1.5000000000000009
0.840252356,1759158511.311252356,/xwing/agiros_pilot/telemetry.reference.pose.position.z,1.5000000000000009
0.843544201,1759158511.314544201,/xwing/agiros_pilot/telemetry.reference.pose.position.z,1.5000000000000009
0.8502366100000001,1759158511.321236610,/xwing/agiros_pilot/telemetry.reference.pose.position.z,1.5000000000000009
0.8502366100000001,1759158511.321236610,/xwing/agiros_pilot/telemetry.reference.pose.position.z,1.5000000000000009
0.8535377540000001,1759158511.324537754,/xwing/agiros_pilot/telemetry.reference.pose.position.z,1.5000000000000009
0.860272125,1759158511.331272125,/xwing/agiros_pilot/telemetry.reference.pose.position.z,1.5000000000000009
0.860272125,1759158511.331272125,/xwing/agiros_pilot/telemetry.reference.pose.position.z,1.5000000000000009
0.870279745,1759158511.341279745,/xwing/agiros_pilot/telemetry.reference.pose.position.z,1.5000000000000009
0.870279745,1759158511.341279745,/xwing/agiros_pilot/telemetry.reference.pose.position.z,1.5000000000000009
0.870279745,1759158511.341279745,/xwing/agiros_pilot/telemetry.reference.pose.position.z,1.5000000000000009
0.8802389660000001,1759158511.351238966,/xwing/agiros_pilot/telemetry.reference.pose.position.z,1.5000000000000009
0.8802389660000001,1759158511.351238966,/xwing/agiros_pilot/telemetry.reference.pose.position.z,1.5000000000000009
0.8802389660000001,1759158511.351238966,/xwing/agiros_pilot/telemetry.reference.pose.position.z,1.5000000000000009
0.89026399,1759158511.361263990,/xwing/agiros_pilot/telemetry.reference.pose.position.z,1.5000000000000009
0.89026399,1759158511.361263990,/xwing/agiros_pilot/telemetry.reference.pose.position.z,1.5000000000000009
0.89026399,1759158511.361263990,/xwing/agiros_pilot/telemetry.reference.pose.position.z,1.5000000000000009
0.900233225,1759158511.371233225,/xwing/agiros_pilot/telemetry.reference.pose.position.z,1.5000000000000009
0.900233225,1759158511.371233225,/xwing/agiros_pilot/telemetry.reference.pose.position.z,1.5000000000000009
0.900233225,1759158511.371233225,/xwing/agiros_pilot/telemetry.reference.pose.position.z,1.5000000000000009
0.910233931,1759158511.381233931,/xwing/agiros_pilot/telemetry.reference.pose.position.z,1.5000000000000009
0.910233931,1759158511.381233931,/xwing/agiros_pilot/telemetry.reference.pose.position.z,1.5000000000000009
0.910233931,1759158511.381233931,/xwing/agiros_pilot/telemetry.reference.pose.position.z,1.5000000000000009
0.913473085,1759158511.384473085,/xwing/agiros_pilot/telemetry.reference.pose.position.z,1.5000000000000009
0.9202379740000001,1759158511.391237974,/xwing/agiros_pilot/telemetry.reference.pose.position.z,1.5000000000000009
0.9202379740000001,1759158511.391237974,/xwing/agiros_pilot/telemetry.reference.pose.position.z,1.5000000000000009
0.9234633010000001,1759158511.394463301,/xwing/agiros_pilot/telemetry.reference.pose.position.z,1.5000000000000009
0.9302374880000001,1759158511.401237488,/xwing/agiros_pilot/telemetry.reference.pose.position.z,1.5000000000000009
0.9302374880000001,1759158511.401237488,/xwing/agiros_pilot/telemetry.reference.pose.position.z,1.5000000000000009
0.9334532780000001,1759158511.404453278,/xwing/agiros_pilot/telemetry.reference.pose.position.z,1.5000000000000009
0.9402551210000001,1759158511.411255121,/xwing/agiros_pilot/telemetry.reference.pose.position.z,1.5000000000000009
0.9402551210000001,1759158511.411255121,/xwing/agiros_pilot/telemetry.reference.pose.position.z,1.5000000000000009
0.943443731,1759158511.414443731,/xwing/agiros_pilot/telemetry.reference.pose.position.z,1.5000000000000009
0.9502379460000001,1759158511.421237946,/xwing/agiros_pilot/telemetry.reference.pose.position.z,1.5000000000000009
0.9502379460000001,1759158511.421237946,/xwing/agiros_pilot/telemetry.reference.pose.position.z,1.5000000000000009
0.9534339470000001,1759158511.424433947,/xwing/agiros_pilot/telemetry.reference.pose.position.z,1.5000000000000009
0.9602355520000001,1759158511.431235552,/xwing/agiros_pilot/telemetry.reference.pose.position.z,1.5000000000000009
0.9602355520000001,1759158511.431235552,/xwing/agiros_pilot/telemetry.reference.pose.position.z,1.5000000000000009
0.970250563,1759158511.441250563,/xwing/agiros_pilot/telemetry.reference.pose.position.z,1.5000000000000009
0.970250563,1759158511.441250563,/xwing/agiros_pilot/telemetry.reference.pose.position.z,1.5000000000000009
0.970250563,1759158511.441250563,/xwing/agiros_pilot/telemetry.reference.pose.position.z,1.5000000000000009
0.9734139,1759158511.444413900,/xwing/agiros_pilot/telemetry.reference.pose.position.z,1.5000000000000009
0.976748661,1759158511.447748661,/xwing/agiros_pilot/telemetry.reference.pose.position.z,1.5000000000000009
0.980073885,1759158511.451073885,/xwing/agiros_pilot/telemetry.reference.pose.position.z,1.5000000000000009
0.9834034,1759158511.454403400,/xwing/agiros_pilot/telemetry.reference.pose.position.z,1.5000000000000009
0.9867331540000001,1759158511.457733154,/xwing/agiros_pilot/telemetry.reference.pose.position.z,1.5000000000000009
0.990221933,1759158511.461221933,/xwing/agiros_pilot/telemetry.reference.pose.position.z,1.5000000000000009
0.9933981460000001,1759158511.464398146,/xwing/agiros_pilot/telemetry.reference.pose.position.z,1.5000000000000009
1.00023909,1759158511.471239090,/xwing/agiros_pilot/telemetry.reference.pose.position.z,1.5000000000000009
1.00023909,1759158511.471239090,/xwing/agiros_pilot/telemetry.reference.pose.position.z,1.5000000000000009
1.003384308,1759158511.474384308,/xwing/agiros_pilot/telemetry.reference.pose.position.z,1.5000000000000009
1.010239796,1759158511.481239796,/xwing/agiros_pilot/telemetry.reference.pose.position.z,1.5000000000000009
1.010239796,1759158511.481239796,/xwing/agiros_pilot/telemetry.reference.pose.position.z,1.5000000000000009
1.013373808,1759158511.484373808,/xwing/agiros_pilot/telemetry.reference.pose.position.z,1.5000000000000009
1.020236925,1759158511.491236925,/xwing/agiros_pilot/telemetry.reference.pose.position.z,1.5000000000000009
1.020236925,1759158511.491236925,/xwing/agiros_pilot/telemetry.reference.pose.position.z,1.5000000000000009
1.030234531,1759158511.501234531,/xwing/agiros_pilot/telemetry.reference.pose.position.z,1.5000000000000009
1.030234531,1759158511.501234531,/xwing/agiros_pilot/telemetry.reference.pose.position.z,1.5000000000000009
1.030234531,1759158511.501234531,/xwing/agiros_pilot/telemetry.reference.pose.position.z,1.5000000000000009
1.033354954,1759158511.504354954,/xwing/agiros_pilot/telemetry.reference.pose.position.z,1.5000000000000009
1.0402426280000001,1759158511.511242628,/xwing/agiros_pilot/telemetry.reference.pose.position.z,1.5000000000000009
1.0402426280000001,1759158511.511242628,/xwing/agiros_pilot/telemetry.reference.pose.position.z,1.5000000000000009
1.043343023,1759158511.514343023,/xwing/agiros_pilot/telemetry.reference.pose.position.z,1.5000000000000009
1.050235228,1759158511.521235228,/xwing/agiros_pilot/telemetry.reference.pose.position.z,1.5000000000000009
1.050235228,1759158511.521235228,/xwing/agiros_pilot/telemetry.reference.pose.position.z,1.5000000000000009
1.053334669,1759158511.524334669,/xwing/agiros_pilot/telemetry.reference.pose.position.z,1.5000000000000009
1.06023641,1759158511.531236410,/xwing/agiros_pilot/telemetry.reference.pose.position.z,1.5000000000000009
1.06023641,1759158511.531236410,/xwing/agiros_pilot/telemetry.reference.pose.position.z,1.5000000000000009
1.063323692,1759158511.534323692,/xwing/agiros_pilot/telemetry.reference.pose.position.z,1.5000000000000009
1.07023354,1759158511.541233540,/xwing/agiros_pilot/telemetry.reference.pose.position.z,1.5000000000000009
1.07023354,1759158511.541233540,/xwing/agiros_pilot/telemetry.reference.pose.position.z,1.5000000000000009
1.0733143840000001,1759158511.544314384,/xwing/agiros_pilot/telemetry.reference.pose.position.z,1.5000000000000009
1.080234245,1759158511.551234245,/xwing/agiros_pilot/telemetry.reference.pose.position.z,1.5000000000000009
1.080234245,1759158511.551234245,/xwing/agiros_pilot/telemetry.reference.pose.position.z,1.5000000000000009
1.083302931,1759158511.554302931,/xwing/agiros_pilot/telemetry.reference.pose.position.z,1.5000000000000009
1.090235428,1759158511.561235428,/xwing/agiros_pilot/telemetry.reference.pose.position.z,1.5000000000000009
1.090235428,1759158511.561235428,/xwing/agiros_pilot/telemetry.reference.pose.position.z,1.5000000000000009
1.093294577,1759158511.564294577,/xwing/agiros_pilot/telemetry.reference.pose.position.z,1.5000000000000009
1.100233273,1759158511.571233273,/xwing/agiros_pilot/telemetry.reference.pose.position.z,1.5000000000000009
1.100233273,1759158511.571233273,/xwing/agiros_pilot/telemetry.reference.pose.position.z,1.5000000000000009
1.103283361,1759158511.574283361,/xwing/agiros_pilot/telemetry.reference.pose.position.z,1.5000000000000009
1.110243515,1759158511.581243515,/xwing/agiros_pilot/telemetry.reference.pose.position.z,1.5000000000000009
1.110243515,1759158511.581243515,/xwing/agiros_pilot/telemetry.reference.pose.position.z,1.5000000000000009
1.1132740540000001,1759158511.584274054,/xwing/agiros_pilot/telemetry.reference.pose.position.z,1.5000000000000009
1.12023373,1759158511.591233730,/xwing/agiros_pilot/telemetry.reference.pose.position.z,1.5000000000000009
1.12023373,1759158511.591233730,/xwing/agiros_pilot/telemetry.reference.pose.position.z,1.5000000000000009
1.123263077,1759158511.594263077,/xwing/agiros_pilot/telemetry.reference.pose.position.z,1.5000000000000009
1.1302313370000001,1759158511.601231337,/xwing/agiros_pilot/telemetry.reference.pose.position.z,1.5000000000000009
1.1302313370000001,1759158511.601231337,/xwing/agiros_pilot/telemetry.reference.pose.position.z,1.5000000000000009
1.133253531,1759158511.604253531,/xwing/agiros_pilot/telemetry.reference.pose.position.z,1.5000000000000009
1.140279726,1759158511.611279726,/xwing/agiros_pilot/telemetry.reference.pose.position.z,1.5000000000000009
1.140279726,1759158511.611279726,/xwing/agiros_pilot/telemetry.reference.pose.position.z,1.5000000000000009
1.143243269,1759158511.614243269,/xwing/agiros_pilot/telemetry.reference.pose.position.z,1.5000000000000009
1.150236086,1759158511.621236086,/xwing/agiros_pilot/telemetry.reference.pose.position.z,1.5000000000000009
1.150236086,1759158511.621236086,/xwing/agiros_pilot/telemetry.reference.pose.position.z,1.5000000000000009
1.1532403979999999,1759158511.624240398,/xwing/agiros_pilot/telemetry.reference.pose.position.z,1.5000000000000009
1.160235123,1759158511.631235123,/xwing/agiros_pilot/telemetry.reference.pose.position.z,1.5000000000000009
1.160235123,1759158511.631235123,/xwing/agiros_pilot/telemetry.reference.pose.position.z,1.5000000000000009
1.163223938,1759158511.634223938,/xwing/agiros_pilot/telemetry.reference.pose.position.z,1.5000000000000009
1.17023106,1759158511.641231060,/xwing/agiros_pilot/telemetry.reference.pose.position.z,1.5000000000000009
1.17023106,1759158511.641231060,/xwing/agiros_pilot/telemetry.reference.pose.position.z,1.5000000000000009
1.173214153,1759158511.644214153,/xwing/agiros_pilot/telemetry.reference.pose.position.z,1.5000000000000009
1.18022962,1759158511.651229620,/xwing/agiros_pilot/telemetry.reference.pose.position.z,1.5000000000000009
1.18022962,1759158511.651229620,/xwing/agiros_pilot/telemetry.reference.pose.position.z,1.5000000000000009
1.183202938,1759158511.654202938,/xwing/agiros_pilot/telemetry.reference.pose.position.z,1.5000000000000009
1.1865315,1759158511.657531500,/xwing/agiros_pilot/telemetry.reference.pose.position.z,1.5000000000000009
1.189862923,1759158511.660862923,/xwing/agiros_pilot/telemetry.reference.pose.position.z,1.5000000000000009
1.1931955379999999,1759158511.664195538,/xwing/agiros_pilot/telemetry.reference.pose.position.z,1.5000000000000009
1.196523623,1759158511.667523623,/xwing/agiros_pilot/telemetry.reference.pose.position.z,1.5000000000000009
1.200229362,1759158511.671229362,/xwing/agiros_pilot/telemetry.reference.pose.position.z,1.5000000000000009
1.203183846,1759158511.674183846,/xwing/agiros_pilot/telemetry.reference.pose.position.z,1.5000000000000009
1.210230545,1759158511.681230545,/xwing/agiros_pilot/telemetry.reference.pose.position.z,1.5000000000000009
1.210230545,1759158511.681230545,/xwing/agiros_pilot/telemetry.reference.pose.position.z,1.5000000000000009
1.213173822,1759158511.684173822,/xwing/agiros_pilot/telemetry.reference.pose.position.z,1.5000000000000009
1.220233873,1759158511.691233873,/xwing/agiros_pilot/telemetry.reference.pose.position.z,1.5000000000000009
1.220233873,1759158511.691233873,/xwing/agiros_pilot/telemetry.reference.pose.position.z,1.5000000000000009
1.223163322,1759158511.694163322,/xwing/agiros_pilot/telemetry.reference.pose.position.z,1.5000000000000009
1.230267004,1759158511.701267004,/xwing/agiros_pilot/telemetry.reference.pose.position.z,1.5000000000000009
1.230267004,1759158511.701267004,/xwing/agiros_pilot/telemetry.reference.pose.position.z,1.5000000000000009
1.233153776,1759158511.704153776,/xwing/agiros_pilot/telemetry.reference.pose.position.z,1.5000000000000009
1.240238861,1759158511.711238861,/xwing/agiros_pilot/telemetry.reference.pose.position.z,1.5000000000000009
1.240238861,1759158511.711238861,/xwing/agiros_pilot/telemetry.reference.pose.position.z,1.5000000000000009
1.243143753,1759158511.714143753,/xwing/agiros_pilot/telemetry.reference.pose.position.z,1.5000000000000009
1.2502364670000001,1759158511.721236467,/xwing/agiros_pilot/telemetry.reference.pose.position.z,1.5000000000000009
1.2502364670000001,1759158511.721236467,/xwing/agiros_pilot/telemetry.reference.pose.position.z,1.5000000000000009
1.253134922,1759158511.724134922,/xwing/agiros_pilot/telemetry.reference.pose.position.z,1.5000000000000009
1.260236458,1759158511.731236458,/xwing/agiros_pilot/telemetry.reference.pose.position.z,1.5000000000000009
1.260236458,1759158511.731236458,/xwing/agiros_pilot/telemetry.reference.pose.position.z,1.5000000000000009
1.263123945,1759158511.734123945,/xwing/agiros_pilot/telemetry.reference.pose.position.z,1.5000000000000009
1.270200686,1759158511.741200686,/xwing/agiros_pilot/telemetry.reference.pose.position.z,1.5000000000000009
1.270200686,1759158511.741200686,/xwing/agiros_pilot/telemetry.reference.pose.position.z,1.5000000000000009
1.273113445,1759158511.744113445,/xwing/agiros_pilot/telemetry.reference.pose.position.z,1.5000000000000009
1.280231432,1759158511.751231432,/xwing/agiros_pilot/telemetry.reference.pose.position.z,1.5000000000000009
1.280231432,1759158511.751231432,/xwing/agiros_pilot/telemetry.reference.pose.position.z,1.5000000000000009
1.283102945,1759158511.754102945,/xwing/agiros_pilot/telemetry.reference.pose.position.z,1.5000000000000009
1.29023333,1759158511.761233330,/xwing/agiros_pilot/telemetry.reference.pose.position.z,1.5000000000000009
1.29023333,1759158511.761233330,/xwing/agiros_pilot/telemetry.reference.pose.position.z,1.5000000000000009
1.293094114,1759158511.764094114,/xwing/agiros_pilot/telemetry.reference.pose.position.z,1.5000000000000009
1.30022879,1759158511.771228790,/xwing/agiros_pilot/telemetry.reference.pose.position.z,1.5000000000000009
1.30022879,1759158511.771228790,/xwing/agiros_pilot/telemetry.reference.pose.position.z,1.5000000000000009
1.303083138,1759158511.774083138,/xwing/agiros_pilot/telemetry.reference.pose.position.z,1.5000000000000009
1.31023188,1759158511.781231880,/xwing/agiros_pilot/telemetry.reference.pose.position.z,1.5000000000000009
1.31023188,1759158511.781231880,/xwing/agiros_pilot/telemetry.reference.pose.position.z,1.5000000000000009
1.313074545,1759158511.784074545,/xwing/agiros_pilot/telemetry.reference.pose.position.z,1.5000000000000009
1.320228056,1759158511.791228056,/xwing/agiros_pilot/telemetry.reference.pose.position.z,1.5000000000000009
1.320228056,1759158511.791228056,/xwing/agiros_pilot/telemetry.reference.pose.position.z,1.5000000000000009
1.323065714,1759158511.794065714,/xwing/agiros_pilot/telemetry.reference.pose.position.z,1.5000000000000009
1.330228762,1759158511.801228762,/xwing/agiros_pilot/telemetry.reference.pose.position.z,1.5000000000000009
1.330228762,1759158511.801228762,/xwing/agiros_pilot/telemetry.reference.pose.position.z,1.5000000000000009
1.333054737,1759158511.804054737,/xwing/agiros_pilot/telemetry.reference.pose.position.z,1.5000000000000009
1.340254501,1759158511.811254501,/xwing/agiros_pilot/telemetry.reference.pose.position.z,1.5000000000000009
1.340254501,1759158511.811254501,/xwing/agiros_pilot/telemetry.reference.pose.position.z,1.5000000000000009
1.343043522,1759158511.814043522,/xwing/agiros_pilot/telemetry.reference.pose.position.z,1.5000000000000009
1.350237087,1759158511.821237087,/xwing/agiros_pilot/telemetry.reference.pose.position.z,1.5000000000000009
1.350237087,1759158511.821237087,/xwing/agiros_pilot/telemetry.reference.pose.position.z,1.5000000000000009
1.353034929,1759158511.824034929,/xwing/agiros_pilot/telemetry.reference.pose.position.z,1.5000000000000009
1.360234455,1759158511.831234455,/xwing/agiros_pilot/telemetry.reference.pose.position.z,1.5000000000000009
1.360234455,1759158511.831234455,/xwing/agiros_pilot/telemetry.reference.pose.position.z,1.5000000000000009
1.36302276,1759158511.834022760,/xwing/agiros_pilot/telemetry.reference.pose.position.z,1.5000000000000009
1.370231585,1759158511.841231585,/xwing/agiros_pilot/telemetry.reference.pose.position.z,1.5000000000000009
1.370231585,1759158511.841231585,/xwing/agiros_pilot/telemetry.reference.pose.position.z,1.5000000000000009
1.373014168,1759158511.844014168,/xwing/agiros_pilot/telemetry.reference.pose.position.z,1.5000000000000009
1.380256371,1759158511.851256371,/xwing/agiros_pilot/telemetry.reference.pose.position.z,1.5000000000000009
1.380256371,1759158511.851256371,/xwing/agiros_pilot/telemetry.reference.pose.position.z,1.5000000000000009
1.383006529,1759158511.854006529,/xwing/agiros_pilot/telemetry.reference.pose.position.z,1.5000000000000009
1.38633223,1759158511.857332230,/xwing/agiros_pilot/telemetry.reference.pose.position.z,1.5000000000000009
1.389663891,1759158511.860663891,/xwing/agiros_pilot/telemetry.reference.pose.position.z,1.5000000000000009
1.39299889,1759158511.863998890,/xwing/agiros_pilot/telemetry.reference.pose.position.z,1.5000000000000009
1.396323875,1759158511.867323875,/xwing/agiros_pilot/telemetry.reference.pose.position.z,1.5000000000000009
1.399657682,1759158511.870657682,/xwing/agiros_pilot/telemetry.reference.pose.position.z,1.5000000000000009
1.402983622,1759158511.873983622,/xwing/agiros_pilot/telemetry.reference.pose.position.z,1.5000000000000009
1.410233931,1759158511.881233931,/xwing/agiros_pilot/telemetry.reference.pose.position.z,1.5000000000000009
1.410233931,1759158511.881233931,/xwing/agiros_pilot/telemetry.reference.pose.position.z,1.5000000000000009
1.412975267,1759158511.883975267,/xwing/agiros_pilot/telemetry.reference.pose.position.z,1.5000000000000009
1.420236782,1759158511.891236782,/xwing/agiros_pilot/telemetry.reference.pose.position.z,1.5000000000000009
1.420236782,1759158511.891236782,/xwing/agiros_pilot/telemetry.reference.pose.position.z,1.5000000000000009
1.422963337,1759158511.893963337,/xwing/agiros_pilot/telemetry.reference.pose.position.z,1.5000000000000009
1.430234865,1759158511.901234865,/xwing/agiros_pilot/telemetry.reference.pose.position.z,1.5000000000000009
1.430234865,1759158511.901234865,/xwing/agiros_pilot/telemetry.reference.pose.position.z,1.5000000000000009
1.43295689,1759158511.903956890,/xwing/agiros_pilot/telemetry.reference.pose.position.z,1.5000000000000009
1.44023724,1759158511.911237240,/xwing/agiros_pilot/telemetry.reference.pose.position.z,1.5000000000000009
1.44023724,1759158511.911237240,/xwing/agiros_pilot/telemetry.reference.pose.position.z,1.5000000000000009
1.4429437680000001,1759158511.913943768,/xwing/agiros_pilot/telemetry.reference.pose.position.z,1.5000000000000009
1.4502346080000001,1759158511.921234608,/xwing/agiros_pilot/telemetry.reference.pose.position.z,1.5000000000000009
1.4502346080000001,1759158511.921234608,/xwing/agiros_pilot/telemetry.reference.pose.position.z,1.5000000000000009
1.452933506,1759158511.923933506,/xwing/agiros_pilot/telemetry.reference.pose.position.z,1.5000000000000009
1.460234121,1759158511.931234121,/xwing/agiros_pilot/telemetry.reference.pose.position.z,1.5000000000000009
1.460234121,1759158511.931234121,/xwing/agiros_pilot/telemetry.reference.pose.position.z,1.5000000000000009
1.4629220520000001,1759158511.933922052,/xwing/agiros_pilot/telemetry.reference.pose.position.z,1.5000000000000009
1.4702314890000001,1759158511.941231489,/xwing/agiros_pilot/telemetry.reference.pose.position.z,1.5000000000000009
1.4702314890000001,1759158511.941231489,/xwing/agiros_pilot/telemetry.reference.pose.position.z,1.5000000000000009
1.472915844,1759158511.943915844,/xwing/agiros_pilot/telemetry.reference.pose.position.z,1.5000000000000009
1.4802338640000001,1759158511.951233864,/xwing/agiros_pilot/telemetry.reference.pose.position.z,1.5000000000000009
1.4802338640000001,1759158511.951233864,/xwing/agiros_pilot/telemetry.reference.pose.position.z,1.5000000000000009
1.48290296,1759158511.953902960,/xwing/agiros_pilot/telemetry.reference.pose.position.z,1.5000000000000009
1.490233139,1759158511.961233139,/xwing/agiros_pilot/telemetry.reference.pose.position.z,1.5000000000000009
1.490233139,1759158511.961233139,/xwing/agiros_pilot/telemetry.reference.pose.position.z,1.5000000000000009
1.492893652,1759158511.963893652,/xwing/agiros_pilot/telemetry.reference.pose.position.z,1.5000000000000009
1.500233606,1759158511.971233606,/xwing/agiros_pilot/telemetry.reference.pose.position.z,1.5000000000000009
1.500233606,1759158511.971233606,/xwing/agiros_pilot/telemetry.reference.pose.position.z,1.5000000000000009
1.502882675,1759158511.973882675,/xwing/agiros_pilot/telemetry.reference.pose.position.z,1.5000000000000009
1.5102355040000002,1759158511.981235504,/xwing/agiros_pilot/telemetry.reference.pose.position.z,1.5000000000000009
1.5102355040000002,1759158511.981235504,/xwing/agiros_pilot/telemetry.reference.pose.position.z,1.5000000000000009
1.512874083,1759158511.983874083,/xwing/agiros_pilot/telemetry.reference.pose.position.z,1.5000000000000009
1.5202338260000001,1759158511.991233826,/xwing/agiros_pilot/telemetry.reference.pose.position.z,1.5000000000000009
1.5202338260000001,1759158511.991233826,/xwing/agiros_pilot/telemetry.reference.pose.position.z,1.5000000000000009
1.522869305,1759158511.993869305,/xwing/agiros_pilot/telemetry.reference.pose.position.z,1.5000000000000009
1.530234293,1759158512.001234293,/xwing/agiros_pilot/telemetry.reference.pose.position.z,1.5000000000000009
1.530234293,1759158512.001234293,/xwing/agiros_pilot/telemetry.reference.pose.position.z,1.5000000000000009
1.532861904,1759158512.003861904,/xwing/agiros_pilot/telemetry.reference.pose.position.z,1.5000000000000009
1.5402409590000001,1759158512.011240959,/xwing/agiros_pilot/telemetry.reference.pose.position.z,1.5000000000000009
1.5402409590000001,1759158512.011240959,/xwing/agiros_pilot/telemetry.reference.pose.position.z,1.5000000000000009
1.5428452049999999,1759158512.013845205,/xwing/agiros_pilot/telemetry.reference.pose.position.z,1.5000000000000009
1.550234989,1759158512.021234989,/xwing/agiros_pilot/telemetry.reference.pose.position.z,1.5000000000000009
1.550234989,1759158512.021234989,/xwing/agiros_pilot/telemetry.reference.pose.position.z,1.5000000000000009
1.552834467,1759158512.023834467,/xwing/agiros_pilot/telemetry.reference.pose.position.z,1.5000000000000009
1.560229973,1759158512.031229973,/xwing/agiros_pilot/telemetry.reference.pose.position.z,1.5000000000000009
1.560229973,1759158512.031229973,/xwing/agiros_pilot/telemetry.reference.pose.position.z,1.5000000000000009
1.562823729,1759158512.033823729,/xwing/agiros_pilot/telemetry.reference.pose.position.z,1.5000000000000009
1.5702249570000002,1759158512.041224957,/xwing/agiros_pilot/telemetry.reference.pose.position.z,1.5000000000000009
1.5702249570000002,1759158512.041224957,/xwing/agiros_pilot/telemetry.reference.pose.position.z,1.5000000000000009
1.572814898,1759158512.043814898,/xwing/agiros_pilot/telemetry.reference.pose.position.z,1.5000000000000009
1.580242828,1759158512.051242828,/xwing/agiros_pilot/telemetry.reference.pose.position.z,1.5000000000000009
1.580242828,1759158512.051242828,/xwing/agiros_pilot/telemetry.reference.pose.position.z,1.5000000000000009
1.582803444,1759158512.053803444,/xwing/agiros_pilot/telemetry.reference.pose.position.z,1.5000000000000009
1.590224461,1759158512.061224461,/xwing/agiros_pilot/telemetry.reference.pose.position.z,1.5000000000000009
1.590224461,1759158512.061224461,/xwing/agiros_pilot/telemetry.reference.pose.position.z,1.5000000000000009
1.592794374,1759158512.063794374,/xwing/agiros_pilot/telemetry.reference.pose.position.z,1.5000000000000009
1.596122459,1759158512.067122459,/xwing/agiros_pilot/telemetry.reference.pose.position.z,1.5000000000000009
1.599454121,1759158512.070454121,/xwing/agiros_pilot/telemetry.reference.pose.position.z,1.5000000000000009
1.602783159,1759158512.073783159,/xwing/agiros_pilot/telemetry.reference.pose.position.z,1.5000000000000009
1.6061119590000001,1759158512.077111959,/xwing/agiros_pilot/telemetry.reference.pose.position.z,1.5000000000000009
1.610227303,1759158512.081227303,/xwing/agiros_pilot/telemetry.reference.pose.position.z,1.5000000000000009
1.612775759,1759158512.083775759,/xwing/agiros_pilot/telemetry.reference.pose.position.z,1.5000000000000009
1.620267109,1759158512.091267109,/xwing/agiros_pilot/telemetry.reference.pose.position.z,1.5000000000000009
1.620267109,1759158512.091267109,/xwing/agiros_pilot/telemetry.reference.pose.position.z,1.5000000000000009
1.6227740800000001,1759158512.093774080,/xwing/agiros_pilot/telemetry.reference.pose.position.z,1.5000000000000009
1.630228714,1759158512.101228714,/xwing/agiros_pilot/telemetry.reference.pose.position.z,1.5000000000000009
1.630228714,1759158512.101228714,/xwing/agiros_pilot/telemetry.reference.pose.position.z,1.5000000000000009
1.6327578580000002,1759158512.103757858,/xwing/agiros_pilot/telemetry.reference.pose.position.z,1.5000000000000009
1.640234903,1759158512.111234903,/xwing/agiros_pilot/telemetry.reference.pose.position.z,1.5000000000000009
1.640234903,1759158512.111234903,/xwing/agiros_pilot/telemetry.reference.pose.position.z,1.5000000000000009
1.642743305,1759158512.113743305,/xwing/agiros_pilot/telemetry.reference.pose.position.z,1.5000000000000009
1.6502458610000001,1759158512.121245861,/xwing/agiros_pilot/telemetry.reference.pose.position.z,1.5000000000000009
1.6502458610000001,1759158512.121245861,/xwing/agiros_pilot/telemetry.reference.pose.position.z,1.5000000000000009
1.652732805,1759158512.123732805,/xwing/agiros_pilot/telemetry.reference.pose.position.z,1.5000000000000009
1.660224632,1759158512.131224632,/xwing/agiros_pilot/telemetry.reference.pose.position.z,1.5000000000000009
1.660224632,1759158512.131224632,/xwing/agiros_pilot/telemetry.reference.pose.position.z,1.5000000000000009
1.6627242130000002,1759158512.133724213,/xwing/agiros_pilot/telemetry.reference.pose.position.z,1.5000000000000009
1.6702251000000001,1759158512.141225100,/xwing/agiros_pilot/telemetry.reference.pose.position.z,1.5000000000000009
1.6702251000000001,1759158512.141225100,/xwing/agiros_pilot/telemetry.reference.pose.position.z,1.5000000000000009
1.672717527,1759158512.143717527,/xwing/agiros_pilot/telemetry.reference.pose.position.z,1.5000000000000009
1.6802243749999999,1759158512.151224375,/xwing/agiros_pilot/telemetry.reference.pose.position.z,1.5000000000000009
1.6802243749999999,1759158512.151224375,/xwing/agiros_pilot/telemetry.reference.pose.position.z,1.5000000000000009
1.682703451,1759158512.153703451,/xwing/agiros_pilot/telemetry.reference.pose.position.z,1.5000000000000009
1.690224127,1759158512.161224127,/xwing/agiros_pilot/telemetry.reference.pose.position.z,1.5000000000000009
1.690224127,1759158512.161224127,/xwing/agiros_pilot/telemetry.reference.pose.position.z,1.5000000000000009
1.692693666,1759158512.163693666,/xwing/agiros_pilot/telemetry.reference.pose.position.z,1.5000000000000009
1.700224117,1759158512.171224117,/xwing/agiros_pilot/telemetry.reference.pose.position.z,1.5000000000000009
1.700224117,1759158512.171224117,/xwing/agiros_pilot/telemetry.reference.pose.position.z,1.5000000000000009
1.702683882,1759158512.173683882,/xwing/agiros_pilot/telemetry.reference.pose.position.z,1.5000000000000009
1.710223392,1759158512.181223392,/xwing/agiros_pilot/telemetry.reference.pose.position.z,1.5000000000000009
1.710223392,1759158512.181223392,/xwing/agiros_pilot/telemetry.reference.pose.position.z,1.5000000000000009
1.712674335,1759158512.183674335,/xwing/agiros_pilot/telemetry.reference.pose.position.z,1.5000000000000009
1.720224098,1759158512.191224098,/xwing/agiros_pilot/telemetry.reference.pose.position.z,1.5000000000000009
1.720224098,1759158512.191224098,/xwing/agiros_pilot/telemetry.reference.pose.position.z,1.5000000000000009
1.72266312,1759158512.193663120,/xwing/agiros_pilot/telemetry.reference.pose.position.z,1.5000000000000009
1.73024054,1759158512.201240540,/xwing/agiros_pilot/telemetry.reference.pose.position.z,1.5000000000000009
1.73024054,1759158512.201240540,/xwing/agiros_pilot/telemetry.reference.pose.position.z,1.5000000000000009
1.732653574,1759158512.203653574,/xwing/agiros_pilot/telemetry.reference.pose.position.z,1.5000000000000009
1.740229086,1759158512.211229086,/xwing/agiros_pilot/telemetry.reference.pose.position.z,1.5000000000000009
1.740229086,1759158512.211229086,/xwing/agiros_pilot/telemetry.reference.pose.position.z,1.5000000000000009
1.742642836,1759158512.213642836,/xwing/agiros_pilot/telemetry.reference.pose.position.z,1.5000000000000009
1.750225977,1759158512.221225977,/xwing/agiros_pilot/telemetry.reference.pose.position.z,1.5000000000000009
1.750225977,1759158512.221225977,/xwing/agiros_pilot/telemetry.reference.pose.position.z,1.5000000000000009
1.752633289,1759158512.223633289,/xwing/agiros_pilot/telemetry.reference.pose.position.z,1.5000000000000009
1.760263638,1759158512.231263638,/xwing/agiros_pilot/telemetry.reference.pose.position.z,1.5000000000000009
1.760263638,1759158512.231263638,/xwing/agiros_pilot/telemetry.reference.pose.position.z,1.5000000000000009
1.7626246970000001,1759158512.233624697,/xwing/agiros_pilot/telemetry.reference.pose.position.z,1.5000000000000009
1.770224527,1759158512.241224527,/xwing/agiros_pilot/telemetry.reference.pose.position.z,1.5000000000000009
1.770224527,1759158512.241224527,/xwing/agiros_pilot/telemetry.reference.pose.position.z,1.5000000000000009
1.772615389,1759158512.243615389,/xwing/agiros_pilot/telemetry.reference.pose.position.z,1.5000000000000009
1.780223087,1759158512.251223087,/xwing/agiros_pilot/telemetry.reference.pose.position.z,1.5000000000000009
1.780223087,1759158512.251223087,/xwing/agiros_pilot/telemetry.reference.pose.position.z,1.5000000000000009
1.782606558,1759158512.253606558,/xwing/agiros_pilot/telemetry.reference.pose.position.z,1.5000000000000009
1.790257172,1759158512.261257172,/xwing/agiros_pilot/telemetry.reference.pose.position.z,1.5000000000000009
1.790257172,1759158512.261257172,/xwing/agiros_pilot/telemetry.reference.pose.position.z,1.5000000000000009
1.7925946270000002,1759158512.263594627,/xwing/agiros_pilot/telemetry.reference.pose.position.z,1.5000000000000009
1.795922235,1759158512.266922235,/xwing/agiros_pilot/telemetry.reference.pose.position.z,1.5000000000000009
1.799253181,1759158512.270253181,/xwing/agiros_pilot/telemetry.reference.pose.position.z,1.5000000000000009
1.8025846040000002,1759158512.273584604,/xwing/agiros_pilot/telemetry.reference.pose.position.z,1.5000000000000009
1.805911974,1759158512.276911974,/xwing/agiros_pilot/telemetry.reference.pose.position.z,1.5000000000000009
1.809242443,1759158512.280242443,/xwing/agiros_pilot/telemetry.reference.pose.position.z,1.5000000000000009
1.812575296,1759158512.283575296,/xwing/agiros_pilot/telemetry.reference.pose.position.z,1.5000000000000009
1.8202249570000002,1759158512.291224957,/xwing/agiros_pilot/telemetry.reference.pose.position.z,1.5000000000000009
1.8202249570000002,1759158512.291224957,/xwing/agiros_pilot/telemetry.reference.pose.position.z,1.5000000000000009
1.8225626510000001,1759158512.293562651,/xwing/agiros_pilot/telemetry.reference.pose.position.z,1.5000000000000009
1.830311731,1759158512.301311731,/xwing/agiros_pilot/telemetry.reference.pose.position.z,1.5000000000000009
1.830311731,1759158512.301311731,/xwing/agiros_pilot/telemetry.reference.pose.position.z,1.5000000000000009
1.83255382,1759158512.303553820,/xwing/agiros_pilot/telemetry.reference.pose.position.z,1.5000000000000009
1.8402359050000001,1759158512.311235905,/xwing/agiros_pilot/telemetry.reference.pose.position.z,1.5000000000000009
1.8402359050000001,1759158512.311235905,/xwing/agiros_pilot/telemetry.reference.pose.position.z,1.5000000000000009
1.842541889,1759158512.313541889,/xwing/agiros_pilot/telemetry.reference.pose.position.z,1.5000000000000009
1.850224928,1759158512.321224928,/xwing/agiros_pilot/telemetry.reference.pose.position.z,1.5000000000000009
1.850224928,1759158512.321224928,/xwing/agiros_pilot/telemetry.reference.pose.position.z,1.5000000000000009
1.8525359190000001,1759158512.323535919,/xwing/agiros_pilot/telemetry.reference.pose.position.z,1.5000000000000009
1.8602232490000001,1759158512.331223249,/xwing/agiros_pilot/telemetry.reference.pose.position.z,1.5000000000000009
1.8602232490000001,1759158512.331223249,/xwing/agiros_pilot/telemetry.reference.pose.position.z,1.5000000000000009
1.862522797,1759158512.333522797,/xwing/agiros_pilot/telemetry.reference.pose.position.z,1.5000000000000009
1.87022324,1759158512.341223240,/xwing/agiros_pilot/telemetry.reference.pose.position.z,1.5000000000000009
1.87022324,1759158512.341223240,/xwing/agiros_pilot/telemetry.reference.pose.position.z,1.5000000000000009
1.872515635,1759158512.343515635,/xwing/agiros_pilot/telemetry.reference.pose.position.z,1.5000000000000009
1.8802251380000001,1759158512.351225138,/xwing/agiros_pilot/telemetry.reference.pose.position.z,1.5000000000000009
1.8802251380000001,1759158512.351225138,/xwing/agiros_pilot/telemetry.reference.pose.position.z,1.5000000000000009
1.8825037039999999,1759158512.353503704,/xwing/agiros_pilot/telemetry.reference.pose.position.z,1.5000000000000009
1.890224651,1759158512.361224651,/xwing/agiros_pilot/telemetry.reference.pose.position.z,1.5000000000000009
1.890224651,1759158512.361224651,/xwing/agiros_pilot/telemetry.reference.pose.position.z,1.5000000000000009
1.892496065,1759158512.363496065,/xwing/agiros_pilot/telemetry.reference.pose.position.z,1.5000000000000009
1.90022345,1759158512.371223450,/xwing/agiros_pilot/telemetry.reference.pose.position.z,1.5000000000000009
1.90022345,1759158512.371223450,/xwing/agiros_pilot/telemetry.reference.pose.position.z,1.5000000000000009
1.902482466,1759158512.373482466,/xwing/agiros_pilot/telemetry.reference.pose.position.z,1.5000000000000009
1.910223202,1759158512.381223202,/xwing/agiros_pilot/telemetry.reference.pose.position.z,1.5000000000000009
1.910223202,1759158512.381223202,/xwing/agiros_pilot/telemetry.reference.pose.position.z,1.5000000000000009
1.9124738730000002,1759158512.383473873,/xwing/agiros_pilot/telemetry.reference.pose.position.z,1.5000000000000009
1.920222239,1759158512.391222239,/xwing/agiros_pilot/telemetry.reference.pose.position.z,1.5000000000000009
1.920222239,1759158512.391222239,/xwing/agiros_pilot/telemetry.reference.pose.position.z,1.5000000000000009
1.922463135,1759158512.393463135,/xwing/agiros_pilot/telemetry.reference.pose.position.z,1.5000000000000009
1.930222944,1759158512.401222944,/xwing/agiros_pilot/telemetry.reference.pose.position.z,1.5000000000000009
1.930222944,1759158512.401222944,/xwing/agiros_pilot/telemetry.reference.pose.position.z,1.5000000000000009
1.9324531120000001,1759158512.403453112,/xwing/agiros_pilot/telemetry.reference.pose.position.z,1.5000000000000009
1.9402272260000002,1759158512.411227226,/xwing/agiros_pilot/telemetry.reference.pose.position.z,1.5000000000000009
1.9402272260000002,1759158512.411227226,/xwing/agiros_pilot/telemetry.reference.pose.position.z,1.5000000000000009
1.942442612,1759158512.413442612,/xwing/agiros_pilot/telemetry.reference.pose.position.z,1.5000000000000009
1.9502238790000002,1759158512.421223879,/xwing/agiros_pilot/telemetry.reference.pose.position.z,1.5000000000000009
1.9502238790000002,1759158512.421223879,/xwing/agiros_pilot/telemetry.reference.pose.position.z,1.5000000000000009
1.952433542,1759158512.423433542,/xwing/agiros_pilot/telemetry.reference.pose.position.z,1.5000000000000009
1.9602229160000002,1759158512.431222916,/xwing/agiros_pilot/telemetry.reference.pose.position.z,1.5000000000000009
1.9602229160000002,1759158512.431222916,/xwing/agiros_pilot/telemetry.reference.pose.position.z,1.5000000000000009
1.9624230420000002,1759158512.433423042,/xwing/agiros_pilot/telemetry.reference.pose.position.z,1.5000000000000009
1.970222191,1759158512.441222191,/xwing/agiros_pilot/telemetry.reference.pose.position.z,1.5000000000000009
1.970222191,1759158512.441222191,/xwing/agiros_pilot/telemetry.reference.pose.position.z,1.5000000000000009
1.9724134960000002,1759158512.443413496,/xwing/agiros_pilot/telemetry.reference.pose.position.z,1.5000000000000009
1.98022695,1759158512.451226950,/xwing/agiros_pilot/telemetry.reference.pose.position.z,1.5000000000000009
1.98022695,1759158512.451226950,/xwing/agiros_pilot/telemetry.reference.pose.position.z,1.5000000000000009
1.982403711,1759158512.453403711,/xwing/agiros_pilot/telemetry.reference.pose.position.z,1.5000000000000009
1.9902226490000001,1759158512.461222649,/xwing/agiros_pilot/telemetry.reference.pose.position.z,1.5000000000000009
1.9902226490000001,1759158512.461222649,/xwing/agiros_pilot/telemetry.reference.pose.position.z,1.5000000000000009
1.9923951190000002,1759158512.463395119,/xwing/agiros_pilot/telemetry.reference.pose.position.z,1.5000000000000009
2.000225262,1759158512.471225262,/xwing/agiros_pilot/telemetry.reference.pose.position.z,1.5000000000000009
2.000225262,1759158512.471225262,/xwing/agiros_pilot/telemetry.reference.pose.position.z,1.5000000000000009
2.002382711,1759158512.473382711,/xwing/agiros_pilot/telemetry.reference.pose.position.z,1.5000000000000009
2.005712704,1759158512.476712704,/xwing/agiros_pilot/telemetry.reference.pose.position.z,1.5000000000000009
2.009041981,1759158512.480041981,/xwing/agiros_pilot/telemetry.reference.pose.position.z,1.5000000000000009
2.01237388,1759158512.483373880,/xwing/agiros_pilot/telemetry.reference.pose.position.z,1.5000000000000009
2.015702442,1759158512.486702442,/xwing/agiros_pilot/telemetry.reference.pose.position.z,1.5000000000000009
2.020222143,1759158512.491222143,/xwing/agiros_pilot/telemetry.reference.pose.position.z,1.5000000000000009
2.022363142,1759158512.493363142,/xwing/agiros_pilot/telemetry.reference.pose.position.z,1.5000000000000009
2.030223803,1759158512.501223803,/xwing/agiros_pilot/telemetry.reference.pose.position.z,1.5000000000000009
2.030223803,1759158512.501223803,/xwing/agiros_pilot/telemetry.reference.pose.position.z,1.5000000000000009
2.032354311,1759158512.503354311,/xwing/agiros_pilot/telemetry.reference.pose.position.z,1.5000000000000009
2.040267662,1759158512.511267662,/xwing/agiros_pilot/telemetry.reference.pose.position.z,1.5000000000000009
2.040267662,1759158512.511267662,/xwing/agiros_pilot/telemetry.reference.pose.position.z,1.5000000000000009
2.042343334,1759158512.513343334,/xwing/agiros_pilot/telemetry.reference.pose.position.z,1.5000000000000009
2.050223307,1759158512.521223307,/xwing/agiros_pilot/telemetry.reference.pose.position.z,1.5000000000000009
2.050223307,1759158512.521223307,/xwing/agiros_pilot/telemetry.reference.pose.position.z,1.5000000000000009
2.052333788,1759158512.523333788,/xwing/agiros_pilot/telemetry.reference.pose.position.z,1.5000000000000009
2.060251192,1759158512.531251192,/xwing/agiros_pilot/telemetry.reference.pose.position.z,1.5000000000000009
2.060251192,1759158512.531251192,/xwing/agiros_pilot/telemetry.reference.pose.position.z,1.5000000000000009
2.06232305,1759158512.533323050,/xwing/agiros_pilot/telemetry.reference.pose.position.z,1.5000000000000009
2.070240931,1759158512.541240931,/xwing/agiros_pilot/telemetry.reference.pose.position.z,1.5000000000000009
2.070240931,1759158512.541240931,/xwing/agiros_pilot/telemetry.reference.pose.position.z,1.5000000000000009
2.072314457,1759158512.543314457,/xwing/agiros_pilot/telemetry.reference.pose.position.z,1.5000000000000009
2.08022304,1759158512.551223040,/xwing/agiros_pilot/telemetry.reference.pose.position.z,1.5000000000000009
2.08022304,1759158512.551223040,/xwing/agiros_pilot/telemetry.reference.pose.position.z,1.5000000000000009
2.082302765,1759158512.553302765,/xwing/agiros_pilot/telemetry.reference.pose.position.z,1.5000000000000009
2.090221838,1759158512.561221838,/xwing/agiros_pilot/telemetry.reference.pose.position.z,1.5000000000000009
2.090221838,1759158512.561221838,/xwing/agiros_pilot/telemetry.reference.pose.position.z,1.5000000000000009
2.092296318,1759158512.563296318,/xwing/agiros_pilot/telemetry.reference.pose.position.z,1.5000000000000009
2.100222305,1759158512.571222305,/xwing/agiros_pilot/telemetry.reference.pose.position.z,1.5000000000000009
2.100222305,1759158512.571222305,/xwing/agiros_pilot/telemetry.reference.pose.position.z,1.5000000000000009
2.102284149,1759158512.573284149,/xwing/agiros_pilot/telemetry.reference.pose.position.z,1.5000000000000009
2.110226826,1759158512.581226826,/xwing/agiros_pilot/telemetry.reference.pose.position.z,1.5000000000000009
2.110226826,1759158512.581226826,/xwing/agiros_pilot/telemetry.reference.pose.position.z,1.5000000000000009
2.112282471,1759158512.583282471,/xwing/agiros_pilot/telemetry.reference.pose.position.z,1.5000000000000009
2.120225386,1759158512.591225386,/xwing/agiros_pilot/telemetry.reference.pose.position.z,1.5000000000000009
2.120225386,1759158512.591225386,/xwing/agiros_pilot/telemetry.reference.pose.position.z,1.5000000000000009
2.122268633,1759158512.593268633,/xwing/agiros_pilot/telemetry.reference.pose.position.z,1.5000000000000009
2.130223469,1759158512.601223469,/xwing/agiros_pilot/telemetry.reference.pose.position.z,1.5000000000000009
2.130223469,1759158512.601223469,/xwing/agiros_pilot/telemetry.reference.pose.position.z,1.5000000000000009
2.132253603,1759158512.603253603,/xwing/agiros_pilot/telemetry.reference.pose.position.z,1.5000000000000009
2.140237526,1759158512.611237526,/xwing/agiros_pilot/telemetry.reference.pose.position.z,1.5000000000000009
2.140237526,1759158512.611237526,/xwing/agiros_pilot/telemetry.reference.pose.position.z,1.5000000000000009
2.142242865,1759158512.613242865,/xwing/agiros_pilot/telemetry.reference.pose.position.z,1.5000000000000009
2.150225834,1759158512.621225834,/xwing/agiros_pilot/telemetry.reference.pose.position.z,1.5000000000000009
2.150225834,1759158512.621225834,/xwing/agiros_pilot/telemetry.reference.pose.position.z,1.5000000000000009
2.152233795,1759158512.623233795,/xwing/agiros_pilot/telemetry.reference.pose.position.z,1.5000000000000009
2.160226063,1759158512.631226063,/xwing/agiros_pilot/telemetry.reference.pose.position.z,1.5000000000000009
2.160226063,1759158512.631226063,/xwing/agiros_pilot/telemetry.reference.pose.position.z,1.5000000000000009
2.162224249,1759158512.633224249,/xwing/agiros_pilot/telemetry.reference.pose.position.z,1.5000000000000009
2.170223192,1759158512.641223192,/xwing/agiros_pilot/telemetry.reference.pose.position.z,1.5000000000000009
2.170223192,1759158512.641223192,/xwing/agiros_pilot/telemetry.reference.pose.position.z,1.5000000000000009
2.172214464,1759158512.643214464,/xwing/agiros_pilot/telemetry.reference.pose.position.z,1.5000000000000009
2.180223898,1759158512.651223898,/xwing/agiros_pilot/telemetry.reference.pose.position.z,1.5000000000000009
2.180223898,1759158512.651223898,/xwing/agiros_pilot/telemetry.reference.pose.position.z,1.5000000000000009
2.182203726,1759158512.653203726,/xwing/agiros_pilot/telemetry.reference.pose.position.z,1.5000000000000009
2.190226988,1759158512.661226988,/xwing/agiros_pilot/telemetry.reference.pose.position.z,1.5000000000000009
2.190226988,1759158512.661226988,/xwing/agiros_pilot/telemetry.reference.pose.position.z,1.5000000000000009
2.192194418,1759158512.663194418,/xwing/agiros_pilot/telemetry.reference.pose.position.z,1.5000000000000009
2.200225786,1759158512.671225786,/xwing/agiros_pilot/telemetry.reference.pose.position.z,1.5000000000000009
2.200225786,1759158512.671225786,/xwing/agiros_pilot/telemetry.reference.pose.position.z,1.5000000000000009
2.202184156,1759158512.673184156,/xwing/agiros_pilot/telemetry.reference.pose.position.z,1.5000000000000009
2.20551248,1759158512.676512480,/xwing/agiros_pilot/telemetry.reference.pose.position.z,1.5000000000000009
2.208843187,1759158512.679843187,/xwing/agiros_pilot/telemetry.reference.pose.position.z,1.5000000000000009
2.212172941,1759158512.683172941,/xwing/agiros_pilot/telemetry.reference.pose.position.z,1.5000000000000009
2.215502934,1759158512.686502934,/xwing/agiros_pilot/telemetry.reference.pose.position.z,1.5000000000000009
2.218832211,1759158512.689832211,/xwing/agiros_pilot/telemetry.reference.pose.position.z,1.5000000000000009
2.2221631569999998,1759158512.693163157,/xwing/agiros_pilot/telemetry.reference.pose.position.z,1.5000000000000009
2.230226473,1759158512.701226473,/xwing/agiros_pilot/telemetry.reference.pose.position.z,1.5000000000000009
2.230226473,1759158512.701226473,/xwing/agiros_pilot/telemetry.reference.pose.position.z,1.5000000000000009
2.232153849,1759158512.703153849,/xwing/agiros_pilot/telemetry.reference.pose.position.z,1.5000000000000009
2.240230516,1759158512.711230516,/xwing/agiros_pilot/telemetry.reference.pose.position.z,1.5000000000000009
2.240230516,1759158512.711230516,/xwing/agiros_pilot/telemetry.reference.pose.position.z,1.5000000000000009
2.242142872,1759158512.713142872,/xwing/agiros_pilot/telemetry.reference.pose.position.z,1.5000000000000009
2.250224308,1759158512.721224308,/xwing/agiros_pilot/telemetry.reference.pose.position.z,1.5000000000000009
2.250224308,1759158512.721224308,/xwing/agiros_pilot/telemetry.reference.pose.position.z,1.5000000000000009
2.252133802,1759158512.723133802,/xwing/agiros_pilot/telemetry.reference.pose.position.z,1.5000000000000009
2.260225252,1759158512.731225252,/xwing/agiros_pilot/telemetry.reference.pose.position.z,1.5000000000000009
2.260225252,1759158512.731225252,/xwing/agiros_pilot/telemetry.reference.pose.position.z,1.5000000000000009
2.262282566,1759158512.733282566,/xwing/agiros_pilot/telemetry.reference.pose.position.z,1.5000000000000009
2.270223574,1759158512.741223574,/xwing/agiros_pilot/telemetry.reference.pose.position.z,1.5000000000000009
2.270223574,1759158512.741223574,/xwing/agiros_pilot/telemetry.reference.pose.position.z,1.5000000000000009
2.272114233,1759158512.743114233,/xwing/agiros_pilot/telemetry.reference.pose.position.z,1.5000000000000009
2.2802233259999998,1759158512.751223326,/xwing/agiros_pilot/telemetry.reference.pose.position.z,1.5000000000000009
2.2802233259999998,1759158512.751223326,/xwing/agiros_pilot/telemetry.reference.pose.position.z,1.5000000000000009
2.282104448,1759158512.753104448,/xwing/agiros_pilot/telemetry.reference.pose.position.z,1.5000000000000009
2.290249304,1759158512.761249304,/xwing/agiros_pilot/telemetry.reference.pose.position.z,1.5000000000000009
2.290249304,1759158512.761249304,/xwing/agiros_pilot/telemetry.reference.pose.position.z,1.5000000000000009
2.292093472,1759158512.763093472,/xwing/agiros_pilot/telemetry.reference.pose.position.z,1.5000000000000009
2.300224737,1759158512.771224737,/xwing/agiros_pilot/telemetry.reference.pose.position.z,1.5000000000000009
2.300224737,1759158512.771224737,/xwing/agiros_pilot/telemetry.reference.pose.position.z,1.5000000000000009
2.302082495,1759158512.773082495,/xwing/agiros_pilot/telemetry.reference.pose.position.z,1.5000000000000009
2.310261206,1759158512.781261206,/xwing/agiros_pilot/telemetry.reference.pose.position.z,1.5000000000000009
2.310261206,1759158512.781261206,/xwing/agiros_pilot/telemetry.reference.pose.position.z,1.5000000000000009
2.3120743790000002,1759158512.783074379,/xwing/agiros_pilot/telemetry.reference.pose.position.z,1.5000000000000009
2.320228056,1759158512.791228056,/xwing/agiros_pilot/telemetry.reference.pose.position.z,1.5000000000000009
2.320228056,1759158512.791228056,/xwing/agiros_pilot/telemetry.reference.pose.position.z,1.5000000000000009
2.322065786,1759158512.793065786,/xwing/agiros_pilot/telemetry.reference.pose.position.z,1.5000000000000009
2.330226139,1759158512.801226139,/xwing/agiros_pilot/telemetry.reference.pose.position.z,1.5000000000000009
2.330226139,1759158512.801226139,/xwing/agiros_pilot/telemetry.reference.pose.position.z,1.5000000000000009
2.332053617,1759158512.803053617,/xwing/agiros_pilot/telemetry.reference.pose.position.z,1.5000000000000009
2.340228991,1759158512.811228991,/xwing/agiros_pilot/telemetry.reference.pose.position.z,1.5000000000000009
2.340228991,1759158512.811228991,/xwing/agiros_pilot/telemetry.reference.pose.position.z,1.5000000000000009
2.342043594,1759158512.813043594,/xwing/agiros_pilot/telemetry.reference.pose.position.z,1.5000000000000009
2.35022612,1759158512.821226120,/xwing/agiros_pilot/telemetry.reference.pose.position.z,1.5000000000000009
2.35022612,1759158512.821226120,/xwing/agiros_pilot/telemetry.reference.pose.position.z,1.5000000000000009
2.35203524,1759158512.823035240,/xwing/agiros_pilot/telemetry.reference.pose.position.z,1.5000000000000009
2.360228256,1759158512.831228256,/xwing/agiros_pilot/telemetry.reference.pose.position.z,1.5000000000000009
2.360228256,1759158512.831228256,/xwing/agiros_pilot/telemetry.reference.pose.position.z,1.5000000000000009
2.362023787,1759158512.833023787,/xwing/agiros_pilot/telemetry.reference.pose.position.z,1.5000000000000009
2.370225863,1759158512.841225863,/xwing/agiros_pilot/telemetry.reference.pose.position.z,1.5000000000000009
2.370225863,1759158512.841225863,/xwing/agiros_pilot/telemetry.reference.pose.position.z,1.5000000000000009
2.372014956,1759158512.843014956,/xwing/agiros_pilot/telemetry.reference.pose.position.z,1.5000000000000009
2.380229906,1759158512.851229906,/xwing/agiros_pilot/telemetry.reference.pose.position.z,1.5000000000000009
2.380229906,1759158512.851229906,/xwing/agiros_pilot/telemetry.reference.pose.position.z,1.5000000000000009
2.382003025,1759158512.853003025,/xwing/agiros_pilot/telemetry.reference.pose.position.z,1.5000000000000009
2.390268997,1759158512.861268997,/xwing/agiros_pilot/telemetry.reference.pose.position.z,1.5000000000000009
2.390268997,1759158512.861268997,/xwing/agiros_pilot/telemetry.reference.pose.position.z,1.5000000000000009
2.391998486,1759158512.862998486,/xwing/agiros_pilot/telemetry.reference.pose.position.z,1.5000000000000009
2.40022488,1759158512.871224880,/xwing/agiros_pilot/telemetry.reference.pose.position.z,1.5000000000000009
2.40022488,1759158512.871224880,/xwing/agiros_pilot/telemetry.reference.pose.position.z,1.5000000000000009
2.401986794,1759158512.872986794,/xwing/agiros_pilot/telemetry.reference.pose.position.z,1.5000000000000009
2.410223679,1759158512.881223679,/xwing/agiros_pilot/telemetry.reference.pose.position.z,1.5000000000000009
2.410223679,1759158512.881223679,/xwing/agiros_pilot/telemetry.reference.pose.position.z,1.5000000000000009
2.411973194,1759158512.882973194,/xwing/agiros_pilot/telemetry.reference.pose.position.z,1.5000000000000009
2.415301994,1759158512.886301994,/xwing/agiros_pilot/telemetry.reference.pose.position.z,1.5000000000000009
2.418634371,1759158512.889634371,/xwing/agiros_pilot/telemetry.reference.pose.position.z,1.5000000000000009
2.421962456,1759158512.892962456,/xwing/agiros_pilot/telemetry.reference.pose.position.z,1.5000000000000009
2.425294832,1759158512.896294832,/xwing/agiros_pilot/telemetry.reference.pose.position.z,1.5000000000000009
2.428624586,1759158512.899624586,/xwing/agiros_pilot/telemetry.reference.pose.position.z,1.5000000000000009
2.431955055,1759158512.902955055,/xwing/agiros_pilot/telemetry.reference.pose.position.z,1.5000000000000009
2.440238432,1759158512.911238432,/xwing/agiros_pilot/telemetry.reference.pose.position.z,1.5
2.440238432,1759158512.911238432,/xwing/agiros_pilot/telemetry.reference.pose.position.z,1.5
2.441945032,1759158512.912945032,/xwing/agiros_pilot/telemetry.reference.pose.position.z,1.5
2.450226025,1759158512.921226025,/xwing/agiros_pilot/telemetry.reference.pose.position.z,1.5
2.450226025,1759158512.921226025,/xwing/agiros_pilot/telemetry.reference.pose.position.z,1.5
2.451934532,1759158512.922934532,/xwing/agiros_pilot/telemetry.reference.pose.position.z,1.5
2.460226492,1759158512.931226492,/xwing/agiros_pilot/telemetry.reference.pose.position.z,1.5
2.460226492,1759158512.931226492,/xwing/agiros_pilot/telemetry.reference.pose.position.z,1.5
2.4619235550000003,1759158512.932923555,/xwing/agiros_pilot/telemetry.reference.pose.position.z,1.5
2.470225529,1759158512.941225529,/xwing/agiros_pilot/telemetry.reference.pose.position.z,1.5
2.470225529,1759158512.941225529,/xwing/agiros_pilot/telemetry.reference.pose.position.z,1.5
2.471913532,1759158512.942913532,/xwing/agiros_pilot/telemetry.reference.pose.position.z,1.5
2.480225281,1759158512.951225281,/xwing/agiros_pilot/telemetry.reference.pose.position.z,1.5
2.480225281,1759158512.951225281,/xwing/agiros_pilot/telemetry.reference.pose.position.z,1.5
2.481908278,1759158512.952908278,/xwing/agiros_pilot/telemetry.reference.pose.position.z,1.5
2.490242199,1759158512.961242199,/xwing/agiros_pilot/telemetry.reference.pose.position.z,1.5
2.490242199,1759158512.961242199,/xwing/agiros_pilot/telemetry.reference.pose.position.z,1.5
2.4918932480000002,1759158512.962893248,/xwing/agiros_pilot/telemetry.reference.pose.position.z,1.5
2.50022407,1759158512.971224070,/xwing/agiros_pilot/telemetry.reference.pose.position.z,1.5
2.50022407,1759158512.971224070,/xwing/agiros_pilot/telemetry.reference.pose.position.z,1.5
2.50188394,1759158512.972883940,/xwing/agiros_pilot/telemetry.reference.pose.position.z,1.5
2.510223583,1759158512.981223583,/xwing/agiros_pilot/telemetry.reference.pose.position.z,1.5
2.510223583,1759158512.981223583,/xwing/agiros_pilot/telemetry.reference.pose.position.z,1.5
2.511873917,1759158512.982873917,/xwing/agiros_pilot/telemetry.reference.pose.position.z,1.5
2.520226673,1759158512.991226673,/xwing/agiros_pilot/telemetry.reference.pose.position.z,1.5
2.520226673,1759158512.991226673,/xwing/agiros_pilot/telemetry.reference.pose.position.z,1.5
2.52186294,1759158512.992862940,/xwing/agiros_pilot/telemetry.reference.pose.position.z,1.5
2.530224756,1759158513.001224756,/xwing/agiros_pilot/telemetry.reference.pose.position.z,1.5
2.530224756,1759158513.001224756,/xwing/agiros_pilot/telemetry.reference.pose.position.z,1.5
2.531853394,1759158513.002853394,/xwing/agiros_pilot/telemetry.reference.pose.position.z,1.5
2.540231422,1759158513.011231422,/xwing/agiros_pilot/telemetry.reference.pose.position.z,1.5
2.540231422,1759158513.011231422,/xwing/agiros_pilot/telemetry.reference.pose.position.z,1.5
2.541844324,1759158513.012844324,/xwing/agiros_pilot/telemetry.reference.pose.position.z,1.5
2.5502254520000003,1759158513.021225452,/xwing/agiros_pilot/telemetry.reference.pose.position.z,1.5
2.5502254520000003,1759158513.021225452,/xwing/agiros_pilot/telemetry.reference.pose.position.z,1.5
2.5518340630000003,1759158513.022834063,/xwing/agiros_pilot/telemetry.reference.pose.position.z,1.5
2.5602278270000003,1759158513.031227827,/xwing/agiros_pilot/telemetry.reference.pose.position.z,1.5
2.5602278270000003,1759158513.031227827,/xwing/agiros_pilot/telemetry.reference.pose.position.z,1.5
2.561823801,1759158513.032823801,/xwing/agiros_pilot/telemetry.reference.pose.position.z,1.5
2.570226625,1759158513.041226625,/xwing/agiros_pilot/telemetry.reference.pose.position.z,1.5
2.570226625,1759158513.041226625,/xwing/agiros_pilot/telemetry.reference.pose.position.z,1.5
2.571814493,1759158513.042814493,/xwing/agiros_pilot/telemetry.reference.pose.position.z,1.5
2.580224709,1759158513.051224709,/xwing/agiros_pilot/telemetry.reference.pose.position.z,1.5
2.580224709,1759158513.051224709,/xwing/agiros_pilot/telemetry.reference.pose.position.z,1.5
2.581804232,1759158513.052804232,/xwing/agiros_pilot/telemetry.reference.pose.position.z,1.5
2.590224699,1759158513.061224699,/xwing/agiros_pilot/telemetry.reference.pose.position.z,1.5
2.590224699,1759158513.061224699,/xwing/agiros_pilot/telemetry.reference.pose.position.z,1.5
2.591793493,1759158513.062793493,/xwing/agiros_pilot/telemetry.reference.pose.position.z,1.5
2.600224213,1759158513.071224213,/xwing/agiros_pilot/telemetry.reference.pose.position.z,1.5
2.600224213,1759158513.071224213,/xwing/agiros_pilot/telemetry.reference.pose.position.z,1.5
2.601786808,1759158513.072786808,/xwing/agiros_pilot/telemetry.reference.pose.position.z,1.5
2.610228256,1759158513.081228256,/xwing/agiros_pilot/telemetry.reference.pose.position.z,1.5
2.610228256,1759158513.081228256,/xwing/agiros_pilot/telemetry.reference.pose.position.z,1.5
2.61177607,1759158513.082776070,/xwing/agiros_pilot/telemetry.reference.pose.position.z,1.5
2.6151027239999998,1759158513.086102724,/xwing/agiros_pilot/telemetry.reference.pose.position.z,1.5
2.618432478,1759158513.089432478,/xwing/agiros_pilot/telemetry.reference.pose.position.z,1.5
2.621763662,1759158513.092763662,/xwing/agiros_pilot/telemetry.reference.pose.position.z,1.5
2.625092463,1759158513.096092463,/xwing/agiros_pilot/telemetry.reference.pose.position.z,1.5
2.6284217400000003,1759158513.099421740,/xwing/agiros_pilot/telemetry.reference.pose.position.z,1.5
2.631753878,1759158513.102753878,/xwing/agiros_pilot/telemetry.reference.pose.position.z,1.5
2.640229658,1759158513.111229658,/xwing/agiros_pilot/telemetry.reference.pose.position.z,1.5
2.640229658,1759158513.111229658,/xwing/agiros_pilot/telemetry.reference.pose.position.z,1.5
2.641745047,1759158513.112745047,/xwing/agiros_pilot/telemetry.reference.pose.position.z,1.5
2.650226072,1759158513.121226072,/xwing/agiros_pilot/telemetry.reference.pose.position.z,1.5
2.650226072,1759158513.121226072,/xwing/agiros_pilot/telemetry.reference.pose.position.z,1.5
2.651734785,1759158513.122734785,/xwing/agiros_pilot/telemetry.reference.pose.position.z,1.5
2.660222963,1759158513.131222963,/xwing/agiros_pilot/telemetry.reference.pose.position.z,1.5
2.660222963,1759158513.131222963,/xwing/agiros_pilot/telemetry.reference.pose.position.z,1.5
2.661722378,1759158513.132722378,/xwing/agiros_pilot/telemetry.reference.pose.position.z,1.5
2.6702236690000003,1759158513.141223669,/xwing/agiros_pilot/telemetry.reference.pose.position.z,1.5
2.6702236690000003,1759158513.141223669,/xwing/agiros_pilot/telemetry.reference.pose.position.z,1.5
2.671715454,1759158513.142715454,/xwing/agiros_pilot/telemetry.reference.pose.position.z,1.5
2.680225567,1759158513.151225567,/xwing/agiros_pilot/telemetry.reference.pose.position.z,1.5
2.680225567,1759158513.151225567,/xwing/agiros_pilot/telemetry.reference.pose.position.z,1.5
2.681703047,1759158513.152703047,/xwing/agiros_pilot/telemetry.reference.pose.position.z,1.5
2.690224365,1759158513.161224365,/xwing/agiros_pilot/telemetry.reference.pose.position.z,1.5
2.690224365,1759158513.161224365,/xwing/agiros_pilot/telemetry.reference.pose.position.z,1.5
2.691693739,1759158513.162693739,/xwing/agiros_pilot/telemetry.reference.pose.position.z,1.5
2.7002229250000003,1759158513.171222925,/xwing/agiros_pilot/telemetry.reference.pose.position.z,1.5
2.7002229250000003,1759158513.171222925,/xwing/agiros_pilot/telemetry.reference.pose.position.z,1.5
2.701684193,1759158513.172684193,/xwing/agiros_pilot/telemetry.reference.pose.position.z,1.5
2.710224585,1759158513.181224585,/xwing/agiros_pilot/telemetry.reference.pose.position.z,1.5
2.710224585,1759158513.181224585,/xwing/agiros_pilot/telemetry.reference.pose.position.z,1.5
2.711675838,1759158513.182675838,/xwing/agiros_pilot/telemetry.reference.pose.position.z,1.5
2.720224575,1759158513.191224575,/xwing/agiros_pilot/telemetry.reference.pose.position.z,1.5
2.720224575,1759158513.191224575,/xwing/agiros_pilot/telemetry.reference.pose.position.z,1.5
2.721662954,1759158513.192662954,/xwing/agiros_pilot/telemetry.reference.pose.position.z,1.5
2.730225996,1759158513.201225996,/xwing/agiros_pilot/telemetry.reference.pose.position.z,1.5
2.730225996,1759158513.201225996,/xwing/agiros_pilot/telemetry.reference.pose.position.z,1.5
2.731652693,1759158513.202652693,/xwing/agiros_pilot/telemetry.reference.pose.position.z,1.5
2.7402348080000003,1759158513.211234808,/xwing/agiros_pilot/telemetry.reference.pose.position.z,1.5
2.7402348080000003,1759158513.211234808,/xwing/agiros_pilot/telemetry.reference.pose.position.z,1.5
2.741643623,1759158513.212643623,/xwing/agiros_pilot/telemetry.reference.pose.position.z,1.5
2.750223831,1759158513.221223831,/xwing/agiros_pilot/telemetry.reference.pose.position.z,1.5
2.750223831,1759158513.221223831,/xwing/agiros_pilot/telemetry.reference.pose.position.z,1.5
2.751633362,1759158513.222633362,/xwing/agiros_pilot/telemetry.reference.pose.position.z,1.5
2.760228113,1759158513.231228113,/xwing/agiros_pilot/telemetry.reference.pose.position.z,1.5
2.760228113,1759158513.231228113,/xwing/agiros_pilot/telemetry.reference.pose.position.z,1.5
2.7616228620000003,1759158513.232622862,/xwing/agiros_pilot/telemetry.reference.pose.position.z,1.5
2.770225481,1759158513.241225481,/xwing/agiros_pilot/telemetry.reference.pose.position.z,1.5
2.770225481,1759158513.241225481,/xwing/agiros_pilot/telemetry.reference.pose.position.z,1.5
2.771613554,1759158513.242613554,/xwing/agiros_pilot/telemetry.reference.pose.position.z,1.5
2.78022571,1759158513.251225710,/xwing/agiros_pilot/telemetry.reference.pose.position.z,1.5
2.78022571,1759158513.251225710,/xwing/agiros_pilot/telemetry.reference.pose.position.z,1.5
2.781603769,1759158513.252603769,/xwing/agiros_pilot/telemetry.reference.pose.position.z,1.5
2.7902257,1759158513.261225700,/xwing/agiros_pilot/telemetry.reference.pose.position.z,1.5
2.7902257,1759158513.261225700,/xwing/agiros_pilot/telemetry.reference.pose.position.z,1.5
2.791595177,1759158513.262595177,/xwing/agiros_pilot/telemetry.reference.pose.position.z,1.5
2.800224022,1759158513.271224022,/xwing/agiros_pilot/telemetry.reference.pose.position.z,1.5
2.800224022,1759158513.271224022,/xwing/agiros_pilot/telemetry.reference.pose.position.z,1.5
2.8015837230000002,1759158513.272583723,/xwing/agiros_pilot/telemetry.reference.pose.position.z,1.5
2.81022592,1759158513.281225920,/xwing/agiros_pilot/telemetry.reference.pose.position.z,1.5
2.81022592,1759158513.281225920,/xwing/agiros_pilot/telemetry.reference.pose.position.z,1.5
2.811572746,1759158513.282572746,/xwing/agiros_pilot/telemetry.reference.pose.position.z,1.5
2.820224241,1759158513.291224241,/xwing/agiros_pilot/telemetry.reference.pose.position.z,1.5
2.820224241,1759158513.291224241,/xwing/agiros_pilot/telemetry.reference.pose.position.z,1.5
2.8215636770000003,1759158513.292563677,/xwing/agiros_pilot/telemetry.reference.pose.position.z,1.5
2.8248951,1759158513.295895100,/xwing/agiros_pilot/telemetry.reference.pose.position.z,1.5
2.828224138,1759158513.299224138,/xwing/agiros_pilot/telemetry.reference.pose.position.z,1.5
2.831554131,1759158513.302554131,/xwing/agiros_pilot/telemetry.reference.pose.position.z,1.5
2.834883884,1759158513.305883884,/xwing/agiros_pilot/telemetry.reference.pose.position.z,1.5000000000000002
2.838211969,1759158513.309211969,/xwing/agiros_pilot/telemetry.reference.pose.position.z,1.5
2.841545061,1759158513.312545061,/xwing/agiros_pilot/telemetry.reference.pose.position.z,1.5
2.8502282660000002,1759158513.321228266,/xwing/agiros_pilot/telemetry.reference.pose.position.z,1.5
2.8502282660000002,1759158513.321228266,/xwing/agiros_pilot/telemetry.reference.pose.position.z,1.5
2.8515348,1759158513.322534800,/xwing/agiros_pilot/telemetry.reference.pose.position.z,1.5
2.860225395,1759158513.331225395,/xwing/agiros_pilot/telemetry.reference.pose.position.z,1.5
2.860225395,1759158513.331225395,/xwing/agiros_pilot/telemetry.reference.pose.position.z,1.5
2.861523584,1759158513.332523584,/xwing/agiros_pilot/telemetry.reference.pose.position.z,1.5
2.870225863,1759158513.341225863,/xwing/agiros_pilot/telemetry.reference.pose.position.z,1.5
2.870225863,1759158513.341225863,/xwing/agiros_pilot/telemetry.reference.pose.position.z,1.5
2.871513561,1759158513.342513561,/xwing/agiros_pilot/telemetry.reference.pose.position.z,1.5
2.8802265680000003,1759158513.351226568,/xwing/agiros_pilot/telemetry.reference.pose.position.z,1.5
2.8802265680000003,1759158513.351226568,/xwing/agiros_pilot/telemetry.reference.pose.position.z,1.5
2.881502584,1759158513.352502584,/xwing/agiros_pilot/telemetry.reference.pose.position.z,1.5
2.89022489,1759158513.361224890,/xwing/agiros_pilot/telemetry.reference.pose.position.z,1.5
2.89022489,1759158513.361224890,/xwing/agiros_pilot/telemetry.reference.pose.position.z,1.5
2.891493038,1759158513.362493038,/xwing/agiros_pilot/telemetry.reference.pose.position.z,1.5
2.900225357,1759158513.371225357,/xwing/agiros_pilot/telemetry.reference.pose.position.z,1.5
2.900225357,1759158513.371225357,/xwing/agiros_pilot/telemetry.reference.pose.position.z,1.5
2.901483015,1759158513.372483015,/xwing/agiros_pilot/telemetry.reference.pose.position.z,1.5
2.910228209,1759158513.381228209,/xwing/agiros_pilot/telemetry.reference.pose.position.z,1.5
2.910228209,1759158513.381228209,/xwing/agiros_pilot/telemetry.reference.pose.position.z,1.5
2.91147323,1759158513.382473230,/xwing/agiros_pilot/telemetry.reference.pose.position.z,1.5
2.920227484,1759158513.391227484,/xwing/agiros_pilot/telemetry.reference.pose.position.z,1.5
2.920227484,1759158513.391227484,/xwing/agiros_pilot/telemetry.reference.pose.position.z,1.5
2.921463684,1759158513.392463684,/xwing/agiros_pilot/telemetry.reference.pose.position.z,1.5
2.930225567,1759158513.401225567,/xwing/agiros_pilot/telemetry.reference.pose.position.z,1.5
2.930225567,1759158513.401225567,/xwing/agiros_pilot/telemetry.reference.pose.position.z,1.5
2.931453899,1759158513.402453899,/xwing/agiros_pilot/telemetry.reference.pose.position.z,1.5
2.940230326,1759158513.411230326,/xwing/agiros_pilot/telemetry.reference.pose.position.z,1.5
2.940230326,1759158513.411230326,/xwing/agiros_pilot/telemetry.reference.pose.position.z,1.5
2.941444115,1759158513.412444115,/xwing/agiros_pilot/telemetry.reference.pose.position.z,1.5
2.950226501,1759158513.421226501,/xwing/agiros_pilot/telemetry.reference.pose.position.z,1.5
2.950226501,1759158513.421226501,/xwing/agiros_pilot/telemetry.reference.pose.position.z,1.5
2.951433376,1759158513.422433376,/xwing/agiros_pilot/telemetry.reference.pose.position.z,1.5
2.960224346,1759158513.431224346,/xwing/agiros_pilot/telemetry.reference.pose.position.z,1.5
2.960224346,1759158513.431224346,/xwing/agiros_pilot/telemetry.reference.pose.position.z,1.5
2.961424784,1759158513.432424784,/xwing/agiros_pilot/telemetry.reference.pose.position.z,1.5
2.970262245,1759158513.441262245,/xwing/agiros_pilot/telemetry.reference.pose.position.z,1.5
2.970262245,1759158513.441262245,/xwing/agiros_pilot/telemetry.reference.pose.position.z,1.5
2.9714138070000002,1759158513.442413807,/xwing/agiros_pilot/telemetry.reference.pose.position.z,1.5
2.9802279030000003,1759158513.451227903,/xwing/agiros_pilot/telemetry.reference.pose.position.z,1.5
2.9802279030000003,1759158513.451227903,/xwing/agiros_pilot/telemetry.reference.pose.position.z,1.5
2.981404022,1759158513.452404022,/xwing/agiros_pilot/telemetry.reference.pose.position.z,1.5
2.990261749,1759158513.461261749,/xwing/agiros_pilot/telemetry.reference.pose.position.z,1.5
2.990261749,1759158513.461261749,/xwing/agiros_pilot/telemetry.reference.pose.position.z,1.5
2.991399006,1759158513.462399006,/xwing/agiros_pilot/telemetry.reference.pose.position.z,1.5
3.000279144,1759158513.471279144,/xwing/agiros_pilot/telemetry.reference.pose.position.z,1.5
3.000279144,1759158513.471279144,/xwing/agiros_pilot/telemetry.reference.pose.position.z,1.5
3.00138493,1759158513.472384930,/xwing/agiros_pilot/telemetry.reference.pose.position.z,1.5
3.010262684,1759158513.481262684,/xwing/agiros_pilot/telemetry.reference.pose.position.z,1.5
3.010262684,1759158513.481262684,/xwing/agiros_pilot/telemetry.reference.pose.position.z,1.5
3.011374668,1759158513.482374668,/xwing/agiros_pilot/telemetry.reference.pose.position.z,1.5
3.020270065,1759158513.491270065,/xwing/agiros_pilot/telemetry.reference.pose.position.z,1.5
3.020270065,1759158513.491270065,/xwing/agiros_pilot/telemetry.reference.pose.position.z,1.5
3.021364407,1759158513.492364407,/xwing/agiros_pilot/telemetry.reference.pose.position.z,1.5
3.02469726,1759158513.495697260,/xwing/agiros_pilot/telemetry.reference.pose.position.z,1.5
3.028024391,1759158513.499024391,/xwing/agiros_pilot/telemetry.reference.pose.position.z,1.5
3.031353668,1759158513.502353668,/xwing/agiros_pilot/telemetry.reference.pose.position.z,1.5
3.034684853,1759158513.505684853,/xwing/agiros_pilot/telemetry.reference.pose.position.z,1.5
3.038011984,1759158513.509011984,/xwing/agiros_pilot/telemetry.reference.pose.position.z,1.5
3.041343168,1759158513.512343168,/xwing/agiros_pilot/telemetry.reference.pose.position.z,1.5
3.050234751,1759158513.521234751,/xwing/agiros_pilot/telemetry.reference.pose.position.z,1.5
3.050234751,1759158513.521234751,/xwing/agiros_pilot/telemetry.reference.pose.position.z,1.5
3.051333622,1759158513.522333622,/xwing/agiros_pilot/telemetry.reference.pose.position.z,1.5
3.060226635,1759158513.531226635,/xwing/agiros_pilot/telemetry.reference.pose.position.z,1.5
3.060226635,1759158513.531226635,/xwing/agiros_pilot/telemetry.reference.pose.position.z,1.5
3.06132336,1759158513.532323360,/xwing/agiros_pilot/telemetry.reference.pose.position.z,1.5
3.070225195,1759158513.541225195,/xwing/agiros_pilot/telemetry.reference.pose.position.z,1.5
3.070225195,1759158513.541225195,/xwing/agiros_pilot/telemetry.reference.pose.position.z,1.5
3.071313576,1759158513.542313576,/xwing/agiros_pilot/telemetry.reference.pose.position.z,1.5
3.080223993,1759158513.551223993,/xwing/agiros_pilot/telemetry.reference.pose.position.z,1.5
3.080223993,1759158513.551223993,/xwing/agiros_pilot/telemetry.reference.pose.position.z,1.5
3.081304268,1759158513.552304268,/xwing/agiros_pilot/telemetry.reference.pose.position.z,1.5
3.090223269,1759158513.561223269,/xwing/agiros_pilot/telemetry.reference.pose.position.z,1.5
3.090223269,1759158513.561223269,/xwing/agiros_pilot/telemetry.reference.pose.position.z,1.5
3.091300682,1759158513.562300682,/xwing/agiros_pilot/telemetry.reference.pose.position.z,1.5
3.100223021,1759158513.571223021,/xwing/agiros_pilot/telemetry.reference.pose.position.z,1.5
3.100223021,1759158513.571223021,/xwing/agiros_pilot/telemetry.reference.pose.position.z,1.5
3.101286606,1759158513.572286606,/xwing/agiros_pilot/telemetry.reference.pose.position.z,1.5
3.110222296,1759158513.581222296,/xwing/agiros_pilot/telemetry.reference.pose.position.z,1.5
3.110222296,1759158513.581222296,/xwing/agiros_pilot/telemetry.reference.pose.position.z,1.5
3.111274675,1759158513.582274675,/xwing/agiros_pilot/telemetry.reference.pose.position.z,1.5
3.120224909,1759158513.591224909,/xwing/agiros_pilot/telemetry.reference.pose.position.z,1.5
3.120224909,1759158513.591224909,/xwing/agiros_pilot/telemetry.reference.pose.position.z,1.5
3.121266083,1759158513.592266083,/xwing/agiros_pilot/telemetry.reference.pose.position.z,1.5
3.130228476,1759158513.601228476,/xwing/agiros_pilot/telemetry.reference.pose.position.z,1.5
3.130228476,1759158513.601228476,/xwing/agiros_pilot/telemetry.reference.pose.position.z,1.5
3.131252722,1759158513.602252722,/xwing/agiros_pilot/telemetry.reference.pose.position.z,1.5
3.140264944,1759158513.611264944,/xwing/agiros_pilot/telemetry.reference.pose.position.z,1.5
3.140264944,1759158513.611264944,/xwing/agiros_pilot/telemetry.reference.pose.position.z,1.5
3.141242937,1759158513.612242937,/xwing/agiros_pilot/telemetry.reference.pose.position.z,1.5
3.150227503,1759158513.621227503,/xwing/agiros_pilot/telemetry.reference.pose.position.z,1.5
3.150227503,1759158513.621227503,/xwing/agiros_pilot/telemetry.reference.pose.position.z,1.5
3.151233391,1759158513.622233391,/xwing/agiros_pilot/telemetry.reference.pose.position.z,1.5
3.160225824,1759158513.631225824,/xwing/agiros_pilot/telemetry.reference.pose.position.z,1.5
3.160225824,1759158513.631225824,/xwing/agiros_pilot/telemetry.reference.pose.position.z,1.5
3.161231236,1759158513.632231236,/xwing/agiros_pilot/telemetry.reference.pose.position.z,1.5
3.170223669,1759158513.641223669,/xwing/agiros_pilot/telemetry.reference.pose.position.z,1.5
3.170223669,1759158513.641223669,/xwing/agiros_pilot/telemetry.reference.pose.position.z,1.5
3.171217875,1759158513.642217875,/xwing/agiros_pilot/telemetry.reference.pose.position.z,1.5
3.180223421,1759158513.651223421,/xwing/agiros_pilot/telemetry.reference.pose.position.z,1.5
3.180223421,1759158513.651223421,/xwing/agiros_pilot/telemetry.reference.pose.position.z,1.5
3.181204275,1759158513.652204275,/xwing/agiros_pilot/telemetry.reference.pose.position.z,1.5
3.1902238880000002,1759158513.661223888,/xwing/agiros_pilot/telemetry.reference.pose.position.z,1.5
3.1902238880000002,1759158513.661223888,/xwing/agiros_pilot/telemetry.reference.pose.position.z,1.5
3.191193775,1759158513.662193775,/xwing/agiros_pilot/telemetry.reference.pose.position.z,1.5
3.200227932,1759158513.671227932,/xwing/agiros_pilot/telemetry.reference.pose.position.z,1.5
3.200227932,1759158513.671227932,/xwing/agiros_pilot/telemetry.reference.pose.position.z,1.5
3.201183752,1759158513.672183752,/xwing/agiros_pilot/telemetry.reference.pose.position.z,1.5
3.210223869,1759158513.681223869,/xwing/agiros_pilot/telemetry.reference.pose.position.z,1.5
3.210223869,1759158513.681223869,/xwing/agiros_pilot/telemetry.reference.pose.position.z,1.5
3.211172537,1759158513.682172537,/xwing/agiros_pilot/telemetry.reference.pose.position.z,1.5
3.220224813,1759158513.691224813,/xwing/agiros_pilot/telemetry.reference.pose.position.z,1.5
3.220224813,1759158513.691224813,/xwing/agiros_pilot/telemetry.reference.pose.position.z,1.5
3.221162991,1759158513.692162991,/xwing/agiros_pilot/telemetry.reference.pose.position.z,1.5
3.230224566,1759158513.701224566,/xwing/agiros_pilot/telemetry.reference.pose.position.z,1.5
3.230224566,1759158513.701224566,/xwing/agiros_pilot/telemetry.reference.pose.position.z,1.5
3.23115416,1759158513.702154160,/xwing/agiros_pilot/telemetry.reference.pose.position.z,1.5
3.234482006,1759158513.705482006,/xwing/agiros_pilot/telemetry.reference.pose.position.z,1.5
3.23781176,1759158513.708811760,/xwing/agiros_pilot/telemetry.reference.pose.position.z,1.5000000000000002
3.241144613,1759158513.712144613,/xwing/agiros_pilot/telemetry.reference.pose.position.z,1.5
3.244472221,1759158513.715472221,/xwing/agiros_pilot/telemetry.reference.pose.position.z,1.5
3.247803167,1759158513.718803167,/xwing/agiros_pilot/telemetry.reference.pose.position.z,1.5
3.2513804,1759158513.722380400,/xwing/agiros_pilot/telemetry.reference.pose.position.z,1.5
3.260223822,1759158513.731223822,/xwing/agiros_pilot/telemetry.reference.pose.position.z,1.5
3.260223822,1759158513.731223822,/xwing/agiros_pilot/telemetry.reference.pose.position.z,1.5
3.261123375,1759158513.732123375,/xwing/agiros_pilot/telemetry.reference.pose.position.z,1.5
3.270224527,1759158513.741224527,/xwing/agiros_pilot/telemetry.reference.pose.position.z,1.5
3.270224527,1759158513.741224527,/xwing/agiros_pilot/telemetry.reference.pose.position.z,1.5
3.27111359,1759158513.742113590,/xwing/agiros_pilot/telemetry.reference.pose.position.z,1.5
3.274441675,1759158513.745441675,/xwing/agiros_pilot/telemetry.reference.pose.position.z,1.5
3.280224518,1759158513.751224518,/xwing/agiros_pilot/telemetry.reference.pose.position.z,1.5
3.281105236,1759158513.752105236,/xwing/agiros_pilot/telemetry.reference.pose.position.z,1.5
3.290226654,1759158513.761226654,/xwing/agiros_pilot/telemetry.reference.pose.position.z,1.5
3.290226654,1759158513.761226654,/xwing/agiros_pilot/telemetry.reference.pose.position.z,1.5
3.291092829,1759158513.762092829,/xwing/agiros_pilot/telemetry.reference.pose.position.z,1.5
3.300225452,1759158513.771225452,/xwing/agiros_pilot/telemetry.reference.pose.position.z,1.5
3.300225452,1759158513.771225452,/xwing/agiros_pilot/telemetry.reference.pose.position.z,1.5
3.301083759,1759158513.772083759,/xwing/agiros_pilot/telemetry.reference.pose.position.z,1.5
3.310226158,1759158513.781226158,/xwing/agiros_pilot/telemetry.reference.pose.position.z,1.5
3.310226158,1759158513.781226158,/xwing/agiros_pilot/telemetry.reference.pose.position.z,1.5
3.3110739750000002,1759158513.782073975,/xwing/agiros_pilot/telemetry.reference.pose.position.z,1.5
3.320226387,1759158513.791226387,/xwing/agiros_pilot/telemetry.reference.pose.position.z,1.5
3.320226387,1759158513.791226387,/xwing/agiros_pilot/telemetry.reference.pose.position.z,1.5
3.321063713,1759158513.792063713,/xwing/agiros_pilot/telemetry.reference.pose.position.z,1.5
3.330223993,1759158513.801223993,/xwing/agiros_pilot/telemetry.reference.pose.position.z,1.5
3.330223993,1759158513.801223993,/xwing/agiros_pilot/telemetry.reference.pose.position.z,1.5
3.33105822,1759158513.802058220,/xwing/agiros_pilot/telemetry.reference.pose.position.z,1.5
3.340233282,1759158513.811233282,/xwing/agiros_pilot/telemetry.reference.pose.position.z,1.5
3.340233282,1759158513.811233282,/xwing/agiros_pilot/telemetry.reference.pose.position.z,1.5
3.341050104,1759158513.812050104,/xwing/agiros_pilot/telemetry.reference.pose.position.z,1.5
3.350228027,1759158513.821228027,/xwing/agiros_pilot/telemetry.reference.pose.position.z,1.5
3.350228027,1759158513.821228027,/xwing/agiros_pilot/telemetry.reference.pose.position.z,1.5
3.3510372200000003,1759158513.822037220,/xwing/agiros_pilot/telemetry.reference.pose.position.z,1.5
3.360223965,1759158513.831223965,/xwing/agiros_pilot/telemetry.reference.pose.position.z,1.5
3.360223965,1759158513.831223965,/xwing/agiros_pilot/telemetry.reference.pose.position.z,1.5
3.361025766,1759158513.832025766,/xwing/agiros_pilot/telemetry.reference.pose.position.z,1.5
3.370224194,1759158513.841224194,/xwing/agiros_pilot/telemetry.reference.pose.position.z,1.5
3.370224194,1759158513.841224194,/xwing/agiros_pilot/telemetry.reference.pose.position.z,1.5
3.371013359,1759158513.842013359,/xwing/agiros_pilot/telemetry.reference.pose.position.z,1.5
3.380224661,1759158513.851224661,/xwing/agiros_pilot/telemetry.reference.pose.position.z,1.5
3.380224661,1759158513.851224661,/xwing/agiros_pilot/telemetry.reference.pose.position.z,1.5
3.381004766,1759158513.852004766,/xwing/agiros_pilot/telemetry.reference.pose.position.z,1.5
3.390224651,1759158513.861224651,/xwing/agiros_pilot/telemetry.reference.pose.position.z,1.5
3.390224651,1759158513.861224651,/xwing/agiros_pilot/telemetry.reference.pose.position.z,1.5
3.390993551,1759158513.861993551,/xwing/agiros_pilot/telemetry.reference.pose.position.z,1.5
3.400223688,1759158513.871223688,/xwing/agiros_pilot/telemetry.reference.pose.position.z,1.5
3.400223688,1759158513.871223688,/xwing/agiros_pilot/telemetry.reference.pose.position.z,1.5
3.400986628,1759158513.871986628,/xwing/agiros_pilot/telemetry.reference.pose.position.z,1.5
3.410222963,1759158513.881222963,/xwing/agiros_pilot/telemetry.reference.pose.position.z,1.5
3.410222963,1759158513.881222963,/xwing/agiros_pilot/telemetry.reference.pose.position.z,1.5
3.410973505,1759158513.881973505,/xwing/agiros_pilot/telemetry.reference.pose.position.z,1.5
3.420224146,1759158513.891224146,/xwing/agiros_pilot/telemetry.reference.pose.position.z,1.5
3.420224146,1759158513.891224146,/xwing/agiros_pilot/telemetry.reference.pose.position.z,1.5
3.420963243,1759158513.891963243,/xwing/agiros_pilot/telemetry.reference.pose.position.z,1.5
3.430225567,1759158513.901225567,/xwing/agiros_pilot/telemetry.reference.pose.position.z,1.5
3.430225567,1759158513.901225567,/xwing/agiros_pilot/telemetry.reference.pose.position.z,1.5
3.430954651,1759158513.901954651,/xwing/agiros_pilot/telemetry.reference.pose.position.z,1.5
3.43428512,1759158513.905285120,/xwing/agiros_pilot/telemetry.reference.pose.position.z,1.5
3.437613205,1759158513.908613205,/xwing/agiros_pilot/telemetry.reference.pose.position.z,1.5
3.440943674,1759158513.911943674,/xwing/agiros_pilot/telemetry.reference.pose.position.z,1.5
3.444274382,1759158513.915274382,/xwing/agiros_pilot/telemetry.reference.pose.position.z,1.5
3.447604851,1759158513.918604851,/xwing/agiros_pilot/telemetry.reference.pose.position.z,1.5
3.450934843,1759158513.921934843,/xwing/agiros_pilot/telemetry.reference.pose.position.z,1.5
3.460223154,1759158513.931223154,/xwing/agiros_pilot/telemetry.reference.pose.position.z,1.5
3.460223154,1759158513.931223154,/xwing/agiros_pilot/telemetry.reference.pose.position.z,1.5
3.460923628,1759158513.931923628,/xwing/agiros_pilot/telemetry.reference.pose.position.z,1.5
3.470226006,1759158513.941226006,/xwing/agiros_pilot/telemetry.reference.pose.position.z,1.5
3.470226006,1759158513.941226006,/xwing/agiros_pilot/telemetry.reference.pose.position.z,1.5
3.470914558,1759158513.941914558,/xwing/agiros_pilot/telemetry.reference.pose.position.z,1.5
3.480222658,1759158513.951222658,/xwing/agiros_pilot/telemetry.reference.pose.position.z,1.5
3.480222658,1759158513.951222658,/xwing/agiros_pilot/telemetry.reference.pose.position.z,1.5
3.480904058,1759158513.951904058,/xwing/agiros_pilot/telemetry.reference.pose.position.z,1.5
3.490221695,1759158513.961221695,/xwing/agiros_pilot/telemetry.reference.pose.position.z,1.5
3.490221695,1759158513.961221695,/xwing/agiros_pilot/telemetry.reference.pose.position.z,1.5
3.490893797,1759158513.961893797,/xwing/agiros_pilot/telemetry.reference.pose.position.z,1.5
3.5002314610000003,1759158513.971231461,/xwing/agiros_pilot/telemetry.reference.pose.position.z,1.5
3.5002314610000003,1759158513.971231461,/xwing/agiros_pilot/telemetry.reference.pose.position.z,1.5
3.500887589,1759158513.971887589,/xwing/agiros_pilot/telemetry.reference.pose.position.z,1.5
3.504214005,1759158513.975214005,/xwing/agiros_pilot/telemetry.reference.pose.position.z,1.5
3.510222391,1759158513.981222391,/xwing/agiros_pilot/telemetry.reference.pose.position.z,1.5
3.5108751810000003,1759158513.981875181,/xwing/agiros_pilot/telemetry.reference.pose.position.z,1.5
3.520223574,1759158513.991223574,/xwing/agiros_pilot/telemetry.reference.pose.position.z,1.5
3.520223574,1759158513.991223574,/xwing/agiros_pilot/telemetry.reference.pose.position.z,1.5
3.5208627740000003,1759158513.991862774,/xwing/agiros_pilot/telemetry.reference.pose.position.z,1.5
3.524193005,1759158513.995193005,/xwing/agiros_pilot/telemetry.reference.pose.position.z,1.5
3.530224041,1759158514.001224041,/xwing/agiros_pilot/telemetry.reference.pose.position.z,1.5
3.530854181,1759158514.001854181,/xwing/agiros_pilot/telemetry.reference.pose.position.z,1.5
3.540233807,1759158514.011233807,/xwing/agiros_pilot/telemetry.reference.pose.position.z,1.5
3.540233807,1759158514.011233807,/xwing/agiros_pilot/telemetry.reference.pose.position.z,1.5
3.540843204,1759158514.011843204,/xwing/agiros_pilot/telemetry.reference.pose.position.z,1.5
3.550224499,1759158514.021224499,/xwing/agiros_pilot/telemetry.reference.pose.position.z,1.5
3.550224499,1759158514.021224499,/xwing/agiros_pilot/telemetry.reference.pose.position.z,1.5
3.550833181,1759158514.021833181,/xwing/agiros_pilot/telemetry.reference.pose.position.z,1.5
3.560222582,1759158514.031222582,/xwing/agiros_pilot/telemetry.reference.pose.position.z,1.5
3.560222582,1759158514.031222582,/xwing/agiros_pilot/telemetry.reference.pose.position.z,1.5
3.5608248270000002,1759158514.031824827,/xwing/agiros_pilot/telemetry.reference.pose.position.z,1.5
3.5702302020000003,1759158514.041230202,/xwing/agiros_pilot/telemetry.reference.pose.position.z,1.5
3.5702302020000003,1759158514.041230202,/xwing/agiros_pilot/telemetry.reference.pose.position.z,1.5
3.570814089,1759158514.041814089,/xwing/agiros_pilot/telemetry.reference.pose.position.z,1.5
3.58022447,1759158514.051224470,/xwing/agiros_pilot/telemetry.reference.pose.position.z,1.5
3.58022447,1759158514.051224470,/xwing/agiros_pilot/telemetry.reference.pose.position.z,1.5
3.580804543,1759158514.051804543,/xwing/agiros_pilot/telemetry.reference.pose.position.z,1.5
3.590228514,1759158514.061228514,/xwing/agiros_pilot/telemetry.reference.pose.position.z,1.5
3.590228514,1759158514.061228514,/xwing/agiros_pilot/telemetry.reference.pose.position.z,1.5
3.5907969040000003,1759158514.061796904,/xwing/agiros_pilot/telemetry.reference.pose.position.z,1.5
3.600227312,1759158514.071227312,/xwing/agiros_pilot/telemetry.reference.pose.position.z,1.5
3.600227312,1759158514.071227312,/xwing/agiros_pilot/telemetry.reference.pose.position.z,1.5
3.600783543,1759158514.071783543,/xwing/agiros_pilot/telemetry.reference.pose.position.z,1.5
3.610227064,1759158514.081227064,/xwing/agiros_pilot/telemetry.reference.pose.position.z,1.5
3.610227064,1759158514.081227064,/xwing/agiros_pilot/telemetry.reference.pose.position.z,1.5
3.610773043,1759158514.081773043,/xwing/agiros_pilot/telemetry.reference.pose.position.z,1.5
3.614102797,1759158514.085102797,/xwing/agiros_pilot/telemetry.reference.pose.position.z,1.5000000000000002
3.620226101,1759158514.091226101,/xwing/agiros_pilot/telemetry.reference.pose.position.z,1.5
3.620764688,1759158514.091764688,/xwing/agiros_pilot/telemetry.reference.pose.position.z,1.5
3.630225853,1759158514.101225853,/xwing/agiros_pilot/telemetry.reference.pose.position.z,1.5
3.630225853,1759158514.101225853,/xwing/agiros_pilot/telemetry.reference.pose.position.z,1.5
3.63075395,1759158514.101753950,/xwing/agiros_pilot/telemetry.reference.pose.position.z,1.5
3.640230135,1759158514.111230135,/xwing/agiros_pilot/telemetry.reference.pose.position.z,1.5
3.640230135,1759158514.111230135,/xwing/agiros_pilot/telemetry.reference.pose.position.z,1.5
3.640744404,1759158514.111744404,/xwing/agiros_pilot/telemetry.reference.pose.position.z,1.5
3.644071774,1759158514.115071774,/xwing/agiros_pilot/telemetry.reference.pose.position.z,1.5
3.647402243,1759158514.118402243,/xwing/agiros_pilot/telemetry.reference.pose.position.z,1.5
3.650735811,1759158514.121735811,/xwing/agiros_pilot/telemetry.reference.pose.position.z,1.5
3.654062466,1759158514.125062466,/xwing/agiros_pilot/telemetry.reference.pose.position.z,1.5
3.65739222,1759158514.128392220,/xwing/agiros_pilot/telemetry.reference.pose.position.z,1.5
3.660724119,1759158514.131724119,/xwing/agiros_pilot/telemetry.reference.pose.position.z,1.5
3.67022653,1759158514.141226530,/xwing/agiros_pilot/telemetry.reference.pose.position.z,1.5
3.67022653,1759158514.141226530,/xwing/agiros_pilot/telemetry.reference.pose.position.z,1.5
3.670713381,1759158514.141713381,/xwing/agiros_pilot/telemetry.reference.pose.position.z,1.5
3.68022509,1759158514.151225090,/xwing/agiros_pilot/telemetry.reference.pose.position.z,1.5
3.68022509,1759158514.151225090,/xwing/agiros_pilot/telemetry.reference.pose.position.z,1.5
3.680704311,1759158514.151704311,/xwing/agiros_pilot/telemetry.reference.pose.position.z,1.5
3.684035257,1759158514.155035257,/xwing/agiros_pilot/telemetry.reference.pose.position.z,1.5
3.6902238880000002,1759158514.161223888,/xwing/agiros_pilot/telemetry.reference.pose.position.z,1.5
3.690694288,1759158514.161694288,/xwing/agiros_pilot/telemetry.reference.pose.position.z,1.5
3.694023327,1759158514.165023327,/xwing/agiros_pilot/telemetry.reference.pose.position.z,1.5
3.700222448,1759158514.171222448,/xwing/agiros_pilot/telemetry.reference.pose.position.z,1.5
3.70068498,1759158514.171684980,/xwing/agiros_pilot/telemetry.reference.pose.position.z,1.5
3.710223631,1759158514.181223631,/xwing/agiros_pilot/telemetry.reference.pose.position.z,1.5
3.710223631,1759158514.181223631,/xwing/agiros_pilot/telemetry.reference.pose.position.z,1.5
3.710674242,1759158514.181674242,/xwing/agiros_pilot/telemetry.reference.pose.position.z,1.5
3.7202231450000003,1759158514.191223145,/xwing/agiros_pilot/telemetry.reference.pose.position.z,1.5
3.7202231450000003,1759158514.191223145,/xwing/agiros_pilot/telemetry.reference.pose.position.z,1.5
3.7206632649999998,1759158514.191663265,/xwing/agiros_pilot/telemetry.reference.pose.position.z,1.5
3.723992781,1759158514.194992781,/xwing/agiros_pilot/telemetry.reference.pose.position.z,1.5
3.730223135,1759158514.201223135,/xwing/agiros_pilot/telemetry.reference.pose.position.z,1.5
3.730653481,1759158514.201653481,/xwing/agiros_pilot/telemetry.reference.pose.position.z,1.5
3.74023457,1759158514.211234570,/xwing/agiros_pilot/telemetry.reference.pose.position.z,1.5
3.74023457,1759158514.211234570,/xwing/agiros_pilot/telemetry.reference.pose.position.z,1.5
3.740644411,1759158514.211644411,/xwing/agiros_pilot/telemetry.reference.pose.position.z,1.5
3.750224785,1759158514.221224785,/xwing/agiros_pilot/telemetry.reference.pose.position.z,1.5
3.750224785,1759158514.221224785,/xwing/agiros_pilot/telemetry.reference.pose.position.z,1.5
3.750633434,1759158514.221633434,/xwing/agiros_pilot/telemetry.reference.pose.position.z,1.5
3.7539622340000003,1759158514.224962234,/xwing/agiros_pilot/telemetry.reference.pose.position.z,1.5
3.760223822,1759158514.231223822,/xwing/agiros_pilot/telemetry.reference.pose.position.z,1.5
3.760624126,1759158514.231624126,/xwing/agiros_pilot/telemetry.reference.pose.position.z,1.5
3.770225481,1759158514.241225481,/xwing/agiros_pilot/telemetry.reference.pose.position.z,1.5
3.770225481,1759158514.241225481,/xwing/agiros_pilot/telemetry.reference.pose.position.z,1.5
3.770615057,1759158514.241615057,/xwing/agiros_pilot/telemetry.reference.pose.position.z,1.5
3.780223803,1759158514.251223803,/xwing/agiros_pilot/telemetry.reference.pose.position.z,1.5
3.780223803,1759158514.251223803,/xwing/agiros_pilot/telemetry.reference.pose.position.z,1.5
3.780603127,1759158514.251603127,/xwing/agiros_pilot/telemetry.reference.pose.position.z,1.5
3.783932642,1759158514.254932642,/xwing/agiros_pilot/telemetry.reference.pose.position.z,1.5
3.7902264160000003,1759158514.261226416,/xwing/agiros_pilot/telemetry.reference.pose.position.z,1.5
3.790593342,1759158514.261593342,/xwing/agiros_pilot/telemetry.reference.pose.position.z,1.5
3.793923811,1759158514.264923811,/xwing/agiros_pilot/telemetry.reference.pose.position.z,1.5
3.800226406,1759158514.271226406,/xwing/agiros_pilot/telemetry.reference.pose.position.z,1.5
3.800584272,1759158514.271584272,/xwing/agiros_pilot/telemetry.reference.pose.position.z,1.5
3.810223059,1759158514.281223059,/xwing/agiros_pilot/telemetry.reference.pose.position.z,1.5
3.810223059,1759158514.281223059,/xwing/agiros_pilot/telemetry.reference.pose.position.z,1.5
3.810573772,1759158514.281573772,/xwing/agiros_pilot/telemetry.reference.pose.position.z,1.5
3.820224003,1759158514.291224003,/xwing/agiros_pilot/telemetry.reference.pose.position.z,1.5
3.820224003,1759158514.291224003,/xwing/agiros_pilot/telemetry.reference.pose.position.z,1.5
3.820564465,1759158514.291564465,/xwing/agiros_pilot/telemetry.reference.pose.position.z,1.5
3.83022757,1759158514.301227570,/xwing/agiros_pilot/telemetry.reference.pose.position.z,1.5
3.83022757,1759158514.301227570,/xwing/agiros_pilot/telemetry.reference.pose.position.z,1.5
3.830576376,1759158514.301576376,/xwing/agiros_pilot/telemetry.reference.pose.position.z,1.5
3.840234474,1759158514.311234474,/xwing/agiros_pilot/telemetry.reference.pose.position.z,1.5
3.840234474,1759158514.311234474,/xwing/agiros_pilot/telemetry.reference.pose.position.z,1.5
3.840548233,1759158514.311548233,/xwing/agiros_pilot/telemetry.reference.pose.position.z,1.5
3.843879417,1759158514.314879417,/xwing/agiros_pilot/telemetry.reference.pose.position.z,1.5
3.847208933,1759158514.318208933,/xwing/agiros_pilot/telemetry.reference.pose.position.z,1.5
3.85053821,1759158514.321538210,/xwing/agiros_pilot/telemetry.reference.pose.position.z,1.5
3.853864388,1759158514.324864388,/xwing/agiros_pilot/telemetry.reference.pose.position.z,1.5
3.8571946180000003,1759158514.328194618,/xwing/agiros_pilot/telemetry.reference.pose.position.z,1.4999999999999998
3.860526041,1759158514.331526041,/xwing/agiros_pilot/telemetry.reference.pose.position.z,1.5
3.863854603,1759158514.334854603,/xwing/agiros_pilot/telemetry.reference.pose.position.z,1.5
3.87022467,1759158514.341224670,/xwing/agiros_pilot/telemetry.reference.pose.position.z,1.5
3.870519833,1759158514.341519833,/xwing/agiros_pilot/telemetry.reference.pose.position.z,1.5
3.873848394,1759158514.344848394,/xwing/agiros_pilot/telemetry.reference.pose.position.z,1.5
3.880223946,1759158514.351223946,/xwing/agiros_pilot/telemetry.reference.pose.position.z,1.5
3.880505518,1759158514.351505518,/xwing/agiros_pilot/telemetry.reference.pose.position.z,1.5
3.883833841,1759158514.354833841,/xwing/agiros_pilot/telemetry.reference.pose.position.z,1.5
3.8902277510000003,1759158514.361227751,/xwing/agiros_pilot/telemetry.reference.pose.position.z,1.5
3.890493111,1759158514.361493111,/xwing/agiros_pilot/telemetry.reference.pose.position.z,1.5
3.893823103,1759158514.364823103,/xwing/agiros_pilot/telemetry.reference.pose.position.z,1.5
3.900225595,1759158514.371225595,/xwing/agiros_pilot/telemetry.reference.pose.position.z,1.5
3.900484041,1759158514.371484041,/xwing/agiros_pilot/telemetry.reference.pose.position.z,1.5
3.90381308,1759158514.374813080,/xwing/agiros_pilot/telemetry.reference.pose.position.z,1.5
3.9102246320000003,1759158514.381224632,/xwing/agiros_pilot/telemetry.reference.pose.position.z,1.5
3.910473064,1759158514.381473064,/xwing/agiros_pilot/telemetry.reference.pose.position.z,1.5
3.920224861,1759158514.391224861,/xwing/agiros_pilot/telemetry.reference.pose.position.z,1.5
3.920224861,1759158514.391224861,/xwing/agiros_pilot/telemetry.reference.pose.position.z,1.5
3.920468763,1759158514.391468763,/xwing/agiros_pilot/telemetry.reference.pose.position.z,1.5
3.930225567,1759158514.401225567,/xwing/agiros_pilot/telemetry.reference.pose.position.z,1.5
3.930225567,1759158514.401225567,/xwing/agiros_pilot/telemetry.reference.pose.position.z,1.5
3.930453495,1759158514.401453495,/xwing/agiros_pilot/telemetry.reference.pose.position.z,1.5
3.94022818,1759158514.411228180,/xwing/agiros_pilot/telemetry.reference.pose.position.z,1.5
3.94022818,1759158514.411228180,/xwing/agiros_pilot/telemetry.reference.pose.position.z,1.5
3.940451101,1759158514.411451101,/xwing/agiros_pilot/telemetry.reference.pose.position.z,1.5
3.943776325,1759158514.414776325,/xwing/agiros_pilot/telemetry.reference.pose.position.z,1.5
3.950225548,1759158514.421225548,/xwing/agiros_pilot/telemetry.reference.pose.position.z,1.5
3.950439648,1759158514.421439648,/xwing/agiros_pilot/telemetry.reference.pose.position.z,1.5
3.953762726,1759158514.424762726,/xwing/agiros_pilot/telemetry.reference.pose.position.z,1.5
3.960222677,1759158514.431222677,/xwing/agiros_pilot/telemetry.reference.pose.position.z,1.5
3.960423903,1759158514.431423903,/xwing/agiros_pilot/telemetry.reference.pose.position.z,1.5
3.963752941,1759158514.434752941,/xwing/agiros_pilot/telemetry.reference.pose.position.z,1.5
3.970222906,1759158514.441222906,/xwing/agiros_pilot/telemetry.reference.pose.position.z,1.5
3.970413641,1759158514.441413641,/xwing/agiros_pilot/telemetry.reference.pose.position.z,1.5
3.973743395,1759158514.444743395,/xwing/agiros_pilot/telemetry.reference.pose.position.z,1.5
3.980222897,1759158514.451222897,/xwing/agiros_pilot/telemetry.reference.pose.position.z,1.5
3.980404333,1759158514.451404333,/xwing/agiros_pilot/telemetry.reference.pose.position.z,1.5
3.9837331330000003,1759158514.454733133,/xwing/agiros_pilot/telemetry.reference.pose.position.z,1.5
3.990224079,1759158514.461224079,/xwing/agiros_pilot/telemetry.reference.pose.position.z,1.5
3.990392879,1759158514.461392879,/xwing/agiros_pilot/telemetry.reference.pose.position.z,1.5
4.000224546,1759158514.471224546,/xwing/agiros_pilot/telemetry.reference.pose.position.z,1.5
4.000224546,1759158514.471224546,/xwing/agiros_pilot/telemetry.reference.pose.position.z,1.5
4.000384048,1759158514.471384048,/xwing/agiros_pilot/telemetry.reference.pose.position.z,1.5
4.003714041,1759158514.474714041,/xwing/agiros_pilot/telemetry.reference.pose.position.z,1.5
4.010223106,1759158514.481223106,/xwing/agiros_pilot/telemetry.reference.pose.position.z,1.5
4.01037331,1759158514.481373310,/xwing/agiros_pilot/telemetry.reference.pose.position.z,1.5
4.02022715,1759158514.491227150,/xwing/agiros_pilot/telemetry.reference.pose.position.z,1.5
4.02022715,1759158514.491227150,/xwing/agiros_pilot/telemetry.reference.pose.position.z,1.5
4.020365433,1759158514.491365433,/xwing/agiros_pilot/telemetry.reference.pose.position.z,1.5
4.023693279,1759158514.494693279,/xwing/agiros_pilot/telemetry.reference.pose.position.z,1.5
4.030224518,1759158514.501224518,/xwing/agiros_pilot/telemetry.reference.pose.position.z,1.5
4.030354218,1759158514.501354218,/xwing/agiros_pilot/telemetry.reference.pose.position.z,1.5
4.033683256,1759158514.504683256,/xwing/agiros_pilot/telemetry.reference.pose.position.z,1.5
4.040231184,1759158514.511231184,/xwing/agiros_pilot/telemetry.reference.pose.position.z,1.5
4.040344433,1759158514.511344433,/xwing/agiros_pilot/telemetry.reference.pose.position.z,1.5
4.05022736,1759158514.521227360,/xwing/agiros_pilot/telemetry.reference.pose.position.z,1.5
4.05022736,1759158514.521227360,/xwing/agiros_pilot/telemetry.reference.pose.position.z,1.5
4.050333694,1759158514.521333694,/xwing/agiros_pilot/telemetry.reference.pose.position.z,1.5
4.053663687,1759158514.524663687,/xwing/agiros_pilot/telemetry.reference.pose.position.z,1.5000000000000002
4.056993202,1759158514.527993202,/xwing/agiros_pilot/telemetry.reference.pose.position.z,1.5
4.060324625,1759158514.531324625,/xwing/agiros_pilot/telemetry.reference.pose.position.z,1.5
4.063653187,1759158514.534653187,/xwing/agiros_pilot/telemetry.reference.pose.position.z,1.5
4.066983894,1759158514.537983894,/xwing/agiros_pilot/telemetry.reference.pose.position.z,1.5
4.070314363,1759158514.541314363,/xwing/agiros_pilot/telemetry.reference.pose.position.z,1.5
4.080225424,1759158514.551225424,/xwing/agiros_pilot/telemetry.reference.pose.position.z,1.5
4.080225424,1759158514.551225424,/xwing/agiros_pilot/telemetry.reference.pose.position.z,1.5
4.080307678,1759158514.551307678,/xwing/agiros_pilot/telemetry.reference.pose.position.z,1.5
4.083634333,1759158514.554634333,/xwing/agiros_pilot/telemetry.reference.pose.position.z,1.5
4.090224937,1759158514.561224937,/xwing/agiros_pilot/telemetry.reference.pose.position.z,1.5
4.090301708,1759158514.561301708,/xwing/agiros_pilot/telemetry.reference.pose.position.z,1.5
4.093629078,1759158514.564629078,/xwing/agiros_pilot/telemetry.reference.pose.position.z,1.5
4.100223736,1759158514.571223736,/xwing/agiros_pilot/telemetry.reference.pose.position.z,1.5
4.100284533,1759158514.571284533,/xwing/agiros_pilot/telemetry.reference.pose.position.z,1.5
4.103613094,1759158514.574613094,/xwing/agiros_pilot/telemetry.reference.pose.position.z,1.5
4.110223011,1759158514.581223011,/xwing/agiros_pilot/telemetry.reference.pose.position.z,1.5
4.11027284,1759158514.581272840,/xwing/agiros_pilot/telemetry.reference.pose.position.z,1.5
4.12025495,1759158514.591254950,/xwing/agiros_pilot/telemetry.reference.pose.position.z,1.5
4.12025495,1759158514.591254950,/xwing/agiros_pilot/telemetry.reference.pose.position.z,1.5
4.120269732,1759158514.591269732,/xwing/agiros_pilot/telemetry.reference.pose.position.z,1.5
4.130225615,1759158514.601225615,/xwing/agiros_pilot/telemetry.reference.pose.position.z,1.5
4.130225615,1759158514.601225615,/xwing/agiros_pilot/telemetry.reference.pose.position.z,1.5
4.13025947,1759158514.601259470,/xwing/agiros_pilot/telemetry.reference.pose.position.z,1.5
4.133590893,1759158514.604590893,/xwing/agiros_pilot/telemetry.reference.pose.position.z,1.5
4.140261845,1759158514.611261845,/xwing/agiros_pilot/telemetry.reference.pose.position.z,1.5
4.140261845,1759158514.611261845,/xwing/agiros_pilot/telemetry.reference.pose.position.z,1.5
4.150239185,1759158514.621239185,/xwing/agiros_pilot/telemetry.reference.pose.position.z,1.5
4.150239185,1759158514.621239185,/xwing/agiros_pilot/telemetry.reference.pose.position.z,1.5
4.1502394240000005,1759158514.621239424,/xwing/agiros_pilot/telemetry.reference.pose.position.z,1.5
4.16022344,1759158514.631223440,/xwing/agiros_pilot/telemetry.reference.pose.position.z,1.5
4.16022344,1759158514.631223440,/xwing/agiros_pilot/telemetry.reference.pose.position.z,1.5
4.160223679,1759158514.631223679,/xwing/agiros_pilot/telemetry.reference.pose.position.z,1.5
4.163553671,1759158514.634553671,/xwing/agiros_pilot/telemetry.reference.pose.position.z,1.5
4.170223192,1759158514.641223192,/xwing/agiros_pilot/telemetry.reference.pose.position.z,1.5
4.170223192,1759158514.641223192,/xwing/agiros_pilot/telemetry.reference.pose.position.z,1.5
4.173551516,1759158514.644551516,/xwing/agiros_pilot/telemetry.reference.pose.position.z,1.5
4.180224613,1759158514.651224613,/xwing/agiros_pilot/telemetry.reference.pose.position.z,1.5
4.180224613,1759158514.651224613,/xwing/agiros_pilot/telemetry.reference.pose.position.z,1.5
4.190222696,1759158514.661222696,/xwing/agiros_pilot/telemetry.reference.pose.position.z,1.5
4.190222696,1759158514.661222696,/xwing/agiros_pilot/telemetry.reference.pose.position.z,1.5
4.190222696,1759158514.661222696,/xwing/agiros_pilot/telemetry.reference.pose.position.z,1.5
4.193523363,1759158514.664523363,/xwing/agiros_pilot/telemetry.reference.pose.position.z,1.5
4.200255589,1759158514.671255589,/xwing/agiros_pilot/telemetry.reference.pose.position.z,1.5
4.200255589,1759158514.671255589,/xwing/agiros_pilot/telemetry.reference.pose.position.z,1.5
4.203513102,1759158514.674513102,/xwing/agiros_pilot/telemetry.reference.pose.position.z,1.5
4.210250334,1759158514.681250334,/xwing/agiros_pilot/telemetry.reference.pose.position.z,1.5
4.210250334,1759158514.681250334,/xwing/agiros_pilot/telemetry.reference.pose.position.z,1.5
4.220251755,1759158514.691251755,/xwing/agiros_pilot/telemetry.reference.pose.position.z,1.5
4.220251755,1759158514.691251755,/xwing/agiros_pilot/telemetry.reference.pose.position.z,1.5
4.220251755,1759158514.691251755,/xwing/agiros_pilot/telemetry.reference.pose.position.z,1.5
4.223493771,1759158514.694493771,/xwing/agiros_pilot/telemetry.reference.pose.position.z,1.5
4.230253414,1759158514.701253414,/xwing/agiros_pilot/telemetry.reference.pose.position.z,1.5
4.230253414,1759158514.701253414,/xwing/agiros_pilot/telemetry.reference.pose.position.z,1.5
4.233483032,1759158514.704483032,/xwing/agiros_pilot/telemetry.reference.pose.position.z,1.4999999999999998
4.240260319,1759158514.711260319,/xwing/agiros_pilot/telemetry.reference.pose.position.z,1.5
4.240260319,1759158514.711260319,/xwing/agiros_pilot/telemetry.reference.pose.position.z,1.5
4.243472771,1759158514.714472771,/xwing/agiros_pilot/telemetry.reference.pose.position.z,1.5
4.25024815,1759158514.721248150,/xwing/agiros_pilot/telemetry.reference.pose.position.z,1.5
4.25024815,1759158514.721248150,/xwing/agiros_pilot/telemetry.reference.pose.position.z,1.5
4.253463463,1759158514.724463463,/xwing/agiros_pilot/telemetry.reference.pose.position.z,1.4999999999999998
4.256792501,1759158514.727792501,/xwing/agiros_pilot/telemetry.reference.pose.position.z,1.5
4.260123686,1759158514.731123686,/xwing/agiros_pilot/telemetry.reference.pose.position.z,1.5
4.263455347,1759158514.734455347,/xwing/agiros_pilot/telemetry.reference.pose.position.z,1.5
4.26678367,1759158514.737783670,/xwing/agiros_pilot/telemetry.reference.pose.position.z,1.5
4.270113663,1759158514.741113663,/xwing/agiros_pilot/telemetry.reference.pose.position.z,1.5
4.2734427010000005,1759158514.744442701,/xwing/agiros_pilot/telemetry.reference.pose.position.z,1.5
4.280228094,1759158514.751228094,/xwing/agiros_pilot/telemetry.reference.pose.position.z,1.5
4.280228094,1759158514.751228094,/xwing/agiros_pilot/telemetry.reference.pose.position.z,1.5
4.283434347,1759158514.754434347,/xwing/agiros_pilot/telemetry.reference.pose.position.z,1.5
4.290226892,1759158514.761226892,/xwing/agiros_pilot/telemetry.reference.pose.position.z,1.5
4.290226892,1759158514.761226892,/xwing/agiros_pilot/telemetry.reference.pose.position.z,1.5
4.293423609,1759158514.764423609,/xwing/agiros_pilot/telemetry.reference.pose.position.z,1.5
4.30022879,1759158514.771228790,/xwing/agiros_pilot/telemetry.reference.pose.position.z,1.5
4.30022879,1759158514.771228790,/xwing/agiros_pilot/telemetry.reference.pose.position.z,1.5
4.303413347,1759158514.774413347,/xwing/agiros_pilot/telemetry.reference.pose.position.z,1.5
4.310228065,1759158514.781228065,/xwing/agiros_pilot/telemetry.reference.pose.position.z,1.5
4.310228065,1759158514.781228065,/xwing/agiros_pilot/telemetry.reference.pose.position.z,1.5
4.313403563,1759158514.784403563,/xwing/agiros_pilot/telemetry.reference.pose.position.z,1.5
4.320225672,1759158514.791225672,/xwing/agiros_pilot/telemetry.reference.pose.position.z,1.5
4.320225672,1759158514.791225672,/xwing/agiros_pilot/telemetry.reference.pose.position.z,1.5
4.323399738,1759158514.794399738,/xwing/agiros_pilot/telemetry.reference.pose.position.z,1.5
4.330250458,1759158514.801250458,/xwing/agiros_pilot/telemetry.reference.pose.position.z,1.5
4.330250458,1759158514.801250458,/xwing/agiros_pilot/telemetry.reference.pose.position.z,1.5
4.333382801,1759158514.804382801,/xwing/agiros_pilot/telemetry.reference.pose.position.z,1.5
4.340232328,1759158514.811232328,/xwing/agiros_pilot/telemetry.reference.pose.position.z,1.5
4.340232328,1759158514.811232328,/xwing/agiros_pilot/telemetry.reference.pose.position.z,1.5
4.343372063,1759158514.814372063,/xwing/agiros_pilot/telemetry.reference.pose.position.z,1.5
4.350228266,1759158514.821228266,/xwing/agiros_pilot/telemetry.reference.pose.position.z,1.5
4.350228266,1759158514.821228266,/xwing/agiros_pilot/telemetry.reference.pose.position.z,1.5
4.353362755,1759158514.824362755,/xwing/agiros_pilot/telemetry.reference.pose.position.z,1.5
4.360225395,1759158514.831225395,/xwing/agiros_pilot/telemetry.reference.pose.position.z,1.5
4.360225395,1759158514.831225395,/xwing/agiros_pilot/telemetry.reference.pose.position.z,1.5
4.363352732,1759158514.834352732,/xwing/agiros_pilot/telemetry.reference.pose.position.z,1.5
4.370226101,1759158514.841226101,/xwing/agiros_pilot/telemetry.reference.pose.position.z,1.5
4.370226101,1759158514.841226101,/xwing/agiros_pilot/telemetry.reference.pose.position.z,1.5
4.38022633,1759158514.851226330,/xwing/agiros_pilot/telemetry.reference.pose.position.z,1.5
4.38022633,1759158514.851226330,/xwing/agiros_pilot/telemetry.reference.pose.position.z,1.5
4.38022633,1759158514.851226330,/xwing/agiros_pilot/telemetry.reference.pose.position.z,1.5
4.383332447,1759158514.854332447,/xwing/agiros_pilot/telemetry.reference.pose.position.z,1.5
4.390224174,1759158514.861224174,/xwing/agiros_pilot/telemetry.reference.pose.position.z,1.5
4.390224174,1759158514.861224174,/xwing/agiros_pilot/telemetry.reference.pose.position.z,1.5
4.393330053,1759158514.864330053,/xwing/agiros_pilot/telemetry.reference.pose.position.z,1.5
4.400225119,1759158514.871225119,/xwing/agiros_pilot/telemetry.reference.pose.position.z,1.5
4.400225119,1759158514.871225119,/xwing/agiros_pilot/telemetry.reference.pose.position.z,1.5
4.410224155,1759158514.881224155,/xwing/agiros_pilot/telemetry.reference.pose.position.z,1.5
4.410224155,1759158514.881224155,/xwing/agiros_pilot/telemetry.reference.pose.position.z,1.5
4.410224155,1759158514.881224155,/xwing/agiros_pilot/telemetry.reference.pose.position.z,1.5
4.413303093,1759158514.884303093,/xwing/agiros_pilot/telemetry.reference.pose.position.z,1.5
4.420236067,1759158514.891236067,/xwing/agiros_pilot/telemetry.reference.pose.position.z,1.5
4.420236067,1759158514.891236067,/xwing/agiros_pilot/telemetry.reference.pose.position.z,1.5
4.423295216,1759158514.894295216,/xwing/agiros_pilot/telemetry.reference.pose.position.z,1.5
4.4302274740000005,1759158514.901227474,/xwing/agiros_pilot/telemetry.reference.pose.position.z,1.5
4.4302274740000005,1759158514.901227474,/xwing/agiros_pilot/telemetry.reference.pose.position.z,1.5
4.433283762,1759158514.904283762,/xwing/agiros_pilot/telemetry.reference.pose.position.z,1.5
4.440241055,1759158514.911241055,/xwing/agiros_pilot/telemetry.reference.pose.position.z,1.5
4.440241055,1759158514.911241055,/xwing/agiros_pilot/telemetry.reference.pose.position.z,1.5
4.443279222,1759158514.914279222,/xwing/agiros_pilot/telemetry.reference.pose.position.z,1.5
4.450229601,1759158514.921229601,/xwing/agiros_pilot/telemetry.reference.pose.position.z,1.5
4.450229601,1759158514.921229601,/xwing/agiros_pilot/telemetry.reference.pose.position.z,1.5
4.453262524,1759158514.924262524,/xwing/agiros_pilot/telemetry.reference.pose.position.z,1.5
4.460224823,1759158514.931224823,/xwing/agiros_pilot/telemetry.reference.pose.position.z,1.5
4.460224823,1759158514.931224823,/xwing/agiros_pilot/telemetry.reference.pose.position.z,1.5
4.463252262,1759158514.934252262,/xwing/agiros_pilot/telemetry.reference.pose.position.z,1.5
4.466582016,1759158514.937582016,/xwing/agiros_pilot/telemetry.reference.pose.position.z,1.5
4.469913916,1759158514.940913916,/xwing/agiros_pilot/telemetry.reference.pose.position.z,1.5
4.473244146,1759158514.944244146,/xwing/agiros_pilot/telemetry.reference.pose.position.z,1.5
4.476572947,1759158514.947572947,/xwing/agiros_pilot/telemetry.reference.pose.position.z,1.5
4.480225281,1759158514.951225281,/xwing/agiros_pilot/telemetry.reference.pose.position.z,1.5
4.483232693,1759158514.954232693,/xwing/agiros_pilot/telemetry.reference.pose.position.z,1.5
4.490236715,1759158514.961236715,/xwing/agiros_pilot/telemetry.reference.pose.position.z,1.5
4.490236715,1759158514.961236715,/xwing/agiros_pilot/telemetry.reference.pose.position.z,1.5
4.493222431,1759158514.964222431,/xwing/agiros_pilot/telemetry.reference.pose.position.z,1.5
4.500225739,1759158514.971225739,/xwing/agiros_pilot/telemetry.reference.pose.position.z,1.5
4.500225739,1759158514.971225739,/xwing/agiros_pilot/telemetry.reference.pose.position.z,1.5
4.50321217,1759158514.974212170,/xwing/agiros_pilot/telemetry.reference.pose.position.z,1.5
4.510225252,1759158514.981225252,/xwing/agiros_pilot/telemetry.reference.pose.position.z,1.5
4.510225252,1759158514.981225252,/xwing/agiros_pilot/telemetry.reference.pose.position.z,1.5
4.513203815,1759158514.984203815,/xwing/agiros_pilot/telemetry.reference.pose.position.z,1.5
4.520224527,1759158514.991224527,/xwing/agiros_pilot/telemetry.reference.pose.position.z,1.5
4.520224527,1759158514.991224527,/xwing/agiros_pilot/telemetry.reference.pose.position.z,1.5
4.523193077,1759158514.994193077,/xwing/agiros_pilot/telemetry.reference.pose.position.z,1.5
4.530225233,1759158515.001225233,/xwing/agiros_pilot/telemetry.reference.pose.position.z,1.5
4.530225233,1759158515.001225233,/xwing/agiros_pilot/telemetry.reference.pose.position.z,1.5
4.533184484,1759158515.004184484,/xwing/agiros_pilot/telemetry.reference.pose.position.z,1.5
4.540233807,1759158515.011233807,/xwing/agiros_pilot/telemetry.reference.pose.position.z,1.5
4.540233807,1759158515.011233807,/xwing/agiros_pilot/telemetry.reference.pose.position.z,1.5
4.543173985,1759158515.014173985,/xwing/agiros_pilot/telemetry.reference.pose.position.z,1.5
4.55022736,1759158515.021227360,/xwing/agiros_pilot/telemetry.reference.pose.position.z,1.5
4.55022736,1759158515.021227360,/xwing/agiros_pilot/telemetry.reference.pose.position.z,1.5
4.553163246,1759158515.024163246,/xwing/agiros_pilot/telemetry.reference.pose.position.z,1.4999999999999998
4.560224251,1759158515.031224251,/xwing/agiros_pilot/telemetry.reference.pose.position.z,1.5
4.560224251,1759158515.031224251,/xwing/agiros_pilot/telemetry.reference.pose.position.z,1.5
4.563161091,1759158515.034161091,/xwing/agiros_pilot/telemetry.reference.pose.position.z,1.5
4.570225195,1759158515.041225195,/xwing/agiros_pilot/telemetry.reference.pose.position.z,1.5
4.570225195,1759158515.041225195,/xwing/agiros_pilot/telemetry.reference.pose.position.z,1.5
4.573152975,1759158515.044152975,/xwing/agiros_pilot/telemetry.reference.pose.position.z,1.5
4.580225424,1759158515.051225424,/xwing/agiros_pilot/telemetry.reference.pose.position.z,1.5
4.580225424,1759158515.051225424,/xwing/agiros_pilot/telemetry.reference.pose.position.z,1.5
4.583140329,1759158515.054140329,/xwing/agiros_pilot/telemetry.reference.pose.position.z,1.5
4.590229467,1759158515.061229467,/xwing/agiros_pilot/telemetry.reference.pose.position.z,1.5
4.590229467,1759158515.061229467,/xwing/agiros_pilot/telemetry.reference.pose.position.z,1.5
4.593123631,1759158515.064123631,/xwing/agiros_pilot/telemetry.reference.pose.position.z,1.5000000000000002
4.600224213,1759158515.071224213,/xwing/agiros_pilot/telemetry.reference.pose.position.z,1.5
4.600224213,1759158515.071224213,/xwing/agiros_pilot/telemetry.reference.pose.position.z,1.5
4.603112892,1759158515.074112892,/xwing/agiros_pilot/telemetry.reference.pose.position.z,1.5
4.610226349,1759158515.081226349,/xwing/agiros_pilot/telemetry.reference.pose.position.z,1.5
4.610226349,1759158515.081226349,/xwing/agiros_pilot/telemetry.reference.pose.position.z,1.5
4.6131052530000005,1759158515.084105253,/xwing/agiros_pilot/telemetry.reference.pose.position.z,1.5
4.6202265780000005,1759158515.091226578,/xwing/agiros_pilot/telemetry.reference.pose.position.z,1.5
4.6202265780000005,1759158515.091226578,/xwing/agiros_pilot/telemetry.reference.pose.position.z,1.5
4.6230938,1759158515.094093800,/xwing/agiros_pilot/telemetry.reference.pose.position.z,1.5
4.63022633,1759158515.101226330,/xwing/agiros_pilot/telemetry.reference.pose.position.z,1.5
4.63022633,1759158515.101226330,/xwing/agiros_pilot/telemetry.reference.pose.position.z,1.5
4.633082584,1759158515.104082584,/xwing/agiros_pilot/telemetry.reference.pose.position.z,1.5
4.64023991,1759158515.111239910,/xwing/agiros_pilot/telemetry.reference.pose.position.z,1.5
4.64023991,1759158515.111239910,/xwing/agiros_pilot/telemetry.reference.pose.position.z,1.5
4.643075184,1759158515.114075184,/xwing/agiros_pilot/telemetry.reference.pose.position.z,1.5
4.650254444,1759158515.121254444,/xwing/agiros_pilot/telemetry.reference.pose.position.z,1.5
4.650254444,1759158515.121254444,/xwing/agiros_pilot/telemetry.reference.pose.position.z,1.5
4.653063253,1759158515.124063253,/xwing/agiros_pilot/telemetry.reference.pose.position.z,1.5
4.660262302,1759158515.131262302,/xwing/agiros_pilot/telemetry.reference.pose.position.z,1.5
4.660262302,1759158515.131262302,/xwing/agiros_pilot/telemetry.reference.pose.position.z,1.5
4.663052753,1759158515.134052753,/xwing/agiros_pilot/telemetry.reference.pose.position.z,1.5
4.666382746,1759158515.137382746,/xwing/agiros_pilot/telemetry.reference.pose.position.z,1.5
4.669714407,1759158515.140714407,/xwing/agiros_pilot/telemetry.reference.pose.position.z,1.5
4.673043922,1759158515.144043922,/xwing/agiros_pilot/telemetry.reference.pose.position.z,1.5
4.676374868,1759158515.147374868,/xwing/agiros_pilot/telemetry.reference.pose.position.z,1.5
4.679705576,1759158515.150705576,/xwing/agiros_pilot/telemetry.reference.pose.position.z,1.5
4.683033184,1759158515.154033184,/xwing/agiros_pilot/telemetry.reference.pose.position.z,1.5
4.690225557,1759158515.161225557,/xwing/agiros_pilot/telemetry.reference.pose.position.z,1.5
4.690225557,1759158515.161225557,/xwing/agiros_pilot/telemetry.reference.pose.position.z,1.5
4.693023161,1759158515.164023161,/xwing/agiros_pilot/telemetry.reference.pose.position.z,1.5
4.700251774,1759158515.171251774,/xwing/agiros_pilot/telemetry.reference.pose.position.z,1.5
4.700251774,1759158515.171251774,/xwing/agiros_pilot/telemetry.reference.pose.position.z,1.5
4.703013615,1759158515.174013615,/xwing/agiros_pilot/telemetry.reference.pose.position.z,1.5
4.710229591,1759158515.181229591,/xwing/agiros_pilot/telemetry.reference.pose.position.z,1.5
4.710229591,1759158515.181229591,/xwing/agiros_pilot/telemetry.reference.pose.position.z,1.5
4.71300383,1759158515.184003830,/xwing/agiros_pilot/telemetry.reference.pose.position.z,1.5
4.720262484,1759158515.191262484,/xwing/agiros_pilot/telemetry.reference.pose.position.z,1.5
4.720262484,1759158515.191262484,/xwing/agiros_pilot/telemetry.reference.pose.position.z,1.5
4.722992138,1759158515.193992138,/xwing/agiros_pilot/telemetry.reference.pose.position.z,1.5
4.73026152,1759158515.201261520,/xwing/agiros_pilot/telemetry.reference.pose.position.z,1.5
4.73026152,1759158515.201261520,/xwing/agiros_pilot/telemetry.reference.pose.position.z,1.5
4.732983784,1759158515.203983784,/xwing/agiros_pilot/telemetry.reference.pose.position.z,1.5
4.7402350460000005,1759158515.211235046,/xwing/agiros_pilot/telemetry.reference.pose.position.z,1.5
4.7402350460000005,1759158515.211235046,/xwing/agiros_pilot/telemetry.reference.pose.position.z,1.5
4.742971853,1759158515.213971853,/xwing/agiros_pilot/telemetry.reference.pose.position.z,1.5
4.7502286,1759158515.221228600,/xwing/agiros_pilot/telemetry.reference.pose.position.z,1.5
4.7502286,1759158515.221228600,/xwing/agiros_pilot/telemetry.reference.pose.position.z,1.5
4.752964691,1759158515.223964691,/xwing/agiros_pilot/telemetry.reference.pose.position.z,1.5
4.760224537,1759158515.231224537,/xwing/agiros_pilot/telemetry.reference.pose.position.z,1.5
4.760224537,1759158515.231224537,/xwing/agiros_pilot/telemetry.reference.pose.position.z,1.5
4.76295443,1759158515.233954430,/xwing/agiros_pilot/telemetry.reference.pose.position.z,1.5
4.770255045,1759158515.241255045,/xwing/agiros_pilot/telemetry.reference.pose.position.z,1.5
4.770255045,1759158515.241255045,/xwing/agiros_pilot/telemetry.reference.pose.position.z,1.5
4.772944168,1759158515.243944168,/xwing/agiros_pilot/telemetry.reference.pose.position.z,1.5
4.780226187,1759158515.251226187,/xwing/agiros_pilot/telemetry.reference.pose.position.z,1.5
4.780226187,1759158515.251226187,/xwing/agiros_pilot/telemetry.reference.pose.position.z,1.5
4.782933191,1759158515.253933191,/xwing/agiros_pilot/telemetry.reference.pose.position.z,1.5
4.7902257,1759158515.261225700,/xwing/agiros_pilot/telemetry.reference.pose.position.z,1.5
4.7902257,1759158515.261225700,/xwing/agiros_pilot/telemetry.reference.pose.position.z,1.5
4.792923407,1759158515.263923407,/xwing/agiros_pilot/telemetry.reference.pose.position.z,1.4999999999999998
4.800226645,1759158515.271226645,/xwing/agiros_pilot/telemetry.reference.pose.position.z,1.5
4.800226645,1759158515.271226645,/xwing/agiros_pilot/telemetry.reference.pose.position.z,1.5
4.802915052,1759158515.273915052,/xwing/agiros_pilot/telemetry.reference.pose.position.z,1.5
4.81022592,1759158515.281225920,/xwing/agiros_pilot/telemetry.reference.pose.position.z,1.5
4.81022592,1759158515.281225920,/xwing/agiros_pilot/telemetry.reference.pose.position.z,1.5
4.812906698,1759158515.283906698,/xwing/agiros_pilot/telemetry.reference.pose.position.z,1.5
4.820225195,1759158515.291225195,/xwing/agiros_pilot/telemetry.reference.pose.position.z,1.5
4.820225195,1759158515.291225195,/xwing/agiros_pilot/telemetry.reference.pose.position.z,1.5
4.822893576,1759158515.293893576,/xwing/agiros_pilot/telemetry.reference.pose.position.z,1.5
4.83025618,1759158515.301256180,/xwing/agiros_pilot/telemetry.reference.pose.position.z,1.5
4.83025618,1759158515.301256180,/xwing/agiros_pilot/telemetry.reference.pose.position.z,1.5
4.832884029,1759158515.303884029,/xwing/agiros_pilot/telemetry.reference.pose.position.z,1.5
4.840228037,1759158515.311228037,/xwing/agiros_pilot/telemetry.reference.pose.position.z,1.5
4.840228037,1759158515.311228037,/xwing/agiros_pilot/telemetry.reference.pose.position.z,1.5
4.842873291,1759158515.313873291,/xwing/agiros_pilot/telemetry.reference.pose.position.z,1.5
4.850225166,1759158515.321225166,/xwing/agiros_pilot/telemetry.reference.pose.position.z,1.5
4.850225166,1759158515.321225166,/xwing/agiros_pilot/telemetry.reference.pose.position.z,1.5
4.852864222,1759158515.323864222,/xwing/agiros_pilot/telemetry.reference.pose.position.z,1.5
4.860223249,1759158515.331223249,/xwing/agiros_pilot/telemetry.reference.pose.position.z,1.5
4.860223249,1759158515.331223249,/xwing/agiros_pilot/telemetry.reference.pose.position.z,1.5
4.8628537220000005,1759158515.333853722,/xwing/agiros_pilot/telemetry.reference.pose.position.z,1.5
4.870222286,1759158515.341222286,/xwing/agiros_pilot/telemetry.reference.pose.position.z,1.5
4.870222286,1759158515.341222286,/xwing/agiros_pilot/telemetry.reference.pose.position.z,1.5
4.872843222,1759158515.343843222,/xwing/agiros_pilot/telemetry.reference.pose.position.z,1.5000000000000002
4.876174883,1759158515.347174883,/xwing/agiros_pilot/telemetry.reference.pose.position.z,1.5
4.87950416,1759158515.350504160,/xwing/agiros_pilot/telemetry.reference.pose.position.z,1.5
4.882832006,1759158515.353832006,/xwing/agiros_pilot/telemetry.reference.pose.position.z,1.5
4.886475042,1759158515.357475042,/xwing/agiros_pilot/telemetry.reference.pose.position.z,1.5
4.890227751,1759158515.361227751,/xwing/agiros_pilot/telemetry.reference.pose.position.z,1.5
4.892824844,1759158515.363824844,/xwing/agiros_pilot/telemetry.reference.pose.position.z,1.5
4.900224165,1759158515.371224165,/xwing/agiros_pilot/telemetry.reference.pose.position.z,1.5
4.900224165,1759158515.371224165,/xwing/agiros_pilot/telemetry.reference.pose.position.z,1.5
4.902813629,1759158515.373813629,/xwing/agiros_pilot/telemetry.reference.pose.position.z,1.5
4.9102248710000005,1759158515.381224871,/xwing/agiros_pilot/telemetry.reference.pose.position.z,1.5
4.9102248710000005,1759158515.381224871,/xwing/agiros_pilot/telemetry.reference.pose.position.z,1.5
4.912810282,1759158515.383810282,/xwing/agiros_pilot/telemetry.reference.pose.position.z,1.5
4.920222715,1759158515.391222715,/xwing/agiros_pilot/telemetry.reference.pose.position.z,1.5
4.920222715,1759158515.391222715,/xwing/agiros_pilot/telemetry.reference.pose.position.z,1.5
4.922792868,1759158515.393792868,/xwing/agiros_pilot/telemetry.reference.pose.position.z,1.5
4.930222706,1759158515.401222706,/xwing/agiros_pilot/telemetry.reference.pose.position.z,1.5
4.930222706,1759158515.401222706,/xwing/agiros_pilot/telemetry.reference.pose.position.z,1.5
4.93278356,1759158515.403783560,/xwing/agiros_pilot/telemetry.reference.pose.position.z,1.5
4.940227703,1759158515.411227703,/xwing/agiros_pilot/telemetry.reference.pose.position.z,1.5
4.940227703,1759158515.411227703,/xwing/agiros_pilot/telemetry.reference.pose.position.z,1.5
4.942772106,1759158515.413772106,/xwing/agiros_pilot/telemetry.reference.pose.position.z,1.5
4.950252489,1759158515.421252489,/xwing/agiros_pilot/telemetry.reference.pose.position.z,1.5
4.950252489,1759158515.421252489,/xwing/agiros_pilot/telemetry.reference.pose.position.z,1.5
4.952772812,1759158515.423772812,/xwing/agiros_pilot/telemetry.reference.pose.position.z,1.5
4.960268692,1759158515.431268692,/xwing/agiros_pilot/telemetry.reference.pose.position.z,1.5
4.960268692,1759158515.431268692,/xwing/agiros_pilot/telemetry.reference.pose.position.z,1.5
4.962758974,1759158515.433758974,/xwing/agiros_pilot/telemetry.reference.pose.position.z,1.5
4.970257954,1759158515.441257954,/xwing/agiros_pilot/telemetry.reference.pose.position.z,1.5
4.970257954,1759158515.441257954,/xwing/agiros_pilot/telemetry.reference.pose.position.z,1.5
4.97274299,1759158515.443742990,/xwing/agiros_pilot/telemetry.reference.pose.position.z,1.5
4.980251268,1759158515.451251268,/xwing/agiros_pilot/telemetry.reference.pose.position.z,1.5
4.980251268,1759158515.451251268,/xwing/agiros_pilot/telemetry.reference.pose.position.z,1.5
4.982732729,1759158515.453732729,/xwing/agiros_pilot/telemetry.reference.pose.position.z,1.5
4.990195469,1759158515.461195469,/xwing/agiros_pilot/telemetry.reference.pose.position.z,1.5
4.990195469,1759158515.461195469,/xwing/agiros_pilot/telemetry.reference.pose.position.z,1.5
4.992722467,1759158515.463722467,/xwing/agiros_pilot/telemetry.reference.pose.position.z,1.5
5.00022407,1759158515.471224070,/xwing/agiros_pilot/telemetry.reference.pose.position.z,1.5
5.00022407,1759158515.471224070,/xwing/agiros_pilot/telemetry.reference.pose.position.z,1.5
5.002713875,1759158515.473713875,/xwing/agiros_pilot/telemetry.reference.pose.position.z,1.5
5.010225967,1759158515.481225967,/xwing/agiros_pilot/telemetry.reference.pose.position.z,1.5
5.010225967,1759158515.481225967,/xwing/agiros_pilot/telemetry.reference.pose.position.z,1.5
5.012702898,1759158515.483702898,/xwing/agiros_pilot/telemetry.reference.pose.position.z,1.5
5.020224527,1759158515.491224527,/xwing/agiros_pilot/telemetry.reference.pose.position.z,1.5
5.020224527,1759158515.491224527,/xwing/agiros_pilot/telemetry.reference.pose.position.z,1.5
5.022692875,1759158515.493692875,/xwing/agiros_pilot/telemetry.reference.pose.position.z,1.5
5.03025742,1759158515.501257420,/xwing/agiros_pilot/telemetry.reference.pose.position.z,1.5
5.03025742,1759158515.501257420,/xwing/agiros_pilot/telemetry.reference.pose.position.z,1.5
5.032684759,1759158515.503684759,/xwing/agiros_pilot/telemetry.reference.pose.position.z,1.5
5.040230707,1759158515.511230707,/xwing/agiros_pilot/telemetry.reference.pose.position.z,1.5
5.040230707,1759158515.511230707,/xwing/agiros_pilot/telemetry.reference.pose.position.z,1.5
5.042673782,1759158515.513673782,/xwing/agiros_pilot/telemetry.reference.pose.position.z,1.5
5.050225929,1759158515.521225929,/xwing/agiros_pilot/telemetry.reference.pose.position.z,1.5
5.050225929,1759158515.521225929,/xwing/agiros_pilot/telemetry.reference.pose.position.z,1.5
5.052663759,1759158515.523663759,/xwing/agiros_pilot/telemetry.reference.pose.position.z,1.5
5.060223774,1759158515.531223774,/xwing/agiros_pilot/telemetry.reference.pose.position.z,1.5
5.060223774,1759158515.531223774,/xwing/agiros_pilot/telemetry.reference.pose.position.z,1.5
5.062653498,1759158515.533653498,/xwing/agiros_pilot/telemetry.reference.pose.position.z,1.5
5.07022448,1759158515.541224480,/xwing/agiros_pilot/telemetry.reference.pose.position.z,1.5
5.07022448,1759158515.541224480,/xwing/agiros_pilot/telemetry.reference.pose.position.z,1.5
5.072643951,1759158515.543643951,/xwing/agiros_pilot/telemetry.reference.pose.position.z,1.5
5.075972752,1759158515.546972752,/xwing/agiros_pilot/telemetry.reference.pose.position.z,1.5
5.079305367,1759158515.550305367,/xwing/agiros_pilot/telemetry.reference.pose.position.z,1.5
5.082632975,1759158515.553632975,/xwing/agiros_pilot/telemetry.reference.pose.position.z,1.5
5.085962729,1759158515.556962729,/xwing/agiros_pilot/telemetry.reference.pose.position.z,1.5
5.089295343,1759158515.560295343,/xwing/agiros_pilot/telemetry.reference.pose.position.z,1.5
5.092623428,1759158515.563623428,/xwing/agiros_pilot/telemetry.reference.pose.position.z,1.5
5.100226358,1759158515.571226358,/xwing/agiros_pilot/telemetry.reference.pose.position.z,1.5
5.100226358,1759158515.571226358,/xwing/agiros_pilot/telemetry.reference.pose.position.z,1.5
5.10261269,1759158515.573612690,/xwing/agiros_pilot/telemetry.reference.pose.position.z,1.5
5.110261635,1759158515.581261635,/xwing/agiros_pilot/telemetry.reference.pose.position.z,1.5
5.110261635,1759158515.581261635,/xwing/agiros_pilot/telemetry.reference.pose.position.z,1.5
5.112603859,1759158515.583603859,/xwing/agiros_pilot/telemetry.reference.pose.position.z,1.5
5.120224909,1759158515.591224909,/xwing/agiros_pilot/telemetry.reference.pose.position.z,1.5
5.120224909,1759158515.591224909,/xwing/agiros_pilot/telemetry.reference.pose.position.z,1.5
5.122592167,1759158515.593592167,/xwing/agiros_pilot/telemetry.reference.pose.position.z,1.5
5.130224184,1759158515.601224184,/xwing/agiros_pilot/telemetry.reference.pose.position.z,1.5
5.130224184,1759158515.601224184,/xwing/agiros_pilot/telemetry.reference.pose.position.z,1.5
5.132584051,1759158515.603584051,/xwing/agiros_pilot/telemetry.reference.pose.position.z,1.5
5.140227751,1759158515.611227751,/xwing/agiros_pilot/telemetry.reference.pose.position.z,1.5
5.140227751,1759158515.611227751,/xwing/agiros_pilot/telemetry.reference.pose.position.z,1.5
5.142571882,1759158515.613571882,/xwing/agiros_pilot/telemetry.reference.pose.position.z,1.5
5.15025349,1759158515.621253490,/xwing/agiros_pilot/telemetry.reference.pose.position.z,1.5
5.15025349,1759158515.621253490,/xwing/agiros_pilot/telemetry.reference.pose.position.z,1.5
5.152564005,1759158515.623564005,/xwing/agiros_pilot/telemetry.reference.pose.position.z,1.5
5.160249428,1759158515.631249428,/xwing/agiros_pilot/telemetry.reference.pose.position.z,1.5
5.160249428,1759158515.631249428,/xwing/agiros_pilot/telemetry.reference.pose.position.z,1.5
5.1625608960000005,1759158515.633560896,/xwing/agiros_pilot/telemetry.reference.pose.position.z,1.5
5.170224861,1759158515.641224861,/xwing/agiros_pilot/telemetry.reference.pose.position.z,1.5
5.170224861,1759158515.641224861,/xwing/agiros_pilot/telemetry.reference.pose.position.z,1.5
5.172543959,1759158515.643543959,/xwing/agiros_pilot/telemetry.reference.pose.position.z,1.5
5.180224375,1759158515.651224375,/xwing/agiros_pilot/telemetry.reference.pose.position.z,1.5
5.180224375,1759158515.651224375,/xwing/agiros_pilot/telemetry.reference.pose.position.z,1.5
5.182532505,1759158515.653532505,/xwing/agiros_pilot/telemetry.reference.pose.position.z,1.5
5.19022365,1759158515.661223650,/xwing/agiros_pilot/telemetry.reference.pose.position.z,1.5
5.19022365,1759158515.661223650,/xwing/agiros_pilot/telemetry.reference.pose.position.z,1.5
5.192524628,1759158515.663524628,/xwing/agiros_pilot/telemetry.reference.pose.position.z,1.5
5.20022364,1759158515.671223640,/xwing/agiros_pilot/telemetry.reference.pose.position.z,1.5
5.20022364,1759158515.671223640,/xwing/agiros_pilot/telemetry.reference.pose.position.z,1.5
5.2025138890000004,1759158515.673513889,/xwing/agiros_pilot/telemetry.reference.pose.position.z,1.5
5.210223631,1759158515.681223631,/xwing/agiros_pilot/telemetry.reference.pose.position.z,1.5
5.210223631,1759158515.681223631,/xwing/agiros_pilot/telemetry.reference.pose.position.z,1.5
5.212503151,1759158515.683503151,/xwing/agiros_pilot/telemetry.reference.pose.position.z,1.5
5.220223145,1759158515.691223145,/xwing/agiros_pilot/telemetry.reference.pose.position.z,1.5
5.220223145,1759158515.691223145,/xwing/agiros_pilot/telemetry.reference.pose.position.z,1.5
5.222493366,1759158515.693493366,/xwing/agiros_pilot/telemetry.reference.pose.position.z,1.5
5.230254368,1759158515.701254368,/xwing/agiros_pilot/telemetry.reference.pose.position.z,1.5
5.230254368,1759158515.701254368,/xwing/agiros_pilot/telemetry.reference.pose.position.z,1.5
5.232484535,1759158515.703484535,/xwing/agiros_pilot/telemetry.reference.pose.position.z,1.5
5.2402350460000005,1759158515.711235046,/xwing/agiros_pilot/telemetry.reference.pose.position.z,1.5
5.2402350460000005,1759158515.711235046,/xwing/agiros_pilot/telemetry.reference.pose.position.z,1.5
5.242472366,1759158515.713472366,/xwing/agiros_pilot/telemetry.reference.pose.position.z,1.5
5.250263409,1759158515.721263409,/xwing/agiros_pilot/telemetry.reference.pose.position.z,1.5
5.250263409,1759158515.721263409,/xwing/agiros_pilot/telemetry.reference.pose.position.z,1.5
5.252464251,1759158515.723464251,/xwing/agiros_pilot/telemetry.reference.pose.position.z,1.5
5.260223106,1759158515.731223106,/xwing/agiros_pilot/telemetry.reference.pose.position.z,1.5
5.260223106,1759158515.731223106,/xwing/agiros_pilot/telemetry.reference.pose.position.z,1.5
5.262453035,1759158515.733453035,/xwing/agiros_pilot/telemetry.reference.pose.position.z,1.5
5.270253138,1759158515.741253138,/xwing/agiros_pilot/telemetry.reference.pose.position.z,1.5
5.270253138,1759158515.741253138,/xwing/agiros_pilot/telemetry.reference.pose.position.z,1.5
5.2724434890000005,1759158515.743443489,/xwing/agiros_pilot/telemetry.reference.pose.position.z,1.5
5.280222849,1759158515.751222849,/xwing/agiros_pilot/telemetry.reference.pose.position.z,1.5
5.280222849,1759158515.751222849,/xwing/agiros_pilot/telemetry.reference.pose.position.z,1.5
5.282432512,1759158515.753432512,/xwing/agiros_pilot/telemetry.reference.pose.position.z,1.5
5.285762981,1759158515.756762981,/xwing/agiros_pilot/telemetry.reference.pose.position.z,1.5
5.289094166,1759158515.760094166,/xwing/agiros_pilot/telemetry.reference.pose.position.z,1.5
5.292422489,1759158515.763422489,/xwing/agiros_pilot/telemetry.reference.pose.position.z,1.5
5.295753674,1759158515.766753674,/xwing/agiros_pilot/telemetry.reference.pose.position.z,1.5
5.300263838,1759158515.771263838,/xwing/agiros_pilot/telemetry.reference.pose.position.z,1.5
5.30242391,1759158515.773423910,/xwing/agiros_pilot/telemetry.reference.pose.position.z,1.5
5.310265259,1759158515.781265259,/xwing/agiros_pilot/telemetry.reference.pose.position.z,1.5
5.310265259,1759158515.781265259,/xwing/agiros_pilot/telemetry.reference.pose.position.z,1.5
5.312407927,1759158515.783407927,/xwing/agiros_pilot/telemetry.reference.pose.position.z,1.5
5.320252375,1759158515.791252375,/xwing/agiros_pilot/telemetry.reference.pose.position.z,1.5
5.320252375,1759158515.791252375,/xwing/agiros_pilot/telemetry.reference.pose.position.z,1.5
5.32239242,1759158515.793392420,/xwing/agiros_pilot/telemetry.reference.pose.position.z,1.5
5.330225901,1759158515.801225901,/xwing/agiros_pilot/telemetry.reference.pose.position.z,1.5
5.330225901,1759158515.801225901,/xwing/agiros_pilot/telemetry.reference.pose.position.z,1.5
5.332383589,1759158515.803383589,/xwing/agiros_pilot/telemetry.reference.pose.position.z,1.5
5.340234236,1759158515.811234236,/xwing/agiros_pilot/telemetry.reference.pose.position.z,1.5
5.340234236,1759158515.811234236,/xwing/agiros_pilot/telemetry.reference.pose.position.z,1.5
5.342373327,1759158515.813373327,/xwing/agiros_pilot/telemetry.reference.pose.position.z,1.5
5.3502535380000005,1759158515.821253538,/xwing/agiros_pilot/telemetry.reference.pose.position.z,1.5
5.3502535380000005,1759158515.821253538,/xwing/agiros_pilot/telemetry.reference.pose.position.z,1.5
5.352366404,1759158515.823366404,/xwing/agiros_pilot/telemetry.reference.pose.position.z,1.5
5.360222773,1759158515.831222773,/xwing/agiros_pilot/telemetry.reference.pose.position.z,1.5
5.360222773,1759158515.831222773,/xwing/agiros_pilot/telemetry.reference.pose.position.z,1.5
5.362352327,1759158515.833352327,/xwing/agiros_pilot/telemetry.reference.pose.position.z,1.5
5.370227055,1759158515.841227055,/xwing/agiros_pilot/telemetry.reference.pose.position.z,1.5
5.370227055,1759158515.841227055,/xwing/agiros_pilot/telemetry.reference.pose.position.z,1.5
5.372343496,1759158515.843343496,/xwing/agiros_pilot/telemetry.reference.pose.position.z,1.5
5.380223707,1759158515.851223707,/xwing/agiros_pilot/telemetry.reference.pose.position.z,1.5
5.380223707,1759158515.851223707,/xwing/agiros_pilot/telemetry.reference.pose.position.z,1.5
5.38233252,1759158515.853332520,/xwing/agiros_pilot/telemetry.reference.pose.position.z,1.5
5.390222982,1759158515.861222982,/xwing/agiros_pilot/telemetry.reference.pose.position.z,1.5
5.390222982,1759158515.861222982,/xwing/agiros_pilot/telemetry.reference.pose.position.z,1.5
5.392330126,1759158515.863330126,/xwing/agiros_pilot/telemetry.reference.pose.position.z,1.5
5.400236086,1759158515.871236086,/xwing/agiros_pilot/telemetry.reference.pose.position.z,1.5
5.400236086,1759158515.871236086,/xwing/agiros_pilot/telemetry.reference.pose.position.z,1.5
5.402312473,1759158515.873312473,/xwing/agiros_pilot/telemetry.reference.pose.position.z,1.5
5.41022201,1759158515.881222010,/xwing/agiros_pilot/telemetry.reference.pose.position.z,1.5
5.41022201,1759158515.881222010,/xwing/agiros_pilot/telemetry.reference.pose.position.z,1.5
5.412303642,1759158515.883303642,/xwing/agiros_pilot/telemetry.reference.pose.position.z,1.5
5.4202601470000005,1759158515.891260147,/xwing/agiros_pilot/telemetry.reference.pose.position.z,1.5
5.4202601470000005,1759158515.891260147,/xwing/agiros_pilot/telemetry.reference.pose.position.z,1.5
5.422293381,1759158515.893293381,/xwing/agiros_pilot/telemetry.reference.pose.position.z,1.5
5.430249647,1759158515.901249647,/xwing/agiros_pilot/telemetry.reference.pose.position.z,1.5
5.430249647,1759158515.901249647,/xwing/agiros_pilot/telemetry.reference.pose.position.z,1.5
5.432286457,1759158515.903286457,/xwing/agiros_pilot/telemetry.reference.pose.position.z,1.5
5.4402377170000005,1759158515.911237717,/xwing/agiros_pilot/telemetry.reference.pose.position.z,1.5
5.4402377170000005,1759158515.911237717,/xwing/agiros_pilot/telemetry.reference.pose.position.z,1.5
5.442272619,1759158515.913272619,/xwing/agiros_pilot/telemetry.reference.pose.position.z,1.5
5.450227932,1759158515.921227932,/xwing/agiros_pilot/telemetry.reference.pose.position.z,1.5
5.450227932,1759158515.921227932,/xwing/agiros_pilot/telemetry.reference.pose.position.z,1.5
5.452262596,1759158515.923262596,/xwing/agiros_pilot/telemetry.reference.pose.position.z,1.5
5.460223869,1759158515.931223869,/xwing/agiros_pilot/telemetry.reference.pose.position.z,1.5
5.460223869,1759158515.931223869,/xwing/agiros_pilot/telemetry.reference.pose.position.z,1.5
5.462252335,1759158515.933252335,/xwing/agiros_pilot/telemetry.reference.pose.position.z,1.5
5.470250801,1759158515.941250801,/xwing/agiros_pilot/telemetry.reference.pose.position.z,1.5
5.470250801,1759158515.941250801,/xwing/agiros_pilot/telemetry.reference.pose.position.z,1.5
5.472243742,1759158515.943243742,/xwing/agiros_pilot/telemetry.reference.pose.position.z,1.5
5.480222658,1759158515.951222658,/xwing/agiros_pilot/telemetry.reference.pose.position.z,1.5
5.480222658,1759158515.951222658,/xwing/agiros_pilot/telemetry.reference.pose.position.z,1.5
5.482232527,1759158515.953232527,/xwing/agiros_pilot/telemetry.reference.pose.position.z,1.5
5.485563711,1759158515.956563711,/xwing/agiros_pilot/telemetry.reference.pose.position.z,1.5
5.488893465,1759158515.959893465,/xwing/agiros_pilot/telemetry.reference.pose.position.z,1.5
5.492222265,1759158515.963222265,/xwing/agiros_pilot/telemetry.reference.pose.position.z,1.5
5.49555345,1759158515.966553450,/xwing/agiros_pilot/telemetry.reference.pose.position.z,1.4999999999999998
5.498884157,1759158515.969884157,/xwing/agiros_pilot/telemetry.reference.pose.position.z,1.5
5.502212719,1759158515.973212719,/xwing/agiros_pilot/telemetry.reference.pose.position.z,1.5
5.5102250139999995,1759158515.981225014,/xwing/agiros_pilot/telemetry.reference.pose.position.z,1.5
5.5102250139999995,1759158515.981225014,/xwing/agiros_pilot/telemetry.reference.pose.position.z,1.5
5.512205795,1759158515.983205795,/xwing/agiros_pilot/telemetry.reference.pose.position.z,1.5
5.520223574,1759158515.991223574,/xwing/agiros_pilot/telemetry.reference.pose.position.z,1.5
5.520223574,1759158515.991223574,/xwing/agiros_pilot/telemetry.reference.pose.position.z,1.5
5.522193865,1759158515.993193865,/xwing/agiros_pilot/telemetry.reference.pose.position.z,1.5
5.5302288090000005,1759158516.001228809,/xwing/agiros_pilot/telemetry.reference.pose.position.z,1.5
5.5302288090000005,1759158516.001228809,/xwing/agiros_pilot/telemetry.reference.pose.position.z,1.5
5.532184319,1759158516.003184319,/xwing/agiros_pilot/telemetry.reference.pose.position.z,1.5
5.540246681,1759158516.011246681,/xwing/agiros_pilot/telemetry.reference.pose.position.z,1.5
5.540246681,1759158516.011246681,/xwing/agiros_pilot/telemetry.reference.pose.position.z,1.5
5.542172626,1759158516.013172626,/xwing/agiros_pilot/telemetry.reference.pose.position.z,1.5
5.5502290290000005,1759158516.021229029,/xwing/agiros_pilot/telemetry.reference.pose.position.z,1.5
5.5502290290000005,1759158516.021229029,/xwing/agiros_pilot/telemetry.reference.pose.position.z,1.5
5.552165226,1759158516.023165226,/xwing/agiros_pilot/telemetry.reference.pose.position.z,1.5
5.560224251,1759158516.031224251,/xwing/agiros_pilot/telemetry.reference.pose.position.z,1.5
5.560224251,1759158516.031224251,/xwing/agiros_pilot/telemetry.reference.pose.position.z,1.5
5.562153057,1759158516.033153057,/xwing/agiros_pilot/telemetry.reference.pose.position.z,1.5
5.570235209,1759158516.041235209,/xwing/agiros_pilot/telemetry.reference.pose.position.z,1.5
5.570235209,1759158516.041235209,/xwing/agiros_pilot/telemetry.reference.pose.position.z,1.5
5.572143511,1759158516.043143511,/xwing/agiros_pilot/telemetry.reference.pose.position.z,1.5
5.580224232,1759158516.051224232,/xwing/agiros_pilot/telemetry.reference.pose.position.z,1.5
5.580224232,1759158516.051224232,/xwing/agiros_pilot/telemetry.reference.pose.position.z,1.5
5.582132296,1759158516.053132296,/xwing/agiros_pilot/telemetry.reference.pose.position.z,1.5
5.590224222,1759158516.061224222,/xwing/agiros_pilot/telemetry.reference.pose.position.z,1.5
5.590224222,1759158516.061224222,/xwing/agiros_pilot/telemetry.reference.pose.position.z,1.5
5.592124418,1759158516.063124418,/xwing/agiros_pilot/telemetry.reference.pose.position.z,1.5
5.600224451,1759158516.071224451,/xwing/agiros_pilot/telemetry.reference.pose.position.z,1.5
5.600224451,1759158516.071224451,/xwing/agiros_pilot/telemetry.reference.pose.position.z,1.5
5.602112011,1759158516.073112011,/xwing/agiros_pilot/telemetry.reference.pose.position.z,1.5
5.610225157,1759158516.081225157,/xwing/agiros_pilot/telemetry.reference.pose.position.z,1.5
5.610225157,1759158516.081225157,/xwing/agiros_pilot/telemetry.reference.pose.position.z,1.5
5.612103418,1759158516.083103418,/xwing/agiros_pilot/telemetry.reference.pose.position.z,1.5
5.6202292,1759158516.091229200,/xwing/agiros_pilot/telemetry.reference.pose.position.z,1.5
5.6202292,1759158516.091229200,/xwing/agiros_pilot/telemetry.reference.pose.position.z,1.5
5.622091726,1759158516.093091726,/xwing/agiros_pilot/telemetry.reference.pose.position.z,1.5
5.630224184,1759158516.101224184,/xwing/agiros_pilot/telemetry.reference.pose.position.z,1.5
5.630224184,1759158516.101224184,/xwing/agiros_pilot/telemetry.reference.pose.position.z,1.5
5.632085518,1759158516.103085518,/xwing/agiros_pilot/telemetry.reference.pose.position.z,1.5
5.640237526,1759158516.111237526,/xwing/agiros_pilot/telemetry.reference.pose.position.z,1.5
5.640237526,1759158516.111237526,/xwing/agiros_pilot/telemetry.reference.pose.position.z,1.5
5.642071442,1759158516.113071442,/xwing/agiros_pilot/telemetry.reference.pose.position.z,1.5
5.650227264,1759158516.121227264,/xwing/agiros_pilot/telemetry.reference.pose.position.z,1.5
5.650227264,1759158516.121227264,/xwing/agiros_pilot/telemetry.reference.pose.position.z,1.5
5.652062372,1759158516.123062372,/xwing/agiros_pilot/telemetry.reference.pose.position.z,1.5
5.660227732,1759158516.131227732,/xwing/agiros_pilot/telemetry.reference.pose.position.z,1.5
5.660227732,1759158516.131227732,/xwing/agiros_pilot/telemetry.reference.pose.position.z,1.5
5.662052111,1759158516.133052111,/xwing/agiros_pilot/telemetry.reference.pose.position.z,1.5
5.670225815,1759158516.141225815,/xwing/agiros_pilot/telemetry.reference.pose.position.z,1.5
5.670225815,1759158516.141225815,/xwing/agiros_pilot/telemetry.reference.pose.position.z,1.5
5.6720432800000005,1759158516.143043280,/xwing/agiros_pilot/telemetry.reference.pose.position.z,1.5
5.680223421,1759158516.151223421,/xwing/agiros_pilot/telemetry.reference.pose.position.z,1.5
5.680223421,1759158516.151223421,/xwing/agiros_pilot/telemetry.reference.pose.position.z,1.5
5.682032541,1759158516.153032541,/xwing/agiros_pilot/telemetry.reference.pose.position.z,1.5
5.685363249,1759158516.156363249,/xwing/agiros_pilot/telemetry.reference.pose.position.z,1.5
5.6886946720000005,1759158516.159694672,/xwing/agiros_pilot/telemetry.reference.pose.position.z,1.5
5.692022518,1759158516.163022518,/xwing/agiros_pilot/telemetry.reference.pose.position.z,1.5
5.6953539410000005,1759158516.166353941,/xwing/agiros_pilot/telemetry.reference.pose.position.z,1.5
5.698684172,1759158516.169684172,/xwing/agiros_pilot/telemetry.reference.pose.position.z,1.5
5.70201178,1759158516.173011780,/xwing/agiros_pilot/telemetry.reference.pose.position.z,1.5
5.710226969,1759158516.181226969,/xwing/agiros_pilot/telemetry.reference.pose.position.z,1.5
5.710226969,1759158516.181226969,/xwing/agiros_pilot/telemetry.reference.pose.position.z,1.5
5.712003902,1759158516.183003902,/xwing/agiros_pilot/telemetry.reference.pose.position.z,1.5
5.72025247,1759158516.191252470,/xwing/agiros_pilot/telemetry.reference.pose.position.z,1.5
5.72025247,1759158516.191252470,/xwing/agiros_pilot/telemetry.reference.pose.position.z,1.5
5.72199221,1759158516.192992210,/xwing/agiros_pilot/telemetry.reference.pose.position.z,1.5
5.730229572,1759158516.201229572,/xwing/agiros_pilot/telemetry.reference.pose.position.z,1.5
5.730229572,1759158516.201229572,/xwing/agiros_pilot/telemetry.reference.pose.position.z,1.6165926275451152
5.73198481,1759158516.202984810,/xwing/agiros_pilot/telemetry.reference.pose.position.z,1.6165926269866988
5.740230993,1759158516.211230993,/xwing/agiros_pilot/telemetry.reference.pose.position.z,1.616592524473797
5.740230993,1759158516.211230993,/xwing/agiros_pilot/telemetry.reference.pose.position.z,1.616592524473797
5.741973595,1759158516.212973595,/xwing/agiros_pilot/telemetry.reference.pose.position.z,1.6165924607465338
5.750227646,1759158516.221227646,/xwing/agiros_pilot/telemetry.reference.pose.position.z,1.616591805858293
5.750227646,1759158516.221227646,/xwing/agiros_pilot/telemetry.reference.pose.position.z,1.616591805858293
5.751964764,1759158516.222964764,/xwing/agiros_pilot/telemetry.reference.pose.position.z,1.6165915731056162
5.760224775,1759158516.231224775,/xwing/agiros_pilot/telemetry.reference.pose.position.z,1.6165898626112496
5.760224775,1759158516.231224775,/xwing/agiros_pilot/telemetry.reference.pose.position.z,1.6165898626112496
5.76195331,1759158516.232953310,/xwing/agiros_pilot/telemetry.reference.pose.position.z,1.6165893581111035
5.770228342,1759158516.241228342,/xwing/agiros_pilot/telemetry.reference.pose.position.z,1.6165860894028856
5.770228342,1759158516.241228342,/xwing/agiros_pilot/telemetry.reference.pose.position.z,1.6165860894028856
5.771945671,1759158516.242945671,/xwing/agiros_pilot/telemetry.reference.pose.position.z,1.6165852141558354
5.78023024,1759158516.251230240,/xwing/agiros_pilot/telemetry.reference.pose.position.z,1.6165798917630703
5.78023024,1759158516.251230240,/xwing/agiros_pilot/telemetry.reference.pose.position.z,1.6165798917630703
5.7819349330000005,1759158516.252934933,/xwing/agiros_pilot/telemetry.reference.pose.position.z,1.616578550954957
5.790227131,1759158516.261227131,/xwing/agiros_pilot/telemetry.reference.pose.position.z,1.6165706852671
5.790227131,1759158516.261227131,/xwing/agiros_pilot/telemetry.reference.pose.position.z,1.6165706852671
5.791930393,1759158516.262930393,/xwing/agiros_pilot/telemetry.reference.pose.position.z,1.616568774366784
5.800227121,1759158516.271227121,/xwing/agiros_pilot/telemetry.reference.pose.position.z,1.6165578811082078
5.800227121,1759158516.271227121,/xwing/agiros_pilot/telemetry.reference.pose.position.z,1.6165578811082078
5.801916794,1759158516.272916794,/xwing/agiros_pilot/telemetry.reference.pose.position.z,1.6165553213586135
5.810229973,1759158516.281229973,/xwing/agiros_pilot/telemetry.reference.pose.position.z,1.6165409005666154
5.810229973,1759158516.281229973,/xwing/agiros_pilot/telemetry.reference.pose.position.z,1.6165409005666154
5.811904148,1759158516.282904148,/xwing/agiros_pilot/telemetry.reference.pose.position.z,1.6165376105648326
5.82022591,1759158516.291225910,/xwing/agiros_pilot/telemetry.reference.pose.position.z,1.6165191942130739
5.82022591,1759158516.291225910,/xwing/agiros_pilot/telemetry.reference.pose.position.z,1.6165191942130739
5.821893171,1759158516.292893171,/xwing/agiros_pilot/telemetry.reference.pose.position.z,1.616515073317828
5.830227808,1759158516.301227808,/xwing/agiros_pilot/telemetry.reference.pose.position.z,1.616492172559221
5.830227808,1759158516.301227808,/xwing/agiros_pilot/telemetry.reference.pose.position.z,1.616492172559221
5.831890301,1759158516.302890301,/xwing/agiros_pilot/telemetry.reference.pose.position.z,1.6164871280235762
5.840230183,1759158516.311230183,/xwing/agiros_pilot/telemetry.reference.pose.position.z,1.616459289567724
5.840230183,1759158516.311230183,/xwing/agiros_pilot/telemetry.reference.pose.position.z,1.616459289567724
5.84187384,1759158516.312873840,/xwing/agiros_pilot/telemetry.reference.pose.position.z,1.6164532873972086
5.850228743,1759158516.321228743,/xwing/agiros_pilot/telemetry.reference.pose.position.z,1.616420013449255
5.850228743,1759158516.321228743,/xwing/agiros_pilot/telemetry.reference.pose.position.z,1.616420013449255
5.851868824,1759158516.322868824,/xwing/agiros_pilot/telemetry.reference.pose.position.z,1.61641292206625
5.860262112,1759158516.331262112,/xwing/agiros_pilot/telemetry.reference.pose.position.z,1.6163736171578502
5.860262112,1759158516.331262112,/xwing/agiros_pilot/telemetry.reference.pose.position.z,1.6163736171578502
5.861853079,1759158516.332853079,/xwing/agiros_pilot/telemetry.reference.pose.position.z,1.6163655818373168
5.870226339,1759158516.341226339,/xwing/agiros_pilot/telemetry.reference.pose.position.z,1.6163200836005376
5.870226339,1759158516.341226339,/xwing/agiros_pilot/telemetry.reference.pose.position.z,1.6163200836005376
5.8718444860000005,1759158516.342844486,/xwing/agiros_pilot/telemetry.reference.pose.position.z,1.6163106527847633
5.880231575,1759158516.351231575,/xwing/agiros_pilot/telemetry.reference.pose.position.z,1.6162583240189938
5.880231575,1759158516.351231575,/xwing/agiros_pilot/telemetry.reference.pose.position.z,1.6162583240189938
5.881834702,1759158516.352834702,/xwing/agiros_pilot/telemetry.reference.pose.position.z,1.6162476476392242
5.890226082,1759158516.361226082,/xwing/agiros_pilot/telemetry.reference.pose.position.z,1.6161880998386238
5.890226082,1759158516.361226082,/xwing/agiros_pilot/telemetry.reference.pose.position.z,1.6161880998386238
5.891823486,1759158516.362823486,/xwing/agiros_pilot/telemetry.reference.pose.position.z,1.616176051278944
5.8951527630000005,1759158516.366152763,/xwing/agiros_pilot/telemetry.reference.pose.position.z,1.6161501884214877
5.89848514,1759158516.369485140,/xwing/agiros_pilot/telemetry.reference.pose.position.z,1.6161232687975176
5.901816801,1759158516.372816801,/xwing/agiros_pilot/telemetry.reference.pose.position.z,1.6160953033121488
5.905142979,1759158516.376142979,/xwing/agiros_pilot/telemetry.reference.pose.position.z,1.616066316254959
5.908472256,1759158516.379472256,/xwing/agiros_pilot/telemetry.reference.pose.position.z,1.6160362153796262
5.911803917,1759158516.382803917,/xwing/agiros_pilot/telemetry.reference.pose.position.z,1.616004985923246
5.920229868,1759158516.391229868,/xwing/agiros_pilot/telemetry.reference.pose.position.z,1.6159209386685014
5.920229868,1759158516.391229868,/xwing/agiros_pilot/telemetry.reference.pose.position.z,1.6159209386685014
5.921793894,1759158516.392793894,/xwing/agiros_pilot/telemetry.reference.pose.position.z,1.6159045215667562
5.930223421,1759158516.401223421,/xwing/agiros_pilot/telemetry.reference.pose.position.z,1.6158115111125215
5.930223421,1759158516.401223421,/xwing/agiros_pilot/telemetry.reference.pose.position.z,1.6158115111125215
5.931783394,1759158516.402783394,/xwing/agiros_pilot/telemetry.reference.pose.position.z,1.6157934461888617
5.9402310410000005,1759158516.411231041,/xwing/agiros_pilot/telemetry.reference.pose.position.z,1.6156908695637793
5.9402310410000005,1759158516.411231041,/xwing/agiros_pilot/telemetry.reference.pose.position.z,1.6156908695637793
5.941779331,1759158516.412779331,/xwing/agiros_pilot/telemetry.reference.pose.position.z,1.6156711851903856
5.950225786,1759158516.421225786,/xwing/agiros_pilot/telemetry.reference.pose.position.z,1.615558853304131
5.950225786,1759158516.421225786,/xwing/agiros_pilot/telemetry.reference.pose.position.z,1.615558853304131
5.951764301,1759158516.422764301,/xwing/agiros_pilot/telemetry.reference.pose.position.z,1.6155374778697085
5.960226015,1759158516.431226015,/xwing/agiros_pilot/telemetry.reference.pose.position.z,1.6154147552862257
5.960226015,1759158516.431226015,/xwing/agiros_pilot/telemetry.reference.pose.position.z,1.6154147552862257
5.961759285,1759158516.432759285,/xwing/agiros_pilot/telemetry.reference.pose.position.z,1.615391569596258
5.97022529,1759158516.441225290,/xwing/agiros_pilot/telemetry.reference.pose.position.z,1.61525818916451
5.97022529,1759158516.441225290,/xwing/agiros_pilot/telemetry.reference.pose.position.z,1.61525818916451
5.971749977,1759158516.442749977,/xwing/agiros_pilot/telemetry.reference.pose.position.z,1.6152331899611425
5.980223373,1759158516.451223373,/xwing/agiros_pilot/telemetry.reference.pose.position.z,1.6150886981099883
5.980223373,1759158516.451223373,/xwing/agiros_pilot/telemetry.reference.pose.position.z,1.6150886981099883
5.981733278,1759158516.452733278,/xwing/agiros_pilot/telemetry.reference.pose.position.z,1.6150619481255324
5.990223125,1759158516.461223125,/xwing/agiros_pilot/telemetry.reference.pose.position.z,1.614905774320205
5.990223125,1759158516.461223125,/xwing/agiros_pilot/telemetry.reference.pose.position.z,1.614905774320205
5.991727547,1759158516.462727547,/xwing/agiros_pilot/telemetry.reference.pose.position.z,1.6148770659478655
6.000227646,1759158516.471227646,/xwing/agiros_pilot/telemetry.reference.pose.position.z,1.6147088955964708
6.000227646,1759158516.471227646,/xwing/agiros_pilot/telemetry.reference.pose.position.z,1.6147088955964708
6.001718239,1759158516.472718239,/xwing/agiros_pilot/telemetry.reference.pose.position.z,1.6146783475019535
6.010223822,1759158516.481223822,/xwing/agiros_pilot/telemetry.reference.pose.position.z,1.6144978815897728
6.010223822,1759158516.481223822,/xwing/agiros_pilot/telemetry.reference.pose.position.z,1.6144978815897728
6.011709646,1759158516.482709646,/xwing/agiros_pilot/telemetry.reference.pose.position.z,1.6144652694787869
6.020224766,1759158516.491224766,/xwing/agiros_pilot/telemetry.reference.pose.position.z,1.6142720233909427
6.020224766,1759158516.491224766,/xwing/agiros_pilot/telemetry.reference.pose.position.z,1.6142720233909427
6.0217001,1759158516.492700100,/xwing/agiros_pilot/telemetry.reference.pose.position.z,1.6142374303516605
6.030262188,1759158516.501262188,/xwing/agiros_pilot/telemetry.reference.pose.position.z,1.6140300770109828
6.030262188,1759158516.501262188,/xwing/agiros_pilot/telemetry.reference.pose.position.z,1.6140300770109828
6.031689838,1759158516.502689838,/xwing/agiros_pilot/telemetry.reference.pose.position.z,1.6139943969938508
6.04023786,1759158516.511237860,/xwing/agiros_pilot/telemetry.reference.pose.position.z,1.6137740408979158
6.04023786,1759158516.511237860,/xwing/agiros_pilot/telemetry.reference.pose.position.z,1.6137740408979158
6.041679338,1759158516.512679338,/xwing/agiros_pilot/telemetry.reference.pose.position.z,1.6137357347784222
6.05026503,1759158516.521265030,/xwing/agiros_pilot/telemetry.reference.pose.position.z,1.613500609380636
6.05026503,1759158516.521265030,/xwing/agiros_pilot/telemetry.reference.pose.position.z,1.613500609380636
6.0516700310000004,1759158516.522670031,/xwing/agiros_pilot/telemetry.reference.pose.position.z,1.6134609852527197
6.060229258,1759158516.531229258,/xwing/agiros_pilot/telemetry.reference.pose.position.z,1.613212517584353
6.060229258,1759158516.531229258,/xwing/agiros_pilot/telemetry.reference.pose.position.z,1.613212517584353
6.061655001,1759158516.532655001,/xwing/agiros_pilot/telemetry.reference.pose.position.z,1.613169936780544
6.070261673,1759158516.541261673,/xwing/agiros_pilot/telemetry.reference.pose.position.z,1.6129055505735095
6.070261673,1759158516.541261673,/xwing/agiros_pilot/telemetry.reference.pose.position.z,1.6129055505735095
6.071651892,1759158516.542651892,/xwing/agiros_pilot/telemetry.reference.pose.position.z,1.612861652403372
6.0802282850000005,1759158516.551228285,/xwing/agiros_pilot/telemetry.reference.pose.position.z,1.6125834009514055
6.0802282850000005,1759158516.551228285,/xwing/agiros_pilot/telemetry.reference.pose.position.z,1.6125834009514055
6.081637815,1759158516.552637815,/xwing/agiros_pilot/telemetry.reference.pose.position.z,1.612536434689999
6.090226606,1759158516.561226606,/xwing/agiros_pilot/telemetry.reference.pose.position.z,1.612242608832391
6.090226606,1759158516.561226606,/xwing/agiros_pilot/telemetry.reference.pose.position.z,1.612242608832391
6.091623739,1759158516.562623739,/xwing/agiros_pilot/telemetry.reference.pose.position.z,1.6121935602744593
6.0949554,1759158516.565955400,/xwing/agiros_pilot/telemetry.reference.pose.position.z,1.6120751695389512
6.09828277,1759158516.569282770,/xwing/agiros_pilot/telemetry.reference.pose.position.z,1.6119549122211616
6.101613478,1759158516.572613478,/xwing/agiros_pilot/telemetry.reference.pose.position.z,1.611832499263392
6.104944185,1759158516.575944185,/xwing/agiros_pilot/telemetry.reference.pose.position.z,1.6117080361640812
6.108274416,1759158516.579274416,/xwing/agiros_pilot/telemetry.reference.pose.position.z,1.6115815271364544
6.111604647,1759158516.582604647,/xwing/agiros_pilot/telemetry.reference.pose.position.z,1.611452940538758
6.115521864,1759158516.586521864,/xwing/agiros_pilot/telemetry.reference.pose.position.z,1.6112990113048686
6.120264725,1759158516.591264725,/xwing/agiros_pilot/telemetry.reference.pose.position.z,1.6111087328658567
6.121597246,1759158516.592597246,/xwing/agiros_pilot/telemetry.reference.pose.position.z,1.6110544988439137
6.130237535,1759158516.601237535,/xwing/agiros_pilot/telemetry.reference.pose.position.z,1.6106945126256995
6.130237535,1759158516.601237535,/xwing/agiros_pilot/telemetry.reference.pose.position.z,1.6106945126256995
6.131589846,1759158516.602589846,/xwing/agiros_pilot/telemetry.reference.pose.position.z,1.610636855686145
6.140271143,1759158516.611271143,/xwing/agiros_pilot/telemetry.reference.pose.position.z,1.6102581475985218
6.140271143,1759158516.611271143,/xwing/agiros_pilot/telemetry.reference.pose.position.z,1.6102581475985218
6.141575531,1759158516.612575531,/xwing/agiros_pilot/telemetry.reference.pose.position.z,1.6101999548056007
6.150226549,1759158516.621226549,/xwing/agiros_pilot/telemetry.reference.pose.position.z,1.609805374738888
6.150226549,1759158516.621226549,/xwing/agiros_pilot/telemetry.reference.pose.position.z,1.609805374738888
6.151563601,1759158516.622563601,/xwing/agiros_pilot/telemetry.reference.pose.position.z,1.6097430434108746
6.160226063,1759158516.631226063,/xwing/agiros_pilot/telemetry.reference.pose.position.z,1.6093303786569806
6.160226063,1759158516.631226063,/xwing/agiros_pilot/telemetry.reference.pose.position.z,1.6093303786569806
6.161557631,1759158516.632557631,/xwing/agiros_pilot/telemetry.reference.pose.position.z,1.6092655791313302
6.170225576,1759158516.641225576,/xwing/agiros_pilot/telemetry.reference.pose.position.z,1.6088347715602624
6.170225576,1759158516.641225576,/xwing/agiros_pilot/telemetry.reference.pose.position.z,1.6088347715602624
6.171542601,1759158516.642542601,/xwing/agiros_pilot/telemetry.reference.pose.position.z,1.608767941356526
6.180226521,1759158516.651226521,/xwing/agiros_pilot/telemetry.reference.pose.position.z,1.608318134198134
6.180226521,1759158516.651226521,/xwing/agiros_pilot/telemetry.reference.pose.position.z,1.608318134198134
6.181539968,1759158516.652539968,/xwing/agiros_pilot/telemetry.reference.pose.position.z,1.6082487078717629
6.190230326,1759158516.661230326,/xwing/agiros_pilot/telemetry.reference.pose.position.z,1.6077800408110916
6.190230326,1759158516.661230326,/xwing/agiros_pilot/telemetry.reference.pose.position.z,1.6077800408110916
6.191523031,1759158516.662523031,/xwing/agiros_pilot/telemetry.reference.pose.position.z,1.6077089354811929
6.200227455,1759158516.671227455,/xwing/agiros_pilot/telemetry.reference.pose.position.z,1.6072206842529926
6.200227455,1759158516.671227455,/xwing/agiros_pilot/telemetry.reference.pose.position.z,1.6072206842529926
6.201513008,1759158516.672513008,/xwing/agiros_pilot/telemetry.reference.pose.position.z,1.607147170009131
6.210251526,1759158516.681251526,/xwing/agiros_pilot/telemetry.reference.pose.position.z,1.6066377897543644
6.210251526,1759158516.681251526,/xwing/agiros_pilot/telemetry.reference.pose.position.z,1.6066377897543644
6.21150227,1759158516.682502270,/xwing/agiros_pilot/telemetry.reference.pose.position.z,1.60656349555065
6.220256523,1759158516.691256523,/xwing/agiros_pilot/telemetry.reference.pose.position.z,1.60603368527878
6.220256523,1759158516.691256523,/xwing/agiros_pilot/telemetry.reference.pose.position.z,1.60603368527878
6.221494631,1759158516.692494631,/xwing/agiros_pilot/telemetry.reference.pose.position.z,1.605957361982824
6.230227903,1759158516.701227903,/xwing/agiros_pilot/telemetry.reference.pose.position.z,1.6054091110371835
6.230227903,1759158516.701227903,/xwing/agiros_pilot/telemetry.reference.pose.position.z,1.6054091110371835
6.231491045,1759158516.702491045,/xwing/agiros_pilot/telemetry.reference.pose.position.z,1.6053283735037955
6.24023004,1759158516.711230040,/xwing/agiros_pilot/telemetry.reference.pose.position.z,1.6047597355579302
6.24023004,1759158516.711230040,/xwing/agiros_pilot/telemetry.reference.pose.position.z,1.6047597355579302
6.241482214,1759158516.712482214,/xwing/agiros_pilot/telemetry.reference.pose.position.z,1.6046768109838832
6.250251488,1759158516.721251488,/xwing/agiros_pilot/telemetry.reference.pose.position.z,1.6040858249262575
6.250251488,1759158516.721251488,/xwing/agiros_pilot/telemetry.reference.pose.position.z,1.6040858249262575
6.251470522,1759158516.722470522,/xwing/agiros_pilot/telemetry.reference.pose.position.z,1.6040022444250235
6.260222868,1759158516.731222868,/xwing/agiros_pilot/telemetry.reference.pose.position.z,1.6033918543567853
6.260222868,1759158516.731222868,/xwing/agiros_pilot/telemetry.reference.pose.position.z,1.6033918543567853
6.261453823,1759158516.732453823,/xwing/agiros_pilot/telemetry.reference.pose.position.z,1.6033045497178449
6.27025433,1759158516.741254330,/xwing/agiros_pilot/telemetry.reference.pose.position.z,1.6026698285089518
6.27025433,1759158516.741254330,/xwing/agiros_pilot/telemetry.reference.pose.position.z,1.6026698285089518
6.271450714,1759158516.742450714,/xwing/agiros_pilot/telemetry.reference.pose.position.z,1.6025821054803426
6.280261234,1759158516.751261234,/xwing/agiros_pilot/telemetry.reference.pose.position.z,1.601925424380962
6.280261234,1759158516.751261234,/xwing/agiros_pilot/telemetry.reference.pose.position.z,1.601925424380962
6.281433538,1759158516.752433538,/xwing/agiros_pilot/telemetry.reference.pose.position.z,1.6018366265914237
6.290229992,1759158516.761229992,/xwing/agiros_pilot/telemetry.reference.pose.position.z,1.601159598871688
6.290229992,1759158516.761229992,/xwing/agiros_pilot/telemetry.reference.pose.position.z,1.601159598871688
6.291423754,1759158516.762423754,/xwing/agiros_pilot/telemetry.reference.pose.position.z,1.6010662546327021
6.300263361,1759158516.771263361,/xwing/agiros_pilot/telemetry.reference.pose.position.z,1.6003640837696425
6.300263361,1759158516.771263361,/xwing/agiros_pilot/telemetry.reference.pose.position.z,1.6003640837696425
6.301413969,1759158516.772413969,/xwing/agiros_pilot/telemetry.reference.pose.position.z,1.6002712577847666
6.304743008,1759158516.775743008,/xwing/agiros_pilot/telemetry.reference.pose.position.z,1.6000008242817572
6.308074192,1759158516.779074192,/xwing/agiros_pilot/telemetry.reference.pose.position.z,1.599727439592619
6.311403469,1759158516.782403469,/xwing/agiros_pilot/telemetry.reference.pose.position.z,1.5994514262783996
6.314734177,1759158516.785734177,/xwing/agiros_pilot/telemetry.reference.pose.position.z,1.5991724985009041
6.318062262,1759158516.789062262,/xwing/agiros_pilot/telemetry.reference.pose.position.z,1.5988909875534074
6.321393684,1759158516.792393684,/xwing/agiros_pilot/telemetry.reference.pose.position.z,1.5986063787784663
6.330253319,1759158516.801253319,/xwing/agiros_pilot/telemetry.reference.pose.position.z,1.5978357074181044
6.330253319,1759158516.801253319,/xwing/agiros_pilot/telemetry.reference.pose.position.z,1.5978357074181044
6.3313839,1759158516.802383900,/xwing/agiros_pilot/telemetry.reference.pose.position.z,1.5977359145334094
6.340231375,1759158516.811231375,/xwing/agiros_pilot/telemetry.reference.pose.position.z,1.596943593653369
6.340231375,1759158516.811231375,/xwing/agiros_pilot/telemetry.reference.pose.position.z,1.596943593653369
6.341374353,1759158516.812374353,/xwing/agiros_pilot/telemetry.reference.pose.position.z,1.5968397586574299
6.35025473,1759158516.821254730,/xwing/agiros_pilot/telemetry.reference.pose.position.z,1.596021426531014
6.35025473,1759158516.821254730,/xwing/agiros_pilot/telemetry.reference.pose.position.z,1.596021426531014
6.35136433,1759158516.822364330,/xwing/agiros_pilot/telemetry.reference.pose.position.z,1.595917728384853
6.360226349,1759158516.831226349,/xwing/agiros_pilot/telemetry.reference.pose.position.z,1.5950779157241015
6.360226349,1759158516.831226349,/xwing/agiros_pilot/telemetry.reference.pose.position.z,1.5950779157241015
6.361353592,1759158516.832353592,/xwing/agiros_pilot/telemetry.reference.pose.position.z,1.5949696078706013
6.370223717,1759158516.841223717,/xwing/agiros_pilot/telemetry.reference.pose.position.z,1.5941055935327626
6.370223717,1759158516.841223717,/xwing/agiros_pilot/telemetry.reference.pose.position.z,1.5941055935327626
6.371343569,1759158516.842343569,/xwing/agiros_pilot/telemetry.reference.pose.position.z,1.593995024126118
6.380223707,1759158516.851223707,/xwing/agiros_pilot/telemetry.reference.pose.position.z,1.593106363887586
6.380223707,1759158516.851223707,/xwing/agiros_pilot/telemetry.reference.pose.position.z,1.593106363887586
6.381334023,1759158516.852334023,/xwing/agiros_pilot/telemetry.reference.pose.position.z,1.5929937637081308
6.390224174,1759158516.861224174,/xwing/agiros_pilot/telemetry.reference.pose.position.z,1.5920802008167418
6.390224174,1759158516.861224174,/xwing/agiros_pilot/telemetry.reference.pose.position.z,1.5920802008167418
6.391325191,1759158516.862325191,/xwing/agiros_pilot/telemetry.reference.pose.position.z,1.5919655711726353
6.400249914,1759158516.871249914,/xwing/agiros_pilot/telemetry.reference.pose.position.z,1.5910242322732349
6.400249914,1759158516.871249914,/xwing/agiros_pilot/telemetry.reference.pose.position.z,1.5910242322732349
6.401314453,1759158516.872314453,/xwing/agiros_pilot/telemetry.reference.pose.position.z,1.5909104997119965
6.410250858,1759158516.881250858,/xwing/agiros_pilot/telemetry.reference.pose.position.z,1.5899435117106016
6.410250858,1759158516.881250858,/xwing/agiros_pilot/telemetry.reference.pose.position.z,1.5899435117106016
6.411311583,1759158516.882311583,/xwing/agiros_pilot/telemetry.reference.pose.position.z,1.5898272760276826
6.420224623,1759158516.891224623,/xwing/agiros_pilot/telemetry.reference.pose.position.z,1.5888382982724238
6.420224623,1759158516.891224623,/xwing/agiros_pilot/telemetry.reference.pose.position.z,1.5888382982724238
6.421299175,1759158516.892299175,/xwing/agiros_pilot/telemetry.reference.pose.position.z,1.5887175816165267
6.430259661,1759158516.901259661,/xwing/agiros_pilot/telemetry.reference.pose.position.z,1.5876984413232087
6.430259661,1759158516.901259661,/xwing/agiros_pilot/telemetry.reference.pose.position.z,1.5876984413232087
6.431288437,1759158516.902288437,/xwing/agiros_pilot/telemetry.reference.pose.position.z,1.587579997940045
6.440230564,1759158516.911230564,/xwing/agiros_pilot/telemetry.reference.pose.position.z,1.586537996198006
6.440230564,1759158516.911230564,/xwing/agiros_pilot/telemetry.reference.pose.position.z,1.586537996198006
6.441274599,1759158516.912274599,/xwing/agiros_pilot/telemetry.reference.pose.position.z,1.5864148732321701
6.450257973,1759158516.921257973,/xwing/agiros_pilot/telemetry.reference.pose.position.z,1.5853427567870289
6.450257973,1759158516.921257973,/xwing/agiros_pilot/telemetry.reference.pose.position.z,1.5853427567870289
6.451269821,1759158516.922269821,/xwing/agiros_pilot/telemetry.reference.pose.position.z,1.585220567887732
6.460230545,1759158516.931230545,/xwing/agiros_pilot/telemetry.reference.pose.position.z,1.5841257964997149
6.460230545,1759158516.931230545,/xwing/agiros_pilot/telemetry.reference.pose.position.z,1.5841257964997149
6.46125956,1759158516.932259560,/xwing/agiros_pilot/telemetry.reference.pose.position.z,1.5839986137702218
6.470225767,1759158516.941225767,/xwing/agiros_pilot/telemetry.reference.pose.position.z,1.582877610049321
6.470225767,1759158516.941225767,/xwing/agiros_pilot/telemetry.reference.pose.position.z,1.582877610049321
6.471245007,1759158516.942245007,/xwing/agiros_pilot/telemetry.reference.pose.position.z,1.5827487209914801
6.480225758,1759158516.951225758,/xwing/agiros_pilot/telemetry.reference.pose.position.z,1.5816001317212158
6.480225758,1759158516.951225758,/xwing/agiros_pilot/telemetry.reference.pose.position.z,1.5816001317212158
6.481233791,1759158516.952233791,/xwing/agiros_pilot/telemetry.reference.pose.position.z,1.581469758035409
6.490223125,1759158516.961223125,/xwing/agiros_pilot/telemetry.reference.pose.position.z,1.580294119801095
6.490223125,1759158516.961223125,/xwing/agiros_pilot/telemetry.reference.pose.position.z,1.580294119801095
6.491229252,1759158516.962229252,/xwing/agiros_pilot/telemetry.reference.pose.position.z,1.5801610785555649
6.500222162,1759158516.971222162,/xwing/agiros_pilot/telemetry.reference.pose.position.z,1.578958846066973
6.500222162,1759158516.971222162,/xwing/agiros_pilot/telemetry.reference.pose.position.z,1.578958846066973
6.5012185129999995,1759158516.972218513,/xwing/agiros_pilot/telemetry.reference.pose.position.z,1.578824195297176
6.5045504130000005,1759158516.975550413,/xwing/agiros_pilot/telemetry.reference.pose.position.z,1.5783718004827387
6.507880167,1759158516.978880167,/xwing/agiros_pilot/telemetry.reference.pose.position.z,1.5779164485462678
6.511210636,1759158516.982210636,/xwing/agiros_pilot/telemetry.reference.pose.position.z,1.577457744366358
6.514538006,1759158516.985538006,/xwing/agiros_pilot/telemetry.reference.pose.position.z,1.5769962109412055
6.517867998,1759158516.988867998,/xwing/agiros_pilot/telemetry.reference.pose.position.z,1.576531049439863
6.521198706,1759158516.992198706,/xwing/agiros_pilot/telemetry.reference.pose.position.z,1.5760625156074193
6.524889187,1759158516.995889187,/xwing/agiros_pilot/telemetry.reference.pose.position.z,1.5755395430141013
6.5302276169999995,1759158517.001227617,/xwing/agiros_pilot/telemetry.reference.pose.position.z,1.574775904062896
6.531185345,1759158517.002185345,/xwing/agiros_pilot/telemetry.reference.pose.position.z,1.5746380108762794
6.540231899,1759158517.011231899,/xwing/agiros_pilot/telemetry.reference.pose.position.z,1.5733220318331236
6.540231899,1759158517.011231899,/xwing/agiros_pilot/telemetry.reference.pose.position.z,1.5733220318331236
6.541179852,1759158517.012179852,/xwing/agiros_pilot/telemetry.reference.pose.position.z,1.5731827240702057
6.550229982,1759158517.021229982,/xwing/agiros_pilot/telemetry.reference.pose.position.z,1.571839225592316
6.550229982,1759158517.021229982,/xwing/agiros_pilot/telemetry.reference.pose.position.z,1.571839225592316
6.551171259,1759158517.022171259,/xwing/agiros_pilot/telemetry.reference.pose.position.z,1.5716980844441113
6.560224251,1759158517.031224251,/xwing/agiros_pilot/telemetry.reference.pose.position.z,1.5703270342630393
6.560224251,1759158517.031224251,/xwing/agiros_pilot/telemetry.reference.pose.position.z,1.5703270342630393
6.561161474,1759158517.032161474,/xwing/agiros_pilot/telemetry.reference.pose.position.z,1.5701836861753908
6.57023044,1759158517.041230440,/xwing/agiros_pilot/telemetry.reference.pose.position.z,1.5687829027773372
6.57023044,1759158517.041230440,/xwing/agiros_pilot/telemetry.reference.pose.position.z,1.5687829027773372
6.5711447750000005,1759158517.042144775,/xwing/agiros_pilot/telemetry.reference.pose.position.z,1.5686402964604025
6.580234245,1759158517.051234245,/xwing/agiros_pilot/telemetry.reference.pose.position.z,1.5672088625754097
6.580234245,1759158517.051234245,/xwing/agiros_pilot/telemetry.reference.pose.position.z,1.5672088625754097
6.581142143,1759158517.052142143,/xwing/agiros_pilot/telemetry.reference.pose.position.z,1.5670645072933307
6.590223507,1759158517.061223507,/xwing/agiros_pilot/telemetry.reference.pose.position.z,1.5656067757353145
6.590223507,1759158517.061223507,/xwing/agiros_pilot/telemetry.reference.pose.position.z,1.5656067757353145
6.591123299,1759158517.062123299,/xwing/agiros_pilot/telemetry.reference.pose.position.z,1.5654609738713263
6.600224213,1759158517.071224213,/xwing/agiros_pilot/telemetry.reference.pose.position.z,1.563972365145128
6.600224213,1759158517.071224213,/xwing/agiros_pilot/telemetry.reference.pose.position.z,1.563972365145128
6.601114706,1759158517.072114706,/xwing/agiros_pilot/telemetry.reference.pose.position.z,1.5638253490908491
6.610227541,1759158517.081227541,/xwing/agiros_pilot/telemetry.reference.pose.position.z,1.5623068894221008
6.610227541,1759158517.081227541,/xwing/agiros_pilot/telemetry.reference.pose.position.z,1.5623068894221008
6.611103252,1759158517.082103252,/xwing/agiros_pilot/telemetry.reference.pose.position.z,1.5621596279432506
6.620228008,1759158517.091228008,/xwing/agiros_pilot/telemetry.reference.pose.position.z,1.5606111485776029
6.620228008,1759158517.091228008,/xwing/agiros_pilot/telemetry.reference.pose.position.z,1.5606111485776029
6.621092991,1759158517.092092991,/xwing/agiros_pilot/telemetry.reference.pose.position.z,1.560463028923502
6.630222992,1759158517.101222992,/xwing/agiros_pilot/telemetry.reference.pose.position.z,1.5588855164961701
6.630222992,1759158517.101222992,/xwing/agiros_pilot/telemetry.reference.pose.position.z,1.5588855164961701
6.631089643,1759158517.102089643,/xwing/agiros_pilot/telemetry.reference.pose.position.z,1.5587344341150329
6.640230373,1759158517.111230373,/xwing/agiros_pilot/telemetry.reference.pose.position.z,1.5571267691173984
6.640230373,1759158517.111230373,/xwing/agiros_pilot/telemetry.reference.pose.position.z,1.5571267691173984
6.641074614,1759158517.112074614,/xwing/agiros_pilot/telemetry.reference.pose.position.z,1.5569769772475994
6.650228456,1759158517.121228456,/xwing/agiros_pilot/telemetry.reference.pose.position.z,1.5553386048694804
6.650228456,1759158517.121228456,/xwing/agiros_pilot/telemetry.reference.pose.position.z,1.5553386048694804
6.651062445,1759158517.122062445,/xwing/agiros_pilot/telemetry.reference.pose.position.z,1.5551880400276121
6.660237268,1759158517.131237268,/xwing/agiros_pilot/telemetry.reference.pose.position.z,1.5535173394710933
6.660237268,1759158517.131237268,/xwing/agiros_pilot/telemetry.reference.pose.position.z,1.5535173394710933
6.661052898,1759158517.132052898,/xwing/agiros_pilot/telemetry.reference.pose.position.z,1.5533675447564748
6.670241312,1759158517.141241312,/xwing/agiros_pilot/telemetry.reference.pose.position.z,1.551665673872559
6.670241312,1759158517.141241312,/xwing/agiros_pilot/telemetry.reference.pose.position.z,1.551665673872559
6.671050028,1759158517.142050028,/xwing/agiros_pilot/telemetry.reference.pose.position.z,1.551514618944772
6.680239634,1759158517.151239634,/xwing/agiros_pilot/telemetry.reference.pose.position.z,1.5497837472189167
6.680239634,1759158517.151239634,/xwing/agiros_pilot/telemetry.reference.pose.position.z,1.5497837472189167
6.681037621,1759158517.152037621,/xwing/agiros_pilot/telemetry.reference.pose.position.z,1.5496321949985004
6.6902377170000005,1759158517.161237717,/xwing/agiros_pilot/telemetry.reference.pose.position.z,1.5478704733740427
6.6902377170000005,1759158517.161237717,/xwing/agiros_pilot/telemetry.reference.pose.position.z,1.5478704733740427
6.691022829,1759158517.162022829,/xwing/agiros_pilot/telemetry.reference.pose.position.z,1.5477188994487558
6.700237469,1759158517.171237469,/xwing/agiros_pilot/telemetry.reference.pose.position.z,1.5459254030731695
6.700237469,1759158517.171237469,/xwing/agiros_pilot/telemetry.reference.pose.position.z,1.5459254030731695
6.701014475,1759158517.172014475,/xwing/agiros_pilot/telemetry.reference.pose.position.z,1.545772945958966
6.710236744,1759158517.181236744,/xwing/agiros_pilot/telemetry.reference.pose.position.z,1.5439488749735832
6.710236744,1759158517.181236744,/xwing/agiros_pilot/telemetry.reference.pose.position.z,1.5439488749735832
6.71100326,1759158517.182003260,/xwing/agiros_pilot/telemetry.reference.pose.position.z,1.5437960560561022
6.71433802,1759158517.185338020,/xwing/agiros_pilot/telemetry.reference.pose.position.z,1.5431290473172827
6.7176653900000005,1759158517.188665390,/xwing/agiros_pilot/telemetry.reference.pose.position.z,1.5424600088832172
6.72099419,1759158517.191994190,/xwing/agiros_pilot/telemetry.reference.pose.position.z,1.5417871740703657
6.724324421,1759158517.195324421,/xwing/agiros_pilot/telemetry.reference.pose.position.z,1.5411105360471704
6.727812485,1759158517.198812485,/xwing/agiros_pilot/telemetry.reference.pose.position.z,1.5403980583145336
6.730984882,1759158517.201984882,/xwing/agiros_pilot/telemetry.reference.pose.position.z,1.5397467065677757
6.740251259,1759158517.211251259,/xwing/agiros_pilot/telemetry.reference.pose.position.z,1.5378258429355836
6.740251259,1759158517.211251259,/xwing/agiros_pilot/telemetry.reference.pose.position.z,1.5378258429355836
6.740979866,1759158517.211979866,/xwing/agiros_pilot/telemetry.reference.pose.position.z,1.5376736496267511
6.7502431430000005,1759158517.221243143,/xwing/agiros_pilot/telemetry.reference.pose.position.z,1.5357239860545573
6.7502431430000005,1759158517.221243143,/xwing/agiros_pilot/telemetry.reference.pose.position.z,1.5357239860545573
6.750964598,1759158517.221964598,/xwing/agiros_pilot/telemetry.reference.pose.position.z,1.5355709930023782
6.760237411,1759158517.231237411,/xwing/agiros_pilot/telemetry.reference.pose.position.z,1.5335898137506894
6.760237411,1759158517.231237411,/xwing/agiros_pilot/telemetry.reference.pose.position.z,1.5335898137506894
6.760961012,1759158517.231961012,/xwing/agiros_pilot/telemetry.reference.pose.position.z,1.5334340598942036
6.770235018,1759158517.241235018,/xwing/agiros_pilot/telemetry.reference.pose.position.z,1.531423048120489
6.770235018,1759158517.241235018,/xwing/agiros_pilot/telemetry.reference.pose.position.z,1.531423048120489
6.770944075,1759158517.241944075,/xwing/agiros_pilot/telemetry.reference.pose.position.z,1.531268163279168
6.780228333,1759158517.251228333,/xwing/agiros_pilot/telemetry.reference.pose.position.z,1.5292253045759892
6.780228333,1759158517.251228333,/xwing/agiros_pilot/telemetry.reference.pose.position.z,1.5292253045759892
6.780934767,1759158517.251934767,/xwing/agiros_pilot/telemetry.reference.pose.position.z,1.5290687362881952
6.790259794,1759158517.261259794,/xwing/agiros_pilot/telemetry.reference.pose.position.z,1.5269870489571498
6.790259794,1759158517.261259794,/xwing/agiros_pilot/telemetry.reference.pose.position.z,1.5269870489571498
6.790924028,1759158517.261924028,/xwing/agiros_pilot/telemetry.reference.pose.position.z,1.5268377057063962
6.794412569,1759158517.265412569,/xwing/agiros_pilot/telemetry.reference.pose.position.z,1.526051039268858
6.800230459,1759158517.271230459,/xwing/agiros_pilot/telemetry.reference.pose.position.z,1.5247304324093551
6.800914959,1759158517.271914959,/xwing/agiros_pilot/telemetry.reference.pose.position.z,1.5245743442665574
6.810234026,1759158517.281234026,/xwing/agiros_pilot/telemetry.reference.pose.position.z,1.5224343524908825
6.810234026,1759158517.281234026,/xwing/agiros_pilot/telemetry.reference.pose.position.z,1.5224343524908825
6.810902313,1759158517.281902313,/xwing/agiros_pilot/telemetry.reference.pose.position.z,1.52227981967659
6.820259289,1759158517.291259289,/xwing/agiros_pilot/telemetry.reference.pose.position.z,1.520101092723106
6.820259289,1759158517.291259289,/xwing/agiros_pilot/telemetry.reference.pose.position.z,1.520101092723106
6.820893721,1759158517.291893721,/xwing/agiros_pilot/telemetry.reference.pose.position.z,1.519952351273813
6.830258802,1759158517.301258802,/xwing/agiros_pilot/telemetry.reference.pose.position.z,1.5177416931137948
6.830258802,1759158517.301258802,/xwing/agiros_pilot/telemetry.reference.pose.position.z,1.5177416931137948
6.830882267,1759158517.301882267,/xwing/agiros_pilot/telemetry.reference.pose.position.z,1.517593522508157
6.840286926,1759158517.311286926,/xwing/agiros_pilot/telemetry.reference.pose.position.z,1.515343295900762
6.840286926,1759158517.311286926,/xwing/agiros_pilot/telemetry.reference.pose.position.z,1.515343295900762
6.840873913,1759158517.311873913,/xwing/agiros_pilot/telemetry.reference.pose.position.z,1.515201907282868
6.844203428,1759158517.315203428,/xwing/agiros_pilot/telemetry.reference.pose.position.z,1.514397825520395
6.850249962,1759158517.321249962,/xwing/agiros_pilot/telemetry.reference.pose.position.z,1.5129284728101007
6.850862459,1759158517.321862459,/xwing/agiros_pilot/telemetry.reference.pose.position.z,1.5127789760781252
6.854192213,1759158517.325192213,/xwing/agiros_pilot/telemetry.reference.pose.position.z,1.5119641492917482
6.8602389850000005,1759158517.331238985,/xwing/agiros_pilot/telemetry.reference.pose.position.z,1.5104753278316827
6.86085482,1759158517.331854820,/xwing/agiros_pilot/telemetry.reference.pose.position.z,1.5103230390224787
6.870239214,1759158517.341239214,/xwing/agiros_pilot/telemetry.reference.pose.position.z,1.5079873066929608
6.870239214,1759158517.341239214,/xwing/agiros_pilot/telemetry.reference.pose.position.z,1.5079873066929608
6.870845036,1759158517.341845036,/xwing/agiros_pilot/telemetry.reference.pose.position.z,1.5078355478098746
6.88023539,1759158517.351235390,/xwing/agiros_pilot/telemetry.reference.pose.position.z,1.505468169764572
6.88023539,1759158517.351235390,/xwing/agiros_pilot/telemetry.reference.pose.position.z,1.505468169764572
6.880834059,1759158517.351834059,/xwing/agiros_pilot/telemetry.reference.pose.position.z,1.5053162798096922
6.890252546,1759158517.361252546,/xwing/agiros_pilot/telemetry.reference.pose.position.z,1.502911529080311
6.890252546,1759158517.361252546,/xwing/agiros_pilot/telemetry.reference.pose.position.z,1.502911529080311
6.890823082,1759158517.361823082,/xwing/agiros_pilot/telemetry.reference.pose.position.z,1.5027649428270426
6.9002418080000005,1759158517.371241808,/xwing/agiros_pilot/telemetry.reference.pose.position.z,1.5003298987998313
6.9002418080000005,1759158517.371241808,/xwing/agiros_pilot/telemetry.reference.pose.position.z,1.5003298987998313
6.900817112,1759158517.371817112,/xwing/agiros_pilot/telemetry.reference.pose.position.z,1.5001802406001963
6.910236076,1759158517.381236076,/xwing/agiros_pilot/telemetry.reference.pose.position.z,1.4977148964545937
6.910236076,1759158517.381236076,/xwing/agiros_pilot/telemetry.reference.pose.position.z,1.4977148964545937
6.910804228,1759158517.381804228,/xwing/agiros_pilot/telemetry.reference.pose.position.z,1.4975652759235012
6.914131836,1759158517.385131836,/xwing/agiros_pilot/telemetry.reference.pose.position.z,1.496686881900948
6.917469696,1759158517.388469696,/xwing/agiros_pilot/telemetry.reference.pose.position.z,1.495802210511269
6.920799212,1759158517.391799212,/xwing/agiros_pilot/telemetry.reference.pose.position.z,1.494916188257466
6.92413135,1759158517.395131350,/xwing/agiros_pilot/telemetry.reference.pose.position.z,1.4940259065370156
6.92746015,1759158517.398460150,/xwing/agiros_pilot/telemetry.reference.pose.position.z,1.4931329597885576
6.930789427,1759158517.401789427,/xwing/agiros_pilot/telemetry.reference.pose.position.z,1.4922363301293018
6.934180693,1759158517.405180693,/xwing/agiros_pilot/telemetry.reference.pose.position.z,1.4913193515795096
6.940326408,1759158517.411326408,/xwing/agiros_pilot/telemetry.reference.pose.position.z,1.4896481913616035
6.940774874,1759158517.411774874,/xwing/agiros_pilot/telemetry.reference.pose.position.z,1.4895257695387103
6.9502358,1759158517.421235800,/xwing/agiros_pilot/telemetry.reference.pose.position.z,1.4869281154493845
6.9502358,1759158517.421235800,/xwing/agiros_pilot/telemetry.reference.pose.position.z,1.4869281154493845
6.950762943,1759158517.421762943,/xwing/agiros_pilot/telemetry.reference.pose.position.z,1.4867825364531033
6.960232452,1759158517.431232452,/xwing/agiros_pilot/telemetry.reference.pose.position.z,1.4841522348862222
6.960232452,1759158517.431232452,/xwing/agiros_pilot/telemetry.reference.pose.position.z,1.4841522348862222
6.960760788,1759158517.431760788,/xwing/agiros_pilot/telemetry.reference.pose.position.z,1.4840046366721724
6.970232443,1759158517.441232443,/xwing/agiros_pilot/telemetry.reference.pose.position.z,1.4813434532133558
6.970232443,1759158517.441232443,/xwing/agiros_pilot/telemetry.reference.pose.position.z,1.4813434532133558
6.970749573,1759158517.441749573,/xwing/agiros_pilot/telemetry.reference.pose.position.z,1.4811973336101056
6.98025556,1759158517.451255560,/xwing/agiros_pilot/telemetry.reference.pose.position.z,1.4784961224887216
6.98025556,1759158517.451255560,/xwing/agiros_pilot/telemetry.reference.pose.position.z,1.4784961224887216
6.980740265,1759158517.451740265,/xwing/agiros_pilot/telemetry.reference.pose.position.z,1.478357616510346
6.990238623,1759158517.461238623,/xwing/agiros_pilot/telemetry.reference.pose.position.z,1.4756283128885574
6.990238623,1759158517.461238623,/xwing/agiros_pilot/telemetry.reference.pose.position.z,1.4756283128885574
6.990729527,1759158517.461729527,/xwing/agiros_pilot/telemetry.reference.pose.position.z,1.4754864727846375
6.99405785,1759158517.465057850,/xwing/agiros_pilot/telemetry.reference.pose.position.z,1.47452277389625
7.000264124,1759158517.471264124,/xwing/agiros_pilot/telemetry.reference.pose.position.z,1.472716360258721
7.000719503,1759158517.471719503,/xwing/agiros_pilot/telemetry.reference.pose.position.z,1.472583333748828
7.004049496,1759158517.475049496,/xwing/agiros_pilot/telemetry.reference.pose.position.z,1.4716085643426837
7.01023765,1759158517.481237650,/xwing/agiros_pilot/telemetry.reference.pose.position.z,1.4697877811629398
7.01070948,1759158517.481709480,/xwing/agiros_pilot/telemetry.reference.pose.position.z,1.4696484521443698
