elapsed time,timestamp,topic,value
0.00028323700000000004,1759158510.471283237,/studio/pos_error_xyz.err_x,NaN
0.000309254,1759158510.471309254,/studio/pos_error_xyz.err_x,-0.002895622861068481
0.003882664,1759158510.474882664,/studio/pos_error_xyz.err_x,-0.0066824470678050335
0.0065742990000000005,1759158510.477574299,/studio/pos_error_xyz.err_x,NaN
0.009480196,1759158510.480480196,/studio/pos_error_xyz.err_x,NaN
0.01031025,1759158510.481310250,/studio/pos_error_xyz.err_x,NaN
0.012833741000000001,1759158510.483833741,/studio/pos_error_xyz.err_x,-0.006611072034053714
0.016107226000000002,1759158510.487107226,/studio/pos_error_xyz.err_x,NaN
0.019414385000000003,1759158510.490414385,/studio/pos_error_xyz.err_x,NaN
0.020292708,1759158510.491292708,/studio/pos_error_xyz.err_x,NaN
0.022772762000000002,1759158510.493772762,/studio/pos_error_xyz.err_x,-0.006484994563829338
0.026436372000000003,1759158510.497436372,/studio/pos_error_xyz.err_x,NaN
0.029431356000000002,1759158510.500431356,/studio/pos_error_xyz.err_x,NaN
0.030350799,1759158510.501350799,/studio/pos_error_xyz.err_x,NaN
0.032663080000000004,1759158510.503663080,/studio/pos_error_xyz.err_x,-0.006325955091671401
0.035986034,1759158510.506986034,/studio/pos_error_xyz.err_x,NaN
0.03924164,1759158510.510241640,/studio/pos_error_xyz.err_x,NaN
0.040363656000000005,1759158510.511363656,/studio/pos_error_xyz.err_x,NaN
0.042801982,1759158510.513801982,/studio/pos_error_xyz.err_x,-0.00625054774817399
0.046063132,1759158510.517063132,/studio/pos_error_xyz.err_x,NaN
0.049339169,1759158510.520339169,/studio/pos_error_xyz.err_x,NaN
0.050301549,1759158510.521301549,/studio/pos_error_xyz.err_x,NaN
0.052657128000000004,1759158510.523657128,/studio/pos_error_xyz.err_x,-0.006221582526936206
0.055953536000000005,1759158510.526953536,/studio/pos_error_xyz.err_x,NaN
0.059797402000000006,1759158510.530797402,/studio/pos_error_xyz.err_x,NaN
0.060323221,1759158510.531323221,/studio/pos_error_xyz.err_x,NaN
0.06274863600000001,1759158510.533748636,/studio/pos_error_xyz.err_x,-0.0060910266967282994
0.06660850800000001,1759158510.537608508,/studio/pos_error_xyz.err_x,NaN
0.069668836,1759158510.540668836,/studio/pos_error_xyz.err_x,NaN
0.070318263,1759158510.541318263,/studio/pos_error_xyz.err_x,NaN
0.07330621500000001,1759158510.544306215,/studio/pos_error_xyz.err_x,-0.006073671624957422
0.07617488800000001,1759158510.547174888,/studio/pos_error_xyz.err_x,-0.006015262632915318
0.079433403,1759158510.550433403,/studio/pos_error_xyz.err_x,NaN
0.080354566,1759158510.551354566,/studio/pos_error_xyz.err_x,NaN
0.082858078,1759158510.553858078,/studio/pos_error_xyz.err_x,-0.005990061529442647
0.086005861,1759158510.557005861,/studio/pos_error_xyz.err_x,NaN
0.08936081800000001,1759158510.560360818,/studio/pos_error_xyz.err_x,NaN
0.09030459,1759158510.561304590,/studio/pos_error_xyz.err_x,NaN
0.092783088,1759158510.563783088,/studio/pos_error_xyz.err_x,-0.0059549933344224815
0.095965056,1759158510.566965056,/studio/pos_error_xyz.err_x,NaN
0.099295769,1759158510.570295769,/studio/pos_error_xyz.err_x,NaN
0.100310226,1759158510.571310226,/studio/pos_error_xyz.err_x,NaN
0.10265078000000001,1759158510.573650780,/studio/pos_error_xyz.err_x,-0.005886503138591771
0.10590779900000001,1759158510.576907799,/studio/pos_error_xyz.err_x,NaN
0.10939749400000001,1759158510.580397494,/studio/pos_error_xyz.err_x,NaN
0.110327481,1759158510.581327481,/studio/pos_error_xyz.err_x,NaN
0.112786091,1759158510.583786091,/studio/pos_error_xyz.err_x,-0.005912451280228888
0.11607396900000001,1759158510.587073969,/studio/pos_error_xyz.err_x,NaN
0.119537208,1759158510.590537208,/studio/pos_error_xyz.err_x,NaN
0.120328973,1759158510.591328973,/studio/pos_error_xyz.err_x,NaN
0.122747904,1759158510.593747904,/studio/pos_error_xyz.err_x,-0.0059027131242432515
0.125951367,1759158510.596951367,/studio/pos_error_xyz.err_x,NaN
0.12928226,1759158510.600282260,/studio/pos_error_xyz.err_x,NaN
0.130334687,1759158510.601334687,/studio/pos_error_xyz.err_x,NaN
0.13261339,1759158510.603613390,/studio/pos_error_xyz.err_x,-0.005884122447509306
0.135916912,1759158510.606916912,/studio/pos_error_xyz.err_x,NaN
0.139287142,1759158510.610287142,/studio/pos_error_xyz.err_x,NaN
0.140377112,1759158510.611377112,/studio/pos_error_xyz.err_x,NaN
0.142778693,1759158510.613778693,/studio/pos_error_xyz.err_x,-0.0059263221899720706
0.14588120200000002,1759158510.616881202,/studio/pos_error_xyz.err_x,NaN
0.149867735,1759158510.620867735,/studio/pos_error_xyz.err_x,NaN
0.15031371100000002,1759158510.621313711,/studio/pos_error_xyz.err_x,NaN
0.152567696,1759158510.623567696,/studio/pos_error_xyz.err_x,-0.005888188857072582
0.155852085,1759158510.626852085,/studio/pos_error_xyz.err_x,NaN
0.15936307400000002,1759158510.630363074,/studio/pos_error_xyz.err_x,NaN
0.16032015000000002,1759158510.631320150,/studio/pos_error_xyz.err_x,NaN
0.168756193,1759158510.639756193,/studio/pos_error_xyz.err_x,-0.00596903565719014
0.170318663,1759158510.641318663,/studio/pos_error_xyz.err_x,NaN
0.1799126,1759158510.650912600,/studio/pos_error_xyz.err_x,NaN
0.17991553000000002,1759158510.650915530,/studio/pos_error_xyz.err_x,NaN
0.179918667,1759158510.650918667,/studio/pos_error_xyz.err_x,-0.005951899893234122
0.179920998,1759158510.650920998,/studio/pos_error_xyz.err_x,-0.005925621189879118
0.18032134200000002,1759158510.651321342,/studio/pos_error_xyz.err_x,NaN
0.184609773,1759158510.655609773,/studio/pos_error_xyz.err_x,-0.00590380405776484
0.18461934100000002,1759158510.655619341,/studio/pos_error_xyz.err_x,-0.005934515956928052
0.186014583,1759158510.657014583,/studio/pos_error_xyz.err_x,-0.0059630117115693215
0.18944988000000001,1759158510.660449880,/studio/pos_error_xyz.err_x,NaN
0.19031862100000002,1759158510.661318621,/studio/pos_error_xyz.err_x,NaN
0.194168101,1759158510.665168101,/studio/pos_error_xyz.err_x,-0.005965496934264659
0.19576289600000002,1759158510.666762896,/studio/pos_error_xyz.err_x,NaN
0.19969034000000002,1759158510.670690340,/studio/pos_error_xyz.err_x,NaN
0.20031041700000002,1759158510.671310417,/studio/pos_error_xyz.err_x,NaN
0.20313003200000002,1759158510.674130032,/studio/pos_error_xyz.err_x,-0.006014864271305563
0.20616663200000002,1759158510.677166632,/studio/pos_error_xyz.err_x,-0.006058282179313642
0.20936146700000002,1759158510.680361467,/studio/pos_error_xyz.err_x,NaN
0.210343136,1759158510.681343136,/studio/pos_error_xyz.err_x,NaN
0.212679095,1759158510.683679095,/studio/pos_error_xyz.err_x,-0.0060634520174477555
0.21602283200000003,1759158510.687022832,/studio/pos_error_xyz.err_x,-0.006043965393183536
0.22006245200000002,1759158510.691062452,/studio/pos_error_xyz.err_x,NaN
0.22032226100000002,1759158510.691322261,/studio/pos_error_xyz.err_x,NaN
0.222665089,1759158510.693665089,/studio/pos_error_xyz.err_x,-0.0060934276867015275
0.225905664,1759158510.696905664,/studio/pos_error_xyz.err_x,-0.006142509024213542
0.229206083,1759158510.700206083,/studio/pos_error_xyz.err_x,NaN
0.230339443,1759158510.701339443,/studio/pos_error_xyz.err_x,NaN
0.232845252,1759158510.703845252,/studio/pos_error_xyz.err_x,-0.0061692779656204455
0.23587876100000002,1759158510.706878761,/studio/pos_error_xyz.err_x,NaN
0.23938249800000003,1759158510.710382498,/studio/pos_error_xyz.err_x,NaN
0.240328229,1759158510.711328229,/studio/pos_error_xyz.err_x,NaN
0.24268940500000002,1759158510.713689405,/studio/pos_error_xyz.err_x,-0.006276704105280841
0.24578740100000002,1759158510.716787401,/studio/pos_error_xyz.err_x,NaN
0.24914122400000002,1759158510.720141224,/studio/pos_error_xyz.err_x,NaN
0.250345678,1759158510.721345678,/studio/pos_error_xyz.err_x,NaN
0.252478512,1759158510.723478512,/studio/pos_error_xyz.err_x,-0.006275040854160259
0.255965911,1759158510.726965911,/studio/pos_error_xyz.err_x,-0.006247345134491895
0.25909197500000003,1759158510.730091975,/studio/pos_error_xyz.err_x,NaN
0.260384386,1759158510.731384386,/studio/pos_error_xyz.err_x,NaN
0.262567153,1759158510.733567153,/studio/pos_error_xyz.err_x,-0.006272075791711983
0.265935902,1759158510.736935902,/studio/pos_error_xyz.err_x,-0.006286251377338091
0.269387386,1759158510.740387386,/studio/pos_error_xyz.err_x,NaN
0.270331192,1759158510.741331192,/studio/pos_error_xyz.err_x,NaN
0.27270141000000003,1759158510.743701410,/studio/pos_error_xyz.err_x,-0.006397691097944226
0.27602624800000003,1759158510.747026248,/studio/pos_error_xyz.err_x,-0.0065386699515821885
0.279091939,1759158510.750091939,/studio/pos_error_xyz.err_x,NaN
0.28036146900000003,1759158510.751361469,/studio/pos_error_xyz.err_x,NaN
0.282653611,1759158510.753653611,/studio/pos_error_xyz.err_x,-0.0065131050956094075
0.285787932,1759158510.756787932,/studio/pos_error_xyz.err_x,-0.006449399445188389
0.28937880400000004,1759158510.760378804,/studio/pos_error_xyz.err_x,NaN
0.290354641,1759158510.761354641,/studio/pos_error_xyz.err_x,NaN
0.29267659500000004,1759158510.763676595,/studio/pos_error_xyz.err_x,-0.006489859396886143
0.295788373,1759158510.766788373,/studio/pos_error_xyz.err_x,-0.006531364273032475
0.299164784,1759158510.770164784,/studio/pos_error_xyz.err_x,NaN
0.300306897,1759158510.771306897,/studio/pos_error_xyz.err_x,NaN
0.302465923,1759158510.773465923,/studio/pos_error_xyz.err_x,-0.0066174370774303715
0.306086525,1759158510.777086525,/studio/pos_error_xyz.err_x,NaN
0.309123244,1759158510.780123244,/studio/pos_error_xyz.err_x,NaN
0.310308902,1759158510.781308902,/studio/pos_error_xyz.err_x,NaN
0.31233289200000003,1759158510.783332892,/studio/pos_error_xyz.err_x,-0.006698349192697855
0.315742368,1759158510.786742368,/studio/pos_error_xyz.err_x,NaN
0.31910842700000003,1759158510.790108427,/studio/pos_error_xyz.err_x,NaN
0.32032486600000004,1759158510.791324866,/studio/pos_error_xyz.err_x,NaN
0.322608742,1759158510.793608742,/studio/pos_error_xyz.err_x,-0.006761562908401311
0.32569169000000003,1759158510.796691690,/studio/pos_error_xyz.err_x,NaN
0.329001576,1759158510.800001576,/studio/pos_error_xyz.err_x,NaN
0.330300209,1759158510.801300209,/studio/pos_error_xyz.err_x,NaN
0.332412763,1759158510.803412763,/studio/pos_error_xyz.err_x,-0.006952715475856236
0.33570330000000004,1759158510.806703300,/studio/pos_error_xyz.err_x,NaN
0.339168701,1759158510.810168701,/studio/pos_error_xyz.err_x,NaN
0.34031110000000003,1759158510.811311100,/studio/pos_error_xyz.err_x,NaN
0.342334952,1759158510.813334952,/studio/pos_error_xyz.err_x,-0.007113557641793654
0.345614486,1759158510.816614486,/studio/pos_error_xyz.err_x,NaN
0.34941665600000005,1759158510.820416656,/studio/pos_error_xyz.err_x,NaN
0.350329579,1759158510.821329579,/studio/pos_error_xyz.err_x,NaN
0.35229457000000003,1759158510.823294570,/studio/pos_error_xyz.err_x,-0.0070622651921735105
0.35564300200000004,1759158510.826643002,/studio/pos_error_xyz.err_x,NaN
0.359087969,1759158510.830087969,/studio/pos_error_xyz.err_x,NaN
0.360310554,1759158510.831310554,/studio/pos_error_xyz.err_x,NaN
0.362481793,1759158510.833481793,/studio/pos_error_xyz.err_x,-0.007105791813612894
0.365705671,1759158510.836705671,/studio/pos_error_xyz.err_x,NaN
0.370298756,1759158510.841298756,/studio/pos_error_xyz.err_x,NaN
0.380370633,1759158510.851370633,/studio/pos_error_xyz.err_x,NaN
0.38296378600000003,1759158510.853963786,/studio/pos_error_xyz.err_x,NaN
0.382966295,1759158510.853966295,/studio/pos_error_xyz.err_x,-0.007162506076242291
0.382971208,1759158510.853971208,/studio/pos_error_xyz.err_x,-0.007205826451625148
0.382975854,1759158510.853975854,/studio/pos_error_xyz.err_x,-0.007243239328997358
0.387344858,1759158510.858344858,/studio/pos_error_xyz.err_x,-0.007275527630942697
0.38735291400000005,1759158510.858352914,/studio/pos_error_xyz.err_x,-0.0073019645827435194
0.38914937200000005,1759158510.860149372,/studio/pos_error_xyz.err_x,-0.007319877546924711
0.390299848,1759158510.861299848,/studio/pos_error_xyz.err_x,NaN
0.392439109,1759158510.863439109,/studio/pos_error_xyz.err_x,-0.0073608543571339925
0.39626233200000005,1759158510.867262332,/studio/pos_error_xyz.err_x,-0.0074123150668988546
0.399075899,1759158510.870075899,/studio/pos_error_xyz.err_x,NaN
0.400296519,1759158510.871296519,/studio/pos_error_xyz.err_x,NaN
0.40267167800000003,1759158510.873671678,/studio/pos_error_xyz.err_x,-0.007491106972332864
0.40581882300000005,1759158510.876818823,/studio/pos_error_xyz.err_x,NaN
0.409034885,1759158510.880034885,/studio/pos_error_xyz.err_x,NaN
0.410295077,1759158510.881295077,/studio/pos_error_xyz.err_x,NaN
0.412264829,1759158510.883264829,/studio/pos_error_xyz.err_x,-0.007525355060893593
0.41557823000000005,1759158510.886578230,/studio/pos_error_xyz.err_x,-0.007568152159727327
0.41900755100000003,1759158510.890007551,/studio/pos_error_xyz.err_x,NaN
0.42030385000000003,1759158510.891303850,/studio/pos_error_xyz.err_x,NaN
0.42251656400000004,1759158510.893516564,/studio/pos_error_xyz.err_x,-0.007678397752597928
0.425614292,1759158510.896614292,/studio/pos_error_xyz.err_x,NaN
0.428926595,1759158510.899926595,/studio/pos_error_xyz.err_x,NaN
0.43030369100000004,1759158510.901303691,/studio/pos_error_xyz.err_x,NaN
0.432243525,1759158510.903243525,/studio/pos_error_xyz.err_x,-0.007653503023736742
0.435758097,1759158510.906758097,/studio/pos_error_xyz.err_x,NaN
0.439443856,1759158510.910443856,/studio/pos_error_xyz.err_x,NaN
0.44031116200000003,1759158510.911311162,/studio/pos_error_xyz.err_x,NaN
0.44257268200000005,1759158510.913572682,/studio/pos_error_xyz.err_x,-0.007766172960692321
0.44586137800000003,1759158510.916861378,/studio/pos_error_xyz.err_x,NaN
0.449022452,1759158510.920022452,/studio/pos_error_xyz.err_x,NaN
0.450363616,1759158510.921363616,/studio/pos_error_xyz.err_x,NaN
0.453066112,1759158510.924066112,/studio/pos_error_xyz.err_x,-0.007825225661766909
0.45573918300000005,1759158510.926739183,/studio/pos_error_xyz.err_x,NaN
0.458933427,1759158510.929933427,/studio/pos_error_xyz.err_x,NaN
0.46034309300000004,1759158510.931343093,/studio/pos_error_xyz.err_x,NaN
0.46219510300000005,1759158510.933195103,/studio/pos_error_xyz.err_x,-0.007921260508382317
0.46550434500000004,1759158510.936504345,/studio/pos_error_xyz.err_x,NaN
0.469694096,1759158510.940694096,/studio/pos_error_xyz.err_x,NaN
0.47030562800000003,1759158510.941305628,/studio/pos_error_xyz.err_x,NaN
0.472516239,1759158510.943516239,/studio/pos_error_xyz.err_x,-0.007924987665521584
0.47563671100000005,1759158510.946636711,/studio/pos_error_xyz.err_x,NaN
0.47896022600000004,1759158510.949960226,/studio/pos_error_xyz.err_x,NaN
0.480343481,1759158510.951343481,/studio/pos_error_xyz.err_x,NaN
0.48249546800000004,1759158510.953495468,/studio/pos_error_xyz.err_x,-0.007994342302730972
0.48557626600000003,1759158510.956576266,/studio/pos_error_xyz.err_x,NaN
0.48885274300000003,1759158510.959852743,/studio/pos_error_xyz.err_x,NaN
0.49030603800000006,1759158510.961306038,/studio/pos_error_xyz.err_x,NaN
0.49265074200000003,1759158510.963650742,/studio/pos_error_xyz.err_x,-0.008005752532055169
0.49561351200000003,1759158510.966613512,/studio/pos_error_xyz.err_x,-0.008015653759467388
0.49889842,1759158510.969898420,/studio/pos_error_xyz.err_x,NaN
0.500309458,1759158510.971309458,/studio/pos_error_xyz.err_x,NaN
0.5024426860000001,1759158510.973442686,/studio/pos_error_xyz.err_x,-0.007979688681997667
0.5054956660000001,1759158510.976495666,/studio/pos_error_xyz.err_x,NaN
0.5098351320000001,1759158510.980835132,/studio/pos_error_xyz.err_x,NaN
0.510309268,1759158510.981309268,/studio/pos_error_xyz.err_x,NaN
0.512501563,1759158510.983501563,/studio/pos_error_xyz.err_x,-0.007998981532637579
0.5156505330000001,1759158510.986650533,/studio/pos_error_xyz.err_x,NaN
0.519777892,1759158510.990777892,/studio/pos_error_xyz.err_x,NaN
0.520307556,1759158510.991307556,/studio/pos_error_xyz.err_x,NaN
0.522181103,1759158510.993181103,/studio/pos_error_xyz.err_x,-0.008007418588438033
0.5256573680000001,1759158510.996657368,/studio/pos_error_xyz.err_x,-0.008015359968256707
0.528873263,1759158510.999873263,/studio/pos_error_xyz.err_x,NaN
0.53032893,1759158511.001328930,/studio/pos_error_xyz.err_x,NaN
0.532711844,1759158511.003711844,/studio/pos_error_xyz.err_x,-0.008042136937505587
0.535649876,1759158511.006649876,/studio/pos_error_xyz.err_x,-0.00808288869771301
0.5390681940000001,1759158511.010068194,/studio/pos_error_xyz.err_x,NaN
0.5403293490000001,1759158511.011329349,/studio/pos_error_xyz.err_x,NaN
0.542246023,1759158511.013246023,/studio/pos_error_xyz.err_x,-0.008035069033155833
0.5454710700000001,1759158511.016471070,/studio/pos_error_xyz.err_x,-0.007944959144813997
0.549983597,1759158511.020983597,/studio/pos_error_xyz.err_x,NaN
0.550295602,1759158511.021295602,/studio/pos_error_xyz.err_x,NaN
0.5525308990000001,1759158511.023530899,/studio/pos_error_xyz.err_x,-0.007963037553009047
0.555811677,1759158511.026811677,/studio/pos_error_xyz.err_x,-0.007989991609483391
0.5588780950000001,1759158511.029878095,/studio/pos_error_xyz.err_x,NaN
0.560325488,1759158511.031325488,/studio/pos_error_xyz.err_x,NaN
0.5621715820000001,1759158511.033171582,/studio/pos_error_xyz.err_x,-0.008007680083323445
0.565558177,1759158511.036558177,/studio/pos_error_xyz.err_x,-0.008034678277652418
0.568898107,1759158511.039898107,/studio/pos_error_xyz.err_x,NaN
0.5703146250000001,1759158511.041314625,/studio/pos_error_xyz.err_x,NaN
0.572808157,1759158511.043808157,/studio/pos_error_xyz.err_x,-0.008029506334073844
0.580375698,1759158511.051375698,/studio/pos_error_xyz.err_x,NaN
0.5897550020000001,1759158511.060755002,/studio/pos_error_xyz.err_x,-0.008023266859263575
0.5897578370000001,1759158511.060757837,/studio/pos_error_xyz.err_x,-0.008014992266440561
0.589760622,1759158511.060760622,/studio/pos_error_xyz.err_x,-0.007996080735351595
0.589766483,1759158511.060766483,/studio/pos_error_xyz.err_x,-0.007975978499109243
0.590335586,1759158511.061335586,/studio/pos_error_xyz.err_x,NaN
0.5943398320000001,1759158511.065339832,/studio/pos_error_xyz.err_x,-0.007956075070408703
0.5943442250000001,1759158511.065344225,/studio/pos_error_xyz.err_x,-0.007952853385250612
0.596005447,1759158511.067005447,/studio/pos_error_xyz.err_x,-0.00794375230764766
0.598784654,1759158511.069784654,/studio/pos_error_xyz.err_x,NaN
0.600303664,1759158511.071303664,/studio/pos_error_xyz.err_x,NaN
0.602187808,1759158511.073187808,/studio/pos_error_xyz.err_x,-0.007780078552430115
0.605356572,1759158511.076356572,/studio/pos_error_xyz.err_x,NaN
0.608779791,1759158511.079779791,/studio/pos_error_xyz.err_x,NaN
0.610305278,1759158511.081305278,/studio/pos_error_xyz.err_x,NaN
0.612177916,1759158511.083177916,/studio/pos_error_xyz.err_x,-0.007768758733401408
0.615427798,1759158511.086427798,/studio/pos_error_xyz.err_x,-0.007746112415422089
0.618717952,1759158511.089717952,/studio/pos_error_xyz.err_x,NaN
0.620312265,1759158511.091312265,/studio/pos_error_xyz.err_x,NaN
0.62284178,1759158511.093841780,/studio/pos_error_xyz.err_x,-0.007728859914506999
0.625476813,1759158511.096476813,/studio/pos_error_xyz.err_x,-0.007695675724305705
0.628772049,1759158511.099772049,/studio/pos_error_xyz.err_x,NaN
0.6303064300000001,1759158511.101306430,/studio/pos_error_xyz.err_x,NaN
0.632323415,1759158511.103323415,/studio/pos_error_xyz.err_x,-0.007671158786264045
0.6353845250000001,1759158511.106384525,/studio/pos_error_xyz.err_x,-0.007624905443341548
0.638697858,1759158511.109697858,/studio/pos_error_xyz.err_x,NaN
0.64032535,1759158511.111325350,/studio/pos_error_xyz.err_x,NaN
0.642215708,1759158511.113215708,/studio/pos_error_xyz.err_x,-0.007614304848295899
0.6455908650000001,1759158511.116590865,/studio/pos_error_xyz.err_x,-0.007593741344991855
0.648809755,1759158511.119809755,/studio/pos_error_xyz.err_x,NaN
0.6503157230000001,1759158511.121315723,/studio/pos_error_xyz.err_x,NaN
0.65200848,1759158511.123008480,/studio/pos_error_xyz.err_x,-0.007537355019059519
0.655348671,1759158511.126348671,/studio/pos_error_xyz.err_x,-0.007432155339124132
0.658913429,1759158511.129913429,/studio/pos_error_xyz.err_x,NaN
0.660318637,1759158511.131318637,/studio/pos_error_xyz.err_x,NaN
0.662552977,1759158511.133552977,/studio/pos_error_xyz.err_x,-0.0073769675681316475
0.665307392,1759158511.136307392,/studio/pos_error_xyz.err_x,NaN
0.66875788,1759158511.139757880,/studio/pos_error_xyz.err_x,NaN
0.6703146470000001,1759158511.141314647,/studio/pos_error_xyz.err_x,NaN
0.671953412,1759158511.142953412,/studio/pos_error_xyz.err_x,-0.007388332962991903
0.6759785700000001,1759158511.146978570,/studio/pos_error_xyz.err_x,-0.007409272136372018
0.6789404950000001,1759158511.149940495,/studio/pos_error_xyz.err_x,NaN
0.68029454,1759158511.151294540,/studio/pos_error_xyz.err_x,NaN
0.682148905,1759158511.153148905,/studio/pos_error_xyz.err_x,-0.0073299906395774125
0.6857491130000001,1759158511.156749113,/studio/pos_error_xyz.err_x,NaN
0.688876303,1759158511.159876303,/studio/pos_error_xyz.err_x,NaN
0.6903375030000001,1759158511.161337503,/studio/pos_error_xyz.err_x,NaN
0.6920967650000001,1759158511.163096765,/studio/pos_error_xyz.err_x,-0.007291096056050168
0.695406811,1759158511.166406811,/studio/pos_error_xyz.err_x,-0.007217981603155887
0.698831443,1759158511.169831443,/studio/pos_error_xyz.err_x,NaN
0.700368636,1759158511.171368636,/studio/pos_error_xyz.err_x,NaN
0.70325121,1759158511.174251210,/studio/pos_error_xyz.err_x,-0.007183307843751632
0.7054598350000001,1759158511.176459835,/studio/pos_error_xyz.err_x,-0.007117306862409938
0.7088809530000001,1759158511.179880953,/studio/pos_error_xyz.err_x,NaN
0.710314375,1759158511.181314375,/studio/pos_error_xyz.err_x,NaN
0.712101669,1759158511.183101669,/studio/pos_error_xyz.err_x,-0.007050042469926504
0.715490258,1759158511.186490258,/studio/pos_error_xyz.err_x,-0.006920936605457589
0.71876143,1759158511.189761430,/studio/pos_error_xyz.err_x,NaN
0.720310227,1759158511.191310227,/studio/pos_error_xyz.err_x,NaN
0.721887853,1759158511.192887853,/studio/pos_error_xyz.err_x,-0.006877105520298439
0.725376805,1759158511.196376805,/studio/pos_error_xyz.err_x,-0.006793410481123493
0.7287368660000001,1759158511.199736866,/studio/pos_error_xyz.err_x,NaN
0.7302968660000001,1759158511.201296866,/studio/pos_error_xyz.err_x,NaN
0.7324316830000001,1759158511.203431683,/studio/pos_error_xyz.err_x,-0.0067727695557174205
0.7352254140000001,1759158511.206225414,/studio/pos_error_xyz.err_x,-0.006733138052643428
0.7387285720000001,1759158511.209728572,/studio/pos_error_xyz.err_x,NaN
0.740342881,1759158511.211342881,/studio/pos_error_xyz.err_x,NaN
0.742278469,1759158511.213278469,/studio/pos_error_xyz.err_x,-0.006677606819400846
0.745256272,1759158511.216256272,/studio/pos_error_xyz.err_x,-0.006570420269142902
0.748665019,1759158511.219665019,/studio/pos_error_xyz.err_x,NaN
0.7503135120000001,1759158511.221313512,/studio/pos_error_xyz.err_x,NaN
0.7520105140000001,1759158511.223010514,/studio/pos_error_xyz.err_x,-0.006527067056398231
0.75531959,1759158511.226319590,/studio/pos_error_xyz.err_x,NaN
0.759137763,1759158511.230137763,/studio/pos_error_xyz.err_x,NaN
0.7603072940000001,1759158511.231307294,/studio/pos_error_xyz.err_x,NaN
0.762173211,1759158511.233173211,/studio/pos_error_xyz.err_x,-0.00634107416177599
0.765291975,1759158511.236291975,/studio/pos_error_xyz.err_x,NaN
0.768604359,1759158511.239604359,/studio/pos_error_xyz.err_x,NaN
0.770301189,1759158511.241301189,/studio/pos_error_xyz.err_x,NaN
0.771851919,1759158511.242851919,/studio/pos_error_xyz.err_x,-0.006301141497211364
0.77530648,1759158511.246306480,/studio/pos_error_xyz.err_x,-0.006223154002614448
0.780331682,1759158511.251331682,/studio/pos_error_xyz.err_x,NaN
0.790308675,1759158511.261308675,/studio/pos_error_xyz.err_x,NaN
0.792585344,1759158511.263585344,/studio/pos_error_xyz.err_x,NaN
0.7925920870000001,1759158511.263592087,/studio/pos_error_xyz.err_x,-0.00616515844723959
0.7925956500000001,1759158511.263595650,/studio/pos_error_xyz.err_x,-0.006107980597542396
0.7926033690000001,1759158511.263603369,/studio/pos_error_xyz.err_x,-0.006050482977481253
0.7970740470000001,1759158511.268074047,/studio/pos_error_xyz.err_x,-0.005963137731911142
0.7970778030000001,1759158511.268077803,/studio/pos_error_xyz.err_x,-0.005875866297334444
0.7987424510000001,1759158511.269742451,/studio/pos_error_xyz.err_x,-0.005789339682782198
0.800305288,1759158511.271305288,/studio/pos_error_xyz.err_x,NaN
0.80203068,1759158511.273030680,/studio/pos_error_xyz.err_x,-0.005728154380308326
0.8062263700000001,1759158511.277226370,/studio/pos_error_xyz.err_x,-0.00560739109504028
0.808589859,1759158511.279589859,/studio/pos_error_xyz.err_x,NaN
0.81030029,1759158511.281300290,/studio/pos_error_xyz.err_x,NaN
0.81200707,1759158511.283007070,/studio/pos_error_xyz.err_x,-0.005547136062615524
0.8152067120000001,1759158511.286206712,/studio/pos_error_xyz.err_x,-0.00542745002181705
0.8190524010000001,1759158511.290052401,/studio/pos_error_xyz.err_x,NaN
0.8203018360000001,1759158511.291301836,/studio/pos_error_xyz.err_x,NaN
0.8220648190000001,1759158511.293064819,/studio/pos_error_xyz.err_x,-0.005395437454187156
0.825161679,1759158511.296161679,/studio/pos_error_xyz.err_x,-0.005331451658488202
0.8288549040000001,1759158511.299854904,/studio/pos_error_xyz.err_x,NaN
0.830314694,1759158511.301314694,/studio/pos_error_xyz.err_x,NaN
0.831890927,1759158511.302890927,/studio/pos_error_xyz.err_x,-0.005237136967476302
0.835262056,1759158511.306262056,/studio/pos_error_xyz.err_x,-0.0050482029701785485
0.838839583,1759158511.309839583,/studio/pos_error_xyz.err_x,NaN
0.8403593180000001,1759158511.311359318,/studio/pos_error_xyz.err_x,NaN
0.841960173,1759158511.312960173,/studio/pos_error_xyz.err_x,-0.005010452529346509
0.8454627530000001,1759158511.316462753,/studio/pos_error_xyz.err_x,-0.004934387470383191
0.8486968960000001,1759158511.319696896,/studio/pos_error_xyz.err_x,NaN
0.850295996,1759158511.321295996,/studio/pos_error_xyz.err_x,NaN
0.8517918050000001,1759158511.322791805,/studio/pos_error_xyz.err_x,-0.004861873046550123
0.855181123,1759158511.326181123,/studio/pos_error_xyz.err_x,-0.004714453179698574
0.8590886550000001,1759158511.330088655,/studio/pos_error_xyz.err_x,NaN
0.8603422030000001,1759158511.331342203,/studio/pos_error_xyz.err_x,NaN
0.861984862,1759158511.332984862,/studio/pos_error_xyz.err_x,-0.004635110377020906
0.8651878380000001,1759158511.336187838,/studio/pos_error_xyz.err_x,-0.004473262380181674
0.8686383350000001,1759158511.339638335,/studio/pos_error_xyz.err_x,NaN
0.8703421010000001,1759158511.341342101,/studio/pos_error_xyz.err_x,NaN
0.871960834,1759158511.342960834,/studio/pos_error_xyz.err_x,-0.004213965410905935
0.87518218,1759158511.346182180,/studio/pos_error_xyz.err_x,NaN
0.880000615,1759158511.351000615,/studio/pos_error_xyz.err_x,NaN
0.8803477780000001,1759158511.351347778,/studio/pos_error_xyz.err_x,NaN
0.88370923,1759158511.354709230,/studio/pos_error_xyz.err_x,-0.004033053275089467
0.8851296900000001,1759158511.356129690,/studio/pos_error_xyz.err_x,NaN
0.8886875420000001,1759158511.359687542,/studio/pos_error_xyz.err_x,NaN
0.890340424,1759158511.361340424,/studio/pos_error_xyz.err_x,NaN
0.8918555990000001,1759158511.362855599,/studio/pos_error_xyz.err_x,-0.0038307806679116624
0.8952624140000001,1759158511.366262414,/studio/pos_error_xyz.err_x,NaN
0.89853066,1759158511.369530660,/studio/pos_error_xyz.err_x,NaN
0.90029221,1759158511.371292210,/studio/pos_error_xyz.err_x,NaN
0.902104949,1759158511.373104949,/studio/pos_error_xyz.err_x,-0.003599298140662498
0.905074781,1759158511.376074781,/studio/pos_error_xyz.err_x,NaN
0.910352573,1759158511.381352573,/studio/pos_error_xyz.err_x,NaN
0.9104819260000001,1759158511.381481926,/studio/pos_error_xyz.err_x,NaN
0.9119809780000001,1759158511.382980978,/studio/pos_error_xyz.err_x,-0.003405812496312909
0.915317586,1759158511.386317586,/studio/pos_error_xyz.err_x,NaN
0.918956168,1759158511.389956168,/studio/pos_error_xyz.err_x,NaN
0.92031306,1759158511.391313060,/studio/pos_error_xyz.err_x,NaN
0.921760436,1759158511.392760436,/studio/pos_error_xyz.err_x,-0.003334208929434657
0.9252187470000001,1759158511.396218747,/studio/pos_error_xyz.err_x,-0.0031846693534639133
0.9287476800000001,1759158511.399747680,/studio/pos_error_xyz.err_x,NaN
0.9303462650000001,1759158511.401346265,/studio/pos_error_xyz.err_x,NaN
0.931888021,1759158511.402888021,/studio/pos_error_xyz.err_x,-0.003102074365596494
0.9350663220000001,1759158511.406066322,/studio/pos_error_xyz.err_x,-0.0029285980127948703
0.938761087,1759158511.409761087,/studio/pos_error_xyz.err_x,NaN
0.940354934,1759158511.411354934,/studio/pos_error_xyz.err_x,NaN
0.941755945,1759158511.412755945,/studio/pos_error_xyz.err_x,-0.002837094430866456
0.9454527760000001,1759158511.416452776,/studio/pos_error_xyz.err_x,-0.0026435616599497194
0.948616505,1759158511.419616505,/studio/pos_error_xyz.err_x,NaN
0.9503112010000001,1759158511.421311201,/studio/pos_error_xyz.err_x,NaN
0.952132827,1759158511.423132827,/studio/pos_error_xyz.err_x,-0.0025820952481884207
0.95519275,1759158511.426192750,/studio/pos_error_xyz.err_x,-0.0024511287607008755
0.9584510340000001,1759158511.429451034,/studio/pos_error_xyz.err_x,NaN
0.9603116700000001,1759158511.431311670,/studio/pos_error_xyz.err_x,NaN
0.9617893770000001,1759158511.432789377,/studio/pos_error_xyz.err_x,-0.0023793222978893505
0.965121526,1759158511.436121526,/studio/pos_error_xyz.err_x,-0.0022265006132979204
0.968481578,1759158511.439481578,/studio/pos_error_xyz.err_x,NaN
0.970312185,1759158511.441312185,/studio/pos_error_xyz.err_x,NaN
0.9718600230000001,1759158511.442860023,/studio/pos_error_xyz.err_x,-0.0019891663858382495
0.975032235,1759158511.446032235,/studio/pos_error_xyz.err_x,NaN
0.978540563,1759158511.449540563,/studio/pos_error_xyz.err_x,NaN
0.9803259350000001,1759158511.451325935,/studio/pos_error_xyz.err_x,NaN
0.9822197690000001,1759158511.453219769,/studio/pos_error_xyz.err_x,-0.0019125650278246085
0.9903843440000001,1759158511.461384344,/studio/pos_error_xyz.err_x,NaN
0.9986675920000001,1759158511.469667592,/studio/pos_error_xyz.err_x,-0.001831816521756332
0.9986710000000001,1759158511.469671000,/studio/pos_error_xyz.err_x,-0.0017512973796312867
0.998673833,1759158511.469673833,/studio/pos_error_xyz.err_x,-0.0016756782003307588
0.9986766130000001,1759158511.469676613,/studio/pos_error_xyz.err_x,-0.0016003695176643156
1.000316887,1759158511.471316887,/studio/pos_error_xyz.err_x,NaN
1.003110204,1759158511.474110204,/studio/pos_error_xyz.err_x,-0.001521465333196084
1.003112983,1759158511.474112983,/studio/pos_error_xyz.err_x,-0.0014632049466663428
1.005071014,1759158511.476071014,/studio/pos_error_xyz.err_x,-0.0013382014146384581
1.008380011,1759158511.479380011,/studio/pos_error_xyz.err_x,NaN
1.010363191,1759158511.481363191,/studio/pos_error_xyz.err_x,NaN
1.01387231,1759158511.484872310,/studio/pos_error_xyz.err_x,-0.0012400228799037166
1.01496747,1759158511.485967470,/studio/pos_error_xyz.err_x,-0.001026029474266272
1.018430714,1759158511.489430714,/studio/pos_error_xyz.err_x,NaN
1.020313084,1759158511.491313084,/studio/pos_error_xyz.err_x,NaN
1.021722941,1759158511.492722941,/studio/pos_error_xyz.err_x,-0.000967509920369639
1.0251007,1759158511.496100700,/studio/pos_error_xyz.err_x,-0.0008393567819596707
1.028273613,1759158511.499273613,/studio/pos_error_xyz.err_x,NaN
1.030343671,1759158511.501343671,/studio/pos_error_xyz.err_x,NaN
1.031922654,1759158511.502922654,/studio/pos_error_xyz.err_x,-0.0005969861151061418
1.0350088020000001,1759158511.506008802,/studio/pos_error_xyz.err_x,NaN
1.038479428,1759158511.509479428,/studio/pos_error_xyz.err_x,NaN
1.040341553,1759158511.511341553,/studio/pos_error_xyz.err_x,NaN
1.041658275,1759158511.512658275,/studio/pos_error_xyz.err_x,-0.0005298762754226609
1.044879855,1759158511.515879855,/studio/pos_error_xyz.err_x,-0.00038175566535834145
1.048256263,1759158511.519256263,/studio/pos_error_xyz.err_x,NaN
1.050301604,1759158511.521301604,/studio/pos_error_xyz.err_x,NaN
1.051694815,1759158511.522694815,/studio/pos_error_xyz.err_x,-0.0001582534385857467
1.055008904,1759158511.526008904,/studio/pos_error_xyz.err_x,0.00033863759786335065
1.058354781,1759158511.529354781,/studio/pos_error_xyz.err_x,NaN
1.060304767,1759158511.531304767,/studio/pos_error_xyz.err_x,NaN
1.06185551,1759158511.532855510,/studio/pos_error_xyz.err_x,0.0003819084110749258
1.065019444,1759158511.536019444,/studio/pos_error_xyz.err_x,0.0004782643311363834
1.068393428,1759158511.539393428,/studio/pos_error_xyz.err_x,NaN
1.070310218,1759158511.541310218,/studio/pos_error_xyz.err_x,NaN
1.071665686,1759158511.542665686,/studio/pos_error_xyz.err_x,0.0005476095953100598
1.074956084,1759158511.545956084,/studio/pos_error_xyz.err_x,0.0007028141865684243
1.078313067,1759158511.549313067,/studio/pos_error_xyz.err_x,NaN
1.080303261,1759158511.551303261,/studio/pos_error_xyz.err_x,NaN
1.081539761,1759158511.552539761,/studio/pos_error_xyz.err_x,0.0007677439346195141
1.085114314,1759158511.556114314,/studio/pos_error_xyz.err_x,0.0009135903713462059
1.088339522,1759158511.559339522,/studio/pos_error_xyz.err_x,NaN
1.090306285,1759158511.561306285,/studio/pos_error_xyz.err_x,NaN
1.091596569,1759158511.562596569,/studio/pos_error_xyz.err_x,0.0009608017331764148
1.094977609,1759158511.565977609,/studio/pos_error_xyz.err_x,0.001067457583544485
1.098393943,1759158511.569393943,/studio/pos_error_xyz.err_x,NaN
1.100302414,1759158511.571302414,/studio/pos_error_xyz.err_x,NaN
1.101640639,1759158511.572640639,/studio/pos_error_xyz.err_x,0.0011125880876365175
1.104976622,1759158511.575976622,/studio/pos_error_xyz.err_x,0.0012149493581729567
1.108293637,1759158511.579293637,/studio/pos_error_xyz.err_x,NaN
1.110322386,1759158511.581322386,/studio/pos_error_xyz.err_x,NaN
1.112707445,1759158511.583707445,/studio/pos_error_xyz.err_x,0.0012775152442433455
1.114915049,1759158511.585915049,/studio/pos_error_xyz.err_x,0.0014202919196237155
1.118213774,1759158511.589213774,/studio/pos_error_xyz.err_x,NaN
1.120297028,1759158511.591297028,/studio/pos_error_xyz.err_x,NaN
1.12171105,1759158511.592711050,/studio/pos_error_xyz.err_x,0.001481857427578721
1.124941821,1759158511.595941821,/studio/pos_error_xyz.err_x,0.0016232307282285196
1.128285208,1759158511.599285208,/studio/pos_error_xyz.err_x,NaN
1.130291452,1759158511.601291452,/studio/pos_error_xyz.err_x,NaN
1.1315647260000001,1759158511.602564726,/studio/pos_error_xyz.err_x,0.0015221834326311877
1.13500517,1759158511.606005170,/studio/pos_error_xyz.err_x,0.0012897396410179553
1.1383052949999999,1759158511.609305295,/studio/pos_error_xyz.err_x,NaN
1.140381581,1759158511.611381581,/studio/pos_error_xyz.err_x,NaN
1.141720963,1759158511.612720963,/studio/pos_error_xyz.err_x,0.001337229168828603
1.144853188,1759158511.615853188,/studio/pos_error_xyz.err_x,0.0014476398067185677
1.148317607,1759158511.619317607,/studio/pos_error_xyz.err_x,NaN
1.150309701,1759158511.621309701,/studio/pos_error_xyz.err_x,NaN
1.151717155,1759158511.622717155,/studio/pos_error_xyz.err_x,0.001491061954470077
1.155064404,1759158511.626064404,/studio/pos_error_xyz.err_x,0.001593512376220728
1.158764509,1759158511.629764509,/studio/pos_error_xyz.err_x,NaN
1.160306243,1759158511.631306243,/studio/pos_error_xyz.err_x,NaN
1.161711328,1759158511.632711328,/studio/pos_error_xyz.err_x,0.0016322246653421653
1.165026277,1759158511.636026277,/studio/pos_error_xyz.err_x,0.0017223521257771542
1.1682364330000001,1759158511.639236433,/studio/pos_error_xyz.err_x,NaN
1.1702919760000001,1759158511.641291976,/studio/pos_error_xyz.err_x,NaN
1.171645662,1759158511.642645662,/studio/pos_error_xyz.err_x,0.0017296500453606895
1.174914409,1759158511.645914409,/studio/pos_error_xyz.err_x,0.0017467599943834327
1.178088578,1759158511.649088578,/studio/pos_error_xyz.err_x,NaN
1.180291753,1759158511.651291753,/studio/pos_error_xyz.err_x,NaN
1.181489067,1759158511.652489067,/studio/pos_error_xyz.err_x,0.0017810812938432953
1.185029389,1759158511.656029389,/studio/pos_error_xyz.err_x,0.0018617936331892216
1.190345704,1759158511.661345704,/studio/pos_error_xyz.err_x,NaN
1.200329756,1759158511.671329756,/studio/pos_error_xyz.err_x,NaN
1.202591205,1759158511.673591205,/studio/pos_error_xyz.err_x,NaN
1.202594961,1759158511.673594961,/studio/pos_error_xyz.err_x,0.0018909073368842324
1.20259935,1759158511.673599350,/studio/pos_error_xyz.err_x,0.001923500446531428
1.202608144,1759158511.673608144,/studio/pos_error_xyz.err_x,0.0019561236374980953
1.207047961,1759158511.678047961,/studio/pos_error_xyz.err_x,0.001968610593084422
1.207052864,1759158511.678052864,/studio/pos_error_xyz.err_x,0.001978595650227065
1.208357978,1759158511.679357978,/studio/pos_error_xyz.err_x,0.0019897143953960575
1.210292897,1759158511.681292897,/studio/pos_error_xyz.err_x,NaN
1.211468028,1759158511.682468028,/studio/pos_error_xyz.err_x,0.002019481587151111
1.216565932,1759158511.687565932,/studio/pos_error_xyz.err_x,0.0020904781836548468
1.218135891,1759158511.689135891,/studio/pos_error_xyz.err_x,NaN
1.220321286,1759158511.691321286,/studio/pos_error_xyz.err_x,NaN
1.222436764,1759158511.693436764,/studio/pos_error_xyz.err_x,0.0021154412947777495
1.22502099,1759158511.696020990,/studio/pos_error_xyz.err_x,0.0021753206266510563
1.228513266,1759158511.699513266,/studio/pos_error_xyz.err_x,NaN
1.230326074,1759158511.701326074,/studio/pos_error_xyz.err_x,NaN
1.231902652,1759158511.702902652,/studio/pos_error_xyz.err_x,0.0021976957078286862
1.235070884,1759158511.706070884,/studio/pos_error_xyz.err_x,0.0022519547419629212
1.238674217,1759158511.709674217,/studio/pos_error_xyz.err_x,NaN
1.240311269,1759158511.711311269,/studio/pos_error_xyz.err_x,NaN
1.243537044,1759158511.714537044,/studio/pos_error_xyz.err_x,0.002251089815345107
1.245383654,1759158511.716383654,/studio/pos_error_xyz.err_x,0.002248967113467424
1.248258721,1759158511.719258721,/studio/pos_error_xyz.err_x,NaN
1.2503352699999999,1759158511.721335270,/studio/pos_error_xyz.err_x,NaN
1.251480179,1759158511.722480179,/studio/pos_error_xyz.err_x,0.0022668540206489856
1.254973568,1759158511.725973568,/studio/pos_error_xyz.err_x,0.0023105285293625083
1.25855144,1759158511.729551440,/studio/pos_error_xyz.err_x,NaN
1.260309247,1759158511.731309247,/studio/pos_error_xyz.err_x,NaN
1.261495872,1759158511.732495872,/studio/pos_error_xyz.err_x,0.002321374855849251
1.264831005,1759158511.735831005,/studio/pos_error_xyz.err_x,0.0023479494095272444
1.268429978,1759158511.739429978,/studio/pos_error_xyz.err_x,NaN
1.270259177,1759158511.741259177,/studio/pos_error_xyz.err_x,NaN
1.271735889,1759158511.742735889,/studio/pos_error_xyz.err_x,0.0023533099514113486
1.275019833,1759158511.746019833,/studio/pos_error_xyz.err_x,0.002366445422434784
1.278235407,1759158511.749235407,/studio/pos_error_xyz.err_x,NaN
1.2802939850000001,1759158511.751293985,/studio/pos_error_xyz.err_x,NaN
1.281615868,1759158511.752615868,/studio/pos_error_xyz.err_x,0.002361221512747352
1.285058219,1759158511.756058219,/studio/pos_error_xyz.err_x,0.0023484555777096437
1.289027426,1759158511.760027426,/studio/pos_error_xyz.err_x,NaN
1.2902899780000001,1759158511.761289978,/studio/pos_error_xyz.err_x,NaN
1.291651179,1759158511.762651179,/studio/pos_error_xyz.err_x,0.002352908212191248
1.294707228,1759158511.765707228,/studio/pos_error_xyz.err_x,0.002363964575587532
1.298051673,1759158511.769051673,/studio/pos_error_xyz.err_x,NaN
1.300311838,1759158511.771311838,/studio/pos_error_xyz.err_x,NaN
1.301930917,1759158511.772930917,/studio/pos_error_xyz.err_x,0.002370756000023347
1.305040593,1759158511.776040593,/studio/pos_error_xyz.err_x,0.0023876929313523614
1.30819515,1759158511.779195150,/studio/pos_error_xyz.err_x,NaN
1.310296271,1759158511.781296271,/studio/pos_error_xyz.err_x,NaN
1.311814282,1759158511.782814282,/studio/pos_error_xyz.err_x,0.0023588324281914627
1.314880192,1759158511.785880192,/studio/pos_error_xyz.err_x,0.002286543745643027
1.318986064,1759158511.789986064,/studio/pos_error_xyz.err_x,NaN
1.320290227,1759158511.791290227,/studio/pos_error_xyz.err_x,NaN
1.321579775,1759158511.792579775,/studio/pos_error_xyz.err_x,0.0022905611413641586
1.324956921,1759158511.795956921,/studio/pos_error_xyz.err_x,0.0023006712013453634
1.3282859,1759158511.799285900,/studio/pos_error_xyz.err_x,NaN
1.3303352529999999,1759158511.801335253,/studio/pos_error_xyz.err_x,NaN
1.3313750720000002,1759158511.802375072,/studio/pos_error_xyz.err_x,0.0022914032678543338
1.334672074,1759158511.805672074,/studio/pos_error_xyz.err_x,0.00226800683633029
1.338053001,1759158511.809053001,/studio/pos_error_xyz.err_x,NaN
1.340373089,1759158511.811373089,/studio/pos_error_xyz.err_x,NaN
1.341448715,1759158511.812448715,/studio/pos_error_xyz.err_x,0.0022562449187734927
1.344736085,1759158511.815736085,/studio/pos_error_xyz.err_x,0.0022262791456629425
1.347960485,1759158511.818960485,/studio/pos_error_xyz.err_x,NaN
1.3503419920000002,1759158511.821341992,/studio/pos_error_xyz.err_x,NaN
1.351280332,1759158511.822280332,/studio/pos_error_xyz.err_x,0.0022102411198214955
1.354771854,1759158511.825771854,/studio/pos_error_xyz.err_x,0.002168877880893655
1.358132162,1759158511.829132162,/studio/pos_error_xyz.err_x,NaN
1.360333782,1759158511.831333782,/studio/pos_error_xyz.err_x,NaN
1.3614016960000002,1759158511.832401696,/studio/pos_error_xyz.err_x,0.0021700348453352843
1.364647074,1759158511.835647074,/studio/pos_error_xyz.err_x,0.0021730161656131628
1.367896672,1759158511.838896672,/studio/pos_error_xyz.err_x,NaN
1.37029246,1759158511.841292460,/studio/pos_error_xyz.err_x,NaN
1.371336748,1759158511.842336748,/studio/pos_error_xyz.err_x,0.002149589037406111
1.374856789,1759158511.845856789,/studio/pos_error_xyz.err_x,0.0020890153591111354
1.377996308,1759158511.848996308,/studio/pos_error_xyz.err_x,NaN
1.380366744,1759158511.851366744,/studio/pos_error_xyz.err_x,NaN
1.381266622,1759158511.852266622,/studio/pos_error_xyz.err_x,0.0020586198400654168
1.38468634,1759158511.855686340,/studio/pos_error_xyz.err_x,0.001979505916631487
1.388024142,1759158511.859024142,/studio/pos_error_xyz.err_x,NaN
1.390346008,1759158511.861346008,/studio/pos_error_xyz.err_x,NaN
1.391779085,1759158511.862779085,/studio/pos_error_xyz.err_x,0.0019589020773167283
1.400309399,1759158511.871309399,/studio/pos_error_xyz.err_x,NaN
1.410305429,1759158511.881305429,/studio/pos_error_xyz.err_x,NaN
1.411007681,1759158511.882007681,/studio/pos_error_xyz.err_x,0.0019339868323629877
1.41101092,1759158511.882010920,/studio/pos_error_xyz.err_x,0.001909027476052621
1.411019434,1759158511.882019434,/studio/pos_error_xyz.err_x,0.0018702612303324547
1.4110229520000002,1759158511.882022952,/studio/pos_error_xyz.err_x,0.001828618834511087
1.412649278,1759158511.883649278,/studio/pos_error_xyz.err_x,0.001786864220961528
1.412651506,1759158511.883651506,/studio/pos_error_xyz.err_x,0.0017476130044898183
1.415039213,1759158511.886039213,/studio/pos_error_xyz.err_x,0.0016631613186751549
1.418019801,1759158511.889019801,/studio/pos_error_xyz.err_x,NaN
1.420325798,1759158511.891325798,/studio/pos_error_xyz.err_x,NaN
1.421457758,1759158511.892457758,/studio/pos_error_xyz.err_x,0.0016208412610739331
1.424670738,1759158511.895670738,/studio/pos_error_xyz.err_x,0.0015087334207754411
1.428173398,1759158511.899173398,/studio/pos_error_xyz.err_x,NaN
1.430334773,1759158511.901334773,/studio/pos_error_xyz.err_x,NaN
1.431327846,1759158511.902327846,/studio/pos_error_xyz.err_x,0.0014915763690047726
1.434808552,1759158511.905808552,/studio/pos_error_xyz.err_x,0.0014458161759957737
1.437962282,1759158511.908962282,/studio/pos_error_xyz.err_x,NaN
1.440367888,1759158511.911367888,/studio/pos_error_xyz.err_x,NaN
1.44145405,1759158511.912454050,/studio/pos_error_xyz.err_x,0.0014105181466402747
1.444639231,1759158511.915639231,/studio/pos_error_xyz.err_x,0.0013161134293627728
1.447995284,1759158511.918995284,/studio/pos_error_xyz.err_x,NaN
1.450350515,1759158511.921350515,/studio/pos_error_xyz.err_x,NaN
1.4512275140000002,1759158511.922227514,/studio/pos_error_xyz.err_x,0.0012807917849891998
1.454622705,1759158511.925622705,/studio/pos_error_xyz.err_x,0.0011856475088367969
1.457826388,1759158511.928826388,/studio/pos_error_xyz.err_x,NaN
1.460402909,1759158511.931402909,/studio/pos_error_xyz.err_x,NaN
1.461276957,1759158511.932276957,/studio/pos_error_xyz.err_x,0.001150576611057971
1.464612318,1759158511.935612318,/studio/pos_error_xyz.err_x,0.0010557035449550915
1.467929065,1759158511.938929065,/studio/pos_error_xyz.err_x,NaN
1.470322492,1759158511.941322492,/studio/pos_error_xyz.err_x,NaN
1.47196622,1759158511.942966220,/studio/pos_error_xyz.err_x,0.0010281179434874395
1.475276635,1759158511.946276635,/studio/pos_error_xyz.err_x,0.0009531034978964046
1.478204926,1759158511.949204926,/studio/pos_error_xyz.err_x,NaN
1.480302289,1759158511.951302289,/studio/pos_error_xyz.err_x,NaN
1.4812992280000001,1759158511.952299228,/studio/pos_error_xyz.err_x,0.0009063981541772421
1.484684983,1759158511.955684983,/studio/pos_error_xyz.err_x,0.0007790620592267434
1.487803931,1759158511.958803931,/studio/pos_error_xyz.err_x,NaN
1.490325202,1759158511.961325202,/studio/pos_error_xyz.err_x,NaN
1.491177066,1759158511.962177066,/studio/pos_error_xyz.err_x,0.0007292510822698704
1.494770396,1759158511.965770396,/studio/pos_error_xyz.err_x,0.0005924500546290589
1.497940692,1759158511.968940692,/studio/pos_error_xyz.err_x,NaN
1.500303479,1759158511.971303479,/studio/pos_error_xyz.err_x,NaN
1.501149456,1759158511.972149456,/studio/pos_error_xyz.err_x,0.0005630549617458426
1.504512107,1759158511.975512107,/studio/pos_error_xyz.err_x,0.00048196319728373413
1.5077910060000002,1759158511.978791006,/studio/pos_error_xyz.err_x,NaN
1.510347048,1759158511.981347048,/studio/pos_error_xyz.err_x,NaN
1.511243756,1759158511.982243756,/studio/pos_error_xyz.err_x,0.0004337374290830785
1.514694293,1759158511.985694293,/studio/pos_error_xyz.err_x,0.0002998815618373081
1.5178248760000002,1759158511.988824876,/studio/pos_error_xyz.err_x,NaN
1.520305126,1759158511.991305126,/studio/pos_error_xyz.err_x,NaN
1.522230296,1759158511.993230296,/studio/pos_error_xyz.err_x,0.0002550805529814822
1.524771297,1759158511.995771297,/studio/pos_error_xyz.err_x,0.00013011846861201107
1.52795184,1759158511.998951840,/studio/pos_error_xyz.err_x,NaN
1.5302962610000002,1759158512.001296261,/studio/pos_error_xyz.err_x,NaN
1.53126825,1759158512.002268250,/studio/pos_error_xyz.err_x,0.00008469130282929549
1.534610848,1759158512.005610848,/studio/pos_error_xyz.err_x,-0.00004225324621421542
1.537767848,1759158512.008767848,/studio/pos_error_xyz.err_x,NaN
1.540331689,1759158512.011331689,/studio/pos_error_xyz.err_x,NaN
1.5412930679999999,1759158512.012293068,/studio/pos_error_xyz.err_x,-0.0000667022058166584
1.5446480519999999,1759158512.015648052,/studio/pos_error_xyz.err_x,-0.0001353488956395069
1.547749498,1759158512.018749498,/studio/pos_error_xyz.err_x,NaN
1.5503086220000002,1759158512.021308622,/studio/pos_error_xyz.err_x,NaN
1.551277173,1759158512.022277173,/studio/pos_error_xyz.err_x,-0.00019179086568000403
1.5547078870000002,1759158512.025707887,/studio/pos_error_xyz.err_x,-0.00035194557984386817
1.557849497,1759158512.028849497,/studio/pos_error_xyz.err_x,NaN
1.560297758,1759158512.031297758,/studio/pos_error_xyz.err_x,NaN
1.561227941,1759158512.032227941,/studio/pos_error_xyz.err_x,-0.00040610745301595684
1.564620141,1759158512.035620141,/studio/pos_error_xyz.err_x,-0.0005602026228080062
1.5680342999999999,1759158512.039034300,/studio/pos_error_xyz.err_x,NaN
1.5702780889999999,1759158512.041278089,/studio/pos_error_xyz.err_x,NaN
1.5711786110000001,1759158512.042178611,/studio/pos_error_xyz.err_x,-0.0006023095502862684
1.574591593,1759158512.045591593,/studio/pos_error_xyz.err_x,-0.0007224555544127414
1.5778999260000002,1759158512.048899926,/studio/pos_error_xyz.err_x,NaN
1.580298998,1759158512.051298998,/studio/pos_error_xyz.err_x,NaN
1.581257551,1759158512.052257551,/studio/pos_error_xyz.err_x,-0.0007706334359464523
1.5844227160000002,1759158512.055422716,/studio/pos_error_xyz.err_x,-0.0009088049524731521
1.587676427,1759158512.058676427,/studio/pos_error_xyz.err_x,NaN
1.590330682,1759158512.061330682,/studio/pos_error_xyz.err_x,NaN
1.5910478600000002,1759158512.062047860,/studio/pos_error_xyz.err_x,-0.00096878173085991
1.594588302,1759158512.065588302,/studio/pos_error_xyz.err_x,-0.001142593849329691
1.6002700120000002,1759158512.071270012,/studio/pos_error_xyz.err_x,NaN
1.61027655,1759158512.081276550,/studio/pos_error_xyz.err_x,NaN
1.6121915420000001,1759158512.083191542,/studio/pos_error_xyz.err_x,NaN
1.61219625,1759158512.083196250,/studio/pos_error_xyz.err_x,-0.0011989236687882164
1.6121991370000002,1759158512.083199137,/studio/pos_error_xyz.err_x,-0.0012718679513821828
1.612201481,1759158512.083201481,/studio/pos_error_xyz.err_x,-0.0013448907893574044
1.616665522,1759158512.087665522,/studio/pos_error_xyz.err_x,-0.0013939141875520871
1.616667869,1759158512.087667869,/studio/pos_error_xyz.err_x,-0.001435716962219985
1.6180046350000001,1759158512.089004635,/studio/pos_error_xyz.err_x,-0.0014873918009454892
1.620317016,1759158512.091317016,/studio/pos_error_xyz.err_x,NaN
1.621037297,1759158512.092037297,/studio/pos_error_xyz.err_x,-0.0015407143532497483
1.624316686,1759158512.095316686,/studio/pos_error_xyz.err_x,-0.0016974574821376975
1.627799456,1759158512.098799456,/studio/pos_error_xyz.err_x,NaN
1.630274489,1759158512.101274489,/studio/pos_error_xyz.err_x,NaN
1.631176542,1759158512.102176542,/studio/pos_error_xyz.err_x,-0.0017536448608594492
1.6345583320000001,1759158512.105558332,/studio/pos_error_xyz.err_x,-0.0019207209834344939
1.6378132760000002,1759158512.108813276,/studio/pos_error_xyz.err_x,NaN
1.640312019,1759158512.111312019,/studio/pos_error_xyz.err_x,NaN
1.641076729,1759158512.112076729,/studio/pos_error_xyz.err_x,-0.001973000817138826
1.6443768630000002,1759158512.115376863,/studio/pos_error_xyz.err_x,-0.002127564751039266
1.647784722,1759158512.118784722,/studio/pos_error_xyz.err_x,NaN
1.650358425,1759158512.121358425,/studio/pos_error_xyz.err_x,NaN
1.651174581,1759158512.122174581,/studio/pos_error_xyz.err_x,-0.0021602067593828617
1.654554297,1759158512.125554297,/studio/pos_error_xyz.err_x,-0.002257832980275377
1.6576980460000001,1759158512.128698046,/studio/pos_error_xyz.err_x,NaN
1.6603228250000002,1759158512.131322825,/studio/pos_error_xyz.err_x,NaN
1.661016126,1759158512.132016126,/studio/pos_error_xyz.err_x,-0.002312779629591056
1.664454584,1759158512.135454584,/studio/pos_error_xyz.err_x,-0.0024783153195461058
1.667679087,1759158512.138679087,/studio/pos_error_xyz.err_x,NaN
1.6703239920000001,1759158512.141323992,/studio/pos_error_xyz.err_x,NaN
1.671110467,1759158512.142110467,/studio/pos_error_xyz.err_x,-0.002540001652859093
1.674244721,1759158512.145244721,/studio/pos_error_xyz.err_x,-0.002725113179275686
1.6777181730000001,1759158512.148718173,/studio/pos_error_xyz.err_x,NaN
1.680328055,1759158512.151328055,/studio/pos_error_xyz.err_x,NaN
1.681138127,1759158512.152138127,/studio/pos_error_xyz.err_x,-0.002761519951960057
1.684398307,1759158512.155398307,/studio/pos_error_xyz.err_x,-0.002871159039504866
1.6876493680000002,1759158512.158649368,/studio/pos_error_xyz.err_x,NaN
1.690299621,1759158512.161299621,/studio/pos_error_xyz.err_x,NaN
1.6909851960000002,1759158512.161985196,/studio/pos_error_xyz.err_x,-0.0029167634809258622
1.694292226,1759158512.165292226,/studio/pos_error_xyz.err_x,-0.003055112022857506
1.69825241,1759158512.169252410,/studio/pos_error_xyz.err_x,NaN
1.700301166,1759158512.171301166,/studio/pos_error_xyz.err_x,NaN
1.701058629,1759158512.172058629,/studio/pos_error_xyz.err_x,-0.0031152228887713043
1.704340656,1759158512.175340656,/studio/pos_error_xyz.err_x,-0.003298534233548444
1.7077344110000001,1759158512.178734411,/studio/pos_error_xyz.err_x,NaN
1.710270774,1759158512.181270774,/studio/pos_error_xyz.err_x,NaN
1.710963999,1759158512.181963999,/studio/pos_error_xyz.err_x,-0.003351809096442546
1.714322271,1759158512.185322271,/studio/pos_error_xyz.err_x,-0.0035150933078166957
1.717595927,1759158512.188595927,/studio/pos_error_xyz.err_x,NaN
1.7202736550000002,1759158512.191273655,/studio/pos_error_xyz.err_x,NaN
1.7209984660000002,1759158512.191998466,/studio/pos_error_xyz.err_x,-0.003544026853498633
1.7243193890000001,1759158512.195319389,/studio/pos_error_xyz.err_x,-0.0036331514822542216
1.727837905,1759158512.198837905,/studio/pos_error_xyz.err_x,NaN
1.7303389990000002,1759158512.201338999,/studio/pos_error_xyz.err_x,NaN
1.730987966,1759158512.201987966,/studio/pos_error_xyz.err_x,-0.0036764835638155376
1.734209233,1759158512.205209233,/studio/pos_error_xyz.err_x,-0.0038111006343643245
1.737661125,1759158512.208661125,/studio/pos_error_xyz.err_x,NaN
1.74032022,1759158512.211320220,/studio/pos_error_xyz.err_x,NaN
1.74086419,1759158512.211864190,/studio/pos_error_xyz.err_x,-0.003862531295565927
1.7442118340000001,1759158512.215211834,/studio/pos_error_xyz.err_x,-0.004023987342204652
1.747710059,1759158512.218710059,/studio/pos_error_xyz.err_x,NaN
1.750274984,1759158512.221274984,/studio/pos_error_xyz.err_x,NaN
1.7509571300000002,1759158512.221957130,/studio/pos_error_xyz.err_x,-0.004059787659588213
1.754247643,1759158512.225247643,/studio/pos_error_xyz.err_x,-0.0041722573808243785
1.757615831,1759158512.228615831,/studio/pos_error_xyz.err_x,NaN
1.760309632,1759158512.231309632,/studio/pos_error_xyz.err_x,NaN
1.760930372,1759158512.231930372,/studio/pos_error_xyz.err_x,-0.004188906691277868
1.7643468960000002,1759158512.235346896,/studio/pos_error_xyz.err_x,-0.004241676719710102
1.7675456870000001,1759158512.238545687,/studio/pos_error_xyz.err_x,NaN
1.770315402,1759158512.241315402,/studio/pos_error_xyz.err_x,NaN
1.770954506,1759158512.241954506,/studio/pos_error_xyz.err_x,-0.004272387446943596
1.774302464,1759158512.245302464,/studio/pos_error_xyz.err_x,-0.004371249880188091
1.777577718,1759158512.248577718,/studio/pos_error_xyz.err_x,NaN
1.780262767,1759158512.251262767,/studio/pos_error_xyz.err_x,NaN
1.7809578940000002,1759158512.251957894,/studio/pos_error_xyz.err_x,-0.004404423434563529
1.7844457130000002,1759158512.255445713,/studio/pos_error_xyz.err_x,-0.0045099714554816105
1.787579579,1759158512.258579579,/studio/pos_error_xyz.err_x,NaN
1.790310977,1759158512.261310977,/studio/pos_error_xyz.err_x,NaN
1.790969987,1759158512.261969987,/studio/pos_error_xyz.err_x,-0.004512537443656908
1.794368377,1759158512.265368377,/studio/pos_error_xyz.err_x,-0.0045207628369866686
1.797698185,1759158512.268698185,/studio/pos_error_xyz.err_x,NaN
1.800325036,1759158512.271325036,/studio/pos_error_xyz.err_x,NaN
1.8015423570000002,1759158512.272542357,/studio/pos_error_xyz.err_x,-0.004536123472815258
1.810328835,1759158512.281328835,/studio/pos_error_xyz.err_x,NaN
1.817594433,1759158512.288594433,/studio/pos_error_xyz.err_x,-0.004557989374085657
1.817597798,1759158512.288597798,/studio/pos_error_xyz.err_x,-0.004579877144621828
1.817600637,1759158512.288600637,/studio/pos_error_xyz.err_x,-0.004612188478975245
1.8176049060000001,1759158512.288604906,/studio/pos_error_xyz.err_x,-0.004648906742122959
1.820314068,1759158512.291314068,/studio/pos_error_xyz.err_x,NaN
1.821732322,1759158512.292732322,/studio/pos_error_xyz.err_x,-0.004685661732009222
1.821778572,1759158512.292778572,/studio/pos_error_xyz.err_x,-0.00471161909879208
1.824327725,1759158512.295327725,/studio/pos_error_xyz.err_x,-0.004760738564058694
1.827539716,1759158512.298539716,/studio/pos_error_xyz.err_x,NaN
1.8304117240000002,1759158512.301411724,/studio/pos_error_xyz.err_x,NaN
1.8309198370000002,1759158512.301919837,/studio/pos_error_xyz.err_x,-0.004711855584933242
1.834180962,1759158512.305180962,/studio/pos_error_xyz.err_x,-0.004549822319698086
1.837589302,1759158512.308589302,/studio/pos_error_xyz.err_x,NaN
1.840299548,1759158512.311299548,/studio/pos_error_xyz.err_x,NaN
1.84088924,1759158512.311889240,/studio/pos_error_xyz.err_x,-0.004560252170935475
1.844327792,1759158512.315327792,/studio/pos_error_xyz.err_x,-0.004595988523519576
1.8474786070000002,1759158512.318478607,/studio/pos_error_xyz.err_x,NaN
1.850295905,1759158512.321295905,/studio/pos_error_xyz.err_x,NaN
1.8508623700000002,1759158512.321862370,/studio/pos_error_xyz.err_x,-0.004604000458757615
1.854361472,1759158512.325361472,/studio/pos_error_xyz.err_x,-0.004630693864659483
1.857655905,1759158512.328655905,/studio/pos_error_xyz.err_x,NaN
1.860264476,1759158512.331264476,/studio/pos_error_xyz.err_x,NaN
1.860848178,1759158512.331848178,/studio/pos_error_xyz.err_x,-0.004610601555914556
1.864115436,1759158512.335115436,/studio/pos_error_xyz.err_x,-0.004543762967313536
1.867532544,1759158512.338532544,/studio/pos_error_xyz.err_x,NaN
1.8703170560000002,1759158512.341317056,/studio/pos_error_xyz.err_x,NaN
1.870980103,1759158512.341980103,/studio/pos_error_xyz.err_x,-0.004533109381376108
1.874214236,1759158512.345214236,/studio/pos_error_xyz.err_x,-0.004497431373694319
1.877499857,1759158512.348499857,/studio/pos_error_xyz.err_x,NaN
1.880319638,1759158512.351319638,/studio/pos_error_xyz.err_x,NaN
1.880743405,1759158512.351743405,/studio/pos_error_xyz.err_x,-0.004500851799745642
1.884056296,1759158512.355056296,/studio/pos_error_xyz.err_x,-0.004512359712416729
1.8875130900000001,1759158512.358513090,/studio/pos_error_xyz.err_x,NaN
1.8903489050000002,1759158512.361348905,/studio/pos_error_xyz.err_x,NaN
1.890800188,1759158512.361800188,/studio/pos_error_xyz.err_x,-0.0045133200867246565
1.894140135,1759158512.365140135,/studio/pos_error_xyz.err_x,-0.004516574203018002
1.8974158540000001,1759158512.368415854,/studio/pos_error_xyz.err_x,NaN
1.900322444,1759158512.371322444,/studio/pos_error_xyz.err_x,NaN
1.90089233,1759158512.371892330,/studio/pos_error_xyz.err_x,-0.004494951644954771
1.9041304540000001,1759158512.375130454,/studio/pos_error_xyz.err_x,-0.004421394007725125
1.907542527,1759158512.378542527,/studio/pos_error_xyz.err_x,NaN
1.910269666,1759158512.381269666,/studio/pos_error_xyz.err_x,NaN
1.910760586,1759158512.381760586,/studio/pos_error_xyz.err_x,-0.004419280204237236
1.914025032,1759158512.385025032,/studio/pos_error_xyz.err_x,-0.004412036881927251
1.9173167160000002,1759158512.388316716,/studio/pos_error_xyz.err_x,NaN
1.920310895,1759158512.391310895,/studio/pos_error_xyz.err_x,NaN
1.920801307,1759158512.391801307,/studio/pos_error_xyz.err_x,-0.004357872548078718
1.924054864,1759158512.395054864,/studio/pos_error_xyz.err_x,-0.004171408502060345
1.9274384310000001,1759158512.398438431,/studio/pos_error_xyz.err_x,NaN
1.930305622,1759158512.401305622,/studio/pos_error_xyz.err_x,NaN
1.930807825,1759158512.401807825,/studio/pos_error_xyz.err_x,-0.0041556114962946695
1.934020835,1759158512.405020835,/studio/pos_error_xyz.err_x,-0.004100905813812186
1.9374881,1759158512.408488100,/studio/pos_error_xyz.err_x,NaN
1.9403192420000002,1759158512.411319242,/studio/pos_error_xyz.err_x,NaN
1.94083138,1759158512.411831380,/studio/pos_error_xyz.err_x,-0.004080819185155561
1.944137472,1759158512.415137472,/studio/pos_error_xyz.err_x,-0.004010804188321801
1.9473603060000002,1759158512.418360306,/studio/pos_error_xyz.err_x,NaN
1.950316687,1759158512.421316687,/studio/pos_error_xyz.err_x,NaN
1.950620905,1759158512.421620905,/studio/pos_error_xyz.err_x,-0.004002884058996556
1.954136695,1759158512.425136695,/studio/pos_error_xyz.err_x,-0.003975070564357692
1.957493353,1759158512.428493353,/studio/pos_error_xyz.err_x,NaN
1.960305503,1759158512.431305503,/studio/pos_error_xyz.err_x,NaN
1.960709167,1759158512.431709167,/studio/pos_error_xyz.err_x,-0.003954928153968652
1.964065593,1759158512.435065593,/studio/pos_error_xyz.err_x,-0.00388391746420875
1.9673692520000001,1759158512.438369252,/studio/pos_error_xyz.err_x,NaN
1.970301596,1759158512.441301596,/studio/pos_error_xyz.err_x,NaN
1.9708479890000001,1759158512.441847989,/studio/pos_error_xyz.err_x,-0.0038560367480756593
1.9740582500000001,1759158512.445058250,/studio/pos_error_xyz.err_x,-0.0037572019776550623
1.977396302,1759158512.448396302,/studio/pos_error_xyz.err_x,NaN
1.980278674,1759158512.451278674,/studio/pos_error_xyz.err_x,NaN
1.980669162,1759158512.451669162,/studio/pos_error_xyz.err_x,-0.0037460929098217283
1.983981359,1759158512.454981359,/studio/pos_error_xyz.err_x,-0.0037064831131697206
1.9873564730000002,1759158512.458356473,/studio/pos_error_xyz.err_x,NaN
1.990310647,1759158512.461310647,/studio/pos_error_xyz.err_x,NaN
1.990712561,1759158512.461712561,/studio/pos_error_xyz.err_x,-0.0036937593448282133
1.994005037,1759158512.465005037,/studio/pos_error_xyz.err_x,-0.0036480552337551037
1.997262654,1759158512.468262654,/studio/pos_error_xyz.err_x,NaN
2.000309087,1759158512.471309087,/studio/pos_error_xyz.err_x,NaN
2.000740859,1759158512.471740859,/studio/pos_error_xyz.err_x,-0.003629518803578531
2.004045995,1759158512.475045995,/studio/pos_error_xyz.err_x,-0.0035627059600938696
2.008074473,1759158512.479074473,/studio/pos_error_xyz.err_x,NaN
2.010322446,1759158512.481322446,/studio/pos_error_xyz.err_x,NaN
2.020327691,1759158512.491327691,/studio/pos_error_xyz.err_x,NaN
2.024886354,1759158512.495886354,/studio/pos_error_xyz.err_x,-0.003640753998595557
2.024890843,1759158512.495890843,/studio/pos_error_xyz.err_x,-0.003761229717692501
2.024895051,1759158512.495895051,/studio/pos_error_xyz.err_x,-0.003881677651798878
2.024900857,1759158512.495900857,/studio/pos_error_xyz.err_x,-0.003921608041858334
2.026109909,1759158512.497109909,/studio/pos_error_xyz.err_x,-0.0039173294034441945
2.027358724,1759158512.498358724,/studio/pos_error_xyz.err_x,-0.003911519577171188
2.030276253,1759158512.501276253,/studio/pos_error_xyz.err_x,NaN
2.030695782,1759158512.501695782,/studio/pos_error_xyz.err_x,-0.0038958017977333012
2.033924502,1759158512.504924502,/studio/pos_error_xyz.err_x,-0.003838100408728004
2.037279821,1759158512.508279821,/studio/pos_error_xyz.err_x,NaN
2.040319367,1759158512.511319367,/studio/pos_error_xyz.err_x,NaN
2.040839667,1759158512.511839667,/studio/pos_error_xyz.err_x,-0.0038267850123867536
2.044034593,1759158512.515034593,/studio/pos_error_xyz.err_x,-0.0037847624063069084
2.047336502,1759158512.518336502,/studio/pos_error_xyz.err_x,NaN
2.050264866,1759158512.521264866,/studio/pos_error_xyz.err_x,NaN
2.050682882,1759158512.521682882,/studio/pos_error_xyz.err_x,-0.0037716925773037266
2.054007543,1759158512.525007543,/studio/pos_error_xyz.err_x,-0.0037220730069564218
2.057346733,1759158512.528346733,/studio/pos_error_xyz.err_x,NaN
2.060290224,1759158512.531290224,/studio/pos_error_xyz.err_x,NaN
2.060693942,1759158512.531693942,/studio/pos_error_xyz.err_x,-0.0037086944704124705
2.063988944,1759158512.534988944,/studio/pos_error_xyz.err_x,-0.0036585054845203325
2.067203439,1759158512.538203439,/studio/pos_error_xyz.err_x,NaN
2.070327496,1759158512.541327496,/studio/pos_error_xyz.err_x,NaN
2.070625462,1759158512.541625462,/studio/pos_error_xyz.err_x,-0.0036420056971037495
2.074137444,1759158512.545137444,/studio/pos_error_xyz.err_x,-0.0035789484964355808
2.077382483,1759158512.548382483,/studio/pos_error_xyz.err_x,NaN
2.080300645,1759158512.551300645,/studio/pos_error_xyz.err_x,NaN
2.080755404,1759158512.551755404,/studio/pos_error_xyz.err_x,-0.0035546193414642082
2.083881569,1759158512.554881569,/studio/pos_error_xyz.err_x,-0.003461829145843145
2.087256473,1759158512.558256473,/studio/pos_error_xyz.err_x,NaN
2.090306876,1759158512.561306876,/studio/pos_error_xyz.err_x,NaN
2.090833824,1759158512.561833824,/studio/pos_error_xyz.err_x,-0.003447583577293416
2.093985507,1759158512.564985507,/studio/pos_error_xyz.err_x,-0.0033933402959643514
2.097413991,1759158512.568413991,/studio/pos_error_xyz.err_x,NaN
2.100269313,1759158512.571269313,/studio/pos_error_xyz.err_x,NaN
2.100535613,1759158512.571535613,/studio/pos_error_xyz.err_x,-0.003384579028114183
2.103855231,1759158512.574855231,/studio/pos_error_xyz.err_x,-0.0033511028323954272
2.108088706,1759158512.579088706,/studio/pos_error_xyz.err_x,NaN
2.110266816,1759158512.581266816,/studio/pos_error_xyz.err_x,NaN
2.110678649,1759158512.581678649,/studio/pos_error_xyz.err_x,-0.003333900415841285
2.113847442,1759158512.584847442,/studio/pos_error_xyz.err_x,-0.00326762838932537
2.11715127,1759158512.588151270,/studio/pos_error_xyz.err_x,NaN
2.120271528,1759158512.591271528,/studio/pos_error_xyz.err_x,NaN
2.120554842,1759158512.591554842,/studio/pos_error_xyz.err_x,-0.003255231642965415
2.12390027,1759158512.594900270,/studio/pos_error_xyz.err_x,-0.003207332035330257
2.127355343,1759158512.598355343,/studio/pos_error_xyz.err_x,NaN
2.1302619910000002,1759158512.601261991,/studio/pos_error_xyz.err_x,NaN
2.130674594,1759158512.601674594,/studio/pos_error_xyz.err_x,-0.003198732114357808
2.133970873,1759158512.604970873,/studio/pos_error_xyz.err_x,-0.0031652536196977088
2.137110439,1759158512.608110439,/studio/pos_error_xyz.err_x,NaN
2.140290267,1759158512.611290267,/studio/pos_error_xyz.err_x,NaN
2.14054807,1759158512.611548070,/studio/pos_error_xyz.err_x,-0.0031454844671089505
2.143929533,1759158512.614929533,/studio/pos_error_xyz.err_x,-0.003067736603075458
2.147289031,1759158512.618289031,/studio/pos_error_xyz.err_x,NaN
2.150339316,1759158512.621339316,/studio/pos_error_xyz.err_x,NaN
2.150625753,1759158512.621625753,/studio/pos_error_xyz.err_x,-0.003052802192646525
2.15388041,1759158512.624880410,/studio/pos_error_xyz.err_x,-0.00299335622374106
2.157279194,1759158512.628279194,/studio/pos_error_xyz.err_x,NaN
2.160296701,1759158512.631296701,/studio/pos_error_xyz.err_x,NaN
2.1605577240000002,1759158512.631557724,/studio/pos_error_xyz.err_x,-0.002983619694228445
2.163832005,1759158512.634832005,/studio/pos_error_xyz.err_x,-0.0029448698619092208
2.167129178,1759158512.638129178,/studio/pos_error_xyz.err_x,NaN
2.170269072,1759158512.641269072,/studio/pos_error_xyz.err_x,NaN
2.170521507,1759158512.641521507,/studio/pos_error_xyz.err_x,-0.0029313853951105895
2.1739319200000002,1759158512.644931920,/studio/pos_error_xyz.err_x,-0.002877402608487908
2.17715696,1759158512.648156960,/studio/pos_error_xyz.err_x,NaN
2.180301892,1759158512.651301892,/studio/pos_error_xyz.err_x,NaN
2.180594612,1759158512.651594612,/studio/pos_error_xyz.err_x,-0.002867653680783074
2.183734912,1759158512.654734912,/studio/pos_error_xyz.err_x,-0.0028284386253573687
2.187231889,1759158512.658231889,/studio/pos_error_xyz.err_x,NaN
2.190287845,1759158512.661287845,/studio/pos_error_xyz.err_x,NaN
2.190641465,1759158512.661641465,/studio/pos_error_xyz.err_x,-0.0028169279204177207
2.193888644,1759158512.664888644,/studio/pos_error_xyz.err_x,-0.0027702823290660906
2.197320321,1759158512.668320321,/studio/pos_error_xyz.err_x,NaN
2.200314431,1759158512.671314431,/studio/pos_error_xyz.err_x,NaN
2.200442039,1759158512.671442039,/studio/pos_error_xyz.err_x,-0.0027658811071496463
2.204061216,1759158512.675061216,/studio/pos_error_xyz.err_x,-0.002747913698537465
2.207261916,1759158512.678261916,/studio/pos_error_xyz.err_x,NaN
2.210262839,1759158512.681262839,/studio/pos_error_xyz.err_x,NaN
2.2109417860000002,1759158512.681941786,/studio/pos_error_xyz.err_x,-0.0027428715694802633
2.220270615,1759158512.691270615,/studio/pos_error_xyz.err_x,NaN
2.229234757,1759158512.700234757,/studio/pos_error_xyz.err_x,-0.0027343025864903707
2.229238091,1759158512.700238091,/studio/pos_error_xyz.err_x,-0.0027257276715839398
2.229240773,1759158512.700240773,/studio/pos_error_xyz.err_x,-0.002709982826243617
2.229242571,1759158512.700242571,/studio/pos_error_xyz.err_x,-0.002689162947593608
2.230322416,1759158512.701322416,/studio/pos_error_xyz.err_x,NaN
2.230646438,1759158512.701646438,/studio/pos_error_xyz.err_x,-0.002668347870576129
2.230669908,1759158512.701669908,/studio/pos_error_xyz.err_x,-0.0026569397366236237
2.23382701,1759158512.704827010,/studio/pos_error_xyz.err_x,-0.0026457451878199615
2.237033337,1759158512.708033337,/studio/pos_error_xyz.err_x,NaN
2.24028474,1759158512.711284740,/studio/pos_error_xyz.err_x,NaN
2.240365941,1759158512.711365941,/studio/pos_error_xyz.err_x,-0.0026441089713551526
2.243885368,1759158512.714885368,/studio/pos_error_xyz.err_x,-0.0026372526832361127
2.247265807,1759158512.718265807,/studio/pos_error_xyz.err_x,NaN
2.250270577,1759158512.721270577,/studio/pos_error_xyz.err_x,NaN
2.250590366,1759158512.721590366,/studio/pos_error_xyz.err_x,-0.0026288582352794816
2.253710575,1759158512.724710575,/studio/pos_error_xyz.err_x,-0.0025933797143693612
2.257110517,1759158512.728110517,/studio/pos_error_xyz.err_x,NaN
2.26027616,1759158512.731276160,/studio/pos_error_xyz.err_x,NaN
2.260389676,1759158512.731389676,/studio/pos_error_xyz.err_x,-0.0025848061795299975
2.263800376,1759158512.734800376,/studio/pos_error_xyz.err_x,-0.002548476306465411
2.267020987,1759158512.738020987,/studio/pos_error_xyz.err_x,NaN
2.270270758,1759158512.741270758,/studio/pos_error_xyz.err_x,NaN
2.270753801,1759158512.741753801,/studio/pos_error_xyz.err_x,-0.0025529906809135805
2.273824172,1759158512.744824172,/studio/pos_error_xyz.err_x,-0.0025704140205935334
2.277199729,1759158512.748199729,/studio/pos_error_xyz.err_x,NaN
2.2802682020000002,1759158512.751268202,/studio/pos_error_xyz.err_x,NaN
2.28050264,1759158512.751502640,/studio/pos_error_xyz.err_x,-0.002557727454627495
2.283744852,1759158512.754744852,/studio/pos_error_xyz.err_x,-0.002503319160078317
2.286969111,1759158512.757969111,/studio/pos_error_xyz.err_x,NaN
2.290300734,1759158512.761300734,/studio/pos_error_xyz.err_x,NaN
2.290439397,1759158512.761439397,/studio/pos_error_xyz.err_x,-0.002493581996280039
2.293735679,1759158512.764735679,/studio/pos_error_xyz.err_x,-0.002451421190155106
2.2970224310000003,1759158512.768022431,/studio/pos_error_xyz.err_x,NaN
2.30026755,1759158512.771267550,/studio/pos_error_xyz.err_x,NaN
2.30039102,1759158512.771391020,/studio/pos_error_xyz.err_x,-0.0024485111086449615
2.303611214,1759158512.774611214,/studio/pos_error_xyz.err_x,-0.0024356803314369217
2.306953697,1759158512.777953697,/studio/pos_error_xyz.err_x,NaN
2.310306649,1759158512.781306649,/studio/pos_error_xyz.err_x,NaN
2.3104931,1759158512.781493100,/studio/pos_error_xyz.err_x,-0.002435071807862843
2.313742286,1759158512.784742286,/studio/pos_error_xyz.err_x,-0.002432392408790594
2.3171561880000002,1759158512.788156188,/studio/pos_error_xyz.err_x,NaN
2.320318608,1759158512.791318608,/studio/pos_error_xyz.err_x,NaN
2.320324624,1759158512.791324624,/studio/pos_error_xyz.err_x,-0.002426589184298385
2.323606105,1759158512.794606105,/studio/pos_error_xyz.err_x,-0.0024004894238774084
2.327076218,1759158512.798076218,/studio/pos_error_xyz.err_x,NaN
2.330291102,1759158512.801291102,/studio/pos_error_xyz.err_x,NaN
2.330676463,1759158512.801676463,/studio/pos_error_xyz.err_x,-0.0023953628451910624
2.333646137,1759158512.804646137,/studio/pos_error_xyz.err_x,-0.0023725960649201437
2.336912398,1759158512.807912398,/studio/pos_error_xyz.err_x,NaN
2.340359036,1759158512.811359036,/studio/pos_error_xyz.err_x,NaN
2.340364857,1759158512.811364857,/studio/pos_error_xyz.err_x,-0.0023731833989645273
2.34377554,1759158512.814775540,/studio/pos_error_xyz.err_x,-0.00237581109757862
2.347037014,1759158512.818037014,/studio/pos_error_xyz.err_x,NaN
2.350333264,1759158512.821333264,/studio/pos_error_xyz.err_x,NaN
2.350363828,1759158512.821363828,/studio/pos_error_xyz.err_x,-0.002371183254369154
2.3537314990000002,1759158512.824731499,/studio/pos_error_xyz.err_x,-0.0023503144966686472
2.3569347990000002,1759158512.827934799,/studio/pos_error_xyz.err_x,NaN
2.360274811,1759158512.831274811,/studio/pos_error_xyz.err_x,NaN
2.36036434,1759158512.831364340,/studio/pos_error_xyz.err_x,-0.002344279471087644
2.363727399,1759158512.834727399,/studio/pos_error_xyz.err_x,-0.002316948926486762
2.367064521,1759158512.838064521,/studio/pos_error_xyz.err_x,NaN
2.370289566,1759158512.841289566,/studio/pos_error_xyz.err_x,NaN
2.370307575,1759158512.841307575,/studio/pos_error_xyz.err_x,-0.002254208678155731
2.373666822,1759158512.844666822,/studio/pos_error_xyz.err_x,-0.0019676107944194567
2.377013416,1759158512.848013416,/studio/pos_error_xyz.err_x,NaN
2.380285036,1759158512.851285036,/studio/pos_error_xyz.err_x,NaN
2.380329165,1759158512.851329165,/studio/pos_error_xyz.err_x,-0.001968137054184107
2.383595794,1759158512.854595794,/studio/pos_error_xyz.err_x,-0.0019705536468555235
2.387317699,1759158512.858317699,/studio/pos_error_xyz.err_x,NaN
2.3902478780000003,1759158512.861247878,/studio/pos_error_xyz.err_x,NaN
2.390309702,1759158512.861309702,/studio/pos_error_xyz.err_x,-0.0019659014268806328
2.3936584720000003,1759158512.864658472,/studio/pos_error_xyz.err_x,-0.0019442159164476543
2.396989557,1759158512.867989557,/studio/pos_error_xyz.err_x,NaN
2.400248197,1759158512.871248197,/studio/pos_error_xyz.err_x,NaN
2.400270594,1759158512.871270594,/studio/pos_error_xyz.err_x,-0.001936335192448864
2.403546142,1759158512.874546142,/studio/pos_error_xyz.err_x,-0.001898851594909325
2.406879564,1759158512.877879564,/studio/pos_error_xyz.err_x,NaN
2.410271375,1759158512.881271375,/studio/pos_error_xyz.err_x,NaN
2.41032795,1759158512.881327950,/studio/pos_error_xyz.err_x,-0.001903561300577811
2.413565492,1759158512.884565492,/studio/pos_error_xyz.err_x,-0.0019255857573210052
2.417074712,1759158512.888074712,/studio/pos_error_xyz.err_x,NaN
2.420263977,1759158512.891263977,/studio/pos_error_xyz.err_x,NaN
2.430305186,1759158512.901305186,/studio/pos_error_xyz.err_x,NaN
2.434488103,1759158512.905488103,/studio/pos_error_xyz.err_x,-0.0019267766924514712
2.434490901,1759158512.905490901,/studio/pos_error_xyz.err_x,-0.0019290426756972201
2.434493971,1759158512.905493971,/studio/pos_error_xyz.err_x,-0.0019313110986696044
2.434495995,1759158512.905495995,/studio/pos_error_xyz.err_x,-0.0019248737050711062
2.436702592,1759158512.907702592,/studio/pos_error_xyz.err_x,-0.001910472422402581
2.438045516,1759158512.909045516,/studio/pos_error_xyz.err_x,-0.001896082203176223
2.440301423,1759158512.911301423,/studio/pos_error_xyz.err_x,NaN
2.440887718,1759158512.911887718,/studio/pos_error_xyz.err_x,-0.0018920010335081094
2.444031356,1759158512.915031356,/studio/pos_error_xyz.err_x,-0.0019056296939221
2.44713975,1759158512.918139750,/studio/pos_error_xyz.err_x,NaN
2.450286738,1759158512.921286738,/studio/pos_error_xyz.err_x,NaN
2.450511901,1759158512.921511901,/studio/pos_error_xyz.err_x,-0.0019089751304351777
2.4538172620000003,1759158512.924817262,/studio/pos_error_xyz.err_x,-0.00192520654563353
2.457004407,1759158512.928004407,/studio/pos_error_xyz.err_x,NaN
2.46026997,1759158512.931269970,/studio/pos_error_xyz.err_x,NaN
2.460434696,1759158512.931434696,/studio/pos_error_xyz.err_x,-0.0019182670527010148
2.463628761,1759158512.934628761,/studio/pos_error_xyz.err_x,-0.001884956775164328
2.466953465,1759158512.937953465,/studio/pos_error_xyz.err_x,NaN
2.47027313,1759158512.941273130,/studio/pos_error_xyz.err_x,NaN
2.470460043,1759158512.941460043,/studio/pos_error_xyz.err_x,-0.001885767954219665
2.47355759,1759158512.944557590,/studio/pos_error_xyz.err_x,-0.0018897356976814335
2.476846186,1759158512.947846186,/studio/pos_error_xyz.err_x,NaN
2.4801496160000003,1759158512.951149616,/studio/pos_error_xyz.err_x,NaN
2.480279012,1759158512.951279012,/studio/pos_error_xyz.err_x,-0.0018965428048447754
2.483737882,1759158512.954737882,/studio/pos_error_xyz.err_x,-0.0019322366001335639
2.486941922,1759158512.957941922,/studio/pos_error_xyz.err_x,NaN
2.490252998,1759158512.961252998,/studio/pos_error_xyz.err_x,NaN
2.490291049,1759158512.961291049,/studio/pos_error_xyz.err_x,-0.0019418916152192894
2.493438149,1759158512.964438149,/studio/pos_error_xyz.err_x,-0.0019897025361518034
2.496762076,1759158512.967762076,/studio/pos_error_xyz.err_x,NaN
2.500269287,1759158512.971269287,/studio/pos_error_xyz.err_x,NaN
2.500281381,1759158512.971281381,/studio/pos_error_xyz.err_x,-0.0019943581481461697
2.5035252420000003,1759158512.974525242,/studio/pos_error_xyz.err_x,-0.0020244773826202616
2.506874973,1759158512.977874973,/studio/pos_error_xyz.err_x,NaN
2.510085973,1759158512.981085973,/studio/pos_error_xyz.err_x,NaN
2.51026238,1759158512.981262380,/studio/pos_error_xyz.err_x,-0.002037757301089605
2.513428937,1759158512.984428937,/studio/pos_error_xyz.err_x,-0.0021044765220236314
2.517432586,1759158512.988432586,/studio/pos_error_xyz.err_x,NaN
2.520252831,1759158512.991252831,/studio/pos_error_xyz.err_x,NaN
2.520284641,1759158512.991284641,/studio/pos_error_xyz.err_x,-0.0021208039628719897
2.523584,1759158512.994584000,/studio/pos_error_xyz.err_x,-0.002218186092456275
2.526883998,1759158512.997883998,/studio/pos_error_xyz.err_x,NaN
2.530137743,1759158513.001137743,/studio/pos_error_xyz.err_x,NaN
2.530265242,1759158513.001265242,/studio/pos_error_xyz.err_x,-0.002228215806015344
2.533617688,1759158513.004617688,/studio/pos_error_xyz.err_x,-0.0022794616345540434
2.536793142,1759158513.007793142,/studio/pos_error_xyz.err_x,NaN
2.540101256,1759158513.011101256,/studio/pos_error_xyz.err_x,NaN
2.540284788,1759158513.011284788,/studio/pos_error_xyz.err_x,-0.0022531077744742203
2.543454439,1759158513.014454439,/studio/pos_error_xyz.err_x,-0.002144891717561286
2.5472657830000003,1759158513.018265783,/studio/pos_error_xyz.err_x,NaN
2.550145366,1759158513.021145366,/studio/pos_error_xyz.err_x,NaN
2.550268539,1759158513.021268539,/studio/pos_error_xyz.err_x,-0.0021728193595990973
2.55349413,1759158513.024494130,/studio/pos_error_xyz.err_x,-0.002317946027252139
2.556927682,1759158513.027927682,/studio/pos_error_xyz.err_x,NaN
2.560019118,1759158513.031019118,/studio/pos_error_xyz.err_x,NaN
2.560274784,1759158513.031274784,/studio/pos_error_xyz.err_x,-0.0023387970885349035
2.563498813,1759158513.034498813,/studio/pos_error_xyz.err_x,-0.0024925922722510447
2.5669081719999998,1759158513.037908172,/studio/pos_error_xyz.err_x,NaN
2.570191017,1759158513.041191017,/studio/pos_error_xyz.err_x,NaN
2.5702643700000003,1759158513.041264370,/studio/pos_error_xyz.err_x,-0.0025176874311334625
2.573510725,1759158513.044510725,/studio/pos_error_xyz.err_x,-0.0026497948501383946
2.5767085,1759158513.047708500,/studio/pos_error_xyz.err_x,NaN
2.580263838,1759158513.051263838,/studio/pos_error_xyz.err_x,NaN
2.580376409,1759158513.051376409,/studio/pos_error_xyz.err_x,-0.0026820758134298702
2.583546593,1759158513.054546593,/studio/pos_error_xyz.err_x,-0.0029212154357650096
2.586893481,1759158513.057893481,/studio/pos_error_xyz.err_x,NaN
2.590049587,1759158513.061049587,/studio/pos_error_xyz.err_x,NaN
2.59026367,1759158513.061263670,/studio/pos_error_xyz.err_x,-0.002962015234022153
2.593427609,1759158513.064427609,/studio/pos_error_xyz.err_x,-0.0031795193338931935
2.596648006,1759158513.067648006,/studio/pos_error_xyz.err_x,NaN
2.600076768,1759158513.071076768,/studio/pos_error_xyz.err_x,NaN
2.600267846,1759158513.071267846,/studio/pos_error_xyz.err_x,-0.003205601181356793
2.6034671879999998,1759158513.074467188,/studio/pos_error_xyz.err_x,-0.0034428650037065106
2.6069031860000003,1759158513.077903186,/studio/pos_error_xyz.err_x,NaN
2.610074927,1759158513.081074927,/studio/pos_error_xyz.err_x,NaN
2.610274881,1759158513.081274881,/studio/pos_error_xyz.err_x,-0.003486484007843303
2.613315677,1759158513.084315677,/studio/pos_error_xyz.err_x,-0.003722076349745123
2.616771049,1759158513.087771049,/studio/pos_error_xyz.err_x,NaN
2.620272469,1759158513.091272469,/studio/pos_error_xyz.err_x,NaN
2.620556407,1759158513.091556407,/studio/pos_error_xyz.err_x,-0.0037673267934298206
2.630291587,1759158513.101291587,/studio/pos_error_xyz.err_x,NaN
2.636642995,1759158513.107642995,/studio/pos_error_xyz.err_x,-0.00390675236188601
2.636647302,1759158513.107647302,/studio/pos_error_xyz.err_x,-0.004062491669822212
2.636652134,1759158513.107652134,/studio/pos_error_xyz.err_x,-0.004206144472504024
2.636656108,1759158513.107656108,/studio/pos_error_xyz.err_x,-0.004335564979482172
2.640294495,1759158513.111294495,/studio/pos_error_xyz.err_x,NaN
2.642334509,1759158513.113334509,/studio/pos_error_xyz.err_x,-0.004465003554038166
2.642344789,1759158513.113344789,/studio/pos_error_xyz.err_x,-0.004589940562477735
2.643438814,1759158513.114438814,/studio/pos_error_xyz.err_x,-0.0050665357488989355
2.6467819820000003,1759158513.117781982,/studio/pos_error_xyz.err_x,NaN
2.650288666,1759158513.121288666,/studio/pos_error_xyz.err_x,NaN
2.650321655,1759158513.121321655,/studio/pos_error_xyz.err_x,-0.005139460377179978
2.653401883,1759158513.124401883,/studio/pos_error_xyz.err_x,-0.005547571622196776
2.65674062,1759158513.127740620,/studio/pos_error_xyz.err_x,NaN
2.6600804670000002,1759158513.131080467,/studio/pos_error_xyz.err_x,NaN
2.660266243,1759158513.131266243,/studio/pos_error_xyz.err_x,-0.005626223932949992
2.6634518,1759158513.134451800,/studio/pos_error_xyz.err_x,-0.00628809163890632
2.666769959,1759158513.137769959,/studio/pos_error_xyz.err_x,NaN
2.669981048,1759158513.140981048,/studio/pos_error_xyz.err_x,NaN
2.670271053,1759158513.141271053,/studio/pos_error_xyz.err_x,-0.006375203798137651
2.673350817,1759158513.144350817,/studio/pos_error_xyz.err_x,-0.0068691032756077125
2.676786121,1759158513.147786121,/studio/pos_error_xyz.err_x,NaN
2.680109387,1759158513.151109387,/studio/pos_error_xyz.err_x,NaN
2.6802696040000002,1759158513.151269604,/studio/pos_error_xyz.err_x,-0.006940863877086624
2.683314199,1759158513.154314199,/studio/pos_error_xyz.err_x,-0.007621776339064967
2.6866513860000003,1759158513.157651386,/studio/pos_error_xyz.err_x,NaN
2.6900202550000003,1759158513.161020255,/studio/pos_error_xyz.err_x,NaN
2.690268314,1759158513.161268314,/studio/pos_error_xyz.err_x,-0.007736897670197632
2.693265466,1759158513.164265466,/studio/pos_error_xyz.err_x,-0.008400809176384224
2.696619515,1759158513.167619515,/studio/pos_error_xyz.err_x,NaN
2.700264334,1759158513.171264334,/studio/pos_error_xyz.err_x,NaN
2.70108989,1759158513.172089890,/studio/pos_error_xyz.err_x,-0.008495562866612199
2.703279971,1759158513.174279971,/studio/pos_error_xyz.err_x,-0.00937429821369924
2.706789553,1759158513.177789553,/studio/pos_error_xyz.err_x,NaN
2.710015606,1759158513.181015606,/studio/pos_error_xyz.err_x,NaN
2.710335277,1759158513.181335277,/studio/pos_error_xyz.err_x,-0.009508179646400914
2.713273008,1759158513.184273008,/studio/pos_error_xyz.err_x,-0.010290508865600227
2.7166603250000003,1759158513.187660325,/studio/pos_error_xyz.err_x,NaN
2.720159507,1759158513.191159507,/studio/pos_error_xyz.err_x,NaN
2.720306296,1759158513.191306296,/studio/pos_error_xyz.err_x,-0.010383758712121941
2.72338072,1759158513.194380720,/studio/pos_error_xyz.err_x,-0.011323996902411823
2.726706627,1759158513.197706627,/studio/pos_error_xyz.err_x,NaN
2.729984823,1759158513.200984823,/studio/pos_error_xyz.err_x,NaN
2.7302684,1759158513.201268400,/studio/pos_error_xyz.err_x,-0.011479005002545367
2.733245685,1759158513.204245685,/studio/pos_error_xyz.err_x,-0.012401885345595576
2.736622677,1759158513.207622677,/studio/pos_error_xyz.err_x,NaN
2.740295806,1759158513.211295806,/studio/pos_error_xyz.err_x,NaN
2.740654542,1759158513.211654542,/studio/pos_error_xyz.err_x,-0.012513580637625244
2.743833758,1759158513.214833758,/studio/pos_error_xyz.err_x,-0.01364374981689833
2.746656085,1759158513.217656085,/studio/pos_error_xyz.err_x,NaN
2.7499402760000002,1759158513.220940276,/studio/pos_error_xyz.err_x,NaN
2.750279991,1759158513.221279991,/studio/pos_error_xyz.err_x,-0.013810359608689739
2.753192721,1759158513.224192721,/studio/pos_error_xyz.err_x,-0.014824997662704346
2.756624634,1759158513.227624634,/studio/pos_error_xyz.err_x,NaN
2.760012389,1759158513.231012389,/studio/pos_error_xyz.err_x,NaN
2.76027793,1759158513.231277930,/studio/pos_error_xyz.err_x,-0.014949282663144199
2.763266013,1759158513.234266013,/studio/pos_error_xyz.err_x,-0.016235378925404734
2.766568184,1759158513.237568184,/studio/pos_error_xyz.err_x,NaN
2.769889245,1759158513.240889245,/studio/pos_error_xyz.err_x,NaN
2.770269068,1759158513.241269068,/studio/pos_error_xyz.err_x,-0.016453652116117823
2.7732267520000002,1759158513.244226752,/studio/pos_error_xyz.err_x,-0.017799851459243884
2.776616094,1759158513.247616094,/studio/pos_error_xyz.err_x,NaN
2.779892878,1759158513.250892878,/studio/pos_error_xyz.err_x,NaN
2.780276642,1759158513.251276642,/studio/pos_error_xyz.err_x,-0.01791709554281301
2.783260755,1759158513.254260755,/studio/pos_error_xyz.err_x,-0.019246028614986484
2.786588295,1759158513.257588295,/studio/pos_error_xyz.err_x,NaN
2.7899390520000003,1759158513.260939052,/studio/pos_error_xyz.err_x,NaN
2.79027034,1759158513.261270340,/studio/pos_error_xyz.err_x,-0.01942057175235906
2.793262533,1759158513.264262533,/studio/pos_error_xyz.err_x,-0.02051248293056979
2.796665801,1759158513.267665801,/studio/pos_error_xyz.err_x,NaN
2.7998973129999998,1759158513.270897313,/studio/pos_error_xyz.err_x,NaN
2.80027282,1759158513.271272820,/studio/pos_error_xyz.err_x,-0.020678777634657686
2.803157289,1759158513.274157289,/studio/pos_error_xyz.err_x,-0.022403600979266036
2.806635511,1759158513.277635511,/studio/pos_error_xyz.err_x,NaN
2.809870954,1759158513.280870954,/studio/pos_error_xyz.err_x,NaN
2.810271295,1759158513.281271295,/studio/pos_error_xyz.err_x,-0.02257845812490658
2.813266688,1759158513.284266688,/studio/pos_error_xyz.err_x,-0.02368957702285162
2.816472686,1759158513.287472686,/studio/pos_error_xyz.err_x,NaN
2.819795137,1759158513.290795137,/studio/pos_error_xyz.err_x,NaN
2.820322001,1759158513.291322001,/studio/pos_error_xyz.err_x,-0.023852642423889805
2.823293832,1759158513.294293832,/studio/pos_error_xyz.err_x,-0.02565526566703255
2.830310343,1759158513.301310343,/studio/pos_error_xyz.err_x,NaN
2.8397742,1759158513.310774200,/studio/pos_error_xyz.err_x,NaN
2.83978307,1759158513.310783070,/studio/pos_error_xyz.err_x,-0.025848997991910438
2.839786181,1759158513.310786181,/studio/pos_error_xyz.err_x,-0.02633083924981367
2.839791343,1759158513.310791343,/studio/pos_error_xyz.err_x,-0.02681229619463927
2.840296839,1759158513.311296839,/studio/pos_error_xyz.err_x,NaN
2.84635061,1759158513.317350610,/studio/pos_error_xyz.err_x,-0.027289233621438008
2.846353517,1759158513.317353517,/studio/pos_error_xyz.err_x,-0.028001373014126883
2.847256303,1759158513.318256303,/studio/pos_error_xyz.err_x,-0.0288399026264749
2.849881515,1759158513.320881515,/studio/pos_error_xyz.err_x,-0.029348774213961072
2.850277374,1759158513.321277374,/studio/pos_error_xyz.err_x,-0.02957671908871088
2.8533439080000003,1759158513.324343908,/studio/pos_error_xyz.err_x,-0.031083876403515183
2.856702885,1759158513.327702885,/studio/pos_error_xyz.err_x,NaN
2.859865828,1759158513.330865828,/studio/pos_error_xyz.err_x,NaN
2.86029944,1759158513.331299440,/studio/pos_error_xyz.err_x,-0.03128906253887838
2.863323163,1759158513.334323163,/studio/pos_error_xyz.err_x,-0.03356737068665357
2.866597171,1759158513.337597171,/studio/pos_error_xyz.err_x,NaN
2.869730304,1759158513.340730304,/studio/pos_error_xyz.err_x,NaN
2.87027082,1759158513.341270820,/studio/pos_error_xyz.err_x,-0.033805578422030476
2.873060242,1759158513.344060242,/studio/pos_error_xyz.err_x,-0.03540214459878486
2.876528749,1759158513.347528749,/studio/pos_error_xyz.err_x,NaN
2.87981164,1759158513.350811640,/studio/pos_error_xyz.err_x,NaN
2.880275997,1759158513.351275997,/studio/pos_error_xyz.err_x,-0.03556598894528906
2.883157921,1759158513.354157921,/studio/pos_error_xyz.err_x,-0.03766586814734994
2.8864581400000002,1759158513.357458140,/studio/pos_error_xyz.err_x,NaN
2.8897360670000003,1759158513.360736067,/studio/pos_error_xyz.err_x,NaN
2.890339996,1759158513.361339996,/studio/pos_error_xyz.err_x,-0.037894998173573446
2.893152418,1759158513.364152418,/studio/pos_error_xyz.err_x,-0.03946049929764038
2.89646068,1759158513.367460680,/studio/pos_error_xyz.err_x,NaN
2.8998685340000003,1759158513.370868534,/studio/pos_error_xyz.err_x,NaN
2.900271483,1759158513.371271483,/studio/pos_error_xyz.err_x,-0.03960776872633699
2.903027187,1759158513.374027187,/studio/pos_error_xyz.err_x,-0.04168883000580122
2.9064508360000003,1759158513.377450836,/studio/pos_error_xyz.err_x,NaN
2.909890868,1759158513.380890868,/studio/pos_error_xyz.err_x,NaN
2.910314189,1759158513.381314189,/studio/pos_error_xyz.err_x,-0.04193567337143719
2.91316118,1759158513.384161180,/studio/pos_error_xyz.err_x,-0.04365255163315648
2.91651059,1759158513.387510590,/studio/pos_error_xyz.err_x,NaN
2.919696833,1759158513.390696833,/studio/pos_error_xyz.err_x,NaN
2.920274834,1759158513.391274834,/studio/pos_error_xyz.err_x,-0.04379467172154597
2.9231116640000003,1759158513.394111664,/studio/pos_error_xyz.err_x,-0.04593614934162485
2.9269797,1759158513.397979700,/studio/pos_error_xyz.err_x,NaN
2.92992029,1759158513.400920290,/studio/pos_error_xyz.err_x,NaN
2.930304763,1759158513.401304763,/studio/pos_error_xyz.err_x,-0.04615846663552102
2.933059633,1759158513.404059633,/studio/pos_error_xyz.err_x,-0.04773441362532822
2.936346371,1759158513.407346371,/studio/pos_error_xyz.err_x,NaN
2.939677092,1759158513.410677092,/studio/pos_error_xyz.err_x,NaN
2.940314197,1759158513.411314197,/studio/pos_error_xyz.err_x,-0.04785936872551831
2.943151051,1759158513.414151051,/studio/pos_error_xyz.err_x,-0.049968255013877416
2.946460487,1759158513.417460487,/studio/pos_error_xyz.err_x,NaN
2.949843301,1759158513.420843301,/studio/pos_error_xyz.err_x,NaN
2.950273847,1759158513.421273847,/studio/pos_error_xyz.err_x,-0.05020033663339932
2.953026786,1759158513.424026786,/studio/pos_error_xyz.err_x,-0.05188112217688984
2.956393803,1759158513.427393803,/studio/pos_error_xyz.err_x,NaN
2.959731236,1759158513.430731236,/studio/pos_error_xyz.err_x,NaN
2.960268755,1759158513.431268755,/studio/pos_error_xyz.err_x,-0.05198981717288234
2.963083765,1759158513.434083765,/studio/pos_error_xyz.err_x,-0.05405971875846083
2.966313134,1759158513.437313134,/studio/pos_error_xyz.err_x,NaN
2.969815161,1759158513.440815161,/studio/pos_error_xyz.err_x,NaN
2.9703195950000003,1759158513.441319595,/studio/pos_error_xyz.err_x,-0.05428185054480278
2.972991001,1759158513.443991001,/studio/pos_error_xyz.err_x,-0.055916294099378844
2.976563515,1759158513.447563515,/studio/pos_error_xyz.err_x,NaN
2.979768709,1759158513.450768709,/studio/pos_error_xyz.err_x,NaN
2.980322317,1759158513.451322317,/studio/pos_error_xyz.err_x,-0.05599539434000511
2.982968206,1759158513.453968206,/studio/pos_error_xyz.err_x,-0.057939977124450315
2.986542758,1759158513.457542758,/studio/pos_error_xyz.err_x,NaN
2.989790898,1759158513.460790898,/studio/pos_error_xyz.err_x,NaN
2.990329253,1759158513.461329253,/studio/pos_error_xyz.err_x,-0.058135797761065144
2.993328607,1759158513.464328607,/studio/pos_error_xyz.err_x,-0.05960969797403276
2.9964509340000003,1759158513.467450934,/studio/pos_error_xyz.err_x,NaN
2.9998015590000002,1759158513.470801559,/studio/pos_error_xyz.err_x,NaN
3.000322887,1759158513.471322887,/studio/pos_error_xyz.err_x,-0.05968321740131144
3.003063513,1759158513.474063513,/studio/pos_error_xyz.err_x,-0.06165885312468353
3.006374493,1759158513.477374493,/studio/pos_error_xyz.err_x,NaN
3.00984146,1759158513.480841460,/studio/pos_error_xyz.err_x,NaN
3.01030608,1759158513.481306080,/studio/pos_error_xyz.err_x,-0.061816930212343524
3.013136317,1759158513.484136317,/studio/pos_error_xyz.err_x,-0.0630883846557671
3.016418326,1759158513.487418326,/studio/pos_error_xyz.err_x,NaN
3.019599498,1759158513.490599498,/studio/pos_error_xyz.err_x,NaN
3.020319873,1759158513.491319873,/studio/pos_error_xyz.err_x,-0.06319252982594076
3.023015197,1759158513.494015197,/studio/pos_error_xyz.err_x,-0.06547314769132562
3.026352259,1759158513.497352259,/studio/pos_error_xyz.err_x,NaN
3.030142717,1759158513.501142717,/studio/pos_error_xyz.err_x,NaN
3.030309737,1759158513.501309737,/studio/pos_error_xyz.err_x,-0.06561238866971802
3.040308397,1759158513.511308397,/studio/pos_error_xyz.err_x,NaN
3.047560937,1759158513.518560937,/studio/pos_error_xyz.err_x,-0.06603519627188265
3.047563456,1759158513.518563456,/studio/pos_error_xyz.err_x,-0.0664570930569478
3.0475659840000002,1759158513.518565984,/studio/pos_error_xyz.err_x,-0.06674455531099072
3.047569517,1759158513.518569517,/studio/pos_error_xyz.err_x,-0.06714111674662016
3.05017357,1759158513.521173570,/studio/pos_error_xyz.err_x,-0.06779950569968257
3.050176371,1759158513.521176371,/studio/pos_error_xyz.err_x,-0.06824000260260593
3.050292293,1759158513.521292293,/studio/pos_error_xyz.err_x,-0.06836505983492108
3.052963181,1759158513.523963181,/studio/pos_error_xyz.err_x,-0.06936895966777967
3.056282869,1759158513.527282869,/studio/pos_error_xyz.err_x,NaN
3.059544961,1759158513.530544961,/studio/pos_error_xyz.err_x,NaN
3.06027176,1759158513.531271760,/studio/pos_error_xyz.err_x,-0.06936867442104327
3.063328688,1759158513.534328688,/studio/pos_error_xyz.err_x,-0.07086665030752998
3.066405245,1759158513.537405245,/studio/pos_error_xyz.err_x,NaN
3.069652147,1759158513.540652147,/studio/pos_error_xyz.err_x,NaN
3.070270263,1759158513.541270263,/studio/pos_error_xyz.err_x,-0.07096045155466563
3.073036575,1759158513.544036575,/studio/pos_error_xyz.err_x,-0.07172124495524662
3.076259945,1759158513.547259945,/studio/pos_error_xyz.err_x,NaN
3.079637489,1759158513.550637489,/studio/pos_error_xyz.err_x,NaN
3.080314133,1759158513.551314133,/studio/pos_error_xyz.err_x,-0.07170235695931915
3.083071745,1759158513.554071745,/studio/pos_error_xyz.err_x,-0.07305338549707169
3.086466459,1759158513.557466459,/studio/pos_error_xyz.err_x,NaN
3.090313893,1759158513.561313893,/studio/pos_error_xyz.err_x,NaN
3.092096978,1759158513.563096978,/studio/pos_error_xyz.err_x,-0.07314380263542025
3.094028541,1759158513.565028541,/studio/pos_error_xyz.err_x,-0.07389189995731665
3.097346748,1759158513.568346748,/studio/pos_error_xyz.err_x,NaN
3.099712778,1759158513.570712778,/studio/pos_error_xyz.err_x,NaN
3.100315685,1759158513.571315685,/studio/pos_error_xyz.err_x,-0.0738575425657757
3.102968641,1759158513.573968641,/studio/pos_error_xyz.err_x,-0.07508031080912636
3.106631389,1759158513.577631389,/studio/pos_error_xyz.err_x,NaN
3.110343672,1759158513.581343672,/studio/pos_error_xyz.err_x,NaN
3.110353781,1759158513.581353781,/studio/pos_error_xyz.err_x,-0.07513448806929257
3.11293069,1759158513.583930690,/studio/pos_error_xyz.err_x,-0.0755920130706968
3.116262092,1759158513.587262092,/studio/pos_error_xyz.err_x,NaN
3.119958301,1759158513.590958301,/studio/pos_error_xyz.err_x,NaN
3.120268287,1759158513.591268287,/studio/pos_error_xyz.err_x,-0.0755444765875069
3.122918821,1759158513.593918821,/studio/pos_error_xyz.err_x,-0.07662169467769431
3.126243589,1759158513.597243589,/studio/pos_error_xyz.err_x,NaN
3.12956658,1759158513.600566580,/studio/pos_error_xyz.err_x,NaN
3.130283955,1759158513.601283955,/studio/pos_error_xyz.err_x,-0.07667907950232966
3.133031395,1759158513.604031395,/studio/pos_error_xyz.err_x,-0.07717193634956732
3.136308205,1759158513.607308205,/studio/pos_error_xyz.err_x,NaN
3.139680479,1759158513.610680479,/studio/pos_error_xyz.err_x,NaN
3.140346285,1759158513.611346285,/studio/pos_error_xyz.err_x,-0.07712468271763073
3.142827675,1759158513.613827675,/studio/pos_error_xyz.err_x,-0.07816817489112726
3.146236934,1759158513.617236934,/studio/pos_error_xyz.err_x,NaN
3.14954949,1759158513.620549490,/studio/pos_error_xyz.err_x,NaN
3.150279048,1759158513.621279048,/studio/pos_error_xyz.err_x,NaN
3.152837119,1759158513.623837119,/studio/pos_error_xyz.err_x,-0.07836022389155417
3.156226174,1759158513.627226174,/studio/pos_error_xyz.err_x,NaN
3.160015842,1759158513.631015842,/studio/pos_error_xyz.err_x,NaN
3.160275704,1759158513.631275704,/studio/pos_error_xyz.err_x,-0.07828726285909227
3.162879019,1759158513.633879019,/studio/pos_error_xyz.err_x,-0.07902940750329679
3.166435468,1759158513.637435468,/studio/pos_error_xyz.err_x,NaN
3.169796071,1759158513.640796071,/studio/pos_error_xyz.err_x,NaN
3.170265845,1759158513.641265845,/studio/pos_error_xyz.err_x,-0.07906965774869523
3.1729529100000002,1759158513.643952910,/studio/pos_error_xyz.err_x,-0.07942626803490471
3.176255307,1759158513.647255307,/studio/pos_error_xyz.err_x,NaN
3.17967789,1759158513.650677890,/studio/pos_error_xyz.err_x,NaN
3.180274095,1759158513.651274095,/studio/pos_error_xyz.err_x,NaN
3.183478841,1759158513.654478841,/studio/pos_error_xyz.err_x,-0.08001129776206672
3.186142738,1759158513.657142738,/studio/pos_error_xyz.err_x,NaN
3.189919106,1759158513.660919106,/studio/pos_error_xyz.err_x,NaN
3.1903292,1759158513.661329200,/studio/pos_error_xyz.err_x,NaN
3.192795747,1759158513.663795747,/studio/pos_error_xyz.err_x,-0.08036568802874577
3.1961380679999998,1759158513.667138068,/studio/pos_error_xyz.err_x,NaN
3.199530348,1759158513.670530348,/studio/pos_error_xyz.err_x,NaN
3.200317102,1759158513.671317102,/studio/pos_error_xyz.err_x,NaN
3.202939017,1759158513.673939017,/studio/pos_error_xyz.err_x,-0.0811407599356504
3.206296125,1759158513.677296125,/studio/pos_error_xyz.err_x,NaN
3.209457199,1759158513.680457199,/studio/pos_error_xyz.err_x,NaN
3.210266308,1759158513.681266308,/studio/pos_error_xyz.err_x,NaN
3.212729098,1759158513.683729098,/studio/pos_error_xyz.err_x,-0.08155519548946588
3.216254368,1759158513.687254368,/studio/pos_error_xyz.err_x,NaN
3.219443178,1759158513.690443178,/studio/pos_error_xyz.err_x,NaN
3.220265317,1759158513.691265317,/studio/pos_error_xyz.err_x,NaN
3.223501845,1759158513.694501845,/studio/pos_error_xyz.err_x,-0.08217785932172994
3.226356849,1759158513.697356849,/studio/pos_error_xyz.err_x,NaN
3.230284364,1759158513.701284364,/studio/pos_error_xyz.err_x,NaN
3.230351304,1759158513.701351304,/studio/pos_error_xyz.err_x,NaN
3.2328136880000002,1759158513.703813688,/studio/pos_error_xyz.err_x,-0.08222877168649623
3.237004979,1759158513.708004979,/studio/pos_error_xyz.err_x,NaN
3.240293456,1759158513.711293456,/studio/pos_error_xyz.err_x,NaN
3.250294968,1759158513.721294968,/studio/pos_error_xyz.err_x,NaN
3.255929596,1759158513.726929596,/studio/pos_error_xyz.err_x,NaN
3.255932862,1759158513.726932862,/studio/pos_error_xyz.err_x,-0.0823867293565631
3.255936393,1759158513.726936393,/studio/pos_error_xyz.err_x,-0.0827583132712213
3.255942777,1759158513.726942777,/studio/pos_error_xyz.err_x,-0.08310006211260201
3.260284816,1759158513.731284816,/studio/pos_error_xyz.err_x,NaN
3.260322144,1759158513.731322144,/studio/pos_error_xyz.err_x,-0.08336163287326093
3.260324745,1759158513.731324745,/studio/pos_error_xyz.err_x,-0.08362245976209137
3.261819356,1759158513.732819356,/studio/pos_error_xyz.err_x,-0.08383670428340917
3.263538967,1759158513.734538967,/studio/pos_error_xyz.err_x,-0.08481628074218484
3.266097469,1759158513.737097469,/studio/pos_error_xyz.err_x,NaN
3.2694231670000002,1759158513.740423167,/studio/pos_error_xyz.err_x,NaN
3.270285201,1759158513.741285201,/studio/pos_error_xyz.err_x,NaN
3.272779491,1759158513.743779491,/studio/pos_error_xyz.err_x,-0.08614124393986522
3.276191836,1759158513.747191836,/studio/pos_error_xyz.err_x,NaN
3.279473666,1759158513.750473666,/studio/pos_error_xyz.err_x,NaN
3.28026519,1759158513.751265190,/studio/pos_error_xyz.err_x,NaN
3.282852409,1759158513.753852409,/studio/pos_error_xyz.err_x,-0.08697688544186044
3.286093049,1759158513.757093049,/studio/pos_error_xyz.err_x,-0.08839956121992087
3.289502128,1759158513.760502128,/studio/pos_error_xyz.err_x,NaN
3.290266998,1759158513.761266998,/studio/pos_error_xyz.err_x,NaN
3.292845844,1759158513.763845844,/studio/pos_error_xyz.err_x,-0.08980964769024036
3.296112056,1759158513.767112056,/studio/pos_error_xyz.err_x,NaN
3.299314105,1759158513.770314105,/studio/pos_error_xyz.err_x,NaN
3.300294433,1759158513.771294433,/studio/pos_error_xyz.err_x,NaN
3.302662628,1759158513.773662628,/studio/pos_error_xyz.err_x,-0.09164024427257411
3.306033839,1759158513.777033839,/studio/pos_error_xyz.err_x,NaN
3.309316516,1759158513.780316516,/studio/pos_error_xyz.err_x,NaN
3.3102715480000002,1759158513.781271548,/studio/pos_error_xyz.err_x,NaN
3.312730471,1759158513.783730471,/studio/pos_error_xyz.err_x,-0.09362945791149757
3.315967907,1759158513.786967907,/studio/pos_error_xyz.err_x,NaN
3.31930221,1759158513.790302210,/studio/pos_error_xyz.err_x,NaN
3.3202757529999998,1759158513.791275753,/studio/pos_error_xyz.err_x,NaN
3.322728943,1759158513.793728943,/studio/pos_error_xyz.err_x,-0.09537287190064836
3.325984857,1759158513.796984857,/studio/pos_error_xyz.err_x,NaN
3.329436722,1759158513.800436722,/studio/pos_error_xyz.err_x,NaN
3.330262372,1759158513.801262372,/studio/pos_error_xyz.err_x,NaN
3.332596982,1759158513.803596982,/studio/pos_error_xyz.err_x,-0.09745936818934076
3.336668583,1759158513.807668583,/studio/pos_error_xyz.err_x,NaN
3.33934625,1759158513.810346250,/studio/pos_error_xyz.err_x,NaN
3.340316862,1759158513.811316862,/studio/pos_error_xyz.err_x,NaN
3.342705579,1759158513.813705579,/studio/pos_error_xyz.err_x,-0.10006962257210028
3.346006075,1759158513.817006075,/studio/pos_error_xyz.err_x,NaN
3.349367717,1759158513.820367717,/studio/pos_error_xyz.err_x,NaN
3.350268707,1759158513.821268707,/studio/pos_error_xyz.err_x,NaN
3.352657108,1759158513.823657108,/studio/pos_error_xyz.err_x,-0.1030432328358204
3.356151716,1759158513.827151716,/studio/pos_error_xyz.err_x,NaN
3.359397128,1759158513.830397128,/studio/pos_error_xyz.err_x,NaN
3.360260722,1759158513.831260722,/studio/pos_error_xyz.err_x,NaN
3.362820339,1759158513.833820339,/studio/pos_error_xyz.err_x,-0.10579366971019155
3.366174768,1759158513.837174768,/studio/pos_error_xyz.err_x,NaN
3.369470848,1759158513.840470848,/studio/pos_error_xyz.err_x,NaN
3.370314145,1759158513.841314145,/studio/pos_error_xyz.err_x,NaN
3.372672482,1759158513.843672482,/studio/pos_error_xyz.err_x,-0.10895231438089148
3.376285478,1759158513.847285478,/studio/pos_error_xyz.err_x,NaN
3.3792524,1759158513.850252400,/studio/pos_error_xyz.err_x,NaN
3.380264914,1759158513.851264914,/studio/pos_error_xyz.err_x,NaN
3.382653771,1759158513.853653771,/studio/pos_error_xyz.err_x,-0.11273440270729584
3.386028462,1759158513.857028462,/studio/pos_error_xyz.err_x,NaN
3.389306533,1759158513.860306533,/studio/pos_error_xyz.err_x,NaN
3.3902697330000002,1759158513.861269733,/studio/pos_error_xyz.err_x,NaN
3.392580705,1759158513.863580705,/studio/pos_error_xyz.err_x,-0.1165461406262196
3.395992744,1759158513.866992744,/studio/pos_error_xyz.err_x,NaN
3.399309896,1759158513.870309896,/studio/pos_error_xyz.err_x,NaN
3.400260148,1759158513.871260148,/studio/pos_error_xyz.err_x,NaN
3.402773023,1759158513.873773023,/studio/pos_error_xyz.err_x,-0.11899080406399243
3.40594812,1759158513.876948120,/studio/pos_error_xyz.err_x,NaN
3.4092518480000003,1759158513.880251848,/studio/pos_error_xyz.err_x,NaN
3.410261059,1759158513.881261059,/studio/pos_error_xyz.err_x,NaN
3.412623776,1759158513.883623776,/studio/pos_error_xyz.err_x,-0.1230889313287975
3.415942715,1759158513.886942715,/studio/pos_error_xyz.err_x,NaN
3.419338232,1759158513.890338232,/studio/pos_error_xyz.err_x,NaN
3.420268837,1759158513.891268837,/studio/pos_error_xyz.err_x,NaN
3.422751141,1759158513.893751141,/studio/pos_error_xyz.err_x,-0.12695183102811347
3.426065176,1759158513.897065176,/studio/pos_error_xyz.err_x,NaN
3.429535152,1759158513.900535152,/studio/pos_error_xyz.err_x,NaN
3.43030116,1759158513.901301160,/studio/pos_error_xyz.err_x,NaN
3.432615244,1759158513.903615244,/studio/pos_error_xyz.err_x,-0.13142602892050004
3.435972417,1759158513.906972417,/studio/pos_error_xyz.err_x,NaN
3.439839096,1759158513.910839096,/studio/pos_error_xyz.err_x,NaN
3.440278359,1759158513.911278359,/studio/pos_error_xyz.err_x,NaN
3.45030761,1759158513.921307610,/studio/pos_error_xyz.err_x,NaN
3.4564720490000003,1759158513.927472049,/studio/pos_error_xyz.err_x,-0.13320219508216136
3.456475063,1759158513.927475063,/studio/pos_error_xyz.err_x,-0.13424228649386438
3.456477826,1759158513.927477826,/studio/pos_error_xyz.err_x,-0.13541985860291295
3.456481674,1759158513.927481674,/studio/pos_error_xyz.err_x,-0.13709969043995196
3.460278703,1759158513.931278703,/studio/pos_error_xyz.err_x,NaN
3.460441157,1759158513.931441157,/studio/pos_error_xyz.err_x,-0.1387803008598576
3.46044672,1759158513.931446720,/studio/pos_error_xyz.err_x,-0.14050178754254694
3.462682845,1759158513.933682845,/studio/pos_error_xyz.err_x,-0.14388109798949134
3.465851792,1759158513.936851792,/studio/pos_error_xyz.err_x,NaN
3.470291665,1759158513.941291665,/studio/pos_error_xyz.err_x,NaN
3.470300203,1759158513.941300203,/studio/pos_error_xyz.err_x,NaN
3.472619442,1759158513.943619442,/studio/pos_error_xyz.err_x,-0.1487496719903032
3.476116067,1759158513.947116067,/studio/pos_error_xyz.err_x,NaN
3.479216576,1759158513.950216576,/studio/pos_error_xyz.err_x,NaN
3.480261178,1759158513.951261178,/studio/pos_error_xyz.err_x,NaN
3.482801914,1759158513.953801914,/studio/pos_error_xyz.err_x,-0.15259195453889096
3.486102535,1759158513.957102535,/studio/pos_error_xyz.err_x,NaN
3.489120154,1759158513.960120154,/studio/pos_error_xyz.err_x,NaN
3.490256879,1759158513.961256879,/studio/pos_error_xyz.err_x,NaN
3.492542611,1759158513.963542611,/studio/pos_error_xyz.err_x,-0.15730260525802287
3.495930772,1759158513.966930772,/studio/pos_error_xyz.err_x,NaN
3.49923741,1759158513.970237410,/studio/pos_error_xyz.err_x,NaN
3.500271421,1759158513.971271421,/studio/pos_error_xyz.err_x,NaN
3.502702928,1759158513.973702928,/studio/pos_error_xyz.err_x,-0.16102867367808882
3.505981558,1759158513.976981558,/studio/pos_error_xyz.err_x,NaN
3.5092821350000003,1759158513.980282135,/studio/pos_error_xyz.err_x,NaN
3.510259339,1759158513.981259339,/studio/pos_error_xyz.err_x,NaN
3.512621879,1759158513.983621879,/studio/pos_error_xyz.err_x,-0.16284098686163895
3.515913796,1759158513.986913796,/studio/pos_error_xyz.err_x,-0.16557553310644924
3.519207088,1759158513.990207088,/studio/pos_error_xyz.err_x,NaN
3.520266044,1759158513.991266044,/studio/pos_error_xyz.err_x,NaN
3.522642473,1759158513.993642473,/studio/pos_error_xyz.err_x,-0.16963328440410597
3.525877296,1759158513.996877296,/studio/pos_error_xyz.err_x,NaN
3.529195294,1759158514.000195294,/studio/pos_error_xyz.err_x,NaN
3.530259972,1759158514.001259972,/studio/pos_error_xyz.err_x,NaN
3.5324876080000003,1759158514.003487608,/studio/pos_error_xyz.err_x,-0.17147908590469352
3.535792566,1759158514.006792566,/studio/pos_error_xyz.err_x,-0.17428427498860355
3.5392737,1759158514.010273700,/studio/pos_error_xyz.err_x,NaN
3.540287009,1759158514.011287009,/studio/pos_error_xyz.err_x,NaN
3.542581169,1759158514.013581169,/studio/pos_error_xyz.err_x,-0.17766419269053202
3.545788622,1759158514.016788622,/studio/pos_error_xyz.err_x,NaN
3.549176663,1759158514.020176663,/studio/pos_error_xyz.err_x,NaN
3.550264632,1759158514.021264632,/studio/pos_error_xyz.err_x,NaN
3.552514777,1759158514.023514777,/studio/pos_error_xyz.err_x,-0.18184400260948586
3.555738774,1759158514.026738774,/studio/pos_error_xyz.err_x,NaN
3.5591102130000003,1759158514.030110213,/studio/pos_error_xyz.err_x,NaN
3.5602637,1759158514.031263700,/studio/pos_error_xyz.err_x,NaN
3.562647651,1759158514.033647651,/studio/pos_error_xyz.err_x,-0.18490318787165583
3.565799786,1759158514.036799786,/studio/pos_error_xyz.err_x,NaN
3.569116311,1759158514.040116311,/studio/pos_error_xyz.err_x,NaN
3.5703082569999998,1759158514.041308257,/studio/pos_error_xyz.err_x,NaN
3.5723797040000003,1759158514.043379704,/studio/pos_error_xyz.err_x,-0.18900745891151427
3.575843248,1759158514.046843248,/studio/pos_error_xyz.err_x,NaN
3.579092337,1759158514.050092337,/studio/pos_error_xyz.err_x,NaN
3.580268699,1759158514.051268699,/studio/pos_error_xyz.err_x,NaN
3.582489968,1759158514.053489968,/studio/pos_error_xyz.err_x,-0.19073683930940843
3.585689586,1759158514.056689586,/studio/pos_error_xyz.err_x,NaN
3.58904934,1759158514.060049340,/studio/pos_error_xyz.err_x,NaN
3.590313963,1759158514.061313963,/studio/pos_error_xyz.err_x,NaN
3.592454978,1759158514.063454978,/studio/pos_error_xyz.err_x,-0.19433318941054312
3.59570206,1759158514.066702060,/studio/pos_error_xyz.err_x,NaN
3.5991009910000002,1759158514.070100991,/studio/pos_error_xyz.err_x,NaN
3.600271334,1759158514.071271334,/studio/pos_error_xyz.err_x,NaN
3.602439291,1759158514.073439291,/studio/pos_error_xyz.err_x,-0.19724571712794114
3.6061115,1759158514.077111500,/studio/pos_error_xyz.err_x,NaN
3.60931122,1759158514.080311220,/studio/pos_error_xyz.err_x,NaN
3.610271537,1759158514.081271537,/studio/pos_error_xyz.err_x,NaN
3.6124505239999998,1759158514.083450524,/studio/pos_error_xyz.err_x,-0.20005301222672367
3.615946401,1759158514.086946401,/studio/pos_error_xyz.err_x,NaN
3.619017089,1759158514.090017089,/studio/pos_error_xyz.err_x,NaN
3.620282821,1759158514.091282821,/studio/pos_error_xyz.err_x,NaN
3.622450903,1759158514.093450903,/studio/pos_error_xyz.err_x,-0.20154680086180932
3.62575003,1759158514.096750030,/studio/pos_error_xyz.err_x,-0.20196441093559558
3.629140678,1759158514.100140678,/studio/pos_error_xyz.err_x,NaN
3.630299306,1759158514.101299306,/studio/pos_error_xyz.err_x,NaN
3.632300653,1759158514.103300653,/studio/pos_error_xyz.err_x,-0.20477033037311276
3.6357575520000003,1759158514.106757552,/studio/pos_error_xyz.err_x,NaN
3.638978025,1759158514.109978025,/studio/pos_error_xyz.err_x,NaN
3.640327454,1759158514.111327454,/studio/pos_error_xyz.err_x,NaN
3.642387036,1759158514.113387036,/studio/pos_error_xyz.err_x,-0.20629601102836892
3.646645435,1759158514.117645435,/studio/pos_error_xyz.err_x,NaN
3.650279211,1759158514.121279211,/studio/pos_error_xyz.err_x,NaN
3.660356818,1759158514.131356818,/studio/pos_error_xyz.err_x,NaN
3.66254411,1759158514.133544110,/studio/pos_error_xyz.err_x,NaN
3.662546272,1759158514.133546272,/studio/pos_error_xyz.err_x,-0.20730900159967502
3.662552509,1759158514.133552509,/studio/pos_error_xyz.err_x,-0.2081872860249585
3.662554937,1759158514.133554937,/studio/pos_error_xyz.err_x,-0.20912614767350046
3.665788949,1759158514.136788949,/studio/pos_error_xyz.err_x,-0.20967929425279452
3.666578651,1759158514.137578651,/studio/pos_error_xyz.err_x,-0.2092066213026187
3.669030571,1759158514.140030571,/studio/pos_error_xyz.err_x,-0.2087989725348205
3.670273824,1759158514.141273824,/studio/pos_error_xyz.err_x,NaN
3.672326925,1759158514.143326925,/studio/pos_error_xyz.err_x,-0.21087947076904978
3.675569867,1759158514.146569867,/studio/pos_error_xyz.err_x,NaN
3.679006581,1759158514.150006581,/studio/pos_error_xyz.err_x,NaN
3.680269338,1759158514.151269338,/studio/pos_error_xyz.err_x,NaN
3.682458576,1759158514.153458576,/studio/pos_error_xyz.err_x,-0.21163405619553366
3.685714113,1759158514.156714113,/studio/pos_error_xyz.err_x,NaN
3.6892271130000003,1759158514.160227113,/studio/pos_error_xyz.err_x,NaN
3.690265522,1759158514.161265522,/studio/pos_error_xyz.err_x,NaN
3.6923196369999998,1759158514.163319637,/studio/pos_error_xyz.err_x,-0.21234361539562263
3.695648463,1759158514.166648463,/studio/pos_error_xyz.err_x,-0.21349663058704316
3.699006695,1759158514.170006695,/studio/pos_error_xyz.err_x,NaN
3.700258351,1759158514.171258351,/studio/pos_error_xyz.err_x,NaN
3.702375929,1759158514.173375929,/studio/pos_error_xyz.err_x,-0.21450758050373597
3.705623746,1759158514.176623746,/studio/pos_error_xyz.err_x,-0.2140212370433856
3.70893855,1759158514.179938550,/studio/pos_error_xyz.err_x,NaN
3.710259648,1759158514.181259648,/studio/pos_error_xyz.err_x,NaN
3.712317374,1759158514.183317374,/studio/pos_error_xyz.err_x,-0.2153324055926258
3.7156452470000003,1759158514.186645247,/studio/pos_error_xyz.err_x,NaN
3.719282001,1759158514.190282001,/studio/pos_error_xyz.err_x,NaN
3.720268287,1759158514.191268287,/studio/pos_error_xyz.err_x,NaN
3.722795102,1759158514.193795102,/studio/pos_error_xyz.err_x,-0.2167576466022103
3.72559692,1759158514.196596920,/studio/pos_error_xyz.err_x,NaN
3.728935566,1759158514.199935566,/studio/pos_error_xyz.err_x,NaN
3.73029352,1759158514.201293520,/studio/pos_error_xyz.err_x,NaN
3.732289172,1759158514.203289172,/studio/pos_error_xyz.err_x,-0.21731692486777443
3.735717761,1759158514.206717761,/studio/pos_error_xyz.err_x,-0.21824021261075455
3.739166846,1759158514.210166846,/studio/pos_error_xyz.err_x,NaN
3.740280733,1759158514.211280733,/studio/pos_error_xyz.err_x,NaN
3.742388515,1759158514.213388515,/studio/pos_error_xyz.err_x,-0.2180467524915639
3.7462664400000003,1759158514.217266440,/studio/pos_error_xyz.err_x,NaN
3.749082038,1759158514.220082038,/studio/pos_error_xyz.err_x,NaN
3.75030015,1759158514.221300150,/studio/pos_error_xyz.err_x,NaN
3.75225843,1759158514.223258430,/studio/pos_error_xyz.err_x,-0.21895946476939177
3.755624109,1759158514.226624109,/studio/pos_error_xyz.err_x,NaN
3.758846161,1759158514.229846161,/studio/pos_error_xyz.err_x,NaN
3.760265304,1759158514.231265304,/studio/pos_error_xyz.err_x,NaN
3.762397243,1759158514.233397243,/studio/pos_error_xyz.err_x,-0.21959524035732314
3.765714504,1759158514.236714504,/studio/pos_error_xyz.err_x,-0.21855821242899087
3.768821416,1759158514.239821416,/studio/pos_error_xyz.err_x,NaN
3.770268331,1759158514.241268331,/studio/pos_error_xyz.err_x,NaN
3.772544443,1759158514.243544443,/studio/pos_error_xyz.err_x,-0.21929051000707567
3.775844917,1759158514.246844917,/studio/pos_error_xyz.err_x,NaN
3.778933347,1759158514.249933347,/studio/pos_error_xyz.err_x,NaN
3.7802652979999998,1759158514.251265298,/studio/pos_error_xyz.err_x,NaN
3.782442309,1759158514.253442309,/studio/pos_error_xyz.err_x,-0.21849244342714225
3.785684104,1759158514.256684104,/studio/pos_error_xyz.err_x,NaN
3.788757051,1759158514.259757051,/studio/pos_error_xyz.err_x,NaN
3.790271119,1759158514.261271119,/studio/pos_error_xyz.err_x,NaN
3.792129662,1759158514.263129662,/studio/pos_error_xyz.err_x,-0.218642658384828
3.795709415,1759158514.266709415,/studio/pos_error_xyz.err_x,-0.2188969350317207
3.799013712,1759158514.270013712,/studio/pos_error_xyz.err_x,NaN
3.800270111,1759158514.271270111,/studio/pos_error_xyz.err_x,NaN
3.802494496,1759158514.273494496,/studio/pos_error_xyz.err_x,-0.2192650577703168
3.805483201,1759158514.276483201,/studio/pos_error_xyz.err_x,-0.21789406218161256
3.808898941,1759158514.279898941,/studio/pos_error_xyz.err_x,NaN
3.810266135,1759158514.281266135,/studio/pos_error_xyz.err_x,NaN
3.812274339,1759158514.283274339,/studio/pos_error_xyz.err_x,-0.21789678261427015
3.8155153090000002,1759158514.286515309,/studio/pos_error_xyz.err_x,NaN
3.818888488,1759158514.289888488,/studio/pos_error_xyz.err_x,NaN
3.820265154,1759158514.291265154,/studio/pos_error_xyz.err_x,NaN
3.8221266,1759158514.293126600,/studio/pos_error_xyz.err_x,-0.21679302053404137
3.82541906,1759158514.296419060,/studio/pos_error_xyz.err_x,NaN
3.828960813,1759158514.299960813,/studio/pos_error_xyz.err_x,NaN
3.830272817,1759158514.301272817,/studio/pos_error_xyz.err_x,NaN
3.832374061,1759158514.303374061,/studio/pos_error_xyz.err_x,-0.21663647458944557
3.835519038,1759158514.306519038,/studio/pos_error_xyz.err_x,NaN
3.838880282,1759158514.309880282,/studio/pos_error_xyz.err_x,NaN
3.840287226,1759158514.311287226,/studio/pos_error_xyz.err_x,NaN
3.842280955,1759158514.313280955,/studio/pos_error_xyz.err_x,-0.2152611917990006
3.8455340920000003,1759158514.316534092,/studio/pos_error_xyz.err_x,NaN
3.850272379,1759158514.321272379,/studio/pos_error_xyz.err_x,NaN
3.8511876320000002,1759158514.322187632,/studio/pos_error_xyz.err_x,NaN
3.860319045,1759158514.331319045,/studio/pos_error_xyz.err_x,NaN
3.866569593,1759158514.337569593,/studio/pos_error_xyz.err_x,-0.21502336682376644
3.8665766010000002,1759158514.337576601,/studio/pos_error_xyz.err_x,-0.21480629904982096
3.866579808,1759158514.337579808,/studio/pos_error_xyz.err_x,-0.21465856864693755
3.866582604,1759158514.337582604,/studio/pos_error_xyz.err_x,-0.21470571647980097
3.869311728,1759158514.340311728,/studio/pos_error_xyz.err_x,-0.21387617015917537
3.869313945,1759158514.340313945,/studio/pos_error_xyz.err_x,-0.21312374751525098
3.870267296,1759158514.341267296,/studio/pos_error_xyz.err_x,NaN
3.872175732,1759158514.343175732,/studio/pos_error_xyz.err_x,-0.21293759490962327
3.8755811,1759158514.346581100,/studio/pos_error_xyz.err_x,-0.21261139927092332
3.8790647380000003,1759158514.350064738,/studio/pos_error_xyz.err_x,NaN
3.880271786,1759158514.351271786,/studio/pos_error_xyz.err_x,NaN
3.882161174,1759158514.353161174,/studio/pos_error_xyz.err_x,-0.212544917207101
3.8855043670000002,1759158514.356504367,/studio/pos_error_xyz.err_x,-0.21078543358098134
3.889018544,1759158514.360018544,/studio/pos_error_xyz.err_x,NaN
3.890272338,1759158514.361272338,/studio/pos_error_xyz.err_x,NaN
3.89214563,1759158514.363145630,/studio/pos_error_xyz.err_x,-0.2108202873873628
3.895697884,1759158514.366697884,/studio/pos_error_xyz.err_x,-0.21088212179276433
3.898685706,1759158514.369685706,/studio/pos_error_xyz.err_x,NaN
3.900268432,1759158514.371268432,/studio/pos_error_xyz.err_x,NaN
3.902161458,1759158514.373161458,/studio/pos_error_xyz.err_x,-0.21070174676648534
3.905342339,1759158514.376342339,/studio/pos_error_xyz.err_x,-0.2088470998242682
3.908933728,1759158514.379933728,/studio/pos_error_xyz.err_x,NaN
3.910262646,1759158514.381262646,/studio/pos_error_xyz.err_x,NaN
3.9120457440000003,1759158514.383045744,/studio/pos_error_xyz.err_x,-0.20849658256386938
3.915417774,1759158514.386417774,/studio/pos_error_xyz.err_x,-0.20786883048748983
3.918859803,1759158514.389859803,/studio/pos_error_xyz.err_x,NaN
3.92027267,1759158514.391272670,/studio/pos_error_xyz.err_x,NaN
3.922225031,1759158514.393225031,/studio/pos_error_xyz.err_x,-0.2053421682790868
3.925635923,1759158514.396635923,/studio/pos_error_xyz.err_x,NaN
3.928759109,1759158514.399759109,/studio/pos_error_xyz.err_x,NaN
3.930293286,1759158514.401293286,/studio/pos_error_xyz.err_x,NaN
3.932162561,1759158514.403162561,/studio/pos_error_xyz.err_x,-0.20368715442874796
3.935396431,1759158514.406396431,/studio/pos_error_xyz.err_x,NaN
3.9387605480000003,1759158514.409760548,/studio/pos_error_xyz.err_x,NaN
3.940305545,1759158514.411305545,/studio/pos_error_xyz.err_x,NaN
3.9423015230000003,1759158514.413301523,/studio/pos_error_xyz.err_x,-0.20171642632502984
3.945616413,1759158514.416616413,/studio/pos_error_xyz.err_x,NaN
3.948791624,1759158514.419791624,/studio/pos_error_xyz.err_x,NaN
3.9502773920000003,1759158514.421277392,/studio/pos_error_xyz.err_x,NaN
3.952204048,1759158514.423204048,/studio/pos_error_xyz.err_x,-0.20116395394796593
3.955559519,1759158514.426559519,/studio/pos_error_xyz.err_x,-0.20015910481110333
3.958859956,1759158514.429859956,/studio/pos_error_xyz.err_x,NaN
3.960270901,1759158514.431270901,/studio/pos_error_xyz.err_x,NaN
3.962075131,1759158514.433075131,/studio/pos_error_xyz.err_x,-0.1998267422626051
3.965376385,1759158514.436376385,/studio/pos_error_xyz.err_x,-0.1980750807398327
3.968698936,1759158514.439698936,/studio/pos_error_xyz.err_x,NaN
3.970275423,1759158514.441275423,/studio/pos_error_xyz.err_x,NaN
3.97205149,1759158514.443051490,/studio/pos_error_xyz.err_x,-0.19748650426375847
3.975487328,1759158514.446487328,/studio/pos_error_xyz.err_x,-0.19640757944473686
3.97891007,1759158514.449910070,/studio/pos_error_xyz.err_x,NaN
3.980265064,1759158514.451265064,/studio/pos_error_xyz.err_x,NaN
3.982197898,1759158514.453197898,/studio/pos_error_xyz.err_x,-0.19598915943298145
3.985572846,1759158514.456572846,/studio/pos_error_xyz.err_x,-0.19421709434400158
3.988712368,1759158514.459712368,/studio/pos_error_xyz.err_x,NaN
3.990264879,1759158514.461264879,/studio/pos_error_xyz.err_x,NaN
3.9920439620000003,1759158514.463043962,/studio/pos_error_xyz.err_x,-0.19361459583682605
3.9952691270000003,1759158514.466269127,/studio/pos_error_xyz.err_x,-0.1925013891644194
3.9986148360000002,1759158514.469614836,/studio/pos_error_xyz.err_x,NaN
4.000273484,1759158514.471273484,/studio/pos_error_xyz.err_x,NaN
4.002162098,1759158514.473162098,/studio/pos_error_xyz.err_x,-0.19026112173881338
4.00534897,1759158514.476348970,/studio/pos_error_xyz.err_x,NaN
4.008668316,1759158514.479668316,/studio/pos_error_xyz.err_x,NaN
4.010262625,1759158514.481262625,/studio/pos_error_xyz.err_x,NaN
4.011970332,1759158514.482970332,/studio/pos_error_xyz.err_x,-0.18960384968851185
4.015253542,1759158514.486253542,/studio/pos_error_xyz.err_x,-0.18837717388772462
4.018813633,1759158514.489813633,/studio/pos_error_xyz.err_x,NaN
4.020275841,1759158514.491275841,/studio/pos_error_xyz.err_x,NaN
4.022099232,1759158514.493099232,/studio/pos_error_xyz.err_x,-0.18606475770162328
4.02539925,1759158514.496399250,/studio/pos_error_xyz.err_x,NaN
4.028627355,1759158514.499627355,/studio/pos_error_xyz.err_x,NaN
4.030271718,1759158514.501271718,/studio/pos_error_xyz.err_x,NaN
4.031989666,1759158514.502989666,/studio/pos_error_xyz.err_x,-0.18539962703651897
4.035386606,1759158514.506386606,/studio/pos_error_xyz.err_x,-0.18414349471036162
4.038693594,1759158514.509693594,/studio/pos_error_xyz.err_x,NaN
4.040297811,1759158514.511297811,/studio/pos_error_xyz.err_x,NaN
4.041905949,1759158514.512905949,/studio/pos_error_xyz.err_x,-0.1836026057872241
4.045204193,1759158514.516204193,/studio/pos_error_xyz.err_x,-0.1820564602590905
4.048563959,1759158514.519563959,/studio/pos_error_xyz.err_x,NaN
4.050279752,1759158514.521279752,/studio/pos_error_xyz.err_x,NaN
4.052130359,1759158514.523130359,/studio/pos_error_xyz.err_x,-0.18038706500735266
4.060265706,1759158514.531265706,/studio/pos_error_xyz.err_x,NaN
4.069635461,1759158514.540635461,/studio/pos_error_xyz.err_x,NaN
4.069638557,1759158514.540638557,/studio/pos_error_xyz.err_x,NaN
4.06964399,1759158514.540643990,/studio/pos_error_xyz.err_x,-0.17972208647582505
4.069646002,1759158514.540646002,/studio/pos_error_xyz.err_x,-0.17889768225063685
4.070272735,1759158514.541272735,/studio/pos_error_xyz.err_x,NaN
4.075161833,1759158514.546161833,/studio/pos_error_xyz.err_x,-0.17808441515292617
4.075163332,1759158514.546163332,/studio/pos_error_xyz.err_x,-0.1775381719267776
4.07661928,1759158514.547619280,/studio/pos_error_xyz.err_x,-0.17699280191249214
4.078686502,1759158514.549686502,/studio/pos_error_xyz.err_x,-0.17646008163873017
4.080271471,1759158514.551271471,/studio/pos_error_xyz.err_x,NaN
4.081972993,1759158514.552972993,/studio/pos_error_xyz.err_x,-0.17435427370944162
4.085305759,1759158514.556305759,/studio/pos_error_xyz.err_x,NaN
4.088682408,1759158514.559682408,/studio/pos_error_xyz.err_x,NaN
4.090269993,1759158514.561269993,/studio/pos_error_xyz.err_x,NaN
4.092037451,1759158514.563037451,/studio/pos_error_xyz.err_x,-0.17372311502983578
4.095268893,1759158514.566268893,/studio/pos_error_xyz.err_x,-0.17250399984705453
4.098770355,1759158514.569770355,/studio/pos_error_xyz.err_x,NaN
4.100262287,1759158514.571262287,/studio/pos_error_xyz.err_x,NaN
4.102210424,1759158514.573210424,/studio/pos_error_xyz.err_x,-0.17192758705158856
4.105275046,1759158514.576275046,/studio/pos_error_xyz.err_x,-0.17082638768359884
4.108692497,1759158514.579692497,/studio/pos_error_xyz.err_x,NaN
4.110260803,1759158514.581260803,/studio/pos_error_xyz.err_x,NaN
4.111876872,1759158514.582876872,/studio/pos_error_xyz.err_x,-0.17017315407230466
4.115099013,1759158514.586099013,/studio/pos_error_xyz.err_x,-0.16890197830322642
4.118524157,1759158514.589524157,/studio/pos_error_xyz.err_x,NaN
4.120299109,1759158514.591299109,/studio/pos_error_xyz.err_x,NaN
4.121908474,1759158514.592908474,/studio/pos_error_xyz.err_x,-0.1670850281507145
4.125246488,1759158514.596246488,/studio/pos_error_xyz.err_x,NaN
4.128584889,1759158514.599584889,/studio/pos_error_xyz.err_x,NaN
4.130266926,1759158514.601266926,/studio/pos_error_xyz.err_x,NaN
4.132006073,1759158514.603006073,/studio/pos_error_xyz.err_x,-0.16613281021124277
4.135653185,1759158514.606653185,/studio/pos_error_xyz.err_x,NaN
4.138658679,1759158514.609658679,/studio/pos_error_xyz.err_x,NaN
4.140328167,1759158514.611328167,/studio/pos_error_xyz.err_x,NaN
4.14196353,1759158514.612963530,/studio/pos_error_xyz.err_x,-0.1654296264433554
4.145178503,1759158514.616178503,/studio/pos_error_xyz.err_x,-0.1644355915098054
4.148539578,1759158514.619539578,/studio/pos_error_xyz.err_x,NaN
4.150288929,1759158514.621288929,/studio/pos_error_xyz.err_x,NaN
4.152189429,1759158514.623189429,/studio/pos_error_xyz.err_x,-0.16301712437498195
4.15588336,1759158514.626883360,/studio/pos_error_xyz.err_x,NaN
4.15923558,1759158514.630235580,/studio/pos_error_xyz.err_x,NaN
4.160266156,1759158514.631266156,/studio/pos_error_xyz.err_x,NaN
4.161829873,1759158514.632829873,/studio/pos_error_xyz.err_x,-0.16182624043966298
4.16512764,1759158514.636127640,/studio/pos_error_xyz.err_x,NaN
4.168496297,1759158514.639496297,/studio/pos_error_xyz.err_x,NaN
4.170276207,1759158514.641276207,/studio/pos_error_xyz.err_x,NaN
4.171867351,1759158514.642867351,/studio/pos_error_xyz.err_x,-0.16134341947872677
4.175334088,1759158514.646334088,/studio/pos_error_xyz.err_x,-0.16037958017460363
4.17863504,1759158514.649635040,/studio/pos_error_xyz.err_x,NaN
4.180275738,1759158514.651275738,/studio/pos_error_xyz.err_x,NaN
4.182090979,1759158514.653090979,/studio/pos_error_xyz.err_x,-0.15991873248011523
4.185098645,1759158514.656098645,/studio/pos_error_xyz.err_x,-0.15978737150136157
4.188543674,1759158514.659543674,/studio/pos_error_xyz.err_x,NaN
4.190273582,1759158514.661273582,/studio/pos_error_xyz.err_x,NaN
4.191830515,1759158514.662830515,/studio/pos_error_xyz.err_x,-0.15790239434159714
4.19506869,1759158514.666068690,/studio/pos_error_xyz.err_x,NaN
4.198449847,1759158514.669449847,/studio/pos_error_xyz.err_x,NaN
4.200325148,1759158514.671325148,/studio/pos_error_xyz.err_x,NaN
4.201708067,1759158514.672708067,/studio/pos_error_xyz.err_x,-0.1572347494010603
4.205491276,1759158514.676491276,/studio/pos_error_xyz.err_x,-0.15687492006532788
4.208565016,1759158514.679565016,/studio/pos_error_xyz.err_x,NaN
4.210293972,1759158514.681293972,/studio/pos_error_xyz.err_x,NaN
4.211767667,1759158514.682767667,/studio/pos_error_xyz.err_x,-0.1564277775168187
4.215152914,1759158514.686152914,/studio/pos_error_xyz.err_x,-0.15550111842105496
4.218581559,1759158514.689581559,/studio/pos_error_xyz.err_x,NaN
4.22035122,1759158514.691351220,/studio/pos_error_xyz.err_x,NaN
4.221926281,1759158514.692926281,/studio/pos_error_xyz.err_x,-0.15442345135325075
4.225143482,1759158514.696143482,/studio/pos_error_xyz.err_x,NaN
4.228404703,1759158514.699404703,/studio/pos_error_xyz.err_x,NaN
4.230305389,1759158514.701305389,/studio/pos_error_xyz.err_x,NaN
4.231688646,1759158514.702688646,/studio/pos_error_xyz.err_x,-0.1539443788478081
4.235051073,1759158514.706051073,/studio/pos_error_xyz.err_x,-0.15294616977567377
4.238576997,1759158514.709576997,/studio/pos_error_xyz.err_x,NaN
4.240323978,1759158514.711323978,/studio/pos_error_xyz.err_x,NaN
4.241733155,1759158514.712733155,/studio/pos_error_xyz.err_x,-0.15220343523627955
4.245103963,1759158514.716103963,/studio/pos_error_xyz.err_x,-0.15204220179177552
4.248339495,1759158514.719339495,/studio/pos_error_xyz.err_x,NaN
4.250297922,1759158514.721297922,/studio/pos_error_xyz.err_x,NaN
4.251675608,1759158514.722675608,/studio/pos_error_xyz.err_x,-0.1516531517902373
4.255065456,1759158514.726065456,/studio/pos_error_xyz.err_x,-0.15083608653583136
4.258484072,1759158514.729484072,/studio/pos_error_xyz.err_x,NaN
4.260297922,1759158514.731297922,/studio/pos_error_xyz.err_x,NaN
4.270340024,1759158514.741340024,/studio/pos_error_xyz.err_x,NaN
4.275769802,1759158514.746769802,/studio/pos_error_xyz.err_x,-0.15011081921271896
4.275771653,1759158514.746771653,/studio/pos_error_xyz.err_x,-0.1501405052725635
4.275774689,1759158514.746774689,/studio/pos_error_xyz.err_x,-0.15017124420549077
4.275779334,1759158514.746779334,/studio/pos_error_xyz.err_x,-0.1497351243081393
4.27909068,1759158514.750090680,/studio/pos_error_xyz.err_x,-0.14928077186129096
4.279096437,1759158514.750096437,/studio/pos_error_xyz.err_x,-0.1488269778886202
4.280276211,1759158514.751276211,/studio/pos_error_xyz.err_x,NaN
4.281792349,1759158514.752792349,/studio/pos_error_xyz.err_x,-0.14807997281507546
4.28504172,1759158514.756041720,/studio/pos_error_xyz.err_x,-0.1483080960826635
4.288322267,1759158514.759322267,/studio/pos_error_xyz.err_x,NaN
4.290312134,1759158514.761312134,/studio/pos_error_xyz.err_x,NaN
4.291662531,1759158514.762662531,/studio/pos_error_xyz.err_x,-0.14781373896122574
4.2951719090000005,1759158514.766171909,/studio/pos_error_xyz.err_x,-0.1467688176277282
4.29852921,1759158514.769529210,/studio/pos_error_xyz.err_x,NaN
4.300277034,1759158514.771277034,/studio/pos_error_xyz.err_x,NaN
4.301825311,1759158514.772825311,/studio/pos_error_xyz.err_x,-0.14601252749418903
4.30501521,1759158514.776015210,/studio/pos_error_xyz.err_x,-0.14634445844217314
4.308297927,1759158514.779297927,/studio/pos_error_xyz.err_x,NaN
4.310276344,1759158514.781276344,/studio/pos_error_xyz.err_x,NaN
4.311716783,1759158514.782716783,/studio/pos_error_xyz.err_x,-0.1458007135603514
4.315044354,1759158514.786044354,/studio/pos_error_xyz.err_x,-0.14463614639315536
4.31845172,1759158514.789451720,/studio/pos_error_xyz.err_x,NaN
4.320271166,1759158514.791271166,/studio/pos_error_xyz.err_x,NaN
4.321667294,1759158514.792667294,/studio/pos_error_xyz.err_x,-0.14378354276517413
4.325405964,1759158514.796405964,/studio/pos_error_xyz.err_x,-0.1440507508976705
4.328442854,1759158514.799442854,/studio/pos_error_xyz.err_x,NaN
4.330316795,1759158514.801316795,/studio/pos_error_xyz.err_x,NaN
4.331684676,1759158514.802684676,/studio/pos_error_xyz.err_x,-0.14342595789272372
4.335055312,1759158514.806055312,/studio/pos_error_xyz.err_x,-0.14207694190955333
4.338347074,1759158514.809347074,/studio/pos_error_xyz.err_x,NaN
4.340295479,1759158514.811295479,/studio/pos_error_xyz.err_x,NaN
4.341636132,1759158514.812636132,/studio/pos_error_xyz.err_x,-0.14127268205357524
4.345097783,1759158514.816097783,/studio/pos_error_xyz.err_x,-0.1417528922422442
4.34841304,1759158514.819413040,/studio/pos_error_xyz.err_x,NaN
4.350302024,1759158514.821302024,/studio/pos_error_xyz.err_x,NaN
4.351737368,1759158514.822737368,/studio/pos_error_xyz.err_x,-0.14118249204162403
4.35505595,1759158514.826055950,/studio/pos_error_xyz.err_x,-0.13993560837336272
4.358199044,1759158514.829199044,/studio/pos_error_xyz.err_x,NaN
4.360293829,1759158514.831293829,/studio/pos_error_xyz.err_x,NaN
4.361924812,1759158514.832924812,/studio/pos_error_xyz.err_x,-0.13907679759808622
4.36510066,1759158514.836100660,/studio/pos_error_xyz.err_x,-0.139555607924285
4.368419973,1759158514.839419973,/studio/pos_error_xyz.err_x,NaN
4.370361973,1759158514.841361973,/studio/pos_error_xyz.err_x,NaN
4.371547358,1759158514.842547358,/studio/pos_error_xyz.err_x,-0.13904143010428127
4.375040646,1759158514.846040646,/studio/pos_error_xyz.err_x,-0.13791163293982223
4.3783282230000005,1759158514.849328223,/studio/pos_error_xyz.err_x,NaN
4.380296463,1759158514.851296463,/studio/pos_error_xyz.err_x,NaN
4.3818366730000005,1759158514.852836673,/studio/pos_error_xyz.err_x,-0.1368792325735353
4.384901369,1759158514.855901369,/studio/pos_error_xyz.err_x,NaN
4.388180141,1759158514.859180141,/studio/pos_error_xyz.err_x,NaN
4.390343001,1759158514.861343001,/studio/pos_error_xyz.err_x,NaN
4.391600882,1759158514.862600882,/studio/pos_error_xyz.err_x,-0.1362257386923138
4.394971166,1759158514.865971166,/studio/pos_error_xyz.err_x,-0.13477658242290347
4.398234824,1759158514.869234824,/studio/pos_error_xyz.err_x,NaN
4.400305719,1759158514.871305719,/studio/pos_error_xyz.err_x,NaN
4.401571183,1759158514.872571183,/studio/pos_error_xyz.err_x,-0.13351487138272078
4.404869655,1759158514.875869655,/studio/pos_error_xyz.err_x,-0.13323711544155548
4.408210484,1759158514.879210484,/studio/pos_error_xyz.err_x,NaN
4.410265538,1759158514.881265538,/studio/pos_error_xyz.err_x,NaN
4.41185901,1759158514.882859010,/studio/pos_error_xyz.err_x,-0.13217068040742408
4.41492079,1759158514.885920790,/studio/pos_error_xyz.err_x,NaN
4.418323557,1759158514.889323557,/studio/pos_error_xyz.err_x,NaN
4.4203165030000005,1759158514.891316503,/studio/pos_error_xyz.err_x,NaN
4.42153954,1759158514.892539540,/studio/pos_error_xyz.err_x,-0.1310083832662663
4.424863928,1759158514.895863928,/studio/pos_error_xyz.err_x,-0.13097380397692415
4.428277747,1759158514.899277747,/studio/pos_error_xyz.err_x,NaN
4.430345265,1759158514.901345265,/studio/pos_error_xyz.err_x,NaN
4.43152057,1759158514.902520570,/studio/pos_error_xyz.err_x,-0.1303251833226784
4.434818772,1759158514.905818772,/studio/pos_error_xyz.err_x,-0.12885491171623187
4.438223658,1759158514.909223658,/studio/pos_error_xyz.err_x,NaN
4.440340181,1759158514.911340181,/studio/pos_error_xyz.err_x,NaN
4.441492642,1759158514.912492642,/studio/pos_error_xyz.err_x,-0.12777494723390737
4.444999636,1759158514.915999636,/studio/pos_error_xyz.err_x,-0.12792122572400455
4.448644228,1759158514.919644228,/studio/pos_error_xyz.err_x,NaN
4.450286458,1759158514.921286458,/studio/pos_error_xyz.err_x,NaN
4.451674973,1759158514.922674973,/studio/pos_error_xyz.err_x,-0.12706479565539475
4.454852468,1759158514.925852468,/studio/pos_error_xyz.err_x,-0.1251053800216373
4.458377892,1759158514.929377892,/studio/pos_error_xyz.err_x,NaN
4.460291607,1759158514.931291607,/studio/pos_error_xyz.err_x,NaN
4.461608372,1759158514.932608372,/studio/pos_error_xyz.err_x,-0.12389059344547926
4.469401858,1759158514.940401858,/studio/pos_error_xyz.err_x,-0.12369506018236853
4.470362994,1759158514.941362994,/studio/pos_error_xyz.err_x,NaN
4.480317634,1759158514.951317634,/studio/pos_error_xyz.err_x,NaN
4.483390341,1759158514.954390341,/studio/pos_error_xyz.err_x,NaN
4.483392309,1759158514.954392309,/studio/pos_error_xyz.err_x,-0.12291664584531414
4.483395101,1759158514.954395101,/studio/pos_error_xyz.err_x,-0.12206053981647003
4.483401355,1759158514.954401355,/studio/pos_error_xyz.err_x,-0.12120368507805068
4.485381637,1759158514.956381637,/studio/pos_error_xyz.err_x,-0.11991551354205754
4.485383603,1759158514.956383603,/studio/pos_error_xyz.err_x,-0.11980314167281847
4.488173379,1759158514.959173379,/studio/pos_error_xyz.err_x,-0.1196799518669791
4.49033193,1759158514.961331930,/studio/pos_error_xyz.err_x,NaN
4.49168004,1759158514.962680040,/studio/pos_error_xyz.err_x,-0.11879522874313775
4.494755572,1759158514.965755572,/studio/pos_error_xyz.err_x,-0.11673580612105727
4.498221235,1759158514.969221235,/studio/pos_error_xyz.err_x,NaN
4.500284812,1759158514.971284812,/studio/pos_error_xyz.err_x,NaN
4.501504261,1759158514.972504261,/studio/pos_error_xyz.err_x,-0.11532302118451598
4.504895487,1759158514.975895487,/studio/pos_error_xyz.err_x,-0.114507643302594
4.508155309,1759158514.979155309,/studio/pos_error_xyz.err_x,NaN
4.510271936,1759158514.981271936,/studio/pos_error_xyz.err_x,NaN
4.511492863,1759158514.982492863,/studio/pos_error_xyz.err_x,-0.1136169310946138
4.514910064,1759158514.985910064,/studio/pos_error_xyz.err_x,-0.11152578957417969
4.518257437,1759158514.989257437,/studio/pos_error_xyz.err_x,NaN
4.520301269,1759158514.991301269,/studio/pos_error_xyz.err_x,NaN
4.521501065,1759158514.992501065,/studio/pos_error_xyz.err_x,-0.11019654381426225
4.524902625,1759158514.995902625,/studio/pos_error_xyz.err_x,-0.10947706685614156
4.52815675,1759158514.999156750,/studio/pos_error_xyz.err_x,NaN
4.530302075,1759158515.001302075,/studio/pos_error_xyz.err_x,NaN
4.531463187,1759158515.002463187,/studio/pos_error_xyz.err_x,-0.10840877259769233
4.534789397,1759158515.005789397,/studio/pos_error_xyz.err_x,-0.10587822820057724
4.538125076,1759158515.009125076,/studio/pos_error_xyz.err_x,NaN
4.540336386,1759158515.011336386,/studio/pos_error_xyz.err_x,NaN
4.541508647,1759158515.012508647,/studio/pos_error_xyz.err_x,-0.10430021671114886
4.544749899,1759158515.015749899,/studio/pos_error_xyz.err_x,-0.10284885712391123
4.548121371,1759158515.019121371,/studio/pos_error_xyz.err_x,NaN
4.550302247,1759158515.021302247,/studio/pos_error_xyz.err_x,NaN
4.55147506,1759158515.022475060,/studio/pos_error_xyz.err_x,-0.10178169140218962
4.554820311,1759158515.025820311,/studio/pos_error_xyz.err_x,-0.09922159682118714
4.55803478,1759158515.029034780,/studio/pos_error_xyz.err_x,NaN
4.560309957,1759158515.031309957,/studio/pos_error_xyz.err_x,NaN
4.561468206,1759158515.032468206,/studio/pos_error_xyz.err_x,-0.09765625855823856
4.565527001,1759158515.036527001,/studio/pos_error_xyz.err_x,-0.09606820004105421
4.568245461,1759158515.039245461,/studio/pos_error_xyz.err_x,NaN
4.570323954,1759158515.041323954,/studio/pos_error_xyz.err_x,NaN
4.571503999,1759158515.042503999,/studio/pos_error_xyz.err_x,-0.09475124975957883
4.574768894,1759158515.045768894,/studio/pos_error_xyz.err_x,-0.09158353897113214
4.578103622,1759158515.049103622,/studio/pos_error_xyz.err_x,NaN
4.580303497,1759158515.051303497,/studio/pos_error_xyz.err_x,NaN
4.581478997,1759158515.052478997,/studio/pos_error_xyz.err_x,-0.09015276193392863
4.584866794,1759158515.055866794,/studio/pos_error_xyz.err_x,-0.08871713140636217
4.58813297,1759158515.059132970,/studio/pos_error_xyz.err_x,NaN
4.590274771,1759158515.061274771,/studio/pos_error_xyz.err_x,NaN
4.591667541,1759158515.062667541,/studio/pos_error_xyz.err_x,-0.08767274014894388
4.595326108,1759158515.066326108,/studio/pos_error_xyz.err_x,-0.08513293565148539
4.598107575,1759158515.069107575,/studio/pos_error_xyz.err_x,NaN
4.600323393,1759158515.071323393,/studio/pos_error_xyz.err_x,NaN
4.6014859690000005,1759158515.072485969,/studio/pos_error_xyz.err_x,-0.08342770840788338
4.604757387,1759158515.075757387,/studio/pos_error_xyz.err_x,-0.08110969463642625
4.608085507,1759158515.079085507,/studio/pos_error_xyz.err_x,NaN
4.610304064,1759158515.081304064,/studio/pos_error_xyz.err_x,NaN
4.611365131,1759158515.082365131,/studio/pos_error_xyz.err_x,-0.07985979568595747
4.6148781020000005,1759158515.085878102,/studio/pos_error_xyz.err_x,-0.07678138019523706
4.61812215,1759158515.089122150,/studio/pos_error_xyz.err_x,NaN
4.620312702,1759158515.091312702,/studio/pos_error_xyz.err_x,NaN
4.621356419,1759158515.092356419,/studio/pos_error_xyz.err_x,-0.0751598864330516
4.624783049,1759158515.095783049,/studio/pos_error_xyz.err_x,-0.07283906528895479
4.62812611,1759158515.099126110,/studio/pos_error_xyz.err_x,NaN
4.630281872,1759158515.101281872,/studio/pos_error_xyz.err_x,NaN
4.631447007,1759158515.102447007,/studio/pos_error_xyz.err_x,-0.07151906671197228
4.634784491,1759158515.105784491,/studio/pos_error_xyz.err_x,-0.06823549452652777
4.638165335,1759158515.109165335,/studio/pos_error_xyz.err_x,NaN
4.6403064050000005,1759158515.111306405,/studio/pos_error_xyz.err_x,NaN
4.641363845,1759158515.112363845,/studio/pos_error_xyz.err_x,-0.06664888735782615
4.644791119,1759158515.115791119,/studio/pos_error_xyz.err_x,-0.06418426754998174
4.648002948,1759158515.119002948,/studio/pos_error_xyz.err_x,NaN
4.650350362,1759158515.121350362,/studio/pos_error_xyz.err_x,NaN
4.651344644,1759158515.122344644,/studio/pos_error_xyz.err_x,-0.06282975494259535
4.654790787,1759158515.125790787,/studio/pos_error_xyz.err_x,-0.05940000144236679
4.658074634,1759158515.129074634,/studio/pos_error_xyz.err_x,NaN
4.660357798,1759158515.131357798,/studio/pos_error_xyz.err_x,NaN
4.661308598,1759158515.132308598,/studio/pos_error_xyz.err_x,-0.057751307946664276
4.664661934,1759158515.135661934,/studio/pos_error_xyz.err_x,-0.054846891961000566
4.669185543,1759158515.140185543,/studio/pos_error_xyz.err_x,NaN
4.670376419,1759158515.141376419,/studio/pos_error_xyz.err_x,NaN
4.680440245,1759158515.151440245,/studio/pos_error_xyz.err_x,NaN
4.684537361,1759158515.155537361,/studio/pos_error_xyz.err_x,-0.053397936920841715
4.684539665,1759158515.155539665,/studio/pos_error_xyz.err_x,-0.0516695686748645
4.684541827,1759158515.155541827,/studio/pos_error_xyz.err_x,-0.04993969823830735
4.684544585,1759158515.155544585,/studio/pos_error_xyz.err_x,-0.048064398970226296
4.688986006,1759158515.159986006,/studio/pos_error_xyz.err_x,-0.04668250653145378
4.688988005,1759158515.159988005,/studio/pos_error_xyz.err_x,-0.045300295496932375
4.690278334,1759158515.161278334,/studio/pos_error_xyz.err_x,NaN
4.691473756,1759158515.162473756,/studio/pos_error_xyz.err_x,-0.04355621590157588
4.694909399,1759158515.165909399,/studio/pos_error_xyz.err_x,-0.03962908815963573
4.698019931,1759158515.169019931,/studio/pos_error_xyz.err_x,NaN
4.700363033,1759158515.171363033,/studio/pos_error_xyz.err_x,NaN
4.701248016,1759158515.172248016,/studio/pos_error_xyz.err_x,-0.03788542419038565
4.704666439,1759158515.175666439,/studio/pos_error_xyz.err_x,-0.03431274497123704
4.70828118,1759158515.179281180,/studio/pos_error_xyz.err_x,NaN
4.710284049,1759158515.181284049,/studio/pos_error_xyz.err_x,NaN
4.711367292,1759158515.182367292,/studio/pos_error_xyz.err_x,-0.03293175811078797
4.714677643,1759158515.185677643,/studio/pos_error_xyz.err_x,-0.029324545253273104
4.717960866,1759158515.188960866,/studio/pos_error_xyz.err_x,NaN
4.7203494500000005,1759158515.191349450,/studio/pos_error_xyz.err_x,NaN
4.721328551,1759158515.192328551,/studio/pos_error_xyz.err_x,-0.027679156772780544
4.724573669,1759158515.195573669,/studio/pos_error_xyz.err_x,-0.024117059826946452
4.727991734,1759158515.198991734,/studio/pos_error_xyz.err_x,NaN
4.730395852,1759158515.201395852,/studio/pos_error_xyz.err_x,NaN
4.731261768,1759158515.202261768,/studio/pos_error_xyz.err_x,-0.022549751908350846
4.7347366950000005,1759158515.205736695,/studio/pos_error_xyz.err_x,-0.018376271367915198
4.738026221,1759158515.209026221,/studio/pos_error_xyz.err_x,NaN
4.740304636,1759158515.211304636,/studio/pos_error_xyz.err_x,NaN
4.741223004,1759158515.212223004,/studio/pos_error_xyz.err_x,-0.01664021976220864
4.744635283,1759158515.215635283,/studio/pos_error_xyz.err_x,-0.012570740367165989
4.747896973,1759158515.218896973,/studio/pos_error_xyz.err_x,NaN
4.7502799,1759158515.221279900,/studio/pos_error_xyz.err_x,NaN
4.751181606,1759158515.222181606,/studio/pos_error_xyz.err_x,-0.010969134568656003
4.754687882,1759158515.225687882,/studio/pos_error_xyz.err_x,-0.00672373588487174
4.758071378,1759158515.229071378,/studio/pos_error_xyz.err_x,NaN
4.760272315,1759158515.231272315,/studio/pos_error_xyz.err_x,NaN
4.761241857,1759158515.232241857,/studio/pos_error_xyz.err_x,-0.005032829444416631
4.764557759,1759158515.235557759,/studio/pos_error_xyz.err_x,-0.0009237224262936827
4.768532761,1759158515.239532761,/studio/pos_error_xyz.err_x,NaN
4.770298018,1759158515.241298018,/studio/pos_error_xyz.err_x,NaN
4.771164382,1759158515.242164382,/studio/pos_error_xyz.err_x,0.0007109658768915672
4.776412862,1759158515.247412862,/studio/pos_error_xyz.err_x,0.005083852878621897
4.778702818,1759158515.249702818,/studio/pos_error_xyz.err_x,NaN
4.780271674,1759158515.251271674,/studio/pos_error_xyz.err_x,NaN
4.78118507,1759158515.252185070,/studio/pos_error_xyz.err_x,0.006733849770403477
4.784590405,1759158515.255590405,/studio/pos_error_xyz.err_x,0.01099226017301147
4.787878331,1759158515.258878331,/studio/pos_error_xyz.err_x,NaN
4.790322039,1759158515.261322039,/studio/pos_error_xyz.err_x,NaN
4.791221374,1759158515.262221374,/studio/pos_error_xyz.err_x,0.012602191073595392
4.794652617,1759158515.265652617,/studio/pos_error_xyz.err_x,0.016937637168668918
4.797903724,1759158515.268903724,/studio/pos_error_xyz.err_x,NaN
4.800293322,1759158515.271293322,/studio/pos_error_xyz.err_x,NaN
4.801113534,1759158515.272113534,/studio/pos_error_xyz.err_x,0.018636121481171664
4.804488227,1759158515.275488227,/studio/pos_error_xyz.err_x,0.023179104548999074
4.807856518,1759158515.278856518,/studio/pos_error_xyz.err_x,NaN
4.810297884,1759158515.281297884,/studio/pos_error_xyz.err_x,NaN
4.811138949,1759158515.282138949,/studio/pos_error_xyz.err_x,0.024812023066635547
4.814595076,1759158515.285595076,/studio/pos_error_xyz.err_x,0.029251866289068396
4.817758603,1759158515.288758603,/studio/pos_error_xyz.err_x,NaN
4.820262966,1759158515.291262966,/studio/pos_error_xyz.err_x,NaN
4.821200585,1759158515.292200585,/studio/pos_error_xyz.err_x,0.03090984000476138
4.8245503880000005,1759158515.295550388,/studio/pos_error_xyz.err_x,0.03552359018802509
4.827962821,1759158515.298962821,/studio/pos_error_xyz.err_x,NaN
4.830300444,1759158515.301300444,/studio/pos_error_xyz.err_x,NaN
4.831103084,1759158515.302103084,/studio/pos_error_xyz.err_x,0.0370978210122499
4.8345800400000005,1759158515.305580040,/studio/pos_error_xyz.err_x,0.041440277650111046
4.837834185,1759158515.308834185,/studio/pos_error_xyz.err_x,NaN
4.840324078,1759158515.311324078,/studio/pos_error_xyz.err_x,NaN
4.841174144,1759158515.312174144,/studio/pos_error_xyz.err_x,0.042970115843001366
4.844535683,1759158515.315535683,/studio/pos_error_xyz.err_x,0.04746402509560599
4.847766017,1759158515.318766017,/studio/pos_error_xyz.err_x,NaN
4.850268268,1759158515.321268268,/studio/pos_error_xyz.err_x,NaN
4.851088203,1759158515.322088203,/studio/pos_error_xyz.err_x,0.049011088962751304
4.854558853,1759158515.325558853,/studio/pos_error_xyz.err_x,0.05331068047659593
4.857816686,1759158515.328816686,/studio/pos_error_xyz.err_x,NaN
4.860276645,1759158515.331276645,/studio/pos_error_xyz.err_x,NaN
4.861102242,1759158515.332102242,/studio/pos_error_xyz.err_x,0.05475903867029097
4.864492426,1759158515.335492426,/studio/pos_error_xyz.err_x,0.059130728452555736
4.8677156870000005,1759158515.338715687,/studio/pos_error_xyz.err_x,NaN
4.870292451,1759158515.341292451,/studio/pos_error_xyz.err_x,NaN
4.871110424,1759158515.342110424,/studio/pos_error_xyz.err_x,0.06060969037635289
4.880293058,1759158515.351293058,/studio/pos_error_xyz.err_x,NaN
4.888497862,1759158515.359497862,/studio/pos_error_xyz.err_x,0.06475296702574651
4.888506499,1759158515.359506499,/studio/pos_error_xyz.err_x,NaN
4.88850915,1759158515.359509150,/studio/pos_error_xyz.err_x,0.06618568497901944
4.888516883,1759158515.359516883,/studio/pos_error_xyz.err_x,0.06820291897753084
4.890319811,1759158515.361319811,/studio/pos_error_xyz.err_x,NaN
4.8936008740000005,1759158515.364600874,/studio/pos_error_xyz.err_x,0.07021888810377575
4.893603716,1759158515.364603716,/studio/pos_error_xyz.err_x,0.07208572067443364
4.894871193,1759158515.365871193,/studio/pos_error_xyz.err_x,0.07408316787104074
4.897842044,1759158515.368842044,/studio/pos_error_xyz.err_x,0.07614051394490495
4.900280106,1759158515.371280106,/studio/pos_error_xyz.err_x,NaN
4.901134341,1759158515.372134341,/studio/pos_error_xyz.err_x,0.07744204413900824
4.904413726,1759158515.375413726,/studio/pos_error_xyz.err_x,0.08166988448047774
4.907781185,1759158515.378781185,/studio/pos_error_xyz.err_x,NaN
4.910270413,1759158515.381270413,/studio/pos_error_xyz.err_x,NaN
4.911803545,1759158515.382803545,/studio/pos_error_xyz.err_x,0.08287561786444919
4.9145313040000005,1759158515.385531304,/studio/pos_error_xyz.err_x,0.08632708960704982
4.917720268,1759158515.388720268,/studio/pos_error_xyz.err_x,NaN
4.920288473,1759158515.391288473,/studio/pos_error_xyz.err_x,NaN
4.921296202,1759158515.392296202,/studio/pos_error_xyz.err_x,0.08745687442702188
4.924450131,1759158515.395450131,/studio/pos_error_xyz.err_x,0.0912863308819376
4.92779526,1759158515.398795260,/studio/pos_error_xyz.err_x,NaN
4.930346925,1759158515.401346925,/studio/pos_error_xyz.err_x,NaN
4.931022227,1759158515.402022227,/studio/pos_error_xyz.err_x,0.09247067146891252
4.934444835,1759158515.405444835,/studio/pos_error_xyz.err_x,0.09589541670630486
4.937758613,1759158515.408758613,/studio/pos_error_xyz.err_x,NaN
4.940284574,1759158515.411284574,/studio/pos_error_xyz.err_x,NaN
4.941072323,1759158515.412072323,/studio/pos_error_xyz.err_x,0.09693471254620767
4.944386359,1759158515.415386359,/studio/pos_error_xyz.err_x,0.10060424442459004
4.947708184,1759158515.418708184,/studio/pos_error_xyz.err_x,NaN
4.950321993,1759158515.421321993,/studio/pos_error_xyz.err_x,NaN
4.950965304,1759158515.421965304,/studio/pos_error_xyz.err_x,0.1016942204493887
4.954412555,1759158515.425412555,/studio/pos_error_xyz.err_x,0.10489902068961676
4.957726773,1759158515.428726773,/studio/pos_error_xyz.err_x,NaN
4.9603522380000005,1759158515.431352238,/studio/pos_error_xyz.err_x,NaN
4.961152701,1759158515.432152701,/studio/pos_error_xyz.err_x,0.10576665520425732
4.965296171,1759158515.436296171,/studio/pos_error_xyz.err_x,0.10903995889370499
4.96808707,1759158515.439087070,/studio/pos_error_xyz.err_x,NaN
4.970346434,1759158515.441346434,/studio/pos_error_xyz.err_x,NaN
4.971640617,1759158515.442640617,/studio/pos_error_xyz.err_x,0.10997183883433137
4.975249701,1759158515.446249701,/studio/pos_error_xyz.err_x,0.11277762490117516
4.977694923,1759158515.448694923,/studio/pos_error_xyz.err_x,NaN
4.980323808,1759158515.451323808,/studio/pos_error_xyz.err_x,NaN
4.981038586,1759158515.452038586,/studio/pos_error_xyz.err_x,0.11353706383683204
4.984324569,1759158515.455324569,/studio/pos_error_xyz.err_x,0.1165577876678019
4.987651141,1759158515.458651141,/studio/pos_error_xyz.err_x,NaN
4.990234941,1759158515.461234941,/studio/pos_error_xyz.err_x,NaN
4.99101137,1759158515.462011370,/studio/pos_error_xyz.err_x,0.11736971497062809
4.994475478,1759158515.465475478,/studio/pos_error_xyz.err_x,0.1198118607382932
4.997753125,1759158515.468753125,/studio/pos_error_xyz.err_x,NaN
5.000322816,1759158515.471322816,/studio/pos_error_xyz.err_x,NaN
5.000931366,1759158515.471931366,/studio/pos_error_xyz.err_x,0.12038311809620872
5.004233384,1759158515.475233384,/studio/pos_error_xyz.err_x,0.12282090100019238
5.007866729,1759158515.478866729,/studio/pos_error_xyz.err_x,NaN
5.010270379,1759158515.481270379,/studio/pos_error_xyz.err_x,NaN
5.011046879,1759158515.482046879,/studio/pos_error_xyz.err_x,0.12347467209466778
5.014403539,1759158515.485403539,/studio/pos_error_xyz.err_x,0.12544694676998813
5.017741933,1759158515.488741933,/studio/pos_error_xyz.err_x,NaN
5.020265224,1759158515.491265224,/studio/pos_error_xyz.err_x,NaN
5.021193514,1759158515.492193514,/studio/pos_error_xyz.err_x,0.125879742155663
5.024383286,1759158515.495383286,/studio/pos_error_xyz.err_x,0.12794332797893904
5.027754856,1759158515.498754856,/studio/pos_error_xyz.err_x,NaN
5.030299582,1759158515.501299582,/studio/pos_error_xyz.err_x,NaN
5.030989361,1759158515.501989361,/studio/pos_error_xyz.err_x,0.1284809607294759
5.034217119,1759158515.505217119,/studio/pos_error_xyz.err_x,0.1301284121658277
5.037619843,1759158515.508619843,/studio/pos_error_xyz.err_x,NaN
5.040281171,1759158515.511281171,/studio/pos_error_xyz.err_x,NaN
5.041056638,1759158515.512056638,/studio/pos_error_xyz.err_x,0.130376917886873
5.044364477,1759158515.515364477,/studio/pos_error_xyz.err_x,0.13188888952537758
5.047757781,1759158515.518757781,/studio/pos_error_xyz.err_x,NaN
5.050281977,1759158515.521281977,/studio/pos_error_xyz.err_x,NaN
5.050864932,1759158515.521864932,/studio/pos_error_xyz.err_x,0.13231753150628878
5.054272638,1759158515.525272638,/studio/pos_error_xyz.err_x,0.13364286053259367
5.057742096,1759158515.528742096,/studio/pos_error_xyz.err_x,NaN
5.060269561,1759158515.531269561,/studio/pos_error_xyz.err_x,NaN
5.06116991,1759158515.532169910,/studio/pos_error_xyz.err_x,0.13373992311511662
5.064401109,1759158515.535401109,/studio/pos_error_xyz.err_x,0.13475904036373
5.067542224,1759158515.538542224,/studio/pos_error_xyz.err_x,NaN
5.070267873,1759158515.541267873,/studio/pos_error_xyz.err_x,NaN
5.070831741,1759158515.541831741,/studio/pos_error_xyz.err_x,0.13501480879031225
5.074298301,1759158515.545298301,/studio/pos_error_xyz.err_x,0.135811822673084
5.078164441,1759158515.549164441,/studio/pos_error_xyz.err_x,NaN
5.08026444,1759158515.551264440,/studio/pos_error_xyz.err_x,NaN
5.090352422,1759158515.561352422,/studio/pos_error_xyz.err_x,NaN
5.095338948,1759158515.566338948,/studio/pos_error_xyz.err_x,0.13592597455159794
5.095342536,1759158515.566342536,/studio/pos_error_xyz.err_x,0.13638314259749063
5.095344884,1759158515.566344884,/studio/pos_error_xyz.err_x,0.13684582160002168
5.095346747,1759158515.566346747,/studio/pos_error_xyz.err_x,0.13718714794396014
5.097590629,1759158515.568590629,/studio/pos_error_xyz.err_x,0.1374825761662175
5.097595143,1759158515.568595143,/studio/pos_error_xyz.err_x,0.13777822276880358
5.100298574,1759158515.571298574,/studio/pos_error_xyz.err_x,NaN
5.101093399,1759158515.572093399,/studio/pos_error_xyz.err_x,0.13788837901879036
5.104217125,1759158515.575217125,/studio/pos_error_xyz.err_x,0.13862744630386703
5.107567539,1759158515.578567539,/studio/pos_error_xyz.err_x,NaN
5.110302827,1759158515.581302827,/studio/pos_error_xyz.err_x,NaN
5.110941762,1759158515.581941762,/studio/pos_error_xyz.err_x,0.13868490439643
5.1141631610000005,1759158515.585163161,/studio/pos_error_xyz.err_x,0.13886875877723392
5.117631024,1759158515.588631024,/studio/pos_error_xyz.err_x,NaN
5.120273335,1759158515.591273335,/studio/pos_error_xyz.err_x,NaN
5.120864471,1759158515.591864471,/studio/pos_error_xyz.err_x,0.13886317192279662
5.124113438,1759158515.595113438,/studio/pos_error_xyz.err_x,0.13945926723684177
5.1276564,1759158515.598656400,/studio/pos_error_xyz.err_x,NaN
5.130267238,1759158515.601267238,/studio/pos_error_xyz.err_x,NaN
5.130962883,1759158515.601962883,/studio/pos_error_xyz.err_x,0.13939502696909778
5.134279601,1759158515.605279601,/studio/pos_error_xyz.err_x,0.13918792710874706
5.137572048,1759158515.608572048,/studio/pos_error_xyz.err_x,NaN
5.14028941,1759158515.611289410,/studio/pos_error_xyz.err_x,NaN
5.140790795,1759158515.611790795,/studio/pos_error_xyz.err_x,0.1390951810587553
5.144252245,1759158515.615252245,/studio/pos_error_xyz.err_x,0.13936565837695047
5.147461179,1759158515.618461179,/studio/pos_error_xyz.err_x,NaN
5.150300187,1759158515.621300187,/studio/pos_error_xyz.err_x,NaN
5.150963295,1759158515.621963295,/studio/pos_error_xyz.err_x,0.13932009694681025
5.154244551,1759158515.625244551,/studio/pos_error_xyz.err_x,0.13917067676812955
5.15746688,1759158515.628466880,/studio/pos_error_xyz.err_x,NaN
5.16033579,1759158515.631335790,/studio/pos_error_xyz.err_x,NaN
5.160892734,1759158515.631892734,/studio/pos_error_xyz.err_x,0.13905582804247918
5.164389553,1759158515.635389553,/studio/pos_error_xyz.err_x,0.1391989001888969
5.167482329,1759158515.638482329,/studio/pos_error_xyz.err_x,NaN
5.170263628,1759158515.641263628,/studio/pos_error_xyz.err_x,NaN
5.170764599,1759158515.641764599,/studio/pos_error_xyz.err_x,0.13910706765688552
5.174166836,1759158515.645166836,/studio/pos_error_xyz.err_x,0.13880270192344812
5.177459938,1759158515.648459938,/studio/pos_error_xyz.err_x,NaN
5.180263148,1759158515.651263148,/studio/pos_error_xyz.err_x,NaN
5.180735363,1759158515.651735363,/studio/pos_error_xyz.err_x,0.13860910842465834
5.184183186,1759158515.655183186,/studio/pos_error_xyz.err_x,0.13844284964673936
5.187471335,1759158515.658471335,/studio/pos_error_xyz.err_x,NaN
5.190309053,1759158515.661309053,/studio/pos_error_xyz.err_x,NaN
5.190704823,1759158515.661704823,/studio/pos_error_xyz.err_x,0.13831772542538667
5.19418675,1759158515.665186750,/studio/pos_error_xyz.err_x,0.13790082025908634
5.1975315890000005,1759158515.668531589,/studio/pos_error_xyz.err_x,NaN
5.200267322,1759158515.671267322,/studio/pos_error_xyz.err_x,NaN
5.20076133,1759158515.671761330,/studio/pos_error_xyz.err_x,0.13769848392514206
5.204189071,1759158515.675189071,/studio/pos_error_xyz.err_x,0.13744688619322298
5.207505216,1759158515.678505216,/studio/pos_error_xyz.err_x,NaN
5.210273708,1759158515.681273708,/studio/pos_error_xyz.err_x,NaN
5.210806173,1759158515.681806173,/studio/pos_error_xyz.err_x,0.13731509971746947
5.214060837,1759158515.685060837,/studio/pos_error_xyz.err_x,0.1368713028446391
5.217553055,1759158515.688553055,/studio/pos_error_xyz.err_x,NaN
5.220270566,1759158515.691270566,/studio/pos_error_xyz.err_x,NaN
5.220713731,1759158515.691713731,/studio/pos_error_xyz.err_x,0.136696019463737
5.224054372,1759158515.695054372,/studio/pos_error_xyz.err_x,0.13647858115954548
5.227460811,1759158515.698460811,/studio/pos_error_xyz.err_x,NaN
5.230298534,1759158515.701298534,/studio/pos_error_xyz.err_x,NaN
5.230791469,1759158515.701791469,/studio/pos_error_xyz.err_x,0.1363899562177131
5.234126359,1759158515.705126359,/studio/pos_error_xyz.err_x,0.1360870167924726
5.237342253,1759158515.708342253,/studio/pos_error_xyz.err_x,NaN
5.240286822,1759158515.711286822,/studio/pos_error_xyz.err_x,NaN
5.24071503,1759158515.711715030,/studio/pos_error_xyz.err_x,0.1359101276055279
5.244163356,1759158515.715163356,/studio/pos_error_xyz.err_x,0.13562395384218284
5.247398585,1759158515.718398585,/studio/pos_error_xyz.err_x,NaN
5.250309687,1759158515.721309687,/studio/pos_error_xyz.err_x,NaN
5.250702969,1759158515.721702969,/studio/pos_error_xyz.err_x,0.13547997907831566
5.253983183,1759158515.724983183,/studio/pos_error_xyz.err_x,0.13497867138002229
5.257304508,1759158515.728304508,/studio/pos_error_xyz.err_x,NaN
5.260262615,1759158515.731262615,/studio/pos_error_xyz.err_x,NaN
5.260763123,1759158515.731763123,/studio/pos_error_xyz.err_x,0.13482144986170708
5.264060215,1759158515.735060215,/studio/pos_error_xyz.err_x,0.13454875857862825
5.267413282,1759158515.738413282,/studio/pos_error_xyz.err_x,NaN
5.270295777,1759158515.741295777,/studio/pos_error_xyz.err_x,NaN
5.2706978620000005,1759158515.741697862,/studio/pos_error_xyz.err_x,0.13446227759559726
5.273978281,1759158515.744978281,/studio/pos_error_xyz.err_x,0.134159741951404
5.277532236,1759158515.748532236,/studio/pos_error_xyz.err_x,NaN
5.280261378,1759158515.751261378,/studio/pos_error_xyz.err_x,NaN
5.280866425,1759158515.751866425,/studio/pos_error_xyz.err_x,0.13403985640147265
5.290265962,1759158515.761265962,/studio/pos_error_xyz.err_x,NaN
5.297647846,1759158515.768647846,/studio/pos_error_xyz.err_x,0.13385169996465618
5.297649598,1759158515.768649598,/studio/pos_error_xyz.err_x,NaN
5.297653441,1759158515.768653441,/studio/pos_error_xyz.err_x,0.1337383976650448
5.297656235,1759158515.768656235,/studio/pos_error_xyz.err_x,0.13356759604685764
5.300305664,1759158515.771305664,/studio/pos_error_xyz.err_x,NaN
5.303780308,1759158515.774780308,/studio/pos_error_xyz.err_x,0.1333967734307644
5.303784613,1759158515.774784613,/studio/pos_error_xyz.err_x,0.13325447185134331
5.304700196,1759158515.775700196,/studio/pos_error_xyz.err_x,0.1332065231675339
5.307312199,1759158515.778312199,/studio/pos_error_xyz.err_x,0.13315132491645687
5.310348622,1759158515.781348622,/studio/pos_error_xyz.err_x,NaN
5.311330772,1759158515.782330772,/studio/pos_error_xyz.err_x,0.13310127986760323
5.313983274,1759158515.784983274,/studio/pos_error_xyz.err_x,0.1329195852641889
5.317332535,1759158515.788332535,/studio/pos_error_xyz.err_x,NaN
5.320301396,1759158515.791301396,/studio/pos_error_xyz.err_x,NaN
5.320639915,1759158515.791639915,/studio/pos_error_xyz.err_x,0.1328435789718707
5.324095503,1759158515.795095503,/studio/pos_error_xyz.err_x,0.1327251736384072
5.327383766,1759158515.798383766,/studio/pos_error_xyz.err_x,NaN
5.330273642,1759158515.801273642,/studio/pos_error_xyz.err_x,NaN
5.330627581,1759158515.801627581,/studio/pos_error_xyz.err_x,0.13268120704172626
5.334033123,1759158515.805033123,/studio/pos_error_xyz.err_x,0.13252029225463824
5.33742026,1759158515.808420260,/studio/pos_error_xyz.err_x,NaN
5.340283414,1759158515.811283414,/studio/pos_error_xyz.err_x,NaN
5.340681844,1759158515.811681844,/studio/pos_error_xyz.err_x,0.1325272638687045
5.343937845,1759158515.814937845,/studio/pos_error_xyz.err_x,0.13267845155798885
5.347304679,1759158515.818304679,/studio/pos_error_xyz.err_x,NaN
5.350302339,1759158515.821302339,/studio/pos_error_xyz.err_x,NaN
5.350743168,1759158515.821743168,/studio/pos_error_xyz.err_x,0.13267773049440823
5.353947657,1759158515.824947657,/studio/pos_error_xyz.err_x,0.13267506821225794
5.357250875,1759158515.828250875,/studio/pos_error_xyz.err_x,NaN
5.360262794,1759158515.831262794,/studio/pos_error_xyz.err_x,NaN
5.360536931,1759158515.831536931,/studio/pos_error_xyz.err_x,0.13267659866800208
5.363993386,1759158515.834993386,/studio/pos_error_xyz.err_x,0.1327783485126217
5.367341818,1759158515.838341818,/studio/pos_error_xyz.err_x,NaN
5.370265323,1759158515.841265323,/studio/pos_error_xyz.err_x,NaN
5.370848448,1759158515.841848448,/studio/pos_error_xyz.err_x,0.1328332444660465
5.374000464,1759158515.845000464,/studio/pos_error_xyz.err_x,0.13303621107626062
5.377263799,1759158515.848263799,/studio/pos_error_xyz.err_x,NaN
5.380291957,1759158515.851291957,/studio/pos_error_xyz.err_x,NaN
5.380653626,1759158515.851653626,/studio/pos_error_xyz.err_x,0.13310092218817737
5.384789596,1759158515.855789596,/studio/pos_error_xyz.err_x,0.13341254729755136
5.387200652,1759158515.858200652,/studio/pos_error_xyz.err_x,NaN
5.390264285,1759158515.861264285,/studio/pos_error_xyz.err_x,NaN
5.390671023,1759158515.861671023,/studio/pos_error_xyz.err_x,0.13348458060046275
5.393854528,1759158515.864854528,/studio/pos_error_xyz.err_x,0.1337541296189959
5.397225963,1759158515.868225963,/studio/pos_error_xyz.err_x,NaN
5.400272488,1759158515.871272488,/studio/pos_error_xyz.err_x,NaN
5.400805917,1759158515.871805917,/studio/pos_error_xyz.err_x,0.13383108460431936
5.40391087,1759158515.874910870,/studio/pos_error_xyz.err_x,0.13416955724473523
5.407450929,1759158515.878450929,/studio/pos_error_xyz.err_x,NaN
5.410267022,1759158515.881267022,/studio/pos_error_xyz.err_x,NaN
5.410502215,1759158515.881502215,/studio/pos_error_xyz.err_x,0.13429420313051188
5.41393994,1759158515.884939940,/studio/pos_error_xyz.err_x,0.13476899525590524
5.417229184,1759158515.888229184,/studio/pos_error_xyz.err_x,NaN
5.420299179,1759158515.891299179,/studio/pos_error_xyz.err_x,NaN
5.420508791,1759158515.891508791,/studio/pos_error_xyz.err_x,0.13487703782386795
5.424310565,1759158515.895310565,/studio/pos_error_xyz.err_x,0.13532289407018783
5.427288846,1759158515.898288846,/studio/pos_error_xyz.err_x,NaN
5.430295532,1759158515.901295532,/studio/pos_error_xyz.err_x,NaN
5.430615877,1759158515.901615877,/studio/pos_error_xyz.err_x,0.1354481522492319
5.434090173,1759158515.905090173,/studio/pos_error_xyz.err_x,0.1359383196973145
5.437254195,1759158515.908254195,/studio/pos_error_xyz.err_x,NaN
5.440288133,1759158515.911288133,/studio/pos_error_xyz.err_x,NaN
5.440630531,1759158515.911630531,/studio/pos_error_xyz.err_x,0.1360984469062516
5.443800446,1759158515.914800446,/studio/pos_error_xyz.err_x,0.13674344577068664
5.447147582,1759158515.918147582,/studio/pos_error_xyz.err_x,NaN
5.450286467,1759158515.921286467,/studio/pos_error_xyz.err_x,NaN
5.450679996,1759158515.921679996,/studio/pos_error_xyz.err_x,0.13692068286456194
5.453953812,1759158515.924953812,/studio/pos_error_xyz.err_x,0.13761357751607206
5.457177596,1759158515.928177596,/studio/pos_error_xyz.err_x,NaN
5.460278066,1759158515.931278066,/studio/pos_error_xyz.err_x,NaN
5.460481463,1759158515.931481463,/studio/pos_error_xyz.err_x,0.13779459066698174
5.463809422,1759158515.934809422,/studio/pos_error_xyz.err_x,0.1385135852448911
5.46728545,1759158515.938285450,/studio/pos_error_xyz.err_x,NaN
5.470291459,1759158515.941291459,/studio/pos_error_xyz.err_x,NaN
5.470664831,1759158515.941664831,/studio/pos_error_xyz.err_x,0.13870317856654424
5.473977868,1759158515.944977868,/studio/pos_error_xyz.err_x,0.13945073681156184
5.477212981,1759158515.948212981,/studio/pos_error_xyz.err_x,NaN
5.480292275,1759158515.951292275,/studio/pos_error_xyz.err_x,NaN
5.480487784,1759158515.951487784,/studio/pos_error_xyz.err_x,0.1396740294164458
5.483818403,1759158515.954818403,/studio/pos_error_xyz.err_x,0.14057283514004304
5.487961799,1759158515.958961799,/studio/pos_error_xyz.err_x,NaN
5.490263892,1759158515.961263892,/studio/pos_error_xyz.err_x,NaN
5.500320874,1759158515.971320874,/studio/pos_error_xyz.err_x,NaN
5.504669669,1759158515.975669669,/studio/pos_error_xyz.err_x,0.14077339369494668
5.504674073,1759158515.975674073,/studio/pos_error_xyz.err_x,0.14110579310114058
5.5046757070000005,1759158515.975675707,/studio/pos_error_xyz.err_x,0.1414380648166882
5.504677835,1759158515.975677835,/studio/pos_error_xyz.err_x,0.1418025766866151
5.50803937,1759158515.979039370,/studio/pos_error_xyz.err_x,0.14218944187651772
5.5080438780000005,1759158515.979043878,/studio/pos_error_xyz.err_x,0.14257637758958452
5.510272363,1759158515.981272363,/studio/pos_error_xyz.err_x,NaN
5.510578789,1759158515.981578789,/studio/pos_error_xyz.err_x,0.1429582361725823
5.5138349,1759158515.984834900,/studio/pos_error_xyz.err_x,0.14386965829509712
5.517127009,1759158515.988127009,/studio/pos_error_xyz.err_x,NaN
5.520289327,1759158515.991289327,/studio/pos_error_xyz.err_x,NaN
5.520914723,1759158515.991914723,/studio/pos_error_xyz.err_x,0.14412555224441337
5.524000292,1759158515.995000292,/studio/pos_error_xyz.err_x,0.14516154777401624
5.527445223,1759158515.998445223,/studio/pos_error_xyz.err_x,NaN
5.530275598,1759158516.001275598,/studio/pos_error_xyz.err_x,NaN
5.53058414,1759158516.001584140,/studio/pos_error_xyz.err_x,0.14540811281035615
5.533796458,1759158516.004796458,/studio/pos_error_xyz.err_x,0.1464135292363098
5.5371243020000005,1759158516.008124302,/studio/pos_error_xyz.err_x,NaN
5.54032541,1759158516.011325410,/studio/pos_error_xyz.err_x,NaN
5.540494961,1759158516.011494961,/studio/pos_error_xyz.err_x,0.1466703494974293
5.54382306,1759158516.014823060,/studio/pos_error_xyz.err_x,0.14772913212387673
5.547100065,1759158516.018100065,/studio/pos_error_xyz.err_x,NaN
5.550318222,1759158516.021318222,/studio/pos_error_xyz.err_x,NaN
5.55042155,1759158516.021421550,/studio/pos_error_xyz.err_x,0.1479749029508255
5.5537192,1759158516.024719200,/studio/pos_error_xyz.err_x,0.14900286385933326
5.557154764,1759158516.028154764,/studio/pos_error_xyz.err_x,NaN
5.5602804720000005,1759158516.031280472,/studio/pos_error_xyz.err_x,NaN
5.560472878,1759158516.031472878,/studio/pos_error_xyz.err_x,0.1492580207853651
5.5638594040000005,1759158516.034859404,/studio/pos_error_xyz.err_x,0.15032011191169148
5.5671040430000005,1759158516.038104043,/studio/pos_error_xyz.err_x,NaN
5.570286629,1759158516.041286629,/studio/pos_error_xyz.err_x,NaN
5.570430722,1759158516.041430722,/studio/pos_error_xyz.err_x,0.1505849979857512
5.573867647,1759158516.044867647,/studio/pos_error_xyz.err_x,0.15169499509806106
5.577171014,1759158516.048171014,/studio/pos_error_xyz.err_x,NaN
5.580284503,1759158516.051284503,/studio/pos_error_xyz.err_x,NaN
5.580348533,1759158516.051348533,/studio/pos_error_xyz.err_x,0.15194989278022009
5.583727076,1759158516.054727076,/studio/pos_error_xyz.err_x,0.1530293266727656
5.587011866,1759158516.058011866,/studio/pos_error_xyz.err_x,NaN
5.590308428,1759158516.061308428,/studio/pos_error_xyz.err_x,NaN
5.59059919,1759158516.061599190,/studio/pos_error_xyz.err_x,0.15331377634827104
5.594071231,1759158516.065071231,/studio/pos_error_xyz.err_x,0.15452015898520233
5.597120913,1759158516.068120913,/studio/pos_error_xyz.err_x,NaN
5.600290591,1759158516.071290591,/studio/pos_error_xyz.err_x,NaN
5.600406408,1759158516.071406408,/studio/pos_error_xyz.err_x,0.1547812273188971
5.604134964,1759158516.075134964,/studio/pos_error_xyz.err_x,0.15589401218729337
5.607121785,1759158516.078121785,/studio/pos_error_xyz.err_x,NaN
5.610291573,1759158516.081291573,/studio/pos_error_xyz.err_x,NaN
5.610424333,1759158516.081424333,/studio/pos_error_xyz.err_x,0.15615169957691943
5.613656976,1759158516.084656976,/studio/pos_error_xyz.err_x,0.15725918923680915
5.617034965,1759158516.088034965,/studio/pos_error_xyz.err_x,NaN
5.620275727,1759158516.091275727,/studio/pos_error_xyz.err_x,NaN
5.620286904,1759158516.091286904,/studio/pos_error_xyz.err_x,0.1574832614558237
5.623750297,1759158516.094750297,/studio/pos_error_xyz.err_x,0.15845263262983744
5.627054343,1759158516.098054343,/studio/pos_error_xyz.err_x,NaN
5.6302993820000005,1759158516.101299382,/studio/pos_error_xyz.err_x,NaN
5.630378116,1759158516.101378116,/studio/pos_error_xyz.err_x,0.15869738127598843
5.633713352,1759158516.104713352,/studio/pos_error_xyz.err_x,0.15976595332687848
5.63701066,1759158516.108010660,/studio/pos_error_xyz.err_x,NaN
5.640330743,1759158516.111330743,/studio/pos_error_xyz.err_x,NaN
5.640389392,1759158516.111389392,/studio/pos_error_xyz.err_x,0.15999400869918778
5.643768985,1759158516.114768985,/studio/pos_error_xyz.err_x,0.16099276639695215
5.647129471,1759158516.118129471,/studio/pos_error_xyz.err_x,NaN
5.650285771,1759158516.121285771,/studio/pos_error_xyz.err_x,NaN
5.650428046,1759158516.121428046,/studio/pos_error_xyz.err_x,0.1611953031558806
5.653567344,1759158516.124567344,/studio/pos_error_xyz.err_x,0.16209600368668742
5.657097286,1759158516.128097286,/studio/pos_error_xyz.err_x,NaN
5.660270032,1759158516.131270032,/studio/pos_error_xyz.err_x,NaN
5.66029259,1759158516.131292590,/studio/pos_error_xyz.err_x,0.1622995493431043
5.663621165,1759158516.134621165,/studio/pos_error_xyz.err_x,0.1632052820798613
5.666909811,1759158516.137909811,/studio/pos_error_xyz.err_x,NaN
5.67021657,1759158516.141216570,/studio/pos_error_xyz.err_x,NaN
5.670271289,1759158516.141271289,/studio/pos_error_xyz.err_x,0.1633987854226584
5.673815341,1759158516.144815341,/studio/pos_error_xyz.err_x,0.16426565433367646
5.676970544,1759158516.147970544,/studio/pos_error_xyz.err_x,NaN
5.680262777,1759158516.151262777,/studio/pos_error_xyz.err_x,NaN
5.680388873,1759158516.151388873,/studio/pos_error_xyz.err_x,0.1644474194350396
5.683571343,1759158516.154571343,/studio/pos_error_xyz.err_x,0.16526543221658385
5.686957829,1759158516.157957829,/studio/pos_error_xyz.err_x,NaN
5.690275451,1759158516.161275451,/studio/pos_error_xyz.err_x,NaN
5.69040637,1759158516.161406370,/studio/pos_error_xyz.err_x,0.16541114981863703
5.700341749,1759158516.171341749,/studio/pos_error_xyz.err_x,NaN
5.706849996,1759158516.177849996,/studio/pos_error_xyz.err_x,0.1656794202166283
5.70685604,1759158516.177856040,/studio/pos_error_xyz.err_x,0.16594773185209521
5.706861628,1759158516.177861628,/studio/pos_error_xyz.err_x,0.16623188569193736
5.706866769,1759158516.177866769,/studio/pos_error_xyz.err_x,0.16653009076199687
5.710271358,1759158516.181271358,/studio/pos_error_xyz.err_x,NaN
5.71288141,1759158516.183881410,/studio/pos_error_xyz.err_x,0.1668282041683138
5.7128839750000004,1759158516.183883975,/studio/pos_error_xyz.err_x,0.1670944889553596
5.713962012,1759158516.184962012,/studio/pos_error_xyz.err_x,0.16768143378011913
5.716953253,1759158516.187953253,/studio/pos_error_xyz.err_x,NaN
5.72030296,1759158516.191302960,/studio/pos_error_xyz.err_x,NaN
5.72033277,1759158516.191332770,/studio/pos_error_xyz.err_x,0.1677899240119236
5.723489352,1759158516.194489352,/studio/pos_error_xyz.err_x,0.1682935493914044
5.72704799,1759158516.198047990,/studio/pos_error_xyz.err_x,NaN
5.730331873,1759158516.201331873,/studio/pos_error_xyz.err_x,NaN
5.730410348,1759158516.201410348,/studio/pos_error_xyz.err_x,0.16837908419011538
5.73358944,1759158516.204589440,/studio/pos_error_xyz.err_x,0.16878406553474745
5.7372392,1759158516.208239200,/studio/pos_error_xyz.err_x,NaN
5.74028351,1759158516.211283510,/studio/pos_error_xyz.err_x,NaN
5.740592607,1759158516.211592607,/studio/pos_error_xyz.err_x,-0.000032478418182435576
5.7435819200000005,1759158516.214581920,/studio/pos_error_xyz.err_x,0.0003710733284179035
5.746852419,1759158516.217852419,/studio/pos_error_xyz.err_x,NaN
5.750218796,1759158516.221218796,/studio/pos_error_xyz.err_x,NaN
5.750283681,1759158516.221283681,/studio/pos_error_xyz.err_x,0.0004306544637224796
5.753507095,1759158516.224507095,/studio/pos_error_xyz.err_x,0.0007128661523498891
5.756932928,1759158516.227932928,/studio/pos_error_xyz.err_x,NaN
5.7602691010000004,1759158516.231269101,/studio/pos_error_xyz.err_x,NaN
5.760291377,1759158516.231291377,/studio/pos_error_xyz.err_x,0.0007522447157450873
5.763562108,1759158516.234562108,/studio/pos_error_xyz.err_x,0.0009394674577860584
5.766892018,1759158516.237892018,/studio/pos_error_xyz.err_x,NaN
5.770172445,1759158516.241172445,/studio/pos_error_xyz.err_x,NaN
5.770311813,1759158516.241311813,/studio/pos_error_xyz.err_x,0.000960116894547447
5.773604361,1759158516.244604361,/studio/pos_error_xyz.err_x,0.0010589724031184744
5.776914726,1759158516.247914726,/studio/pos_error_xyz.err_x,NaN
5.780192177,1759158516.251192177,/studio/pos_error_xyz.err_x,NaN
5.780274126,1759158516.251274126,/studio/pos_error_xyz.err_x,0.0010646782969172541
5.783556752,1759158516.254556752,/studio/pos_error_xyz.err_x,0.0010922007934470734
5.786908112,1759158516.257908112,/studio/pos_error_xyz.err_x,NaN
5.790186896,1759158516.261186896,/studio/pos_error_xyz.err_x,NaN
5.7902631200000005,1759158516.261263120,/studio/pos_error_xyz.err_x,0.001077449407712594
5.79439786,1759158516.265397860,/studio/pos_error_xyz.err_x,0.0010056950699257605
5.796935151,1759158516.267935151,/studio/pos_error_xyz.err_x,NaN
5.800156626,1759158516.271156626,/studio/pos_error_xyz.err_x,NaN
5.800263054,1759158516.271263054,/studio/pos_error_xyz.err_x,0.0009795842468836025
5.80359066,1759158516.274590660,/studio/pos_error_xyz.err_x,0.0008524087638703826
5.807167842,1759158516.278167842,/studio/pos_error_xyz.err_x,NaN
5.810232269,1759158516.281232269,/studio/pos_error_xyz.err_x,NaN
5.810283954,1759158516.281283954,/studio/pos_error_xyz.err_x,0.0008170189191742949
5.813676075,1759158516.284676075,/studio/pos_error_xyz.err_x,0.0006428901590744829
5.816843714,1759158516.287843714,/studio/pos_error_xyz.err_x,NaN
5.82011675,1759158516.291116750,/studio/pos_error_xyz.err_x,NaN
5.820320369,1759158516.291320369,/studio/pos_error_xyz.err_x,0.0005886697093737681
5.823459388,1759158516.294459388,/studio/pos_error_xyz.err_x,0.00031912632989361533
5.826963471,1759158516.297963471,/studio/pos_error_xyz.err_x,NaN
5.830250467,1759158516.301250467,/studio/pos_error_xyz.err_x,NaN
5.830276854,1759158516.301276854,/studio/pos_error_xyz.err_x,0.00024832460485990637
5.833560163,1759158516.304560163,/studio/pos_error_xyz.err_x,-0.00010559705365764671
5.836966854,1759158516.307966854,/studio/pos_error_xyz.err_x,NaN
5.8400805590000004,1759158516.311080559,/studio/pos_error_xyz.err_x,NaN
5.840284669,1759158516.311284669,/studio/pos_error_xyz.err_x,-0.00018805802464583188
5.843810013,1759158516.314810013,/studio/pos_error_xyz.err_x,-0.0006017342662310021
5.847001169,1759158516.318001169,/studio/pos_error_xyz.err_x,NaN
5.85011168,1759158516.321111680,/studio/pos_error_xyz.err_x,NaN
5.850291938,1759158516.321291938,/studio/pos_error_xyz.err_x,-0.0006987268127149893
5.853490683,1759158516.324490683,/studio/pos_error_xyz.err_x,-0.0011918024730885879
5.856780994,1759158516.327780994,/studio/pos_error_xyz.err_x,NaN
5.860183598,1759158516.331183598,/studio/pos_error_xyz.err_x,NaN
5.860306273,1759158516.331306273,/studio/pos_error_xyz.err_x,-0.0013153674271924043
5.863445424,1759158516.334445424,/studio/pos_error_xyz.err_x,-0.001947793925818786
5.866829311,1759158516.337829311,/studio/pos_error_xyz.err_x,NaN
5.870156456,1759158516.341156456,/studio/pos_error_xyz.err_x,NaN
5.87033018,1759158516.341330180,/studio/pos_error_xyz.err_x,-0.0020554005221553595
5.873398994,1759158516.344398994,/studio/pos_error_xyz.err_x,-0.0026217984225385127
5.876833015,1759158516.347833015,/studio/pos_error_xyz.err_x,NaN
5.880157082,1759158516.351157082,/studio/pos_error_xyz.err_x,NaN
5.880280626,1759158516.351280626,/studio/pos_error_xyz.err_x,-0.002751638970871051
5.883499562,1759158516.354499562,/studio/pos_error_xyz.err_x,-0.00342460781195153
5.886832518,1759158516.357832518,/studio/pos_error_xyz.err_x,NaN
5.890104564,1759158516.361104564,/studio/pos_error_xyz.err_x,NaN
5.890337318,1759158516.361337318,/studio/pos_error_xyz.err_x,-0.0035650729803868852
5.89352932,1759158516.364529320,/studio/pos_error_xyz.err_x,-0.004300210660567849
5.897408695,1759158516.368408695,/studio/pos_error_xyz.err_x,NaN
5.900311106,1759158516.371311106,/studio/pos_error_xyz.err_x,NaN
5.910304675,1759158516.381304675,/studio/pos_error_xyz.err_x,NaN
5.9138958210000006,1759158516.384895821,/studio/pos_error_xyz.err_x,-0.0044426179870580285
5.913898732,1759158516.384898732,/studio/pos_error_xyz.err_x,-0.004739414025680677
5.913900756,1759158516.384900756,/studio/pos_error_xyz.err_x,-0.0050364839245466975
5.913903535,1759158516.384903535,/studio/pos_error_xyz.err_x,-0.005332483961514312
5.917170548,1759158516.388170548,/studio/pos_error_xyz.err_x,-0.005626817378168836
5.917172962,1759158516.388172962,/studio/pos_error_xyz.err_x,-0.005921422633582418
5.920169537,1759158516.391169537,/studio/pos_error_xyz.err_x,-0.0060799046302664195
5.920270879,1759158516.391270879,/studio/pos_error_xyz.err_x,-0.006240802989810446
5.923442755,1759158516.394442755,/studio/pos_error_xyz.err_x,-0.007120797773132459
5.926767245,1759158516.397767245,/studio/pos_error_xyz.err_x,NaN
5.930228906,1759158516.401228906,/studio/pos_error_xyz.err_x,NaN
5.930279921,1759158516.401279921,/studio/pos_error_xyz.err_x,-0.0072723385555812925
5.933579197,1759158516.404579197,/studio/pos_error_xyz.err_x,-0.008089155527994496
5.936855819,1759158516.407855819,/studio/pos_error_xyz.err_x,NaN
5.940126467,1759158516.411126467,/studio/pos_error_xyz.err_x,NaN
5.940281746,1759158516.411281746,/studio/pos_error_xyz.err_x,-0.008255508066543182
5.943428521,1759158516.414428521,/studio/pos_error_xyz.err_x,-0.009156279492049002
5.946822616,1759158516.417822616,/studio/pos_error_xyz.err_x,NaN
5.950282915,1759158516.421282915,/studio/pos_error_xyz.err_x,NaN
5.950659159,1759158516.421659159,/studio/pos_error_xyz.err_x,-0.009321795262461574
5.953503255,1759158516.424503255,/studio/pos_error_xyz.err_x,-0.010224742902837924
5.956785249,1759158516.427785249,/studio/pos_error_xyz.err_x,NaN
5.960082384,1759158516.431082384,/studio/pos_error_xyz.err_x,NaN
5.96027519,1759158516.431275190,/studio/pos_error_xyz.err_x,-0.010383380920129248
5.963279251,1759158516.434279251,/studio/pos_error_xyz.err_x,-0.011255837223878684
5.966852391,1759158516.437852391,/studio/pos_error_xyz.err_x,NaN
5.97023208,1759158516.441232080,/studio/pos_error_xyz.err_x,NaN
5.970271405,1759158516.441271405,/studio/pos_error_xyz.err_x,-0.01141293857071779
5.9735433790000005,1759158516.444543379,/studio/pos_error_xyz.err_x,-0.012280274387073131
5.977375853,1759158516.448375853,/studio/pos_error_xyz.err_x,NaN
5.980198553,1759158516.451198553,/studio/pos_error_xyz.err_x,NaN
5.98026266,1759158516.451262660,/studio/pos_error_xyz.err_x,-0.012455482477766067
5.983526447,1759158516.454526447,/studio/pos_error_xyz.err_x,-0.013429175928217019
5.986712245,1759158516.457712245,/studio/pos_error_xyz.err_x,NaN
5.990050056,1759158516.461050056,/studio/pos_error_xyz.err_x,NaN
5.99026445,1759158516.461264450,/studio/pos_error_xyz.err_x,-0.013588891954154914
5.993876831,1759158516.464876831,/studio/pos_error_xyz.err_x,-0.014486962873823561
5.996802625,1759158516.467802625,/studio/pos_error_xyz.err_x,NaN
6.000180411,1759158516.471180411,/studio/pos_error_xyz.err_x,NaN
6.000272186,1759158516.471272186,/studio/pos_error_xyz.err_x,-0.014647922206951103
6.003458484,1759158516.474458484,/studio/pos_error_xyz.err_x,-0.015557468445407396
6.006854677,1759158516.477854677,/studio/pos_error_xyz.err_x,NaN
6.010257963,1759158516.481257963,/studio/pos_error_xyz.err_x,NaN
6.010279378,1759158516.481279378,/studio/pos_error_xyz.err_x,-0.015716438548286416
6.014165638,1759158516.485165638,/studio/pos_error_xyz.err_x,-0.01662346631714362
6.016806696,1759158516.487806696,/studio/pos_error_xyz.err_x,NaN
6.020064704,1759158516.491064704,/studio/pos_error_xyz.err_x,NaN
6.020269195,1759158516.491269195,/studio/pos_error_xyz.err_x,-0.01678037776155894
6.023537969,1759158516.494537969,/studio/pos_error_xyz.err_x,-0.017679462768301235
6.026688374,1759158516.497688374,/studio/pos_error_xyz.err_x,NaN
6.030304488,1759158516.501304488,/studio/pos_error_xyz.err_x,NaN
6.030499297,1759158516.501499297,/studio/pos_error_xyz.err_x,-0.017830485926430883
6.033748901,1759158516.504748901,/studio/pos_error_xyz.err_x,-0.01870693387431377
6.036689048,1759158516.507689048,/studio/pos_error_xyz.err_x,NaN
6.040086478,1759158516.511086478,/studio/pos_error_xyz.err_x,NaN
6.040298266,1759158516.511298266,/studio/pos_error_xyz.err_x,-0.018852331327993577
6.043242849,1759158516.514242849,/studio/pos_error_xyz.err_x,-0.01972286501560805
6.046674139,1759158516.517674139,/studio/pos_error_xyz.err_x,NaN
6.050311712,1759158516.521311712,/studio/pos_error_xyz.err_x,NaN
6.050404375,1759158516.521404375,/studio/pos_error_xyz.err_x,-0.019873463271010028
6.053775168,1759158516.524775168,/studio/pos_error_xyz.err_x,-0.020770420168483072
6.056835288,1759158516.527835288,/studio/pos_error_xyz.err_x,NaN
6.060149345,1759158516.531149345,/studio/pos_error_xyz.err_x,NaN
6.060266039,1759158516.531266039,/studio/pos_error_xyz.err_x,-0.020904322444717183
6.063275477,1759158516.534275477,/studio/pos_error_xyz.err_x,-0.02172008204814513
6.066894425,1759158516.537894425,/studio/pos_error_xyz.err_x,NaN
6.069952734,1759158516.540952734,/studio/pos_error_xyz.err_x,NaN
6.070298739,1759158516.541298739,/studio/pos_error_xyz.err_x,-0.021854577859624857
6.073319571,1759158516.544319571,/studio/pos_error_xyz.err_x,-0.02266635787508897
6.077334076,1759158516.548334076,/studio/pos_error_xyz.err_x,NaN
6.080266053,1759158516.551266053,/studio/pos_error_xyz.err_x,NaN
6.080707126,1759158516.551707126,/studio/pos_error_xyz.err_x,-0.022796778806621898
6.083358956,1759158516.554358956,/studio/pos_error_xyz.err_x,-0.023601276540792915
6.086881847,1759158516.557881847,/studio/pos_error_xyz.err_x,NaN
6.089911221,1759158516.560911221,/studio/pos_error_xyz.err_x,NaN
6.090267604,1759158516.561267604,/studio/pos_error_xyz.err_x,-0.023727621344903582
6.093214015,1759158516.564214015,/studio/pos_error_xyz.err_x,-0.02449747829376614
6.096533486,1759158516.567533486,/studio/pos_error_xyz.err_x,NaN
6.100001291,1759158516.571001291,/studio/pos_error_xyz.err_x,NaN
6.100309289,1759158516.571309289,/studio/pos_error_xyz.err_x,-0.024609175877209122
6.110314691,1759158516.581314691,/studio/pos_error_xyz.err_x,NaN
6.1165863,1759158516.587586300,/studio/pos_error_xyz.err_x,-0.024875500547256957
6.116593019,1759158516.587593019,/studio/pos_error_xyz.err_x,-0.025141497785714062
6.116597183,1759158516.587597183,/studio/pos_error_xyz.err_x,-0.02542535009932756
6.116600131,1759158516.587600131,/studio/pos_error_xyz.err_x,-0.025735080881840844
6.120322734,1759158516.591322734,/studio/pos_error_xyz.err_x,NaN
6.122608014,1759158516.593608014,/studio/pos_error_xyz.err_x,-0.026044764053750447
6.122610945,1759158516.593610945,/studio/pos_error_xyz.err_x,-0.02634012768140548
6.124272759,1759158516.595272759,/studio/pos_error_xyz.err_x,-0.02666264161043408
6.126782695,1759158516.597782695,/studio/pos_error_xyz.err_x,-0.027053127531432297
6.129813839,1759158516.600813839,/studio/pos_error_xyz.err_x,NaN
6.130289609,1759158516.601289609,/studio/pos_error_xyz.err_x,-0.027159004021389377
6.133686017,1759158516.604686017,/studio/pos_error_xyz.err_x,-0.027845543389793503
6.136607256,1759158516.607607256,/studio/pos_error_xyz.err_x,NaN
6.139950241,1759158516.610950241,/studio/pos_error_xyz.err_x,NaN
6.140353464,1759158516.611353464,/studio/pos_error_xyz.err_x,-0.0279441522112438
6.143252718,1759158516.614252718,/studio/pos_error_xyz.err_x,-0.028577111466250305
6.14660916,1759158516.617609160,/studio/pos_error_xyz.err_x,NaN
6.150267285,1759158516.621267285,/studio/pos_error_xyz.err_x,NaN
6.150309908,1759158516.621309908,/studio/pos_error_xyz.err_x,-0.028670417745655152
6.153288681,1759158516.624288681,/studio/pos_error_xyz.err_x,-0.02928927919804547
6.156612759,1759158516.627612759,/studio/pos_error_xyz.err_x,NaN
6.159937383,1759158516.630937383,/studio/pos_error_xyz.err_x,NaN
6.160267438,1759158516.631267438,/studio/pos_error_xyz.err_x,-0.029389226600444962
6.163221388,1759158516.634221388,/studio/pos_error_xyz.err_x,-0.03003675105045378
6.166673383,1759158516.637673383,/studio/pos_error_xyz.err_x,NaN
6.169995107,1759158516.640995107,/studio/pos_error_xyz.err_x,NaN
6.170266065,1759158516.641266065,/studio/pos_error_xyz.err_x,-0.030115485732046476
6.173130074,1759158516.644130074,/studio/pos_error_xyz.err_x,-0.03062805592701867
6.176449245,1759158516.647449245,/studio/pos_error_xyz.err_x,NaN
6.17975377,1759158516.650753770,/studio/pos_error_xyz.err_x,NaN
6.180261918,1759158516.651261918,/studio/pos_error_xyz.err_x,-0.03071235419009377
6.183056729,1759158516.654056729,/studio/pos_error_xyz.err_x,-0.0312681492688176
6.186646704,1759158516.657646704,/studio/pos_error_xyz.err_x,NaN
6.189968464,1759158516.660968464,/studio/pos_error_xyz.err_x,NaN
6.190268414,1759158516.661268414,/studio/pos_error_xyz.err_x,-0.03135733773723026
6.193213731,1759158516.664213731,/studio/pos_error_xyz.err_x,-0.03194752895305997
6.196573611,1759158516.667573611,/studio/pos_error_xyz.err_x,NaN
6.199737095,1759158516.670737095,/studio/pos_error_xyz.err_x,NaN
6.200270987,1759158516.671270987,/studio/pos_error_xyz.err_x,-0.03202092617732033
6.203777655,1759158516.674777655,/studio/pos_error_xyz.err_x,-0.03251510024109705
6.206675967,1759158516.677675967,/studio/pos_error_xyz.err_x,NaN
6.209745252,1759158516.680745252,/studio/pos_error_xyz.err_x,NaN
6.210289836,1759158516.681289836,/studio/pos_error_xyz.err_x,-0.03257901023493881
6.213163527,1759158516.684163527,/studio/pos_error_xyz.err_x,-0.03301340010113152
6.216351335,1759158516.687351335,/studio/pos_error_xyz.err_x,NaN
6.219869677,1759158516.690869677,/studio/pos_error_xyz.err_x,NaN
6.220304538,1759158516.691304538,/studio/pos_error_xyz.err_x,-0.033083654075692026
6.223482313,1759158516.694482313,/studio/pos_error_xyz.err_x,-0.03357546066075723
6.226592833,1759158516.697592833,/studio/pos_error_xyz.err_x,NaN
6.229748739,1759158516.700748739,/studio/pos_error_xyz.err_x,NaN
6.230283294,1759158516.701283294,/studio/pos_error_xyz.err_x,-0.033638055977253556
6.233055154,1759158516.704055154,/studio/pos_error_xyz.err_x,-0.03407961441955165
6.236433825,1759158516.707433825,/studio/pos_error_xyz.err_x,NaN
6.239755311,1759158516.710755311,/studio/pos_error_xyz.err_x,NaN
6.240272954,1759158516.711272954,/studio/pos_error_xyz.err_x,-0.03412947318211068
6.243178159,1759158516.714178159,/studio/pos_error_xyz.err_x,-0.034474352355102766
6.246632301,1759158516.717632301,/studio/pos_error_xyz.err_x,NaN
6.24979631,1759158516.720796310,/studio/pos_error_xyz.err_x,NaN
6.250307545,1759158516.721307545,/studio/pos_error_xyz.err_x,-0.03453014763800666
6.253257006,1759158516.724257006,/studio/pos_error_xyz.err_x,-0.03492084007788243
6.256437187,1759158516.727437187,/studio/pos_error_xyz.err_x,NaN
6.259783358,1759158516.730783358,/studio/pos_error_xyz.err_x,NaN
6.260300516,1759158516.731300516,/studio/pos_error_xyz.err_x,-0.03497243291404084
6.262987353,1759158516.733987353,/studio/pos_error_xyz.err_x,-0.03534292387716231
6.266426069,1759158516.737426069,/studio/pos_error_xyz.err_x,NaN
6.269861014,1759158516.740861014,/studio/pos_error_xyz.err_x,NaN
6.270345557,1759158516.741345557,/studio/pos_error_xyz.err_x,-0.03538762485419533
6.273150409,1759158516.744150409,/studio/pos_error_xyz.err_x,-0.03570716851971101
6.276522993,1759158516.747522993,/studio/pos_error_xyz.err_x,NaN
6.279925609,1759158516.750925609,/studio/pos_error_xyz.err_x,NaN
6.280298461,1759158516.751298461,/studio/pos_error_xyz.err_x,-0.03574899643478524
6.283033978,1759158516.754033978,/studio/pos_error_xyz.err_x,-0.03605705325592612
6.286445452,1759158516.757445452,/studio/pos_error_xyz.err_x,NaN
6.289690814,1759158516.760690814,/studio/pos_error_xyz.err_x,NaN
6.290273465,1759158516.761273465,/studio/pos_error_xyz.err_x,-0.036085510600738724
6.293064623,1759158516.764064623,/studio/pos_error_xyz.err_x,-0.03629900282077414
6.296376154,1759158516.767376154,/studio/pos_error_xyz.err_x,NaN
6.299676676,1759158516.770676676,/studio/pos_error_xyz.err_x,NaN
6.30032303,1759158516.771323030,/studio/pos_error_xyz.err_x,-0.03633415445630073
6.3030779,1759158516.774077900,/studio/pos_error_xyz.err_x,-0.036594392625918015
6.306995959,1759158516.777995959,/studio/pos_error_xyz.err_x,NaN
6.310301391,1759158516.781301391,/studio/pos_error_xyz.err_x,NaN
6.3203262030000005,1759158516.791326203,/studio/pos_error_xyz.err_x,NaN
6.325159973,1759158516.796159973,/studio/pos_error_xyz.err_x,-0.03662894469414435
6.32516184,1759158516.796161840,/studio/pos_error_xyz.err_x,-0.03672890355848568
6.325165692,1759158516.796165692,/studio/pos_error_xyz.err_x,-0.03682893160383105
6.325170762,1759158516.796170762,/studio/pos_error_xyz.err_x,-0.036918806228918744
6.326321032,1759158516.797321032,/studio/pos_error_xyz.err_x,-0.03698931313312159
6.326322935,1759158516.797322935,/studio/pos_error_xyz.err_x,-0.03705976584293236
6.329665522,1759158516.800665522,/studio/pos_error_xyz.err_x,-0.037106438053462254
6.33029978,1759158516.801299780,/studio/pos_error_xyz.err_x,-0.037130793095925485
6.33291142,1759158516.803911420,/studio/pos_error_xyz.err_x,-0.03732226954062434
6.33633916,1759158516.807339160,/studio/pos_error_xyz.err_x,NaN
6.339596767,1759158516.810596767,/studio/pos_error_xyz.err_x,NaN
6.340276373,1759158516.811276373,/studio/pos_error_xyz.err_x,-0.03734348233611717
6.343033585,1759158516.814033585,/studio/pos_error_xyz.err_x,-0.03750949551823579
6.346419912,1759158516.817419912,/studio/pos_error_xyz.err_x,NaN
6.349673246,1759158516.820673246,/studio/pos_error_xyz.err_x,NaN
6.350322528,1759158516.821322528,/studio/pos_error_xyz.err_x,-0.03751312878864943
6.352941596,1759158516.823941596,/studio/pos_error_xyz.err_x,-0.03754135600418862
6.356290171,1759158516.827290171,/studio/pos_error_xyz.err_x,NaN
6.359671818,1759158516.830671818,/studio/pos_error_xyz.err_x,NaN
6.360268212,1759158516.831268212,/studio/pos_error_xyz.err_x,-0.037562520819290235
6.363128914,1759158516.834128914,/studio/pos_error_xyz.err_x,-0.03773153175455568
6.366196303,1759158516.837196303,/studio/pos_error_xyz.err_x,NaN
6.369664286,1759158516.840664286,/studio/pos_error_xyz.err_x,NaN
6.370261317,1759158516.841261317,/studio/pos_error_xyz.err_x,-0.03774179523416432
6.372901144,1759158516.843901144,/studio/pos_error_xyz.err_x,-0.037822562734723064
6.376360138,1759158516.847360138,/studio/pos_error_xyz.err_x,NaN
6.379728834,1759158516.850728834,/studio/pos_error_xyz.err_x,NaN
6.380262449,1759158516.851262449,/studio/pos_error_xyz.err_x,-0.037827122505182276
6.382879262,1759158516.853879262,/studio/pos_error_xyz.err_x,-0.03786327549208335
6.386191538,1759158516.857191538,/studio/pos_error_xyz.err_x,NaN
6.389638926,1759158516.860638926,/studio/pos_error_xyz.err_x,NaN
6.390336863,1759158516.861336863,/studio/pos_error_xyz.err_x,-0.03786192578055059
6.392945623,1759158516.863945623,/studio/pos_error_xyz.err_x,-0.03785111844082256
6.396249916,1759158516.867249916,/studio/pos_error_xyz.err_x,NaN
6.399704379,1759158516.870704379,/studio/pos_error_xyz.err_x,NaN
6.400330597,1759158516.871330597,/studio/pos_error_xyz.err_x,-0.037839163779276985
6.402903619,1759158516.873903619,/studio/pos_error_xyz.err_x,-0.03774226459052965
6.4063248040000005,1759158516.877324804,/studio/pos_error_xyz.err_x,NaN
6.409656853,1759158516.880656853,/studio/pos_error_xyz.err_x,NaN
6.410332232,1759158516.881332232,/studio/pos_error_xyz.err_x,-0.03774928134989519
6.412992287,1759158516.883992287,/studio/pos_error_xyz.err_x,-0.037808189727945196
6.416252626,1759158516.887252626,/studio/pos_error_xyz.err_x,NaN
6.420302281,1759158516.891302281,/studio/pos_error_xyz.err_x,NaN
6.420490605,1759158516.891490605,/studio/pos_error_xyz.err_x,-0.03779783334019604
6.423049738,1759158516.894049738,/studio/pos_error_xyz.err_x,-0.037710823688681394
6.426506593,1759158516.897506593,/studio/pos_error_xyz.err_x,NaN
6.429793107,1759158516.900793107,/studio/pos_error_xyz.err_x,NaN
6.430305395,1759158516.901305395,/studio/pos_error_xyz.err_x,-0.037696873859100144
6.43296747,1759158516.903967470,/studio/pos_error_xyz.err_x,-0.037580566573446106
6.436368192,1759158516.907368192,/studio/pos_error_xyz.err_x,NaN
6.439675441,1759158516.910675441,/studio/pos_error_xyz.err_x,NaN
6.440370772,1759158516.911370772,/studio/pos_error_xyz.err_x,-0.03756999205344336
6.443027575,1759158516.914027575,/studio/pos_error_xyz.err_x,-0.03747808660838392
6.446266883,1759158516.917266883,/studio/pos_error_xyz.err_x,NaN
6.449570389,1759158516.920570389,/studio/pos_error_xyz.err_x,NaN
6.450313271,1759158516.921313271,/studio/pos_error_xyz.err_x,-0.03746653723735527
6.454019355,1759158516.925019355,/studio/pos_error_xyz.err_x,-0.03736717807852652
6.456278346,1759158516.927278346,/studio/pos_error_xyz.err_x,NaN
6.459645103,1759158516.930645103,/studio/pos_error_xyz.err_x,NaN
6.460270151,1759158516.931270151,/studio/pos_error_xyz.err_x,-0.03733136787938762
6.4629704,1759158516.933970400,/studio/pos_error_xyz.err_x,-0.03701419571328013
6.466787651,1759158516.937787651,/studio/pos_error_xyz.err_x,NaN
6.469569013,1759158516.940569013,/studio/pos_error_xyz.err_x,NaN
6.470283251,1759158516.941283251,/studio/pos_error_xyz.err_x,-0.03700452193453008
6.472813814,1759158516.943813814,/studio/pos_error_xyz.err_x,-0.03692029773336358
6.476199081,1759158516.947199081,/studio/pos_error_xyz.err_x,NaN
6.479637593,1759158516.950637593,/studio/pos_error_xyz.err_x,NaN
6.480265997,1759158516.951265997,/studio/pos_error_xyz.err_x,-0.03690388687951818
6.482967816,1759158516.953967816,/studio/pos_error_xyz.err_x,-0.03675930898806845
6.486253841,1759158516.957253841,/studio/pos_error_xyz.err_x,NaN
6.489499982,1759158516.960499982,/studio/pos_error_xyz.err_x,NaN
6.490264505,1759158516.961264505,/studio/pos_error_xyz.err_x,-0.036724871316557106
6.493633123,1759158516.964633123,/studio/pos_error_xyz.err_x,-0.03641771387812254
6.496730978,1759158516.967730978,/studio/pos_error_xyz.err_x,NaN
6.499570423,1759158516.970570423,/studio/pos_error_xyz.err_x,NaN
6.500263463,1759158516.971263463,/studio/pos_error_xyz.err_x,-0.03638812292479665
6.50301581,1759158516.974015810,/studio/pos_error_xyz.err_x,-0.03612361895548766
6.506181068,1759158516.977181068,/studio/pos_error_xyz.err_x,NaN
6.509558963,1759158516.980558963,/studio/pos_error_xyz.err_x,NaN
6.510259389,1759158516.981259389,/studio/pos_error_xyz.err_x,NaN
6.513816087,1759158516.984816087,/studio/pos_error_xyz.err_x,-0.03601851156513858
6.520315063,1759158516.991315063,/studio/pos_error_xyz.err_x,NaN
6.529871335,1759158517.000871335,/studio/pos_error_xyz.err_x,-0.035937649683889905
6.529874505,1759158517.000874505,/studio/pos_error_xyz.err_x,-0.0358431206554759
6.529877565,1759158517.000877565,/studio/pos_error_xyz.err_x,-0.0357162986592896
6.5298804520000004,1759158517.000880452,/studio/pos_error_xyz.err_x,-0.03558937909271065
6.530269438,1759158517.001269438,/studio/pos_error_xyz.err_x,NaN
6.532234579,1759158517.003234579,/studio/pos_error_xyz.err_x,-0.03546655002929744
6.533784507,1759158517.004784507,/studio/pos_error_xyz.err_x,-0.03534215662188789
6.536139516,1759158517.007139516,/studio/pos_error_xyz.err_x,-0.03516221934908614
6.539449057,1759158517.010449057,/studio/pos_error_xyz.err_x,NaN
6.540349181,1759158517.011349181,/studio/pos_error_xyz.err_x,NaN
6.54281045,1759158517.013810450,/studio/pos_error_xyz.err_x,-0.034762363642613536
6.546968187,1759158517.017968187,/studio/pos_error_xyz.err_x,NaN
6.549474378,1759158517.020474378,/studio/pos_error_xyz.err_x,NaN
6.550294422,1759158517.021294422,/studio/pos_error_xyz.err_x,NaN
6.5528086739999996,1759158517.023808674,/studio/pos_error_xyz.err_x,-0.034508038041465294
6.556760086,1759158517.027760086,/studio/pos_error_xyz.err_x,NaN
6.559421689,1759158517.030421689,/studio/pos_error_xyz.err_x,NaN
6.560272166,1759158517.031272166,/studio/pos_error_xyz.err_x,NaN
6.5628398390000005,1759158517.033839839,/studio/pos_error_xyz.err_x,-0.03409818577972468
6.566278442,1759158517.037278442,/studio/pos_error_xyz.err_x,NaN
6.570138958,1759158517.041138958,/studio/pos_error_xyz.err_x,NaN
6.5702846610000005,1759158517.041284661,/studio/pos_error_xyz.err_x,NaN
6.572871232,1759158517.043871232,/studio/pos_error_xyz.err_x,-0.033612936533081283
6.5760688720000005,1759158517.047068872,/studio/pos_error_xyz.err_x,NaN
6.579501325,1759158517.050501325,/studio/pos_error_xyz.err_x,NaN
6.580281468,1759158517.051281468,/studio/pos_error_xyz.err_x,NaN
6.5827912390000005,1759158517.053791239,/studio/pos_error_xyz.err_x,-0.033206229192619396
6.586109875,1759158517.057109875,/studio/pos_error_xyz.err_x,NaN
6.589384109,1759158517.060384109,/studio/pos_error_xyz.err_x,NaN
6.59026503,1759158517.061265030,/studio/pos_error_xyz.err_x,NaN
6.592643288,1759158517.063643288,/studio/pos_error_xyz.err_x,-0.032717202723723915
6.596099226,1759158517.067099226,/studio/pos_error_xyz.err_x,NaN
6.599452202,1759158517.070452202,/studio/pos_error_xyz.err_x,NaN
6.600268809,1759158517.071268809,/studio/pos_error_xyz.err_x,NaN
6.602817546,1759158517.073817546,/studio/pos_error_xyz.err_x,-0.032267841036575096
6.606129175,1759158517.077129175,/studio/pos_error_xyz.err_x,NaN
6.609346996,1759158517.080346996,/studio/pos_error_xyz.err_x,NaN
6.610275841,1759158517.081275841,/studio/pos_error_xyz.err_x,NaN
6.613445509,1759158517.084445509,/studio/pos_error_xyz.err_x,-0.03172766914090408
6.616057008,1759158517.087057008,/studio/pos_error_xyz.err_x,NaN
6.619360722,1759158517.090360722,/studio/pos_error_xyz.err_x,NaN
6.620274152,1759158517.091274152,/studio/pos_error_xyz.err_x,NaN
6.622724961,1759158517.093724961,/studio/pos_error_xyz.err_x,-0.03136345165585386
6.625984093,1759158517.096984093,/studio/pos_error_xyz.err_x,NaN
6.629957566,1759158517.100957566,/studio/pos_error_xyz.err_x,NaN
6.630262223,1759158517.101262223,/studio/pos_error_xyz.err_x,NaN
6.632771239,1759158517.103771239,/studio/pos_error_xyz.err_x,-0.03088018291827277
6.6361244070000005,1759158517.107124407,/studio/pos_error_xyz.err_x,NaN
6.640164172,1759158517.111164172,/studio/pos_error_xyz.err_x,NaN
6.640294035,1759158517.111294035,/studio/pos_error_xyz.err_x,NaN
6.643078239,1759158517.114078239,/studio/pos_error_xyz.err_x,-0.030348569510769696
6.646060417,1759158517.117060417,/studio/pos_error_xyz.err_x,NaN
6.649356296,1759158517.120356296,/studio/pos_error_xyz.err_x,NaN
6.650274231,1759158517.121274231,/studio/pos_error_xyz.err_x,NaN
6.6527804360000005,1759158517.123780436,/studio/pos_error_xyz.err_x,-0.029772403595126784
6.655957136,1759158517.126957136,/studio/pos_error_xyz.err_x,NaN
6.659326444,1759158517.130326444,/studio/pos_error_xyz.err_x,NaN
6.660318891,1759158517.131318891,/studio/pos_error_xyz.err_x,NaN
6.662887609,1759158517.133887609,/studio/pos_error_xyz.err_x,-0.029310209133180276
6.66596161,1759158517.136961610,/studio/pos_error_xyz.err_x,NaN
6.669337118,1759158517.140337118,/studio/pos_error_xyz.err_x,NaN
6.670306076,1759158517.141306076,/studio/pos_error_xyz.err_x,NaN
6.672800755,1759158517.143800755,/studio/pos_error_xyz.err_x,-0.028758441255459566
6.676175155,1759158517.147175155,/studio/pos_error_xyz.err_x,NaN
6.679826019,1759158517.150826019,/studio/pos_error_xyz.err_x,NaN
6.680304192,1759158517.151304192,/studio/pos_error_xyz.err_x,NaN
6.682715398,1759158517.153715398,/studio/pos_error_xyz.err_x,-0.02817126747671228
6.686062027,1759158517.157062027,/studio/pos_error_xyz.err_x,NaN
6.689282536,1759158517.160282536,/studio/pos_error_xyz.err_x,NaN
6.690303392,1759158517.161303392,/studio/pos_error_xyz.err_x,NaN
6.692709903,1759158517.163709903,/studio/pos_error_xyz.err_x,-0.02763236950632386
6.6960911020000005,1759158517.167091102,/studio/pos_error_xyz.err_x,NaN
6.699233113,1759158517.170233113,/studio/pos_error_xyz.err_x,NaN
6.700311734,1759158517.171311734,/studio/pos_error_xyz.err_x,NaN
6.702795741,1759158517.173795741,/studio/pos_error_xyz.err_x,-0.027078100652596637
6.7060175310000005,1759158517.177017531,/studio/pos_error_xyz.err_x,NaN
6.709193297,1759158517.180193297,/studio/pos_error_xyz.err_x,NaN
6.710298981,1759158517.181298981,/studio/pos_error_xyz.err_x,NaN
6.712780503,1759158517.183780503,/studio/pos_error_xyz.err_x,-0.02657674186267811
6.716632817,1759158517.187632817,/studio/pos_error_xyz.err_x,NaN
6.72032386,1759158517.191323860,/studio/pos_error_xyz.err_x,NaN
6.7303651349999996,1759158517.201365135,/studio/pos_error_xyz.err_x,NaN
6.733113011,1759158517.204113011,/studio/pos_error_xyz.err_x,NaN
6.733159252,1759158517.204159252,/studio/pos_error_xyz.err_x,-0.02634374919875926
6.733163545,1759158517.204163545,/studio/pos_error_xyz.err_x,-0.0261547344273374
6.73316732,1759158517.204167320,/studio/pos_error_xyz.err_x,-0.02596454044136065
6.736421966,1759158517.207421966,/studio/pos_error_xyz.err_x,-0.02577050294069627
6.737302032,1759158517.208302032,/studio/pos_error_xyz.err_x,-0.025567277408637734
6.739365802,1759158517.210365802,/studio/pos_error_xyz.err_x,-0.025426145666667788
6.74032853,1759158517.211328530,/studio/pos_error_xyz.err_x,NaN
6.742741405,1759158517.213741405,/studio/pos_error_xyz.err_x,-0.02493947247852213
6.745911491,1759158517.216911491,/studio/pos_error_xyz.err_x,NaN
6.749340508,1759158517.220340508,/studio/pos_error_xyz.err_x,NaN
6.750318337,1759158517.221318337,/studio/pos_error_xyz.err_x,NaN
6.752846618,1759158517.223846618,/studio/pos_error_xyz.err_x,-0.02426349276308315
6.755966788,1759158517.226966788,/studio/pos_error_xyz.err_x,NaN
6.759349224,1759158517.230349224,/studio/pos_error_xyz.err_x,NaN
6.7603131780000005,1759158517.231313178,/studio/pos_error_xyz.err_x,NaN
6.762698835,1759158517.233698835,/studio/pos_error_xyz.err_x,-0.02382355542911463
6.765940592,1759158517.236940592,/studio/pos_error_xyz.err_x,NaN
6.769649448,1759158517.240649448,/studio/pos_error_xyz.err_x,NaN
6.770300509,1759158517.241300509,/studio/pos_error_xyz.err_x,NaN
6.772703784,1759158517.243703784,/studio/pos_error_xyz.err_x,-0.02330728157929718
6.775890811,1759158517.246890811,/studio/pos_error_xyz.err_x,NaN
6.779256914,1759158517.250256914,/studio/pos_error_xyz.err_x,NaN
6.780279971,1759158517.251279971,/studio/pos_error_xyz.err_x,NaN
6.782655905,1759158517.253655905,/studio/pos_error_xyz.err_x,-0.022747121470657827
6.786037065,1759158517.257037065,/studio/pos_error_xyz.err_x,NaN
6.789382642,1759158517.260382642,/studio/pos_error_xyz.err_x,NaN
6.790317928,1759158517.261317928,/studio/pos_error_xyz.err_x,NaN
6.792753897,1759158517.263753897,/studio/pos_error_xyz.err_x,-0.022232423687691183
6.796004137,1759158517.267004137,/studio/pos_error_xyz.err_x,NaN
6.7991655810000005,1759158517.270165581,/studio/pos_error_xyz.err_x,NaN
6.800291578,1759158517.271291578,/studio/pos_error_xyz.err_x,NaN
6.802835298,1759158517.273835298,/studio/pos_error_xyz.err_x,-0.022018778986524712
6.806458181,1759158517.277458181,/studio/pos_error_xyz.err_x,-0.02171947621999104
6.810021954,1759158517.281021954,/studio/pos_error_xyz.err_x,NaN
6.810302181,1759158517.281302181,/studio/pos_error_xyz.err_x,NaN
6.813066705,1759158517.284066705,/studio/pos_error_xyz.err_x,-0.021113931140152697
6.820348025,1759158517.291348025,/studio/pos_error_xyz.err_x,NaN
6.822829076,1759158517.293829076,/studio/pos_error_xyz.err_x,NaN
6.824308478,1759158517.295308478,/studio/pos_error_xyz.err_x,NaN
6.8243125330000005,1759158517.295312533,/studio/pos_error_xyz.err_x,-0.02071254571423542
6.826588336,1759158517.297588336,/studio/pos_error_xyz.err_x,NaN
6.830335954,1759158517.301335954,/studio/pos_error_xyz.err_x,NaN
6.8362226249999996,1759158517.307222625,/studio/pos_error_xyz.err_x,NaN
6.838076916,1759158517.309076916,/studio/pos_error_xyz.err_x,-0.020139833436294108
6.838082743,1759158517.309082743,/studio/pos_error_xyz.err_x,NaN
6.840378097,1759158517.311378097,/studio/pos_error_xyz.err_x,NaN
6.84066586,1759158517.311665860,/studio/pos_error_xyz.err_x,NaN
6.843119996,1759158517.314119996,/studio/pos_error_xyz.err_x,-0.019583782184292797
6.848864905,1759158517.319864905,/studio/pos_error_xyz.err_x,NaN
6.850082285,1759158517.321082285,/studio/pos_error_xyz.err_x,NaN
6.850319506,1759158517.321319506,/studio/pos_error_xyz.err_x,NaN
6.852436515,1759158517.323436515,/studio/pos_error_xyz.err_x,-0.019427230822725683
6.855878353,1759158517.326878353,/studio/pos_error_xyz.err_x,-0.019185516666613056
6.85928424,1759158517.330284240,/studio/pos_error_xyz.err_x,NaN
6.860314325,1759158517.331314325,/studio/pos_error_xyz.err_x,NaN
6.8625510510000005,1759158517.333551051,/studio/pos_error_xyz.err_x,-0.018983047225275884
6.865723022,1759158517.336723022,/studio/pos_error_xyz.err_x,-0.018672486266487542
6.869110131,1759158517.340110131,/studio/pos_error_xyz.err_x,NaN
6.870316725,1759158517.341316725,/studio/pos_error_xyz.err_x,NaN
6.872518241,1759158517.343518241,/studio/pos_error_xyz.err_x,-0.018195624198482196
6.875887893,1759158517.346887893,/studio/pos_error_xyz.err_x,NaN
6.87928644,1759158517.350286440,/studio/pos_error_xyz.err_x,NaN
6.880312552,1759158517.351312552,/studio/pos_error_xyz.err_x,NaN
6.88242209,1759158517.353422090,/studio/pos_error_xyz.err_x,-0.017723805867231546
6.885694451,1759158517.356694451,/studio/pos_error_xyz.err_x,NaN
6.889321494,1759158517.360321494,/studio/pos_error_xyz.err_x,NaN
6.890320462,1759158517.361320462,/studio/pos_error_xyz.err_x,NaN
6.892524664,1759158517.363524664,/studio/pos_error_xyz.err_x,-0.017128292291259672
6.895941016,1759158517.366941016,/studio/pos_error_xyz.err_x,NaN
6.899072576,1759158517.370072576,/studio/pos_error_xyz.err_x,NaN
6.900308847,1759158517.371308847,/studio/pos_error_xyz.err_x,NaN
6.902417755,1759158517.373417755,/studio/pos_error_xyz.err_x,-0.016670093869831648
6.905848561,1759158517.376848561,/studio/pos_error_xyz.err_x,NaN
6.909070797,1759158517.380070797,/studio/pos_error_xyz.err_x,NaN
6.910300068,1759158517.381300068,/studio/pos_error_xyz.err_x,NaN
6.91246923,1759158517.383469230,/studio/pos_error_xyz.err_x,-0.016130040275689872
6.915729444,1759158517.386729444,/studio/pos_error_xyz.err_x,NaN
6.91898189,1759158517.389981890,/studio/pos_error_xyz.err_x,NaN
6.920324908,1759158517.391324908,/studio/pos_error_xyz.err_x,NaN
6.923295401,1759158517.394295401,/studio/pos_error_xyz.err_x,-0.01595942710859055
6.930330153,1759158517.401330153,/studio/pos_error_xyz.err_x,NaN
6.94066929,1759158517.411669290,/studio/pos_error_xyz.err_x,-0.01581324330744671
6.940673362,1759158517.411673362,/studio/pos_error_xyz.err_x,-0.015664795527510877
6.940676199,1759158517.411676199,/studio/pos_error_xyz.err_x,-0.015503321511274981
6.94069613,1759158517.411696130,/studio/pos_error_xyz.err_x,-0.015342008770562243
6.940713104,1759158517.411713104,/studio/pos_error_xyz.err_x,NaN
6.941738568,1759158517.412738568,/studio/pos_error_xyz.err_x,-0.015179945388333893
6.942708373,1759158517.413708373,/studio/pos_error_xyz.err_x,-0.015011009516989304
6.945700159,1759158517.416700159,/studio/pos_error_xyz.err_x,-0.014704853899613957
6.94921224,1759158517.420212240,/studio/pos_error_xyz.err_x,NaN
6.950314499,1759158517.421314499,/studio/pos_error_xyz.err_x,NaN
6.952510643,1759158517.423510643,/studio/pos_error_xyz.err_x,-0.014226524852844147
6.955696329,1759158517.426696329,/studio/pos_error_xyz.err_x,NaN
6.9590233050000005,1759158517.430023305,/studio/pos_error_xyz.err_x,NaN
6.9603132080000005,1759158517.431313208,/studio/pos_error_xyz.err_x,NaN
6.962686175,1759158517.433686175,/studio/pos_error_xyz.err_x,-0.013744138182072207
6.965704462,1759158517.436704462,/studio/pos_error_xyz.err_x,NaN
6.969655628,1759158517.440655628,/studio/pos_error_xyz.err_x,NaN
6.970314909,1759158517.441314909,/studio/pos_error_xyz.err_x,NaN
6.972459289,1759158517.443459289,/studio/pos_error_xyz.err_x,-0.013223055878315293
6.976569215,1759158517.447569215,/studio/pos_error_xyz.err_x,NaN
6.979046549,1759158517.450046549,/studio/pos_error_xyz.err_x,NaN
6.980363735,1759158517.451363735,/studio/pos_error_xyz.err_x,NaN
6.982480751,1759158517.453480751,/studio/pos_error_xyz.err_x,-0.012637393171812006
6.985666222,1759158517.456666222,/studio/pos_error_xyz.err_x,NaN
6.989286941,1759158517.460286941,/studio/pos_error_xyz.err_x,NaN
6.990320438,1759158517.461320438,/studio/pos_error_xyz.err_x,NaN
6.9928671950000005,1759158517.463867195,/studio/pos_error_xyz.err_x,-0.01224215323301947
6.996130428,1759158517.467130428,/studio/pos_error_xyz.err_x,NaN
6.999092614,1759158517.470092614,/studio/pos_error_xyz.err_x,NaN
7.000347166,1759158517.471347166,/studio/pos_error_xyz.err_x,NaN
7.002513863,1759158517.473513863,/studio/pos_error_xyz.err_x,-0.012047858962189295
7.005778384,1759158517.476778384,/studio/pos_error_xyz.err_x,-0.011732130962772036
7.00907136,1759158517.480071360,/studio/pos_error_xyz.err_x,NaN
7.010325624,1759158517.481325624,/studio/pos_error_xyz.err_x,NaN
7.012505181,1759158517.483505181,/studio/pos_error_xyz.err_x,-0.011543757763327056
7.015710044,1759158517.486710044,/studio/pos_error_xyz.err_x,-0.011235828029304784
7.019025618,1759158517.490025618,/studio/pos_error_xyz.err_x,NaN
0.00028323700000000004,1759158510.471283237,/studio/pos_error_xyz.err_y,NaN
0.000309254,1759158510.471309254,/studio/pos_error_xyz.err_y,0.002422434993149203
0.003882664,1759158510.474882664,/studio/pos_error_xyz.err_y,0.0011919838185057152
0.0065742990000000005,1759158510.477574299,/studio/pos_error_xyz.err_y,NaN
0.009480196,1759158510.480480196,/studio/pos_error_xyz.err_y,NaN
0.01031025,1759158510.481310250,/studio/pos_error_xyz.err_y,NaN
0.012833741000000001,1759158510.483833741,/studio/pos_error_xyz.err_y,0.001102363952679486
0.016107226000000002,1759158510.487107226,/studio/pos_error_xyz.err_y,NaN
0.019414385000000003,1759158510.490414385,/studio/pos_error_xyz.err_y,NaN
0.020292708,1759158510.491292708,/studio/pos_error_xyz.err_y,NaN
0.022772762000000002,1759158510.493772762,/studio/pos_error_xyz.err_y,0.0009834202523437696
0.026436372000000003,1759158510.497436372,/studio/pos_error_xyz.err_y,NaN
0.029431356000000002,1759158510.500431356,/studio/pos_error_xyz.err_y,NaN
0.030350799,1759158510.501350799,/studio/pos_error_xyz.err_y,NaN
0.032663080000000004,1759158510.503663080,/studio/pos_error_xyz.err_y,0.000831800046623421
0.035986034,1759158510.506986034,/studio/pos_error_xyz.err_y,NaN
0.03924164,1759158510.510241640,/studio/pos_error_xyz.err_y,NaN
0.040363656000000005,1759158510.511363656,/studio/pos_error_xyz.err_y,NaN
0.042801982,1759158510.513801982,/studio/pos_error_xyz.err_y,0.0007361841178874506
0.046063132,1759158510.517063132,/studio/pos_error_xyz.err_y,NaN
0.049339169,1759158510.520339169,/studio/pos_error_xyz.err_y,NaN
0.050301549,1759158510.521301549,/studio/pos_error_xyz.err_y,NaN
0.052657128000000004,1759158510.523657128,/studio/pos_error_xyz.err_y,0.0006712191631330633
0.055953536000000005,1759158510.526953536,/studio/pos_error_xyz.err_y,NaN
0.059797402000000006,1759158510.530797402,/studio/pos_error_xyz.err_y,NaN
0.060323221,1759158510.531323221,/studio/pos_error_xyz.err_y,NaN
0.06274863600000001,1759158510.533748636,/studio/pos_error_xyz.err_y,0.0005627566062038625
0.06660850800000001,1759158510.537608508,/studio/pos_error_xyz.err_y,NaN
0.069668836,1759158510.540668836,/studio/pos_error_xyz.err_y,NaN
0.070318263,1759158510.541318263,/studio/pos_error_xyz.err_y,NaN
0.07330621500000001,1759158510.544306215,/studio/pos_error_xyz.err_y,0.0004773057166871375
0.07617488800000001,1759158510.547174888,/studio/pos_error_xyz.err_y,0.000364959929596953
0.079433403,1759158510.550433403,/studio/pos_error_xyz.err_y,NaN
0.080354566,1759158510.551354566,/studio/pos_error_xyz.err_y,NaN
0.082858078,1759158510.553858078,/studio/pos_error_xyz.err_y,0.00034616878108106874
0.086005861,1759158510.557005861,/studio/pos_error_xyz.err_y,NaN
0.08936081800000001,1759158510.560360818,/studio/pos_error_xyz.err_y,NaN
0.09030459,1759158510.561304590,/studio/pos_error_xyz.err_y,NaN
0.092783088,1759158510.563783088,/studio/pos_error_xyz.err_y,0.0002304003683408773
0.095965056,1759158510.566965056,/studio/pos_error_xyz.err_y,NaN
0.099295769,1759158510.570295769,/studio/pos_error_xyz.err_y,NaN
0.100310226,1759158510.571310226,/studio/pos_error_xyz.err_y,NaN
0.10265078000000001,1759158510.573650780,/studio/pos_error_xyz.err_y,0.00009649327968075383
0.10590779900000001,1759158510.576907799,/studio/pos_error_xyz.err_y,NaN
0.10939749400000001,1759158510.580397494,/studio/pos_error_xyz.err_y,NaN
0.110327481,1759158510.581327481,/studio/pos_error_xyz.err_y,NaN
0.112786091,1759158510.583786091,/studio/pos_error_xyz.err_y,-0.00002715634451622151
0.11607396900000001,1759158510.587073969,/studio/pos_error_xyz.err_y,NaN
0.119537208,1759158510.590537208,/studio/pos_error_xyz.err_y,NaN
0.120328973,1759158510.591328973,/studio/pos_error_xyz.err_y,NaN
0.122747904,1759158510.593747904,/studio/pos_error_xyz.err_y,-0.00010980303903851407
0.125951367,1759158510.596951367,/studio/pos_error_xyz.err_y,NaN
0.12928226,1759158510.600282260,/studio/pos_error_xyz.err_y,NaN
0.130334687,1759158510.601334687,/studio/pos_error_xyz.err_y,NaN
0.13261339,1759158510.603613390,/studio/pos_error_xyz.err_y,-0.000339773188878123
0.135916912,1759158510.606916912,/studio/pos_error_xyz.err_y,NaN
0.139287142,1759158510.610287142,/studio/pos_error_xyz.err_y,NaN
0.140377112,1759158510.611377112,/studio/pos_error_xyz.err_y,NaN
0.142778693,1759158510.613778693,/studio/pos_error_xyz.err_y,-0.0002795406725271121
0.14588120200000002,1759158510.616881202,/studio/pos_error_xyz.err_y,NaN
0.149867735,1759158510.620867735,/studio/pos_error_xyz.err_y,NaN
0.15031371100000002,1759158510.621313711,/studio/pos_error_xyz.err_y,NaN
0.152567696,1759158510.623567696,/studio/pos_error_xyz.err_y,-0.0005342953686713336
0.155852085,1759158510.626852085,/studio/pos_error_xyz.err_y,NaN
0.15936307400000002,1759158510.630363074,/studio/pos_error_xyz.err_y,NaN
0.16032015000000002,1759158510.631320150,/studio/pos_error_xyz.err_y,NaN
0.168756193,1759158510.639756193,/studio/pos_error_xyz.err_y,-0.0006315982445990187
0.170318663,1759158510.641318663,/studio/pos_error_xyz.err_y,NaN
0.1799126,1759158510.650912600,/studio/pos_error_xyz.err_y,NaN
0.17991553000000002,1759158510.650915530,/studio/pos_error_xyz.err_y,NaN
0.179918667,1759158510.650918667,/studio/pos_error_xyz.err_y,-0.0006582589990458132
0.179920998,1759158510.650920998,/studio/pos_error_xyz.err_y,-0.0006766230001327145
0.18032134200000002,1759158510.651321342,/studio/pos_error_xyz.err_y,NaN
0.184609773,1759158510.655609773,/studio/pos_error_xyz.err_y,-0.000697314586601383
0.18461934100000002,1759158510.655619341,/studio/pos_error_xyz.err_y,-0.000738988070591251
0.186014583,1759158510.657014583,/studio/pos_error_xyz.err_y,-0.0008055755398839182
0.18944988000000001,1759158510.660449880,/studio/pos_error_xyz.err_y,NaN
0.19031862100000002,1759158510.661318621,/studio/pos_error_xyz.err_y,NaN
0.194168101,1759158510.665168101,/studio/pos_error_xyz.err_y,-0.0009455018656128189
0.19576289600000002,1759158510.666762896,/studio/pos_error_xyz.err_y,NaN
0.19969034000000002,1759158510.670690340,/studio/pos_error_xyz.err_y,NaN
0.20031041700000002,1759158510.671310417,/studio/pos_error_xyz.err_y,NaN
0.20313003200000002,1759158510.674130032,/studio/pos_error_xyz.err_y,-0.0009842117483271906
0.20616663200000002,1759158510.677166632,/studio/pos_error_xyz.err_y,-0.0010307872054009515
0.20936146700000002,1759158510.680361467,/studio/pos_error_xyz.err_y,NaN
0.210343136,1759158510.681343136,/studio/pos_error_xyz.err_y,NaN
0.212679095,1759158510.683679095,/studio/pos_error_xyz.err_y,-0.0010968462514084898
0.21602283200000003,1759158510.687022832,/studio/pos_error_xyz.err_y,-0.0011892842321463704
0.22006245200000002,1759158510.691062452,/studio/pos_error_xyz.err_y,NaN
0.22032226100000002,1759158510.691322261,/studio/pos_error_xyz.err_y,NaN
0.222665089,1759158510.693665089,/studio/pos_error_xyz.err_y,-0.001223017335985066
0.225905664,1759158510.696905664,/studio/pos_error_xyz.err_y,-0.0012660491703524457
0.229206083,1759158510.700206083,/studio/pos_error_xyz.err_y,NaN
0.230339443,1759158510.701339443,/studio/pos_error_xyz.err_y,NaN
0.232845252,1759158510.703845252,/studio/pos_error_xyz.err_y,-0.0013944205056204417
0.23587876100000002,1759158510.706878761,/studio/pos_error_xyz.err_y,NaN
0.23938249800000003,1759158510.710382498,/studio/pos_error_xyz.err_y,NaN
0.240328229,1759158510.711328229,/studio/pos_error_xyz.err_y,NaN
0.24268940500000002,1759158510.713689405,/studio/pos_error_xyz.err_y,-0.0015298663684712999
0.24578740100000002,1759158510.716787401,/studio/pos_error_xyz.err_y,NaN
0.24914122400000002,1759158510.720141224,/studio/pos_error_xyz.err_y,NaN
0.250345678,1759158510.721345678,/studio/pos_error_xyz.err_y,NaN
0.252478512,1759158510.723478512,/studio/pos_error_xyz.err_y,-0.0015466618411150712
0.255965911,1759158510.726965911,/studio/pos_error_xyz.err_y,-0.0015647245338739069
0.25909197500000003,1759158510.730091975,/studio/pos_error_xyz.err_y,NaN
0.260384386,1759158510.731384386,/studio/pos_error_xyz.err_y,NaN
0.262567153,1759158510.733567153,/studio/pos_error_xyz.err_y,-0.001620319804600534
0.265935902,1759158510.736935902,/studio/pos_error_xyz.err_y,-0.0016994484372743202
0.269387386,1759158510.740387386,/studio/pos_error_xyz.err_y,NaN
0.270331192,1759158510.741331192,/studio/pos_error_xyz.err_y,NaN
0.27270141000000003,1759158510.743701410,/studio/pos_error_xyz.err_y,-0.0018684212792074995
0.27602624800000003,1759158510.747026248,/studio/pos_error_xyz.err_y,-0.002109990489105318
0.279091939,1759158510.750091939,/studio/pos_error_xyz.err_y,NaN
0.28036146900000003,1759158510.751361469,/studio/pos_error_xyz.err_y,NaN
0.282653611,1759158510.753653611,/studio/pos_error_xyz.err_y,-0.0020003764815679226
0.285787932,1759158510.756787932,/studio/pos_error_xyz.err_y,-0.0018194198252632354
0.28937880400000004,1759158510.760378804,/studio/pos_error_xyz.err_y,NaN
0.290354641,1759158510.761354641,/studio/pos_error_xyz.err_y,NaN
0.29267659500000004,1759158510.763676595,/studio/pos_error_xyz.err_y,-0.001858758959217166
0.295788373,1759158510.766788373,/studio/pos_error_xyz.err_y,-0.0019137794114101325
0.299164784,1759158510.770164784,/studio/pos_error_xyz.err_y,NaN
0.300306897,1759158510.771306897,/studio/pos_error_xyz.err_y,NaN
0.302465923,1759158510.773465923,/studio/pos_error_xyz.err_y,-0.0020247256700662852
0.306086525,1759158510.777086525,/studio/pos_error_xyz.err_y,NaN
0.309123244,1759158510.780123244,/studio/pos_error_xyz.err_y,NaN
0.310308902,1759158510.781308902,/studio/pos_error_xyz.err_y,NaN
0.31233289200000003,1759158510.783332892,/studio/pos_error_xyz.err_y,-0.0020166513329669122
0.315742368,1759158510.786742368,/studio/pos_error_xyz.err_y,NaN
0.31910842700000003,1759158510.790108427,/studio/pos_error_xyz.err_y,NaN
0.32032486600000004,1759158510.791324866,/studio/pos_error_xyz.err_y,NaN
0.322608742,1759158510.793608742,/studio/pos_error_xyz.err_y,-0.0020954103963144455
0.32569169000000003,1759158510.796691690,/studio/pos_error_xyz.err_y,NaN
0.329001576,1759158510.800001576,/studio/pos_error_xyz.err_y,NaN
0.330300209,1759158510.801300209,/studio/pos_error_xyz.err_y,NaN
0.332412763,1759158510.803412763,/studio/pos_error_xyz.err_y,-0.002053593343928295
0.33570330000000004,1759158510.806703300,/studio/pos_error_xyz.err_y,NaN
0.339168701,1759158510.810168701,/studio/pos_error_xyz.err_y,NaN
0.34031110000000003,1759158510.811311100,/studio/pos_error_xyz.err_y,NaN
0.342334952,1759158510.813334952,/studio/pos_error_xyz.err_y,-0.0024671195895540343
0.345614486,1759158510.816614486,/studio/pos_error_xyz.err_y,NaN
0.34941665600000005,1759158510.820416656,/studio/pos_error_xyz.err_y,NaN
0.350329579,1759158510.821329579,/studio/pos_error_xyz.err_y,NaN
0.35229457000000003,1759158510.823294570,/studio/pos_error_xyz.err_y,-0.002112815721582617
0.35564300200000004,1759158510.826643002,/studio/pos_error_xyz.err_y,NaN
0.359087969,1759158510.830087969,/studio/pos_error_xyz.err_y,NaN
0.360310554,1759158510.831310554,/studio/pos_error_xyz.err_y,NaN
0.362481793,1759158510.833481793,/studio/pos_error_xyz.err_y,-0.0020473406900864966
0.365705671,1759158510.836705671,/studio/pos_error_xyz.err_y,NaN
0.370298756,1759158510.841298756,/studio/pos_error_xyz.err_y,NaN
0.380370633,1759158510.851370633,/studio/pos_error_xyz.err_y,NaN
0.38296378600000003,1759158510.853963786,/studio/pos_error_xyz.err_y,NaN
0.382966295,1759158510.853966295,/studio/pos_error_xyz.err_y,-0.002068703167930952
0.382971208,1759158510.853971208,/studio/pos_error_xyz.err_y,-0.0020853608757414044
0.382975854,1759158510.853975854,/studio/pos_error_xyz.err_y,-0.0020977526759455856
0.387344858,1759158510.858344858,/studio/pos_error_xyz.err_y,-0.002093400209216334
0.38735291400000005,1759158510.858352914,/studio/pos_error_xyz.err_y,-0.002087136191606387
0.38914937200000005,1759158510.860149372,/studio/pos_error_xyz.err_y,-0.002080060278299989
0.390299848,1759158510.861299848,/studio/pos_error_xyz.err_y,NaN
0.392439109,1759158510.863439109,/studio/pos_error_xyz.err_y,-0.00207636822207391
0.39626233200000005,1759158510.867262332,/studio/pos_error_xyz.err_y,-0.002064975190298579
0.399075899,1759158510.870075899,/studio/pos_error_xyz.err_y,NaN
0.400296519,1759158510.871296519,/studio/pos_error_xyz.err_y,NaN
0.40267167800000003,1759158510.873671678,/studio/pos_error_xyz.err_y,-0.0019799308849557384
0.40581882300000005,1759158510.876818823,/studio/pos_error_xyz.err_y,NaN
0.409034885,1759158510.880034885,/studio/pos_error_xyz.err_y,NaN
0.410295077,1759158510.881295077,/studio/pos_error_xyz.err_y,NaN
0.412264829,1759158510.883264829,/studio/pos_error_xyz.err_y,-0.001959406714297174
0.41557823000000005,1759158510.886578230,/studio/pos_error_xyz.err_y,-0.0019205663798924633
0.41900755100000003,1759158510.890007551,/studio/pos_error_xyz.err_y,NaN
0.42030385000000003,1759158510.891303850,/studio/pos_error_xyz.err_y,NaN
0.42251656400000004,1759158510.893516564,/studio/pos_error_xyz.err_y,-0.0018321250437138836
0.425614292,1759158510.896614292,/studio/pos_error_xyz.err_y,NaN
0.428926595,1759158510.899926595,/studio/pos_error_xyz.err_y,NaN
0.43030369100000004,1759158510.901303691,/studio/pos_error_xyz.err_y,NaN
0.432243525,1759158510.903243525,/studio/pos_error_xyz.err_y,-0.0017110553340122792
0.435758097,1759158510.906758097,/studio/pos_error_xyz.err_y,NaN
0.439443856,1759158510.910443856,/studio/pos_error_xyz.err_y,NaN
0.44031116200000003,1759158510.911311162,/studio/pos_error_xyz.err_y,NaN
0.44257268200000005,1759158510.913572682,/studio/pos_error_xyz.err_y,-0.0016420641430143768
0.44586137800000003,1759158510.916861378,/studio/pos_error_xyz.err_y,NaN
0.449022452,1759158510.920022452,/studio/pos_error_xyz.err_y,NaN
0.450363616,1759158510.921363616,/studio/pos_error_xyz.err_y,NaN
0.453066112,1759158510.924066112,/studio/pos_error_xyz.err_y,-0.001579376564796675
0.45573918300000005,1759158510.926739183,/studio/pos_error_xyz.err_y,NaN
0.458933427,1759158510.929933427,/studio/pos_error_xyz.err_y,NaN
0.46034309300000004,1759158510.931343093,/studio/pos_error_xyz.err_y,NaN
0.46219510300000005,1759158510.933195103,/studio/pos_error_xyz.err_y,-0.0013442694061827076
0.46550434500000004,1759158510.936504345,/studio/pos_error_xyz.err_y,NaN
0.469694096,1759158510.940694096,/studio/pos_error_xyz.err_y,NaN
0.47030562800000003,1759158510.941305628,/studio/pos_error_xyz.err_y,NaN
0.472516239,1759158510.943516239,/studio/pos_error_xyz.err_y,-0.0012194846216173616
0.47563671100000005,1759158510.946636711,/studio/pos_error_xyz.err_y,NaN
0.47896022600000004,1759158510.949960226,/studio/pos_error_xyz.err_y,NaN
0.480343481,1759158510.951343481,/studio/pos_error_xyz.err_y,NaN
0.48249546800000004,1759158510.953495468,/studio/pos_error_xyz.err_y,-0.0011096300188748742
0.48557626600000003,1759158510.956576266,/studio/pos_error_xyz.err_y,NaN
0.48885274300000003,1759158510.959852743,/studio/pos_error_xyz.err_y,NaN
0.49030603800000006,1759158510.961306038,/studio/pos_error_xyz.err_y,NaN
0.49265074200000003,1759158510.963650742,/studio/pos_error_xyz.err_y,-0.0010400132701380294
0.49561351200000003,1759158510.966613512,/studio/pos_error_xyz.err_y,-0.0009247809320065414
0.49889842,1759158510.969898420,/studio/pos_error_xyz.err_y,NaN
0.500309458,1759158510.971309458,/studio/pos_error_xyz.err_y,NaN
0.5024426860000001,1759158510.973442686,/studio/pos_error_xyz.err_y,-0.0007453413356950378
0.5054956660000001,1759158510.976495666,/studio/pos_error_xyz.err_y,NaN
0.5098351320000001,1759158510.980835132,/studio/pos_error_xyz.err_y,NaN
0.510309268,1759158510.981309268,/studio/pos_error_xyz.err_y,NaN
0.512501563,1759158510.983501563,/studio/pos_error_xyz.err_y,-0.000643752290480748
0.5156505330000001,1759158510.986650533,/studio/pos_error_xyz.err_y,NaN
0.519777892,1759158510.990777892,/studio/pos_error_xyz.err_y,NaN
0.520307556,1759158510.991307556,/studio/pos_error_xyz.err_y,NaN
0.522181103,1759158510.993181103,/studio/pos_error_xyz.err_y,-0.0005805506740008681
0.5256573680000001,1759158510.996657368,/studio/pos_error_xyz.err_y,-0.00046775622203698575
0.528873263,1759158510.999873263,/studio/pos_error_xyz.err_y,NaN
0.53032893,1759158511.001328930,/studio/pos_error_xyz.err_y,NaN
0.532711844,1759158511.003711844,/studio/pos_error_xyz.err_y,-0.0003571656444987248
0.535649876,1759158511.006649876,/studio/pos_error_xyz.err_y,-0.00016125864706451054
0.5390681940000001,1759158511.010068194,/studio/pos_error_xyz.err_y,NaN
0.5403293490000001,1759158511.011329349,/studio/pos_error_xyz.err_y,NaN
0.542246023,1759158511.013246023,/studio/pos_error_xyz.err_y,-0.00010019285890727758
0.5454710700000001,1759158511.016471070,/studio/pos_error_xyz.err_y,0.000009534691601142953
0.549983597,1759158511.020983597,/studio/pos_error_xyz.err_y,NaN
0.550295602,1759158511.021295602,/studio/pos_error_xyz.err_y,NaN
0.5525308990000001,1759158511.023530899,/studio/pos_error_xyz.err_y,0.00010585523643014128
0.555811677,1759158511.026811677,/studio/pos_error_xyz.err_y,0.00027786414041885976
0.5588780950000001,1759158511.029878095,/studio/pos_error_xyz.err_y,NaN
0.560325488,1759158511.031325488,/studio/pos_error_xyz.err_y,NaN
0.5621715820000001,1759158511.033171582,/studio/pos_error_xyz.err_y,0.0003443198644035306
0.565558177,1759158511.036558177,/studio/pos_error_xyz.err_y,0.00046405246508118836
0.568898107,1759158511.039898107,/studio/pos_error_xyz.err_y,NaN
0.5703146250000001,1759158511.041314625,/studio/pos_error_xyz.err_y,NaN
0.572808157,1759158511.043808157,/studio/pos_error_xyz.err_y,0.0005331525217675548
0.580375698,1759158511.051375698,/studio/pos_error_xyz.err_y,NaN
0.5897550020000001,1759158511.060755002,/studio/pos_error_xyz.err_y,0.0005977992452126379
0.5897578370000001,1759158511.060757837,/studio/pos_error_xyz.err_y,0.0006635199202631448
0.589760622,1759158511.060760622,/studio/pos_error_xyz.err_y,0.0007384155796490433
0.589766483,1759158511.060766483,/studio/pos_error_xyz.err_y,0.0008136453182401304
0.590335586,1759158511.061335586,/studio/pos_error_xyz.err_y,NaN
0.5943398320000001,1759158511.065339832,/studio/pos_error_xyz.err_y,0.0008889900288924224
0.5943442250000001,1759158511.065344225,/studio/pos_error_xyz.err_y,0.0009598291048082963
0.596005447,1759158511.067005447,/studio/pos_error_xyz.err_y,0.0010974929864215888
0.598784654,1759158511.069784654,/studio/pos_error_xyz.err_y,NaN
0.600303664,1759158511.071303664,/studio/pos_error_xyz.err_y,NaN
0.602187808,1759158511.073187808,/studio/pos_error_xyz.err_y,0.0013658128010503034
0.605356572,1759158511.076356572,/studio/pos_error_xyz.err_y,NaN
0.608779791,1759158511.079779791,/studio/pos_error_xyz.err_y,NaN
0.610305278,1759158511.081305278,/studio/pos_error_xyz.err_y,NaN
0.612177916,1759158511.083177916,/studio/pos_error_xyz.err_y,0.0014660859694188844
0.615427798,1759158511.086427798,/studio/pos_error_xyz.err_y,0.0016488653926591823
0.618717952,1759158511.089717952,/studio/pos_error_xyz.err_y,NaN
0.620312265,1759158511.091312265,/studio/pos_error_xyz.err_y,NaN
0.62284178,1759158511.093841780,/studio/pos_error_xyz.err_y,0.0017429996817623916
0.625476813,1759158511.096476813,/studio/pos_error_xyz.err_y,0.0019153331675192398
0.628772049,1759158511.099772049,/studio/pos_error_xyz.err_y,NaN
0.6303064300000001,1759158511.101306430,/studio/pos_error_xyz.err_y,NaN
0.632323415,1759158511.103323415,/studio/pos_error_xyz.err_y,0.0020137329335954135
0.6353845250000001,1759158511.106384525,/studio/pos_error_xyz.err_y,0.0021944059522689408
0.638697858,1759158511.109697858,/studio/pos_error_xyz.err_y,NaN
0.64032535,1759158511.111325350,/studio/pos_error_xyz.err_y,NaN
0.642215708,1759158511.113215708,/studio/pos_error_xyz.err_y,0.0022727298460321066
0.6455908650000001,1759158511.116590865,/studio/pos_error_xyz.err_y,0.002417388641955842
0.648809755,1759158511.119809755,/studio/pos_error_xyz.err_y,NaN
0.6503157230000001,1759158511.121315723,/studio/pos_error_xyz.err_y,NaN
0.65200848,1759158511.123008480,/studio/pos_error_xyz.err_y,0.002504274249842009
0.655348671,1759158511.126348671,/studio/pos_error_xyz.err_y,0.0026654608336054153
0.658913429,1759158511.129913429,/studio/pos_error_xyz.err_y,NaN
0.660318637,1759158511.131318637,/studio/pos_error_xyz.err_y,NaN
0.662552977,1759158511.133552977,/studio/pos_error_xyz.err_y,0.002897203133613413
0.665307392,1759158511.136307392,/studio/pos_error_xyz.err_y,NaN
0.66875788,1759158511.139757880,/studio/pos_error_xyz.err_y,NaN
0.6703146470000001,1759158511.141314647,/studio/pos_error_xyz.err_y,NaN
0.671953412,1759158511.142953412,/studio/pos_error_xyz.err_y,0.003229530272113923
0.6759785700000001,1759158511.146978570,/studio/pos_error_xyz.err_y,0.0038511216305066043
0.6789404950000001,1759158511.149940495,/studio/pos_error_xyz.err_y,NaN
0.68029454,1759158511.151294540,/studio/pos_error_xyz.err_y,NaN
0.682148905,1759158511.153148905,/studio/pos_error_xyz.err_y,0.004166200760016725
0.6857491130000001,1759158511.156749113,/studio/pos_error_xyz.err_y,NaN
0.688876303,1759158511.159876303,/studio/pos_error_xyz.err_y,NaN
0.6903375030000001,1759158511.161337503,/studio/pos_error_xyz.err_y,NaN
0.6920967650000001,1759158511.163096765,/studio/pos_error_xyz.err_y,0.00424603019895109
0.695406811,1759158511.166406811,/studio/pos_error_xyz.err_y,0.004395987757054964
0.698831443,1759158511.169831443,/studio/pos_error_xyz.err_y,NaN
0.700368636,1759158511.171368636,/studio/pos_error_xyz.err_y,NaN
0.70325121,1759158511.174251210,/studio/pos_error_xyz.err_y,0.004461296526253822
0.7054598350000001,1759158511.176459835,/studio/pos_error_xyz.err_y,0.004585596651105472
0.7088809530000001,1759158511.179880953,/studio/pos_error_xyz.err_y,NaN
0.710314375,1759158511.181314375,/studio/pos_error_xyz.err_y,NaN
0.712101669,1759158511.183101669,/studio/pos_error_xyz.err_y,0.004421468159348851
0.715490258,1759158511.186490258,/studio/pos_error_xyz.err_y,0.0041064433738737804
0.71876143,1759158511.189761430,/studio/pos_error_xyz.err_y,NaN
0.720310227,1759158511.191310227,/studio/pos_error_xyz.err_y,NaN
0.721887853,1759158511.192887853,/studio/pos_error_xyz.err_y,0.00417700116856734
0.725376805,1759158511.196376805,/studio/pos_error_xyz.err_y,0.004311730604754871
0.7287368660000001,1759158511.199736866,/studio/pos_error_xyz.err_y,NaN
0.7302968660000001,1759158511.201296866,/studio/pos_error_xyz.err_y,NaN
0.7324316830000001,1759158511.203431683,/studio/pos_error_xyz.err_y,0.00439481986302015
0.7352254140000001,1759158511.206225414,/studio/pos_error_xyz.err_y,0.00455435496765233
0.7387285720000001,1759158511.209728572,/studio/pos_error_xyz.err_y,NaN
0.740342881,1759158511.211342881,/studio/pos_error_xyz.err_y,NaN
0.742278469,1759158511.213278469,/studio/pos_error_xyz.err_y,0.00461033074457351
0.745256272,1759158511.216256272,/studio/pos_error_xyz.err_y,0.004718375354351156
0.748665019,1759158511.219665019,/studio/pos_error_xyz.err_y,NaN
0.7503135120000001,1759158511.221313512,/studio/pos_error_xyz.err_y,NaN
0.7520105140000001,1759158511.223010514,/studio/pos_error_xyz.err_y,0.004952897103882137
0.75531959,1759158511.226319590,/studio/pos_error_xyz.err_y,NaN
0.759137763,1759158511.230137763,/studio/pos_error_xyz.err_y,NaN
0.7603072940000001,1759158511.231307294,/studio/pos_error_xyz.err_y,NaN
0.762173211,1759158511.233173211,/studio/pos_error_xyz.err_y,0.005176326193092162
0.765291975,1759158511.236291975,/studio/pos_error_xyz.err_y,NaN
0.768604359,1759158511.239604359,/studio/pos_error_xyz.err_y,NaN
0.770301189,1759158511.241301189,/studio/pos_error_xyz.err_y,NaN
0.771851919,1759158511.242851919,/studio/pos_error_xyz.err_y,0.005241082057888313
0.77530648,1759158511.246306480,/studio/pos_error_xyz.err_y,0.005367548641347586
0.780331682,1759158511.251331682,/studio/pos_error_xyz.err_y,NaN
0.790308675,1759158511.261308675,/studio/pos_error_xyz.err_y,NaN
0.792585344,1759158511.263585344,/studio/pos_error_xyz.err_y,NaN
0.7925920870000001,1759158511.263592087,/studio/pos_error_xyz.err_y,0.005423391786687937
0.7925956500000001,1759158511.263595650,/studio/pos_error_xyz.err_y,0.005478447574157386
0.7926033690000001,1759158511.263603369,/studio/pos_error_xyz.err_y,0.005533595115066348
0.7970740470000001,1759158511.268074047,/studio/pos_error_xyz.err_y,0.005597884503534711
0.7970778030000001,1759158511.268077803,/studio/pos_error_xyz.err_y,0.005662119564333601
0.7987424510000001,1759158511.269742451,/studio/pos_error_xyz.err_y,0.005725806409558665
0.800305288,1759158511.271305288,/studio/pos_error_xyz.err_y,NaN
0.80203068,1759158511.273030680,/studio/pos_error_xyz.err_y,0.005777011795292886
0.8062263700000001,1759158511.277226370,/studio/pos_error_xyz.err_y,0.005878077416523464
0.808589859,1759158511.279589859,/studio/pos_error_xyz.err_y,NaN
0.81030029,1759158511.281300290,/studio/pos_error_xyz.err_y,NaN
0.81200707,1759158511.283007070,/studio/pos_error_xyz.err_y,0.0059367140229804605
0.8152067120000001,1759158511.286206712,/studio/pos_error_xyz.err_y,0.006053185344798706
0.8190524010000001,1759158511.290052401,/studio/pos_error_xyz.err_y,NaN
0.8203018360000001,1759158511.291301836,/studio/pos_error_xyz.err_y,NaN
0.8220648190000001,1759158511.293064819,/studio/pos_error_xyz.err_y,0.006135364882333683
0.825161679,1759158511.296161679,/studio/pos_error_xyz.err_y,0.006299622968724439
0.8288549040000001,1759158511.299854904,/studio/pos_error_xyz.err_y,NaN
0.830314694,1759158511.301314694,/studio/pos_error_xyz.err_y,NaN
0.831890927,1759158511.302890927,/studio/pos_error_xyz.err_y,0.006319769976761869
0.835262056,1759158511.306262056,/studio/pos_error_xyz.err_y,0.00636012906314809
0.838839583,1759158511.309839583,/studio/pos_error_xyz.err_y,NaN
0.8403593180000001,1759158511.311359318,/studio/pos_error_xyz.err_y,NaN
0.841960173,1759158511.312960173,/studio/pos_error_xyz.err_y,0.006437193486949155
0.8454627530000001,1759158511.316462753,/studio/pos_error_xyz.err_y,0.006592474056161368
0.8486968960000001,1759158511.319696896,/studio/pos_error_xyz.err_y,NaN
0.850295996,1759158511.321295996,/studio/pos_error_xyz.err_y,NaN
0.8517918050000001,1759158511.322791805,/studio/pos_error_xyz.err_y,0.006632646409385323
0.855181123,1759158511.326181123,/studio/pos_error_xyz.err_y,0.006714315719439146
0.8590886550000001,1759158511.330088655,/studio/pos_error_xyz.err_y,NaN
0.8603422030000001,1759158511.331342203,/studio/pos_error_xyz.err_y,NaN
0.861984862,1759158511.332984862,/studio/pos_error_xyz.err_y,0.006747107069493552
0.8651878380000001,1759158511.336187838,/studio/pos_error_xyz.err_y,0.006813996744938322
0.8686383350000001,1759158511.339638335,/studio/pos_error_xyz.err_y,NaN
0.8703421010000001,1759158511.341342101,/studio/pos_error_xyz.err_y,NaN
0.871960834,1759158511.342960834,/studio/pos_error_xyz.err_y,0.006999193214068278
0.87518218,1759158511.346182180,/studio/pos_error_xyz.err_y,NaN
0.880000615,1759158511.351000615,/studio/pos_error_xyz.err_y,NaN
0.8803477780000001,1759158511.351347778,/studio/pos_error_xyz.err_y,NaN
0.88370923,1759158511.354709230,/studio/pos_error_xyz.err_y,0.007059440696744801
0.8851296900000001,1759158511.356129690,/studio/pos_error_xyz.err_y,NaN
0.8886875420000001,1759158511.359687542,/studio/pos_error_xyz.err_y,NaN
0.890340424,1759158511.361340424,/studio/pos_error_xyz.err_y,NaN
0.8918555990000001,1759158511.362855599,/studio/pos_error_xyz.err_y,0.007145751717994475
0.8952624140000001,1759158511.366262414,/studio/pos_error_xyz.err_y,NaN
0.89853066,1759158511.369530660,/studio/pos_error_xyz.err_y,NaN
0.90029221,1759158511.371292210,/studio/pos_error_xyz.err_y,NaN
0.902104949,1759158511.373104949,/studio/pos_error_xyz.err_y,0.007265375444440725
0.905074781,1759158511.376074781,/studio/pos_error_xyz.err_y,NaN
0.910352573,1759158511.381352573,/studio/pos_error_xyz.err_y,NaN
0.9104819260000001,1759158511.381481926,/studio/pos_error_xyz.err_y,NaN
0.9119809780000001,1759158511.382980978,/studio/pos_error_xyz.err_y,0.007283595492163286
0.915317586,1759158511.386317586,/studio/pos_error_xyz.err_y,NaN
0.918956168,1759158511.389956168,/studio/pos_error_xyz.err_y,NaN
0.92031306,1759158511.391313060,/studio/pos_error_xyz.err_y,NaN
0.921760436,1759158511.392760436,/studio/pos_error_xyz.err_y,0.007295688659017419
0.9252187470000001,1759158511.396218747,/studio/pos_error_xyz.err_y,0.007320944482468228
0.9287476800000001,1759158511.399747680,/studio/pos_error_xyz.err_y,NaN
0.9303462650000001,1759158511.401346265,/studio/pos_error_xyz.err_y,NaN
0.931888021,1759158511.402888021,/studio/pos_error_xyz.err_y,0.00731965378931454
0.9350663220000001,1759158511.406066322,/studio/pos_error_xyz.err_y,0.007316942913670577
0.938761087,1759158511.409761087,/studio/pos_error_xyz.err_y,NaN
0.940354934,1759158511.411354934,/studio/pos_error_xyz.err_y,NaN
0.941755945,1759158511.412755945,/studio/pos_error_xyz.err_y,0.007311125028010679
0.9454527760000001,1759158511.416452776,/studio/pos_error_xyz.err_y,0.007298820028480257
0.948616505,1759158511.419616505,/studio/pos_error_xyz.err_y,NaN
0.9503112010000001,1759158511.421311201,/studio/pos_error_xyz.err_y,NaN
0.952132827,1759158511.423132827,/studio/pos_error_xyz.err_y,0.00732337477038314
0.95519275,1759158511.426192750,/studio/pos_error_xyz.err_y,0.007375693560532692
0.9584510340000001,1759158511.429451034,/studio/pos_error_xyz.err_y,NaN
0.9603116700000001,1759158511.431311670,/studio/pos_error_xyz.err_y,NaN
0.9617893770000001,1759158511.432789377,/studio/pos_error_xyz.err_y,0.007360276880938432
0.965121526,1759158511.436121526,/studio/pos_error_xyz.err_y,0.007327466422740514
0.968481578,1759158511.439481578,/studio/pos_error_xyz.err_y,NaN
0.970312185,1759158511.441312185,/studio/pos_error_xyz.err_y,NaN
0.9718600230000001,1759158511.442860023,/studio/pos_error_xyz.err_y,0.007279687991810668
0.975032235,1759158511.446032235,/studio/pos_error_xyz.err_y,NaN
0.978540563,1759158511.449540563,/studio/pos_error_xyz.err_y,NaN
0.9803259350000001,1759158511.451325935,/studio/pos_error_xyz.err_y,NaN
0.9822197690000001,1759158511.453219769,/studio/pos_error_xyz.err_y,0.007264823568712053
0.9903843440000001,1759158511.461384344,/studio/pos_error_xyz.err_y,NaN
0.9986675920000001,1759158511.469667592,/studio/pos_error_xyz.err_y,0.0072491543953456805
0.9986710000000001,1759158511.469671000,/studio/pos_error_xyz.err_y,0.0072335297298420365
0.998673833,1759158511.469673833,/studio/pos_error_xyz.err_y,0.007176703718077881
0.9986766130000001,1759158511.469676613,/studio/pos_error_xyz.err_y,0.007117270927166963
1.000316887,1759158511.471316887,/studio/pos_error_xyz.err_y,NaN
1.003110204,1759158511.474110204,/studio/pos_error_xyz.err_y,0.007055000605452388
1.003112983,1759158511.474112983,/studio/pos_error_xyz.err_y,0.007052948486424349
1.005071014,1759158511.476071014,/studio/pos_error_xyz.err_y,0.007050466458774274
1.008380011,1759158511.479380011,/studio/pos_error_xyz.err_y,NaN
1.010363191,1759158511.481363191,/studio/pos_error_xyz.err_y,NaN
1.01387231,1759158511.484872310,/studio/pos_error_xyz.err_y,0.007026748575958308
1.01496747,1759158511.485967470,/studio/pos_error_xyz.err_y,0.0069750522399725234
1.018430714,1759158511.489430714,/studio/pos_error_xyz.err_y,NaN
1.020313084,1759158511.491313084,/studio/pos_error_xyz.err_y,NaN
1.021722941,1759158511.492722941,/studio/pos_error_xyz.err_y,0.006935406147733136
1.0251007,1759158511.496100700,/studio/pos_error_xyz.err_y,0.006848584379488543
1.028273613,1759158511.499273613,/studio/pos_error_xyz.err_y,NaN
1.030343671,1759158511.501343671,/studio/pos_error_xyz.err_y,NaN
1.031922654,1759158511.502922654,/studio/pos_error_xyz.err_y,0.006711020476943386
1.0350088020000001,1759158511.506008802,/studio/pos_error_xyz.err_y,NaN
1.038479428,1759158511.509479428,/studio/pos_error_xyz.err_y,NaN
1.040341553,1759158511.511341553,/studio/pos_error_xyz.err_y,NaN
1.041658275,1759158511.512658275,/studio/pos_error_xyz.err_y,0.006663591935767599
1.044879855,1759158511.515879855,/studio/pos_error_xyz.err_y,0.00655891064779901
1.048256263,1759158511.519256263,/studio/pos_error_xyz.err_y,NaN
1.050301604,1759158511.521301604,/studio/pos_error_xyz.err_y,NaN
1.051694815,1759158511.522694815,/studio/pos_error_xyz.err_y,0.006615424247273793
1.055008904,1759158511.526008904,/studio/pos_error_xyz.err_y,0.006741065505627475
1.058354781,1759158511.529354781,/studio/pos_error_xyz.err_y,NaN
1.060304767,1759158511.531304767,/studio/pos_error_xyz.err_y,NaN
1.06185551,1759158511.532855510,/studio/pos_error_xyz.err_y,0.00669287417680664
1.065019444,1759158511.536019444,/studio/pos_error_xyz.err_y,0.006585561198777068
1.068393428,1759158511.539393428,/studio/pos_error_xyz.err_y,NaN
1.070310218,1759158511.541310218,/studio/pos_error_xyz.err_y,NaN
1.071665686,1759158511.542665686,/studio/pos_error_xyz.err_y,0.006519668862384531
1.074956084,1759158511.545956084,/studio/pos_error_xyz.err_y,0.006372192415957656
1.078313067,1759158511.549313067,/studio/pos_error_xyz.err_y,NaN
1.080303261,1759158511.551303261,/studio/pos_error_xyz.err_y,NaN
1.081539761,1759158511.552539761,/studio/pos_error_xyz.err_y,0.006327421088275997
1.085114314,1759158511.556114314,/studio/pos_error_xyz.err_y,0.0062268548793218415
1.088339522,1759158511.559339522,/studio/pos_error_xyz.err_y,NaN
1.090306285,1759158511.561306285,/studio/pos_error_xyz.err_y,NaN
1.091596569,1759158511.562596569,/studio/pos_error_xyz.err_y,0.006169659010089923
1.094977609,1759158511.565977609,/studio/pos_error_xyz.err_y,0.006040447018865525
1.098393943,1759158511.569393943,/studio/pos_error_xyz.err_y,NaN
1.100302414,1759158511.571302414,/studio/pos_error_xyz.err_y,NaN
1.101640639,1759158511.572640639,/studio/pos_error_xyz.err_y,0.005967418555854032
1.104976622,1759158511.575976622,/studio/pos_error_xyz.err_y,0.005801781446108212
1.108293637,1759158511.579293637,/studio/pos_error_xyz.err_y,NaN
1.110322386,1759158511.581322386,/studio/pos_error_xyz.err_y,NaN
1.112707445,1759158511.583707445,/studio/pos_error_xyz.err_y,0.005760837921949591
1.114915049,1759158511.585915049,/studio/pos_error_xyz.err_y,0.00566740393379872
1.118213774,1759158511.589213774,/studio/pos_error_xyz.err_y,NaN
1.120297028,1759158511.591297028,/studio/pos_error_xyz.err_y,NaN
1.12171105,1759158511.592711050,/studio/pos_error_xyz.err_y,0.005617892999508101
1.124941821,1759158511.595941821,/studio/pos_error_xyz.err_y,0.0055041988930275565
1.128285208,1759158511.599285208,/studio/pos_error_xyz.err_y,NaN
1.130291452,1759158511.601291452,/studio/pos_error_xyz.err_y,NaN
1.1315647260000001,1759158511.602564726,/studio/pos_error_xyz.err_y,0.005315194508511478
1.13500517,1759158511.606005170,/studio/pos_error_xyz.err_y,0.004880418936253239
1.1383052949999999,1759158511.609305295,/studio/pos_error_xyz.err_y,NaN
1.140381581,1759158511.611381581,/studio/pos_error_xyz.err_y,NaN
1.141720963,1759158511.612720963,/studio/pos_error_xyz.err_y,0.004842753451513193
1.144853188,1759158511.615853188,/studio/pos_error_xyz.err_y,0.004755183193641432
1.148317607,1759158511.619317607,/studio/pos_error_xyz.err_y,NaN
1.150309701,1759158511.621309701,/studio/pos_error_xyz.err_y,NaN
1.151717155,1759158511.622717155,/studio/pos_error_xyz.err_y,0.004697137719600342
1.155064404,1759158511.626064404,/studio/pos_error_xyz.err_y,0.004560179791893049
1.158764509,1759158511.629764509,/studio/pos_error_xyz.err_y,NaN
1.160306243,1759158511.631306243,/studio/pos_error_xyz.err_y,NaN
1.161711328,1759158511.632711328,/studio/pos_error_xyz.err_y,0.004512776963361276
1.165026277,1759158511.636026277,/studio/pos_error_xyz.err_y,0.0044024167482992205
1.1682364330000001,1759158511.639236433,/studio/pos_error_xyz.err_y,NaN
1.1702919760000001,1759158511.641291976,/studio/pos_error_xyz.err_y,NaN
1.171645662,1759158511.642645662,/studio/pos_error_xyz.err_y,0.004352907204781431
1.174914409,1759158511.645914409,/studio/pos_error_xyz.err_y,0.004236832239028043
1.178088578,1759158511.649088578,/studio/pos_error_xyz.err_y,NaN
1.180291753,1759158511.651291753,/studio/pos_error_xyz.err_y,NaN
1.181489067,1759158511.652489067,/studio/pos_error_xyz.err_y,0.004185643942019812
1.185029389,1759158511.656029389,/studio/pos_error_xyz.err_y,0.004065266005761181
1.190345704,1759158511.661345704,/studio/pos_error_xyz.err_y,NaN
1.200329756,1759158511.671329756,/studio/pos_error_xyz.err_y,NaN
1.202591205,1759158511.673591205,/studio/pos_error_xyz.err_y,NaN
1.202594961,1759158511.673594961,/studio/pos_error_xyz.err_y,0.0040351413211277
1.20259935,1759158511.673599350,/studio/pos_error_xyz.err_y,0.004001416407264813
1.202608144,1759158511.673608144,/studio/pos_error_xyz.err_y,0.003967660367500958
1.207047961,1759158511.678047961,/studio/pos_error_xyz.err_y,0.003919998149097381
1.207052864,1759158511.678052864,/studio/pos_error_xyz.err_y,0.0038706880678827105
1.208357978,1759158511.679357978,/studio/pos_error_xyz.err_y,0.003815779395908603
1.210292897,1759158511.681292897,/studio/pos_error_xyz.err_y,NaN
1.211468028,1759158511.682468028,/studio/pos_error_xyz.err_y,0.003759672251653523
1.216565932,1759158511.687565932,/studio/pos_error_xyz.err_y,0.003625853236597809
1.218135891,1759158511.689135891,/studio/pos_error_xyz.err_y,NaN
1.220321286,1759158511.691321286,/studio/pos_error_xyz.err_y,NaN
1.222436764,1759158511.693436764,/studio/pos_error_xyz.err_y,0.0036071194514599725
1.22502099,1759158511.696020990,/studio/pos_error_xyz.err_y,0.0035621824829878967
1.228513266,1759158511.699513266,/studio/pos_error_xyz.err_y,NaN
1.230326074,1759158511.701326074,/studio/pos_error_xyz.err_y,NaN
1.231902652,1759158511.702902652,/studio/pos_error_xyz.err_y,0.003515244013970964
1.235070884,1759158511.706070884,/studio/pos_error_xyz.err_y,0.003401419354637003
1.238674217,1759158511.709674217,/studio/pos_error_xyz.err_y,NaN
1.240311269,1759158511.711311269,/studio/pos_error_xyz.err_y,NaN
1.243537044,1759158511.714537044,/studio/pos_error_xyz.err_y,0.0033595686248797385
1.245383654,1759158511.716383654,/studio/pos_error_xyz.err_y,0.003256858613639224
1.248258721,1759158511.719258721,/studio/pos_error_xyz.err_y,NaN
1.2503352699999999,1759158511.721335270,/studio/pos_error_xyz.err_y,NaN
1.251480179,1759158511.722480179,/studio/pos_error_xyz.err_y,0.003240946082549101
1.254973568,1759158511.725973568,/studio/pos_error_xyz.err_y,0.0032020924131757056
1.25855144,1759158511.729551440,/studio/pos_error_xyz.err_y,NaN
1.260309247,1759158511.731309247,/studio/pos_error_xyz.err_y,NaN
1.261495872,1759158511.732495872,/studio/pos_error_xyz.err_y,0.003157487852581742
1.264831005,1759158511.735831005,/studio/pos_error_xyz.err_y,0.0030482023455271623
1.268429978,1759158511.739429978,/studio/pos_error_xyz.err_y,NaN
1.270259177,1759158511.741259177,/studio/pos_error_xyz.err_y,NaN
1.271735889,1759158511.742735889,/studio/pos_error_xyz.err_y,0.0030233625587605673
1.275019833,1759158511.746019833,/studio/pos_error_xyz.err_y,0.002962493924818954
1.278235407,1759158511.749235407,/studio/pos_error_xyz.err_y,NaN
1.2802939850000001,1759158511.751293985,/studio/pos_error_xyz.err_y,NaN
1.281615868,1759158511.752615868,/studio/pos_error_xyz.err_y,0.0029433450205003098
1.285058219,1759158511.756058219,/studio/pos_error_xyz.err_y,0.002896549864534137
1.289027426,1759158511.760027426,/studio/pos_error_xyz.err_y,NaN
1.2902899780000001,1759158511.761289978,/studio/pos_error_xyz.err_y,NaN
1.291651179,1759158511.762651179,/studio/pos_error_xyz.err_y,0.002861827296426256
1.294707228,1759158511.765707228,/studio/pos_error_xyz.err_y,0.002775607479228004
1.298051673,1759158511.769051673,/studio/pos_error_xyz.err_y,NaN
1.300311838,1759158511.771311838,/studio/pos_error_xyz.err_y,NaN
1.301930917,1759158511.772930917,/studio/pos_error_xyz.err_y,0.002761810727800018
1.305040593,1759158511.776040593,/studio/pos_error_xyz.err_y,0.0027274034199211705
1.30819515,1759158511.779195150,/studio/pos_error_xyz.err_y,NaN
1.310296271,1759158511.781296271,/studio/pos_error_xyz.err_y,NaN
1.311814282,1759158511.782814282,/studio/pos_error_xyz.err_y,0.0026998222477709888
1.314880192,1759158511.785880192,/studio/pos_error_xyz.err_y,0.0026307425315765798
1.318986064,1759158511.789986064,/studio/pos_error_xyz.err_y,NaN
1.320290227,1759158511.791290227,/studio/pos_error_xyz.err_y,NaN
1.321579775,1759158511.792579775,/studio/pos_error_xyz.err_y,0.0025962356206385984
1.324956921,1759158511.795956921,/studio/pos_error_xyz.err_y,0.0025093965428966136
1.3282859,1759158511.799285900,/studio/pos_error_xyz.err_y,NaN
1.3303352529999999,1759158511.801335253,/studio/pos_error_xyz.err_y,NaN
1.3313750720000002,1759158511.802375072,/studio/pos_error_xyz.err_y,0.0025085860317193287
1.334672074,1759158511.805672074,/studio/pos_error_xyz.err_y,0.0025065399370562957
1.338053001,1759158511.809053001,/studio/pos_error_xyz.err_y,NaN
1.340373089,1759158511.811373089,/studio/pos_error_xyz.err_y,NaN
1.341448715,1759158511.812448715,/studio/pos_error_xyz.err_y,0.0024710362326501034
1.344736085,1759158511.815736085,/studio/pos_error_xyz.err_y,0.002380583638871059
1.347960485,1759158511.818960485,/studio/pos_error_xyz.err_y,NaN
1.3503419920000002,1759158511.821341992,/studio/pos_error_xyz.err_y,NaN
1.351280332,1759158511.822280332,/studio/pos_error_xyz.err_y,0.0023547630620610605
1.354771854,1759158511.825771854,/studio/pos_error_xyz.err_y,0.0022881699103605158
1.358132162,1759158511.829132162,/studio/pos_error_xyz.err_y,NaN
1.360333782,1759158511.831333782,/studio/pos_error_xyz.err_y,NaN
1.3614016960000002,1759158511.832401696,/studio/pos_error_xyz.err_y,0.0022690296458649506
1.364647074,1759158511.835647074,/studio/pos_error_xyz.err_y,0.0022197768872374013
1.367896672,1759158511.838896672,/studio/pos_error_xyz.err_y,NaN
1.37029246,1759158511.841292460,/studio/pos_error_xyz.err_y,NaN
1.371336748,1759158511.842336748,/studio/pos_error_xyz.err_y,0.002187313730731333
1.374856789,1759158511.845856789,/studio/pos_error_xyz.err_y,0.0021033763065081423
1.377996308,1759158511.848996308,/studio/pos_error_xyz.err_y,NaN
1.380366744,1759158511.851366744,/studio/pos_error_xyz.err_y,NaN
1.381266622,1759158511.852266622,/studio/pos_error_xyz.err_y,0.0020797330539905623
1.38468634,1759158511.855686340,/studio/pos_error_xyz.err_y,0.002018194033498677
1.388024142,1759158511.859024142,/studio/pos_error_xyz.err_y,NaN
1.390346008,1759158511.861346008,/studio/pos_error_xyz.err_y,NaN
1.391779085,1759158511.862779085,/studio/pos_error_xyz.err_y,0.002000591725639822
1.400309399,1759158511.871309399,/studio/pos_error_xyz.err_y,NaN
1.410305429,1759158511.881305429,/studio/pos_error_xyz.err_y,NaN
1.411007681,1759158511.882007681,/studio/pos_error_xyz.err_y,0.0019793060902126847
1.41101092,1759158511.882010920,/studio/pos_error_xyz.err_y,0.0019579827694946594
1.411019434,1759158511.882019434,/studio/pos_error_xyz.err_y,0.00192717073319848
1.4110229520000002,1759158511.882022952,/studio/pos_error_xyz.err_y,0.0018943958558161889
1.412649278,1759158511.883649278,/studio/pos_error_xyz.err_y,0.0018615326568518498
1.412651506,1759158511.883651506,/studio/pos_error_xyz.err_y,0.0018364226555380725
1.415039213,1759158511.886039213,/studio/pos_error_xyz.err_y,0.0017852336292696336
1.418019801,1759158511.889019801,/studio/pos_error_xyz.err_y,NaN
1.420325798,1759158511.891325798,/studio/pos_error_xyz.err_y,NaN
1.421457758,1759158511.892457758,/studio/pos_error_xyz.err_y,0.0017606956472460134
1.424670738,1759158511.895670738,/studio/pos_error_xyz.err_y,0.0016956933687550801
1.428173398,1759158511.899173398,/studio/pos_error_xyz.err_y,NaN
1.430334773,1759158511.901334773,/studio/pos_error_xyz.err_y,NaN
1.431327846,1759158511.902327846,/studio/pos_error_xyz.err_y,0.001669140069330055
1.434808552,1759158511.905808552,/studio/pos_error_xyz.err_y,0.001598318804526322
1.437962282,1759158511.908962282,/studio/pos_error_xyz.err_y,NaN
1.440367888,1759158511.911367888,/studio/pos_error_xyz.err_y,NaN
1.44145405,1759158511.912454050,/studio/pos_error_xyz.err_y,0.0015888607319145542
1.444639231,1759158511.915639231,/studio/pos_error_xyz.err_y,0.0015635650797998224
1.447995284,1759158511.918995284,/studio/pos_error_xyz.err_y,NaN
1.450350515,1759158511.921350515,/studio/pos_error_xyz.err_y,NaN
1.4512275140000002,1759158511.922227514,/studio/pos_error_xyz.err_y,0.0015301944098347064
1.454622705,1759158511.925622705,/studio/pos_error_xyz.err_y,0.0014403053830109869
1.457826388,1759158511.928826388,/studio/pos_error_xyz.err_y,NaN
1.460402909,1759158511.931402909,/studio/pos_error_xyz.err_y,NaN
1.461276957,1759158511.932276957,/studio/pos_error_xyz.err_y,0.001427946927223367
1.464612318,1759158511.935612318,/studio/pos_error_xyz.err_y,0.001394515088657844
1.467929065,1759158511.938929065,/studio/pos_error_xyz.err_y,NaN
1.470322492,1759158511.941322492,/studio/pos_error_xyz.err_y,NaN
1.47196622,1759158511.942966220,/studio/pos_error_xyz.err_y,0.001386731813223907
1.475276635,1759158511.946276635,/studio/pos_error_xyz.err_y,0.001365566492893766
1.478204926,1759158511.949204926,/studio/pos_error_xyz.err_y,NaN
1.480302289,1759158511.951302289,/studio/pos_error_xyz.err_y,NaN
1.4812992280000001,1759158511.952299228,/studio/pos_error_xyz.err_y,0.0013365692216074088
1.484684983,1759158511.955684983,/studio/pos_error_xyz.err_y,0.0012575119019135883
1.487803931,1759158511.958803931,/studio/pos_error_xyz.err_y,NaN
1.490325202,1759158511.961325202,/studio/pos_error_xyz.err_y,NaN
1.491177066,1759158511.962177066,/studio/pos_error_xyz.err_y,0.0012500138741651234
1.494770396,1759158511.965770396,/studio/pos_error_xyz.err_y,0.001229421266592201
1.497940692,1759158511.968940692,/studio/pos_error_xyz.err_y,NaN
1.500303479,1759158511.971303479,/studio/pos_error_xyz.err_y,NaN
1.501149456,1759158511.972149456,/studio/pos_error_xyz.err_y,0.0012165916791282427
1.504512107,1759158511.975512107,/studio/pos_error_xyz.err_y,0.001181198904936398
1.5077910060000002,1759158511.978791006,/studio/pos_error_xyz.err_y,NaN
1.510347048,1759158511.981347048,/studio/pos_error_xyz.err_y,NaN
1.511243756,1759158511.982243756,/studio/pos_error_xyz.err_y,0.001169953531248602
1.514694293,1759158511.985694293,/studio/pos_error_xyz.err_y,0.0011387407729324117
1.5178248760000002,1759158511.988824876,/studio/pos_error_xyz.err_y,NaN
1.520305126,1759158511.991305126,/studio/pos_error_xyz.err_y,NaN
1.522230296,1759158511.993230296,/studio/pos_error_xyz.err_y,0.001130638442018661
1.524771297,1759158511.995771297,/studio/pos_error_xyz.err_y,0.001108038858100624
1.52795184,1759158511.998951840,/studio/pos_error_xyz.err_y,NaN
1.5302962610000002,1759158512.001296261,/studio/pos_error_xyz.err_y,NaN
1.53126825,1759158512.002268250,/studio/pos_error_xyz.err_y,0.0010944136431838558
1.534610848,1759158512.005610848,/studio/pos_error_xyz.err_y,0.0010563384797115383
1.537767848,1759158512.008767848,/studio/pos_error_xyz.err_y,NaN
1.540331689,1759158512.011331689,/studio/pos_error_xyz.err_y,NaN
1.5412930679999999,1759158512.012293068,/studio/pos_error_xyz.err_y,0.0010546215038154116
1.5446480519999999,1759158512.015648052,/studio/pos_error_xyz.err_y,0.0010498035025214847
1.547749498,1759158512.018749498,/studio/pos_error_xyz.err_y,NaN
1.5503086220000002,1759158512.021308622,/studio/pos_error_xyz.err_y,NaN
1.551277173,1759158512.022277173,/studio/pos_error_xyz.err_y,0.0010560582752230374
1.5547078870000002,1759158512.025707887,/studio/pos_error_xyz.err_y,0.0010738062619330968
1.557849497,1759158512.028849497,/studio/pos_error_xyz.err_y,NaN
1.560297758,1759158512.031297758,/studio/pos_error_xyz.err_y,NaN
1.561227941,1759158512.032227941,/studio/pos_error_xyz.err_y,0.0010594245546253767
1.564620141,1759158512.035620141,/studio/pos_error_xyz.err_y,0.0010185073651025611
1.5680342999999999,1759158512.039034300,/studio/pos_error_xyz.err_y,NaN
1.5702780889999999,1759158512.041278089,/studio/pos_error_xyz.err_y,NaN
1.5711786110000001,1759158512.042178611,/studio/pos_error_xyz.err_y,0.0010315786318471076
1.574591593,1759158512.045591593,/studio/pos_error_xyz.err_y,0.0010688843609161225
1.5778999260000002,1759158512.048899926,/studio/pos_error_xyz.err_y,NaN
1.580298998,1759158512.051298998,/studio/pos_error_xyz.err_y,NaN
1.581257551,1759158512.052257551,/studio/pos_error_xyz.err_y,0.0010785000866029293
1.5844227160000002,1759158512.055422716,/studio/pos_error_xyz.err_y,0.001106077459421595
1.587676427,1759158512.058676427,/studio/pos_error_xyz.err_y,NaN
1.590330682,1759158512.061330682,/studio/pos_error_xyz.err_y,NaN
1.5910478600000002,1759158512.062047860,/studio/pos_error_xyz.err_y,0.001102100857989896
1.594588302,1759158512.065588302,/studio/pos_error_xyz.err_y,0.0010905730361527866
1.6002700120000002,1759158512.071270012,/studio/pos_error_xyz.err_y,NaN
1.61027655,1759158512.081276550,/studio/pos_error_xyz.err_y,NaN
1.6121915420000001,1759158512.083191542,/studio/pos_error_xyz.err_y,NaN
1.61219625,1759158512.083196250,/studio/pos_error_xyz.err_y,0.0011104781326256585
1.6121991370000002,1759158512.083199137,/studio/pos_error_xyz.err_y,0.001136254231255851
1.612201481,1759158512.083201481,/studio/pos_error_xyz.err_y,0.001162058088761686
1.616665522,1759158512.087665522,/studio/pos_error_xyz.err_y,0.001185474912817952
1.616667869,1759158512.087667869,/studio/pos_error_xyz.err_y,0.001208177855309689
1.6180046350000001,1759158512.089004635,/studio/pos_error_xyz.err_y,0.0012362422816822871
1.620317016,1759158512.091317016,/studio/pos_error_xyz.err_y,NaN
1.621037297,1759158512.092037297,/studio/pos_error_xyz.err_y,0.0012536995947547425
1.624316686,1759158512.095316686,/studio/pos_error_xyz.err_y,0.001305015853162228
1.627799456,1759158512.098799456,/studio/pos_error_xyz.err_y,NaN
1.630274489,1759158512.101274489,/studio/pos_error_xyz.err_y,NaN
1.631176542,1759158512.102176542,/studio/pos_error_xyz.err_y,0.0013220341373383349
1.6345583320000001,1759158512.105558332,/studio/pos_error_xyz.err_y,0.0013726388994341754
1.6378132760000002,1759158512.108813276,/studio/pos_error_xyz.err_y,NaN
1.640312019,1759158512.111312019,/studio/pos_error_xyz.err_y,NaN
1.641076729,1759158512.112076729,/studio/pos_error_xyz.err_y,0.001397120891761805
1.6443768630000002,1759158512.115376863,/studio/pos_error_xyz.err_y,0.0014695012490757442
1.647784722,1759158512.118784722,/studio/pos_error_xyz.err_y,NaN
1.650358425,1759158512.121358425,/studio/pos_error_xyz.err_y,NaN
1.651174581,1759158512.122174581,/studio/pos_error_xyz.err_y,0.0015059248902251632
1.654554297,1759158512.125554297,/studio/pos_error_xyz.err_y,0.0016148612767095116
1.6576980460000001,1759158512.128698046,/studio/pos_error_xyz.err_y,NaN
1.6603228250000002,1759158512.131322825,/studio/pos_error_xyz.err_y,NaN
1.661016126,1759158512.132016126,/studio/pos_error_xyz.err_y,0.001640346300238793
1.664454584,1759158512.135454584,/studio/pos_error_xyz.err_y,0.00171712406568858
1.667679087,1759158512.138679087,/studio/pos_error_xyz.err_y,NaN
1.6703239920000001,1759158512.141323992,/studio/pos_error_xyz.err_y,NaN
1.671110467,1759158512.142110467,/studio/pos_error_xyz.err_y,0.0017430780456266781
1.674244721,1759158512.145244721,/studio/pos_error_xyz.err_y,0.0018209613543018754
1.6777181730000001,1759158512.148718173,/studio/pos_error_xyz.err_y,NaN
1.680328055,1759158512.151328055,/studio/pos_error_xyz.err_y,NaN
1.681138127,1759158512.152138127,/studio/pos_error_xyz.err_y,0.0018704687082555793
1.684398307,1759158512.155398307,/studio/pos_error_xyz.err_y,0.002019560229256534
1.6876493680000002,1759158512.158649368,/studio/pos_error_xyz.err_y,NaN
1.690299621,1759158512.161299621,/studio/pos_error_xyz.err_y,NaN
1.6909851960000002,1759158512.161985196,/studio/pos_error_xyz.err_y,0.002053215818246912
1.694292226,1759158512.165292226,/studio/pos_error_xyz.err_y,0.0021553155594027373
1.69825241,1759158512.169252410,/studio/pos_error_xyz.err_y,NaN
1.700301166,1759158512.171301166,/studio/pos_error_xyz.err_y,NaN
1.701058629,1759158512.172058629,/studio/pos_error_xyz.err_y,0.002194431797176488
1.704340656,1759158512.175340656,/studio/pos_error_xyz.err_y,0.0023137188851256596
1.7077344110000001,1759158512.178734411,/studio/pos_error_xyz.err_y,NaN
1.710270774,1759158512.181270774,/studio/pos_error_xyz.err_y,NaN
1.710963999,1759158512.181963999,/studio/pos_error_xyz.err_y,0.0023650910295893723
1.714322271,1759158512.185322271,/studio/pos_error_xyz.err_y,0.002522543524812182
1.717595927,1759158512.188595927,/studio/pos_error_xyz.err_y,NaN
1.7202736550000002,1759158512.191273655,/studio/pos_error_xyz.err_y,NaN
1.7209984660000002,1759158512.191998466,/studio/pos_error_xyz.err_y,0.0025574572373296967
1.7243193890000001,1759158512.195319389,/studio/pos_error_xyz.err_y,0.0026650027037855573
1.727837905,1759158512.198837905,/studio/pos_error_xyz.err_y,NaN
1.7303389990000002,1759158512.201338999,/studio/pos_error_xyz.err_y,NaN
1.730987966,1759158512.201987966,/studio/pos_error_xyz.err_y,0.0027137654894970886
1.734209233,1759158512.205209233,/studio/pos_error_xyz.err_y,0.002865253025444492
1.737661125,1759158512.208661125,/studio/pos_error_xyz.err_y,NaN
1.74032022,1759158512.211320220,/studio/pos_error_xyz.err_y,NaN
1.74086419,1759158512.211864190,/studio/pos_error_xyz.err_y,0.002905380057564244
1.7442118340000001,1759158512.215211834,/studio/pos_error_xyz.err_y,0.0030313506715531346
1.747710059,1759158512.218710059,/studio/pos_error_xyz.err_y,NaN
1.750274984,1759158512.221274984,/studio/pos_error_xyz.err_y,NaN
1.7509571300000002,1759158512.221957130,/studio/pos_error_xyz.err_y,0.0030732203695382765
1.754247643,1759158512.225247643,/studio/pos_error_xyz.err_y,0.0032047575626359404
1.757615831,1759158512.228615831,/studio/pos_error_xyz.err_y,NaN
1.760309632,1759158512.231309632,/studio/pos_error_xyz.err_y,NaN
1.760930372,1759158512.231930372,/studio/pos_error_xyz.err_y,0.003260134089393407
1.7643468960000002,1759158512.235346896,/studio/pos_error_xyz.err_y,0.00343565012050151
1.7675456870000001,1759158512.238545687,/studio/pos_error_xyz.err_y,NaN
1.770315402,1759158512.241315402,/studio/pos_error_xyz.err_y,NaN
1.770954506,1759158512.241954506,/studio/pos_error_xyz.err_y,0.0034765899346989038
1.774302464,1759158512.245302464,/studio/pos_error_xyz.err_y,0.0036083813318010804
1.777577718,1759158512.248577718,/studio/pos_error_xyz.err_y,NaN
1.780262767,1759158512.251262767,/studio/pos_error_xyz.err_y,NaN
1.7809578940000002,1759158512.251957894,/studio/pos_error_xyz.err_y,0.0036564559820844167
1.7844457130000002,1759158512.255445713,/studio/pos_error_xyz.err_y,0.003809414695411295
1.787579579,1759158512.258579579,/studio/pos_error_xyz.err_y,NaN
1.790310977,1759158512.261310977,/studio/pos_error_xyz.err_y,NaN
1.790969987,1759158512.261969987,/studio/pos_error_xyz.err_y,0.003871919046883221
1.794368377,1759158512.265368377,/studio/pos_error_xyz.err_y,0.004072540821352444
1.797698185,1759158512.268698185,/studio/pos_error_xyz.err_y,NaN
1.800325036,1759158512.271325036,/studio/pos_error_xyz.err_y,NaN
1.8015423570000002,1759158512.272542357,/studio/pos_error_xyz.err_y,0.004109358622384374
1.810328835,1759158512.281328835,/studio/pos_error_xyz.err_y,NaN
1.817594433,1759158512.288594433,/studio/pos_error_xyz.err_y,0.0041617688488453375
1.817597798,1759158512.288597798,/studio/pos_error_xyz.err_y,0.004214231493596898
1.817600637,1759158512.288600637,/studio/pos_error_xyz.err_y,0.00427623096338392
1.8176049060000001,1759158512.288604906,/studio/pos_error_xyz.err_y,0.004342216896194628
1.820314068,1759158512.291314068,/studio/pos_error_xyz.err_y,NaN
1.821732322,1759158512.292732322,/studio/pos_error_xyz.err_y,0.004408268830168982
1.821778572,1759158512.292778572,/studio/pos_error_xyz.err_y,0.004480485208582241
1.824327725,1759158512.295327725,/studio/pos_error_xyz.err_y,0.004652147153297204
1.827539716,1759158512.298539716,/studio/pos_error_xyz.err_y,NaN
1.8304117240000002,1759158512.301411724,/studio/pos_error_xyz.err_y,NaN
1.8309198370000002,1759158512.301919837,/studio/pos_error_xyz.err_y,0.004777188235717933
1.834180962,1759158512.305180962,/studio/pos_error_xyz.err_y,0.005191664096962256
1.837589302,1759158512.308589302,/studio/pos_error_xyz.err_y,NaN
1.840299548,1759158512.311299548,/studio/pos_error_xyz.err_y,NaN
1.84088924,1759158512.311889240,/studio/pos_error_xyz.err_y,0.00524185999054394
1.844327792,1759158512.315327792,/studio/pos_error_xyz.err_y,0.005413848843546454
1.8474786070000002,1759158512.318478607,/studio/pos_error_xyz.err_y,NaN
1.850295905,1759158512.321295905,/studio/pos_error_xyz.err_y,NaN
1.8508623700000002,1759158512.321862370,/studio/pos_error_xyz.err_y,0.005452132436458257
1.854361472,1759158512.325361472,/studio/pos_error_xyz.err_y,0.005579682080160797
1.857655905,1759158512.328655905,/studio/pos_error_xyz.err_y,NaN
1.860264476,1759158512.331264476,/studio/pos_error_xyz.err_y,NaN
1.860848178,1759158512.331848178,/studio/pos_error_xyz.err_y,0.005622191178525249
1.864115436,1759158512.335115436,/studio/pos_error_xyz.err_y,0.0057636009176182945
1.867532544,1759158512.338532544,/studio/pos_error_xyz.err_y,NaN
1.8703170560000002,1759158512.341317056,/studio/pos_error_xyz.err_y,NaN
1.870980103,1759158512.341980103,/studio/pos_error_xyz.err_y,0.005828872832980725
1.874214236,1759158512.345214236,/studio/pos_error_xyz.err_y,0.006047463259845287
1.877499857,1759158512.348499857,/studio/pos_error_xyz.err_y,NaN
1.880319638,1759158512.351319638,/studio/pos_error_xyz.err_y,NaN
1.880743405,1759158512.351743405,/studio/pos_error_xyz.err_y,0.00608294959156952
1.884056296,1759158512.355056296,/studio/pos_error_xyz.err_y,0.006202276376817473
1.8875130900000001,1759158512.358513090,/studio/pos_error_xyz.err_y,NaN
1.8903489050000002,1759158512.361348905,/studio/pos_error_xyz.err_y,NaN
1.890800188,1759158512.361800188,/studio/pos_error_xyz.err_y,0.006257740318402316
1.894140135,1759158512.365140135,/studio/pos_error_xyz.err_y,0.0064456734133573335
1.8974158540000001,1759158512.368415854,/studio/pos_error_xyz.err_y,NaN
1.900322444,1759158512.371322444,/studio/pos_error_xyz.err_y,NaN
1.90089233,1759158512.371892330,/studio/pos_error_xyz.err_y,0.006503966404789452
1.9041304540000001,1759158512.375130454,/studio/pos_error_xyz.err_y,0.00670227294670056
1.907542527,1759158512.378542527,/studio/pos_error_xyz.err_y,NaN
1.910269666,1759158512.381269666,/studio/pos_error_xyz.err_y,NaN
1.910760586,1759158512.381760586,/studio/pos_error_xyz.err_y,0.00673936639218109
1.914025032,1759158512.385025032,/studio/pos_error_xyz.err_y,0.006866473657706873
1.9173167160000002,1759158512.388316716,/studio/pos_error_xyz.err_y,NaN
1.920310895,1759158512.391310895,/studio/pos_error_xyz.err_y,NaN
1.920801307,1759158512.391801307,/studio/pos_error_xyz.err_y,0.00692673824881096
1.924054864,1759158512.395054864,/studio/pos_error_xyz.err_y,0.007134202805105794
1.9274384310000001,1759158512.398438431,/studio/pos_error_xyz.err_y,NaN
1.930305622,1759158512.401305622,/studio/pos_error_xyz.err_y,NaN
1.930807825,1759158512.401807825,/studio/pos_error_xyz.err_y,0.007187344785801741
1.934020835,1759158512.405020835,/studio/pos_error_xyz.err_y,0.007371377656687272
1.9374881,1759158512.408488100,/studio/pos_error_xyz.err_y,NaN
1.9403192420000002,1759158512.411319242,/studio/pos_error_xyz.err_y,NaN
1.94083138,1759158512.411831380,/studio/pos_error_xyz.err_y,0.007421863347644386
1.944137472,1759158512.415137472,/studio/pos_error_xyz.err_y,0.00759783889600163
1.9473603060000002,1759158512.418360306,/studio/pos_error_xyz.err_y,NaN
1.950316687,1759158512.421316687,/studio/pos_error_xyz.err_y,NaN
1.950620905,1759158512.421620905,/studio/pos_error_xyz.err_y,0.007649303089590109
1.954136695,1759158512.425136695,/studio/pos_error_xyz.err_y,0.007830064615617083
1.957493353,1759158512.428493353,/studio/pos_error_xyz.err_y,NaN
1.960305503,1759158512.431305503,/studio/pos_error_xyz.err_y,NaN
1.960709167,1759158512.431709167,/studio/pos_error_xyz.err_y,0.007869928525195746
1.964065593,1759158512.435065593,/studio/pos_error_xyz.err_y,0.008010466011078243
1.9673692520000001,1759158512.438369252,/studio/pos_error_xyz.err_y,NaN
1.970301596,1759158512.441301596,/studio/pos_error_xyz.err_y,NaN
1.9708479890000001,1759158512.441847989,/studio/pos_error_xyz.err_y,0.00806860916340435
1.9740582500000001,1759158512.445058250,/studio/pos_error_xyz.err_y,0.00827472169954735
1.977396302,1759158512.448396302,/studio/pos_error_xyz.err_y,NaN
1.980278674,1759158512.451278674,/studio/pos_error_xyz.err_y,NaN
1.980669162,1759158512.451669162,/studio/pos_error_xyz.err_y,0.00833036991623004
1.983981359,1759158512.454981359,/studio/pos_error_xyz.err_y,0.00852878571311999
1.9873564730000002,1759158512.458356473,/studio/pos_error_xyz.err_y,NaN
1.990310647,1759158512.461310647,/studio/pos_error_xyz.err_y,NaN
1.990712561,1759158512.461712561,/studio/pos_error_xyz.err_y,0.008566462394143493
1.994005037,1759158512.465005037,/studio/pos_error_xyz.err_y,0.008701798024921104
1.997262654,1759158512.468262654,/studio/pos_error_xyz.err_y,NaN
2.000309087,1759158512.471309087,/studio/pos_error_xyz.err_y,NaN
2.000740859,1759158512.471740859,/studio/pos_error_xyz.err_y,0.008758914043923482
2.004045995,1759158512.475045995,/studio/pos_error_xyz.err_y,0.008964783437422241
2.008074473,1759158512.479074473,/studio/pos_error_xyz.err_y,NaN
2.010322446,1759158512.481322446,/studio/pos_error_xyz.err_y,NaN
2.020327691,1759158512.491327691,/studio/pos_error_xyz.err_y,NaN
2.024886354,1759158512.495886354,/studio/pos_error_xyz.err_y,0.00892398959777907
2.024890843,1759158512.495890843,/studio/pos_error_xyz.err_y,0.008861019826083005
2.024895051,1759158512.495895051,/studio/pos_error_xyz.err_y,0.008798064576935882
2.024900857,1759158512.495900857,/studio/pos_error_xyz.err_y,0.008816208305971962
2.026109909,1759158512.497109909,/studio/pos_error_xyz.err_y,0.008878797421324691
2.027358724,1759158512.498358724,/studio/pos_error_xyz.err_y,0.008963785179481487
2.030276253,1759158512.501276253,/studio/pos_error_xyz.err_y,NaN
2.030695782,1759158512.501695782,/studio/pos_error_xyz.err_y,0.009009758146416136
2.033924502,1759158512.504924502,/studio/pos_error_xyz.err_y,0.009178529063408547
2.037279821,1759158512.508279821,/studio/pos_error_xyz.err_y,NaN
2.040319367,1759158512.511319367,/studio/pos_error_xyz.err_y,NaN
2.040839667,1759158512.511839667,/studio/pos_error_xyz.err_y,0.009224063272231575
2.044034593,1759158512.515034593,/studio/pos_error_xyz.err_y,0.009393173825670509
2.047336502,1759158512.518336502,/studio/pos_error_xyz.err_y,NaN
2.050264866,1759158512.521264866,/studio/pos_error_xyz.err_y,NaN
2.050682882,1759158512.521682882,/studio/pos_error_xyz.err_y,0.00943245811301674
2.054007543,1759158512.525007543,/studio/pos_error_xyz.err_y,0.009581600803333146
2.057346733,1759158512.528346733,/studio/pos_error_xyz.err_y,NaN
2.060290224,1759158512.531290224,/studio/pos_error_xyz.err_y,NaN
2.060693942,1759158512.531693942,/studio/pos_error_xyz.err_y,0.00962279805449251
2.063988944,1759158512.534988944,/studio/pos_error_xyz.err_y,0.009777347713226359
2.067203439,1759158512.538203439,/studio/pos_error_xyz.err_y,NaN
2.070327496,1759158512.541327496,/studio/pos_error_xyz.err_y,NaN
2.070625462,1759158512.541625462,/studio/pos_error_xyz.err_y,0.00981397985187904
2.074137444,1759158512.545137444,/studio/pos_error_xyz.err_y,0.00995397681424004
2.077382483,1759158512.548382483,/studio/pos_error_xyz.err_y,NaN
2.080300645,1759158512.551300645,/studio/pos_error_xyz.err_y,NaN
2.080755404,1759158512.551755404,/studio/pos_error_xyz.err_y,0.009994205535890366
2.083881569,1759158512.554881569,/studio/pos_error_xyz.err_y,0.010147635893660745
2.087256473,1759158512.558256473,/studio/pos_error_xyz.err_y,NaN
2.090306876,1759158512.561306876,/studio/pos_error_xyz.err_y,NaN
2.090833824,1759158512.561833824,/studio/pos_error_xyz.err_y,0.010181690417089051
2.093985507,1759158512.564985507,/studio/pos_error_xyz.err_y,0.010311360853786589
2.097413991,1759158512.568413991,/studio/pos_error_xyz.err_y,NaN
2.100269313,1759158512.571269313,/studio/pos_error_xyz.err_y,NaN
2.100535613,1759158512.571535613,/studio/pos_error_xyz.err_y,0.010341826820957856
2.103855231,1759158512.574855231,/studio/pos_error_xyz.err_y,0.010458235164730656
2.108088706,1759158512.579088706,/studio/pos_error_xyz.err_y,NaN
2.110266816,1759158512.581266816,/studio/pos_error_xyz.err_y,NaN
2.110678649,1759158512.581678649,/studio/pos_error_xyz.err_y,0.010497616571244706
2.113847442,1759158512.584847442,/studio/pos_error_xyz.err_y,0.010649327842296774
2.11715127,1759158512.588151270,/studio/pos_error_xyz.err_y,NaN
2.120271528,1759158512.591271528,/studio/pos_error_xyz.err_y,NaN
2.120554842,1759158512.591554842,/studio/pos_error_xyz.err_y,0.010673815037513634
2.12390027,1759158512.594900270,/studio/pos_error_xyz.err_y,0.010768430754325653
2.127355343,1759158512.598355343,/studio/pos_error_xyz.err_y,NaN
2.1302619910000002,1759158512.601261991,/studio/pos_error_xyz.err_y,NaN
2.130674594,1759158512.601674594,/studio/pos_error_xyz.err_y,0.010792256894535335
2.133970873,1759158512.604970873,/studio/pos_error_xyz.err_y,0.010885009294275605
2.137110439,1759158512.608110439,/studio/pos_error_xyz.err_y,NaN
2.140290267,1759158512.611290267,/studio/pos_error_xyz.err_y,NaN
2.14054807,1759158512.611548070,/studio/pos_error_xyz.err_y,0.01091849124842037
2.143929533,1759158512.614929533,/studio/pos_error_xyz.err_y,0.011050168638572444
2.147289031,1759158512.618289031,/studio/pos_error_xyz.err_y,NaN
2.150339316,1759158512.621339316,/studio/pos_error_xyz.err_y,NaN
2.150625753,1759158512.621625753,/studio/pos_error_xyz.err_y,0.011070457794561506
2.15388041,1759158512.624880410,/studio/pos_error_xyz.err_y,0.011151218166173482
2.157279194,1759158512.628279194,/studio/pos_error_xyz.err_y,NaN
2.160296701,1759158512.631296701,/studio/pos_error_xyz.err_y,NaN
2.1605577240000002,1759158512.631557724,/studio/pos_error_xyz.err_y,0.011172633853004932
2.163832005,1759158512.634832005,/studio/pos_error_xyz.err_y,0.011257871247709605
2.167129178,1759158512.638129178,/studio/pos_error_xyz.err_y,NaN
2.170269072,1759158512.641269072,/studio/pos_error_xyz.err_y,NaN
2.170521507,1759158512.641521507,/studio/pos_error_xyz.err_y,0.01128385994257064
2.1739319200000002,1759158512.644931920,/studio/pos_error_xyz.err_y,0.011387901295501823
2.17715696,1759158512.648156960,/studio/pos_error_xyz.err_y,NaN
2.180301892,1759158512.651301892,/studio/pos_error_xyz.err_y,NaN
2.180594612,1759158512.651594612,/studio/pos_error_xyz.err_y,0.011400857724635394
2.183734912,1759158512.654734912,/studio/pos_error_xyz.err_y,0.011452974952496309
2.187231889,1759158512.658231889,/studio/pos_error_xyz.err_y,NaN
2.190287845,1759158512.661287845,/studio/pos_error_xyz.err_y,NaN
2.190641465,1759158512.661641465,/studio/pos_error_xyz.err_y,0.01147029734187388
2.193888644,1759158512.664888644,/studio/pos_error_xyz.err_y,0.011540494006663682
2.197320321,1759158512.668320321,/studio/pos_error_xyz.err_y,NaN
2.200314431,1759158512.671314431,/studio/pos_error_xyz.err_y,NaN
2.200442039,1759158512.671442039,/studio/pos_error_xyz.err_y,0.011552045794908317
2.204061216,1759158512.675061216,/studio/pos_error_xyz.err_y,0.011599204448466516
2.207261916,1759158512.678261916,/studio/pos_error_xyz.err_y,NaN
2.210262839,1759158512.681262839,/studio/pos_error_xyz.err_y,NaN
2.2109417860000002,1759158512.681941786,/studio/pos_error_xyz.err_y,0.011606748895375496
2.220270615,1759158512.691270615,/studio/pos_error_xyz.err_y,NaN
2.229234757,1759158512.700234757,/studio/pos_error_xyz.err_y,0.011619570510312371
2.229238091,1759158512.700238091,/studio/pos_error_xyz.err_y,0.011632401001068882
2.229240773,1759158512.700240773,/studio/pos_error_xyz.err_y,0.011650774208348924
2.229242571,1759158512.700242571,/studio/pos_error_xyz.err_y,0.011673072159897213
2.230322416,1759158512.701322416,/studio/pos_error_xyz.err_y,NaN
2.230646438,1759158512.701646438,/studio/pos_error_xyz.err_y,0.011695364968928867
2.230669908,1759158512.701669908,/studio/pos_error_xyz.err_y,0.011706495492468605
2.23382701,1759158512.704827010,/studio/pos_error_xyz.err_y,0.011713956307175977
2.237033337,1759158512.708033337,/studio/pos_error_xyz.err_y,NaN
2.24028474,1759158512.711284740,/studio/pos_error_xyz.err_y,NaN
2.240365941,1759158512.711365941,/studio/pos_error_xyz.err_y,0.011708863000383207
2.243885368,1759158512.714885368,/studio/pos_error_xyz.err_y,0.011687520360457171
2.247265807,1759158512.718265807,/studio/pos_error_xyz.err_y,NaN
2.250270577,1759158512.721270577,/studio/pos_error_xyz.err_y,NaN
2.250590366,1759158512.721590366,/studio/pos_error_xyz.err_y,0.011694858912962403
2.253710575,1759158512.724710575,/studio/pos_error_xyz.err_y,0.011725878431101844
2.257110517,1759158512.728110517,/studio/pos_error_xyz.err_y,NaN
2.26027616,1759158512.731276160,/studio/pos_error_xyz.err_y,NaN
2.260389676,1759158512.731389676,/studio/pos_error_xyz.err_y,0.01171664530659644
2.263800376,1759158512.734800376,/studio/pos_error_xyz.err_y,0.011677511165529175
2.267020987,1759158512.738020987,/studio/pos_error_xyz.err_y,NaN
2.270270758,1759158512.741270758,/studio/pos_error_xyz.err_y,NaN
2.270753801,1759158512.741753801,/studio/pos_error_xyz.err_y,0.01167365789419339
2.273824172,1759158512.744824172,/studio/pos_error_xyz.err_y,0.011658786098303953
2.277199729,1759158512.748199729,/studio/pos_error_xyz.err_y,NaN
2.2802682020000002,1759158512.751268202,/studio/pos_error_xyz.err_y,NaN
2.28050264,1759158512.751502640,/studio/pos_error_xyz.err_y,0.011647000912620609
2.283744852,1759158512.754744852,/studio/pos_error_xyz.err_y,0.011596458326417203
2.286969111,1759158512.757969111,/studio/pos_error_xyz.err_y,NaN
2.290300734,1759158512.761300734,/studio/pos_error_xyz.err_y,NaN
2.290439397,1759158512.761439397,/studio/pos_error_xyz.err_y,0.011582663097469137
2.293735679,1759158512.764735679,/studio/pos_error_xyz.err_y,0.011522931333149966
2.2970224310000003,1759158512.768022431,/studio/pos_error_xyz.err_y,NaN
2.30026755,1759158512.771267550,/studio/pos_error_xyz.err_y,NaN
2.30039102,1759158512.771391020,/studio/pos_error_xyz.err_y,0.011513299923932685
2.303611214,1759158512.774611214,/studio/pos_error_xyz.err_y,0.01147083428665141
2.306953697,1759158512.777953697,/studio/pos_error_xyz.err_y,NaN
2.310306649,1759158512.781306649,/studio/pos_error_xyz.err_y,NaN
2.3104931,1759158512.781493100,/studio/pos_error_xyz.err_y,0.011446135091033316
2.313742286,1759158512.784742286,/studio/pos_error_xyz.err_y,0.011337381700625482
2.3171561880000002,1759158512.788156188,/studio/pos_error_xyz.err_y,NaN
2.320318608,1759158512.791318608,/studio/pos_error_xyz.err_y,NaN
2.320324624,1759158512.791324624,/studio/pos_error_xyz.err_y,0.011320052138904302
2.323606105,1759158512.794606105,/studio/pos_error_xyz.err_y,0.011242113156924471
2.327076218,1759158512.798076218,/studio/pos_error_xyz.err_y,NaN
2.330291102,1759158512.801291102,/studio/pos_error_xyz.err_y,NaN
2.330676463,1759158512.801676463,/studio/pos_error_xyz.err_y,0.011224572785893283
2.333646137,1759158512.804646137,/studio/pos_error_xyz.err_y,0.011146677215071232
2.336912398,1759158512.807912398,/studio/pos_error_xyz.err_y,NaN
2.340359036,1759158512.811359036,/studio/pos_error_xyz.err_y,NaN
2.340364857,1759158512.811364857,/studio/pos_error_xyz.err_y,0.011112467721335673
2.34377554,1759158512.814775540,/studio/pos_error_xyz.err_y,0.010959416420908585
2.347037014,1759158512.818037014,/studio/pos_error_xyz.err_y,NaN
2.350333264,1759158512.821333264,/studio/pos_error_xyz.err_y,NaN
2.350363828,1759158512.821363828,/studio/pos_error_xyz.err_y,0.010930044589990473
2.3537314990000002,1759158512.824731499,/studio/pos_error_xyz.err_y,0.010797619465962693
2.3569347990000002,1759158512.827934799,/studio/pos_error_xyz.err_y,NaN
2.360274811,1759158512.831274811,/studio/pos_error_xyz.err_y,NaN
2.36036434,1759158512.831364340,/studio/pos_error_xyz.err_y,0.010775465513876537
2.363727399,1759158512.834727399,/studio/pos_error_xyz.err_y,0.010675137923306544
2.367064521,1759158512.838064521,/studio/pos_error_xyz.err_y,NaN
2.370289566,1759158512.841289566,/studio/pos_error_xyz.err_y,NaN
2.370307575,1759158512.841307575,/studio/pos_error_xyz.err_y,0.010654291270302707
2.373666822,1759158512.844666822,/studio/pos_error_xyz.err_y,0.01055906361671699
2.377013416,1759158512.848013416,/studio/pos_error_xyz.err_y,NaN
2.380285036,1759158512.851285036,/studio/pos_error_xyz.err_y,NaN
2.380329165,1759158512.851329165,/studio/pos_error_xyz.err_y,0.010520775345695732
2.383595794,1759158512.854595794,/studio/pos_error_xyz.err_y,0.010344955035336056
2.387317699,1759158512.858317699,/studio/pos_error_xyz.err_y,NaN
2.3902478780000003,1759158512.861247878,/studio/pos_error_xyz.err_y,NaN
2.390309702,1759158512.861309702,/studio/pos_error_xyz.err_y,0.010312548021799373
2.3936584720000003,1759158512.864658472,/studio/pos_error_xyz.err_y,0.010161488391354112
2.396989557,1759158512.867989557,/studio/pos_error_xyz.err_y,NaN
2.400248197,1759158512.871248197,/studio/pos_error_xyz.err_y,NaN
2.400270594,1759158512.871270594,/studio/pos_error_xyz.err_y,0.010123272799692717
2.403546142,1759158512.874546142,/studio/pos_error_xyz.err_y,0.00994150550803452
2.406879564,1759158512.877879564,/studio/pos_error_xyz.err_y,NaN
2.410271375,1759158512.881271375,/studio/pos_error_xyz.err_y,NaN
2.41032795,1759158512.881327950,/studio/pos_error_xyz.err_y,0.009902988864241014
2.413565492,1759158512.884565492,/studio/pos_error_xyz.err_y,0.009722940765599208
2.417074712,1759158512.888074712,/studio/pos_error_xyz.err_y,NaN
2.420263977,1759158512.891263977,/studio/pos_error_xyz.err_y,NaN
2.430305186,1759158512.901305186,/studio/pos_error_xyz.err_y,NaN
2.434488103,1759158512.905488103,/studio/pos_error_xyz.err_y,0.009687818839926976
2.434490901,1759158512.905490901,/studio/pos_error_xyz.err_y,0.00962099261816629
2.434493971,1759158512.905493971,/studio/pos_error_xyz.err_y,0.009554094446309058
2.434495995,1759158512.905495995,/studio/pos_error_xyz.err_y,0.009489476467885893
2.436702592,1759158512.907702592,/studio/pos_error_xyz.err_y,0.009426788258827479
2.438045516,1759158512.909045516,/studio/pos_error_xyz.err_y,0.009364148208491851
2.440301423,1759158512.911301423,/studio/pos_error_xyz.err_y,NaN
2.440887718,1759158512.911887718,/studio/pos_error_xyz.err_y,0.009301979715278463
2.444031356,1759158512.915031356,/studio/pos_error_xyz.err_y,0.009148458494896428
2.44713975,1759158512.918139750,/studio/pos_error_xyz.err_y,NaN
2.450286738,1759158512.921286738,/studio/pos_error_xyz.err_y,NaN
2.450511901,1759158512.921511901,/studio/pos_error_xyz.err_y,0.009114423727767829
2.4538172620000003,1759158512.924817262,/studio/pos_error_xyz.err_y,0.008949293592427576
2.457004407,1759158512.928004407,/studio/pos_error_xyz.err_y,NaN
2.46026997,1759158512.931269970,/studio/pos_error_xyz.err_y,NaN
2.460434696,1759158512.931434696,/studio/pos_error_xyz.err_y,0.008918829093306435
2.463628761,1759158512.934628761,/studio/pos_error_xyz.err_y,0.008770982581054465
2.466953465,1759158512.937953465,/studio/pos_error_xyz.err_y,NaN
2.47027313,1759158512.941273130,/studio/pos_error_xyz.err_y,NaN
2.470460043,1759158512.941460043,/studio/pos_error_xyz.err_y,0.008747017093485354
2.47355759,1759158512.944557590,/studio/pos_error_xyz.err_y,0.008629795857231226
2.476846186,1759158512.947846186,/studio/pos_error_xyz.err_y,NaN
2.4801496160000003,1759158512.951149616,/studio/pos_error_xyz.err_y,NaN
2.480279012,1759158512.951279012,/studio/pos_error_xyz.err_y,0.008594559580321626
2.483737882,1759158512.954737882,/studio/pos_error_xyz.err_y,0.00842106073191129
2.486941922,1759158512.957941922,/studio/pos_error_xyz.err_y,NaN
2.490252998,1759158512.961252998,/studio/pos_error_xyz.err_y,NaN
2.490291049,1759158512.961291049,/studio/pos_error_xyz.err_y,0.008404134866358604
2.493438149,1759158512.964438149,/studio/pos_error_xyz.err_y,0.0083203191335941
2.496762076,1759158512.967762076,/studio/pos_error_xyz.err_y,NaN
2.500269287,1759158512.971269287,/studio/pos_error_xyz.err_y,NaN
2.500281381,1759158512.971281381,/studio/pos_error_xyz.err_y,0.008298965065593134
2.5035252420000003,1759158512.974525242,/studio/pos_error_xyz.err_y,0.00819122807414896
2.506874973,1759158512.977874973,/studio/pos_error_xyz.err_y,NaN
2.510085973,1759158512.981085973,/studio/pos_error_xyz.err_y,NaN
2.51026238,1759158512.981262380,/studio/pos_error_xyz.err_y,0.008168418639703745
2.513428937,1759158512.984428937,/studio/pos_error_xyz.err_y,0.008053822690216705
2.517432586,1759158512.988432586,/studio/pos_error_xyz.err_y,NaN
2.520252831,1759158512.991252831,/studio/pos_error_xyz.err_y,NaN
2.520284641,1759158512.991284641,/studio/pos_error_xyz.err_y,0.008042968442502296
2.523584,1759158512.994584000,/studio/pos_error_xyz.err_y,0.007988036131652887
2.526883998,1759158512.997883998,/studio/pos_error_xyz.err_y,NaN
2.530137743,1759158513.001137743,/studio/pos_error_xyz.err_y,NaN
2.530265242,1759158513.001265242,/studio/pos_error_xyz.err_y,0.007978269270906058
2.533617688,1759158513.004617688,/studio/pos_error_xyz.err_y,0.007928361591185151
2.536793142,1759158513.007793142,/studio/pos_error_xyz.err_y,NaN
2.540101256,1759158513.011101256,/studio/pos_error_xyz.err_y,NaN
2.540284788,1759158513.011284788,/studio/pos_error_xyz.err_y,0.007919865748267085
2.543454439,1759158513.014454439,/studio/pos_error_xyz.err_y,0.007876164959819132
2.5472657830000003,1759158513.018265783,/studio/pos_error_xyz.err_y,NaN
2.550145366,1759158513.021145366,/studio/pos_error_xyz.err_y,NaN
2.550268539,1759158513.021268539,/studio/pos_error_xyz.err_y,0.007872817550726552
2.55349413,1759158513.024494130,/studio/pos_error_xyz.err_y,0.007855422181191507
2.556927682,1759158513.027927682,/studio/pos_error_xyz.err_y,NaN
2.560019118,1759158513.031019118,/studio/pos_error_xyz.err_y,NaN
2.560274784,1759158513.031274784,/studio/pos_error_xyz.err_y,0.007843450551368925
2.563498813,1759158513.034498813,/studio/pos_error_xyz.err_y,0.007780999549938272
2.5669081719999998,1759158513.037908172,/studio/pos_error_xyz.err_y,NaN
2.570191017,1759158513.041191017,/studio/pos_error_xyz.err_y,NaN
2.5702643700000003,1759158513.041264370,/studio/pos_error_xyz.err_y,0.007769660776424825
2.573510725,1759158513.044510725,/studio/pos_error_xyz.err_y,0.007709968088919439
2.5767085,1759158513.047708500,/studio/pos_error_xyz.err_y,NaN
2.580263838,1759158513.051263838,/studio/pos_error_xyz.err_y,NaN
2.580376409,1759158513.051376409,/studio/pos_error_xyz.err_y,0.00770543389622258
2.583546593,1759158513.054546593,/studio/pos_error_xyz.err_y,0.007681450963483716
2.586893481,1759158513.057893481,/studio/pos_error_xyz.err_y,NaN
2.590049587,1759158513.061049587,/studio/pos_error_xyz.err_y,NaN
2.59026367,1759158513.061263670,/studio/pos_error_xyz.err_y,0.007665246763726152
2.593427609,1759158513.064427609,/studio/pos_error_xyz.err_y,0.007578862884581206
2.596648006,1759158513.067648006,/studio/pos_error_xyz.err_y,NaN
2.600076768,1759158513.071076768,/studio/pos_error_xyz.err_y,NaN
2.600267846,1759158513.071267846,/studio/pos_error_xyz.err_y,0.007569093743945654
2.6034671879999998,1759158513.074467188,/studio/pos_error_xyz.err_y,0.007516688336106192
2.6069031860000003,1759158513.077903186,/studio/pos_error_xyz.err_y,NaN
2.610074927,1759158513.081074927,/studio/pos_error_xyz.err_y,NaN
2.610274881,1759158513.081274881,/studio/pos_error_xyz.err_y,0.007507951176247918
2.613315677,1759158513.084315677,/studio/pos_error_xyz.err_y,0.007460751307818203
2.616771049,1759158513.087771049,/studio/pos_error_xyz.err_y,NaN
2.620272469,1759158513.091272469,/studio/pos_error_xyz.err_y,NaN
2.620556407,1759158513.091556407,/studio/pos_error_xyz.err_y,0.007449414339338656
2.630291587,1759158513.101291587,/studio/pos_error_xyz.err_y,NaN
2.636642995,1759158513.107642995,/studio/pos_error_xyz.err_y,0.007425118066616054
2.636647302,1759158513.107647302,/studio/pos_error_xyz.err_y,0.007400826567382612
2.636652134,1759158513.107652134,/studio/pos_error_xyz.err_y,0.007374898577956923
2.636656108,1759158513.107656108,/studio/pos_error_xyz.err_y,0.007347097020072191
2.640294495,1759158513.111294495,/studio/pos_error_xyz.err_y,NaN
2.642334509,1759158513.113334509,/studio/pos_error_xyz.err_y,0.0073192911842987485
2.642344789,1759158513.113344789,/studio/pos_error_xyz.err_y,0.00729561660892486
2.643438814,1759158513.114438814,/studio/pos_error_xyz.err_y,0.007248573867438601
2.6467819820000003,1759158513.117781982,/studio/pos_error_xyz.err_y,NaN
2.650288666,1759158513.121288666,/studio/pos_error_xyz.err_y,NaN
2.650321655,1759158513.121321655,/studio/pos_error_xyz.err_y,0.007238824615011019
2.653401883,1759158513.124401883,/studio/pos_error_xyz.err_y,0.0071842573834390855
2.65674062,1759158513.127740620,/studio/pos_error_xyz.err_y,NaN
2.6600804670000002,1759158513.131080467,/studio/pos_error_xyz.err_y,NaN
2.660266243,1759158513.131266243,/studio/pos_error_xyz.err_y,0.007175153234657117
2.6634518,1759158513.134451800,/studio/pos_error_xyz.err_y,0.007124877468263957
2.666769959,1759158513.137769959,/studio/pos_error_xyz.err_y,NaN
2.669981048,1759158513.140981048,/studio/pos_error_xyz.err_y,NaN
2.670271053,1759158513.141271053,/studio/pos_error_xyz.err_y,0.007108219271502403
2.673350817,1759158513.144350817,/studio/pos_error_xyz.err_y,0.007013770660531549
2.676786121,1759158513.147786121,/studio/pos_error_xyz.err_y,NaN
2.680109387,1759158513.151109387,/studio/pos_error_xyz.err_y,NaN
2.6802696040000002,1759158513.151269604,/studio/pos_error_xyz.err_y,0.007002995907272158
2.683314199,1759158513.154314199,/studio/pos_error_xyz.err_y,0.006943267197072167
2.6866513860000003,1759158513.157651386,/studio/pos_error_xyz.err_y,NaN
2.6900202550000003,1759158513.161020255,/studio/pos_error_xyz.err_y,NaN
2.690268314,1759158513.161268314,/studio/pos_error_xyz.err_y,0.0069344014859429315
2.693265466,1759158513.164265466,/studio/pos_error_xyz.err_y,0.006883263908381121
2.696619515,1759158513.167619515,/studio/pos_error_xyz.err_y,NaN
2.700264334,1759158513.171264334,/studio/pos_error_xyz.err_y,NaN
2.70108989,1759158513.172089890,/studio/pos_error_xyz.err_y,0.006864043395443442
2.703279971,1759158513.174279971,/studio/pos_error_xyz.err_y,0.006755512243513007
2.706789553,1759158513.177789553,/studio/pos_error_xyz.err_y,NaN
2.710015606,1759158513.181015606,/studio/pos_error_xyz.err_y,NaN
2.710335277,1759158513.181335277,/studio/pos_error_xyz.err_y,0.006755724418766373
2.713273008,1759158513.184273008,/studio/pos_error_xyz.err_y,0.006756964232938589
2.7166603250000003,1759158513.187660325,/studio/pos_error_xyz.err_y,NaN
2.720159507,1759158513.191159507,/studio/pos_error_xyz.err_y,NaN
2.720306296,1759158513.191306296,/studio/pos_error_xyz.err_y,0.0067312236719474505
2.72338072,1759158513.194380720,/studio/pos_error_xyz.err_y,0.006584670444936158
2.726706627,1759158513.197706627,/studio/pos_error_xyz.err_y,NaN
2.729984823,1759158513.200984823,/studio/pos_error_xyz.err_y,NaN
2.7302684,1759158513.201268400,/studio/pos_error_xyz.err_y,0.006569186467138
2.733245685,1759158513.204245685,/studio/pos_error_xyz.err_y,0.0064770137806400285
2.736622677,1759158513.207622677,/studio/pos_error_xyz.err_y,NaN
2.740295806,1759158513.211295806,/studio/pos_error_xyz.err_y,NaN
2.740654542,1759158513.211654542,/studio/pos_error_xyz.err_y,0.00645599578695677
2.743833758,1759158513.214833758,/studio/pos_error_xyz.err_y,0.006337762086166432
2.746656085,1759158513.217656085,/studio/pos_error_xyz.err_y,NaN
2.7499402760000002,1759158513.220940276,/studio/pos_error_xyz.err_y,NaN
2.750279991,1759158513.221279991,/studio/pos_error_xyz.err_y,0.006334423764950969
2.753192721,1759158513.224192721,/studio/pos_error_xyz.err_y,0.0063140899837548226
2.756624634,1759158513.227624634,/studio/pos_error_xyz.err_y,NaN
2.760012389,1759158513.231012389,/studio/pos_error_xyz.err_y,NaN
2.76027793,1759158513.231277930,/studio/pos_error_xyz.err_y,0.006287825220268495
2.763266013,1759158513.234266013,/studio/pos_error_xyz.err_y,0.006140352409392147
2.766568184,1759158513.237568184,/studio/pos_error_xyz.err_y,NaN
2.769889245,1759158513.240889245,/studio/pos_error_xyz.err_y,NaN
2.770269068,1759158513.241269068,/studio/pos_error_xyz.err_y,0.006124501462560605
2.7732267520000002,1759158513.244226752,/studio/pos_error_xyz.err_y,0.006026729042071466
2.776616094,1759158513.247616094,/studio/pos_error_xyz.err_y,NaN
2.779892878,1759158513.250892878,/studio/pos_error_xyz.err_y,NaN
2.780276642,1759158513.251276642,/studio/pos_error_xyz.err_y,0.006006678889357797
2.783260755,1759158513.254260755,/studio/pos_error_xyz.err_y,0.005901273670819052
2.786588295,1759158513.257588295,/studio/pos_error_xyz.err_y,NaN
2.7899390520000003,1759158513.260939052,/studio/pos_error_xyz.err_y,NaN
2.79027034,1759158513.261270340,/studio/pos_error_xyz.err_y,0.005906655417748485
2.793262533,1759158513.264262533,/studio/pos_error_xyz.err_y,0.005940351425087531
2.796665801,1759158513.267665801,/studio/pos_error_xyz.err_y,NaN
2.7998973129999998,1759158513.270897313,/studio/pos_error_xyz.err_y,NaN
2.80027282,1759158513.271272820,/studio/pos_error_xyz.err_y,0.006061735955590564
2.803157289,1759158513.274157289,/studio/pos_error_xyz.err_y,0.006854313595479056
2.806635511,1759158513.277635511,/studio/pos_error_xyz.err_y,NaN
2.809870954,1759158513.280870954,/studio/pos_error_xyz.err_y,NaN
2.810271295,1759158513.281271295,/studio/pos_error_xyz.err_y,0.006863748821659854
2.813266688,1759158513.284266688,/studio/pos_error_xyz.err_y,0.006923716351002529
2.816472686,1759158513.287472686,/studio/pos_error_xyz.err_y,NaN
2.819795137,1759158513.290795137,/studio/pos_error_xyz.err_y,NaN
2.820322001,1759158513.291322001,/studio/pos_error_xyz.err_y,0.006878200451025496
2.823293832,1759158513.294293832,/studio/pos_error_xyz.err_y,0.006625128759115917
2.830310343,1759158513.301310343,/studio/pos_error_xyz.err_y,NaN
2.8397742,1759158513.310774200,/studio/pos_error_xyz.err_y,NaN
2.83978307,1759158513.310783070,/studio/pos_error_xyz.err_y,0.00660192400359616
2.839786181,1759158513.310786181,/studio/pos_error_xyz.err_y,0.006544209056662531
2.839791343,1759158513.310791343,/studio/pos_error_xyz.err_y,0.006486532764706787
2.840296839,1759158513.311296839,/studio/pos_error_xyz.err_y,NaN
2.84635061,1759158513.317350610,/studio/pos_error_xyz.err_y,0.006469007293154139
2.846353517,1759158513.317353517,/studio/pos_error_xyz.err_y,0.0065278541680307
2.847256303,1759158513.318256303,/studio/pos_error_xyz.err_y,0.006594960647179349
2.849881515,1759158513.320881515,/studio/pos_error_xyz.err_y,0.006635687538550705
2.850277374,1759158513.321277374,/studio/pos_error_xyz.err_y,0.006640781993579203
2.8533439080000003,1759158513.324343908,/studio/pos_error_xyz.err_y,0.006674466302562632
2.856702885,1759158513.327702885,/studio/pos_error_xyz.err_y,NaN
2.859865828,1759158513.330865828,/studio/pos_error_xyz.err_y,NaN
2.86029944,1759158513.331299440,/studio/pos_error_xyz.err_y,0.006614967047580578
2.863323163,1759158513.334323163,/studio/pos_error_xyz.err_y,0.006293425450095924
2.866597171,1759158513.337597171,/studio/pos_error_xyz.err_y,NaN
2.869730304,1759158513.340730304,/studio/pos_error_xyz.err_y,NaN
2.87027082,1759158513.341270820,/studio/pos_error_xyz.err_y,0.006286851604696331
2.873060242,1759158513.344060242,/studio/pos_error_xyz.err_y,0.006242775409484036
2.876528749,1759158513.347528749,/studio/pos_error_xyz.err_y,NaN
2.87981164,1759158513.350811640,/studio/pos_error_xyz.err_y,NaN
2.880275997,1759158513.351275997,/studio/pos_error_xyz.err_y,0.006228785155442118
2.883157921,1759158513.354157921,/studio/pos_error_xyz.err_y,0.006233062604780404
2.8864581400000002,1759158513.357458140,/studio/pos_error_xyz.err_y,NaN
2.8897360670000003,1759158513.360736067,/studio/pos_error_xyz.err_y,NaN
2.890339996,1759158513.361339996,/studio/pos_error_xyz.err_y,0.006228489123887293
2.893152418,1759158513.364152418,/studio/pos_error_xyz.err_y,0.006197182432160719
2.89646068,1759158513.367460680,/studio/pos_error_xyz.err_y,NaN
2.8998685340000003,1759158513.370868534,/studio/pos_error_xyz.err_y,NaN
2.900271483,1759158513.371271483,/studio/pos_error_xyz.err_y,0.006194498507857027
2.903027187,1759158513.374027187,/studio/pos_error_xyz.err_y,0.006305545328456397
2.9064508360000003,1759158513.377450836,/studio/pos_error_xyz.err_y,NaN
2.909890868,1759158513.380890868,/studio/pos_error_xyz.err_y,NaN
2.910314189,1759158513.381314189,/studio/pos_error_xyz.err_y,0.006309139868689417
2.91316118,1759158513.384161180,/studio/pos_error_xyz.err_y,0.006334162711870039
2.91651059,1759158513.387510590,/studio/pos_error_xyz.err_y,NaN
2.919696833,1759158513.390696833,/studio/pos_error_xyz.err_y,NaN
2.920274834,1759158513.391274834,/studio/pos_error_xyz.err_y,0.006328548560940561
2.9231116640000003,1759158513.394111664,/studio/pos_error_xyz.err_y,0.006456137010404817
2.9269797,1759158513.397979700,/studio/pos_error_xyz.err_y,NaN
2.92992029,1759158513.400920290,/studio/pos_error_xyz.err_y,NaN
2.930304763,1759158513.401304763,/studio/pos_error_xyz.err_y,0.006480515458064495
2.933059633,1759158513.404059633,/studio/pos_error_xyz.err_y,0.006653316653126851
2.936346371,1759158513.407346371,/studio/pos_error_xyz.err_y,NaN
2.939677092,1759158513.410677092,/studio/pos_error_xyz.err_y,NaN
2.940314197,1759158513.411314197,/studio/pos_error_xyz.err_y,0.006657390519780204
2.943151051,1759158513.414151051,/studio/pos_error_xyz.err_y,0.0068989052862806766
2.946460487,1759158513.417460487,/studio/pos_error_xyz.err_y,NaN
2.949843301,1759158513.420843301,/studio/pos_error_xyz.err_y,NaN
2.950273847,1759158513.421273847,/studio/pos_error_xyz.err_y,0.006926222329947773
2.953026786,1759158513.424026786,/studio/pos_error_xyz.err_y,0.007123987202508175
2.956393803,1759158513.427393803,/studio/pos_error_xyz.err_y,NaN
2.959731236,1759158513.430731236,/studio/pos_error_xyz.err_y,NaN
2.960268755,1759158513.431268755,/studio/pos_error_xyz.err_y,0.0071470185926894025
2.963083765,1759158513.434083765,/studio/pos_error_xyz.err_y,0.007580259990822125
2.966313134,1759158513.437313134,/studio/pos_error_xyz.err_y,NaN
2.969815161,1759158513.440815161,/studio/pos_error_xyz.err_y,NaN
2.9703195950000003,1759158513.441319595,/studio/pos_error_xyz.err_y,0.007631172466168401
2.972991001,1759158513.443991001,/studio/pos_error_xyz.err_y,0.008005912361683798
2.976563515,1759158513.447563515,/studio/pos_error_xyz.err_y,NaN
2.979768709,1759158513.450768709,/studio/pos_error_xyz.err_y,NaN
2.980322317,1759158513.451322317,/studio/pos_error_xyz.err_y,0.008041675376205148
2.982968206,1759158513.453968206,/studio/pos_error_xyz.err_y,0.008643550604781058
2.986542758,1759158513.457542758,/studio/pos_error_xyz.err_y,NaN
2.989790898,1759158513.460790898,/studio/pos_error_xyz.err_y,NaN
2.990329253,1759158513.461329253,/studio/pos_error_xyz.err_y,0.008712803483101883
2.993328607,1759158513.464328607,/studio/pos_error_xyz.err_y,0.009234296641885464
2.9964509340000003,1759158513.467450934,/studio/pos_error_xyz.err_y,NaN
2.9998015590000002,1759158513.470801559,/studio/pos_error_xyz.err_y,NaN
3.000322887,1759158513.471322887,/studio/pos_error_xyz.err_y,0.009291213357320416
3.003063513,1759158513.474063513,/studio/pos_error_xyz.err_y,0.010138857031904092
3.006374493,1759158513.477374493,/studio/pos_error_xyz.err_y,NaN
3.00984146,1759158513.480841460,/studio/pos_error_xyz.err_y,NaN
3.01030608,1759158513.481306080,/studio/pos_error_xyz.err_y,0.010224663571078985
3.013136317,1759158513.484136317,/studio/pos_error_xyz.err_y,0.01091377090547363
3.016418326,1759158513.487418326,/studio/pos_error_xyz.err_y,NaN
3.019599498,1759158513.490599498,/studio/pos_error_xyz.err_y,NaN
3.020319873,1759158513.491319873,/studio/pos_error_xyz.err_y,0.010972240131918998
3.023015197,1759158513.494015197,/studio/pos_error_xyz.err_y,0.011925896993908225
3.026352259,1759158513.497352259,/studio/pos_error_xyz.err_y,NaN
3.030142717,1759158513.501142717,/studio/pos_error_xyz.err_y,NaN
3.030309737,1759158513.501309737,/studio/pos_error_xyz.err_y,0.012042382500716098
3.040308397,1759158513.511308397,/studio/pos_error_xyz.err_y,NaN
3.047560937,1759158513.518560937,/studio/pos_error_xyz.err_y,0.012397018656026049
3.047563456,1759158513.518563456,/studio/pos_error_xyz.err_y,0.012751027629777756
3.0475659840000002,1759158513.518565984,/studio/pos_error_xyz.err_y,0.013081496771492951
3.047569517,1759158513.518569517,/studio/pos_error_xyz.err_y,0.013514835213855658
3.05017357,1759158513.521173570,/studio/pos_error_xyz.err_y,0.014050345694191613
3.050176371,1759158513.521176371,/studio/pos_error_xyz.err_y,0.014408410291011364
3.050292293,1759158513.521292293,/studio/pos_error_xyz.err_y,0.014548784664655479
3.052963181,1759158513.523963181,/studio/pos_error_xyz.err_y,0.01567647669506078
3.056282869,1759158513.527282869,/studio/pos_error_xyz.err_y,NaN
3.059544961,1759158513.530544961,/studio/pos_error_xyz.err_y,NaN
3.06027176,1759158513.531271760,/studio/pos_error_xyz.err_y,0.01577827973280277
3.063328688,1759158513.534328688,/studio/pos_error_xyz.err_y,0.017282386437516006
3.066405245,1759158513.537405245,/studio/pos_error_xyz.err_y,NaN
3.069652147,1759158513.540652147,/studio/pos_error_xyz.err_y,NaN
3.070270263,1759158513.541270263,/studio/pos_error_xyz.err_y,0.017452084450335192
3.073036575,1759158513.544036575,/studio/pos_error_xyz.err_y,0.018829405638034036
3.076259945,1759158513.547259945,/studio/pos_error_xyz.err_y,NaN
3.079637489,1759158513.550637489,/studio/pos_error_xyz.err_y,NaN
3.080314133,1759158513.551314133,/studio/pos_error_xyz.err_y,0.018955090803858266
3.083071745,1759158513.554071745,/studio/pos_error_xyz.err_y,0.020777540898562208
3.086466459,1759158513.557466459,/studio/pos_error_xyz.err_y,NaN
3.090313893,1759158513.561313893,/studio/pos_error_xyz.err_y,NaN
3.092096978,1759158513.563096978,/studio/pos_error_xyz.err_y,0.02096171948409875
3.094028541,1759158513.565028541,/studio/pos_error_xyz.err_y,0.02248258466532116
3.097346748,1759158513.568346748,/studio/pos_error_xyz.err_y,NaN
3.099712778,1759158513.570712778,/studio/pos_error_xyz.err_y,NaN
3.100315685,1759158513.571315685,/studio/pos_error_xyz.err_y,0.02261423724135625
3.102968641,1759158513.573968641,/studio/pos_error_xyz.err_y,0.024622773118414543
3.106631389,1759158513.577631389,/studio/pos_error_xyz.err_y,NaN
3.110343672,1759158513.581343672,/studio/pos_error_xyz.err_y,NaN
3.110353781,1759158513.581353781,/studio/pos_error_xyz.err_y,0.024832353696282006
3.11293069,1759158513.583930690,/studio/pos_error_xyz.err_y,0.02659354915749157
3.116262092,1759158513.587262092,/studio/pos_error_xyz.err_y,NaN
3.119958301,1759158513.590958301,/studio/pos_error_xyz.err_y,NaN
3.120268287,1759158513.591268287,/studio/pos_error_xyz.err_y,0.026734182963382924
3.122918821,1759158513.593918821,/studio/pos_error_xyz.err_y,0.028981127445835586
3.126243589,1759158513.597243589,/studio/pos_error_xyz.err_y,NaN
3.12956658,1759158513.600566580,/studio/pos_error_xyz.err_y,NaN
3.130283955,1759158513.601283955,/studio/pos_error_xyz.err_y,0.029191060462293805
3.133031395,1759158513.604031395,/studio/pos_error_xyz.err_y,0.030997928667599872
3.136308205,1759158513.607308205,/studio/pos_error_xyz.err_y,NaN
3.139680479,1759158513.610680479,/studio/pos_error_xyz.err_y,NaN
3.140346285,1759158513.611346285,/studio/pos_error_xyz.err_y,0.031146324915225065
3.142827675,1759158513.613827675,/studio/pos_error_xyz.err_y,0.03365242429270321
3.146236934,1759158513.617236934,/studio/pos_error_xyz.err_y,NaN
3.14954949,1759158513.620549490,/studio/pos_error_xyz.err_y,NaN
3.150279048,1759158513.621279048,/studio/pos_error_xyz.err_y,NaN
3.152837119,1759158513.623837119,/studio/pos_error_xyz.err_y,0.03591220512135829
3.156226174,1759158513.627226174,/studio/pos_error_xyz.err_y,NaN
3.160015842,1759158513.631015842,/studio/pos_error_xyz.err_y,NaN
3.160275704,1759158513.631275704,/studio/pos_error_xyz.err_y,0.03604585415836015
3.162879019,1759158513.633879019,/studio/pos_error_xyz.err_y,0.038583097993861504
3.166435468,1759158513.637435468,/studio/pos_error_xyz.err_y,NaN
3.169796071,1759158513.640796071,/studio/pos_error_xyz.err_y,NaN
3.170265845,1759158513.641265845,/studio/pos_error_xyz.err_y,0.03881669608632565
3.1729529100000002,1759158513.643952910,/studio/pos_error_xyz.err_y,0.040905090126543975
3.176255307,1759158513.647255307,/studio/pos_error_xyz.err_y,NaN
3.17967789,1759158513.650677890,/studio/pos_error_xyz.err_y,NaN
3.180274095,1759158513.651274095,/studio/pos_error_xyz.err_y,NaN
3.183478841,1759158513.654478841,/studio/pos_error_xyz.err_y,0.043756163445075824
3.186142738,1759158513.657142738,/studio/pos_error_xyz.err_y,NaN
3.189919106,1759158513.660919106,/studio/pos_error_xyz.err_y,NaN
3.1903292,1759158513.661329200,/studio/pos_error_xyz.err_y,NaN
3.192795747,1759158513.663795747,/studio/pos_error_xyz.err_y,0.046119960206839394
3.1961380679999998,1759158513.667138068,/studio/pos_error_xyz.err_y,NaN
3.199530348,1759158513.670530348,/studio/pos_error_xyz.err_y,NaN
3.200317102,1759158513.671317102,/studio/pos_error_xyz.err_y,NaN
3.202939017,1759158513.673939017,/studio/pos_error_xyz.err_y,0.04902680096403511
3.206296125,1759158513.677296125,/studio/pos_error_xyz.err_y,NaN
3.209457199,1759158513.680457199,/studio/pos_error_xyz.err_y,NaN
3.210266308,1759158513.681266308,/studio/pos_error_xyz.err_y,NaN
3.212729098,1759158513.683729098,/studio/pos_error_xyz.err_y,0.05128401334704158
3.216254368,1759158513.687254368,/studio/pos_error_xyz.err_y,NaN
3.219443178,1759158513.690443178,/studio/pos_error_xyz.err_y,NaN
3.220265317,1759158513.691265317,/studio/pos_error_xyz.err_y,NaN
3.223501845,1759158513.694501845,/studio/pos_error_xyz.err_y,0.05435140665730254
3.226356849,1759158513.697356849,/studio/pos_error_xyz.err_y,NaN
3.230284364,1759158513.701284364,/studio/pos_error_xyz.err_y,NaN
3.230351304,1759158513.701351304,/studio/pos_error_xyz.err_y,NaN
3.2328136880000002,1759158513.703813688,/studio/pos_error_xyz.err_y,0.05605149732796377
3.237004979,1759158513.708004979,/studio/pos_error_xyz.err_y,NaN
3.240293456,1759158513.711293456,/studio/pos_error_xyz.err_y,NaN
3.250294968,1759158513.721294968,/studio/pos_error_xyz.err_y,NaN
3.255929596,1759158513.726929596,/studio/pos_error_xyz.err_y,NaN
3.255932862,1759158513.726932862,/studio/pos_error_xyz.err_y,0.05677227541279395
3.255936393,1759158513.726936393,/studio/pos_error_xyz.err_y,0.05784140035489571
3.255942777,1759158513.726942777,/studio/pos_error_xyz.err_y,0.05879541437226754
3.260284816,1759158513.731284816,/studio/pos_error_xyz.err_y,NaN
3.260322144,1759158513.731322144,/studio/pos_error_xyz.err_y,0.05944074924454723
3.260324745,1759158513.731324745,/studio/pos_error_xyz.err_y,0.06008626169040232
3.261819356,1759158513.732819356,/studio/pos_error_xyz.err_y,0.06061209109281318
3.263538967,1759158513.734538967,/studio/pos_error_xyz.err_y,0.06315557743270173
3.266097469,1759158513.737097469,/studio/pos_error_xyz.err_y,NaN
3.2694231670000002,1759158513.740423167,/studio/pos_error_xyz.err_y,NaN
3.270285201,1759158513.741285201,/studio/pos_error_xyz.err_y,NaN
3.272779491,1759158513.743779491,/studio/pos_error_xyz.err_y,0.06675321701957282
3.276191836,1759158513.747191836,/studio/pos_error_xyz.err_y,NaN
3.279473666,1759158513.750473666,/studio/pos_error_xyz.err_y,NaN
3.28026519,1759158513.751265190,/studio/pos_error_xyz.err_y,NaN
3.282852409,1759158513.753852409,/studio/pos_error_xyz.err_y,0.06814271417852957
3.286093049,1759158513.757093049,/studio/pos_error_xyz.err_y,0.07106565300313994
3.289502128,1759158513.760502128,/studio/pos_error_xyz.err_y,NaN
3.290266998,1759158513.761266998,/studio/pos_error_xyz.err_y,NaN
3.292845844,1759158513.763845844,/studio/pos_error_xyz.err_y,0.07315535269365236
3.296112056,1759158513.767112056,/studio/pos_error_xyz.err_y,NaN
3.299314105,1759158513.770314105,/studio/pos_error_xyz.err_y,NaN
3.300294433,1759158513.771294433,/studio/pos_error_xyz.err_y,NaN
3.302662628,1759158513.773662628,/studio/pos_error_xyz.err_y,0.0759434029365127
3.306033839,1759158513.777033839,/studio/pos_error_xyz.err_y,NaN
3.309316516,1759158513.780316516,/studio/pos_error_xyz.err_y,NaN
3.3102715480000002,1759158513.781271548,/studio/pos_error_xyz.err_y,NaN
3.312730471,1759158513.783730471,/studio/pos_error_xyz.err_y,0.07786211247349284
3.315967907,1759158513.786967907,/studio/pos_error_xyz.err_y,NaN
3.31930221,1759158513.790302210,/studio/pos_error_xyz.err_y,NaN
3.3202757529999998,1759158513.791275753,/studio/pos_error_xyz.err_y,NaN
3.322728943,1759158513.793728943,/studio/pos_error_xyz.err_y,0.0816094773932785
3.325984857,1759158513.796984857,/studio/pos_error_xyz.err_y,NaN
3.329436722,1759158513.800436722,/studio/pos_error_xyz.err_y,NaN
3.330262372,1759158513.801262372,/studio/pos_error_xyz.err_y,NaN
3.332596982,1759158513.803596982,/studio/pos_error_xyz.err_y,0.08374006783828936
3.336668583,1759158513.807668583,/studio/pos_error_xyz.err_y,NaN
3.33934625,1759158513.810346250,/studio/pos_error_xyz.err_y,NaN
3.340316862,1759158513.811316862,/studio/pos_error_xyz.err_y,NaN
3.342705579,1759158513.813705579,/studio/pos_error_xyz.err_y,0.08677224164958774
3.346006075,1759158513.817006075,/studio/pos_error_xyz.err_y,NaN
3.349367717,1759158513.820367717,/studio/pos_error_xyz.err_y,NaN
3.350268707,1759158513.821268707,/studio/pos_error_xyz.err_y,NaN
3.352657108,1759158513.823657108,/studio/pos_error_xyz.err_y,0.08837563782011237
3.356151716,1759158513.827151716,/studio/pos_error_xyz.err_y,NaN
3.359397128,1759158513.830397128,/studio/pos_error_xyz.err_y,NaN
3.360260722,1759158513.831260722,/studio/pos_error_xyz.err_y,NaN
3.362820339,1759158513.833820339,/studio/pos_error_xyz.err_y,0.0919767315846638
3.366174768,1759158513.837174768,/studio/pos_error_xyz.err_y,NaN
3.369470848,1759158513.840470848,/studio/pos_error_xyz.err_y,NaN
3.370314145,1759158513.841314145,/studio/pos_error_xyz.err_y,NaN
3.372672482,1759158513.843672482,/studio/pos_error_xyz.err_y,0.09427332764643093
3.376285478,1759158513.847285478,/studio/pos_error_xyz.err_y,NaN
3.3792524,1759158513.850252400,/studio/pos_error_xyz.err_y,NaN
3.380264914,1759158513.851264914,/studio/pos_error_xyz.err_y,NaN
3.382653771,1759158513.853653771,/studio/pos_error_xyz.err_y,0.09663233397514404
3.386028462,1759158513.857028462,/studio/pos_error_xyz.err_y,NaN
3.389306533,1759158513.860306533,/studio/pos_error_xyz.err_y,NaN
3.3902697330000002,1759158513.861269733,/studio/pos_error_xyz.err_y,NaN
3.392580705,1759158513.863580705,/studio/pos_error_xyz.err_y,0.09932221942782227
3.395992744,1759158513.866992744,/studio/pos_error_xyz.err_y,NaN
3.399309896,1759158513.870309896,/studio/pos_error_xyz.err_y,NaN
3.400260148,1759158513.871260148,/studio/pos_error_xyz.err_y,NaN
3.402773023,1759158513.873773023,/studio/pos_error_xyz.err_y,0.10225600719715522
3.40594812,1759158513.876948120,/studio/pos_error_xyz.err_y,NaN
3.4092518480000003,1759158513.880251848,/studio/pos_error_xyz.err_y,NaN
3.410261059,1759158513.881261059,/studio/pos_error_xyz.err_y,NaN
3.412623776,1759158513.883623776,/studio/pos_error_xyz.err_y,0.10541963034011292
3.415942715,1759158513.886942715,/studio/pos_error_xyz.err_y,NaN
3.419338232,1759158513.890338232,/studio/pos_error_xyz.err_y,NaN
3.420268837,1759158513.891268837,/studio/pos_error_xyz.err_y,NaN
3.422751141,1759158513.893751141,/studio/pos_error_xyz.err_y,0.10975736969350436
3.426065176,1759158513.897065176,/studio/pos_error_xyz.err_y,NaN
3.429535152,1759158513.900535152,/studio/pos_error_xyz.err_y,NaN
3.43030116,1759158513.901301160,/studio/pos_error_xyz.err_y,NaN
3.432615244,1759158513.903615244,/studio/pos_error_xyz.err_y,0.11311391026008111
3.435972417,1759158513.906972417,/studio/pos_error_xyz.err_y,NaN
3.439839096,1759158513.910839096,/studio/pos_error_xyz.err_y,NaN
3.440278359,1759158513.911278359,/studio/pos_error_xyz.err_y,NaN
3.45030761,1759158513.921307610,/studio/pos_error_xyz.err_y,NaN
3.4564720490000003,1759158513.927472049,/studio/pos_error_xyz.err_y,0.11477913564742948
3.456475063,1759158513.927475063,/studio/pos_error_xyz.err_y,0.11686156008151682
3.456477826,1759158513.927477826,/studio/pos_error_xyz.err_y,0.11886848068461142
3.456481674,1759158513.927481674,/studio/pos_error_xyz.err_y,0.12059702211840917
3.460278703,1759158513.931278703,/studio/pos_error_xyz.err_y,NaN
3.460441157,1759158513.931441157,/studio/pos_error_xyz.err_y,0.12232679258087109
3.46044672,1759158513.931446720,/studio/pos_error_xyz.err_y,0.12386035296189712
3.462682845,1759158513.933682845,/studio/pos_error_xyz.err_y,0.1287133441942203
3.465851792,1759158513.936851792,/studio/pos_error_xyz.err_y,NaN
3.470291665,1759158513.941291665,/studio/pos_error_xyz.err_y,NaN
3.470300203,1759158513.941300203,/studio/pos_error_xyz.err_y,NaN
3.472619442,1759158513.943619442,/studio/pos_error_xyz.err_y,0.13332494989004928
3.476116067,1759158513.947116067,/studio/pos_error_xyz.err_y,NaN
3.479216576,1759158513.950216576,/studio/pos_error_xyz.err_y,NaN
3.480261178,1759158513.951261178,/studio/pos_error_xyz.err_y,NaN
3.482801914,1759158513.953801914,/studio/pos_error_xyz.err_y,0.13913045649524758
3.486102535,1759158513.957102535,/studio/pos_error_xyz.err_y,NaN
3.489120154,1759158513.960120154,/studio/pos_error_xyz.err_y,NaN
3.490256879,1759158513.961256879,/studio/pos_error_xyz.err_y,NaN
3.492542611,1759158513.963542611,/studio/pos_error_xyz.err_y,0.14435789972566626
3.495930772,1759158513.966930772,/studio/pos_error_xyz.err_y,NaN
3.49923741,1759158513.970237410,/studio/pos_error_xyz.err_y,NaN
3.500271421,1759158513.971271421,/studio/pos_error_xyz.err_y,NaN
3.502702928,1759158513.973702928,/studio/pos_error_xyz.err_y,0.15064453023900048
3.505981558,1759158513.976981558,/studio/pos_error_xyz.err_y,NaN
3.5092821350000003,1759158513.980282135,/studio/pos_error_xyz.err_y,NaN
3.510259339,1759158513.981259339,/studio/pos_error_xyz.err_y,NaN
3.512621879,1759158513.983621879,/studio/pos_error_xyz.err_y,0.15291095922208742
3.515913796,1759158513.986913796,/studio/pos_error_xyz.err_y,0.15633109340664397
3.519207088,1759158513.990207088,/studio/pos_error_xyz.err_y,NaN
3.520266044,1759158513.991266044,/studio/pos_error_xyz.err_y,NaN
3.522642473,1759158513.993642473,/studio/pos_error_xyz.err_y,0.16302621691006536
3.525877296,1759158513.996877296,/studio/pos_error_xyz.err_y,NaN
3.529195294,1759158514.000195294,/studio/pos_error_xyz.err_y,NaN
3.530259972,1759158514.001259972,/studio/pos_error_xyz.err_y,NaN
3.5324876080000003,1759158514.003487608,/studio/pos_error_xyz.err_y,0.16528193843375139
3.535792566,1759158514.006792566,/studio/pos_error_xyz.err_y,0.16871135757077682
3.5392737,1759158514.010273700,/studio/pos_error_xyz.err_y,NaN
3.540287009,1759158514.011287009,/studio/pos_error_xyz.err_y,NaN
3.542581169,1759158514.013581169,/studio/pos_error_xyz.err_y,0.17622399417093648
3.545788622,1759158514.016788622,/studio/pos_error_xyz.err_y,NaN
3.549176663,1759158514.020176663,/studio/pos_error_xyz.err_y,NaN
3.550264632,1759158514.021264632,/studio/pos_error_xyz.err_y,NaN
3.552514777,1759158514.023514777,/studio/pos_error_xyz.err_y,0.18283704046506466
3.555738774,1759158514.026738774,/studio/pos_error_xyz.err_y,NaN
3.5591102130000003,1759158514.030110213,/studio/pos_error_xyz.err_y,NaN
3.5602637,1759158514.031263700,/studio/pos_error_xyz.err_y,NaN
3.562647651,1759158514.033647651,/studio/pos_error_xyz.err_y,0.1906603995254661
3.565799786,1759158514.036799786,/studio/pos_error_xyz.err_y,NaN
3.569116311,1759158514.040116311,/studio/pos_error_xyz.err_y,NaN
3.5703082569999998,1759158514.041308257,/studio/pos_error_xyz.err_y,NaN
3.5723797040000003,1759158514.043379704,/studio/pos_error_xyz.err_y,0.19761403169198521
3.575843248,1759158514.046843248,/studio/pos_error_xyz.err_y,NaN
3.579092337,1759158514.050092337,/studio/pos_error_xyz.err_y,NaN
3.580268699,1759158514.051268699,/studio/pos_error_xyz.err_y,NaN
3.582489968,1759158514.053489968,/studio/pos_error_xyz.err_y,0.20563816946051505
3.585689586,1759158514.056689586,/studio/pos_error_xyz.err_y,NaN
3.58904934,1759158514.060049340,/studio/pos_error_xyz.err_y,NaN
3.590313963,1759158514.061313963,/studio/pos_error_xyz.err_y,NaN
3.592454978,1759158514.063454978,/studio/pos_error_xyz.err_y,0.2131761370436408
3.59570206,1759158514.066702060,/studio/pos_error_xyz.err_y,NaN
3.5991009910000002,1759158514.070100991,/studio/pos_error_xyz.err_y,NaN
3.600271334,1759158514.071271334,/studio/pos_error_xyz.err_y,NaN
3.602439291,1759158514.073439291,/studio/pos_error_xyz.err_y,0.22098940815225143
3.6061115,1759158514.077111500,/studio/pos_error_xyz.err_y,NaN
3.60931122,1759158514.080311220,/studio/pos_error_xyz.err_y,NaN
3.610271537,1759158514.081271537,/studio/pos_error_xyz.err_y,NaN
3.6124505239999998,1759158514.083450524,/studio/pos_error_xyz.err_y,0.22829252769573438
3.615946401,1759158514.086946401,/studio/pos_error_xyz.err_y,NaN
3.619017089,1759158514.090017089,/studio/pos_error_xyz.err_y,NaN
3.620282821,1759158514.091282821,/studio/pos_error_xyz.err_y,NaN
3.622450903,1759158514.093450903,/studio/pos_error_xyz.err_y,0.23138142852423876
3.62575003,1759158514.096750030,/studio/pos_error_xyz.err_y,0.23668239223935023
3.629140678,1759158514.100140678,/studio/pos_error_xyz.err_y,NaN
3.630299306,1759158514.101299306,/studio/pos_error_xyz.err_y,NaN
3.632300653,1759158514.103300653,/studio/pos_error_xyz.err_y,0.2439669124377714
3.6357575520000003,1759158514.106757552,/studio/pos_error_xyz.err_y,NaN
3.638978025,1759158514.109978025,/studio/pos_error_xyz.err_y,NaN
3.640327454,1759158514.111327454,/studio/pos_error_xyz.err_y,NaN
3.642387036,1759158514.113387036,/studio/pos_error_xyz.err_y,0.25184296193900596
3.646645435,1759158514.117645435,/studio/pos_error_xyz.err_y,NaN
3.650279211,1759158514.121279211,/studio/pos_error_xyz.err_y,NaN
3.660356818,1759158514.131356818,/studio/pos_error_xyz.err_y,NaN
3.66254411,1759158514.133544110,/studio/pos_error_xyz.err_y,NaN
3.662546272,1759158514.133546272,/studio/pos_error_xyz.err_y,0.25480652805123916
3.662552509,1759158514.133552509,/studio/pos_error_xyz.err_y,0.2573745141183773
3.662554937,1759158514.133554937,/studio/pos_error_xyz.err_y,0.2599148302889912
3.665788949,1759158514.136788949,/studio/pos_error_xyz.err_y,0.2623136782250614
3.666578651,1759158514.137578651,/studio/pos_error_xyz.err_y,0.2647545942126951
3.669030571,1759158514.140030571,/studio/pos_error_xyz.err_y,0.2668600594323969
3.670273824,1759158514.141273824,/studio/pos_error_xyz.err_y,NaN
3.672326925,1759158514.143326925,/studio/pos_error_xyz.err_y,0.2740418559891127
3.675569867,1759158514.146569867,/studio/pos_error_xyz.err_y,NaN
3.679006581,1759158514.150006581,/studio/pos_error_xyz.err_y,NaN
3.680269338,1759158514.151269338,/studio/pos_error_xyz.err_y,NaN
3.682458576,1759158514.153458576,/studio/pos_error_xyz.err_y,0.2812023397688066
3.685714113,1759158514.156714113,/studio/pos_error_xyz.err_y,NaN
3.6892271130000003,1759158514.160227113,/studio/pos_error_xyz.err_y,NaN
3.690265522,1759158514.161265522,/studio/pos_error_xyz.err_y,NaN
3.6923196369999998,1759158514.163319637,/studio/pos_error_xyz.err_y,0.2839850457173109
3.695648463,1759158514.166648463,/studio/pos_error_xyz.err_y,0.2885023011936343
3.699006695,1759158514.170006695,/studio/pos_error_xyz.err_y,NaN
3.700258351,1759158514.171258351,/studio/pos_error_xyz.err_y,NaN
3.702375929,1759158514.173375929,/studio/pos_error_xyz.err_y,0.29126459227307233
3.705623746,1759158514.176623746,/studio/pos_error_xyz.err_y,0.2954960369336136
3.70893855,1759158514.179938550,/studio/pos_error_xyz.err_y,NaN
3.710259648,1759158514.181259648,/studio/pos_error_xyz.err_y,NaN
3.712317374,1759158514.183317374,/studio/pos_error_xyz.err_y,0.3026107868603507
3.7156452470000003,1759158514.186645247,/studio/pos_error_xyz.err_y,NaN
3.719282001,1759158514.190282001,/studio/pos_error_xyz.err_y,NaN
3.720268287,1759158514.191268287,/studio/pos_error_xyz.err_y,NaN
3.722795102,1759158514.193795102,/studio/pos_error_xyz.err_y,0.30886414824567865
3.72559692,1759158514.196596920,/studio/pos_error_xyz.err_y,NaN
3.728935566,1759158514.199935566,/studio/pos_error_xyz.err_y,NaN
3.73029352,1759158514.201293520,/studio/pos_error_xyz.err_y,NaN
3.732289172,1759158514.203289172,/studio/pos_error_xyz.err_y,0.3114634648761808
3.735717761,1759158514.206717761,/studio/pos_error_xyz.err_y,0.3157624557570408
3.739166846,1759158514.210166846,/studio/pos_error_xyz.err_y,NaN
3.740280733,1759158514.211280733,/studio/pos_error_xyz.err_y,NaN
3.742388515,1759158514.213388515,/studio/pos_error_xyz.err_y,0.3220442234689105
3.7462664400000003,1759158514.217266440,/studio/pos_error_xyz.err_y,NaN
3.749082038,1759158514.220082038,/studio/pos_error_xyz.err_y,NaN
3.75030015,1759158514.221300150,/studio/pos_error_xyz.err_y,NaN
3.75225843,1759158514.223258430,/studio/pos_error_xyz.err_y,0.32844961604149314
3.755624109,1759158514.226624109,/studio/pos_error_xyz.err_y,NaN
3.758846161,1759158514.229846161,/studio/pos_error_xyz.err_y,NaN
3.760265304,1759158514.231265304,/studio/pos_error_xyz.err_y,NaN
3.762397243,1759158514.233397243,/studio/pos_error_xyz.err_y,0.33096170702265265
3.765714504,1759158514.236714504,/studio/pos_error_xyz.err_y,0.33436372142348136
3.768821416,1759158514.239821416,/studio/pos_error_xyz.err_y,NaN
3.770268331,1759158514.241268331,/studio/pos_error_xyz.err_y,NaN
3.772544443,1759158514.243544443,/studio/pos_error_xyz.err_y,0.34052477051076246
3.775844917,1759158514.246844917,/studio/pos_error_xyz.err_y,NaN
3.778933347,1759158514.249933347,/studio/pos_error_xyz.err_y,NaN
3.7802652979999998,1759158514.251265298,/studio/pos_error_xyz.err_y,NaN
3.782442309,1759158514.253442309,/studio/pos_error_xyz.err_y,0.3458504106271756
3.785684104,1759158514.256684104,/studio/pos_error_xyz.err_y,NaN
3.788757051,1759158514.259757051,/studio/pos_error_xyz.err_y,NaN
3.790271119,1759158514.261271119,/studio/pos_error_xyz.err_y,NaN
3.792129662,1759158514.263129662,/studio/pos_error_xyz.err_y,0.34799596087725193
3.795709415,1759158514.266709415,/studio/pos_error_xyz.err_y,0.3516379299322169
3.799013712,1759158514.270013712,/studio/pos_error_xyz.err_y,NaN
3.800270111,1759158514.271270111,/studio/pos_error_xyz.err_y,NaN
3.802494496,1759158514.273494496,/studio/pos_error_xyz.err_y,0.35384748512487374
3.805483201,1759158514.276483201,/studio/pos_error_xyz.err_y,0.3564680928952444
3.808898941,1759158514.279898941,/studio/pos_error_xyz.err_y,NaN
3.810266135,1759158514.281266135,/studio/pos_error_xyz.err_y,NaN
3.812274339,1759158514.283274339,/studio/pos_error_xyz.err_y,0.36173044619630434
3.8155153090000002,1759158514.286515309,/studio/pos_error_xyz.err_y,NaN
3.818888488,1759158514.289888488,/studio/pos_error_xyz.err_y,NaN
3.820265154,1759158514.291265154,/studio/pos_error_xyz.err_y,NaN
3.8221266,1759158514.293126600,/studio/pos_error_xyz.err_y,0.36598366524283343
3.82541906,1759158514.296419060,/studio/pos_error_xyz.err_y,NaN
3.828960813,1759158514.299960813,/studio/pos_error_xyz.err_y,NaN
3.830272817,1759158514.301272817,/studio/pos_error_xyz.err_y,NaN
3.832374061,1759158514.303374061,/studio/pos_error_xyz.err_y,0.3709371354415514
3.835519038,1759158514.306519038,/studio/pos_error_xyz.err_y,NaN
3.838880282,1759158514.309880282,/studio/pos_error_xyz.err_y,NaN
3.840287226,1759158514.311287226,/studio/pos_error_xyz.err_y,NaN
3.842280955,1759158514.313280955,/studio/pos_error_xyz.err_y,0.3748123154497418
3.8455340920000003,1759158514.316534092,/studio/pos_error_xyz.err_y,NaN
3.850272379,1759158514.321272379,/studio/pos_error_xyz.err_y,NaN
3.8511876320000002,1759158514.322187632,/studio/pos_error_xyz.err_y,NaN
3.860319045,1759158514.331319045,/studio/pos_error_xyz.err_y,NaN
3.866569593,1759158514.337569593,/studio/pos_error_xyz.err_y,0.3763765920490122
3.8665766010000002,1759158514.337576601,/studio/pos_error_xyz.err_y,0.3778053057544327
3.866579808,1759158514.337579808,/studio/pos_error_xyz.err_y,0.37929281746428045
3.866582604,1759158514.337582604,/studio/pos_error_xyz.err_y,0.38091162798352696
3.869311728,1759158514.340311728,/studio/pos_error_xyz.err_y,0.38173242568974075
3.869313945,1759158514.340313945,/studio/pos_error_xyz.err_y,0.38247687264259844
3.870267296,1759158514.341267296,/studio/pos_error_xyz.err_y,NaN
3.872175732,1759158514.343175732,/studio/pos_error_xyz.err_y,0.38388885004936546
3.8755811,1759158514.346581100,/studio/pos_error_xyz.err_y,0.3863645986557368
3.8790647380000003,1759158514.350064738,/studio/pos_error_xyz.err_y,NaN
3.880271786,1759158514.351271786,/studio/pos_error_xyz.err_y,NaN
3.882161174,1759158514.353161174,/studio/pos_error_xyz.err_y,0.38799879257773207
3.8855043670000002,1759158514.356504367,/studio/pos_error_xyz.err_y,0.3891391234669521
3.889018544,1759158514.360018544,/studio/pos_error_xyz.err_y,NaN
3.890272338,1759158514.361272338,/studio/pos_error_xyz.err_y,NaN
3.89214563,1759158514.363145630,/studio/pos_error_xyz.err_y,0.39066491393320835
3.895697884,1759158514.366697884,/studio/pos_error_xyz.err_y,0.3933673387474774
3.898685706,1759158514.369685706,/studio/pos_error_xyz.err_y,NaN
3.900268432,1759158514.371268432,/studio/pos_error_xyz.err_y,NaN
3.902161458,1759158514.373161458,/studio/pos_error_xyz.err_y,0.39478112723677383
3.905342339,1759158514.376342339,/studio/pos_error_xyz.err_y,0.39543253588837457
3.908933728,1759158514.379933728,/studio/pos_error_xyz.err_y,NaN
3.910262646,1759158514.381262646,/studio/pos_error_xyz.err_y,NaN
3.9120457440000003,1759158514.383045744,/studio/pos_error_xyz.err_y,0.39675660953186687
3.915417774,1759158514.386417774,/studio/pos_error_xyz.err_y,0.3991239333198071
3.918859803,1759158514.389859803,/studio/pos_error_xyz.err_y,NaN
3.92027267,1759158514.391272670,/studio/pos_error_xyz.err_y,NaN
3.922225031,1759158514.393225031,/studio/pos_error_xyz.err_y,0.4003305760015199
3.925635923,1759158514.396635923,/studio/pos_error_xyz.err_y,NaN
3.928759109,1759158514.399759109,/studio/pos_error_xyz.err_y,NaN
3.930293286,1759158514.401293286,/studio/pos_error_xyz.err_y,NaN
3.932162561,1759158514.403162561,/studio/pos_error_xyz.err_y,0.40310687678395873
3.935396431,1759158514.406396431,/studio/pos_error_xyz.err_y,NaN
3.9387605480000003,1759158514.409760548,/studio/pos_error_xyz.err_y,NaN
3.940305545,1759158514.411305545,/studio/pos_error_xyz.err_y,NaN
3.9423015230000003,1759158514.413301523,/studio/pos_error_xyz.err_y,0.40452363671192826
3.945616413,1759158514.416616413,/studio/pos_error_xyz.err_y,NaN
3.948791624,1759158514.419791624,/studio/pos_error_xyz.err_y,NaN
3.9502773920000003,1759158514.421277392,/studio/pos_error_xyz.err_y,NaN
3.952204048,1759158514.423204048,/studio/pos_error_xyz.err_y,0.40529502288560604
3.955559519,1759158514.426559519,/studio/pos_error_xyz.err_y,0.4066974789150095
3.958859956,1759158514.429859956,/studio/pos_error_xyz.err_y,NaN
3.960270901,1759158514.431270901,/studio/pos_error_xyz.err_y,NaN
3.962075131,1759158514.433075131,/studio/pos_error_xyz.err_y,0.40776266387976756
3.965376385,1759158514.436376385,/studio/pos_error_xyz.err_y,0.40750859272760076
3.968698936,1759158514.439698936,/studio/pos_error_xyz.err_y,NaN
3.970275423,1759158514.441275423,/studio/pos_error_xyz.err_y,NaN
3.97205149,1759158514.443051490,/studio/pos_error_xyz.err_y,0.40810469203567856
3.975487328,1759158514.446487328,/studio/pos_error_xyz.err_y,0.4091972798891197
3.97891007,1759158514.449910070,/studio/pos_error_xyz.err_y,NaN
3.980265064,1759158514.451265064,/studio/pos_error_xyz.err_y,NaN
3.982197898,1759158514.453197898,/studio/pos_error_xyz.err_y,0.41012140927633634
3.985572846,1759158514.456572846,/studio/pos_error_xyz.err_y,0.4095302702253947
3.988712368,1759158514.459712368,/studio/pos_error_xyz.err_y,NaN
3.990264879,1759158514.461264879,/studio/pos_error_xyz.err_y,NaN
3.9920439620000003,1759158514.463043962,/studio/pos_error_xyz.err_y,0.4100296592102961
3.9952691270000003,1759158514.466269127,/studio/pos_error_xyz.err_y,0.4109527553129355
3.9986148360000002,1759158514.469614836,/studio/pos_error_xyz.err_y,NaN
4.000273484,1759158514.471273484,/studio/pos_error_xyz.err_y,NaN
4.002162098,1759158514.473162098,/studio/pos_error_xyz.err_y,0.4105494266319325
4.00534897,1759158514.476348970,/studio/pos_error_xyz.err_y,NaN
4.008668316,1759158514.479668316,/studio/pos_error_xyz.err_y,NaN
4.010262625,1759158514.481262625,/studio/pos_error_xyz.err_y,NaN
4.011970332,1759158514.482970332,/studio/pos_error_xyz.err_y,0.41089180492316757
4.015253542,1759158514.486253542,/studio/pos_error_xyz.err_y,0.4115306559437193
4.018813633,1759158514.489813633,/studio/pos_error_xyz.err_y,NaN
4.020275841,1759158514.491275841,/studio/pos_error_xyz.err_y,NaN
4.022099232,1759158514.493099232,/studio/pos_error_xyz.err_y,0.41112678521097923
4.02539925,1759158514.496399250,/studio/pos_error_xyz.err_y,NaN
4.028627355,1759158514.499627355,/studio/pos_error_xyz.err_y,NaN
4.030271718,1759158514.501271718,/studio/pos_error_xyz.err_y,NaN
4.031989666,1759158514.502989666,/studio/pos_error_xyz.err_y,0.4112908904131052
4.035386606,1759158514.506386606,/studio/pos_error_xyz.err_y,0.41160080162237045
4.038693594,1759158514.509693594,/studio/pos_error_xyz.err_y,NaN
4.040297811,1759158514.511297811,/studio/pos_error_xyz.err_y,NaN
4.041905949,1759158514.512905949,/studio/pos_error_xyz.err_y,0.4120519244301819
4.045204193,1759158514.516204193,/studio/pos_error_xyz.err_y,0.4103883853508272
4.048563959,1759158514.519563959,/studio/pos_error_xyz.err_y,NaN
4.050279752,1759158514.521279752,/studio/pos_error_xyz.err_y,NaN
4.052130359,1759158514.523130359,/studio/pos_error_xyz.err_y,0.4107442890670321
4.060265706,1759158514.531265706,/studio/pos_error_xyz.err_y,NaN
4.069635461,1759158514.540635461,/studio/pos_error_xyz.err_y,NaN
4.069638557,1759158514.540638557,/studio/pos_error_xyz.err_y,NaN
4.06964399,1759158514.540643990,/studio/pos_error_xyz.err_y,0.41090499061823627
4.069646002,1759158514.540646002,/studio/pos_error_xyz.err_y,0.4097587114631689
4.070272735,1759158514.541272735,/studio/pos_error_xyz.err_y,NaN
4.075161833,1759158514.546161833,/studio/pos_error_xyz.err_y,0.4086437007087671
4.075163332,1759158514.546163332,/studio/pos_error_xyz.err_y,0.40854215487240064
4.07661928,1759158514.547619280,/studio/pos_error_xyz.err_y,0.40844041252345886
4.078686502,1759158514.549686502,/studio/pos_error_xyz.err_y,0.40834163502062637
4.080271471,1759158514.551271471,/studio/pos_error_xyz.err_y,NaN
4.081972993,1759158514.552972993,/studio/pos_error_xyz.err_y,0.40586710428790296
4.085305759,1759158514.556305759,/studio/pos_error_xyz.err_y,NaN
4.088682408,1759158514.559682408,/studio/pos_error_xyz.err_y,NaN
4.090269993,1759158514.561269993,/studio/pos_error_xyz.err_y,NaN
4.092037451,1759158514.563037451,/studio/pos_error_xyz.err_y,0.40554183563248025
4.095268893,1759158514.566268893,/studio/pos_error_xyz.err_y,0.4049129544551686
4.098770355,1759158514.569770355,/studio/pos_error_xyz.err_y,NaN
4.100262287,1759158514.571262287,/studio/pos_error_xyz.err_y,NaN
4.102210424,1759158514.573210424,/studio/pos_error_xyz.err_y,0.4049259560028038
4.105275046,1759158514.576275046,/studio/pos_error_xyz.err_y,0.4023208036987984
4.108692497,1759158514.579692497,/studio/pos_error_xyz.err_y,NaN
4.110260803,1759158514.581260803,/studio/pos_error_xyz.err_y,NaN
4.111876872,1759158514.582876872,/studio/pos_error_xyz.err_y,0.4018135556736866
4.115099013,1759158514.586099013,/studio/pos_error_xyz.err_y,0.40082444828612407
4.118524157,1759158514.589524157,/studio/pos_error_xyz.err_y,NaN
4.120299109,1759158514.591299109,/studio/pos_error_xyz.err_y,NaN
4.121908474,1759158514.592908474,/studio/pos_error_xyz.err_y,0.39758280199150975
4.125246488,1759158514.596246488,/studio/pos_error_xyz.err_y,NaN
4.128584889,1759158514.599584889,/studio/pos_error_xyz.err_y,NaN
4.130266926,1759158514.601266926,/studio/pos_error_xyz.err_y,NaN
4.132006073,1759158514.603006073,/studio/pos_error_xyz.err_y,0.39589772427253145
4.135653185,1759158514.606653185,/studio/pos_error_xyz.err_y,NaN
4.138658679,1759158514.609658679,/studio/pos_error_xyz.err_y,NaN
4.140328167,1759158514.611328167,/studio/pos_error_xyz.err_y,NaN
4.14196353,1759158514.612963530,/studio/pos_error_xyz.err_y,0.3955679204996685
4.145178503,1759158514.616178503,/studio/pos_error_xyz.err_y,0.3922559645101811
4.148539578,1759158514.619539578,/studio/pos_error_xyz.err_y,NaN
4.150288929,1759158514.621288929,/studio/pos_error_xyz.err_y,NaN
4.152189429,1759158514.623189429,/studio/pos_error_xyz.err_y,0.3898363914666183
4.15588336,1759158514.626883360,/studio/pos_error_xyz.err_y,NaN
4.15923558,1759158514.630235580,/studio/pos_error_xyz.err_y,NaN
4.160266156,1759158514.631266156,/studio/pos_error_xyz.err_y,NaN
4.161829873,1759158514.632829873,/studio/pos_error_xyz.err_y,0.38592815196932917
4.16512764,1759158514.636127640,/studio/pos_error_xyz.err_y,NaN
4.168496297,1759158514.639496297,/studio/pos_error_xyz.err_y,NaN
4.170276207,1759158514.641276207,/studio/pos_error_xyz.err_y,NaN
4.171867351,1759158514.642867351,/studio/pos_error_xyz.err_y,0.3850311645001496
4.175334088,1759158514.646334088,/studio/pos_error_xyz.err_y,0.3832354318493898
4.17863504,1759158514.649635040,/studio/pos_error_xyz.err_y,NaN
4.180275738,1759158514.651275738,/studio/pos_error_xyz.err_y,NaN
4.182090979,1759158514.653090979,/studio/pos_error_xyz.err_y,0.38283928011076895
4.185098645,1759158514.656098645,/studio/pos_error_xyz.err_y,0.379450146016699
4.188543674,1759158514.659543674,/studio/pos_error_xyz.err_y,NaN
4.190273582,1759158514.661273582,/studio/pos_error_xyz.err_y,NaN
4.191830515,1759158514.662830515,/studio/pos_error_xyz.err_y,0.3760379274431038
4.19506869,1759158514.666068690,/studio/pos_error_xyz.err_y,NaN
4.198449847,1759158514.669449847,/studio/pos_error_xyz.err_y,NaN
4.200325148,1759158514.671325148,/studio/pos_error_xyz.err_y,NaN
4.201708067,1759158514.672708067,/studio/pos_error_xyz.err_y,0.37536881457172355
4.205491276,1759158514.676491276,/studio/pos_error_xyz.err_y,0.3714393078960112
4.208565016,1759158514.679565016,/studio/pos_error_xyz.err_y,NaN
4.210293972,1759158514.681293972,/studio/pos_error_xyz.err_y,NaN
4.211767667,1759158514.682767667,/studio/pos_error_xyz.err_y,0.3705303871565573
4.215152914,1759158514.686152914,/studio/pos_error_xyz.err_y,0.3686498493043773
4.218581559,1759158514.689581559,/studio/pos_error_xyz.err_y,NaN
4.22035122,1759158514.691351220,/studio/pos_error_xyz.err_y,NaN
4.221926281,1759158514.692926281,/studio/pos_error_xyz.err_y,0.36359064533568497
4.225143482,1759158514.696143482,/studio/pos_error_xyz.err_y,NaN
4.228404703,1759158514.699404703,/studio/pos_error_xyz.err_y,NaN
4.230305389,1759158514.701305389,/studio/pos_error_xyz.err_y,NaN
4.231688646,1759158514.702688646,/studio/pos_error_xyz.err_y,0.36244739039967366
4.235051073,1759158514.706051073,/studio/pos_error_xyz.err_y,0.3600641532108899
4.238576997,1759158514.709576997,/studio/pos_error_xyz.err_y,NaN
4.240323978,1759158514.711323978,/studio/pos_error_xyz.err_y,NaN
4.241733155,1759158514.712733155,/studio/pos_error_xyz.err_y,0.3592257482048584
4.245103963,1759158514.716103963,/studio/pos_error_xyz.err_y,0.3550696893267127
4.248339495,1759158514.719339495,/studio/pos_error_xyz.err_y,NaN
4.250297922,1759158514.721297922,/studio/pos_error_xyz.err_y,NaN
4.251675608,1759158514.722675608,/studio/pos_error_xyz.err_y,0.35394856391316765
4.255065456,1759158514.726065456,/studio/pos_error_xyz.err_y,0.3515858468301718
4.258484072,1759158514.729484072,/studio/pos_error_xyz.err_y,NaN
4.260297922,1759158514.731297922,/studio/pos_error_xyz.err_y,NaN
4.270340024,1759158514.741340024,/studio/pos_error_xyz.err_y,NaN
4.275769802,1759158514.746769802,/studio/pos_error_xyz.err_y,0.35078151627920207
4.275771653,1759158514.746771653,/studio/pos_error_xyz.err_y,0.3488306247918074
4.275774689,1759158514.746774689,/studio/pos_error_xyz.err_y,0.346879071842793
4.275779334,1759158514.746779334,/studio/pos_error_xyz.err_y,0.34564220584088234
4.27909068,1759158514.750090680,/studio/pos_error_xyz.err_y,0.34443542705785224
4.279096437,1759158514.750096437,/studio/pos_error_xyz.err_y,0.3432285343312118
4.280276211,1759158514.751276211,/studio/pos_error_xyz.err_y,NaN
4.281792349,1759158514.752792349,/studio/pos_error_xyz.err_y,0.3423508108824731
4.28504172,1759158514.756041720,/studio/pos_error_xyz.err_y,0.3384406288525337
4.288322267,1759158514.759322267,/studio/pos_error_xyz.err_y,NaN
4.290312134,1759158514.761312134,/studio/pos_error_xyz.err_y,NaN
4.291662531,1759158514.762662531,/studio/pos_error_xyz.err_y,0.3372704823185866
4.2951719090000005,1759158514.766171909,/studio/pos_error_xyz.err_y,0.3347932987902158
4.29852921,1759158514.769529210,/studio/pos_error_xyz.err_y,NaN
4.300277034,1759158514.771277034,/studio/pos_error_xyz.err_y,NaN
4.301825311,1759158514.772825311,/studio/pos_error_xyz.err_y,0.33392440657528666
4.30501521,1759158514.776015210,/studio/pos_error_xyz.err_y,0.330083626386664
4.308297927,1759158514.779297927,/studio/pos_error_xyz.err_y,NaN
4.310276344,1759158514.781276344,/studio/pos_error_xyz.err_y,NaN
4.311716783,1759158514.782716783,/studio/pos_error_xyz.err_y,0.3288423473530808
4.315044354,1759158514.786044354,/studio/pos_error_xyz.err_y,0.3261852651226471
4.31845172,1759158514.789451720,/studio/pos_error_xyz.err_y,NaN
4.320271166,1759158514.791271166,/studio/pos_error_xyz.err_y,NaN
4.321667294,1759158514.792667294,/studio/pos_error_xyz.err_y,0.3252577515809594
4.325405964,1759158514.796405964,/studio/pos_error_xyz.err_y,0.32144893947028663
4.328442854,1759158514.799442854,/studio/pos_error_xyz.err_y,NaN
4.330316795,1759158514.801316795,/studio/pos_error_xyz.err_y,NaN
4.331684676,1759158514.802684676,/studio/pos_error_xyz.err_y,0.3201941161618509
4.335055312,1759158514.806055312,/studio/pos_error_xyz.err_y,0.31748550951398735
4.338347074,1759158514.809347074,/studio/pos_error_xyz.err_y,NaN
4.340295479,1759158514.811295479,/studio/pos_error_xyz.err_y,NaN
4.341636132,1759158514.812636132,/studio/pos_error_xyz.err_y,0.3165310947151536
4.345097783,1759158514.816097783,/studio/pos_error_xyz.err_y,0.3128217396258337
4.34841304,1759158514.819413040,/studio/pos_error_xyz.err_y,NaN
4.350302024,1759158514.821302024,/studio/pos_error_xyz.err_y,NaN
4.351737368,1759158514.822737368,/studio/pos_error_xyz.err_y,0.3115772166716677
4.35505595,1759158514.826055950,/studio/pos_error_xyz.err_y,0.3088583420621833
4.358199044,1759158514.829199044,/studio/pos_error_xyz.err_y,NaN
4.360293829,1759158514.831293829,/studio/pos_error_xyz.err_y,NaN
4.361924812,1759158514.832924812,/studio/pos_error_xyz.err_y,0.3086670380679437
4.36510066,1759158514.836100660,/studio/pos_error_xyz.err_y,0.3068297248935399
4.368419973,1759158514.839419973,/studio/pos_error_xyz.err_y,NaN
4.370361973,1759158514.841361973,/studio/pos_error_xyz.err_y,NaN
4.371547358,1759158514.842547358,/studio/pos_error_xyz.err_y,0.3055495485897448
4.375040646,1759158514.846040646,/studio/pos_error_xyz.err_y,0.3027362923907281
4.3783282230000005,1759158514.849328223,/studio/pos_error_xyz.err_y,NaN
4.380296463,1759158514.851296463,/studio/pos_error_xyz.err_y,NaN
4.3818366730000005,1759158514.852836673,/studio/pos_error_xyz.err_y,0.29844331847999594
4.384901369,1759158514.855901369,/studio/pos_error_xyz.err_y,NaN
4.388180141,1759158514.859180141,/studio/pos_error_xyz.err_y,NaN
4.390343001,1759158514.861343001,/studio/pos_error_xyz.err_y,NaN
4.391600882,1759158514.862600882,/studio/pos_error_xyz.err_y,0.2971386975463317
4.394971166,1759158514.865971166,/studio/pos_error_xyz.err_y,0.29424524022573717
4.398234824,1759158514.869234824,/studio/pos_error_xyz.err_y,NaN
4.400305719,1759158514.871305719,/studio/pos_error_xyz.err_y,NaN
4.401571183,1759158514.872571183,/studio/pos_error_xyz.err_y,0.2931668949163362
4.404869655,1759158514.875869655,/studio/pos_error_xyz.err_y,0.28981239745335063
4.408210484,1759158514.879210484,/studio/pos_error_xyz.err_y,NaN
4.410265538,1759158514.881265538,/studio/pos_error_xyz.err_y,NaN
4.41185901,1759158514.882859010,/studio/pos_error_xyz.err_y,0.2851305488030236
4.41492079,1759158514.885920790,/studio/pos_error_xyz.err_y,NaN
4.418323557,1759158514.889323557,/studio/pos_error_xyz.err_y,NaN
4.4203165030000005,1759158514.891316503,/studio/pos_error_xyz.err_y,NaN
4.42153954,1759158514.892539540,/studio/pos_error_xyz.err_y,0.28400254948429116
4.424863928,1759158514.895863928,/studio/pos_error_xyz.err_y,0.2807369633252552
4.428277747,1759158514.899277747,/studio/pos_error_xyz.err_y,NaN
4.430345265,1759158514.901345265,/studio/pos_error_xyz.err_y,NaN
4.43152057,1759158514.902520570,/studio/pos_error_xyz.err_y,0.2795441297762494
4.434818772,1759158514.905818772,/studio/pos_error_xyz.err_y,0.27684014838439763
4.438223658,1759158514.909223658,/studio/pos_error_xyz.err_y,NaN
4.440340181,1759158514.911340181,/studio/pos_error_xyz.err_y,NaN
4.441492642,1759158514.912492642,/studio/pos_error_xyz.err_y,0.2756399733361796
4.444999636,1759158514.915999636,/studio/pos_error_xyz.err_y,0.2724291449502553
4.448644228,1759158514.919644228,/studio/pos_error_xyz.err_y,NaN
4.450286458,1759158514.921286458,/studio/pos_error_xyz.err_y,NaN
4.451674973,1759158514.922674973,/studio/pos_error_xyz.err_y,0.27135741906490385
4.454852468,1759158514.925852468,/studio/pos_error_xyz.err_y,0.26890520352609926
4.458377892,1759158514.929377892,/studio/pos_error_xyz.err_y,NaN
4.460291607,1759158514.931291607,/studio/pos_error_xyz.err_y,NaN
4.461608372,1759158514.932608372,/studio/pos_error_xyz.err_y,0.26768386672082517
4.469401858,1759158514.940401858,/studio/pos_error_xyz.err_y,0.2646476699276231
4.470362994,1759158514.941362994,/studio/pos_error_xyz.err_y,NaN
4.480317634,1759158514.951317634,/studio/pos_error_xyz.err_y,NaN
4.483390341,1759158514.954390341,/studio/pos_error_xyz.err_y,NaN
4.483392309,1759158514.954392309,/studio/pos_error_xyz.err_y,0.2633314059136889
4.483395101,1759158514.954395101,/studio/pos_error_xyz.err_y,0.26188382465512583
4.483401355,1759158514.954401355,/studio/pos_error_xyz.err_y,0.26043469761274
4.485381637,1759158514.956381637,/studio/pos_error_xyz.err_y,0.2590123723890214
4.485383603,1759158514.956383603,/studio/pos_error_xyz.err_y,0.2575965693899315
4.488173379,1759158514.959173379,/studio/pos_error_xyz.err_y,0.2560436033439851
4.49033193,1759158514.961331930,/studio/pos_error_xyz.err_y,NaN
4.49168004,1759158514.962680040,/studio/pos_error_xyz.err_y,0.25468168799722457
4.494755572,1759158514.965755572,/studio/pos_error_xyz.err_y,0.25151364289789935
4.498221235,1759158514.969221235,/studio/pos_error_xyz.err_y,NaN
4.500284812,1759158514.971284812,/studio/pos_error_xyz.err_y,NaN
4.501504261,1759158514.972504261,/studio/pos_error_xyz.err_y,0.2501776219060297
4.504895487,1759158514.975895487,/studio/pos_error_xyz.err_y,0.24728948369969145
4.508155309,1759158514.979155309,/studio/pos_error_xyz.err_y,NaN
4.510271936,1759158514.981271936,/studio/pos_error_xyz.err_y,NaN
4.511492863,1759158514.982492863,/studio/pos_error_xyz.err_y,0.24588204274785647
4.514910064,1759158514.985910064,/studio/pos_error_xyz.err_y,0.24257993647614984
4.518257437,1759158514.989257437,/studio/pos_error_xyz.err_y,NaN
4.520301269,1759158514.991301269,/studio/pos_error_xyz.err_y,NaN
4.521501065,1759158514.992501065,/studio/pos_error_xyz.err_y,0.2411450993132293
4.524902625,1759158514.995902625,/studio/pos_error_xyz.err_y,0.23823670580797895
4.52815675,1759158514.999156750,/studio/pos_error_xyz.err_y,NaN
4.530302075,1759158515.001302075,/studio/pos_error_xyz.err_y,NaN
4.531463187,1759158515.002463187,/studio/pos_error_xyz.err_y,0.23679674593116556
4.534789397,1759158515.005789397,/studio/pos_error_xyz.err_y,0.23338499962042877
4.538125076,1759158515.009125076,/studio/pos_error_xyz.err_y,NaN
4.540336386,1759158515.011336386,/studio/pos_error_xyz.err_y,NaN
4.541508647,1759158515.012508647,/studio/pos_error_xyz.err_y,0.23175404960346088
4.544749899,1759158515.015749899,/studio/pos_error_xyz.err_y,0.22855570407199674
4.548121371,1759158515.019121371,/studio/pos_error_xyz.err_y,NaN
4.550302247,1759158515.021302247,/studio/pos_error_xyz.err_y,NaN
4.55147506,1759158515.022475060,/studio/pos_error_xyz.err_y,0.22708488056388237
4.554820311,1759158515.025820311,/studio/pos_error_xyz.err_y,0.22355631002656676
4.55803478,1759158515.029034780,/studio/pos_error_xyz.err_y,NaN
4.560309957,1759158515.031309957,/studio/pos_error_xyz.err_y,NaN
4.561468206,1759158515.032468206,/studio/pos_error_xyz.err_y,0.22196926024760522
4.565527001,1759158515.036527001,/studio/pos_error_xyz.err_y,0.21903893955013118
4.568245461,1759158515.039245461,/studio/pos_error_xyz.err_y,NaN
4.570323954,1759158515.041323954,/studio/pos_error_xyz.err_y,NaN
4.571503999,1759158515.042503999,/studio/pos_error_xyz.err_y,0.21751287359222823
4.574768894,1759158515.045768894,/studio/pos_error_xyz.err_y,0.21384204351597502
4.578103622,1759158515.049103622,/studio/pos_error_xyz.err_y,NaN
4.580303497,1759158515.051303497,/studio/pos_error_xyz.err_y,NaN
4.581478997,1759158515.052478997,/studio/pos_error_xyz.err_y,0.21220651797450096
4.584866794,1759158515.055866794,/studio/pos_error_xyz.err_y,0.20932026834824624
4.58813297,1759158515.059132970,/studio/pos_error_xyz.err_y,NaN
4.590274771,1759158515.061274771,/studio/pos_error_xyz.err_y,NaN
4.591667541,1759158515.062667541,/studio/pos_error_xyz.err_y,0.20776727931992578
4.595326108,1759158515.066326108,/studio/pos_error_xyz.err_y,0.20398817487156468
4.598107575,1759158515.069107575,/studio/pos_error_xyz.err_y,NaN
4.600323393,1759158515.071323393,/studio/pos_error_xyz.err_y,NaN
4.6014859690000005,1759158515.072485969,/studio/pos_error_xyz.err_y,0.20218712894423646
4.604757387,1759158515.075757387,/studio/pos_error_xyz.err_y,0.19900600672874375
4.608085507,1759158515.079085507,/studio/pos_error_xyz.err_y,NaN
4.610304064,1759158515.081304064,/studio/pos_error_xyz.err_y,NaN
4.611365131,1759158515.082365131,/studio/pos_error_xyz.err_y,0.19743478654752772
4.6148781020000005,1759158515.085878102,/studio/pos_error_xyz.err_y,0.19356876340169005
4.61812215,1759158515.089122150,/studio/pos_error_xyz.err_y,NaN
4.620312702,1759158515.091312702,/studio/pos_error_xyz.err_y,NaN
4.621356419,1759158515.092356419,/studio/pos_error_xyz.err_y,0.19175082814583
4.624783049,1759158515.095783049,/studio/pos_error_xyz.err_y,0.18863296945227725
4.62812611,1759158515.099126110,/studio/pos_error_xyz.err_y,NaN
4.630281872,1759158515.101281872,/studio/pos_error_xyz.err_y,NaN
4.631447007,1759158515.102447007,/studio/pos_error_xyz.err_y,0.18710456664181874
4.634784491,1759158515.105784491,/studio/pos_error_xyz.err_y,0.18330218659288133
4.638165335,1759158515.109165335,/studio/pos_error_xyz.err_y,NaN
4.6403064050000005,1759158515.111306405,/studio/pos_error_xyz.err_y,NaN
4.641363845,1759158515.112363845,/studio/pos_error_xyz.err_y,0.18148481193254407
4.644791119,1759158515.115791119,/studio/pos_error_xyz.err_y,0.17843513219302432
4.648002948,1759158515.119002948,/studio/pos_error_xyz.err_y,NaN
4.650350362,1759158515.121350362,/studio/pos_error_xyz.err_y,NaN
4.651344644,1759158515.122344644,/studio/pos_error_xyz.err_y,0.17675458610911654
4.654790787,1759158515.125790787,/studio/pos_error_xyz.err_y,0.17250054875671017
4.658074634,1759158515.129074634,/studio/pos_error_xyz.err_y,NaN
4.660357798,1759158515.131357798,/studio/pos_error_xyz.err_y,NaN
4.661308598,1759158515.132308598,/studio/pos_error_xyz.err_y,0.17071136434797274
4.664661934,1759158515.135661934,/studio/pos_error_xyz.err_y,0.16773594922160262
4.669185543,1759158515.140185543,/studio/pos_error_xyz.err_y,NaN
4.670376419,1759158515.141376419,/studio/pos_error_xyz.err_y,NaN
4.680440245,1759158515.151440245,/studio/pos_error_xyz.err_y,NaN
4.684537361,1759158515.155537361,/studio/pos_error_xyz.err_y,0.16629299903465344
4.684539665,1759158515.155539665,/studio/pos_error_xyz.err_y,0.16456896653938602
4.684541827,1759158515.155541827,/studio/pos_error_xyz.err_y,0.16284584620612708
4.684544585,1759158515.155544585,/studio/pos_error_xyz.err_y,0.16078593638739158
4.688986006,1759158515.159986006,/studio/pos_error_xyz.err_y,0.15944468193217798
4.688988005,1759158515.159988005,/studio/pos_error_xyz.err_y,0.15810460395175274
4.690278334,1759158515.161278334,/studio/pos_error_xyz.err_y,NaN
4.691473756,1759158515.162473756,/studio/pos_error_xyz.err_y,0.15640966284238378
4.694909399,1759158515.165909399,/studio/pos_error_xyz.err_y,0.1525937043763651
4.698019931,1759158515.169019931,/studio/pos_error_xyz.err_y,NaN
4.700363033,1759158515.171363033,/studio/pos_error_xyz.err_y,NaN
4.701248016,1759158515.172248016,/studio/pos_error_xyz.err_y,0.15080553230905536
4.704666439,1759158515.175666439,/studio/pos_error_xyz.err_y,0.1479371937936539
4.70828118,1759158515.179281180,/studio/pos_error_xyz.err_y,NaN
4.710284049,1759158515.181284049,/studio/pos_error_xyz.err_y,NaN
4.711367292,1759158515.182367292,/studio/pos_error_xyz.err_y,0.14648175909652417
4.714677643,1759158515.185677643,/studio/pos_error_xyz.err_y,0.14267710517718113
4.717960866,1759158515.188960866,/studio/pos_error_xyz.err_y,NaN
4.7203494500000005,1759158515.191349450,/studio/pos_error_xyz.err_y,NaN
4.721328551,1759158515.192328551,/studio/pos_error_xyz.err_y,0.1409426499779436
4.724573669,1759158515.195573669,/studio/pos_error_xyz.err_y,0.13819713154729363
4.727991734,1759158515.198991734,/studio/pos_error_xyz.err_y,NaN
4.730395852,1759158515.201395852,/studio/pos_error_xyz.err_y,NaN
4.731261768,1759158515.202261768,/studio/pos_error_xyz.err_y,0.13682479459206065
4.7347366950000005,1759158515.205736695,/studio/pos_error_xyz.err_y,0.1331693173906281
4.738026221,1759158515.209026221,/studio/pos_error_xyz.err_y,NaN
4.740304636,1759158515.211304636,/studio/pos_error_xyz.err_y,NaN
4.741223004,1759158515.212223004,/studio/pos_error_xyz.err_y,0.13154167960767205
4.744635283,1759158515.215635283,/studio/pos_error_xyz.err_y,0.12901079600521315
4.747896973,1759158515.218896973,/studio/pos_error_xyz.err_y,NaN
4.7502799,1759158515.221279900,/studio/pos_error_xyz.err_y,NaN
4.751181606,1759158515.222181606,/studio/pos_error_xyz.err_y,0.12774831017769395
4.754687882,1759158515.225687882,/studio/pos_error_xyz.err_y,0.12439961334769745
4.758071378,1759158515.229071378,/studio/pos_error_xyz.err_y,NaN
4.760272315,1759158515.231272315,/studio/pos_error_xyz.err_y,NaN
4.761241857,1759158515.232241857,/studio/pos_error_xyz.err_y,0.12277354614935154
4.764557759,1759158515.235557759,/studio/pos_error_xyz.err_y,0.12026749038166473
4.768532761,1759158515.239532761,/studio/pos_error_xyz.err_y,NaN
4.770298018,1759158515.241298018,/studio/pos_error_xyz.err_y,NaN
4.771164382,1759158515.242164382,/studio/pos_error_xyz.err_y,0.11888123597172218
4.776412862,1759158515.247412862,/studio/pos_error_xyz.err_y,0.11517658009580245
4.778702818,1759158515.249702818,/studio/pos_error_xyz.err_y,NaN
4.780271674,1759158515.251271674,/studio/pos_error_xyz.err_y,NaN
4.78118507,1759158515.252185070,/studio/pos_error_xyz.err_y,0.11384984186778158
4.784590405,1759158515.255590405,/studio/pos_error_xyz.err_y,0.11205420240880981
4.787878331,1759158515.258878331,/studio/pos_error_xyz.err_y,NaN
4.790322039,1759158515.261322039,/studio/pos_error_xyz.err_y,NaN
4.791221374,1759158515.262221374,/studio/pos_error_xyz.err_y,0.11079198291071979
4.794652617,1759158515.265652617,/studio/pos_error_xyz.err_y,0.1073896915947643
4.797903724,1759158515.268903724,/studio/pos_error_xyz.err_y,NaN
4.800293322,1759158515.271293322,/studio/pos_error_xyz.err_y,NaN
4.801113534,1759158515.272113534,/studio/pos_error_xyz.err_y,0.10578162875878938
4.804488227,1759158515.275488227,/studio/pos_error_xyz.err_y,0.10320313424185468
4.807856518,1759158515.278856518,/studio/pos_error_xyz.err_y,NaN
4.810297884,1759158515.281297884,/studio/pos_error_xyz.err_y,NaN
4.811138949,1759158515.282138949,/studio/pos_error_xyz.err_y,0.10209421647063333
4.814595076,1759158515.285595076,/studio/pos_error_xyz.err_y,0.09907775032978727
4.817758603,1759158515.288758603,/studio/pos_error_xyz.err_y,NaN
4.820262966,1759158515.291262966,/studio/pos_error_xyz.err_y,NaN
4.821200585,1759158515.292200585,/studio/pos_error_xyz.err_y,0.09734807883877461
4.8245503880000005,1759158515.295550388,/studio/pos_error_xyz.err_y,0.09435972620062816
4.827962821,1759158515.298962821,/studio/pos_error_xyz.err_y,NaN
4.830300444,1759158515.301300444,/studio/pos_error_xyz.err_y,NaN
4.831103084,1759158515.302103084,/studio/pos_error_xyz.err_y,0.09317457906232618
4.8345800400000005,1759158515.305580040,/studio/pos_error_xyz.err_y,0.08990323625635654
4.837834185,1759158515.308834185,/studio/pos_error_xyz.err_y,NaN
4.840324078,1759158515.311324078,/studio/pos_error_xyz.err_y,NaN
4.841174144,1759158515.312174144,/studio/pos_error_xyz.err_y,0.08846865075590538
4.844535683,1759158515.315535683,/studio/pos_error_xyz.err_y,0.0861496567956721
4.847766017,1759158515.318766017,/studio/pos_error_xyz.err_y,NaN
4.850268268,1759158515.321268268,/studio/pos_error_xyz.err_y,NaN
4.851088203,1759158515.322088203,/studio/pos_error_xyz.err_y,0.08496305831889384
4.854558853,1759158515.325558853,/studio/pos_error_xyz.err_y,0.08166506331941492
4.857816686,1759158515.328816686,/studio/pos_error_xyz.err_y,NaN
4.860276645,1759158515.331276645,/studio/pos_error_xyz.err_y,NaN
4.861102242,1759158515.332102242,/studio/pos_error_xyz.err_y,0.08015910333728682
4.864492426,1759158515.335492426,/studio/pos_error_xyz.err_y,0.07759466200404042
4.8677156870000005,1759158515.338715687,/studio/pos_error_xyz.err_y,NaN
4.870292451,1759158515.341292451,/studio/pos_error_xyz.err_y,NaN
4.871110424,1759158515.342110424,/studio/pos_error_xyz.err_y,0.07644462674950092
4.880293058,1759158515.351293058,/studio/pos_error_xyz.err_y,NaN
4.888497862,1759158515.359497862,/studio/pos_error_xyz.err_y,0.0732241147752144
4.888506499,1759158515.359506499,/studio/pos_error_xyz.err_y,NaN
4.88850915,1759158515.359509150,/studio/pos_error_xyz.err_y,0.0717953588080027
4.888516883,1759158515.359516883,/studio/pos_error_xyz.err_y,0.07068993219117314
4.890319811,1759158515.361319811,/studio/pos_error_xyz.err_y,NaN
4.8936008740000005,1759158515.364600874,/studio/pos_error_xyz.err_y,0.06958545627916068
4.893603716,1759158515.364603716,/studio/pos_error_xyz.err_y,0.06825589548029964
4.894871193,1759158515.365871193,/studio/pos_error_xyz.err_y,0.06672978457734158
4.897842044,1759158515.368842044,/studio/pos_error_xyz.err_y,0.06515752563223698
4.900280106,1759158515.371280106,/studio/pos_error_xyz.err_y,NaN
4.901134341,1759158515.372134341,/studio/pos_error_xyz.err_y,0.06384797295753675
4.904413726,1759158515.375413726,/studio/pos_error_xyz.err_y,0.06162343379557389
4.907781185,1759158515.378781185,/studio/pos_error_xyz.err_y,NaN
4.910270413,1759158515.381270413,/studio/pos_error_xyz.err_y,NaN
4.911803545,1759158515.382803545,/studio/pos_error_xyz.err_y,0.06054158478734584
4.9145313040000005,1759158515.385531304,/studio/pos_error_xyz.err_y,0.057445731510010534
4.917720268,1759158515.388720268,/studio/pos_error_xyz.err_y,NaN
4.920288473,1759158515.391288473,/studio/pos_error_xyz.err_y,NaN
4.921296202,1759158515.392296202,/studio/pos_error_xyz.err_y,0.05600931647586749
4.924450131,1759158515.395450131,/studio/pos_error_xyz.err_y,0.053323786308203
4.92779526,1759158515.398795260,/studio/pos_error_xyz.err_y,NaN
4.930346925,1759158515.401346925,/studio/pos_error_xyz.err_y,NaN
4.931022227,1759158515.402022227,/studio/pos_error_xyz.err_y,0.05232798238175018
4.934444835,1759158515.405444835,/studio/pos_error_xyz.err_y,0.049450111619427695
4.937758613,1759158515.408758613,/studio/pos_error_xyz.err_y,NaN
4.940284574,1759158515.411284574,/studio/pos_error_xyz.err_y,NaN
4.941072323,1759158515.412072323,/studio/pos_error_xyz.err_y,0.0482409757991582
4.944386359,1759158515.415386359,/studio/pos_error_xyz.err_y,0.046090649622635205
4.947708184,1759158515.418708184,/studio/pos_error_xyz.err_y,NaN
4.950321993,1759158515.421321993,/studio/pos_error_xyz.err_y,NaN
4.950965304,1759158515.421965304,/studio/pos_error_xyz.err_y,0.045124461281616846
4.954412555,1759158515.425412555,/studio/pos_error_xyz.err_y,0.042284359813668626
4.957726773,1759158515.428726773,/studio/pos_error_xyz.err_y,NaN
4.9603522380000005,1759158515.431352238,/studio/pos_error_xyz.err_y,NaN
4.961152701,1759158515.432152701,/studio/pos_error_xyz.err_y,0.04111849490036046
4.965296171,1759158515.436296171,/studio/pos_error_xyz.err_y,0.03894247596054923
4.96808707,1759158515.439087070,/studio/pos_error_xyz.err_y,NaN
4.970346434,1759158515.441346434,/studio/pos_error_xyz.err_y,NaN
4.971640617,1759158515.442640617,/studio/pos_error_xyz.err_y,0.0380976337434944
4.975249701,1759158515.446249701,/studio/pos_error_xyz.err_y,0.03555328593845575
4.977694923,1759158515.448694923,/studio/pos_error_xyz.err_y,NaN
4.980323808,1759158515.451323808,/studio/pos_error_xyz.err_y,NaN
4.981038586,1759158515.452038586,/studio/pos_error_xyz.err_y,0.03452447398789249
4.984324569,1759158515.455324569,/studio/pos_error_xyz.err_y,0.03263593450149149
4.987651141,1759158515.458651141,/studio/pos_error_xyz.err_y,NaN
4.990234941,1759158515.461234941,/studio/pos_error_xyz.err_y,NaN
4.99101137,1759158515.462011370,/studio/pos_error_xyz.err_y,0.031844590475689216
4.994475478,1759158515.465475478,/studio/pos_error_xyz.err_y,0.029465082411735732
4.997753125,1759158515.468753125,/studio/pos_error_xyz.err_y,NaN
5.000322816,1759158515.471322816,/studio/pos_error_xyz.err_y,NaN
5.000931366,1759158515.471931366,/studio/pos_error_xyz.err_y,0.028509345523910046
5.004233384,1759158515.475233384,/studio/pos_error_xyz.err_y,0.026813609840157904
5.007866729,1759158515.478866729,/studio/pos_error_xyz.err_y,NaN
5.010270379,1759158515.481270379,/studio/pos_error_xyz.err_y,NaN
5.011046879,1759158515.482046879,/studio/pos_error_xyz.err_y,0.02606685470959902
5.014403539,1759158515.485403539,/studio/pos_error_xyz.err_y,0.023813621891081604
5.017741933,1759158515.488741933,/studio/pos_error_xyz.err_y,NaN
5.020265224,1759158515.491265224,/studio/pos_error_xyz.err_y,NaN
5.021193514,1759158515.492193514,/studio/pos_error_xyz.err_y,0.022942818256978414
5.024383286,1759158515.495383286,/studio/pos_error_xyz.err_y,0.021365395418677435
5.027754856,1759158515.498754856,/studio/pos_error_xyz.err_y,NaN
5.030299582,1759158515.501299582,/studio/pos_error_xyz.err_y,NaN
5.030989361,1759158515.501989361,/studio/pos_error_xyz.err_y,0.020582804632581775
5.034217119,1759158515.505217119,/studio/pos_error_xyz.err_y,0.018184699858847297
5.037619843,1759158515.508619843,/studio/pos_error_xyz.err_y,NaN
5.040281171,1759158515.511281171,/studio/pos_error_xyz.err_y,NaN
5.041056638,1759158515.512056638,/studio/pos_error_xyz.err_y,0.017423289379838724
5.044364477,1759158515.515364477,/studio/pos_error_xyz.err_y,0.016041909930425646
5.047757781,1759158515.518757781,/studio/pos_error_xyz.err_y,NaN
5.050281977,1759158515.521281977,/studio/pos_error_xyz.err_y,NaN
5.050864932,1759158515.521864932,/studio/pos_error_xyz.err_y,0.015464139202414184
5.054272638,1759158515.525272638,/studio/pos_error_xyz.err_y,0.013678393735765182
5.057742096,1759158515.528742096,/studio/pos_error_xyz.err_y,NaN
5.060269561,1759158515.531269561,/studio/pos_error_xyz.err_y,NaN
5.06116991,1759158515.532169910,/studio/pos_error_xyz.err_y,0.012945467421183965
5.064401109,1759158515.535401109,/studio/pos_error_xyz.err_y,0.01157638232722058
5.067542224,1759158515.538542224,/studio/pos_error_xyz.err_y,NaN
5.070267873,1759158515.541267873,/studio/pos_error_xyz.err_y,NaN
5.070831741,1759158515.541831741,/studio/pos_error_xyz.err_y,0.01103325137100275
5.074298301,1759158515.545298301,/studio/pos_error_xyz.err_y,0.00934089294212126
5.078164441,1759158515.549164441,/studio/pos_error_xyz.err_y,NaN
5.08026444,1759158515.551264440,/studio/pos_error_xyz.err_y,NaN
5.090352422,1759158515.561352422,/studio/pos_error_xyz.err_y,NaN
5.095338948,1759158515.566338948,/studio/pos_error_xyz.err_y,0.008678844249228046
5.095342536,1759158515.566342536,/studio/pos_error_xyz.err_y,0.008127136044733696
5.095344884,1759158515.566344884,/studio/pos_error_xyz.err_y,0.007580752495621068
5.095346747,1759158515.566346747,/studio/pos_error_xyz.err_y,0.006930471161908036
5.097590629,1759158515.568590629,/studio/pos_error_xyz.err_y,0.0062397706514980555
5.097595143,1759158515.568595143,/studio/pos_error_xyz.err_y,0.005548453628644534
5.100298574,1759158515.571298574,/studio/pos_error_xyz.err_y,NaN
5.101093399,1759158515.572093399,/studio/pos_error_xyz.err_y,0.004798996392348043
5.104217125,1759158515.575217125,/studio/pos_error_xyz.err_y,0.0037842819632660785
5.107567539,1759158515.578567539,/studio/pos_error_xyz.err_y,NaN
5.110302827,1759158515.581302827,/studio/pos_error_xyz.err_y,NaN
5.110941762,1759158515.581941762,/studio/pos_error_xyz.err_y,0.00333984115161301
5.1141631610000005,1759158515.585163161,/studio/pos_error_xyz.err_y,0.0019150523460860214
5.117631024,1759158515.588631024,/studio/pos_error_xyz.err_y,NaN
5.120273335,1759158515.591273335,/studio/pos_error_xyz.err_y,NaN
5.120864471,1759158515.591864471,/studio/pos_error_xyz.err_y,0.0013885239127053861
5.124113438,1759158515.595113438,/studio/pos_error_xyz.err_y,0.00035403324772853573
5.1276564,1759158515.598656400,/studio/pos_error_xyz.err_y,NaN
5.130267238,1759158515.601267238,/studio/pos_error_xyz.err_y,NaN
5.130962883,1759158515.601962883,/studio/pos_error_xyz.err_y,-0.00004000686686289612
5.134279601,1759158515.605279601,/studio/pos_error_xyz.err_y,-0.0013103440143069633
5.137572048,1759158515.608572048,/studio/pos_error_xyz.err_y,NaN
5.14028941,1759158515.611289410,/studio/pos_error_xyz.err_y,NaN
5.140790795,1759158515.611790795,/studio/pos_error_xyz.err_y,-0.0017885043190610794
5.144252245,1759158515.615252245,/studio/pos_error_xyz.err_y,-0.002726323577138867
5.147461179,1759158515.618461179,/studio/pos_error_xyz.err_y,NaN
5.150300187,1759158515.621300187,/studio/pos_error_xyz.err_y,NaN
5.150963295,1759158515.621963295,/studio/pos_error_xyz.err_y,-0.0031007071123791974
5.154244551,1759158515.625244551,/studio/pos_error_xyz.err_y,-0.004327622222565886
5.15746688,1759158515.628466880,/studio/pos_error_xyz.err_y,NaN
5.16033579,1759158515.631335790,/studio/pos_error_xyz.err_y,NaN
5.160892734,1759158515.631892734,/studio/pos_error_xyz.err_y,-0.004765205338115974
5.164389553,1759158515.635389553,/studio/pos_error_xyz.err_y,-0.005673470992527019
5.167482329,1759158515.638482329,/studio/pos_error_xyz.err_y,NaN
5.170263628,1759158515.641263628,/studio/pos_error_xyz.err_y,NaN
5.170764599,1759158515.641764599,/studio/pos_error_xyz.err_y,-0.006026519894692495
5.174166836,1759158515.645166836,/studio/pos_error_xyz.err_y,-0.007196990349702004
5.177459938,1759158515.648459938,/studio/pos_error_xyz.err_y,NaN
5.180263148,1759158515.651263148,/studio/pos_error_xyz.err_y,NaN
5.180735363,1759158515.651735363,/studio/pos_error_xyz.err_y,-0.00765837401218028
5.184183186,1759158515.655183186,/studio/pos_error_xyz.err_y,-0.008702355546085894
5.187471335,1759158515.658471335,/studio/pos_error_xyz.err_y,NaN
5.190309053,1759158515.661309053,/studio/pos_error_xyz.err_y,NaN
5.190704823,1759158515.661704823,/studio/pos_error_xyz.err_y,-0.009014899316642344
5.19418675,1759158515.665186750,/studio/pos_error_xyz.err_y,-0.010056316467656812
5.1975315890000005,1759158515.668531589,/studio/pos_error_xyz.err_y,NaN
5.200267322,1759158515.671267322,/studio/pos_error_xyz.err_y,NaN
5.20076133,1759158515.671761330,/studio/pos_error_xyz.err_y,-0.010474760782665404
5.204189071,1759158515.675189071,/studio/pos_error_xyz.err_y,-0.011449329358406368
5.207505216,1759158515.678505216,/studio/pos_error_xyz.err_y,NaN
5.210273708,1759158515.681273708,/studio/pos_error_xyz.err_y,NaN
5.210806173,1759158515.681806173,/studio/pos_error_xyz.err_y,-0.011738373030330651
5.214060837,1759158515.685060837,/studio/pos_error_xyz.err_y,-0.012711476112587494
5.217553055,1759158515.688553055,/studio/pos_error_xyz.err_y,NaN
5.220270566,1759158515.691270566,/studio/pos_error_xyz.err_y,NaN
5.220713731,1759158515.691713731,/studio/pos_error_xyz.err_y,-0.01312162711104592
5.224054372,1759158515.695054372,/studio/pos_error_xyz.err_y,-0.014140058082695806
5.227460811,1759158515.698460811,/studio/pos_error_xyz.err_y,NaN
5.230298534,1759158515.701298534,/studio/pos_error_xyz.err_y,NaN
5.230791469,1759158515.701791469,/studio/pos_error_xyz.err_y,-0.014448915132523776
5.234126359,1759158515.705126359,/studio/pos_error_xyz.err_y,-0.015504763146862555
5.237342253,1759158515.708342253,/studio/pos_error_xyz.err_y,NaN
5.240286822,1759158515.711286822,/studio/pos_error_xyz.err_y,NaN
5.24071503,1759158515.711715030,/studio/pos_error_xyz.err_y,-0.015854040370812283
5.244163356,1759158515.715163356,/studio/pos_error_xyz.err_y,-0.01674814262266211
5.247398585,1759158515.718398585,/studio/pos_error_xyz.err_y,NaN
5.250309687,1759158515.721309687,/studio/pos_error_xyz.err_y,NaN
5.250702969,1759158515.721702969,/studio/pos_error_xyz.err_y,-0.017077943085183733
5.253983183,1759158515.724983183,/studio/pos_error_xyz.err_y,-0.01822640241514195
5.257304508,1759158515.728304508,/studio/pos_error_xyz.err_y,NaN
5.260262615,1759158515.731262615,/studio/pos_error_xyz.err_y,NaN
5.260763123,1759158515.731763123,/studio/pos_error_xyz.err_y,-0.018574656265272438
5.264060215,1759158515.735060215,/studio/pos_error_xyz.err_y,-0.019530975559604258
5.267413282,1759158515.738413282,/studio/pos_error_xyz.err_y,NaN
5.270295777,1759158515.741295777,/studio/pos_error_xyz.err_y,NaN
5.2706978620000005,1759158515.741697862,/studio/pos_error_xyz.err_y,-0.019810100822702292
5.273978281,1759158515.744978281,/studio/pos_error_xyz.err_y,-0.020786457823398496
5.277532236,1759158515.748532236,/studio/pos_error_xyz.err_y,NaN
5.280261378,1759158515.751261378,/studio/pos_error_xyz.err_y,NaN
5.280866425,1759158515.751866425,/studio/pos_error_xyz.err_y,-0.021148281266728297
5.290265962,1759158515.761265962,/studio/pos_error_xyz.err_y,NaN
5.297647846,1759158515.768647846,/studio/pos_error_xyz.err_y,-0.02220601338042183
5.297649598,1759158515.768649598,/studio/pos_error_xyz.err_y,NaN
5.297653441,1759158515.768653441,/studio/pos_error_xyz.err_y,-0.02250287936134976
5.297656235,1759158515.768656235,/studio/pos_error_xyz.err_y,-0.02295031059785857
5.300305664,1759158515.771305664,/studio/pos_error_xyz.err_y,NaN
5.303780308,1759158515.774780308,/studio/pos_error_xyz.err_y,-0.023397849612712074
5.303784613,1759158515.774784613,/studio/pos_error_xyz.err_y,-0.023868251449475908
5.304700196,1759158515.775700196,/studio/pos_error_xyz.err_y,-0.024275026311468606
5.307312199,1759158515.778312199,/studio/pos_error_xyz.err_y,-0.024816477276797366
5.310348622,1759158515.781348622,/studio/pos_error_xyz.err_y,NaN
5.311330772,1759158515.782330772,/studio/pos_error_xyz.err_y,-0.025126306356784367
5.313983274,1759158515.784983274,/studio/pos_error_xyz.err_y,-0.026251029242071455
5.317332535,1759158515.788332535,/studio/pos_error_xyz.err_y,NaN
5.320301396,1759158515.791301396,/studio/pos_error_xyz.err_y,NaN
5.320639915,1759158515.791639915,/studio/pos_error_xyz.err_y,-0.02658029316822197
5.324095503,1759158515.795095503,/studio/pos_error_xyz.err_y,-0.0276343353511479
5.327383766,1759158515.798383766,/studio/pos_error_xyz.err_y,NaN
5.330273642,1759158515.801273642,/studio/pos_error_xyz.err_y,NaN
5.330627581,1759158515.801627581,/studio/pos_error_xyz.err_y,-0.027942191676473938
5.334033123,1759158515.805033123,/studio/pos_error_xyz.err_y,-0.029069136206756774
5.33742026,1759158515.808420260,/studio/pos_error_xyz.err_y,NaN
5.340283414,1759158515.811283414,/studio/pos_error_xyz.err_y,NaN
5.340681844,1759158515.811681844,/studio/pos_error_xyz.err_y,-0.02939534574460101
5.343937845,1759158515.814937845,/studio/pos_error_xyz.err_y,-0.03046348099852314
5.347304679,1759158515.818304679,/studio/pos_error_xyz.err_y,NaN
5.350302339,1759158515.821302339,/studio/pos_error_xyz.err_y,NaN
5.350743168,1759158515.821743168,/studio/pos_error_xyz.err_y,-0.030774280252060526
5.353947657,1759158515.824947657,/studio/pos_error_xyz.err_y,-0.031919077713537414
5.357250875,1759158515.828250875,/studio/pos_error_xyz.err_y,NaN
5.360262794,1759158515.831262794,/studio/pos_error_xyz.err_y,NaN
5.360536931,1759158515.831536931,/studio/pos_error_xyz.err_y,-0.03226179694876241
5.363993386,1759158515.834993386,/studio/pos_error_xyz.err_y,-0.03344569794909136
5.367341818,1759158515.838341818,/studio/pos_error_xyz.err_y,NaN
5.370265323,1759158515.841265323,/studio/pos_error_xyz.err_y,NaN
5.370848448,1759158515.841848448,/studio/pos_error_xyz.err_y,-0.0337603590012967
5.374000464,1759158515.845000464,/studio/pos_error_xyz.err_y,-0.03492385065383807
5.377263799,1759158515.848263799,/studio/pos_error_xyz.err_y,NaN
5.380291957,1759158515.851291957,/studio/pos_error_xyz.err_y,NaN
5.380653626,1759158515.851653626,/studio/pos_error_xyz.err_y,-0.035244703662238974
5.384789596,1759158515.855789596,/studio/pos_error_xyz.err_y,-0.036372724142778035
5.387200652,1759158515.858200652,/studio/pos_error_xyz.err_y,NaN
5.390264285,1759158515.861264285,/studio/pos_error_xyz.err_y,NaN
5.390671023,1759158515.861671023,/studio/pos_error_xyz.err_y,-0.0367286576373369
5.393854528,1759158515.864854528,/studio/pos_error_xyz.err_y,-0.03806051647883946
5.397225963,1759158515.868225963,/studio/pos_error_xyz.err_y,NaN
5.400272488,1759158515.871272488,/studio/pos_error_xyz.err_y,NaN
5.400805917,1759158515.871805917,/studio/pos_error_xyz.err_y,-0.03839923702217818
5.40391087,1759158515.874910870,/studio/pos_error_xyz.err_y,-0.039623375557778395
5.407450929,1759158515.878450929,/studio/pos_error_xyz.err_y,NaN
5.410267022,1759158515.881267022,/studio/pos_error_xyz.err_y,NaN
5.410502215,1759158515.881502215,/studio/pos_error_xyz.err_y,-0.03994920115806
5.41393994,1759158515.884939940,/studio/pos_error_xyz.err_y,-0.041190321472402314
5.417229184,1759158515.888229184,/studio/pos_error_xyz.err_y,NaN
5.420299179,1759158515.891299179,/studio/pos_error_xyz.err_y,NaN
5.420508791,1759158515.891508791,/studio/pos_error_xyz.err_y,-0.041523428149434105
5.424310565,1759158515.895310565,/studio/pos_error_xyz.err_y,-0.04276560312694877
5.427288846,1759158515.898288846,/studio/pos_error_xyz.err_y,NaN
5.430295532,1759158515.901295532,/studio/pos_error_xyz.err_y,NaN
5.430615877,1759158515.901615877,/studio/pos_error_xyz.err_y,-0.04307383105088247
5.434090173,1759158515.905090173,/studio/pos_error_xyz.err_y,-0.044280001459608975
5.437254195,1759158515.908254195,/studio/pos_error_xyz.err_y,NaN
5.440288133,1759158515.911288133,/studio/pos_error_xyz.err_y,NaN
5.440630531,1759158515.911630531,/studio/pos_error_xyz.err_y,-0.0446158682999247
5.443800446,1759158515.914800446,/studio/pos_error_xyz.err_y,-0.0459081523203817
5.447147582,1759158515.918147582,/studio/pos_error_xyz.err_y,NaN
5.450286467,1759158515.921286467,/studio/pos_error_xyz.err_y,NaN
5.450679996,1759158515.921679996,/studio/pos_error_xyz.err_y,-0.04621470464700872
5.453953812,1759158515.924953812,/studio/pos_error_xyz.err_y,-0.04741314727195611
5.457177596,1759158515.928177596,/studio/pos_error_xyz.err_y,NaN
5.460278066,1759158515.931278066,/studio/pos_error_xyz.err_y,NaN
5.460481463,1759158515.931481463,/studio/pos_error_xyz.err_y,-0.04772839988071276
5.463809422,1759158515.934809422,/studio/pos_error_xyz.err_y,-0.04895178975072856
5.46728545,1759158515.938285450,/studio/pos_error_xyz.err_y,NaN
5.470291459,1759158515.941291459,/studio/pos_error_xyz.err_y,NaN
5.470664831,1759158515.941664831,/studio/pos_error_xyz.err_y,-0.049287085616654513
5.473977868,1759158515.944977868,/studio/pos_error_xyz.err_y,-0.050609143429463765
5.477212981,1759158515.948212981,/studio/pos_error_xyz.err_y,NaN
5.480292275,1759158515.951292275,/studio/pos_error_xyz.err_y,NaN
5.480487784,1759158515.951487784,/studio/pos_error_xyz.err_y,-0.05091757328375324
5.483818403,1759158515.954818403,/studio/pos_error_xyz.err_y,-0.05214786418046269
5.487961799,1759158515.958961799,/studio/pos_error_xyz.err_y,NaN
5.490263892,1759158515.961263892,/studio/pos_error_xyz.err_y,NaN
5.500320874,1759158515.971320874,/studio/pos_error_xyz.err_y,NaN
5.504669669,1759158515.975669669,/studio/pos_error_xyz.err_y,-0.05243541866859425
5.504674073,1759158515.975674073,/studio/pos_error_xyz.err_y,-0.05291200243716898
5.5046757070000005,1759158515.975675707,/studio/pos_error_xyz.err_y,-0.05338840303824055
5.504677835,1759158515.975677835,/studio/pos_error_xyz.err_y,-0.05389468080839088
5.50803937,1759158515.979039370,/studio/pos_error_xyz.err_y,-0.05442070165966717
5.5080438780000005,1759158515.979043878,/studio/pos_error_xyz.err_y,-0.054946587939375124
5.510272363,1759158515.981272363,/studio/pos_error_xyz.err_y,NaN
5.510578789,1759158515.981578789,/studio/pos_error_xyz.err_y,-0.05543778161027002
5.5138349,1759158515.984834900,/studio/pos_error_xyz.err_y,-0.056564666347346915
5.517127009,1759158515.988127009,/studio/pos_error_xyz.err_y,NaN
5.520289327,1759158515.991289327,/studio/pos_error_xyz.err_y,NaN
5.520914723,1759158515.991914723,/studio/pos_error_xyz.err_y,-0.056851165895944966
5.524000292,1759158515.995000292,/studio/pos_error_xyz.err_y,-0.05801048639924833
5.527445223,1759158515.998445223,/studio/pos_error_xyz.err_y,NaN
5.530275598,1759158516.001275598,/studio/pos_error_xyz.err_y,NaN
5.53058414,1759158516.001584140,/studio/pos_error_xyz.err_y,-0.058282877110622966
5.533796458,1759158516.004796458,/studio/pos_error_xyz.err_y,-0.05939360270075
5.5371243020000005,1759158516.008124302,/studio/pos_error_xyz.err_y,NaN
5.54032541,1759158516.011325410,/studio/pos_error_xyz.err_y,NaN
5.540494961,1759158516.011494961,/studio/pos_error_xyz.err_y,-0.05965218162242625
5.54382306,1759158516.014823060,/studio/pos_error_xyz.err_y,-0.06071821460846483
5.547100065,1759158516.018100065,/studio/pos_error_xyz.err_y,NaN
5.550318222,1759158516.021318222,/studio/pos_error_xyz.err_y,NaN
5.55042155,1759158516.021421550,/studio/pos_error_xyz.err_y,-0.060978149673138526
5.5537192,1759158516.024719200,/studio/pos_error_xyz.err_y,-0.062065361055677615
5.557154764,1759158516.028154764,/studio/pos_error_xyz.err_y,NaN
5.5602804720000005,1759158516.031280472,/studio/pos_error_xyz.err_y,NaN
5.560472878,1759158516.031472878,/studio/pos_error_xyz.err_y,-0.06229830820648563
5.5638594040000005,1759158516.034859404,/studio/pos_error_xyz.err_y,-0.06326795110673511
5.5671040430000005,1759158516.038104043,/studio/pos_error_xyz.err_y,NaN
5.570286629,1759158516.041286629,/studio/pos_error_xyz.err_y,NaN
5.570430722,1759158516.041430722,/studio/pos_error_xyz.err_y,-0.06350152790671126
5.573867647,1759158516.044867647,/studio/pos_error_xyz.err_y,-0.06448032444932439
5.577171014,1759158516.048171014,/studio/pos_error_xyz.err_y,NaN
5.580284503,1759158516.051284503,/studio/pos_error_xyz.err_y,NaN
5.580348533,1759158516.051348533,/studio/pos_error_xyz.err_y,-0.0647234816904052
5.583727076,1759158516.054727076,/studio/pos_error_xyz.err_y,-0.06575319747682329
5.587011866,1759158516.058011866,/studio/pos_error_xyz.err_y,NaN
5.590308428,1759158516.061308428,/studio/pos_error_xyz.err_y,NaN
5.59059919,1759158516.061599190,/studio/pos_error_xyz.err_y,-0.0660209422245337
5.594071231,1759158516.065071231,/studio/pos_error_xyz.err_y,-0.06715647740907449
5.597120913,1759158516.068120913,/studio/pos_error_xyz.err_y,NaN
5.600290591,1759158516.071290591,/studio/pos_error_xyz.err_y,NaN
5.600406408,1759158516.071406408,/studio/pos_error_xyz.err_y,-0.0673461928342387
5.604134964,1759158516.075134964,/studio/pos_error_xyz.err_y,-0.06815484109669212
5.607121785,1759158516.078121785,/studio/pos_error_xyz.err_y,NaN
5.610291573,1759158516.081291573,/studio/pos_error_xyz.err_y,NaN
5.610424333,1759158516.081424333,/studio/pos_error_xyz.err_y,-0.06833214394202747
5.613656976,1759158516.084656976,/studio/pos_error_xyz.err_y,-0.06909415665891983
5.617034965,1759158516.088034965,/studio/pos_error_xyz.err_y,NaN
5.620275727,1759158516.091275727,/studio/pos_error_xyz.err_y,NaN
5.620286904,1759158516.091286904,/studio/pos_error_xyz.err_y,-0.06926031361272722
5.623750297,1759158516.094750297,/studio/pos_error_xyz.err_y,-0.06997913436655012
5.627054343,1759158516.098054343,/studio/pos_error_xyz.err_y,NaN
5.6302993820000005,1759158516.101299382,/studio/pos_error_xyz.err_y,NaN
5.630378116,1759158516.101378116,/studio/pos_error_xyz.err_y,-0.07013072213146088
5.633713352,1759158516.104713352,/studio/pos_error_xyz.err_y,-0.07079255397971829
5.63701066,1759158516.108010660,/studio/pos_error_xyz.err_y,NaN
5.640330743,1759158516.111330743,/studio/pos_error_xyz.err_y,NaN
5.640389392,1759158516.111389392,/studio/pos_error_xyz.err_y,-0.07092165601552636
5.643768985,1759158516.114768985,/studio/pos_error_xyz.err_y,-0.07148705226449326
5.647129471,1759158516.118129471,/studio/pos_error_xyz.err_y,NaN
5.650285771,1759158516.121285771,/studio/pos_error_xyz.err_y,NaN
5.650428046,1759158516.121428046,/studio/pos_error_xyz.err_y,-0.07160799865431766
5.653567344,1759158516.124567344,/studio/pos_error_xyz.err_y,-0.07214585893257208
5.657097286,1759158516.128097286,/studio/pos_error_xyz.err_y,NaN
5.660270032,1759158516.131270032,/studio/pos_error_xyz.err_y,NaN
5.66029259,1759158516.131292590,/studio/pos_error_xyz.err_y,-0.07225607226433506
5.663621165,1759158516.134621165,/studio/pos_error_xyz.err_y,-0.07274649698948976
5.666909811,1759158516.137909811,/studio/pos_error_xyz.err_y,NaN
5.67021657,1759158516.141216570,/studio/pos_error_xyz.err_y,NaN
5.670271289,1759158516.141271289,/studio/pos_error_xyz.err_y,-0.07282758799367728
5.673815341,1759158516.144815341,/studio/pos_error_xyz.err_y,-0.07319086476955805
5.676970544,1759158516.147970544,/studio/pos_error_xyz.err_y,NaN
5.680262777,1759158516.151262777,/studio/pos_error_xyz.err_y,NaN
5.680388873,1759158516.151388873,/studio/pos_error_xyz.err_y,-0.07325681830403563
5.683571343,1759158516.154571343,/studio/pos_error_xyz.err_y,-0.07355362767520579
5.686957829,1759158516.157957829,/studio/pos_error_xyz.err_y,NaN
5.690275451,1759158516.161275451,/studio/pos_error_xyz.err_y,NaN
5.69040637,1759158516.161406370,/studio/pos_error_xyz.err_y,-0.0736213027868462
5.700341749,1759158516.171341749,/studio/pos_error_xyz.err_y,NaN
5.706849996,1759158516.177849996,/studio/pos_error_xyz.err_y,-0.07374589944962695
5.70685604,1759158516.177856040,/studio/pos_error_xyz.err_y,-0.07387051526491883
5.706861628,1759158516.177861628,/studio/pos_error_xyz.err_y,-0.07396436084259639
5.706866769,1759158516.177866769,/studio/pos_error_xyz.err_y,-0.07403211182165914
5.710271358,1759158516.181271358,/studio/pos_error_xyz.err_y,NaN
5.71288141,1759158516.183881410,/studio/pos_error_xyz.err_y,-0.07409984197509245
5.7128839750000004,1759158516.183883975,/studio/pos_error_xyz.err_y,-0.07415517552086648
5.713962012,1759158516.184962012,/studio/pos_error_xyz.err_y,-0.0742642435472034
5.716953253,1759158516.187953253,/studio/pos_error_xyz.err_y,NaN
5.72030296,1759158516.191302960,/studio/pos_error_xyz.err_y,NaN
5.72033277,1759158516.191332770,/studio/pos_error_xyz.err_y,-0.07428334547915139
5.723489352,1759158516.194489352,/studio/pos_error_xyz.err_y,-0.07437201906354729
5.72704799,1759158516.198047990,/studio/pos_error_xyz.err_y,NaN
5.730331873,1759158516.201331873,/studio/pos_error_xyz.err_y,NaN
5.730410348,1759158516.201410348,/studio/pos_error_xyz.err_y,-0.0743776109479255
5.73358944,1759158516.204589440,/studio/pos_error_xyz.err_y,-0.07440408682544741
5.7372392,1759158516.208239200,/studio/pos_error_xyz.err_y,NaN
5.74028351,1759158516.211283510,/studio/pos_error_xyz.err_y,NaN
5.740592607,1759158516.211592607,/studio/pos_error_xyz.err_y,0.00003756821323785964
5.7435819200000005,1759158516.214581920,/studio/pos_error_xyz.err_y,0.00009918729072966315
5.746852419,1759158516.217852419,/studio/pos_error_xyz.err_y,NaN
5.750218796,1759158516.221218796,/studio/pos_error_xyz.err_y,NaN
5.750283681,1759158516.221283681,/studio/pos_error_xyz.err_y,0.00013255849575988243
5.753507095,1759158516.224507095,/studio/pos_error_xyz.err_y,0.00029062436803584113
5.756932928,1759158516.227932928,/studio/pos_error_xyz.err_y,NaN
5.7602691010000004,1759158516.231269101,/studio/pos_error_xyz.err_y,NaN
5.760291377,1759158516.231291377,/studio/pos_error_xyz.err_y,0.0003206866015119658
5.763562108,1759158516.234562108,/studio/pos_error_xyz.err_y,0.00046362394002441576
5.766892018,1759158516.237892018,/studio/pos_error_xyz.err_y,NaN
5.770172445,1759158516.241172445,/studio/pos_error_xyz.err_y,NaN
5.770311813,1759158516.241311813,/studio/pos_error_xyz.err_y,0.0005182445816456216
5.773604361,1759158516.244604361,/studio/pos_error_xyz.err_y,0.0007797311959476527
5.776914726,1759158516.247914726,/studio/pos_error_xyz.err_y,NaN
5.780192177,1759158516.251192177,/studio/pos_error_xyz.err_y,NaN
5.780274126,1759158516.251274126,/studio/pos_error_xyz.err_y,0.0008559386698592242
5.783556752,1759158516.254556752,/studio/pos_error_xyz.err_y,0.0012235269934917081
5.786908112,1759158516.257908112,/studio/pos_error_xyz.err_y,NaN
5.790186896,1759158516.261186896,/studio/pos_error_xyz.err_y,NaN
5.7902631200000005,1759158516.261263120,/studio/pos_error_xyz.err_y,0.0012843459661906476
5.79439786,1759158516.265397860,/studio/pos_error_xyz.err_y,0.0015801842819580525
5.796935151,1759158516.267935151,/studio/pos_error_xyz.err_y,NaN
5.800156626,1759158516.271156626,/studio/pos_error_xyz.err_y,NaN
5.800263054,1759158516.271263054,/studio/pos_error_xyz.err_y,0.0016571831782512536
5.80359066,1759158516.274590660,/studio/pos_error_xyz.err_y,0.0020322143219191346
5.807167842,1759158516.278167842,/studio/pos_error_xyz.err_y,NaN
5.810232269,1759158516.281232269,/studio/pos_error_xyz.err_y,NaN
5.810283954,1759158516.281283954,/studio/pos_error_xyz.err_y,0.002138649278586202
5.813676075,1759158516.284676075,/studio/pos_error_xyz.err_y,0.002662341518405942
5.816843714,1759158516.287843714,/studio/pos_error_xyz.err_y,NaN
5.82011675,1759158516.291116750,/studio/pos_error_xyz.err_y,NaN
5.820320369,1759158516.291320369,/studio/pos_error_xyz.err_y,0.002761623615561426
5.823459388,1759158516.294459388,/studio/pos_error_xyz.err_y,0.0032551796841095992
5.826963471,1759158516.297963471,/studio/pos_error_xyz.err_y,NaN
5.830250467,1759158516.301250467,/studio/pos_error_xyz.err_y,NaN
5.830276854,1759158516.301276854,/studio/pos_error_xyz.err_y,0.003365174233513901
5.833560163,1759158516.304560163,/studio/pos_error_xyz.err_y,0.003915011872844376
5.836966854,1759158516.307966854,/studio/pos_error_xyz.err_y,NaN
5.8400805590000004,1759158516.311080559,/studio/pos_error_xyz.err_y,NaN
5.840284669,1759158516.311284669,/studio/pos_error_xyz.err_y,0.004035646238580881
5.843810013,1759158516.314810013,/studio/pos_error_xyz.err_y,0.004640824305560232
5.847001169,1759158516.318001169,/studio/pos_error_xyz.err_y,NaN
5.85011168,1759158516.321111680,/studio/pos_error_xyz.err_y,NaN
5.850291938,1759158516.321291938,/studio/pos_error_xyz.err_y,0.004762078272316783
5.853490683,1759158516.324490683,/studio/pos_error_xyz.err_y,0.0053784903771501025
5.856780994,1759158516.327780994,/studio/pos_error_xyz.err_y,NaN
5.860183598,1759158516.331183598,/studio/pos_error_xyz.err_y,NaN
5.860306273,1759158516.331306273,/studio/pos_error_xyz.err_y,0.005526075888897752
5.863445424,1759158516.334445424,/studio/pos_error_xyz.err_y,0.006281443696214195
5.866829311,1759158516.337829311,/studio/pos_error_xyz.err_y,NaN
5.870156456,1759158516.341156456,/studio/pos_error_xyz.err_y,NaN
5.87033018,1759158516.341330180,/studio/pos_error_xyz.err_y,0.006390080650072072
5.873398994,1759158516.344398994,/studio/pos_error_xyz.err_y,0.0069619019385795955
5.876833015,1759158516.347833015,/studio/pos_error_xyz.err_y,NaN
5.880157082,1759158516.351157082,/studio/pos_error_xyz.err_y,NaN
5.880280626,1759158516.351280626,/studio/pos_error_xyz.err_y,0.007092980463755172
5.883499562,1759158516.354499562,/studio/pos_error_xyz.err_y,0.007772365789147306
5.886832518,1759158516.357832518,/studio/pos_error_xyz.err_y,NaN
5.890104564,1759158516.361104564,/studio/pos_error_xyz.err_y,NaN
5.890337318,1759158516.361337318,/studio/pos_error_xyz.err_y,0.007935295273783671
5.89352932,1759158516.364529320,/studio/pos_error_xyz.err_y,0.008788002067238843
5.897408695,1759158516.368408695,/studio/pos_error_xyz.err_y,NaN
5.900311106,1759158516.371311106,/studio/pos_error_xyz.err_y,NaN
5.910304675,1759158516.381304675,/studio/pos_error_xyz.err_y,NaN
5.9138958210000006,1759158516.384895821,/studio/pos_error_xyz.err_y,0.008917952349698943
5.913898732,1759158516.384898732,/studio/pos_error_xyz.err_y,0.00918878623165309
5.913900756,1759158516.384900756,/studio/pos_error_xyz.err_y,0.009459870017996641
5.913903535,1759158516.384903535,/studio/pos_error_xyz.err_y,0.00972466282695339
5.917170548,1759158516.388170548,/studio/pos_error_xyz.err_y,0.00998189195234156
5.917172962,1759158516.388172962,/studio/pos_error_xyz.err_y,0.010239358647921915
5.920169537,1759158516.391169537,/studio/pos_error_xyz.err_y,0.010377862069858024
5.920270879,1759158516.391270879,/studio/pos_error_xyz.err_y,0.010532601675176556
5.923442755,1759158516.394442755,/studio/pos_error_xyz.err_y,0.011378912637199479
5.926767245,1759158516.397767245,/studio/pos_error_xyz.err_y,NaN
5.930228906,1759158516.401228906,/studio/pos_error_xyz.err_y,NaN
5.930279921,1759158516.401279921,/studio/pos_error_xyz.err_y,0.011513508426837182
5.933579197,1759158516.404579197,/studio/pos_error_xyz.err_y,0.012238990528849358
5.936855819,1759158516.407855819,/studio/pos_error_xyz.err_y,NaN
5.940126467,1759158516.411126467,/studio/pos_error_xyz.err_y,NaN
5.940281746,1759158516.411281746,/studio/pos_error_xyz.err_y,0.012376883337971378
5.943428521,1759158516.414428521,/studio/pos_error_xyz.err_y,0.013123550045455623
5.946822616,1759158516.417822616,/studio/pos_error_xyz.err_y,NaN
5.950282915,1759158516.421282915,/studio/pos_error_xyz.err_y,NaN
5.950659159,1759158516.421659159,/studio/pos_error_xyz.err_y,0.013247861119072946
5.953503255,1759158516.424503255,/studio/pos_error_xyz.err_y,0.013926022422467543
5.956785249,1759158516.427785249,/studio/pos_error_xyz.err_y,NaN
5.960082384,1759158516.431082384,/studio/pos_error_xyz.err_y,NaN
5.96027519,1759158516.431275190,/studio/pos_error_xyz.err_y,0.014057575969071756
5.963279251,1759158516.434279251,/studio/pos_error_xyz.err_y,0.014781076697175877
5.966852391,1759158516.437852391,/studio/pos_error_xyz.err_y,NaN
5.97023208,1759158516.441232080,/studio/pos_error_xyz.err_y,NaN
5.970271405,1759158516.441271405,/studio/pos_error_xyz.err_y,0.014899312511583718
5.9735433790000005,1759158516.444543379,/studio/pos_error_xyz.err_y,0.01555207684922455
5.977375853,1759158516.448375853,/studio/pos_error_xyz.err_y,NaN
5.980198553,1759158516.451198553,/studio/pos_error_xyz.err_y,NaN
5.98026266,1759158516.451262660,/studio/pos_error_xyz.err_y,0.015676068803027077
5.983526447,1759158516.454526447,/studio/pos_error_xyz.err_y,0.01636512948180835
5.986712245,1759158516.457712245,/studio/pos_error_xyz.err_y,NaN
5.990050056,1759158516.461050056,/studio/pos_error_xyz.err_y,NaN
5.99026445,1759158516.461264450,/studio/pos_error_xyz.err_y,0.016482797579627784
5.993876831,1759158516.464876831,/studio/pos_error_xyz.err_y,0.01714443623613615
5.996802625,1759158516.467802625,/studio/pos_error_xyz.err_y,NaN
6.000180411,1759158516.471180411,/studio/pos_error_xyz.err_y,NaN
6.000272186,1759158516.471272186,/studio/pos_error_xyz.err_y,0.017265806420089236
6.003458484,1759158516.474458484,/studio/pos_error_xyz.err_y,0.017951642973523363
6.006854677,1759158516.477854677,/studio/pos_error_xyz.err_y,NaN
6.010257963,1759158516.481257963,/studio/pos_error_xyz.err_y,NaN
6.010279378,1759158516.481279378,/studio/pos_error_xyz.err_y,0.01804662190002726
6.014165638,1759158516.485165638,/studio/pos_error_xyz.err_y,0.018588538412850353
6.016806696,1759158516.487806696,/studio/pos_error_xyz.err_y,NaN
6.020064704,1759158516.491064704,/studio/pos_error_xyz.err_y,NaN
6.020269195,1759158516.491269195,/studio/pos_error_xyz.err_y,0.018686715935820164
6.023537969,1759158516.494537969,/studio/pos_error_xyz.err_y,0.01924926214926015
6.026688374,1759158516.497688374,/studio/pos_error_xyz.err_y,NaN
6.030304488,1759158516.501304488,/studio/pos_error_xyz.err_y,NaN
6.030499297,1759158516.501499297,/studio/pos_error_xyz.err_y,0.019347568244059365
6.033748901,1759158516.504748901,/studio/pos_error_xyz.err_y,0.019918077933554157
6.036689048,1759158516.507689048,/studio/pos_error_xyz.err_y,NaN
6.040086478,1759158516.511086478,/studio/pos_error_xyz.err_y,NaN
6.040298266,1759158516.511298266,/studio/pos_error_xyz.err_y,0.020001253784725614
6.043242849,1759158516.514242849,/studio/pos_error_xyz.err_y,0.020499249991730695
6.046674139,1759158516.517674139,/studio/pos_error_xyz.err_y,NaN
6.050311712,1759158516.521311712,/studio/pos_error_xyz.err_y,NaN
6.050404375,1759158516.521404375,/studio/pos_error_xyz.err_y,0.020569556552182178
6.053775168,1759158516.524775168,/studio/pos_error_xyz.err_y,0.020988299479623773
6.056835288,1759158516.527835288,/studio/pos_error_xyz.err_y,NaN
6.060149345,1759158516.531149345,/studio/pos_error_xyz.err_y,NaN
6.060266039,1759158516.531266039,/studio/pos_error_xyz.err_y,0.02106345690786693
6.063275477,1759158516.534275477,/studio/pos_error_xyz.err_y,0.021521331079856543
6.066894425,1759158516.537894425,/studio/pos_error_xyz.err_y,NaN
6.069952734,1759158516.540952734,/studio/pos_error_xyz.err_y,NaN
6.070298739,1759158516.541298739,/studio/pos_error_xyz.err_y,0.02159525004437368
6.073319571,1759158516.544319571,/studio/pos_error_xyz.err_y,0.022041404742417114
6.077334076,1759158516.548334076,/studio/pos_error_xyz.err_y,NaN
6.080266053,1759158516.551266053,/studio/pos_error_xyz.err_y,NaN
6.080707126,1759158516.551707126,/studio/pos_error_xyz.err_y,0.022097502266099855
6.083358956,1759158516.554358956,/studio/pos_error_xyz.err_y,0.02244352041566966
6.086881847,1759158516.557881847,/studio/pos_error_xyz.err_y,NaN
6.089911221,1759158516.560911221,/studio/pos_error_xyz.err_y,NaN
6.090267604,1759158516.561267604,/studio/pos_error_xyz.err_y,0.022489204952139463
6.093214015,1759158516.564214015,/studio/pos_error_xyz.err_y,0.022767564566001264
6.096533486,1759158516.567533486,/studio/pos_error_xyz.err_y,NaN
6.100001291,1759158516.571001291,/studio/pos_error_xyz.err_y,NaN
6.100309289,1759158516.571309289,/studio/pos_error_xyz.err_y,0.022816167620556493
6.110314691,1759158516.581314691,/studio/pos_error_xyz.err_y,NaN
6.1165863,1759158516.587586300,/studio/pos_error_xyz.err_y,0.022932057702407693
6.116593019,1759158516.587593019,/studio/pos_error_xyz.err_y,0.02304780530375261
6.116597183,1759158516.587597183,/studio/pos_error_xyz.err_y,0.023171009046671243
6.116600131,1759158516.587600131,/studio/pos_error_xyz.err_y,0.023305013467803448
6.120322734,1759158516.591322734,/studio/pos_error_xyz.err_y,NaN
6.122608014,1759158516.593608014,/studio/pos_error_xyz.err_y,0.023438997290300412
6.122610945,1759158516.593610945,/studio/pos_error_xyz.err_y,0.02354247627143624
6.124272759,1759158516.595272759,/studio/pos_error_xyz.err_y,0.023611008385193033
6.126782695,1759158516.597782695,/studio/pos_error_xyz.err_y,0.023693984105463084
6.129813839,1759158516.600813839,/studio/pos_error_xyz.err_y,NaN
6.130289609,1759158516.601289609,/studio/pos_error_xyz.err_y,0.02373301525780591
6.133686017,1759158516.604686017,/studio/pos_error_xyz.err_y,0.023986106597425394
6.136607256,1759158516.607607256,/studio/pos_error_xyz.err_y,NaN
6.139950241,1759158516.610950241,/studio/pos_error_xyz.err_y,NaN
6.140353464,1759158516.611353464,/studio/pos_error_xyz.err_y,0.02402039132750433
6.143252718,1759158516.614252718,/studio/pos_error_xyz.err_y,0.02424046126536239
6.14660916,1759158516.617609160,/studio/pos_error_xyz.err_y,NaN
6.150267285,1759158516.621267285,/studio/pos_error_xyz.err_y,NaN
6.150309908,1759158516.621309908,/studio/pos_error_xyz.err_y,0.024257137021479913
6.153288681,1759158516.624288681,/studio/pos_error_xyz.err_y,0.024367740324027443
6.156612759,1759158516.627612759,/studio/pos_error_xyz.err_y,NaN
6.159937383,1759158516.630937383,/studio/pos_error_xyz.err_y,NaN
6.160267438,1759158516.631267438,/studio/pos_error_xyz.err_y,0.02438600891189857
6.163221388,1759158516.634221388,/studio/pos_error_xyz.err_y,0.024504364737359507
6.166673383,1759158516.637673383,/studio/pos_error_xyz.err_y,NaN
6.169995107,1759158516.640995107,/studio/pos_error_xyz.err_y,NaN
6.170266065,1759158516.641266065,/studio/pos_error_xyz.err_y,0.024525586854305503
6.173130074,1759158516.644130074,/studio/pos_error_xyz.err_y,0.024663744835015322
6.176449245,1759158516.647449245,/studio/pos_error_xyz.err_y,NaN
6.17975377,1759158516.650753770,/studio/pos_error_xyz.err_y,NaN
6.180261918,1759158516.651261918,/studio/pos_error_xyz.err_y,0.024673379689342134
6.183056729,1759158516.654056729,/studio/pos_error_xyz.err_y,0.02473690418467278
6.186646704,1759158516.657646704,/studio/pos_error_xyz.err_y,NaN
6.189968464,1759158516.660968464,/studio/pos_error_xyz.err_y,NaN
6.190268414,1759158516.661268414,/studio/pos_error_xyz.err_y,0.024737731369576466
6.193213731,1759158516.664213731,/studio/pos_error_xyz.err_y,0.024743205140711932
6.196573611,1759158516.667573611,/studio/pos_error_xyz.err_y,NaN
6.199737095,1759158516.670737095,/studio/pos_error_xyz.err_y,NaN
6.200270987,1759158516.671270987,/studio/pos_error_xyz.err_y,0.024746449714035057
6.203777655,1759158516.674777655,/studio/pos_error_xyz.err_y,0.02476829500860167
6.206675967,1759158516.677675967,/studio/pos_error_xyz.err_y,NaN
6.209745252,1759158516.680745252,/studio/pos_error_xyz.err_y,NaN
6.210289836,1759158516.681289836,/studio/pos_error_xyz.err_y,0.024771885748899436
6.213163527,1759158516.684163527,/studio/pos_error_xyz.err_y,0.024796292836864797
6.216351335,1759158516.687351335,/studio/pos_error_xyz.err_y,NaN
6.219869677,1759158516.690869677,/studio/pos_error_xyz.err_y,NaN
6.220304538,1759158516.691304538,/studio/pos_error_xyz.err_y,0.024788244433939788
6.223482313,1759158516.694482313,/studio/pos_error_xyz.err_y,0.024731902318315235
6.226592833,1759158516.697592833,/studio/pos_error_xyz.err_y,NaN
6.229748739,1759158516.700748739,/studio/pos_error_xyz.err_y,NaN
6.230283294,1759158516.701283294,/studio/pos_error_xyz.err_y,0.024721564098153292
6.233055154,1759158516.704055154,/studio/pos_error_xyz.err_y,0.024648636463206808
6.236433825,1759158516.707433825,/studio/pos_error_xyz.err_y,NaN
6.239755311,1759158516.710755311,/studio/pos_error_xyz.err_y,NaN
6.240272954,1759158516.711272954,/studio/pos_error_xyz.err_y,0.024641649513814645
6.243178159,1759158516.714178159,/studio/pos_error_xyz.err_y,0.024593319928313706
6.246632301,1759158516.717632301,/studio/pos_error_xyz.err_y,NaN
6.24979631,1759158516.720796310,/studio/pos_error_xyz.err_y,NaN
6.250307545,1759158516.721307545,/studio/pos_error_xyz.err_y,0.024580639859436815
6.253257006,1759158516.724257006,/studio/pos_error_xyz.err_y,0.02449185086528738
6.256437187,1759158516.727437187,/studio/pos_error_xyz.err_y,NaN
6.259783358,1759158516.730783358,/studio/pos_error_xyz.err_y,NaN
6.260300516,1759158516.731300516,/studio/pos_error_xyz.err_y,0.02447473924591148
6.262987353,1759158516.733987353,/studio/pos_error_xyz.err_y,0.024351859776295504
6.266426069,1759158516.737426069,/studio/pos_error_xyz.err_y,NaN
6.269861014,1759158516.740861014,/studio/pos_error_xyz.err_y,NaN
6.270345557,1759158516.741345557,/studio/pos_error_xyz.err_y,0.024333906874604683
6.273150409,1759158516.744150409,/studio/pos_error_xyz.err_y,0.024205571066447273
6.276522993,1759158516.747522993,/studio/pos_error_xyz.err_y,NaN
6.279925609,1759158516.750925609,/studio/pos_error_xyz.err_y,NaN
6.280298461,1759158516.751298461,/studio/pos_error_xyz.err_y,0.024186477265136563
6.283033978,1759158516.754033978,/studio/pos_error_xyz.err_y,0.024045854053942328
6.286445452,1759158516.757445452,/studio/pos_error_xyz.err_y,NaN
6.289690814,1759158516.760690814,/studio/pos_error_xyz.err_y,NaN
6.290273465,1759158516.761273465,/studio/pos_error_xyz.err_y,0.024014576848596425
6.293064623,1759158516.764064623,/studio/pos_error_xyz.err_y,0.02377992951766017
6.296376154,1759158516.767376154,/studio/pos_error_xyz.err_y,NaN
6.299676676,1759158516.770676676,/studio/pos_error_xyz.err_y,NaN
6.30032303,1759158516.771323030,/studio/pos_error_xyz.err_y,0.023750785892912685
6.3030779,1759158516.774077900,/studio/pos_error_xyz.err_y,0.023535026840830975
6.306995959,1759158516.777995959,/studio/pos_error_xyz.err_y,NaN
6.310301391,1759158516.781301391,/studio/pos_error_xyz.err_y,NaN
6.3203262030000005,1759158516.791326203,/studio/pos_error_xyz.err_y,NaN
6.325159973,1759158516.796159973,/studio/pos_error_xyz.err_y,0.023518906295080688
6.32516184,1759158516.796161840,/studio/pos_error_xyz.err_y,0.02347226968174665
6.325165692,1759158516.796165692,/studio/pos_error_xyz.err_y,0.023425600791457946
6.325170762,1759158516.796170762,/studio/pos_error_xyz.err_y,0.023369327079200142
6.326321032,1759158516.797321032,/studio/pos_error_xyz.err_y,0.023294510781447286
6.326322935,1759158516.797322935,/studio/pos_error_xyz.err_y,0.02321975199045645
6.329665522,1759158516.800665522,/studio/pos_error_xyz.err_y,0.023170227166763313
6.33029978,1759158516.801299780,/studio/pos_error_xyz.err_y,0.02313785249409772
6.33291142,1759158516.803911420,/studio/pos_error_xyz.err_y,0.022883326671379045
6.33633916,1759158516.807339160,/studio/pos_error_xyz.err_y,NaN
6.339596767,1759158516.810596767,/studio/pos_error_xyz.err_y,NaN
6.340276373,1759158516.811276373,/studio/pos_error_xyz.err_y,0.02284627874754208
6.343033585,1759158516.814033585,/studio/pos_error_xyz.err_y,0.022556338474036375
6.346419912,1759158516.817419912,/studio/pos_error_xyz.err_y,NaN
6.349673246,1759158516.820673246,/studio/pos_error_xyz.err_y,NaN
6.350322528,1759158516.821322528,/studio/pos_error_xyz.err_y,0.02251843469444781
6.352941596,1759158516.823941596,/studio/pos_error_xyz.err_y,0.02222395670785171
6.356290171,1759158516.827290171,/studio/pos_error_xyz.err_y,NaN
6.359671818,1759158516.830671818,/studio/pos_error_xyz.err_y,NaN
6.360268212,1759158516.831268212,/studio/pos_error_xyz.err_y,0.02219677110049245
6.363128914,1759158516.834128914,/studio/pos_error_xyz.err_y,0.021979681326570022
6.366196303,1759158516.837196303,/studio/pos_error_xyz.err_y,NaN
6.369664286,1759158516.840664286,/studio/pos_error_xyz.err_y,NaN
6.370261317,1759158516.841261317,/studio/pos_error_xyz.err_y,0.021936570996163196
6.372901144,1759158516.843901144,/studio/pos_error_xyz.err_y,0.021597318250700992
6.376360138,1759158516.847360138,/studio/pos_error_xyz.err_y,NaN
6.379728834,1759158516.850728834,/studio/pos_error_xyz.err_y,NaN
6.380262449,1759158516.851262449,/studio/pos_error_xyz.err_y,0.02155948943500352
6.382879262,1759158516.853879262,/studio/pos_error_xyz.err_y,0.021259556644395605
6.386191538,1759158516.857191538,/studio/pos_error_xyz.err_y,NaN
6.389638926,1759158516.860638926,/studio/pos_error_xyz.err_y,NaN
6.390336863,1759158516.861336863,/studio/pos_error_xyz.err_y,0.021225403295894507
6.392945623,1759158516.863945623,/studio/pos_error_xyz.err_y,0.02095193238664894
6.396249916,1759158516.867249916,/studio/pos_error_xyz.err_y,NaN
6.399704379,1759158516.870704379,/studio/pos_error_xyz.err_y,NaN
6.400330597,1759158516.871330597,/studio/pos_error_xyz.err_y,0.02089748201657393
6.402903619,1759158516.873903619,/studio/pos_error_xyz.err_y,0.020456131446578096
6.4063248040000005,1759158516.877324804,/studio/pos_error_xyz.err_y,NaN
6.409656853,1759158516.880656853,/studio/pos_error_xyz.err_y,NaN
6.410332232,1759158516.881332232,/studio/pos_error_xyz.err_y,0.02042062426615887
6.412992287,1759158516.883992287,/studio/pos_error_xyz.err_y,0.02012252790875757
6.416252626,1759158516.887252626,/studio/pos_error_xyz.err_y,NaN
6.420302281,1759158516.891302281,/studio/pos_error_xyz.err_y,NaN
6.420490605,1759158516.891490605,/studio/pos_error_xyz.err_y,0.02008479922263029
6.423049738,1759158516.894049738,/studio/pos_error_xyz.err_y,0.01976781999092103
6.426506593,1759158516.897506593,/studio/pos_error_xyz.err_y,NaN
6.429793107,1759158516.900793107,/studio/pos_error_xyz.err_y,NaN
6.430305395,1759158516.901305395,/studio/pos_error_xyz.err_y,0.019726901930045226
6.43296747,1759158516.903967470,/studio/pos_error_xyz.err_y,0.019385745891762562
6.436368192,1759158516.907368192,/studio/pos_error_xyz.err_y,NaN
6.439675441,1759158516.910675441,/studio/pos_error_xyz.err_y,NaN
6.440370772,1759158516.911370772,/studio/pos_error_xyz.err_y,0.019340087109786186
6.443027575,1759158516.914027575,/studio/pos_error_xyz.err_y,0.018943256740431513
6.446266883,1759158516.917266883,/studio/pos_error_xyz.err_y,NaN
6.449570389,1759158516.920570389,/studio/pos_error_xyz.err_y,NaN
6.450313271,1759158516.921313271,/studio/pos_error_xyz.err_y,0.01889659844706748
6.454019355,1759158516.925019355,/studio/pos_error_xyz.err_y,0.018495203765117818
6.456278346,1759158516.927278346,/studio/pos_error_xyz.err_y,NaN
6.459645103,1759158516.930645103,/studio/pos_error_xyz.err_y,NaN
6.460270151,1759158516.931270151,/studio/pos_error_xyz.err_y,0.018446420121821072
6.4629704,1759158516.933970400,/studio/pos_error_xyz.err_y,0.018014341714352566
6.466787651,1759158516.937787651,/studio/pos_error_xyz.err_y,NaN
6.469569013,1759158516.940569013,/studio/pos_error_xyz.err_y,NaN
6.470283251,1759158516.941283251,/studio/pos_error_xyz.err_y,0.017980584054274384
6.472813814,1759158516.943813814,/studio/pos_error_xyz.err_y,0.017686506933362933
6.476199081,1759158516.947199081,/studio/pos_error_xyz.err_y,NaN
6.479637593,1759158516.950637593,/studio/pos_error_xyz.err_y,NaN
6.480265997,1759158516.951265997,/studio/pos_error_xyz.err_y,0.01763562853153222
6.482967816,1759158516.953967816,/studio/pos_error_xyz.err_y,0.017187395177783893
6.486253841,1759158516.957253841,/studio/pos_error_xyz.err_y,NaN
6.489499982,1759158516.960499982,/studio/pos_error_xyz.err_y,NaN
6.490264505,1759158516.961264505,/studio/pos_error_xyz.err_y,0.01714701579301292
6.493633123,1759158516.964633123,/studio/pos_error_xyz.err_y,0.016786862860264318
6.496730978,1759158516.967730978,/studio/pos_error_xyz.err_y,NaN
6.499570423,1759158516.970570423,/studio/pos_error_xyz.err_y,NaN
6.500263463,1759158516.971263463,/studio/pos_error_xyz.err_y,0.016746257786152574
6.50301581,1759158516.974015810,/studio/pos_error_xyz.err_y,0.016383302150410284
6.506181068,1759158516.977181068,/studio/pos_error_xyz.err_y,NaN
6.509558963,1759158516.980558963,/studio/pos_error_xyz.err_y,NaN
6.510259389,1759158516.981259389,/studio/pos_error_xyz.err_y,NaN
6.513816087,1759158516.984816087,/studio/pos_error_xyz.err_y,0.016171472481605553
6.520315063,1759158516.991315063,/studio/pos_error_xyz.err_y,NaN
6.529871335,1759158517.000871335,/studio/pos_error_xyz.err_y,0.016008506343192952
6.529874505,1759158517.000874505,/studio/pos_error_xyz.err_y,0.015838052207586495
6.529877565,1759158517.000877565,/studio/pos_error_xyz.err_y,0.015650048900969216
6.5298804520000004,1759158517.000880452,/studio/pos_error_xyz.err_y,0.015461900954171437
6.530269438,1759158517.001269438,/studio/pos_error_xyz.err_y,NaN
6.532234579,1759158517.003234579,/studio/pos_error_xyz.err_y,0.015297377819510238
6.533784507,1759158517.004784507,/studio/pos_error_xyz.err_y,0.015182466599070965
6.536139516,1759158517.007139516,/studio/pos_error_xyz.err_y,0.015016245478107093
6.539449057,1759158517.010449057,/studio/pos_error_xyz.err_y,NaN
6.540349181,1759158517.011349181,/studio/pos_error_xyz.err_y,NaN
6.54281045,1759158517.013810450,/studio/pos_error_xyz.err_y,0.014488445060420574
6.546968187,1759158517.017968187,/studio/pos_error_xyz.err_y,NaN
6.549474378,1759158517.020474378,/studio/pos_error_xyz.err_y,NaN
6.550294422,1759158517.021294422,/studio/pos_error_xyz.err_y,NaN
6.5528086739999996,1759158517.023808674,/studio/pos_error_xyz.err_y,0.014085314945571525
6.556760086,1759158517.027760086,/studio/pos_error_xyz.err_y,NaN
6.559421689,1759158517.030421689,/studio/pos_error_xyz.err_y,NaN
6.560272166,1759158517.031272166,/studio/pos_error_xyz.err_y,NaN
6.5628398390000005,1759158517.033839839,/studio/pos_error_xyz.err_y,0.013624192150149428
6.566278442,1759158517.037278442,/studio/pos_error_xyz.err_y,NaN
6.570138958,1759158517.041138958,/studio/pos_error_xyz.err_y,NaN
6.5702846610000005,1759158517.041284661,/studio/pos_error_xyz.err_y,NaN
6.572871232,1759158517.043871232,/studio/pos_error_xyz.err_y,0.013231307254990776
6.5760688720000005,1759158517.047068872,/studio/pos_error_xyz.err_y,NaN
6.579501325,1759158517.050501325,/studio/pos_error_xyz.err_y,NaN
6.580281468,1759158517.051281468,/studio/pos_error_xyz.err_y,NaN
6.5827912390000005,1759158517.053791239,/studio/pos_error_xyz.err_y,0.012778418571858241
6.586109875,1759158517.057109875,/studio/pos_error_xyz.err_y,NaN
6.589384109,1759158517.060384109,/studio/pos_error_xyz.err_y,NaN
6.59026503,1759158517.061265030,/studio/pos_error_xyz.err_y,NaN
6.592643288,1759158517.063643288,/studio/pos_error_xyz.err_y,0.012197856746476665
6.596099226,1759158517.067099226,/studio/pos_error_xyz.err_y,NaN
6.599452202,1759158517.070452202,/studio/pos_error_xyz.err_y,NaN
6.600268809,1759158517.071268809,/studio/pos_error_xyz.err_y,NaN
6.602817546,1759158517.073817546,/studio/pos_error_xyz.err_y,0.011906754817507137
6.606129175,1759158517.077129175,/studio/pos_error_xyz.err_y,NaN
6.609346996,1759158517.080346996,/studio/pos_error_xyz.err_y,NaN
6.610275841,1759158517.081275841,/studio/pos_error_xyz.err_y,NaN
6.613445509,1759158517.084445509,/studio/pos_error_xyz.err_y,0.011380609802785546
6.616057008,1759158517.087057008,/studio/pos_error_xyz.err_y,NaN
6.619360722,1759158517.090360722,/studio/pos_error_xyz.err_y,NaN
6.620274152,1759158517.091274152,/studio/pos_error_xyz.err_y,NaN
6.622724961,1759158517.093724961,/studio/pos_error_xyz.err_y,0.01096201980461431
6.625984093,1759158517.096984093,/studio/pos_error_xyz.err_y,NaN
6.629957566,1759158517.100957566,/studio/pos_error_xyz.err_y,NaN
6.630262223,1759158517.101262223,/studio/pos_error_xyz.err_y,NaN
6.632771239,1759158517.103771239,/studio/pos_error_xyz.err_y,0.010520854510153388
6.6361244070000005,1759158517.107124407,/studio/pos_error_xyz.err_y,NaN
6.640164172,1759158517.111164172,/studio/pos_error_xyz.err_y,NaN
6.640294035,1759158517.111294035,/studio/pos_error_xyz.err_y,NaN
6.643078239,1759158517.114078239,/studio/pos_error_xyz.err_y,0.010141776012381198
6.646060417,1759158517.117060417,/studio/pos_error_xyz.err_y,NaN
6.649356296,1759158517.120356296,/studio/pos_error_xyz.err_y,NaN
6.650274231,1759158517.121274231,/studio/pos_error_xyz.err_y,NaN
6.6527804360000005,1759158517.123780436,/studio/pos_error_xyz.err_y,0.009605024737735945
6.655957136,1759158517.126957136,/studio/pos_error_xyz.err_y,NaN
6.659326444,1759158517.130326444,/studio/pos_error_xyz.err_y,NaN
6.660318891,1759158517.131318891,/studio/pos_error_xyz.err_y,NaN
6.662887609,1759158517.133887609,/studio/pos_error_xyz.err_y,0.009237112308827289
6.66596161,1759158517.136961610,/studio/pos_error_xyz.err_y,NaN
6.669337118,1759158517.140337118,/studio/pos_error_xyz.err_y,NaN
6.670306076,1759158517.141306076,/studio/pos_error_xyz.err_y,NaN
6.672800755,1759158517.143800755,/studio/pos_error_xyz.err_y,0.008830762436724093
6.676175155,1759158517.147175155,/studio/pos_error_xyz.err_y,NaN
6.679826019,1759158517.150826019,/studio/pos_error_xyz.err_y,NaN
6.680304192,1759158517.151304192,/studio/pos_error_xyz.err_y,NaN
6.682715398,1759158517.153715398,/studio/pos_error_xyz.err_y,0.00843069013492248
6.686062027,1759158517.157062027,/studio/pos_error_xyz.err_y,NaN
6.689282536,1759158517.160282536,/studio/pos_error_xyz.err_y,NaN
6.690303392,1759158517.161303392,/studio/pos_error_xyz.err_y,NaN
6.692709903,1759158517.163709903,/studio/pos_error_xyz.err_y,0.008000814280197055
6.6960911020000005,1759158517.167091102,/studio/pos_error_xyz.err_y,NaN
6.699233113,1759158517.170233113,/studio/pos_error_xyz.err_y,NaN
6.700311734,1759158517.171311734,/studio/pos_error_xyz.err_y,NaN
6.702795741,1759158517.173795741,/studio/pos_error_xyz.err_y,0.007439605611684108
6.7060175310000005,1759158517.177017531,/studio/pos_error_xyz.err_y,NaN
6.709193297,1759158517.180193297,/studio/pos_error_xyz.err_y,NaN
6.710298981,1759158517.181298981,/studio/pos_error_xyz.err_y,NaN
6.712780503,1759158517.183780503,/studio/pos_error_xyz.err_y,0.0071254105871128015
6.716632817,1759158517.187632817,/studio/pos_error_xyz.err_y,NaN
6.72032386,1759158517.191323860,/studio/pos_error_xyz.err_y,NaN
6.7303651349999996,1759158517.201365135,/studio/pos_error_xyz.err_y,NaN
6.733113011,1759158517.204113011,/studio/pos_error_xyz.err_y,NaN
6.733159252,1759158517.204159252,/studio/pos_error_xyz.err_y,0.006964075802012415
6.733163545,1759158517.204163545,/studio/pos_error_xyz.err_y,0.006833193322644648
6.73316732,1759158517.204167320,/studio/pos_error_xyz.err_y,0.0066871258744578554
6.736421966,1759158517.207421966,/studio/pos_error_xyz.err_y,0.0064889705937554165
6.737302032,1759158517.208302032,/studio/pos_error_xyz.err_y,0.006281432297224443
6.739365802,1759158517.210365802,/studio/pos_error_xyz.err_y,0.006137305518378655
6.74032853,1759158517.211328530,/studio/pos_error_xyz.err_y,NaN
6.742741405,1759158517.213741405,/studio/pos_error_xyz.err_y,0.005844200393722465
6.745911491,1759158517.216911491,/studio/pos_error_xyz.err_y,NaN
6.749340508,1759158517.220340508,/studio/pos_error_xyz.err_y,NaN
6.750318337,1759158517.221318337,/studio/pos_error_xyz.err_y,NaN
6.752846618,1759158517.223846618,/studio/pos_error_xyz.err_y,0.005324249156332561
6.755966788,1759158517.226966788,/studio/pos_error_xyz.err_y,NaN
6.759349224,1759158517.230349224,/studio/pos_error_xyz.err_y,NaN
6.7603131780000005,1759158517.231313178,/studio/pos_error_xyz.err_y,NaN
6.762698835,1759158517.233698835,/studio/pos_error_xyz.err_y,0.00499307567549101
6.765940592,1759158517.236940592,/studio/pos_error_xyz.err_y,NaN
6.769649448,1759158517.240649448,/studio/pos_error_xyz.err_y,NaN
6.770300509,1759158517.241300509,/studio/pos_error_xyz.err_y,NaN
6.772703784,1759158517.243703784,/studio/pos_error_xyz.err_y,0.004532301612549361
6.775890811,1759158517.246890811,/studio/pos_error_xyz.err_y,NaN
6.779256914,1759158517.250256914,/studio/pos_error_xyz.err_y,NaN
6.780279971,1759158517.251279971,/studio/pos_error_xyz.err_y,NaN
6.782655905,1759158517.253655905,/studio/pos_error_xyz.err_y,0.004128259185699701
6.786037065,1759158517.257037065,/studio/pos_error_xyz.err_y,NaN
6.789382642,1759158517.260382642,/studio/pos_error_xyz.err_y,NaN
6.790317928,1759158517.261317928,/studio/pos_error_xyz.err_y,NaN
6.792753897,1759158517.263753897,/studio/pos_error_xyz.err_y,0.00373684368439986
6.796004137,1759158517.267004137,/studio/pos_error_xyz.err_y,NaN
6.7991655810000005,1759158517.270165581,/studio/pos_error_xyz.err_y,NaN
6.800291578,1759158517.271291578,/studio/pos_error_xyz.err_y,NaN
6.802835298,1759158517.273835298,/studio/pos_error_xyz.err_y,0.003547707116518417
6.806458181,1759158517.277458181,/studio/pos_error_xyz.err_y,0.0032827387006835185
6.810021954,1759158517.281021954,/studio/pos_error_xyz.err_y,NaN
6.810302181,1759158517.281302181,/studio/pos_error_xyz.err_y,NaN
6.813066705,1759158517.284066705,/studio/pos_error_xyz.err_y,0.0027337658903481277
6.820348025,1759158517.291348025,/studio/pos_error_xyz.err_y,NaN
6.822829076,1759158517.293829076,/studio/pos_error_xyz.err_y,NaN
6.824308478,1759158517.295308478,/studio/pos_error_xyz.err_y,NaN
6.8243125330000005,1759158517.295312533,/studio/pos_error_xyz.err_y,0.00245877592710686
6.826588336,1759158517.297588336,/studio/pos_error_xyz.err_y,NaN
6.830335954,1759158517.301335954,/studio/pos_error_xyz.err_y,NaN
6.8362226249999996,1759158517.307222625,/studio/pos_error_xyz.err_y,NaN
6.838076916,1759158517.309076916,/studio/pos_error_xyz.err_y,0.002041441720898707
6.838082743,1759158517.309082743,/studio/pos_error_xyz.err_y,NaN
6.840378097,1759158517.311378097,/studio/pos_error_xyz.err_y,NaN
6.84066586,1759158517.311665860,/studio/pos_error_xyz.err_y,NaN
6.843119996,1759158517.314119996,/studio/pos_error_xyz.err_y,0.001468923652774734
6.848864905,1759158517.319864905,/studio/pos_error_xyz.err_y,NaN
6.850082285,1759158517.321082285,/studio/pos_error_xyz.err_y,NaN
6.850319506,1759158517.321319506,/studio/pos_error_xyz.err_y,NaN
6.852436515,1759158517.323436515,/studio/pos_error_xyz.err_y,0.0013432602365055502
6.855878353,1759158517.326878353,/studio/pos_error_xyz.err_y,0.0011492368417951315
6.85928424,1759158517.330284240,/studio/pos_error_xyz.err_y,NaN
6.860314325,1759158517.331314325,/studio/pos_error_xyz.err_y,NaN
6.8625510510000005,1759158517.333551051,/studio/pos_error_xyz.err_y,0.0009880117376690478
6.865723022,1759158517.336723022,/studio/pos_error_xyz.err_y,0.0007407140586344063
6.869110131,1759158517.340110131,/studio/pos_error_xyz.err_y,NaN
6.870316725,1759158517.341316725,/studio/pos_error_xyz.err_y,NaN
6.872518241,1759158517.343518241,/studio/pos_error_xyz.err_y,0.0002565991172993609
6.875887893,1759158517.346887893,/studio/pos_error_xyz.err_y,NaN
6.87928644,1759158517.350286440,/studio/pos_error_xyz.err_y,NaN
6.880312552,1759158517.351312552,/studio/pos_error_xyz.err_y,NaN
6.88242209,1759158517.353422090,/studio/pos_error_xyz.err_y,-0.00018452785326394938
6.885694451,1759158517.356694451,/studio/pos_error_xyz.err_y,NaN
6.889321494,1759158517.360321494,/studio/pos_error_xyz.err_y,NaN
6.890320462,1759158517.361320462,/studio/pos_error_xyz.err_y,NaN
6.892524664,1759158517.363524664,/studio/pos_error_xyz.err_y,-0.0007324345759420758
6.895941016,1759158517.366941016,/studio/pos_error_xyz.err_y,NaN
6.899072576,1759158517.370072576,/studio/pos_error_xyz.err_y,NaN
6.900308847,1759158517.371308847,/studio/pos_error_xyz.err_y,NaN
6.902417755,1759158517.373417755,/studio/pos_error_xyz.err_y,-0.0010701299569944034
6.905848561,1759158517.376848561,/studio/pos_error_xyz.err_y,NaN
6.909070797,1759158517.380070797,/studio/pos_error_xyz.err_y,NaN
6.910300068,1759158517.381300068,/studio/pos_error_xyz.err_y,NaN
6.91246923,1759158517.383469230,/studio/pos_error_xyz.err_y,-0.0016189800575099333
6.915729444,1759158517.386729444,/studio/pos_error_xyz.err_y,NaN
6.91898189,1759158517.389981890,/studio/pos_error_xyz.err_y,NaN
6.920324908,1759158517.391324908,/studio/pos_error_xyz.err_y,NaN
6.923295401,1759158517.394295401,/studio/pos_error_xyz.err_y,-0.0017613916839798183
6.930330153,1759158517.401330153,/studio/pos_error_xyz.err_y,NaN
6.94066929,1759158517.411669290,/studio/pos_error_xyz.err_y,-0.0018834120018627054
6.940673362,1759158517.411673362,/studio/pos_error_xyz.err_y,-0.0020091261761774337
6.940676199,1759158517.411676199,/studio/pos_error_xyz.err_y,-0.0021545588327278598
6.94069613,1759158517.411696130,/studio/pos_error_xyz.err_y,-0.002299846235395586
6.940713104,1759158517.411713104,/studio/pos_error_xyz.err_y,NaN
6.941738568,1759158517.412738568,/studio/pos_error_xyz.err_y,-0.0024466074989637487
6.942708373,1759158517.413708373,/studio/pos_error_xyz.err_y,-0.0026038125092571196
6.945700159,1759158517.416700159,/studio/pos_error_xyz.err_y,-0.0028887087636626507
6.94921224,1759158517.420212240,/studio/pos_error_xyz.err_y,NaN
6.950314499,1759158517.421314499,/studio/pos_error_xyz.err_y,NaN
6.952510643,1759158517.423510643,/studio/pos_error_xyz.err_y,-0.0033411299584442666
6.955696329,1759158517.426696329,/studio/pos_error_xyz.err_y,NaN
6.9590233050000005,1759158517.430023305,/studio/pos_error_xyz.err_y,NaN
6.9603132080000005,1759158517.431313208,/studio/pos_error_xyz.err_y,NaN
6.962686175,1759158517.433686175,/studio/pos_error_xyz.err_y,-0.00379351440807274
6.965704462,1759158517.436704462,/studio/pos_error_xyz.err_y,NaN
6.969655628,1759158517.440655628,/studio/pos_error_xyz.err_y,NaN
6.970314909,1759158517.441314909,/studio/pos_error_xyz.err_y,NaN
6.972459289,1759158517.443459289,/studio/pos_error_xyz.err_y,-0.004260739005704117
6.976569215,1759158517.447569215,/studio/pos_error_xyz.err_y,NaN
6.979046549,1759158517.450046549,/studio/pos_error_xyz.err_y,NaN
6.980363735,1759158517.451363735,/studio/pos_error_xyz.err_y,NaN
6.982480751,1759158517.453480751,/studio/pos_error_xyz.err_y,-0.00478478033581875
6.985666222,1759158517.456666222,/studio/pos_error_xyz.err_y,NaN
6.989286941,1759158517.460286941,/studio/pos_error_xyz.err_y,NaN
6.990320438,1759158517.461320438,/studio/pos_error_xyz.err_y,NaN
6.9928671950000005,1759158517.463867195,/studio/pos_error_xyz.err_y,-0.005108485979593347
6.996130428,1759158517.467130428,/studio/pos_error_xyz.err_y,NaN
6.999092614,1759158517.470092614,/studio/pos_error_xyz.err_y,NaN
7.000347166,1759158517.471347166,/studio/pos_error_xyz.err_y,NaN
7.002513863,1759158517.473513863,/studio/pos_error_xyz.err_y,-0.005288959763432244
7.005778384,1759158517.476778384,/studio/pos_error_xyz.err_y,-0.005582231294505746
7.00907136,1759158517.480071360,/studio/pos_error_xyz.err_y,NaN
7.010325624,1759158517.481325624,/studio/pos_error_xyz.err_y,NaN
7.012505181,1759158517.483505181,/studio/pos_error_xyz.err_y,-0.005740116481756319
7.015710044,1759158517.486710044,/studio/pos_error_xyz.err_y,-0.005998208099137647
7.019025618,1759158517.490025618,/studio/pos_error_xyz.err_y,NaN
0.00028323700000000004,1759158510.471283237,/studio/pos_error_xyz.err_z,NaN
0.000309254,1759158510.471309254,/studio/pos_error_xyz.err_z,0.018150683295168335
0.003882664,1759158510.474882664,/studio/pos_error_xyz.err_z,0.017596643608440488
0.0065742990000000005,1759158510.477574299,/studio/pos_error_xyz.err_z,NaN
0.009480196,1759158510.480480196,/studio/pos_error_xyz.err_z,NaN
0.01031025,1759158510.481310250,/studio/pos_error_xyz.err_z,NaN
0.012833741000000001,1759158510.483833741,/studio/pos_error_xyz.err_z,0.017905464203937127
0.016107226000000002,1759158510.487107226,/studio/pos_error_xyz.err_z,NaN
0.019414385000000003,1759158510.490414385,/studio/pos_error_xyz.err_z,NaN
0.020292708,1759158510.491292708,/studio/pos_error_xyz.err_z,NaN
0.022772762000000002,1759158510.493772762,/studio/pos_error_xyz.err_z,0.018157644537938777
0.026436372000000003,1759158510.497436372,/studio/pos_error_xyz.err_z,NaN
0.029431356000000002,1759158510.500431356,/studio/pos_error_xyz.err_z,NaN
0.030350799,1759158510.501350799,/studio/pos_error_xyz.err_z,NaN
0.032663080000000004,1759158510.503663080,/studio/pos_error_xyz.err_z,0.01839941910075682
0.035986034,1759158510.506986034,/studio/pos_error_xyz.err_z,NaN
0.03924164,1759158510.510241640,/studio/pos_error_xyz.err_z,NaN
0.040363656000000005,1759158510.511363656,/studio/pos_error_xyz.err_z,NaN
0.042801982,1759158510.513801982,/studio/pos_error_xyz.err_z,0.018789074247626658
0.046063132,1759158510.517063132,/studio/pos_error_xyz.err_z,NaN
0.049339169,1759158510.520339169,/studio/pos_error_xyz.err_z,NaN
0.050301549,1759158510.521301549,/studio/pos_error_xyz.err_z,NaN
0.052657128000000004,1759158510.523657128,/studio/pos_error_xyz.err_z,0.019078897008805162
0.055953536000000005,1759158510.526953536,/studio/pos_error_xyz.err_z,NaN
0.059797402000000006,1759158510.530797402,/studio/pos_error_xyz.err_z,NaN
0.060323221,1759158510.531323221,/studio/pos_error_xyz.err_z,NaN
0.06274863600000001,1759158510.533748636,/studio/pos_error_xyz.err_z,0.01944529418917673
0.06660850800000001,1759158510.537608508,/studio/pos_error_xyz.err_z,NaN
0.069668836,1759158510.540668836,/studio/pos_error_xyz.err_z,NaN
0.070318263,1759158510.541318263,/studio/pos_error_xyz.err_z,NaN
0.07330621500000001,1759158510.544306215,/studio/pos_error_xyz.err_z,0.01951907410184872
0.07617488800000001,1759158510.547174888,/studio/pos_error_xyz.err_z,0.019630327572029538
0.079433403,1759158510.550433403,/studio/pos_error_xyz.err_z,NaN
0.080354566,1759158510.551354566,/studio/pos_error_xyz.err_z,NaN
0.082858078,1759158510.553858078,/studio/pos_error_xyz.err_z,0.02004352345938276
0.086005861,1759158510.557005861,/studio/pos_error_xyz.err_z,NaN
0.08936081800000001,1759158510.560360818,/studio/pos_error_xyz.err_z,NaN
0.09030459,1759158510.561304590,/studio/pos_error_xyz.err_z,NaN
0.092783088,1759158510.563783088,/studio/pos_error_xyz.err_z,0.020467413469799745
0.095965056,1759158510.566965056,/studio/pos_error_xyz.err_z,NaN
0.099295769,1759158510.570295769,/studio/pos_error_xyz.err_z,NaN
0.100310226,1759158510.571310226,/studio/pos_error_xyz.err_z,NaN
0.10265078000000001,1759158510.573650780,/studio/pos_error_xyz.err_z,0.020775566582984517
0.10590779900000001,1759158510.576907799,/studio/pos_error_xyz.err_z,NaN
0.10939749400000001,1759158510.580397494,/studio/pos_error_xyz.err_z,NaN
0.110327481,1759158510.581327481,/studio/pos_error_xyz.err_z,NaN
0.112786091,1759158510.583786091,/studio/pos_error_xyz.err_z,0.0209954746099843
0.11607396900000001,1759158510.587073969,/studio/pos_error_xyz.err_z,NaN
0.119537208,1759158510.590537208,/studio/pos_error_xyz.err_z,NaN
0.120328973,1759158510.591328973,/studio/pos_error_xyz.err_z,NaN
0.122747904,1759158510.593747904,/studio/pos_error_xyz.err_z,0.021513455591694264
0.125951367,1759158510.596951367,/studio/pos_error_xyz.err_z,NaN
0.12928226,1759158510.600282260,/studio/pos_error_xyz.err_z,NaN
0.130334687,1759158510.601334687,/studio/pos_error_xyz.err_z,NaN
0.13261339,1759158510.603613390,/studio/pos_error_xyz.err_z,0.0217630183796087
0.135916912,1759158510.606916912,/studio/pos_error_xyz.err_z,NaN
0.139287142,1759158510.610287142,/studio/pos_error_xyz.err_z,NaN
0.140377112,1759158510.611377112,/studio/pos_error_xyz.err_z,NaN
0.142778693,1759158510.613778693,/studio/pos_error_xyz.err_z,0.022221536806568354
0.14588120200000002,1759158510.616881202,/studio/pos_error_xyz.err_z,NaN
0.149867735,1759158510.620867735,/studio/pos_error_xyz.err_z,NaN
0.15031371100000002,1759158510.621313711,/studio/pos_error_xyz.err_z,NaN
0.152567696,1759158510.623567696,/studio/pos_error_xyz.err_z,0.022484129882541337
0.155852085,1759158510.626852085,/studio/pos_error_xyz.err_z,NaN
0.15936307400000002,1759158510.630363074,/studio/pos_error_xyz.err_z,NaN
0.16032015000000002,1759158510.631320150,/studio/pos_error_xyz.err_z,NaN
0.168756193,1759158510.639756193,/studio/pos_error_xyz.err_z,0.0229536398675938
0.170318663,1759158510.641318663,/studio/pos_error_xyz.err_z,NaN
0.1799126,1759158510.650912600,/studio/pos_error_xyz.err_z,NaN
0.17991553000000002,1759158510.650915530,/studio/pos_error_xyz.err_z,NaN
0.179918667,1759158510.650918667,/studio/pos_error_xyz.err_z,0.023038553755607927
0.179920998,1759158510.650920998,/studio/pos_error_xyz.err_z,0.023111187203523675
0.18032134200000002,1759158510.651321342,/studio/pos_error_xyz.err_z,NaN
0.184609773,1759158510.655609773,/studio/pos_error_xyz.err_z,0.02320096057762422
0.18461934100000002,1759158510.655619341,/studio/pos_error_xyz.err_z,0.023358013078934148
0.186014583,1759158510.657014583,/studio/pos_error_xyz.err_z,0.023646046809701282
0.18944988000000001,1759158510.660449880,/studio/pos_error_xyz.err_z,NaN
0.19031862100000002,1759158510.661318621,/studio/pos_error_xyz.err_z,NaN
0.194168101,1759158510.665168101,/studio/pos_error_xyz.err_z,0.023990937638138865
0.19576289600000002,1759158510.666762896,/studio/pos_error_xyz.err_z,NaN
0.19969034000000002,1759158510.670690340,/studio/pos_error_xyz.err_z,NaN
0.20031041700000002,1759158510.671310417,/studio/pos_error_xyz.err_z,NaN
0.20313003200000002,1759158510.674130032,/studio/pos_error_xyz.err_z,0.024135708326911143
0.20616663200000002,1759158510.677166632,/studio/pos_error_xyz.err_z,0.024347049015741584
0.20936146700000002,1759158510.680361467,/studio/pos_error_xyz.err_z,NaN
0.210343136,1759158510.681343136,/studio/pos_error_xyz.err_z,NaN
0.212679095,1759158510.683679095,/studio/pos_error_xyz.err_z,0.024408924742083116
0.21602283200000003,1759158510.687022832,/studio/pos_error_xyz.err_z,0.024507852748072878
0.22006245200000002,1759158510.691062452,/studio/pos_error_xyz.err_z,NaN
0.22032226100000002,1759158510.691322261,/studio/pos_error_xyz.err_z,NaN
0.222665089,1759158510.693665089,/studio/pos_error_xyz.err_z,0.024694677389633046
0.225905664,1759158510.696905664,/studio/pos_error_xyz.err_z,0.024985091559475814
0.229206083,1759158510.700206083,/studio/pos_error_xyz.err_z,NaN
0.230339443,1759158510.701339443,/studio/pos_error_xyz.err_z,NaN
0.232845252,1759158510.703845252,/studio/pos_error_xyz.err_z,0.025319278208159712
0.23587876100000002,1759158510.706878761,/studio/pos_error_xyz.err_z,NaN
0.23938249800000003,1759158510.710382498,/studio/pos_error_xyz.err_z,NaN
0.240328229,1759158510.711328229,/studio/pos_error_xyz.err_z,NaN
0.24268940500000002,1759158510.713689405,/studio/pos_error_xyz.err_z,0.02546699541177322
0.24578740100000002,1759158510.716787401,/studio/pos_error_xyz.err_z,NaN
0.24914122400000002,1759158510.720141224,/studio/pos_error_xyz.err_z,NaN
0.250345678,1759158510.721345678,/studio/pos_error_xyz.err_z,NaN
0.252478512,1759158510.723478512,/studio/pos_error_xyz.err_z,0.025659415570439492
0.255965911,1759158510.726965911,/studio/pos_error_xyz.err_z,0.02596346111670944
0.25909197500000003,1759158510.730091975,/studio/pos_error_xyz.err_z,NaN
0.260384386,1759158510.731384386,/studio/pos_error_xyz.err_z,NaN
0.262567153,1759158510.733567153,/studio/pos_error_xyz.err_z,0.02609929360668306
0.265935902,1759158510.736935902,/studio/pos_error_xyz.err_z,0.026315729441072522
0.269387386,1759158510.740387386,/studio/pos_error_xyz.err_z,NaN
0.270331192,1759158510.741331192,/studio/pos_error_xyz.err_z,NaN
0.27270141000000003,1759158510.743701410,/studio/pos_error_xyz.err_z,0.026343181639164825
0.27602624800000003,1759158510.747026248,/studio/pos_error_xyz.err_z,0.0263870753262474
0.279091939,1759158510.750091939,/studio/pos_error_xyz.err_z,NaN
0.28036146900000003,1759158510.751361469,/studio/pos_error_xyz.err_z,NaN
0.282653611,1759158510.753653611,/studio/pos_error_xyz.err_z,0.02664747392602118
0.285787932,1759158510.756787932,/studio/pos_error_xyz.err_z,0.027062799462806764
0.28937880400000004,1759158510.760378804,/studio/pos_error_xyz.err_z,NaN
0.290354641,1759158510.761354641,/studio/pos_error_xyz.err_z,NaN
0.29267659500000004,1759158510.763676595,/studio/pos_error_xyz.err_z,0.02720027591062313
0.295788373,1759158510.766788373,/studio/pos_error_xyz.err_z,0.027421591157753777
0.299164784,1759158510.770164784,/studio/pos_error_xyz.err_z,NaN
0.300306897,1759158510.771306897,/studio/pos_error_xyz.err_z,NaN
0.302465923,1759158510.773465923,/studio/pos_error_xyz.err_z,0.027647492702081333
0.306086525,1759158510.777086525,/studio/pos_error_xyz.err_z,NaN
0.309123244,1759158510.780123244,/studio/pos_error_xyz.err_z,NaN
0.310308902,1759158510.781308902,/studio/pos_error_xyz.err_z,NaN
0.31233289200000003,1759158510.783332892,/studio/pos_error_xyz.err_z,0.02814389917835025
0.315742368,1759158510.786742368,/studio/pos_error_xyz.err_z,NaN
0.31910842700000003,1759158510.790108427,/studio/pos_error_xyz.err_z,NaN
0.32032486600000004,1759158510.791324866,/studio/pos_error_xyz.err_z,NaN
0.322608742,1759158510.793608742,/studio/pos_error_xyz.err_z,0.028581052157229836
0.32569169000000003,1759158510.796691690,/studio/pos_error_xyz.err_z,NaN
0.329001576,1759158510.800001576,/studio/pos_error_xyz.err_z,NaN
0.330300209,1759158510.801300209,/studio/pos_error_xyz.err_z,NaN
0.332412763,1759158510.803412763,/studio/pos_error_xyz.err_z,0.02896582105179424
0.33570330000000004,1759158510.806703300,/studio/pos_error_xyz.err_z,NaN
0.339168701,1759158510.810168701,/studio/pos_error_xyz.err_z,NaN
0.34031110000000003,1759158510.811311100,/studio/pos_error_xyz.err_z,NaN
0.342334952,1759158510.813334952,/studio/pos_error_xyz.err_z,0.029086706271418183
0.345614486,1759158510.816614486,/studio/pos_error_xyz.err_z,NaN
0.34941665600000005,1759158510.820416656,/studio/pos_error_xyz.err_z,NaN
0.350329579,1759158510.821329579,/studio/pos_error_xyz.err_z,NaN
0.35229457000000003,1759158510.823294570,/studio/pos_error_xyz.err_z,0.02974056005542547
0.35564300200000004,1759158510.826643002,/studio/pos_error_xyz.err_z,NaN
0.359087969,1759158510.830087969,/studio/pos_error_xyz.err_z,NaN
0.360310554,1759158510.831310554,/studio/pos_error_xyz.err_z,NaN
0.362481793,1759158510.833481793,/studio/pos_error_xyz.err_z,0.030080538304115834
0.365705671,1759158510.836705671,/studio/pos_error_xyz.err_z,NaN
0.370298756,1759158510.841298756,/studio/pos_error_xyz.err_z,NaN
0.380370633,1759158510.851370633,/studio/pos_error_xyz.err_z,NaN
0.38296378600000003,1759158510.853963786,/studio/pos_error_xyz.err_z,NaN
0.382966295,1759158510.853966295,/studio/pos_error_xyz.err_z,0.030225071836016193
0.382971208,1759158510.853971208,/studio/pos_error_xyz.err_z,0.03035319505588019
0.382975854,1759158510.853975854,/studio/pos_error_xyz.err_z,0.03048143381819668
0.387344858,1759158510.858344858,/studio/pos_error_xyz.err_z,0.030605035491102273
0.38735291400000005,1759158510.858352914,/studio/pos_error_xyz.err_z,0.03072958207908494
0.38914937200000005,1759158510.860149372,/studio/pos_error_xyz.err_z,0.03083845057461798
0.390299848,1759158510.861299848,/studio/pos_error_xyz.err_z,NaN
0.392439109,1759158510.863439109,/studio/pos_error_xyz.err_z,0.030913959700257232
0.39626233200000005,1759158510.867262332,/studio/pos_error_xyz.err_z,0.031041167695203375
0.399075899,1759158510.870075899,/studio/pos_error_xyz.err_z,NaN
0.400296519,1759158510.871296519,/studio/pos_error_xyz.err_z,NaN
0.40267167800000003,1759158510.873671678,/studio/pos_error_xyz.err_z,0.03154589164922883
0.40581882300000005,1759158510.876818823,/studio/pos_error_xyz.err_z,NaN
0.409034885,1759158510.880034885,/studio/pos_error_xyz.err_z,NaN
0.410295077,1759158510.881295077,/studio/pos_error_xyz.err_z,NaN
0.412264829,1759158510.883264829,/studio/pos_error_xyz.err_z,0.03167899076755276
0.41557823000000005,1759158510.886578230,/studio/pos_error_xyz.err_z,0.031902877748060554
0.41900755100000003,1759158510.890007551,/studio/pos_error_xyz.err_z,NaN
0.42030385000000003,1759158510.891303850,/studio/pos_error_xyz.err_z,NaN
0.42251656400000004,1759158510.893516564,/studio/pos_error_xyz.err_z,0.03225733777271378
0.425614292,1759158510.896614292,/studio/pos_error_xyz.err_z,NaN
0.428926595,1759158510.899926595,/studio/pos_error_xyz.err_z,NaN
0.43030369100000004,1759158510.901303691,/studio/pos_error_xyz.err_z,NaN
0.432243525,1759158510.903243525,/studio/pos_error_xyz.err_z,0.03257147171144603
0.435758097,1759158510.906758097,/studio/pos_error_xyz.err_z,NaN
0.439443856,1759158510.910443856,/studio/pos_error_xyz.err_z,NaN
0.44031116200000003,1759158510.911311162,/studio/pos_error_xyz.err_z,NaN
0.44257268200000005,1759158510.913572682,/studio/pos_error_xyz.err_z,0.032784400773332
0.44586137800000003,1759158510.916861378,/studio/pos_error_xyz.err_z,NaN
0.449022452,1759158510.920022452,/studio/pos_error_xyz.err_z,NaN
0.450363616,1759158510.921363616,/studio/pos_error_xyz.err_z,NaN
0.453066112,1759158510.924066112,/studio/pos_error_xyz.err_z,0.033105185695990524
0.45573918300000005,1759158510.926739183,/studio/pos_error_xyz.err_z,NaN
0.458933427,1759158510.929933427,/studio/pos_error_xyz.err_z,NaN
0.46034309300000004,1759158510.931343093,/studio/pos_error_xyz.err_z,NaN
0.46219510300000005,1759158510.933195103,/studio/pos_error_xyz.err_z,0.03351476102697215
0.46550434500000004,1759158510.936504345,/studio/pos_error_xyz.err_z,NaN
0.469694096,1759158510.940694096,/studio/pos_error_xyz.err_z,NaN
0.47030562800000003,1759158510.941305628,/studio/pos_error_xyz.err_z,NaN
0.472516239,1759158510.943516239,/studio/pos_error_xyz.err_z,0.033848164206807585
0.47563671100000005,1759158510.946636711,/studio/pos_error_xyz.err_z,NaN
0.47896022600000004,1759158510.949960226,/studio/pos_error_xyz.err_z,NaN
0.480343481,1759158510.951343481,/studio/pos_error_xyz.err_z,NaN
0.48249546800000004,1759158510.953495468,/studio/pos_error_xyz.err_z,0.03414574778334267
0.48557626600000003,1759158510.956576266,/studio/pos_error_xyz.err_z,NaN
0.48885274300000003,1759158510.959852743,/studio/pos_error_xyz.err_z,NaN
0.49030603800000006,1759158510.961306038,/studio/pos_error_xyz.err_z,NaN
0.49265074200000003,1759158510.963650742,/studio/pos_error_xyz.err_z,0.03424663605323386
0.49561351200000003,1759158510.966613512,/studio/pos_error_xyz.err_z,0.034410861208604704
0.49889842,1759158510.969898420,/studio/pos_error_xyz.err_z,NaN
0.500309458,1759158510.971309458,/studio/pos_error_xyz.err_z,NaN
0.5024426860000001,1759158510.973442686,/studio/pos_error_xyz.err_z,0.03468591614731431
0.5054956660000001,1759158510.976495666,/studio/pos_error_xyz.err_z,NaN
0.5098351320000001,1759158510.980835132,/studio/pos_error_xyz.err_z,NaN
0.510309268,1759158510.981309268,/studio/pos_error_xyz.err_z,NaN
0.512501563,1759158510.983501563,/studio/pos_error_xyz.err_z,0.034833790718564295
0.5156505330000001,1759158510.986650533,/studio/pos_error_xyz.err_z,NaN
0.519777892,1759158510.990777892,/studio/pos_error_xyz.err_z,NaN
0.520307556,1759158510.991307556,/studio/pos_error_xyz.err_z,NaN
0.522181103,1759158510.993181103,/studio/pos_error_xyz.err_z,0.034893378003649556
0.5256573680000001,1759158510.996657368,/studio/pos_error_xyz.err_z,0.03499863053396668
0.528873263,1759158510.999873263,/studio/pos_error_xyz.err_z,NaN
0.53032893,1759158511.001328930,/studio/pos_error_xyz.err_z,NaN
0.532711844,1759158511.003711844,/studio/pos_error_xyz.err_z,0.03516544636763519
0.535649876,1759158511.006649876,/studio/pos_error_xyz.err_z,0.035458824228946195
0.5390681940000001,1759158511.010068194,/studio/pos_error_xyz.err_z,NaN
0.5403293490000001,1759158511.011329349,/studio/pos_error_xyz.err_z,NaN
0.542246023,1759158511.013246023,/studio/pos_error_xyz.err_z,0.035556566451468985
0.5454710700000001,1759158511.016471070,/studio/pos_error_xyz.err_z,0.03573009935417515
0.549983597,1759158511.020983597,/studio/pos_error_xyz.err_z,NaN
0.550295602,1759158511.021295602,/studio/pos_error_xyz.err_z,NaN
0.5525308990000001,1759158511.023530899,/studio/pos_error_xyz.err_z,0.03581160480187484
0.555811677,1759158511.026811677,/studio/pos_error_xyz.err_z,0.035956510654684415
0.5588780950000001,1759158511.029878095,/studio/pos_error_xyz.err_z,NaN
0.560325488,1759158511.031325488,/studio/pos_error_xyz.err_z,NaN
0.5621715820000001,1759158511.033171582,/studio/pos_error_xyz.err_z,0.03603448494482997
0.565558177,1759158511.036558177,/studio/pos_error_xyz.err_z,0.03617391713655316
0.568898107,1759158511.039898107,/studio/pos_error_xyz.err_z,NaN
0.5703146250000001,1759158511.041314625,/studio/pos_error_xyz.err_z,NaN
0.572808157,1759158511.043808157,/studio/pos_error_xyz.err_z,0.03621937336302872
0.580375698,1759158511.051375698,/studio/pos_error_xyz.err_z,NaN
0.5897550020000001,1759158511.060755002,/studio/pos_error_xyz.err_z,0.03626180321362704
0.5897578370000001,1759158511.060757837,/studio/pos_error_xyz.err_z,0.036305370721957164
0.589760622,1759158511.060760622,/studio/pos_error_xyz.err_z,0.036361688894503974
0.589766483,1759158511.060766483,/studio/pos_error_xyz.err_z,0.036418140136308175
0.590335586,1759158511.061335586,/studio/pos_error_xyz.err_z,NaN
0.5943398320000001,1759158511.065339832,/studio/pos_error_xyz.err_z,0.0364757592889533
0.5943442250000001,1759158511.065344225,/studio/pos_error_xyz.err_z,0.036545266594784964
0.596005447,1759158511.067005447,/studio/pos_error_xyz.err_z,0.03667984506905997
0.598784654,1759158511.069784654,/studio/pos_error_xyz.err_z,NaN
0.600303664,1759158511.071303664,/studio/pos_error_xyz.err_z,NaN
0.602187808,1759158511.073187808,/studio/pos_error_xyz.err_z,0.03690450159494807
0.605356572,1759158511.076356572,/studio/pos_error_xyz.err_z,NaN
0.608779791,1759158511.079779791,/studio/pos_error_xyz.err_z,NaN
0.610305278,1759158511.081305278,/studio/pos_error_xyz.err_z,NaN
0.612177916,1759158511.083177916,/studio/pos_error_xyz.err_z,0.03701770731252951
0.615427798,1759158511.086427798,/studio/pos_error_xyz.err_z,0.03722359969023148
0.618717952,1759158511.089717952,/studio/pos_error_xyz.err_z,NaN
0.620312265,1759158511.091312265,/studio/pos_error_xyz.err_z,NaN
0.62284178,1759158511.093841780,/studio/pos_error_xyz.err_z,0.03728321184139061
0.625476813,1759158511.096476813,/studio/pos_error_xyz.err_z,0.03739224383219786
0.628772049,1759158511.099772049,/studio/pos_error_xyz.err_z,NaN
0.6303064300000001,1759158511.101306430,/studio/pos_error_xyz.err_z,NaN
0.632323415,1759158511.103323415,/studio/pos_error_xyz.err_z,0.03745639324018213
0.6353845250000001,1759158511.106384525,/studio/pos_error_xyz.err_z,0.03757409052899141
0.638697858,1759158511.109697858,/studio/pos_error_xyz.err_z,NaN
0.64032535,1759158511.111325350,/studio/pos_error_xyz.err_z,NaN
0.642215708,1759158511.113215708,/studio/pos_error_xyz.err_z,0.0376318962716351
0.6455908650000001,1759158511.116590865,/studio/pos_error_xyz.err_z,0.037738563136235026
0.648809755,1759158511.119809755,/studio/pos_error_xyz.err_z,NaN
0.6503157230000001,1759158511.121315723,/studio/pos_error_xyz.err_z,NaN
0.65200848,1759158511.123008480,/studio/pos_error_xyz.err_z,0.03772714894160534
0.655348671,1759158511.126348671,/studio/pos_error_xyz.err_z,0.0377061160850547
0.658913429,1759158511.129913429,/studio/pos_error_xyz.err_z,NaN
0.660318637,1759158511.131318637,/studio/pos_error_xyz.err_z,NaN
0.662552977,1759158511.133552977,/studio/pos_error_xyz.err_z,0.0378995803291482
0.665307392,1759158511.136307392,/studio/pos_error_xyz.err_z,NaN
0.66875788,1759158511.139757880,/studio/pos_error_xyz.err_z,NaN
0.6703146470000001,1759158511.141314647,/studio/pos_error_xyz.err_z,NaN
0.671953412,1759158511.142953412,/studio/pos_error_xyz.err_z,0.038383091754978116
0.6759785700000001,1759158511.146978570,/studio/pos_error_xyz.err_z,0.039287358287992236
0.6789404950000001,1759158511.149940495,/studio/pos_error_xyz.err_z,NaN
0.68029454,1759158511.151294540,/studio/pos_error_xyz.err_z,NaN
0.682148905,1759158511.153148905,/studio/pos_error_xyz.err_z,0.03941599475522062
0.6857491130000001,1759158511.156749113,/studio/pos_error_xyz.err_z,NaN
0.688876303,1759158511.159876303,/studio/pos_error_xyz.err_z,NaN
0.6903375030000001,1759158511.161337503,/studio/pos_error_xyz.err_z,NaN
0.6920967650000001,1759158511.163096765,/studio/pos_error_xyz.err_z,0.03946482572112209
0.695406811,1759158511.166406811,/studio/pos_error_xyz.err_z,0.0395565502022488
0.698831443,1759158511.169831443,/studio/pos_error_xyz.err_z,NaN
0.700368636,1759158511.171368636,/studio/pos_error_xyz.err_z,NaN
0.70325121,1759158511.174251210,/studio/pos_error_xyz.err_z,0.03959018431725525
0.7054598350000001,1759158511.176459835,/studio/pos_error_xyz.err_z,0.039654197809016134
0.7088809530000001,1759158511.179880953,/studio/pos_error_xyz.err_z,NaN
0.710314375,1759158511.181314375,/studio/pos_error_xyz.err_z,NaN
0.712101669,1759158511.183101669,/studio/pos_error_xyz.err_z,0.039305578631727345
0.715490258,1759158511.186490258,/studio/pos_error_xyz.err_z,0.03863644629301777
0.71876143,1759158511.189761430,/studio/pos_error_xyz.err_z,NaN
0.720310227,1759158511.191310227,/studio/pos_error_xyz.err_z,NaN
0.721887853,1759158511.192887853,/studio/pos_error_xyz.err_z,0.03866814387361073
0.725376805,1759158511.196376805,/studio/pos_error_xyz.err_z,0.038728670101511486
0.7287368660000001,1759158511.199736866,/studio/pos_error_xyz.err_z,NaN
0.7302968660000001,1759158511.201296866,/studio/pos_error_xyz.err_z,NaN
0.7324316830000001,1759158511.203431683,/studio/pos_error_xyz.err_z,0.038761526222881315
0.7352254140000001,1759158511.206225414,/studio/pos_error_xyz.err_z,0.038824611450382074
0.7387285720000001,1759158511.209728572,/studio/pos_error_xyz.err_z,NaN
0.740342881,1759158511.211342881,/studio/pos_error_xyz.err_z,NaN
0.742278469,1759158511.213278469,/studio/pos_error_xyz.err_z,0.03881040738394881
0.745256272,1759158511.216256272,/studio/pos_error_xyz.err_z,0.03878299065300794
0.748665019,1759158511.219665019,/studio/pos_error_xyz.err_z,NaN
0.7503135120000001,1759158511.221313512,/studio/pos_error_xyz.err_z,NaN
0.7520105140000001,1759158511.223010514,/studio/pos_error_xyz.err_z,0.039012909962995
0.75531959,1759158511.226319590,/studio/pos_error_xyz.err_z,NaN
0.759137763,1759158511.230137763,/studio/pos_error_xyz.err_z,NaN
0.7603072940000001,1759158511.231307294,/studio/pos_error_xyz.err_z,NaN
0.762173211,1759158511.233173211,/studio/pos_error_xyz.err_z,0.03910666843456223
0.765291975,1759158511.236291975,/studio/pos_error_xyz.err_z,NaN
0.768604359,1759158511.239604359,/studio/pos_error_xyz.err_z,NaN
0.770301189,1759158511.241301189,/studio/pos_error_xyz.err_z,NaN
0.771851919,1759158511.242851919,/studio/pos_error_xyz.err_z,0.039140437900059055
0.77530648,1759158511.246306480,/studio/pos_error_xyz.err_z,0.03920638882110805
0.780331682,1759158511.251331682,/studio/pos_error_xyz.err_z,NaN
0.790308675,1759158511.261308675,/studio/pos_error_xyz.err_z,NaN
0.792585344,1759158511.263585344,/studio/pos_error_xyz.err_z,NaN
0.7925920870000001,1759158511.263592087,/studio/pos_error_xyz.err_z,0.03923986929350054
0.7925956500000001,1759158511.263595650,/studio/pos_error_xyz.err_z,0.039272877709505494
0.7926033690000001,1759158511.263603369,/studio/pos_error_xyz.err_z,0.03930524748580888
0.7970740470000001,1759158511.268074047,/studio/pos_error_xyz.err_z,0.039280205647783895
0.7970778030000001,1759158511.268077803,/studio/pos_error_xyz.err_z,0.03925518497133362
0.7987424510000001,1759158511.269742451,/studio/pos_error_xyz.err_z,0.03923037783441008
0.800305288,1759158511.271305288,/studio/pos_error_xyz.err_z,NaN
0.80203068,1759158511.273030680,/studio/pos_error_xyz.err_z,0.03925243780688592
0.8062263700000001,1759158511.277226370,/studio/pos_error_xyz.err_z,0.03929597824292852
0.808589859,1759158511.279589859,/studio/pos_error_xyz.err_z,NaN
0.81030029,1759158511.281300290,/studio/pos_error_xyz.err_z,NaN
0.81200707,1759158511.283007070,/studio/pos_error_xyz.err_z,0.03932346944187848
0.8152067120000001,1759158511.286206712,/studio/pos_error_xyz.err_z,0.03937807588098763
0.8190524010000001,1759158511.290052401,/studio/pos_error_xyz.err_z,NaN
0.8203018360000001,1759158511.291301836,/studio/pos_error_xyz.err_z,NaN
0.8220648190000001,1759158511.293064819,/studio/pos_error_xyz.err_z,0.03946043955609446
0.825161679,1759158511.296161679,/studio/pos_error_xyz.err_z,0.039625065691346606
0.8288549040000001,1759158511.299854904,/studio/pos_error_xyz.err_z,NaN
0.830314694,1759158511.301314694,/studio/pos_error_xyz.err_z,NaN
0.831890927,1759158511.302890927,/studio/pos_error_xyz.err_z,0.03958513705275846
0.835262056,1759158511.306262056,/studio/pos_error_xyz.err_z,0.039505150815045464
0.838839583,1759158511.309839583,/studio/pos_error_xyz.err_z,NaN
0.8403593180000001,1759158511.311359318,/studio/pos_error_xyz.err_z,NaN
0.841960173,1759158511.312960173,/studio/pos_error_xyz.err_z,0.039573981680450565
0.8454627530000001,1759158511.316462753,/studio/pos_error_xyz.err_z,0.03971267208300344
0.8486968960000001,1759158511.319696896,/studio/pos_error_xyz.err_z,NaN
0.850295996,1759158511.321295996,/studio/pos_error_xyz.err_z,NaN
0.8517918050000001,1759158511.322791805,/studio/pos_error_xyz.err_z,0.03973921871434838
0.855181123,1759158511.326181123,/studio/pos_error_xyz.err_z,0.03979318729951231
0.8590886550000001,1759158511.330088655,/studio/pos_error_xyz.err_z,NaN
0.8603422030000001,1759158511.331342203,/studio/pos_error_xyz.err_z,NaN
0.861984862,1759158511.332984862,/studio/pos_error_xyz.err_z,0.03980884333701873
0.8651878380000001,1759158511.336187838,/studio/pos_error_xyz.err_z,0.03984077941973019
0.8686383350000001,1759158511.339638335,/studio/pos_error_xyz.err_z,NaN
0.8703421010000001,1759158511.341342101,/studio/pos_error_xyz.err_z,NaN
0.871960834,1759158511.342960834,/studio/pos_error_xyz.err_z,0.0398934364678325
0.87518218,1759158511.346182180,/studio/pos_error_xyz.err_z,NaN
0.880000615,1759158511.351000615,/studio/pos_error_xyz.err_z,NaN
0.8803477780000001,1759158511.351347778,/studio/pos_error_xyz.err_z,NaN
0.88370923,1759158511.354709230,/studio/pos_error_xyz.err_z,0.039929023288288734
0.8851296900000001,1759158511.356129690,/studio/pos_error_xyz.err_z,NaN
0.8886875420000001,1759158511.359687542,/studio/pos_error_xyz.err_z,NaN
0.890340424,1759158511.361340424,/studio/pos_error_xyz.err_z,NaN
0.8918555990000001,1759158511.362855599,/studio/pos_error_xyz.err_z,0.03996611697411323
0.8952624140000001,1759158511.366262414,/studio/pos_error_xyz.err_z,NaN
0.89853066,1759158511.369530660,/studio/pos_error_xyz.err_z,NaN
0.90029221,1759158511.371292210,/studio/pos_error_xyz.err_z,NaN
0.902104949,1759158511.373104949,/studio/pos_error_xyz.err_z,0.03997095756346947
0.905074781,1759158511.376074781,/studio/pos_error_xyz.err_z,NaN
0.910352573,1759158511.381352573,/studio/pos_error_xyz.err_z,NaN
0.9104819260000001,1759158511.381481926,/studio/pos_error_xyz.err_z,NaN
0.9119809780000001,1759158511.382980978,/studio/pos_error_xyz.err_z,0.039998360902744556
0.915317586,1759158511.386317586,/studio/pos_error_xyz.err_z,NaN
0.918956168,1759158511.389956168,/studio/pos_error_xyz.err_z,NaN
0.92031306,1759158511.391313060,/studio/pos_error_xyz.err_z,NaN
0.921760436,1759158511.392760436,/studio/pos_error_xyz.err_z,0.04000537492096745
0.9252187470000001,1759158511.396218747,/studio/pos_error_xyz.err_z,0.0400200232598229
0.9287476800000001,1759158511.399747680,/studio/pos_error_xyz.err_z,NaN
0.9303462650000001,1759158511.401346265,/studio/pos_error_xyz.err_z,NaN
0.931888021,1759158511.402888021,/studio/pos_error_xyz.err_z,0.03996335338446322
0.9350663220000001,1759158511.406066322,/studio/pos_error_xyz.err_z,0.03984432820454664
0.938761087,1759158511.409761087,/studio/pos_error_xyz.err_z,NaN
0.940354934,1759158511.411354934,/studio/pos_error_xyz.err_z,NaN
0.941755945,1759158511.412755945,/studio/pos_error_xyz.err_z,0.0398259931076399
0.9454527760000001,1759158511.416452776,/studio/pos_error_xyz.err_z,0.039787213837642055
0.948616505,1759158511.419616505,/studio/pos_error_xyz.err_z,NaN
0.9503112010000001,1759158511.421311201,/studio/pos_error_xyz.err_z,NaN
0.952132827,1759158511.423132827,/studio/pos_error_xyz.err_z,0.03983480435229203
0.95519275,1759158511.426192750,/studio/pos_error_xyz.err_z,0.03993620546491328
0.9584510340000001,1759158511.429451034,/studio/pos_error_xyz.err_z,NaN
0.9603116700000001,1759158511.431311670,/studio/pos_error_xyz.err_z,NaN
0.9617893770000001,1759158511.432789377,/studio/pos_error_xyz.err_z,0.03992138791780131
0.965121526,1759158511.436121526,/studio/pos_error_xyz.err_z,0.039889852559805705
0.968481578,1759158511.439481578,/studio/pos_error_xyz.err_z,NaN
0.970312185,1759158511.441312185,/studio/pos_error_xyz.err_z,NaN
0.9718600230000001,1759158511.442860023,/studio/pos_error_xyz.err_z,0.039793738969677195
0.975032235,1759158511.446032235,/studio/pos_error_xyz.err_z,NaN
0.978540563,1759158511.449540563,/studio/pos_error_xyz.err_z,NaN
0.9803259350000001,1759158511.451325935,/studio/pos_error_xyz.err_z,NaN
0.9822197690000001,1759158511.453219769,/studio/pos_error_xyz.err_z,0.039770379197427985
0.9903843440000001,1759158511.461384344,/studio/pos_error_xyz.err_z,NaN
0.9986675920000001,1759158511.469667592,/studio/pos_error_xyz.err_z,0.03974575474219466
0.9986710000000001,1759158511.469671000,/studio/pos_error_xyz.err_z,0.03972120023205905
0.998673833,1759158511.469673833,/studio/pos_error_xyz.err_z,0.03963607048693185
0.9986766130000001,1759158511.469676613,/studio/pos_error_xyz.err_z,0.03954710820005247
1.000316887,1759158511.471316887,/studio/pos_error_xyz.err_z,NaN
1.003110204,1759158511.474110204,/studio/pos_error_xyz.err_z,0.03945389854020842
1.003112983,1759158511.474112983,/studio/pos_error_xyz.err_z,0.03947296029561387
1.005071014,1759158511.476071014,/studio/pos_error_xyz.err_z,0.03951770262146215
1.008380011,1759158511.479380011,/studio/pos_error_xyz.err_z,NaN
1.010363191,1759158511.481363191,/studio/pos_error_xyz.err_z,NaN
1.01387231,1759158511.484872310,/studio/pos_error_xyz.err_z,0.039471929373400494
1.01496747,1759158511.485967470,/studio/pos_error_xyz.err_z,0.03937216038350577
1.018430714,1759158511.489430714,/studio/pos_error_xyz.err_z,NaN
1.020313084,1759158511.491313084,/studio/pos_error_xyz.err_z,NaN
1.021722941,1759158511.492722941,/studio/pos_error_xyz.err_z,0.03933459671378792
1.0251007,1759158511.496100700,/studio/pos_error_xyz.err_z,0.03925233528416294
1.028273613,1759158511.499273613,/studio/pos_error_xyz.err_z,NaN
1.030343671,1759158511.501343671,/studio/pos_error_xyz.err_z,NaN
1.031922654,1759158511.502922654,/studio/pos_error_xyz.err_z,0.039130970354858574
1.0350088020000001,1759158511.506008802,/studio/pos_error_xyz.err_z,NaN
1.038479428,1759158511.509479428,/studio/pos_error_xyz.err_z,NaN
1.040341553,1759158511.511341553,/studio/pos_error_xyz.err_z,NaN
1.041658275,1759158511.512658275,/studio/pos_error_xyz.err_z,0.0390837903814476
1.044879855,1759158511.515879855,/studio/pos_error_xyz.err_z,0.03897965771658907
1.048256263,1759158511.519256263,/studio/pos_error_xyz.err_z,NaN
1.050301604,1759158511.521301604,/studio/pos_error_xyz.err_z,NaN
1.051694815,1759158511.522694815,/studio/pos_error_xyz.err_z,0.03913166014938696
1.055008904,1759158511.526008904,/studio/pos_error_xyz.err_z,0.03946959256047
1.058354781,1759158511.529354781,/studio/pos_error_xyz.err_z,NaN
1.060304767,1759158511.531304767,/studio/pos_error_xyz.err_z,NaN
1.06185551,1759158511.532855510,/studio/pos_error_xyz.err_z,0.03943319611124707
1.065019444,1759158511.536019444,/studio/pos_error_xyz.err_z,0.03935214810009269
1.068393428,1759158511.539393428,/studio/pos_error_xyz.err_z,NaN
1.070310218,1759158511.541310218,/studio/pos_error_xyz.err_z,NaN
1.071665686,1759158511.542665686,/studio/pos_error_xyz.err_z,0.03930482861738427
1.074956084,1759158511.545956084,/studio/pos_error_xyz.err_z,0.039198920866367004
1.078313067,1759158511.549313067,/studio/pos_error_xyz.err_z,NaN
1.080303261,1759158511.551303261,/studio/pos_error_xyz.err_z,NaN
1.081539761,1759158511.552539761,/studio/pos_error_xyz.err_z,0.039145059460800935
1.085114314,1759158511.556114314,/studio/pos_error_xyz.err_z,0.03902407494577198
1.088339522,1759158511.559339522,/studio/pos_error_xyz.err_z,NaN
1.090306285,1759158511.561306285,/studio/pos_error_xyz.err_z,NaN
1.091596569,1759158511.562596569,/studio/pos_error_xyz.err_z,0.038970866501230494
1.094977609,1759158511.565977609,/studio/pos_error_xyz.err_z,0.038850662557109006
1.098393943,1759158511.569393943,/studio/pos_error_xyz.err_z,NaN
1.100302414,1759158511.571302414,/studio/pos_error_xyz.err_z,NaN
1.101640639,1759158511.572640639,/studio/pos_error_xyz.err_z,0.03880230575864241
1.104976622,1759158511.575976622,/studio/pos_error_xyz.err_z,0.03869262687448871
1.108293637,1759158511.579293637,/studio/pos_error_xyz.err_z,NaN
1.110322386,1759158511.581322386,/studio/pos_error_xyz.err_z,NaN
1.112707445,1759158511.583707445,/studio/pos_error_xyz.err_z,0.038640837346602064
1.114915049,1759158511.585915049,/studio/pos_error_xyz.err_z,0.03852265254853404
1.118213774,1759158511.589213774,/studio/pos_error_xyz.err_z,NaN
1.120297028,1759158511.591297028,/studio/pos_error_xyz.err_z,NaN
1.12171105,1759158511.592711050,/studio/pos_error_xyz.err_z,0.03847026756799621
1.124941821,1759158511.595941821,/studio/pos_error_xyz.err_z,0.038349975296936956
1.128285208,1759158511.599285208,/studio/pos_error_xyz.err_z,NaN
1.130291452,1759158511.601291452,/studio/pos_error_xyz.err_z,NaN
1.1315647260000001,1759158511.602564726,/studio/pos_error_xyz.err_z,0.038037462329274074
1.13500517,1759158511.606005170,/studio/pos_error_xyz.err_z,0.037318574221458345
1.1383052949999999,1759158511.609305295,/studio/pos_error_xyz.err_z,NaN
1.140381581,1759158511.611381581,/studio/pos_error_xyz.err_z,NaN
1.141720963,1759158511.612720963,/studio/pos_error_xyz.err_z,0.03727020641449541
1.144853188,1759158511.615853188,/studio/pos_error_xyz.err_z,0.037157753824075934
1.148317607,1759158511.619317607,/studio/pos_error_xyz.err_z,NaN
1.150309701,1759158511.621309701,/studio/pos_error_xyz.err_z,NaN
1.151717155,1759158511.622717155,/studio/pos_error_xyz.err_z,0.037101042054224154
1.155064404,1759158511.626064404,/studio/pos_error_xyz.err_z,0.03696723330529128
1.158764509,1759158511.629764509,/studio/pos_error_xyz.err_z,NaN
1.160306243,1759158511.631306243,/studio/pos_error_xyz.err_z,NaN
1.161711328,1759158511.632711328,/studio/pos_error_xyz.err_z,0.03691245003291299
1.165026277,1759158511.636026277,/studio/pos_error_xyz.err_z,0.03678490714341098
1.1682364330000001,1759158511.639236433,/studio/pos_error_xyz.err_z,NaN
1.1702919760000001,1759158511.641291976,/studio/pos_error_xyz.err_z,NaN
1.171645662,1759158511.642645662,/studio/pos_error_xyz.err_z,0.03674296859101189
1.174914409,1759158511.645914409,/studio/pos_error_xyz.err_z,0.03664464378961818
1.178088578,1759158511.649088578,/studio/pos_error_xyz.err_z,NaN
1.180291753,1759158511.651291753,/studio/pos_error_xyz.err_z,NaN
1.181489067,1759158511.652489067,/studio/pos_error_xyz.err_z,0.03658689057652431
1.185029389,1759158511.656029389,/studio/pos_error_xyz.err_z,0.03645107412997617
1.190345704,1759158511.661345704,/studio/pos_error_xyz.err_z,NaN
1.200329756,1759158511.671329756,/studio/pos_error_xyz.err_z,NaN
1.202591205,1759158511.673591205,/studio/pos_error_xyz.err_z,NaN
1.202594961,1759158511.673594961,/studio/pos_error_xyz.err_z,0.03640152169560262
1.20259935,1759158511.673599350,/studio/pos_error_xyz.err_z,0.036346047203461795
1.202608144,1759158511.673608144,/studio/pos_error_xyz.err_z,0.036290521511974205
1.207047961,1759158511.678047961,/studio/pos_error_xyz.err_z,0.036241618978502865
1.207052864,1759158511.678052864,/studio/pos_error_xyz.err_z,0.0361936029995682
1.208357978,1759158511.679357978,/studio/pos_error_xyz.err_z,0.036140135360255954
1.210292897,1759158511.681292897,/studio/pos_error_xyz.err_z,NaN
1.211468028,1759158511.682468028,/studio/pos_error_xyz.err_z,0.03608770681288731
1.216565932,1759158511.687565932,/studio/pos_error_xyz.err_z,0.03596266147930516
1.218135891,1759158511.689135891,/studio/pos_error_xyz.err_z,NaN
1.220321286,1759158511.691321286,/studio/pos_error_xyz.err_z,NaN
1.222436764,1759158511.693436764,/studio/pos_error_xyz.err_z,0.03591160843138774
1.22502099,1759158511.696020990,/studio/pos_error_xyz.err_z,0.035789146836583186
1.228513266,1759158511.699513266,/studio/pos_error_xyz.err_z,NaN
1.230326074,1759158511.701326074,/studio/pos_error_xyz.err_z,NaN
1.231902652,1759158511.702902652,/studio/pos_error_xyz.err_z,0.03574233620737921
1.235070884,1759158511.706070884,/studio/pos_error_xyz.err_z,0.03562882155651992
1.238674217,1759158511.709674217,/studio/pos_error_xyz.err_z,NaN
1.240311269,1759158511.711311269,/studio/pos_error_xyz.err_z,NaN
1.243537044,1759158511.714537044,/studio/pos_error_xyz.err_z,0.03558712143138276
1.245383654,1759158511.716383654,/studio/pos_error_xyz.err_z,0.03548478103382191
1.248258721,1759158511.719258721,/studio/pos_error_xyz.err_z,NaN
1.2503352699999999,1759158511.721335270,/studio/pos_error_xyz.err_z,NaN
1.251480179,1759158511.722480179,/studio/pos_error_xyz.err_z,0.03543512295730289
1.254973568,1759158511.725973568,/studio/pos_error_xyz.err_z,0.03531387270013897
1.25855144,1759158511.729551440,/studio/pos_error_xyz.err_z,NaN
1.260309247,1759158511.731309247,/studio/pos_error_xyz.err_z,NaN
1.261495872,1759158511.732495872,/studio/pos_error_xyz.err_z,0.03526606780117825
1.264831005,1759158511.735831005,/studio/pos_error_xyz.err_z,0.03514894115419254
1.268429978,1759158511.739429978,/studio/pos_error_xyz.err_z,NaN
1.270259177,1759158511.741259177,/studio/pos_error_xyz.err_z,NaN
1.271735889,1759158511.742735889,/studio/pos_error_xyz.err_z,0.035107127543664074
1.275019833,1759158511.746019833,/studio/pos_error_xyz.err_z,0.03500465951292031
1.278235407,1759158511.749235407,/studio/pos_error_xyz.err_z,NaN
1.2802939850000001,1759158511.751293985,/studio/pos_error_xyz.err_z,NaN
1.281615868,1759158511.752615868,/studio/pos_error_xyz.err_z,0.03495851034949693
1.285058219,1759158511.756058219,/studio/pos_error_xyz.err_z,0.03484573328068108
1.289027426,1759158511.760027426,/studio/pos_error_xyz.err_z,NaN
1.2902899780000001,1759158511.761289978,/studio/pos_error_xyz.err_z,NaN
1.291651179,1759158511.762651179,/studio/pos_error_xyz.err_z,0.03479247784038453
1.294707228,1759158511.765707228,/studio/pos_error_xyz.err_z,0.03466023893706138
1.298051673,1759158511.769051673,/studio/pos_error_xyz.err_z,NaN
1.300311838,1759158511.771311838,/studio/pos_error_xyz.err_z,NaN
1.301930917,1759158511.772930917,/studio/pos_error_xyz.err_z,0.034618868831163274
1.305040593,1759158511.776040593,/studio/pos_error_xyz.err_z,0.0345156971549867
1.30819515,1759158511.779195150,/studio/pos_error_xyz.err_z,NaN
1.310296271,1759158511.781296271,/studio/pos_error_xyz.err_z,NaN
1.311814282,1759158511.782814282,/studio/pos_error_xyz.err_z,0.03447272337236362
1.314880192,1759158511.785880192,/studio/pos_error_xyz.err_z,0.03436509582722436
1.318986064,1759158511.789986064,/studio/pos_error_xyz.err_z,NaN
1.320290227,1759158511.791290227,/studio/pos_error_xyz.err_z,NaN
1.321579775,1759158511.792579775,/studio/pos_error_xyz.err_z,0.03431253886673402
1.324956921,1759158511.795956921,/studio/pos_error_xyz.err_z,0.03418027556486569
1.3282859,1759158511.799285900,/studio/pos_error_xyz.err_z,NaN
1.3303352529999999,1759158511.801335253,/studio/pos_error_xyz.err_z,NaN
1.3313750720000002,1759158511.802375072,/studio/pos_error_xyz.err_z,0.0341394876183192
1.334672074,1759158511.805672074,/studio/pos_error_xyz.err_z,0.034036520500643874
1.338053001,1759158511.809053001,/studio/pos_error_xyz.err_z,NaN
1.340373089,1759158511.811373089,/studio/pos_error_xyz.err_z,NaN
1.341448715,1759158511.812448715,/studio/pos_error_xyz.err_z,0.03399515529011343
1.344736085,1759158511.815736085,/studio/pos_error_xyz.err_z,0.03388976936920063
1.347960485,1759158511.818960485,/studio/pos_error_xyz.err_z,NaN
1.3503419920000002,1759158511.821341992,/studio/pos_error_xyz.err_z,NaN
1.351280332,1759158511.822280332,/studio/pos_error_xyz.err_z,0.03385410679061751
1.354771854,1759158511.825771854,/studio/pos_error_xyz.err_z,0.0337621303981801
1.358132162,1759158511.829132162,/studio/pos_error_xyz.err_z,NaN
1.360333782,1759158511.831333782,/studio/pos_error_xyz.err_z,NaN
1.3614016960000002,1759158511.832401696,/studio/pos_error_xyz.err_z,0.03371461297794909
1.364647074,1759158511.835647074,/studio/pos_error_xyz.err_z,0.033592331877258186
1.367896672,1759158511.838896672,/studio/pos_error_xyz.err_z,NaN
1.37029246,1759158511.841292460,/studio/pos_error_xyz.err_z,NaN
1.371336748,1759158511.842336748,/studio/pos_error_xyz.err_z,0.03355338092413196
1.374856789,1759158511.845856789,/studio/pos_error_xyz.err_z,0.033452668515718376
1.377996308,1759158511.848996308,/studio/pos_error_xyz.err_z,NaN
1.380366744,1759158511.851366744,/studio/pos_error_xyz.err_z,NaN
1.381266622,1759158511.852266622,/studio/pos_error_xyz.err_z,0.0334237721415811
1.38468634,1759158511.855686340,/studio/pos_error_xyz.err_z,0.03334856021552102
1.388024142,1759158511.859024142,/studio/pos_error_xyz.err_z,NaN
1.390346008,1759158511.861346008,/studio/pos_error_xyz.err_z,NaN
1.391779085,1759158511.862779085,/studio/pos_error_xyz.err_z,0.03330586659656998
1.400309399,1759158511.871309399,/studio/pos_error_xyz.err_z,NaN
1.410305429,1759158511.881305429,/studio/pos_error_xyz.err_z,NaN
1.411007681,1759158511.882007681,/studio/pos_error_xyz.err_z,0.03325423922955961
1.41101092,1759158511.882010920,/studio/pos_error_xyz.err_z,0.03320252045854333
1.411019434,1759158511.882019434,/studio/pos_error_xyz.err_z,0.03314965517076662
1.4110229520000002,1759158511.882022952,/studio/pos_error_xyz.err_z,0.03309671508657708
1.412649278,1759158511.883649278,/studio/pos_error_xyz.err_z,0.0330436323397032
1.412651506,1759158511.883651506,/studio/pos_error_xyz.err_z,0.03300499759526798
1.415039213,1759158511.886039213,/studio/pos_error_xyz.err_z,0.03292739868384564
1.418019801,1759158511.889019801,/studio/pos_error_xyz.err_z,NaN
1.420325798,1759158511.891325798,/studio/pos_error_xyz.err_z,NaN
1.421457758,1759158511.892457758,/studio/pos_error_xyz.err_z,0.032896913574748776
1.424670738,1759158511.895670738,/studio/pos_error_xyz.err_z,0.03281615707450203
1.428173398,1759158511.899173398,/studio/pos_error_xyz.err_z,NaN
1.430334773,1759158511.901334773,/studio/pos_error_xyz.err_z,NaN
1.431327846,1759158511.902327846,/studio/pos_error_xyz.err_z,0.03278521043653582
1.434808552,1759158511.905808552,/studio/pos_error_xyz.err_z,0.032702671539687644
1.437962282,1759158511.908962282,/studio/pos_error_xyz.err_z,NaN
1.440367888,1759158511.911367888,/studio/pos_error_xyz.err_z,NaN
1.44145405,1759158511.912454050,/studio/pos_error_xyz.err_z,0.032675664939026516
1.444639231,1759158511.915639231,/studio/pos_error_xyz.err_z,0.032603435680153225
1.447995284,1759158511.918995284,/studio/pos_error_xyz.err_z,NaN
1.450350515,1759158511.921350515,/studio/pos_error_xyz.err_z,NaN
1.4512275140000002,1759158511.922227514,/studio/pos_error_xyz.err_z,0.032583086165485
1.454622705,1759158511.925622705,/studio/pos_error_xyz.err_z,0.03252827162110283
1.457826388,1759158511.928826388,/studio/pos_error_xyz.err_z,NaN
1.460402909,1759158511.931402909,/studio/pos_error_xyz.err_z,NaN
1.461276957,1759158511.932276957,/studio/pos_error_xyz.err_z,0.03250750514936129
1.464612318,1759158511.935612318,/studio/pos_error_xyz.err_z,0.03245132812022811
1.467929065,1759158511.938929065,/studio/pos_error_xyz.err_z,NaN
1.470322492,1759158511.941322492,/studio/pos_error_xyz.err_z,NaN
1.47196622,1759158511.942966220,/studio/pos_error_xyz.err_z,0.03242048733127789
1.475276635,1759158511.946276635,/studio/pos_error_xyz.err_z,0.032336620945859096
1.478204926,1759158511.949204926,/studio/pos_error_xyz.err_z,NaN
1.480302289,1759158511.951302289,/studio/pos_error_xyz.err_z,NaN
1.4812992280000001,1759158511.952299228,/studio/pos_error_xyz.err_z,0.032317208306021694
1.484684983,1759158511.955684983,/studio/pos_error_xyz.err_z,0.032264282247614906
1.487803931,1759158511.958803931,/studio/pos_error_xyz.err_z,NaN
1.490325202,1759158511.961325202,/studio/pos_error_xyz.err_z,NaN
1.491177066,1759158511.962177066,/studio/pos_error_xyz.err_z,0.03224704773763909
1.494770396,1759158511.965770396,/studio/pos_error_xyz.err_z,0.03219971482389972
1.497940692,1759158511.968940692,/studio/pos_error_xyz.err_z,NaN
1.500303479,1759158511.971303479,/studio/pos_error_xyz.err_z,NaN
1.501149456,1759158511.972149456,/studio/pos_error_xyz.err_z,0.032177035184421277
1.504512107,1759158511.975512107,/studio/pos_error_xyz.err_z,0.03211446923200256
1.5077910060000002,1759158511.978791006,/studio/pos_error_xyz.err_z,NaN
1.510347048,1759158511.981347048,/studio/pos_error_xyz.err_z,NaN
1.511243756,1759158511.982243756,/studio/pos_error_xyz.err_z,0.03209549814139123
1.514694293,1759158511.985694293,/studio/pos_error_xyz.err_z,0.03204284181509243
1.5178248760000002,1759158511.988824876,/studio/pos_error_xyz.err_z,NaN
1.520305126,1759158511.991305126,/studio/pos_error_xyz.err_z,NaN
1.522230296,1759158511.993230296,/studio/pos_error_xyz.err_z,0.032029486154355524
1.524771297,1759158511.995771297,/studio/pos_error_xyz.err_z,0.03199223361816372
1.52795184,1759158511.998951840,/studio/pos_error_xyz.err_z,NaN
1.5302962610000002,1759158512.001296261,/studio/pos_error_xyz.err_z,NaN
1.53126825,1759158512.002268250,/studio/pos_error_xyz.err_z,0.03197613837779456
1.534610848,1759158512.005610848,/studio/pos_error_xyz.err_z,0.03193116081876779
1.537767848,1759158512.008767848,/studio/pos_error_xyz.err_z,NaN
1.540331689,1759158512.011331689,/studio/pos_error_xyz.err_z,NaN
1.5412930679999999,1759158512.012293068,/studio/pos_error_xyz.err_z,0.031905911357217986
1.5446480519999999,1759158512.015648052,/studio/pos_error_xyz.err_z,0.03183500864714728
1.547749498,1759158512.018749498,/studio/pos_error_xyz.err_z,NaN
1.5503086220000002,1759158512.021308622,/studio/pos_error_xyz.err_z,NaN
1.551277173,1759158512.022277173,/studio/pos_error_xyz.err_z,0.031825353047883365
1.5547078870000002,1759158512.025707887,/studio/pos_error_xyz.err_z,0.03179795517819395
1.557849497,1759158512.028849497,/studio/pos_error_xyz.err_z,NaN
1.560297758,1759158512.031297758,/studio/pos_error_xyz.err_z,NaN
1.561227941,1759158512.032227941,/studio/pos_error_xyz.err_z,0.031782631851263066
1.564620141,1759158512.035620141,/studio/pos_error_xyz.err_z,0.03173903567323366
1.5680342999999999,1759158512.039034300,/studio/pos_error_xyz.err_z,NaN
1.5702780889999999,1759158512.041278089,/studio/pos_error_xyz.err_z,NaN
1.5711786110000001,1759158512.042178611,/studio/pos_error_xyz.err_z,0.03172160722246242
1.574591593,1759158512.045591593,/studio/pos_error_xyz.err_z,0.031671875674651906
1.5778999260000002,1759158512.048899926,/studio/pos_error_xyz.err_z,NaN
1.580298998,1759158512.051298998,/studio/pos_error_xyz.err_z,NaN
1.581257551,1759158512.052257551,/studio/pos_error_xyz.err_z,0.03165349689590835
1.5844227160000002,1759158512.055422716,/studio/pos_error_xyz.err_z,0.0316007875685147
1.587676427,1759158512.058676427,/studio/pos_error_xyz.err_z,NaN
1.590330682,1759158512.061330682,/studio/pos_error_xyz.err_z,NaN
1.5910478600000002,1759158512.062047860,/studio/pos_error_xyz.err_z,0.031590673250484924
1.594588302,1759158512.065588302,/studio/pos_error_xyz.err_z,0.03156136499305906
1.6002700120000002,1759158512.071270012,/studio/pos_error_xyz.err_z,NaN
1.61027655,1759158512.081276550,/studio/pos_error_xyz.err_z,NaN
1.6121915420000001,1759158512.083191542,/studio/pos_error_xyz.err_z,NaN
1.61219625,1759158512.083196250,/studio/pos_error_xyz.err_z,0.03155552155529873
1.6121991370000002,1759158512.083199137,/studio/pos_error_xyz.err_z,0.03154795459734605
1.612201481,1759158512.083201481,/studio/pos_error_xyz.err_z,0.031540379490361925
1.616665522,1759158512.087665522,/studio/pos_error_xyz.err_z,0.031519716305497214
1.616667869,1759158512.087667869,/studio/pos_error_xyz.err_z,0.03149510437510794
1.6180046350000001,1759158512.089004635,/studio/pos_error_xyz.err_z,0.031464680137872625
1.620317016,1759158512.091317016,/studio/pos_error_xyz.err_z,NaN
1.621037297,1759158512.092037297,/studio/pos_error_xyz.err_z,0.03145775948116514
1.624316686,1759158512.095316686,/studio/pos_error_xyz.err_z,0.03143741601785677
1.627799456,1759158512.098799456,/studio/pos_error_xyz.err_z,NaN
1.630274489,1759158512.101274489,/studio/pos_error_xyz.err_z,NaN
1.631176542,1759158512.102176542,/studio/pos_error_xyz.err_z,0.03144039829468337
1.6345583320000001,1759158512.105558332,/studio/pos_error_xyz.err_z,0.03144926625150868
1.6378132760000002,1759158512.108813276,/studio/pos_error_xyz.err_z,NaN
1.640312019,1759158512.111312019,/studio/pos_error_xyz.err_z,NaN
1.641076729,1759158512.112076729,/studio/pos_error_xyz.err_z,0.03143986535121557
1.6443768630000002,1759158512.115376863,/studio/pos_error_xyz.err_z,0.031412071840246414
1.647784722,1759158512.118784722,/studio/pos_error_xyz.err_z,NaN
1.650358425,1759158512.121358425,/studio/pos_error_xyz.err_z,NaN
1.651174581,1759158512.122174581,/studio/pos_error_xyz.err_z,0.03140692557065772
1.654554297,1759158512.125554297,/studio/pos_error_xyz.err_z,0.03139153402837458
1.6576980460000001,1759158512.128698046,/studio/pos_error_xyz.err_z,NaN
1.6603228250000002,1759158512.131322825,/studio/pos_error_xyz.err_z,NaN
1.661016126,1759158512.132016126,/studio/pos_error_xyz.err_z,0.03140219037577352
1.664454584,1759158512.135454584,/studio/pos_error_xyz.err_z,0.03143429435010203
1.667679087,1759158512.138679087,/studio/pos_error_xyz.err_z,NaN
1.6703239920000001,1759158512.141323992,/studio/pos_error_xyz.err_z,NaN
1.671110467,1759158512.142110467,/studio/pos_error_xyz.err_z,0.031441844203810465
1.674244721,1759158512.145244721,/studio/pos_error_xyz.err_z,0.031464498979113964
1.6777181730000001,1759158512.148718173,/studio/pos_error_xyz.err_z,NaN
1.680328055,1759158512.151328055,/studio/pos_error_xyz.err_z,NaN
1.681138127,1759158512.152138127,/studio/pos_error_xyz.err_z,0.03146473757425072
1.684398307,1759158512.155398307,/studio/pos_error_xyz.err_z,0.031465456104105005
1.6876493680000002,1759158512.158649368,/studio/pos_error_xyz.err_z,NaN
1.690299621,1759158512.161299621,/studio/pos_error_xyz.err_z,NaN
1.6909851960000002,1759158512.161985196,/studio/pos_error_xyz.err_z,0.031472467741640475
1.694292226,1759158512.165292226,/studio/pos_error_xyz.err_z,0.031493738692437656
1.69825241,1759158512.169252410,/studio/pos_error_xyz.err_z,NaN
1.700301166,1759158512.171301166,/studio/pos_error_xyz.err_z,NaN
1.701058629,1759158512.172058629,/studio/pos_error_xyz.err_z,0.03151832000488741
1.704340656,1759158512.175340656,/studio/pos_error_xyz.err_z,0.03159328204998646
1.7077344110000001,1759158512.178734411,/studio/pos_error_xyz.err_z,NaN
1.710270774,1759158512.181270774,/studio/pos_error_xyz.err_z,NaN
1.710963999,1759158512.181963999,/studio/pos_error_xyz.err_z,0.031606284818308295
1.714322271,1759158512.185322271,/studio/pos_error_xyz.err_z,0.03164613751160039
1.717595927,1759158512.188595927,/studio/pos_error_xyz.err_z,NaN
1.7202736550000002,1759158512.191273655,/studio/pos_error_xyz.err_z,NaN
1.7209984660000002,1759158512.191998466,/studio/pos_error_xyz.err_z,0.03165080355427552
1.7243193890000001,1759158512.195319389,/studio/pos_error_xyz.err_z,0.031665176466802114
1.727837905,1759158512.198837905,/studio/pos_error_xyz.err_z,NaN
1.7303389990000002,1759158512.201338999,/studio/pos_error_xyz.err_z,NaN
1.730987966,1759158512.201987966,/studio/pos_error_xyz.err_z,0.03168770468573001
1.734209233,1759158512.205209233,/studio/pos_error_xyz.err_z,0.03175769506323589
1.737661125,1759158512.208661125,/studio/pos_error_xyz.err_z,NaN
1.74032022,1759158512.211320220,/studio/pos_error_xyz.err_z,NaN
1.74086419,1759158512.211864190,/studio/pos_error_xyz.err_z,0.03178038009230555
1.7442118340000001,1759158512.215211834,/studio/pos_error_xyz.err_z,0.03185159510346658
1.747710059,1759158512.218710059,/studio/pos_error_xyz.err_z,NaN
1.750274984,1759158512.221274984,/studio/pos_error_xyz.err_z,NaN
1.7509571300000002,1759158512.221957130,/studio/pos_error_xyz.err_z,0.03186211970191
1.754247643,1759158512.225247643,/studio/pos_error_xyz.err_z,0.031895183616968525
1.757615831,1759158512.228615831,/studio/pos_error_xyz.err_z,NaN
1.760309632,1759158512.231309632,/studio/pos_error_xyz.err_z,NaN
1.760930372,1759158512.231930372,/studio/pos_error_xyz.err_z,0.03190595805811225
1.7643468960000002,1759158512.235346896,/studio/pos_error_xyz.err_z,0.0319401076745236
1.7675456870000001,1759158512.238545687,/studio/pos_error_xyz.err_z,NaN
1.770315402,1759158512.241315402,/studio/pos_error_xyz.err_z,NaN
1.770954506,1759158512.241954506,/studio/pos_error_xyz.err_z,0.031956337133968615
1.774302464,1759158512.245302464,/studio/pos_error_xyz.err_z,0.03200858219605318
1.777577718,1759158512.248577718,/studio/pos_error_xyz.err_z,NaN
1.780262767,1759158512.251262767,/studio/pos_error_xyz.err_z,NaN
1.7809578940000002,1759158512.251957894,/studio/pos_error_xyz.err_z,0.03202523717092509
1.7844457130000002,1759158512.255445713,/studio/pos_error_xyz.err_z,0.03207822816538619
1.787579579,1759158512.258579579,/studio/pos_error_xyz.err_z,NaN
1.790310977,1759158512.261310977,/studio/pos_error_xyz.err_z,NaN
1.790969987,1759158512.261969987,/studio/pos_error_xyz.err_z,0.03208916961929975
1.794368377,1759158512.265368377,/studio/pos_error_xyz.err_z,0.03212428584482496
1.797698185,1759158512.268698185,/studio/pos_error_xyz.err_z,NaN
1.800325036,1759158512.271325036,/studio/pos_error_xyz.err_z,NaN
1.8015423570000002,1759158512.272542357,/studio/pos_error_xyz.err_z,0.03213142291935367
1.810328835,1759158512.281328835,/studio/pos_error_xyz.err_z,NaN
1.817594433,1759158512.288594433,/studio/pos_error_xyz.err_z,0.03214158256175015
1.817597798,1759158512.288597798,/studio/pos_error_xyz.err_z,0.03215175236535228
1.817600637,1759158512.288600637,/studio/pos_error_xyz.err_z,0.03217073893049549
1.8176049060000001,1759158512.288604906,/studio/pos_error_xyz.err_z,0.03219346481332819
1.820314068,1759158512.291314068,/studio/pos_error_xyz.err_z,NaN
1.821732322,1759158512.292732322,/studio/pos_error_xyz.err_z,0.03221621342728942
1.821778572,1759158512.292778572,/studio/pos_error_xyz.err_z,0.032243182452709185
1.824327725,1759158512.295327725,/studio/pos_error_xyz.err_z,0.03230914397569462
1.827539716,1759158512.298539716,/studio/pos_error_xyz.err_z,NaN
1.8304117240000002,1759158512.301411724,/studio/pos_error_xyz.err_z,NaN
1.8309198370000002,1759158512.301919837,/studio/pos_error_xyz.err_z,0.032525428629711195
1.834180962,1759158512.305180962,/studio/pos_error_xyz.err_z,0.033242351152387606
1.837589302,1759158512.308589302,/studio/pos_error_xyz.err_z,NaN
1.840299548,1759158512.311299548,/studio/pos_error_xyz.err_z,NaN
1.84088924,1759158512.311889240,/studio/pos_error_xyz.err_z,0.033257252172559815
1.844327792,1759158512.315327792,/studio/pos_error_xyz.err_z,0.03330830832845488
1.8474786070000002,1759158512.318478607,/studio/pos_error_xyz.err_z,NaN
1.850295905,1759158512.321295905,/studio/pos_error_xyz.err_z,NaN
1.8508623700000002,1759158512.321862370,/studio/pos_error_xyz.err_z,0.03332576566990553
1.854361472,1759158512.325361472,/studio/pos_error_xyz.err_z,0.033383928384339345
1.857655905,1759158512.328655905,/studio/pos_error_xyz.err_z,NaN
1.860264476,1759158512.331264476,/studio/pos_error_xyz.err_z,NaN
1.860848178,1759158512.331848178,/studio/pos_error_xyz.err_z,0.033390777088607715
1.864115436,1759158512.335115436,/studio/pos_error_xyz.err_z,0.03341355982268035
1.867532544,1759158512.338532544,/studio/pos_error_xyz.err_z,NaN
1.8703170560000002,1759158512.341317056,/studio/pos_error_xyz.err_z,NaN
1.870980103,1759158512.341980103,/studio/pos_error_xyz.err_z,0.03341958479992879
1.874214236,1759158512.345214236,/studio/pos_error_xyz.err_z,0.03343976196711096
1.877499857,1759158512.348499857,/studio/pos_error_xyz.err_z,NaN
1.880319638,1759158512.351319638,/studio/pos_error_xyz.err_z,NaN
1.880743405,1759158512.351743405,/studio/pos_error_xyz.err_z,0.03345389879270666
1.884056296,1759158512.355056296,/studio/pos_error_xyz.err_z,0.03350144294081625
1.8875130900000001,1759158512.358513090,/studio/pos_error_xyz.err_z,NaN
1.8903489050000002,1759158512.361348905,/studio/pos_error_xyz.err_z,NaN
1.890800188,1759158512.361800188,/studio/pos_error_xyz.err_z,0.03351413160423067
1.894140135,1759158512.365140135,/studio/pos_error_xyz.err_z,0.03355712565979552
1.8974158540000001,1759158512.368415854,/studio/pos_error_xyz.err_z,NaN
1.900322444,1759158512.371322444,/studio/pos_error_xyz.err_z,NaN
1.90089233,1759158512.371892330,/studio/pos_error_xyz.err_z,0.03356401966344502
1.9041304540000001,1759158512.375130454,/studio/pos_error_xyz.err_z,0.03358747232885251
1.907542527,1759158512.378542527,/studio/pos_error_xyz.err_z,NaN
1.910269666,1759158512.381269666,/studio/pos_error_xyz.err_z,NaN
1.910760586,1759158512.381760586,/studio/pos_error_xyz.err_z,0.03359838367182655
1.914025032,1759158512.385025032,/studio/pos_error_xyz.err_z,0.033635773322495455
1.9173167160000002,1759158512.388316716,/studio/pos_error_xyz.err_z,NaN
1.920310895,1759158512.391310895,/studio/pos_error_xyz.err_z,NaN
1.920801307,1759158512.391801307,/studio/pos_error_xyz.err_z,0.03363388682624713
1.924054864,1759158512.395054864,/studio/pos_error_xyz.err_z,0.03362739244704427
1.9274384310000001,1759158512.398438431,/studio/pos_error_xyz.err_z,NaN
1.930305622,1759158512.401305622,/studio/pos_error_xyz.err_z,NaN
1.930807825,1759158512.401807825,/studio/pos_error_xyz.err_z,0.03363550985699071
1.934020835,1759158512.405020835,/studio/pos_error_xyz.err_z,0.033663620782421244
1.9374881,1759158512.408488100,/studio/pos_error_xyz.err_z,NaN
1.9403192420000002,1759158512.411319242,/studio/pos_error_xyz.err_z,NaN
1.94083138,1759158512.411831380,/studio/pos_error_xyz.err_z,0.03366573635072223
1.944137472,1759158512.415137472,/studio/pos_error_xyz.err_z,0.03367311048554722
1.9473603060000002,1759158512.418360306,/studio/pos_error_xyz.err_z,NaN
1.950316687,1759158512.421316687,/studio/pos_error_xyz.err_z,NaN
1.950620905,1759158512.421620905,/studio/pos_error_xyz.err_z,0.03368604822670651
1.954136695,1759158512.425136695,/studio/pos_error_xyz.err_z,0.03373149468447845
1.957493353,1759158512.428493353,/studio/pos_error_xyz.err_z,NaN
1.960305503,1759158512.431305503,/studio/pos_error_xyz.err_z,NaN
1.960709167,1759158512.431709167,/studio/pos_error_xyz.err_z,0.03373732409653174
1.964065593,1759158512.435065593,/studio/pos_error_xyz.err_z,0.03375787528989993
1.9673692520000001,1759158512.438369252,/studio/pos_error_xyz.err_z,NaN
1.970301596,1759158512.441301596,/studio/pos_error_xyz.err_z,NaN
1.9708479890000001,1759158512.441847989,/studio/pos_error_xyz.err_z,0.033761764660531046
1.9740582500000001,1759158512.445058250,/studio/pos_error_xyz.err_z,0.033775552149043264
1.977396302,1759158512.448396302,/studio/pos_error_xyz.err_z,NaN
1.980278674,1759158512.451278674,/studio/pos_error_xyz.err_z,NaN
1.980669162,1759158512.451669162,/studio/pos_error_xyz.err_z,0.0337818082856054
1.983981359,1759158512.454981359,/studio/pos_error_xyz.err_z,0.033804114774391714
1.9873564730000002,1759158512.458356473,/studio/pos_error_xyz.err_z,NaN
1.990310647,1759158512.461310647,/studio/pos_error_xyz.err_z,NaN
1.990712561,1759158512.461712561,/studio/pos_error_xyz.err_z,0.03381664141890384
1.994005037,1759158512.465005037,/studio/pos_error_xyz.err_z,0.03386163745598836
1.997262654,1759158512.468262654,/studio/pos_error_xyz.err_z,NaN
2.000309087,1759158512.471309087,/studio/pos_error_xyz.err_z,NaN
2.000740859,1759158512.471740859,/studio/pos_error_xyz.err_z,0.033859100768598216
2.004045995,1759158512.475045995,/studio/pos_error_xyz.err_z,0.033849957514155316
2.008074473,1759158512.479074473,/studio/pos_error_xyz.err_z,NaN
2.010322446,1759158512.481322446,/studio/pos_error_xyz.err_z,NaN
2.020327691,1759158512.491327691,/studio/pos_error_xyz.err_z,NaN
2.024886354,1759158512.495886354,/studio/pos_error_xyz.err_z,0.03366723653992487
2.024890843,1759158512.495890843,/studio/pos_error_xyz.err_z,0.03338518664876644
2.024895051,1759158512.495895051,/studio/pos_error_xyz.err_z,0.03310320180601489
2.024900857,1759158512.495900857,/studio/pos_error_xyz.err_z,0.033010803758722895
2.026109909,1759158512.497109909,/studio/pos_error_xyz.err_z,0.03302249808841262
2.027358724,1759158512.498358724,/studio/pos_error_xyz.err_z,0.03303837744471694
2.030276253,1759158512.501276253,/studio/pos_error_xyz.err_z,NaN
2.030695782,1759158512.501695782,/studio/pos_error_xyz.err_z,0.03304414529652444
2.033924502,1759158512.504924502,/studio/pos_error_xyz.err_z,0.03306531960185066
2.037279821,1759158512.508279821,/studio/pos_error_xyz.err_z,NaN
2.040319367,1759158512.511319367,/studio/pos_error_xyz.err_z,NaN
2.040839667,1759158512.511839667,/studio/pos_error_xyz.err_z,0.03306549961473615
2.044034593,1759158512.515034593,/studio/pos_error_xyz.err_z,0.03306616568802867
2.047336502,1759158512.518336502,/studio/pos_error_xyz.err_z,NaN
2.050264866,1759158512.521264866,/studio/pos_error_xyz.err_z,NaN
2.050682882,1759158512.521682882,/studio/pos_error_xyz.err_z,0.03307259794165973
2.054007543,1759158512.525007543,/studio/pos_error_xyz.err_z,0.033097017975117105
2.057346733,1759158512.528346733,/studio/pos_error_xyz.err_z,NaN
2.060290224,1759158512.531290224,/studio/pos_error_xyz.err_z,NaN
2.060693942,1759158512.531693942,/studio/pos_error_xyz.err_z,0.03310768630588812
2.063988944,1759158512.534988944,/studio/pos_error_xyz.err_z,0.033147708075145
2.067203439,1759158512.538203439,/studio/pos_error_xyz.err_z,NaN
2.070327496,1759158512.541327496,/studio/pos_error_xyz.err_z,NaN
2.070625462,1759158512.541625462,/studio/pos_error_xyz.err_z,0.03314627992508834
2.074137444,1759158512.545137444,/studio/pos_error_xyz.err_z,0.03314082196721113
2.077382483,1759158512.548382483,/studio/pos_error_xyz.err_z,NaN
2.080300645,1759158512.551300645,/studio/pos_error_xyz.err_z,NaN
2.080755404,1759158512.551755404,/studio/pos_error_xyz.err_z,0.03314413362441626
2.083881569,1759158512.554881569,/studio/pos_error_xyz.err_z,0.03315676412145807
2.087256473,1759158512.558256473,/studio/pos_error_xyz.err_z,NaN
2.090306876,1759158512.561306876,/studio/pos_error_xyz.err_z,NaN
2.090833824,1759158512.561833824,/studio/pos_error_xyz.err_z,0.033162925927082254
2.093985507,1759158512.564985507,/studio/pos_error_xyz.err_z,0.033186388420333834
2.097413991,1759158512.568413991,/studio/pos_error_xyz.err_z,NaN
2.100269313,1759158512.571269313,/studio/pos_error_xyz.err_z,NaN
2.100535613,1759158512.571535613,/studio/pos_error_xyz.err_z,0.03319068062057662
2.103855231,1759158512.574855231,/studio/pos_error_xyz.err_z,0.03320708081948043
2.108088706,1759158512.579088706,/studio/pos_error_xyz.err_z,NaN
2.110266816,1759158512.581266816,/studio/pos_error_xyz.err_z,NaN
2.110678649,1759158512.581678649,/studio/pos_error_xyz.err_z,0.033211982895723136
2.113847442,1759158512.584847442,/studio/pos_error_xyz.err_z,0.03323086721000057
2.11715127,1759158512.588151270,/studio/pos_error_xyz.err_z,NaN
2.120271528,1759158512.591271528,/studio/pos_error_xyz.err_z,NaN
2.120554842,1759158512.591554842,/studio/pos_error_xyz.err_z,0.033230873598677046
2.12390027,1759158512.594900270,/studio/pos_error_xyz.err_z,0.03323089828379078
2.127355343,1759158512.598355343,/studio/pos_error_xyz.err_z,NaN
2.1302619910000002,1759158512.601261991,/studio/pos_error_xyz.err_z,NaN
2.130674594,1759158512.601674594,/studio/pos_error_xyz.err_z,0.03323641715290293
2.133970873,1759158512.604970873,/studio/pos_error_xyz.err_z,0.0332579014701071
2.137110439,1759158512.608110439,/studio/pos_error_xyz.err_z,NaN
2.140290267,1759158512.611290267,/studio/pos_error_xyz.err_z,NaN
2.14054807,1759158512.611548070,/studio/pos_error_xyz.err_z,0.033263282177454334
2.143929533,1759158512.614929533,/studio/pos_error_xyz.err_z,0.03328444335274239
2.147289031,1759158512.618289031,/studio/pos_error_xyz.err_z,NaN
2.150339316,1759158512.621339316,/studio/pos_error_xyz.err_z,NaN
2.150625753,1759158512.621625753,/studio/pos_error_xyz.err_z,0.03328362414315533
2.15388041,1759158512.624880410,/studio/pos_error_xyz.err_z,0.03328036330417761
2.157279194,1759158512.628279194,/studio/pos_error_xyz.err_z,NaN
2.160296701,1759158512.631296701,/studio/pos_error_xyz.err_z,NaN
2.1605577240000002,1759158512.631557724,/studio/pos_error_xyz.err_z,0.033284509353662006
2.163832005,1759158512.634832005,/studio/pos_error_xyz.err_z,0.03330101361601234
2.167129178,1759158512.638129178,/studio/pos_error_xyz.err_z,NaN
2.170269072,1759158512.641269072,/studio/pos_error_xyz.err_z,NaN
2.170521507,1759158512.641521507,/studio/pos_error_xyz.err_z,0.03331002364180069
2.1739319200000002,1759158512.644931920,/studio/pos_error_xyz.err_z,0.033346093759133
2.17715696,1759158512.648156960,/studio/pos_error_xyz.err_z,NaN
2.180301892,1759158512.651301892,/studio/pos_error_xyz.err_z,NaN
2.180594612,1759158512.651594612,/studio/pos_error_xyz.err_z,0.033346148878858894
2.183734912,1759158512.654734912,/studio/pos_error_xyz.err_z,0.03334637059792045
2.187231889,1759158512.658231889,/studio/pos_error_xyz.err_z,NaN
2.190287845,1759158512.661287845,/studio/pos_error_xyz.err_z,NaN
2.190641465,1759158512.661641465,/studio/pos_error_xyz.err_z,0.03335283644811904
2.193888644,1759158512.664888644,/studio/pos_error_xyz.err_z,0.033379038440758624
2.197320321,1759158512.668320321,/studio/pos_error_xyz.err_z,NaN
2.200314431,1759158512.671314431,/studio/pos_error_xyz.err_z,NaN
2.200442039,1759158512.671442039,/studio/pos_error_xyz.err_z,0.03338383003999934
2.204061216,1759158512.675061216,/studio/pos_error_xyz.err_z,0.03340339111260504
2.207261916,1759158512.678261916,/studio/pos_error_xyz.err_z,NaN
2.210262839,1759158512.681262839,/studio/pos_error_xyz.err_z,NaN
2.2109417860000002,1759158512.681941786,/studio/pos_error_xyz.err_z,0.033406219173111484
2.220270615,1759158512.691270615,/studio/pos_error_xyz.err_z,NaN
2.229234757,1759158512.700234757,/studio/pos_error_xyz.err_z,0.03341102539724794
2.229238091,1759158512.700238091,/studio/pos_error_xyz.err_z,0.03341583494851452
2.229240773,1759158512.700240773,/studio/pos_error_xyz.err_z,0.03342473328102247
2.229242571,1759158512.700242571,/studio/pos_error_xyz.err_z,0.03343652572285927
2.230322416,1759158512.701322416,/studio/pos_error_xyz.err_z,NaN
2.230646438,1759158512.701646438,/studio/pos_error_xyz.err_z,0.033448315445037125
2.230669908,1759158512.701669908,/studio/pos_error_xyz.err_z,0.03345488950490694
2.23382701,1759158512.704827010,/studio/pos_error_xyz.err_z,0.03346169841573987
2.237033337,1759158512.708033337,/studio/pos_error_xyz.err_z,NaN
2.24028474,1759158512.711284740,/studio/pos_error_xyz.err_z,NaN
2.240365941,1759158512.711365941,/studio/pos_error_xyz.err_z,0.03346305713959352
2.243885368,1759158512.714885368,/studio/pos_error_xyz.err_z,0.03346875064189936
2.247265807,1759158512.718265807,/studio/pos_error_xyz.err_z,NaN
2.250270577,1759158512.721270577,/studio/pos_error_xyz.err_z,NaN
2.250590366,1759158512.721590366,/studio/pos_error_xyz.err_z,0.033470645815901756
2.253710575,1759158512.724710575,/studio/pos_error_xyz.err_z,0.03347865507496928
2.257110517,1759158512.728110517,/studio/pos_error_xyz.err_z,NaN
2.26027616,1759158512.731276160,/studio/pos_error_xyz.err_z,NaN
2.260389676,1759158512.731389676,/studio/pos_error_xyz.err_z,0.03347526480292928
2.263800376,1759158512.734800376,/studio/pos_error_xyz.err_z,0.03346089575660027
2.267020987,1759158512.738020987,/studio/pos_error_xyz.err_z,NaN
2.270270758,1759158512.741270758,/studio/pos_error_xyz.err_z,NaN
2.270753801,1759158512.741753801,/studio/pos_error_xyz.err_z,0.03346391726121678
2.273824172,1759158512.744824172,/studio/pos_error_xyz.err_z,0.033475578832910635
2.277199729,1759158512.748199729,/studio/pos_error_xyz.err_z,NaN
2.2802682020000002,1759158512.751268202,/studio/pos_error_xyz.err_z,NaN
2.28050264,1759158512.751502640,/studio/pos_error_xyz.err_z,0.033473041706977735
2.283744852,1759158512.754744852,/studio/pos_error_xyz.err_z,0.033462160851162714
2.286969111,1759158512.757969111,/studio/pos_error_xyz.err_z,NaN
2.290300734,1759158512.761300734,/studio/pos_error_xyz.err_z,NaN
2.290439397,1759158512.761439397,/studio/pos_error_xyz.err_z,0.03345525555084139
2.293735679,1759158512.764735679,/studio/pos_error_xyz.err_z,0.033425356389841454
2.2970224310000003,1759158512.768022431,/studio/pos_error_xyz.err_z,NaN
2.30026755,1759158512.771267550,/studio/pos_error_xyz.err_z,NaN
2.30039102,1759158512.771391020,/studio/pos_error_xyz.err_z,0.03341614108600921
2.303611214,1759158512.774611214,/studio/pos_error_xyz.err_z,0.03337551008994821
2.306953697,1759158512.777953697,/studio/pos_error_xyz.err_z,NaN
2.310306649,1759158512.781306649,/studio/pos_error_xyz.err_z,NaN
2.3104931,1759158512.781493100,/studio/pos_error_xyz.err_z,0.03337131999844156
2.313742286,1759158512.784742286,/studio/pos_error_xyz.err_z,0.03335287054508673
2.3171561880000002,1759158512.788156188,/studio/pos_error_xyz.err_z,NaN
2.320318608,1759158512.791318608,/studio/pos_error_xyz.err_z,NaN
2.320324624,1759158512.791324624,/studio/pos_error_xyz.err_z,0.03333555263152976
2.323606105,1759158512.794606105,/studio/pos_error_xyz.err_z,0.033257666036683675
2.327076218,1759158512.798076218,/studio/pos_error_xyz.err_z,NaN
2.330291102,1759158512.801291102,/studio/pos_error_xyz.err_z,NaN
2.330676463,1759158512.801676463,/studio/pos_error_xyz.err_z,0.03323844898827555
2.333646137,1759158512.804646137,/studio/pos_error_xyz.err_z,0.03315310740954813
2.336912398,1759158512.807912398,/studio/pos_error_xyz.err_z,NaN
2.340359036,1759158512.811359036,/studio/pos_error_xyz.err_z,NaN
2.340364857,1759158512.811364857,/studio/pos_error_xyz.err_z,0.033147770725597825
2.34377554,1759158512.814775540,/studio/pos_error_xyz.err_z,0.03312389470963306
2.347037014,1759158512.818037014,/studio/pos_error_xyz.err_z,NaN
2.350333264,1759158512.821333264,/studio/pos_error_xyz.err_z,NaN
2.350363828,1759158512.821363828,/studio/pos_error_xyz.err_z,0.03310505144869169
2.3537314990000002,1759158512.824731499,/studio/pos_error_xyz.err_z,0.033020084686557816
2.3569347990000002,1759158512.827934799,/studio/pos_error_xyz.err_z,NaN
2.360274811,1759158512.831274811,/studio/pos_error_xyz.err_z,NaN
2.36036434,1759158512.831364340,/studio/pos_error_xyz.err_z,0.032998821632560515
2.363727399,1759158512.834727399,/studio/pos_error_xyz.err_z,0.03290252861145837
2.367064521,1759158512.838064521,/studio/pos_error_xyz.err_z,NaN
2.370289566,1759158512.841289566,/studio/pos_error_xyz.err_z,NaN
2.370307575,1759158512.841307575,/studio/pos_error_xyz.err_z,0.032957164783274484
2.373666822,1759158512.844666822,/studio/pos_error_xyz.err_z,0.033206743190030474
2.377013416,1759158512.848013416,/studio/pos_error_xyz.err_z,NaN
2.380285036,1759158512.851285036,/studio/pos_error_xyz.err_z,NaN
2.380329165,1759158512.851329165,/studio/pos_error_xyz.err_z,0.03319205690790139
2.383595794,1759158512.854595794,/studio/pos_error_xyz.err_z,0.03312461728179361
2.387317699,1759158512.858317699,/studio/pos_error_xyz.err_z,NaN
2.3902478780000003,1759158512.861247878,/studio/pos_error_xyz.err_z,NaN
2.390309702,1759158512.861309702,/studio/pos_error_xyz.err_z,0.03310119809866818
2.3936584720000003,1759158512.864658472,/studio/pos_error_xyz.err_z,0.032992033669054344
2.396989557,1759158512.867989557,/studio/pos_error_xyz.err_z,NaN
2.400248197,1759158512.871248197,/studio/pos_error_xyz.err_z,NaN
2.400270594,1759158512.871270594,/studio/pos_error_xyz.err_z,0.03296593161791428
2.403546142,1759158512.874546142,/studio/pos_error_xyz.err_z,0.03284178074293931
2.406879564,1759158512.877879564,/studio/pos_error_xyz.err_z,NaN
2.410271375,1759158512.881271375,/studio/pos_error_xyz.err_z,NaN
2.41032795,1759158512.881327950,/studio/pos_error_xyz.err_z,0.032829605485445335
2.413565492,1759158512.884565492,/studio/pos_error_xyz.err_z,0.032772701300530116
2.417074712,1759158512.888074712,/studio/pos_error_xyz.err_z,NaN
2.420263977,1759158512.891263977,/studio/pos_error_xyz.err_z,NaN
2.430305186,1759158512.901305186,/studio/pos_error_xyz.err_z,NaN
2.434488103,1759158512.905488103,/studio/pos_error_xyz.err_z,0.03275345992016421
2.434490901,1759158512.905490901,/studio/pos_error_xyz.err_z,0.03271684949158682
2.434493971,1759158512.905493971,/studio/pos_error_xyz.err_z,0.032680199645490404
2.434495995,1759158512.905495995,/studio/pos_error_xyz.err_z,0.03264117070292838
2.436702592,1759158512.907702592,/studio/pos_error_xyz.err_z,0.03259987767021788
2.438045516,1759158512.909045516,/studio/pos_error_xyz.err_z,0.032558616359895654
2.440301423,1759158512.911301423,/studio/pos_error_xyz.err_z,NaN
2.440887718,1759158512.911887718,/studio/pos_error_xyz.err_z,0.03252913249811362
2.444031356,1759158512.915031356,/studio/pos_error_xyz.err_z,0.032482958774027626
2.44713975,1759158512.918139750,/studio/pos_error_xyz.err_z,NaN
2.450286738,1759158512.921286738,/studio/pos_error_xyz.err_z,NaN
2.450511901,1759158512.921511901,/studio/pos_error_xyz.err_z,0.03246702518861322
2.4538172620000003,1759158512.924817262,/studio/pos_error_xyz.err_z,0.032389718500837494
2.457004407,1759158512.928004407,/studio/pos_error_xyz.err_z,NaN
2.46026997,1759158512.931269970,/studio/pos_error_xyz.err_z,NaN
2.460434696,1759158512.931434696,/studio/pos_error_xyz.err_z,0.03237071208216191
2.463628761,1759158512.934628761,/studio/pos_error_xyz.err_z,0.03227846863971506
2.466953465,1759158512.937953465,/studio/pos_error_xyz.err_z,NaN
2.47027313,1759158512.941273130,/studio/pos_error_xyz.err_z,NaN
2.470460043,1759158512.941460043,/studio/pos_error_xyz.err_z,0.03226706503415122
2.47355759,1759158512.944557590,/studio/pos_error_xyz.err_z,0.03221128712693688
2.476846186,1759158512.947846186,/studio/pos_error_xyz.err_z,NaN
2.4801496160000003,1759158512.951149616,/studio/pos_error_xyz.err_z,NaN
2.480279012,1759158512.951279012,/studio/pos_error_xyz.err_z,0.03220119451587933
2.483737882,1759158512.954737882,/studio/pos_error_xyz.err_z,0.03215149980920451
2.486941922,1759158512.957941922,/studio/pos_error_xyz.err_z,NaN
2.490252998,1759158512.961252998,/studio/pos_error_xyz.err_z,NaN
2.490291049,1759158512.961291049,/studio/pos_error_xyz.err_z,0.03214088854000097
2.493438149,1759158512.964438149,/studio/pos_error_xyz.err_z,0.032088342258033586
2.496762076,1759158512.967762076,/studio/pos_error_xyz.err_z,NaN
2.500269287,1759158512.971269287,/studio/pos_error_xyz.err_z,NaN
2.500281381,1759158512.971281381,/studio/pos_error_xyz.err_z,0.03207803509871532
2.5035252420000003,1759158512.974525242,/studio/pos_error_xyz.err_z,0.03202603268343851
2.506874973,1759158512.977874973,/studio/pos_error_xyz.err_z,NaN
2.510085973,1759158512.981085973,/studio/pos_error_xyz.err_z,NaN
2.51026238,1759158512.981262380,/studio/pos_error_xyz.err_z,0.032024673993000796
2.513428937,1759158512.984428937,/studio/pos_error_xyz.err_z,0.032017847851776304
2.517432586,1759158512.988432586,/studio/pos_error_xyz.err_z,NaN
2.520252831,1759158512.991252831,/studio/pos_error_xyz.err_z,NaN
2.520284641,1759158512.991284641,/studio/pos_error_xyz.err_z,0.03201085793828118
2.523584,1759158512.994584000,/studio/pos_error_xyz.err_z,0.03197548227556646
2.526883998,1759158512.997883998,/studio/pos_error_xyz.err_z,NaN
2.530137743,1759158513.001137743,/studio/pos_error_xyz.err_z,NaN
2.530265242,1759158513.001265242,/studio/pos_error_xyz.err_z,0.03197228645537553
2.533617688,1759158513.004617688,/studio/pos_error_xyz.err_z,0.031955958860118816
2.536793142,1759158513.007793142,/studio/pos_error_xyz.err_z,NaN
2.540101256,1759158513.011101256,/studio/pos_error_xyz.err_z,NaN
2.540284788,1759158513.011284788,/studio/pos_error_xyz.err_z,0.03194783484043362
2.543454439,1759158513.014454439,/studio/pos_error_xyz.err_z,0.031906043769664105
2.5472657830000003,1759158513.018265783,/studio/pos_error_xyz.err_z,NaN
2.550145366,1759158513.021145366,/studio/pos_error_xyz.err_z,NaN
2.550268539,1759158513.021268539,/studio/pos_error_xyz.err_z,0.03190633183404312
2.55349413,1759158513.024494130,/studio/pos_error_xyz.err_z,0.03190782880859877
2.556927682,1759158513.027927682,/studio/pos_error_xyz.err_z,NaN
2.560019118,1759158513.031019118,/studio/pos_error_xyz.err_z,NaN
2.560274784,1759158513.031274784,/studio/pos_error_xyz.err_z,0.03191214598891645
2.563498813,1759158513.034498813,/studio/pos_error_xyz.err_z,0.03193467103523617
2.5669081719999998,1759158513.037908172,/studio/pos_error_xyz.err_z,NaN
2.570191017,1759158513.041191017,/studio/pos_error_xyz.err_z,NaN
2.5702643700000003,1759158513.041264370,/studio/pos_error_xyz.err_z,0.03193927000863961
2.573510725,1759158513.044510725,/studio/pos_error_xyz.err_z,0.03196348118794967
2.5767085,1759158513.047708500,/studio/pos_error_xyz.err_z,NaN
2.580263838,1759158513.051263838,/studio/pos_error_xyz.err_z,NaN
2.580376409,1759158513.051376409,/studio/pos_error_xyz.err_z,0.03197024514123625
2.583546593,1759158513.054546593,/studio/pos_error_xyz.err_z,0.032006074898947245
2.586893481,1759158513.057893481,/studio/pos_error_xyz.err_z,NaN
2.590049587,1759158513.061049587,/studio/pos_error_xyz.err_z,NaN
2.59026367,1759158513.061263670,/studio/pos_error_xyz.err_z,0.032014420567459956
2.593427609,1759158513.064427609,/studio/pos_error_xyz.err_z,0.032058910961093146
2.596648006,1759158513.067648006,/studio/pos_error_xyz.err_z,NaN
2.600076768,1759158513.071076768,/studio/pos_error_xyz.err_z,NaN
2.600267846,1759158513.071267846,/studio/pos_error_xyz.err_z,0.03207036728812396
2.6034671879999998,1759158513.074467188,/studio/pos_error_xyz.err_z,0.032131933828884574
2.6069031860000003,1759158513.077903186,/studio/pos_error_xyz.err_z,NaN
2.610074927,1759158513.081074927,/studio/pos_error_xyz.err_z,NaN
2.610274881,1759158513.081274881,/studio/pos_error_xyz.err_z,0.03214125333686124
2.613315677,1759158513.084315677,/studio/pos_error_xyz.err_z,0.03219159913888081
2.616771049,1759158513.087771049,/studio/pos_error_xyz.err_z,NaN
2.620272469,1759158513.091272469,/studio/pos_error_xyz.err_z,NaN
2.620556407,1759158513.091556407,/studio/pos_error_xyz.err_z,0.03220206763970457
2.630291587,1759158513.101291587,/studio/pos_error_xyz.err_z,NaN
2.636642995,1759158513.107642995,/studio/pos_error_xyz.err_z,0.03222456816372099
2.636647302,1759158513.107647302,/studio/pos_error_xyz.err_z,0.03224708946544341
2.636652134,1759158513.107652134,/studio/pos_error_xyz.err_z,0.03227689087671437
2.636656108,1759158513.107656108,/studio/pos_error_xyz.err_z,0.032315124403421214
2.640294495,1759158513.111294495,/studio/pos_error_xyz.err_z,NaN
2.642334509,1759158513.113334509,/studio/pos_error_xyz.err_z,0.03235336381085219
2.642344789,1759158513.113344789,/studio/pos_error_xyz.err_z,0.032383178007617586
2.643438814,1759158513.114438814,/studio/pos_error_xyz.err_z,0.032433157558047654
2.6467819820000003,1759158513.117781982,/studio/pos_error_xyz.err_z,NaN
2.650288666,1759158513.121288666,/studio/pos_error_xyz.err_z,NaN
2.650321655,1759158513.121321655,/studio/pos_error_xyz.err_z,0.03244314790911473
2.653401883,1759158513.124401883,/studio/pos_error_xyz.err_z,0.032499064506597675
2.65674062,1759158513.127740620,/studio/pos_error_xyz.err_z,NaN
2.6600804670000002,1759158513.131080467,/studio/pos_error_xyz.err_z,NaN
2.660266243,1759158513.131266243,/studio/pos_error_xyz.err_z,0.032513141004695045
2.6634518,1759158513.134451800,/studio/pos_error_xyz.err_z,0.032592333009371366
2.666769959,1759158513.137769959,/studio/pos_error_xyz.err_z,NaN
2.669981048,1759158513.140981048,/studio/pos_error_xyz.err_z,NaN
2.670271053,1759158513.141271053,/studio/pos_error_xyz.err_z,0.03260432482041287
2.673350817,1759158513.144350817,/studio/pos_error_xyz.err_z,0.03267231595257347
2.676786121,1759158513.147786121,/studio/pos_error_xyz.err_z,NaN
2.680109387,1759158513.151109387,/studio/pos_error_xyz.err_z,NaN
2.6802696040000002,1759158513.151269604,/studio/pos_error_xyz.err_z,0.03268473965533025
2.683314199,1759158513.154314199,/studio/pos_error_xyz.err_z,0.03275561680493411
2.6866513860000003,1759158513.157651386,/studio/pos_error_xyz.err_z,NaN
2.6900202550000003,1759158513.161020255,/studio/pos_error_xyz.err_z,NaN
2.690268314,1759158513.161268314,/studio/pos_error_xyz.err_z,0.03276900890996215
2.693265466,1759158513.164265466,/studio/pos_error_xyz.err_z,0.0328462542747292
2.696619515,1759158513.167619515,/studio/pos_error_xyz.err_z,NaN
2.700264334,1759158513.171264334,/studio/pos_error_xyz.err_z,NaN
2.70108989,1759158513.172089890,/studio/pos_error_xyz.err_z,0.032860680053260705
2.703279971,1759158513.174279971,/studio/pos_error_xyz.err_z,0.03294442698884703
2.706789553,1759158513.177789553,/studio/pos_error_xyz.err_z,NaN
2.710015606,1759158513.181015606,/studio/pos_error_xyz.err_z,NaN
2.710335277,1759158513.181335277,/studio/pos_error_xyz.err_z,0.03297062231827419
2.713273008,1759158513.184273008,/studio/pos_error_xyz.err_z,0.033123696829574945
2.7166603250000003,1759158513.187660325,/studio/pos_error_xyz.err_z,NaN
2.720159507,1759158513.191159507,/studio/pos_error_xyz.err_z,NaN
2.720306296,1759158513.191306296,/studio/pos_error_xyz.err_z,0.033115725661484685
2.72338072,1759158513.194380720,/studio/pos_error_xyz.err_z,0.03306876214927401
2.726706627,1759158513.197706627,/studio/pos_error_xyz.err_z,NaN
2.729984823,1759158513.200984823,/studio/pos_error_xyz.err_z,NaN
2.7302684,1759158513.201268400,/studio/pos_error_xyz.err_z,0.03309059045395801
2.733245685,1759158513.204245685,/studio/pos_error_xyz.err_z,0.03322053082829002
2.736622677,1759158513.207622677,/studio/pos_error_xyz.err_z,NaN
2.740295806,1759158513.211295806,/studio/pos_error_xyz.err_z,NaN
2.740654542,1759158513.211654542,/studio/pos_error_xyz.err_z,0.03323509474269937
2.743833758,1759158513.214833758,/studio/pos_error_xyz.err_z,0.033322702972855556
2.746656085,1759158513.217656085,/studio/pos_error_xyz.err_z,NaN
2.7499402760000002,1759158513.220940276,/studio/pos_error_xyz.err_z,NaN
2.750279991,1759158513.221279991,/studio/pos_error_xyz.err_z,0.033326702854126644
2.753192721,1759158513.224192721,/studio/pos_error_xyz.err_z,0.033351064842236156
2.756624634,1759158513.227624634,/studio/pos_error_xyz.err_z,NaN
2.760012389,1759158513.231012389,/studio/pos_error_xyz.err_z,NaN
2.76027793,1759158513.231277930,/studio/pos_error_xyz.err_z,0.0333469298567588
2.763266013,1759158513.234266013,/studio/pos_error_xyz.err_z,0.03332171665889594
2.766568184,1759158513.237568184,/studio/pos_error_xyz.err_z,NaN
2.769889245,1759158513.240889245,/studio/pos_error_xyz.err_z,NaN
2.770269068,1759158513.241269068,/studio/pos_error_xyz.err_z,0.0333786178016533
2.7732267520000002,1759158513.244226752,/studio/pos_error_xyz.err_z,0.033729591737266196
2.776616094,1759158513.247616094,/studio/pos_error_xyz.err_z,NaN
2.779892878,1759158513.250892878,/studio/pos_error_xyz.err_z,NaN
2.780276642,1759158513.251276642,/studio/pos_error_xyz.err_z,0.03376026798265097
2.783260755,1759158513.254260755,/studio/pos_error_xyz.err_z,0.033950599884345456
2.786588295,1759158513.257588295,/studio/pos_error_xyz.err_z,NaN
2.7899390520000003,1759158513.260939052,/studio/pos_error_xyz.err_z,NaN
2.79027034,1759158513.261270340,/studio/pos_error_xyz.err_z,0.033931942253101255
2.793262533,1759158513.264262533,/studio/pos_error_xyz.err_z,0.03381514931871754
2.796665801,1759158513.267665801,/studio/pos_error_xyz.err_z,NaN
2.7998973129999998,1759158513.270897313,/studio/pos_error_xyz.err_z,NaN
2.80027282,1759158513.271272820,/studio/pos_error_xyz.err_z,0.03397864495169678
2.803157289,1759158513.274157289,/studio/pos_error_xyz.err_z,0.03500892113431586
2.806635511,1759158513.277635511,/studio/pos_error_xyz.err_z,NaN
2.809870954,1759158513.280870954,/studio/pos_error_xyz.err_z,NaN
2.810271295,1759158513.281271295,/studio/pos_error_xyz.err_z,0.035058614296338275
2.813266688,1759158513.284266688,/studio/pos_error_xyz.err_z,0.03537448540473909
2.816472686,1759158513.287472686,/studio/pos_error_xyz.err_z,NaN
2.819795137,1759158513.290795137,/studio/pos_error_xyz.err_z,NaN
2.820322001,1759158513.291322001,/studio/pos_error_xyz.err_z,0.03538921556689223
2.823293832,1759158513.294293832,/studio/pos_error_xyz.err_z,0.035483837469565405
2.830310343,1759158513.301310343,/studio/pos_error_xyz.err_z,NaN
2.8397742,1759158513.310774200,/studio/pos_error_xyz.err_z,NaN
2.83978307,1759158513.310783070,/studio/pos_error_xyz.err_z,0.035529463534319294
2.839786181,1759158513.310786181,/studio/pos_error_xyz.err_z,0.03564294441746996
2.839791343,1759158513.310791343,/studio/pos_error_xyz.err_z,0.035756346815417395
2.840296839,1759158513.311296839,/studio/pos_error_xyz.err_z,NaN
2.84635061,1759158513.317350610,/studio/pos_error_xyz.err_z,0.03579801670918803
2.846353517,1759158513.317353517,/studio/pos_error_xyz.err_z,0.0357315496442665
2.847256303,1759158513.318256303,/studio/pos_error_xyz.err_z,0.03566511835004249
2.849881515,1759158513.320881515,/studio/pos_error_xyz.err_z,0.03562479966454779
2.850277374,1759158513.321277374,/studio/pos_error_xyz.err_z,0.03560554885510192
2.8533439080000003,1759158513.324343908,/studio/pos_error_xyz.err_z,0.03547826460449888
2.856702885,1759158513.327702885,/studio/pos_error_xyz.err_z,NaN
2.859865828,1759158513.330865828,/studio/pos_error_xyz.err_z,NaN
2.86029944,1759158513.331299440,/studio/pos_error_xyz.err_z,0.03546959425105434
2.863323163,1759158513.334323163,/studio/pos_error_xyz.err_z,0.03541192722746911
2.866597171,1759158513.337597171,/studio/pos_error_xyz.err_z,NaN
2.869730304,1759158513.340730304,/studio/pos_error_xyz.err_z,NaN
2.87027082,1759158513.341270820,/studio/pos_error_xyz.err_z,0.03543145305443929
2.873060242,1759158513.344060242,/studio/pos_error_xyz.err_z,0.03556234270858938
2.876528749,1759158513.347528749,/studio/pos_error_xyz.err_z,NaN
2.87981164,1759158513.350811640,/studio/pos_error_xyz.err_z,NaN
2.880275997,1759158513.351275997,/studio/pos_error_xyz.err_z,0.03558048973761907
2.883157921,1759158513.354157921,/studio/pos_error_xyz.err_z,0.0357032554170118
2.8864581400000002,1759158513.357458140,/studio/pos_error_xyz.err_z,NaN
2.8897360670000003,1759158513.360736067,/studio/pos_error_xyz.err_z,NaN
2.890339996,1759158513.361339996,/studio/pos_error_xyz.err_z,0.03571143871934401
2.893152418,1759158513.364152418,/studio/pos_error_xyz.err_z,0.035767382033361717
2.89646068,1759158513.367460680,/studio/pos_error_xyz.err_z,NaN
2.8998685340000003,1759158513.370868534,/studio/pos_error_xyz.err_z,NaN
2.900271483,1759158513.371271483,/studio/pos_error_xyz.err_z,0.03578009779307978
2.903027187,1759158513.374027187,/studio/pos_error_xyz.err_z,0.035867670431833476
2.9064508360000003,1759158513.377450836,/studio/pos_error_xyz.err_z,NaN
2.909890868,1759158513.380890868,/studio/pos_error_xyz.err_z,NaN
2.910314189,1759158513.381314189,/studio/pos_error_xyz.err_z,0.03589804188391921
2.91316118,1759158513.384161180,/studio/pos_error_xyz.err_z,0.036109220221941074
2.91651059,1759158513.387510590,/studio/pos_error_xyz.err_z,NaN
2.919696833,1759158513.390696833,/studio/pos_error_xyz.err_z,NaN
2.920274834,1759158513.391274834,/studio/pos_error_xyz.err_z,0.03612582272016995
2.9231116640000003,1759158513.394111664,/studio/pos_error_xyz.err_z,0.036242569384664636
2.9269797,1759158513.397979700,/studio/pos_error_xyz.err_z,NaN
2.92992029,1759158513.400920290,/studio/pos_error_xyz.err_z,NaN
2.930304763,1759158513.401304763,/studio/pos_error_xyz.err_z,0.03624862628112413
2.933059633,1759158513.404059633,/studio/pos_error_xyz.err_z,0.03629155511488236
2.936346371,1759158513.407346371,/studio/pos_error_xyz.err_z,NaN
2.939677092,1759158513.410677092,/studio/pos_error_xyz.err_z,NaN
2.940314197,1759158513.411314197,/studio/pos_error_xyz.err_z,0.03631457783336378
2.943151051,1759158513.414151051,/studio/pos_error_xyz.err_z,0.036479042270741946
2.946460487,1759158513.417460487,/studio/pos_error_xyz.err_z,NaN
2.949843301,1759158513.420843301,/studio/pos_error_xyz.err_z,NaN
2.950273847,1759158513.421273847,/studio/pos_error_xyz.err_z,0.03649611625544691
2.953026786,1759158513.424026786,/studio/pos_error_xyz.err_z,0.03661963800139478
2.956393803,1759158513.427393803,/studio/pos_error_xyz.err_z,NaN
2.959731236,1759158513.430731236,/studio/pos_error_xyz.err_z,NaN
2.960268755,1759158513.431268755,/studio/pos_error_xyz.err_z,0.03661929726677848
2.963083765,1759158513.434083765,/studio/pos_error_xyz.err_z,0.03661681512279724
2.966313134,1759158513.437313134,/studio/pos_error_xyz.err_z,NaN
2.969815161,1759158513.440815161,/studio/pos_error_xyz.err_z,NaN
2.9703195950000003,1759158513.441319595,/studio/pos_error_xyz.err_z,0.036621991052542935
2.972991001,1759158513.443991001,/studio/pos_error_xyz.err_z,0.03666009688976879
2.976563515,1759158513.447563515,/studio/pos_error_xyz.err_z,NaN
2.979768709,1759158513.450768709,/studio/pos_error_xyz.err_z,NaN
2.980322317,1759158513.451322317,/studio/pos_error_xyz.err_z,0.03665691435839635
2.982968206,1759158513.453968206,/studio/pos_error_xyz.err_z,0.036632559044958546
2.986542758,1759158513.457542758,/studio/pos_error_xyz.err_z,NaN
2.989790898,1759158513.460790898,/studio/pos_error_xyz.err_z,NaN
2.990329253,1759158513.461329253,/studio/pos_error_xyz.err_z,0.03662679953306247
2.993328607,1759158513.464328607,/studio/pos_error_xyz.err_z,0.0365834201531936
2.9964509340000003,1759158513.467450934,/studio/pos_error_xyz.err_z,NaN
2.9998015590000002,1759158513.470801559,/studio/pos_error_xyz.err_z,NaN
3.000322887,1759158513.471322887,/studio/pos_error_xyz.err_z,0.0365592471745666
3.003063513,1759158513.474063513,/studio/pos_error_xyz.err_z,0.03637047808798077
3.006374493,1759158513.477374493,/studio/pos_error_xyz.err_z,NaN
3.00984146,1759158513.480841460,/studio/pos_error_xyz.err_z,NaN
3.01030608,1759158513.481306080,/studio/pos_error_xyz.err_z,0.036354372739795915
3.013136317,1759158513.484136317,/studio/pos_error_xyz.err_z,0.03622509003971386
3.016418326,1759158513.487418326,/studio/pos_error_xyz.err_z,NaN
3.019599498,1759158513.490599498,/studio/pos_error_xyz.err_z,NaN
3.020319873,1759158513.491319873,/studio/pos_error_xyz.err_z,0.03616855510993666
3.023015197,1759158513.494015197,/studio/pos_error_xyz.err_z,0.035716253429938005
3.026352259,1759158513.497352259,/studio/pos_error_xyz.err_z,NaN
3.030142717,1759158513.501142717,/studio/pos_error_xyz.err_z,NaN
3.030309737,1759158513.501309737,/studio/pos_error_xyz.err_z,0.035673828846414235
3.040308397,1759158513.511308397,/studio/pos_error_xyz.err_z,NaN
3.047560937,1759158513.518560937,/studio/pos_error_xyz.err_z,0.03554459963422474
3.047563456,1759158513.518563456,/studio/pos_error_xyz.err_z,0.03541558879845974
3.0475659840000002,1759158513.518565984,/studio/pos_error_xyz.err_z,0.03528959931185338
3.047569517,1759158513.518569517,/studio/pos_error_xyz.err_z,0.03516998241019609
3.05017357,1759158513.521173570,/studio/pos_error_xyz.err_z,0.03505050340075555
3.050176371,1759158513.521176371,/studio/pos_error_xyz.err_z,0.034970627035976865
3.050292293,1759158513.521292293,/studio/pos_error_xyz.err_z,0.03492151510376007
3.052963181,1759158513.523963181,/studio/pos_error_xyz.err_z,0.03452692691461201
3.056282869,1759158513.527282869,/studio/pos_error_xyz.err_z,NaN
3.059544961,1759158513.530544961,/studio/pos_error_xyz.err_z,NaN
3.06027176,1759158513.531271760,/studio/pos_error_xyz.err_z,0.03448417885980071
3.063328688,1759158513.534328688,/studio/pos_error_xyz.err_z,0.03413827111975021
3.066405245,1759158513.537405245,/studio/pos_error_xyz.err_z,NaN
3.069652147,1759158513.540652147,/studio/pos_error_xyz.err_z,NaN
3.070270263,1759158513.541270263,/studio/pos_error_xyz.err_z,0.034072857697301284
3.073036575,1759158513.544036575,/studio/pos_error_xyz.err_z,0.03354190042866989
3.076259945,1759158513.547259945,/studio/pos_error_xyz.err_z,NaN
3.079637489,1759158513.550637489,/studio/pos_error_xyz.err_z,NaN
3.080314133,1759158513.551314133,/studio/pos_error_xyz.err_z,0.033474088786103584
3.083071745,1759158513.554071745,/studio/pos_error_xyz.err_z,0.032918850055733806
3.086466459,1759158513.557466459,/studio/pos_error_xyz.err_z,NaN
3.090313893,1759158513.561313893,/studio/pos_error_xyz.err_z,NaN
3.092096978,1759158513.563096978,/studio/pos_error_xyz.err_z,0.03286131396801917
3.094028541,1759158513.565028541,/studio/pos_error_xyz.err_z,0.03238631402491787
3.097346748,1759158513.568346748,/studio/pos_error_xyz.err_z,NaN
3.099712778,1759158513.570712778,/studio/pos_error_xyz.err_z,NaN
3.100315685,1759158513.571315685,/studio/pos_error_xyz.err_z,0.03232410994306312
3.102968641,1759158513.573968641,/studio/pos_error_xyz.err_z,0.031809014012915915
3.106631389,1759158513.577631389,/studio/pos_error_xyz.err_z,NaN
3.110343672,1759158513.581343672,/studio/pos_error_xyz.err_z,NaN
3.110353781,1759158513.581353781,/studio/pos_error_xyz.err_z,0.031731764341021984
3.11293069,1759158513.583930690,/studio/pos_error_xyz.err_z,0.031082811321176296
3.116262092,1759158513.587262092,/studio/pos_error_xyz.err_z,NaN
3.119958301,1759158513.590958301,/studio/pos_error_xyz.err_z,NaN
3.120268287,1759158513.591268287,/studio/pos_error_xyz.err_z,0.031011620192376244
3.122918821,1759158513.593918821,/studio/pos_error_xyz.err_z,0.03040602791862712
3.126243589,1759158513.597243589,/studio/pos_error_xyz.err_z,NaN
3.12956658,1759158513.600566580,/studio/pos_error_xyz.err_z,NaN
3.130283955,1759158513.601283955,/studio/pos_error_xyz.err_z,0.030343034508220512
3.133031395,1759158513.604031395,/studio/pos_error_xyz.err_z,0.02980076765345485
3.136308205,1759158513.607308205,/studio/pos_error_xyz.err_z,NaN
3.139680479,1759158513.610680479,/studio/pos_error_xyz.err_z,NaN
3.140346285,1759158513.611346285,/studio/pos_error_xyz.err_z,0.029717437014472603
3.142827675,1759158513.613827675,/studio/pos_error_xyz.err_z,0.02898422736320172
3.146236934,1759158513.617236934,/studio/pos_error_xyz.err_z,NaN
3.14954949,1759158513.620549490,/studio/pos_error_xyz.err_z,NaN
3.150279048,1759158513.621279048,/studio/pos_error_xyz.err_z,NaN
3.152837119,1759158513.623837119,/studio/pos_error_xyz.err_z,0.02817205173709736
3.156226174,1759158513.627226174,/studio/pos_error_xyz.err_z,NaN
3.160015842,1759158513.631015842,/studio/pos_error_xyz.err_z,NaN
3.160275704,1759158513.631275704,/studio/pos_error_xyz.err_z,0.028083041634776595
3.162879019,1759158513.633879019,/studio/pos_error_xyz.err_z,0.027287251900945275
3.166435468,1759158513.637435468,/studio/pos_error_xyz.err_z,NaN
3.169796071,1759158513.640796071,/studio/pos_error_xyz.err_z,NaN
3.170265845,1759158513.641265845,/studio/pos_error_xyz.err_z,0.027207108703418026
3.1729529100000002,1759158513.643952910,/studio/pos_error_xyz.err_z,0.02649022810766022
3.176255307,1759158513.647255307,/studio/pos_error_xyz.err_z,NaN
3.17967789,1759158513.650677890,/studio/pos_error_xyz.err_z,NaN
3.180274095,1759158513.651274095,/studio/pos_error_xyz.err_z,NaN
3.183478841,1759158513.654478841,/studio/pos_error_xyz.err_z,0.02569837677992748
3.186142738,1759158513.657142738,/studio/pos_error_xyz.err_z,NaN
3.189919106,1759158513.660919106,/studio/pos_error_xyz.err_z,NaN
3.1903292,1759158513.661329200,/studio/pos_error_xyz.err_z,NaN
3.192795747,1759158513.663795747,/studio/pos_error_xyz.err_z,0.024968037656727615
3.1961380679999998,1759158513.667138068,/studio/pos_error_xyz.err_z,NaN
3.199530348,1759158513.670530348,/studio/pos_error_xyz.err_z,NaN
3.200317102,1759158513.671317102,/studio/pos_error_xyz.err_z,NaN
3.202939017,1759158513.673939017,/studio/pos_error_xyz.err_z,0.02440679710553484
3.206296125,1759158513.677296125,/studio/pos_error_xyz.err_z,NaN
3.209457199,1759158513.680457199,/studio/pos_error_xyz.err_z,NaN
3.210266308,1759158513.681266308,/studio/pos_error_xyz.err_z,NaN
3.212729098,1759158513.683729098,/studio/pos_error_xyz.err_z,0.023738729090345245
3.216254368,1759158513.687254368,/studio/pos_error_xyz.err_z,NaN
3.219443178,1759158513.690443178,/studio/pos_error_xyz.err_z,NaN
3.220265317,1759158513.691265317,/studio/pos_error_xyz.err_z,NaN
3.223501845,1759158513.694501845,/studio/pos_error_xyz.err_z,0.02315250987585893
3.226356849,1759158513.697356849,/studio/pos_error_xyz.err_z,NaN
3.230284364,1759158513.701284364,/studio/pos_error_xyz.err_z,NaN
3.230351304,1759158513.701351304,/studio/pos_error_xyz.err_z,NaN
3.2328136880000002,1759158513.703813688,/studio/pos_error_xyz.err_z,0.022765552558500435
3.237004979,1759158513.708004979,/studio/pos_error_xyz.err_z,NaN
3.240293456,1759158513.711293456,/studio/pos_error_xyz.err_z,NaN
3.250294968,1759158513.721294968,/studio/pos_error_xyz.err_z,NaN
3.255929596,1759158513.726929596,/studio/pos_error_xyz.err_z,NaN
3.255932862,1759158513.726932862,/studio/pos_error_xyz.err_z,0.022590707471913607
3.255936393,1759158513.726936393,/studio/pos_error_xyz.err_z,0.022453962234631586
3.255942777,1759158513.726942777,/studio/pos_error_xyz.err_z,0.022290137730289983
3.260284816,1759158513.731284816,/studio/pos_error_xyz.err_z,NaN
3.260322144,1759158513.731322144,/studio/pos_error_xyz.err_z,0.022055243560008986
3.260324745,1759158513.731324745,/studio/pos_error_xyz.err_z,0.021820096387852095
3.261819356,1759158513.732819356,/studio/pos_error_xyz.err_z,0.021614454905959368
3.263538967,1759158513.734538967,/studio/pos_error_xyz.err_z,0.021349199206284197
3.266097469,1759158513.737097469,/studio/pos_error_xyz.err_z,NaN
3.2694231670000002,1759158513.740423167,/studio/pos_error_xyz.err_z,NaN
3.270285201,1759158513.741285201,/studio/pos_error_xyz.err_z,NaN
3.272779491,1759158513.743779491,/studio/pos_error_xyz.err_z,0.021352783690967048
3.276191836,1759158513.747191836,/studio/pos_error_xyz.err_z,NaN
3.279473666,1759158513.750473666,/studio/pos_error_xyz.err_z,NaN
3.28026519,1759158513.751265190,/studio/pos_error_xyz.err_z,NaN
3.282852409,1759158513.753852409,/studio/pos_error_xyz.err_z,0.021104843979016907
3.286093049,1759158513.757093049,/studio/pos_error_xyz.err_z,0.02076485052148369
3.289502128,1759158513.760502128,/studio/pos_error_xyz.err_z,NaN
3.290266998,1759158513.761266998,/studio/pos_error_xyz.err_z,NaN
3.292845844,1759158513.763845844,/studio/pos_error_xyz.err_z,0.02096243315828339
3.296112056,1759158513.767112056,/studio/pos_error_xyz.err_z,NaN
3.299314105,1759158513.770314105,/studio/pos_error_xyz.err_z,NaN
3.300294433,1759158513.771294433,/studio/pos_error_xyz.err_z,NaN
3.302662628,1759158513.773662628,/studio/pos_error_xyz.err_z,0.02122794739560918
3.306033839,1759158513.777033839,/studio/pos_error_xyz.err_z,NaN
3.309316516,1759158513.780316516,/studio/pos_error_xyz.err_z,NaN
3.3102715480000002,1759158513.781271548,/studio/pos_error_xyz.err_z,NaN
3.312730471,1759158513.783730471,/studio/pos_error_xyz.err_z,0.02168608427366525
3.315967907,1759158513.786967907,/studio/pos_error_xyz.err_z,NaN
3.31930221,1759158513.790302210,/studio/pos_error_xyz.err_z,NaN
3.3202757529999998,1759158513.791275753,/studio/pos_error_xyz.err_z,NaN
3.322728943,1759158513.793728943,/studio/pos_error_xyz.err_z,0.022447538664102096
3.325984857,1759158513.796984857,/studio/pos_error_xyz.err_z,NaN
3.329436722,1759158513.800436722,/studio/pos_error_xyz.err_z,NaN
3.330262372,1759158513.801262372,/studio/pos_error_xyz.err_z,NaN
3.332596982,1759158513.803596982,/studio/pos_error_xyz.err_z,0.02320193904474155
3.336668583,1759158513.807668583,/studio/pos_error_xyz.err_z,NaN
3.33934625,1759158513.810346250,/studio/pos_error_xyz.err_z,NaN
3.340316862,1759158513.811316862,/studio/pos_error_xyz.err_z,NaN
3.342705579,1759158513.813705579,/studio/pos_error_xyz.err_z,0.024331772303641808
3.346006075,1759158513.817006075,/studio/pos_error_xyz.err_z,NaN
3.349367717,1759158513.820367717,/studio/pos_error_xyz.err_z,NaN
3.350268707,1759158513.821268707,/studio/pos_error_xyz.err_z,NaN
3.352657108,1759158513.823657108,/studio/pos_error_xyz.err_z,0.025922481517648865
3.356151716,1759158513.827151716,/studio/pos_error_xyz.err_z,NaN
3.359397128,1759158513.830397128,/studio/pos_error_xyz.err_z,NaN
3.360260722,1759158513.831260722,/studio/pos_error_xyz.err_z,NaN
3.362820339,1759158513.833820339,/studio/pos_error_xyz.err_z,0.027198051813864144
3.366174768,1759158513.837174768,/studio/pos_error_xyz.err_z,NaN
3.369470848,1759158513.840470848,/studio/pos_error_xyz.err_z,NaN
3.370314145,1759158513.841314145,/studio/pos_error_xyz.err_z,NaN
3.372672482,1759158513.843672482,/studio/pos_error_xyz.err_z,0.0285974065760759
3.376285478,1759158513.847285478,/studio/pos_error_xyz.err_z,NaN
3.3792524,1759158513.850252400,/studio/pos_error_xyz.err_z,NaN
3.380264914,1759158513.851264914,/studio/pos_error_xyz.err_z,NaN
3.382653771,1759158513.853653771,/studio/pos_error_xyz.err_z,0.030789183291284772
3.386028462,1759158513.857028462,/studio/pos_error_xyz.err_z,NaN
3.389306533,1759158513.860306533,/studio/pos_error_xyz.err_z,NaN
3.3902697330000002,1759158513.861269733,/studio/pos_error_xyz.err_z,NaN
3.392580705,1759158513.863580705,/studio/pos_error_xyz.err_z,0.03313353802923147
3.395992744,1759158513.866992744,/studio/pos_error_xyz.err_z,NaN
3.399309896,1759158513.870309896,/studio/pos_error_xyz.err_z,NaN
3.400260148,1759158513.871260148,/studio/pos_error_xyz.err_z,NaN
3.402773023,1759158513.873773023,/studio/pos_error_xyz.err_z,0.03628509575379324
3.40594812,1759158513.876948120,/studio/pos_error_xyz.err_z,NaN
3.4092518480000003,1759158513.880251848,/studio/pos_error_xyz.err_z,NaN
3.410261059,1759158513.881261059,/studio/pos_error_xyz.err_z,NaN
3.412623776,1759158513.883623776,/studio/pos_error_xyz.err_z,0.03906673134887262
3.415942715,1759158513.886942715,/studio/pos_error_xyz.err_z,NaN
3.419338232,1759158513.890338232,/studio/pos_error_xyz.err_z,NaN
3.420268837,1759158513.891268837,/studio/pos_error_xyz.err_z,NaN
3.422751141,1759158513.893751141,/studio/pos_error_xyz.err_z,0.04220950542759372
3.426065176,1759158513.897065176,/studio/pos_error_xyz.err_z,NaN
3.429535152,1759158513.900535152,/studio/pos_error_xyz.err_z,NaN
3.43030116,1759158513.901301160,/studio/pos_error_xyz.err_z,NaN
3.432615244,1759158513.903615244,/studio/pos_error_xyz.err_z,0.04574855589385329
3.435972417,1759158513.906972417,/studio/pos_error_xyz.err_z,NaN
3.439839096,1759158513.910839096,/studio/pos_error_xyz.err_z,NaN
3.440278359,1759158513.911278359,/studio/pos_error_xyz.err_z,NaN
3.45030761,1759158513.921307610,/studio/pos_error_xyz.err_z,NaN
3.4564720490000003,1759158513.927472049,/studio/pos_error_xyz.err_z,0.047255584971207076
3.456475063,1759158513.927475063,/studio/pos_error_xyz.err_z,0.048491014142679534
3.456477826,1759158513.927477826,/studio/pos_error_xyz.err_z,0.04972680694355214
3.456481674,1759158513.927481674,/studio/pos_error_xyz.err_z,0.050960549351033224
3.460278703,1759158513.931278703,/studio/pos_error_xyz.err_z,NaN
3.460441157,1759158513.931441157,/studio/pos_error_xyz.err_z,0.05219410211245967
3.46044672,1759158513.931446720,/studio/pos_error_xyz.err_z,0.05345753775724704
3.462682845,1759158513.933682845,/studio/pos_error_xyz.err_z,0.05728985318964108
3.465851792,1759158513.936851792,/studio/pos_error_xyz.err_z,NaN
3.470291665,1759158513.941291665,/studio/pos_error_xyz.err_z,NaN
3.470300203,1759158513.941300203,/studio/pos_error_xyz.err_z,NaN
3.472619442,1759158513.943619442,/studio/pos_error_xyz.err_z,0.062341566617676314
3.476116067,1759158513.947116067,/studio/pos_error_xyz.err_z,NaN
3.479216576,1759158513.950216576,/studio/pos_error_xyz.err_z,NaN
3.480261178,1759158513.951261178,/studio/pos_error_xyz.err_z,NaN
3.482801914,1759158513.953801914,/studio/pos_error_xyz.err_z,0.06718824418134162
3.486102535,1759158513.957102535,/studio/pos_error_xyz.err_z,NaN
3.489120154,1759158513.960120154,/studio/pos_error_xyz.err_z,NaN
3.490256879,1759158513.961256879,/studio/pos_error_xyz.err_z,NaN
3.492542611,1759158513.963542611,/studio/pos_error_xyz.err_z,0.07251471169009283
3.495930772,1759158513.966930772,/studio/pos_error_xyz.err_z,NaN
3.49923741,1759158513.970237410,/studio/pos_error_xyz.err_z,NaN
3.500271421,1759158513.971271421,/studio/pos_error_xyz.err_z,NaN
3.502702928,1759158513.973702928,/studio/pos_error_xyz.err_z,0.07804257254726132
3.505981558,1759158513.976981558,/studio/pos_error_xyz.err_z,NaN
3.5092821350000003,1759158513.980282135,/studio/pos_error_xyz.err_z,NaN
3.510259339,1759158513.981259339,/studio/pos_error_xyz.err_z,NaN
3.512621879,1759158513.983621879,/studio/pos_error_xyz.err_z,0.0803385538700625
3.515913796,1759158513.986913796,/studio/pos_error_xyz.err_z,0.08380237604954077
3.519207088,1759158513.990207088,/studio/pos_error_xyz.err_z,NaN
3.520266044,1759158513.991266044,/studio/pos_error_xyz.err_z,NaN
3.522642473,1759158513.993642473,/studio/pos_error_xyz.err_z,0.08970512085651428
3.525877296,1759158513.996877296,/studio/pos_error_xyz.err_z,NaN
3.529195294,1759158514.000195294,/studio/pos_error_xyz.err_z,NaN
3.530259972,1759158514.001259972,/studio/pos_error_xyz.err_z,NaN
3.5324876080000003,1759158514.003487608,/studio/pos_error_xyz.err_z,0.09192603433414259
3.535792566,1759158514.006792566,/studio/pos_error_xyz.err_z,0.09530023011035627
3.5392737,1759158514.010273700,/studio/pos_error_xyz.err_z,NaN
3.540287009,1759158514.011287009,/studio/pos_error_xyz.err_z,NaN
3.542581169,1759158514.013581169,/studio/pos_error_xyz.err_z,0.10218513282638408
3.545788622,1759158514.016788622,/studio/pos_error_xyz.err_z,NaN
3.549176663,1759158514.020176663,/studio/pos_error_xyz.err_z,NaN
3.550264632,1759158514.021264632,/studio/pos_error_xyz.err_z,NaN
3.552514777,1759158514.023514777,/studio/pos_error_xyz.err_z,0.10909647333791961
3.555738774,1759158514.026738774,/studio/pos_error_xyz.err_z,NaN
3.5591102130000003,1759158514.030110213,/studio/pos_error_xyz.err_z,NaN
3.5602637,1759158514.031263700,/studio/pos_error_xyz.err_z,NaN
3.562647651,1759158514.033647651,/studio/pos_error_xyz.err_z,0.11585367897333887
3.565799786,1759158514.036799786,/studio/pos_error_xyz.err_z,NaN
3.569116311,1759158514.040116311,/studio/pos_error_xyz.err_z,NaN
3.5703082569999998,1759158514.041308257,/studio/pos_error_xyz.err_z,NaN
3.5723797040000003,1759158514.043379704,/studio/pos_error_xyz.err_z,0.12351885736386325
3.575843248,1759158514.046843248,/studio/pos_error_xyz.err_z,NaN
3.579092337,1759158514.050092337,/studio/pos_error_xyz.err_z,NaN
3.580268699,1759158514.051268699,/studio/pos_error_xyz.err_z,NaN
3.582489968,1759158514.053489968,/studio/pos_error_xyz.err_z,0.1304062781755233
3.585689586,1759158514.056689586,/studio/pos_error_xyz.err_z,NaN
3.58904934,1759158514.060049340,/studio/pos_error_xyz.err_z,NaN
3.590313963,1759158514.061313963,/studio/pos_error_xyz.err_z,NaN
3.592454978,1759158514.063454978,/studio/pos_error_xyz.err_z,0.13776927184018617
3.59570206,1759158514.066702060,/studio/pos_error_xyz.err_z,NaN
3.5991009910000002,1759158514.070100991,/studio/pos_error_xyz.err_z,NaN
3.600271334,1759158514.071271334,/studio/pos_error_xyz.err_z,NaN
3.602439291,1759158514.073439291,/studio/pos_error_xyz.err_z,0.1458056835949213
3.6061115,1759158514.077111500,/studio/pos_error_xyz.err_z,NaN
3.60931122,1759158514.080311220,/studio/pos_error_xyz.err_z,NaN
3.610271537,1759158514.081271537,/studio/pos_error_xyz.err_z,NaN
3.6124505239999998,1759158514.083450524,/studio/pos_error_xyz.err_z,0.1528597091857118
3.615946401,1759158514.086946401,/studio/pos_error_xyz.err_z,NaN
3.619017089,1759158514.090017089,/studio/pos_error_xyz.err_z,NaN
3.620282821,1759158514.091282821,/studio/pos_error_xyz.err_z,NaN
3.622450903,1759158514.093450903,/studio/pos_error_xyz.err_z,0.15589818068119587
3.62575003,1759158514.096750030,/studio/pos_error_xyz.err_z,0.16069855588953885
3.629140678,1759158514.100140678,/studio/pos_error_xyz.err_z,NaN
3.630299306,1759158514.101299306,/studio/pos_error_xyz.err_z,NaN
3.632300653,1759158514.103300653,/studio/pos_error_xyz.err_z,0.16793403489978664
3.6357575520000003,1759158514.106757552,/studio/pos_error_xyz.err_z,NaN
3.638978025,1759158514.109978025,/studio/pos_error_xyz.err_z,NaN
3.640327454,1759158514.111327454,/studio/pos_error_xyz.err_z,NaN
3.642387036,1759158514.113387036,/studio/pos_error_xyz.err_z,0.17517026747113418
3.646645435,1759158514.117645435,/studio/pos_error_xyz.err_z,NaN
3.650279211,1759158514.121279211,/studio/pos_error_xyz.err_z,NaN
3.660356818,1759158514.131356818,/studio/pos_error_xyz.err_z,NaN
3.66254411,1759158514.133544110,/studio/pos_error_xyz.err_z,NaN
3.662546272,1759158514.133546272,/studio/pos_error_xyz.err_z,0.1780105474724032
3.662552509,1759158514.133552509,/studio/pos_error_xyz.err_z,0.180473031999693
3.662554937,1759158514.133554937,/studio/pos_error_xyz.err_z,0.18289819584250955
3.665788949,1759158514.136788949,/studio/pos_error_xyz.err_z,0.18509990723607683
3.666578651,1759158514.137578651,/studio/pos_error_xyz.err_z,0.18730382135768142
3.669030571,1759158514.140030571,/studio/pos_error_xyz.err_z,0.18920426733199647
3.670273824,1759158514.141273824,/studio/pos_error_xyz.err_z,NaN
3.672326925,1759158514.143326925,/studio/pos_error_xyz.err_z,0.19612771427119124
3.675569867,1759158514.146569867,/studio/pos_error_xyz.err_z,NaN
3.679006581,1759158514.150006581,/studio/pos_error_xyz.err_z,NaN
3.680269338,1759158514.151269338,/studio/pos_error_xyz.err_z,NaN
3.682458576,1759158514.153458576,/studio/pos_error_xyz.err_z,0.20310367496909465
3.685714113,1759158514.156714113,/studio/pos_error_xyz.err_z,NaN
3.6892271130000003,1759158514.160227113,/studio/pos_error_xyz.err_z,NaN
3.690265522,1759158514.161265522,/studio/pos_error_xyz.err_z,NaN
3.6923196369999998,1759158514.163319637,/studio/pos_error_xyz.err_z,0.20573433655357842
3.695648463,1759158514.166648463,/studio/pos_error_xyz.err_z,0.21000741616151308
3.699006695,1759158514.170006695,/studio/pos_error_xyz.err_z,NaN
3.700258351,1759158514.171258351,/studio/pos_error_xyz.err_z,NaN
3.702375929,1759158514.173375929,/studio/pos_error_xyz.err_z,0.2125340828571587
3.705623746,1759158514.176623746,/studio/pos_error_xyz.err_z,0.21665666449148624
3.70893855,1759158514.179938550,/studio/pos_error_xyz.err_z,NaN
3.710259648,1759158514.181259648,/studio/pos_error_xyz.err_z,NaN
3.712317374,1759158514.183317374,/studio/pos_error_xyz.err_z,0.223062182090088
3.7156452470000003,1759158514.186645247,/studio/pos_error_xyz.err_z,NaN
3.719282001,1759158514.190282001,/studio/pos_error_xyz.err_z,NaN
3.720268287,1759158514.191268287,/studio/pos_error_xyz.err_z,NaN
3.722795102,1759158514.193795102,/studio/pos_error_xyz.err_z,0.2295617417106388
3.72559692,1759158514.196596920,/studio/pos_error_xyz.err_z,NaN
3.728935566,1759158514.199935566,/studio/pos_error_xyz.err_z,NaN
3.73029352,1759158514.201293520,/studio/pos_error_xyz.err_z,NaN
3.732289172,1759158514.203289172,/studio/pos_error_xyz.err_z,0.23192667738042272
3.735717761,1759158514.206717761,/studio/pos_error_xyz.err_z,0.2358349303491598
3.739166846,1759158514.210166846,/studio/pos_error_xyz.err_z,NaN
3.740280733,1759158514.211280733,/studio/pos_error_xyz.err_z,NaN
3.742388515,1759158514.213388515,/studio/pos_error_xyz.err_z,0.24170176867845905
3.7462664400000003,1759158514.217266440,/studio/pos_error_xyz.err_z,NaN
3.749082038,1759158514.220082038,/studio/pos_error_xyz.err_z,NaN
3.75030015,1759158514.221300150,/studio/pos_error_xyz.err_z,NaN
3.75225843,1759158514.223258430,/studio/pos_error_xyz.err_z,0.24726516643937457
3.755624109,1759158514.226624109,/studio/pos_error_xyz.err_z,NaN
3.758846161,1759158514.229846161,/studio/pos_error_xyz.err_z,NaN
3.760265304,1759158514.231265304,/studio/pos_error_xyz.err_z,NaN
3.762397243,1759158514.233397243,/studio/pos_error_xyz.err_z,0.24924168067607444
3.765714504,1759158514.236714504,/studio/pos_error_xyz.err_z,0.2525528714942784
3.768821416,1759158514.239821416,/studio/pos_error_xyz.err_z,NaN
3.770268331,1759158514.241268331,/studio/pos_error_xyz.err_z,NaN
3.772544443,1759158514.243544443,/studio/pos_error_xyz.err_z,0.257439208367938
3.775844917,1759158514.246844917,/studio/pos_error_xyz.err_z,NaN
3.778933347,1759158514.249933347,/studio/pos_error_xyz.err_z,NaN
3.7802652979999998,1759158514.251265298,/studio/pos_error_xyz.err_z,NaN
3.782442309,1759158514.253442309,/studio/pos_error_xyz.err_z,0.26235412372820344
3.785684104,1759158514.256684104,/studio/pos_error_xyz.err_z,NaN
3.788757051,1759158514.259757051,/studio/pos_error_xyz.err_z,NaN
3.790271119,1759158514.261271119,/studio/pos_error_xyz.err_z,NaN
3.792129662,1759158514.263129662,/studio/pos_error_xyz.err_z,0.2639842633116165
3.795709415,1759158514.266709415,/studio/pos_error_xyz.err_z,0.26675048236588306
3.799013712,1759158514.270013712,/studio/pos_error_xyz.err_z,NaN
3.800270111,1759158514.271270111,/studio/pos_error_xyz.err_z,NaN
3.802494496,1759158514.273494496,/studio/pos_error_xyz.err_z,0.26822617918950975
3.805483201,1759158514.276483201,/studio/pos_error_xyz.err_z,0.2707415970459708
3.808898941,1759158514.279898941,/studio/pos_error_xyz.err_z,NaN
3.810266135,1759158514.281266135,/studio/pos_error_xyz.err_z,NaN
3.812274339,1759158514.283274339,/studio/pos_error_xyz.err_z,0.2744614004103094
3.8155153090000002,1759158514.286515309,/studio/pos_error_xyz.err_z,NaN
3.818888488,1759158514.289888488,/studio/pos_error_xyz.err_z,NaN
3.820265154,1759158514.291265154,/studio/pos_error_xyz.err_z,NaN
3.8221266,1759158514.293126600,/studio/pos_error_xyz.err_z,0.2779780474651097
3.82541906,1759158514.296419060,/studio/pos_error_xyz.err_z,NaN
3.828960813,1759158514.299960813,/studio/pos_error_xyz.err_z,NaN
3.830272817,1759158514.301272817,/studio/pos_error_xyz.err_z,NaN
3.832374061,1759158514.303374061,/studio/pos_error_xyz.err_z,0.28106407988638815
3.835519038,1759158514.306519038,/studio/pos_error_xyz.err_z,NaN
3.838880282,1759158514.309880282,/studio/pos_error_xyz.err_z,NaN
3.840287226,1759158514.311287226,/studio/pos_error_xyz.err_z,NaN
3.842280955,1759158514.313280955,/studio/pos_error_xyz.err_z,0.28372225141562235
3.8455340920000003,1759158514.316534092,/studio/pos_error_xyz.err_z,NaN
3.850272379,1759158514.321272379,/studio/pos_error_xyz.err_z,NaN
3.8511876320000002,1759158514.322187632,/studio/pos_error_xyz.err_z,NaN
3.860319045,1759158514.331319045,/studio/pos_error_xyz.err_z,NaN
3.866569593,1759158514.337569593,/studio/pos_error_xyz.err_z,0.2845366544590826
3.8665766010000002,1759158514.337576601,/studio/pos_error_xyz.err_z,0.2852805880159899
3.866579808,1759158514.337579808,/studio/pos_error_xyz.err_z,0.2860176144187523
3.866582604,1759158514.337582604,/studio/pos_error_xyz.err_z,0.2866881501291063
3.869311728,1759158514.340311728,/studio/pos_error_xyz.err_z,0.2873594599513405
3.869313945,1759158514.340313945,/studio/pos_error_xyz.err_z,0.2879697697574395
3.870267296,1759158514.341267296,/studio/pos_error_xyz.err_z,NaN
3.872175732,1759158514.343175732,/studio/pos_error_xyz.err_z,0.28856606602220447
3.8755811,1759158514.346581100,/studio/pos_error_xyz.err_z,0.28961170661107993
3.8790647380000003,1759158514.350064738,/studio/pos_error_xyz.err_z,NaN
3.880271786,1759158514.351271786,/studio/pos_error_xyz.err_z,NaN
3.882161174,1759158514.353161174,/studio/pos_error_xyz.err_z,0.2900562524335799
3.8855043670000002,1759158514.356504367,/studio/pos_error_xyz.err_z,0.2908384081177453
3.889018544,1759158514.360018544,/studio/pos_error_xyz.err_z,NaN
3.890272338,1759158514.361272338,/studio/pos_error_xyz.err_z,NaN
3.89214563,1759158514.363145630,/studio/pos_error_xyz.err_z,0.29130883536124275
3.895697884,1759158514.366697884,/studio/pos_error_xyz.err_z,0.2921420663968848
3.898685706,1759158514.369685706,/studio/pos_error_xyz.err_z,NaN
3.900268432,1759158514.371268432,/studio/pos_error_xyz.err_z,NaN
3.902161458,1759158514.373161458,/studio/pos_error_xyz.err_z,0.29227874483717997
3.905342339,1759158514.376342339,/studio/pos_error_xyz.err_z,0.29252214613252225
3.908933728,1759158514.379933728,/studio/pos_error_xyz.err_z,NaN
3.910262646,1759158514.381262646,/studio/pos_error_xyz.err_z,NaN
3.9120457440000003,1759158514.383045744,/studio/pos_error_xyz.err_z,0.29253937567187993
3.915417774,1759158514.386417774,/studio/pos_error_xyz.err_z,0.2925701672954857
3.918859803,1759158514.389859803,/studio/pos_error_xyz.err_z,NaN
3.92027267,1759158514.391272670,/studio/pos_error_xyz.err_z,NaN
3.922225031,1759158514.393225031,/studio/pos_error_xyz.err_z,0.2922893708074199
3.925635923,1759158514.396635923,/studio/pos_error_xyz.err_z,NaN
3.928759109,1759158514.399759109,/studio/pos_error_xyz.err_z,NaN
3.930293286,1759158514.401293286,/studio/pos_error_xyz.err_z,NaN
3.932162561,1759158514.403162561,/studio/pos_error_xyz.err_z,0.2916757311076683
3.935396431,1759158514.406396431,/studio/pos_error_xyz.err_z,NaN
3.9387605480000003,1759158514.409760548,/studio/pos_error_xyz.err_z,NaN
3.940305545,1759158514.411305545,/studio/pos_error_xyz.err_z,NaN
3.9423015230000003,1759158514.413301523,/studio/pos_error_xyz.err_z,0.29077341370079135
3.945616413,1759158514.416616413,/studio/pos_error_xyz.err_z,NaN
3.948791624,1759158514.419791624,/studio/pos_error_xyz.err_z,NaN
3.9502773920000003,1759158514.421277392,/studio/pos_error_xyz.err_z,NaN
3.952204048,1759158514.423204048,/studio/pos_error_xyz.err_z,0.2903491301636476
3.955559519,1759158514.426559519,/studio/pos_error_xyz.err_z,0.28957795044736123
3.958859956,1759158514.429859956,/studio/pos_error_xyz.err_z,NaN
3.960270901,1759158514.431270901,/studio/pos_error_xyz.err_z,NaN
3.962075131,1759158514.433075131,/studio/pos_error_xyz.err_z,0.28903015779560937
3.965376385,1759158514.436376385,/studio/pos_error_xyz.err_z,0.28802968391799766
3.968698936,1759158514.439698936,/studio/pos_error_xyz.err_z,NaN
3.970275423,1759158514.441275423,/studio/pos_error_xyz.err_z,NaN
3.97205149,1759158514.443051490,/studio/pos_error_xyz.err_z,0.2873848279624165
3.975487328,1759158514.446487328,/studio/pos_error_xyz.err_z,0.2862029973195299
3.97891007,1759158514.449910070,/studio/pos_error_xyz.err_z,NaN
3.980265064,1759158514.451265064,/studio/pos_error_xyz.err_z,NaN
3.982197898,1759158514.453197898,/studio/pos_error_xyz.err_z,0.2853908640957197
3.985572846,1759158514.456572846,/studio/pos_error_xyz.err_z,0.2838961657322352
3.988712368,1759158514.459712368,/studio/pos_error_xyz.err_z,NaN
3.990264879,1759158514.461264879,/studio/pos_error_xyz.err_z,NaN
3.9920439620000003,1759158514.463043962,/studio/pos_error_xyz.err_z,0.28302358986878984
3.9952691270000003,1759158514.466269127,/studio/pos_error_xyz.err_z,0.28141003724382485
3.9986148360000002,1759158514.469614836,/studio/pos_error_xyz.err_z,NaN
4.000273484,1759158514.471273484,/studio/pos_error_xyz.err_z,NaN
4.002162098,1759158514.473162098,/studio/pos_error_xyz.err_z,0.2789014781589352
4.00534897,1759158514.476348970,/studio/pos_error_xyz.err_z,NaN
4.008668316,1759158514.479668316,/studio/pos_error_xyz.err_z,NaN
4.010262625,1759158514.481262625,/studio/pos_error_xyz.err_z,NaN
4.011970332,1759158514.482970332,/studio/pos_error_xyz.err_z,0.2777840054418319
4.015253542,1759158514.486253542,/studio/pos_error_xyz.err_z,0.27569957573710946
4.018813633,1759158514.489813633,/studio/pos_error_xyz.err_z,NaN
4.020275841,1759158514.491275841,/studio/pos_error_xyz.err_z,NaN
4.022099232,1759158514.493099232,/studio/pos_error_xyz.err_z,0.27239327732924634
4.02539925,1759158514.496399250,/studio/pos_error_xyz.err_z,NaN
4.028627355,1759158514.499627355,/studio/pos_error_xyz.err_z,NaN
4.030271718,1759158514.501271718,/studio/pos_error_xyz.err_z,NaN
4.031989666,1759158514.502989666,/studio/pos_error_xyz.err_z,0.2711866240948726
4.035386606,1759158514.506386606,/studio/pos_error_xyz.err_z,0.26891305413066724
4.038693594,1759158514.509693594,/studio/pos_error_xyz.err_z,NaN
4.040297811,1759158514.511297811,/studio/pos_error_xyz.err_z,NaN
4.041905949,1759158514.512905949,/studio/pos_error_xyz.err_z,0.2676696544722159
4.045204193,1759158514.516204193,/studio/pos_error_xyz.err_z,0.2653158366153432
4.048563959,1759158514.519563959,/studio/pos_error_xyz.err_z,NaN
4.050279752,1759158514.521279752,/studio/pos_error_xyz.err_z,NaN
4.052130359,1759158514.523130359,/studio/pos_error_xyz.err_z,0.26196424181293687
4.060265706,1759158514.531265706,/studio/pos_error_xyz.err_z,NaN
4.069635461,1759158514.540635461,/studio/pos_error_xyz.err_z,NaN
4.069638557,1759158514.540638557,/studio/pos_error_xyz.err_z,NaN
4.06964399,1759158514.540643990,/studio/pos_error_xyz.err_z,0.26038885957863256
4.069646002,1759158514.540646002,/studio/pos_error_xyz.err_z,0.2588626493613262
4.070272735,1759158514.541272735,/studio/pos_error_xyz.err_z,NaN
4.075161833,1759158514.546161833,/studio/pos_error_xyz.err_z,0.2573396555175098
4.075163332,1759158514.546163332,/studio/pos_error_xyz.err_z,0.25595164354946864
4.07661928,1759158514.547619280,/studio/pos_error_xyz.err_z,0.25456267079787787
4.078686502,1759158514.549686502,/studio/pos_error_xyz.err_z,0.25321127535845056
4.080271471,1759158514.551271471,/studio/pos_error_xyz.err_z,NaN
4.081972993,1759158514.552972993,/studio/pos_error_xyz.err_z,0.2485594587381872
4.085305759,1759158514.556305759,/studio/pos_error_xyz.err_z,NaN
4.088682408,1759158514.559682408,/studio/pos_error_xyz.err_z,NaN
4.090269993,1759158514.561269993,/studio/pos_error_xyz.err_z,NaN
4.092037451,1759158514.563037451,/studio/pos_error_xyz.err_z,0.24706847523953224
4.095268893,1759158514.566268893,/studio/pos_error_xyz.err_z,0.24418593700061852
4.098770355,1759158514.569770355,/studio/pos_error_xyz.err_z,NaN
4.100262287,1759158514.571262287,/studio/pos_error_xyz.err_z,NaN
4.102210424,1759158514.573210424,/studio/pos_error_xyz.err_z,0.24253784569438586
4.105275046,1759158514.576275046,/studio/pos_error_xyz.err_z,0.23934527297303254
4.108692497,1759158514.579692497,/studio/pos_error_xyz.err_z,NaN
4.110260803,1759158514.581260803,/studio/pos_error_xyz.err_z,NaN
4.111876872,1759158514.582876872,/studio/pos_error_xyz.err_z,0.23771567909607638
4.115099013,1759158514.586099013,/studio/pos_error_xyz.err_z,0.23453772487379498
4.118524157,1759158514.589524157,/studio/pos_error_xyz.err_z,NaN
4.120299109,1759158514.591299109,/studio/pos_error_xyz.err_z,NaN
4.121908474,1759158514.592908474,/studio/pos_error_xyz.err_z,0.22953651906535866
4.125246488,1759158514.596246488,/studio/pos_error_xyz.err_z,NaN
4.128584889,1759158514.599584889,/studio/pos_error_xyz.err_z,NaN
4.130266926,1759158514.601266926,/studio/pos_error_xyz.err_z,NaN
4.132006073,1759158514.603006073,/studio/pos_error_xyz.err_z,0.22453843047615152
4.135653185,1759158514.606653185,/studio/pos_error_xyz.err_z,NaN
4.138658679,1759158514.609658679,/studio/pos_error_xyz.err_z,NaN
4.140328167,1759158514.611328167,/studio/pos_error_xyz.err_z,NaN
4.14196353,1759158514.612963530,/studio/pos_error_xyz.err_z,0.2228438558754371
4.145178503,1759158514.616178503,/studio/pos_error_xyz.err_z,0.21948474135238683
4.148539578,1759158514.619539578,/studio/pos_error_xyz.err_z,NaN
4.150288929,1759158514.621288929,/studio/pos_error_xyz.err_z,NaN
4.152189429,1759158514.623189429,/studio/pos_error_xyz.err_z,0.21427137454761902
4.15588336,1759158514.626883360,/studio/pos_error_xyz.err_z,NaN
4.15923558,1759158514.630235580,/studio/pos_error_xyz.err_z,NaN
4.160266156,1759158514.631266156,/studio/pos_error_xyz.err_z,NaN
4.161829873,1759158514.632829873,/studio/pos_error_xyz.err_z,0.20918788896933083
4.16512764,1759158514.636127640,/studio/pos_error_xyz.err_z,NaN
4.168496297,1759158514.639496297,/studio/pos_error_xyz.err_z,NaN
4.170276207,1759158514.641276207,/studio/pos_error_xyz.err_z,NaN
4.171867351,1759158514.642867351,/studio/pos_error_xyz.err_z,0.2074548229852784
4.175334088,1759158514.646334088,/studio/pos_error_xyz.err_z,0.20398376147831998
4.17863504,1759158514.649635040,/studio/pos_error_xyz.err_z,NaN
4.180275738,1759158514.651275738,/studio/pos_error_xyz.err_z,NaN
4.182090979,1759158514.653090979,/studio/pos_error_xyz.err_z,0.2021791602683325
4.185098645,1759158514.656098645,/studio/pos_error_xyz.err_z,0.19856093553633158
4.188543674,1759158514.659543674,/studio/pos_error_xyz.err_z,NaN
4.190273582,1759158514.661273582,/studio/pos_error_xyz.err_z,NaN
4.191830515,1759158514.662830515,/studio/pos_error_xyz.err_z,0.19307802479817893
4.19506869,1759158514.666068690,/studio/pos_error_xyz.err_z,NaN
4.198449847,1759158514.669449847,/studio/pos_error_xyz.err_z,NaN
4.200325148,1759158514.671325148,/studio/pos_error_xyz.err_z,NaN
4.201708067,1759158514.672708067,/studio/pos_error_xyz.err_z,0.19130805425077546
4.205491276,1759158514.676491276,/studio/pos_error_xyz.err_z,0.18769782502130083
4.208565016,1759158514.679565016,/studio/pos_error_xyz.err_z,NaN
4.210293972,1759158514.681293972,/studio/pos_error_xyz.err_z,NaN
4.211767667,1759158514.682767667,/studio/pos_error_xyz.err_z,0.18598786670198986
4.215152914,1759158514.686152914,/studio/pos_error_xyz.err_z,0.18245144445528583
4.218581559,1759158514.689581559,/studio/pos_error_xyz.err_z,NaN
4.22035122,1759158514.691351220,/studio/pos_error_xyz.err_z,NaN
4.221926281,1759158514.692926281,/studio/pos_error_xyz.err_z,0.17700681588155986
4.225143482,1759158514.696143482,/studio/pos_error_xyz.err_z,NaN
4.228404703,1759158514.699404703,/studio/pos_error_xyz.err_z,NaN
4.230305389,1759158514.701305389,/studio/pos_error_xyz.err_z,NaN
4.231688646,1759158514.702688646,/studio/pos_error_xyz.err_z,0.1752042556360891
4.235051073,1759158514.706051073,/studio/pos_error_xyz.err_z,0.17144583161294324
4.238576997,1759158514.709576997,/studio/pos_error_xyz.err_z,NaN
4.240323978,1759158514.711323978,/studio/pos_error_xyz.err_z,NaN
4.241733155,1759158514.712733155,/studio/pos_error_xyz.err_z,0.16967489563629412
4.245103963,1759158514.716103963,/studio/pos_error_xyz.err_z,0.16595868138091885
4.248339495,1759158514.719339495,/studio/pos_error_xyz.err_z,NaN
4.250297922,1759158514.721297922,/studio/pos_error_xyz.err_z,NaN
4.251675608,1759158514.722675608,/studio/pos_error_xyz.err_z,0.16407236585400709
4.255065456,1759158514.726065456,/studio/pos_error_xyz.err_z,0.1600936351359028
4.258484072,1759158514.729484072,/studio/pos_error_xyz.err_z,NaN
4.260297922,1759158514.731297922,/studio/pos_error_xyz.err_z,NaN
4.270340024,1759158514.741340024,/studio/pos_error_xyz.err_z,NaN
4.275769802,1759158514.746769802,/studio/pos_error_xyz.err_z,0.15829228651806138
4.275771653,1759158514.746771653,/studio/pos_error_xyz.err_z,0.1564271111516773
4.275774689,1759158514.746774689,/studio/pos_error_xyz.err_z,0.1545606449072332
4.275779334,1759158514.746779334,/studio/pos_error_xyz.err_z,0.15264837360134087
4.27909068,1759158514.750090680,/studio/pos_error_xyz.err_z,0.15073617474196732
4.279096437,1759158514.750096437,/studio/pos_error_xyz.err_z,0.1488229463162516
4.280276211,1759158514.751276211,/studio/pos_error_xyz.err_z,NaN
4.281792349,1759158514.752792349,/studio/pos_error_xyz.err_z,0.14689600163511418
4.28504172,1759158514.756041720,/studio/pos_error_xyz.err_z,0.1429672898700658
4.288322267,1759158514.759322267,/studio/pos_error_xyz.err_z,NaN
4.290312134,1759158514.761312134,/studio/pos_error_xyz.err_z,NaN
4.291662531,1759158514.762662531,/studio/pos_error_xyz.err_z,0.14117033608621576
4.2951719090000005,1759158514.766171909,/studio/pos_error_xyz.err_z,0.1373633595015069
4.29852921,1759158514.769529210,/studio/pos_error_xyz.err_z,NaN
4.300277034,1759158514.771277034,/studio/pos_error_xyz.err_z,NaN
4.301825311,1759158514.772825311,/studio/pos_error_xyz.err_z,0.13558038124530802
4.30501521,1759158514.776015210,/studio/pos_error_xyz.err_z,0.13178512756126892
4.308297927,1759158514.779297927,/studio/pos_error_xyz.err_z,NaN
4.310276344,1759158514.781276344,/studio/pos_error_xyz.err_z,NaN
4.311716783,1759158514.782716783,/studio/pos_error_xyz.err_z,0.1299530811742573
4.315044354,1759158514.786044354,/studio/pos_error_xyz.err_z,0.12603273753902844
4.31845172,1759158514.789451720,/studio/pos_error_xyz.err_z,NaN
4.320271166,1759158514.791271166,/studio/pos_error_xyz.err_z,NaN
4.321667294,1759158514.792667294,/studio/pos_error_xyz.err_z,0.1241456080795591
4.325405964,1759158514.796405964,/studio/pos_error_xyz.err_z,0.12009125120211683
4.328442854,1759158514.799442854,/studio/pos_error_xyz.err_z,NaN
4.330316795,1759158514.801316795,/studio/pos_error_xyz.err_z,NaN
4.331684676,1759158514.802684676,/studio/pos_error_xyz.err_z,0.11840614616553435
4.335055312,1759158514.806055312,/studio/pos_error_xyz.err_z,0.11476918661661384
4.338347074,1759158514.809347074,/studio/pos_error_xyz.err_z,NaN
4.340295479,1759158514.811295479,/studio/pos_error_xyz.err_z,NaN
4.341636132,1759158514.812636132,/studio/pos_error_xyz.err_z,0.11299193535576602
4.345097783,1759158514.816097783,/studio/pos_error_xyz.err_z,0.1091053693782229
4.34841304,1759158514.819413040,/studio/pos_error_xyz.err_z,NaN
4.350302024,1759158514.821302024,/studio/pos_error_xyz.err_z,NaN
4.351737368,1759158514.822737368,/studio/pos_error_xyz.err_z,0.10731637558490625
4.35505595,1759158514.826055950,/studio/pos_error_xyz.err_z,0.1034099061271534
4.358199044,1759158514.829199044,/studio/pos_error_xyz.err_z,NaN
4.360293829,1759158514.831293829,/studio/pos_error_xyz.err_z,NaN
4.361924812,1759158514.832924812,/studio/pos_error_xyz.err_z,0.10237765391862652
4.36510066,1759158514.836100660,/studio/pos_error_xyz.err_z,0.10011764207984997
4.368419973,1759158514.839419973,/studio/pos_error_xyz.err_z,NaN
4.370361973,1759158514.841361973,/studio/pos_error_xyz.err_z,NaN
4.371547358,1759158514.842547358,/studio/pos_error_xyz.err_z,0.0984083743015094
4.375040646,1759158514.846040646,/studio/pos_error_xyz.err_z,0.09465165110400875
4.3783282230000005,1759158514.849328223,/studio/pos_error_xyz.err_z,NaN
4.380296463,1759158514.851296463,/studio/pos_error_xyz.err_z,NaN
4.3818366730000005,1759158514.852836673,/studio/pos_error_xyz.err_z,0.0892786133509007
4.384901369,1759158514.855901369,/studio/pos_error_xyz.err_z,NaN
4.388180141,1759158514.859180141,/studio/pos_error_xyz.err_z,NaN
4.390343001,1759158514.861343001,/studio/pos_error_xyz.err_z,NaN
4.391600882,1759158514.862600882,/studio/pos_error_xyz.err_z,0.08754343845733459
4.394971166,1759158514.865971166,/studio/pos_error_xyz.err_z,0.08369338955684036
4.398234824,1759158514.869234824,/studio/pos_error_xyz.err_z,NaN
4.400305719,1759158514.871305719,/studio/pos_error_xyz.err_z,NaN
4.401571183,1759158514.872571183,/studio/pos_error_xyz.err_z,0.08200275719233519
4.404869655,1759158514.875869655,/studio/pos_error_xyz.err_z,0.07824941956411391
4.408210484,1759158514.879210484,/studio/pos_error_xyz.err_z,NaN
4.410265538,1759158514.881265538,/studio/pos_error_xyz.err_z,NaN
4.41185901,1759158514.882859010,/studio/pos_error_xyz.err_z,0.0727115261073008
4.41492079,1759158514.885920790,/studio/pos_error_xyz.err_z,NaN
4.418323557,1759158514.889323557,/studio/pos_error_xyz.err_z,NaN
4.4203165030000005,1759158514.891316503,/studio/pos_error_xyz.err_z,NaN
4.42153954,1759158514.892539540,/studio/pos_error_xyz.err_z,0.0712066422257307
4.424863928,1759158514.895863928,/studio/pos_error_xyz.err_z,0.06781799457621829
4.428277747,1759158514.899277747,/studio/pos_error_xyz.err_z,NaN
4.430345265,1759158514.901345265,/studio/pos_error_xyz.err_z,NaN
4.43152057,1759158514.902520570,/studio/pos_error_xyz.err_z,0.06625031309102214
4.434818772,1759158514.905818772,/studio/pos_error_xyz.err_z,0.06269790748954729
4.438223658,1759158514.909223658,/studio/pos_error_xyz.err_z,NaN
4.440340181,1759158514.911340181,/studio/pos_error_xyz.err_z,NaN
4.441492642,1759158514.912492642,/studio/pos_error_xyz.err_z,0.0612037523950093
4.444999636,1759158514.915999636,/studio/pos_error_xyz.err_z,0.057802290424473046
4.448644228,1759158514.919644228,/studio/pos_error_xyz.err_z,NaN
4.450286458,1759158514.921286458,/studio/pos_error_xyz.err_z,NaN
4.451674973,1759158514.922674973,/studio/pos_error_xyz.err_z,0.05644142528681684
4.454852468,1759158514.925852468,/studio/pos_error_xyz.err_z,0.05332822268424153
4.458377892,1759158514.929377892,/studio/pos_error_xyz.err_z,NaN
4.460291607,1759158514.931291607,/studio/pos_error_xyz.err_z,NaN
4.461608372,1759158514.932608372,/studio/pos_error_xyz.err_z,0.05197461320295571
4.469401858,1759158514.940401858,/studio/pos_error_xyz.err_z,0.04886714995803909
4.470362994,1759158514.941362994,/studio/pos_error_xyz.err_z,NaN
4.480317634,1759158514.951317634,/studio/pos_error_xyz.err_z,NaN
4.483390341,1759158514.954390341,/studio/pos_error_xyz.err_z,NaN
4.483392309,1759158514.954392309,/studio/pos_error_xyz.err_z,0.047516000960898364
4.483395101,1759158514.954395101,/studio/pos_error_xyz.err_z,0.04602991986789906
4.483401355,1759158514.954401355,/studio/pos_error_xyz.err_z,0.04454292475562216
4.485381637,1759158514.956381637,/studio/pos_error_xyz.err_z,0.04311242771752899
4.485383603,1759158514.956383603,/studio/pos_error_xyz.err_z,0.041688321877290324
4.488173379,1759158514.959173379,/studio/pos_error_xyz.err_z,0.04012589059859728
4.49033193,1759158514.961331930,/studio/pos_error_xyz.err_z,NaN
4.49168004,1759158514.962680040,/studio/pos_error_xyz.err_z,0.03891188143839841
4.494755572,1759158514.965755572,/studio/pos_error_xyz.err_z,0.03608456694886497
4.498221235,1759158514.969221235,/studio/pos_error_xyz.err_z,NaN
4.500284812,1759158514.971284812,/studio/pos_error_xyz.err_z,NaN
4.501504261,1759158514.972504261,/studio/pos_error_xyz.err_z,0.034915877595166345
4.504895487,1759158514.975895487,/studio/pos_error_xyz.err_z,0.03217457307239058
4.508155309,1759158514.979155309,/studio/pos_error_xyz.err_z,NaN
4.510271936,1759158514.981271936,/studio/pos_error_xyz.err_z,NaN
4.511492863,1759158514.982492863,/studio/pos_error_xyz.err_z,0.031023171721518805
4.514910064,1759158514.985910064,/studio/pos_error_xyz.err_z,0.02831913057217217
4.518257437,1759158514.989257437,/studio/pos_error_xyz.err_z,NaN
4.520301269,1759158514.991301269,/studio/pos_error_xyz.err_z,NaN
4.521501065,1759158514.992501065,/studio/pos_error_xyz.err_z,0.02714947377356114
4.524902625,1759158514.995902625,/studio/pos_error_xyz.err_z,0.02439256203784068
4.52815675,1759158514.999156750,/studio/pos_error_xyz.err_z,NaN
4.530302075,1759158515.001302075,/studio/pos_error_xyz.err_z,NaN
4.531463187,1759158515.002463187,/studio/pos_error_xyz.err_z,0.02334003603111956
4.534789397,1759158515.005789397,/studio/pos_error_xyz.err_z,0.020846991547319726
4.538125076,1759158515.009125076,/studio/pos_error_xyz.err_z,NaN
4.540336386,1759158515.011336386,/studio/pos_error_xyz.err_z,NaN
4.541508647,1759158515.012508647,/studio/pos_error_xyz.err_z,0.019601996149726686
4.544749899,1759158515.015749899,/studio/pos_error_xyz.err_z,0.016636408496774724
4.548121371,1759158515.019121371,/studio/pos_error_xyz.err_z,NaN
4.550302247,1759158515.021302247,/studio/pos_error_xyz.err_z,NaN
4.55147506,1759158515.022475060,/studio/pos_error_xyz.err_z,0.015581629780499595
4.554820311,1759158515.025820311,/studio/pos_error_xyz.err_z,0.013051262937590069
4.55803478,1759158515.029034780,/studio/pos_error_xyz.err_z,NaN
4.560309957,1759158515.031309957,/studio/pos_error_xyz.err_z,NaN
4.561468206,1759158515.032468206,/studio/pos_error_xyz.err_z,0.012059306156613658
4.565527001,1759158515.036527001,/studio/pos_error_xyz.err_z,0.009673731831659316
4.568245461,1759158515.039245461,/studio/pos_error_xyz.err_z,NaN
4.570323954,1759158515.041323954,/studio/pos_error_xyz.err_z,NaN
4.571503999,1759158515.042503999,/studio/pos_error_xyz.err_z,0.008713081842260051
4.574768894,1759158515.045768894,/studio/pos_error_xyz.err_z,0.006402397061272769
4.578103622,1759158515.049103622,/studio/pos_error_xyz.err_z,NaN
4.580303497,1759158515.051303497,/studio/pos_error_xyz.err_z,NaN
4.581478997,1759158515.052478997,/studio/pos_error_xyz.err_z,0.005293614118026424
4.584866794,1759158515.055866794,/studio/pos_error_xyz.err_z,0.0026153560442196966
4.58813297,1759158515.059132970,/studio/pos_error_xyz.err_z,NaN
4.590274771,1759158515.061274771,/studio/pos_error_xyz.err_z,NaN
4.591667541,1759158515.062667541,/studio/pos_error_xyz.err_z,0.0015051328567150524
4.595326108,1759158515.066326108,/studio/pos_error_xyz.err_z,-0.0011948144962643514
4.598107575,1759158515.069107575,/studio/pos_error_xyz.err_z,NaN
4.600323393,1759158515.071323393,/studio/pos_error_xyz.err_z,NaN
4.6014859690000005,1759158515.072485969,/studio/pos_error_xyz.err_z,-0.00219843295544786
4.604757387,1759158515.075757387,/studio/pos_error_xyz.err_z,-0.004660827046767402
4.608085507,1759158515.079085507,/studio/pos_error_xyz.err_z,NaN
4.610304064,1759158515.081304064,/studio/pos_error_xyz.err_z,NaN
4.611365131,1759158515.082365131,/studio/pos_error_xyz.err_z,-0.00560777980431193
4.6148781020000005,1759158515.085878102,/studio/pos_error_xyz.err_z,-0.007939870230075696
4.61812215,1759158515.089122150,/studio/pos_error_xyz.err_z,NaN
4.620312702,1759158515.091312702,/studio/pos_error_xyz.err_z,NaN
4.621356419,1759158515.092356419,/studio/pos_error_xyz.err_z,-0.0089157787340719
4.624783049,1759158515.095783049,/studio/pos_error_xyz.err_z,-0.011329776845770523
4.62812611,1759158515.099126110,/studio/pos_error_xyz.err_z,NaN
4.630281872,1759158515.101281872,/studio/pos_error_xyz.err_z,NaN
4.631447007,1759158515.102447007,/studio/pos_error_xyz.err_z,-0.012361029199870144
4.634784491,1759158515.105784491,/studio/pos_error_xyz.err_z,-0.01492636150679627
4.638165335,1759158515.109165335,/studio/pos_error_xyz.err_z,NaN
4.6403064050000005,1759158515.111306405,/studio/pos_error_xyz.err_z,NaN
4.641363845,1759158515.112363845,/studio/pos_error_xyz.err_z,-0.01592453595233967
4.644791119,1759158515.115791119,/studio/pos_error_xyz.err_z,-0.018425518473764724
4.648002948,1759158515.119002948,/studio/pos_error_xyz.err_z,NaN
4.650350362,1759158515.121350362,/studio/pos_error_xyz.err_z,NaN
4.651344644,1759158515.122344644,/studio/pos_error_xyz.err_z,-0.019494870999297254
4.654790787,1759158515.125790787,/studio/pos_error_xyz.err_z,-0.02220242988572174
4.658074634,1759158515.129074634,/studio/pos_error_xyz.err_z,NaN
4.660357798,1759158515.131357798,/studio/pos_error_xyz.err_z,NaN
4.661308598,1759158515.132308598,/studio/pos_error_xyz.err_z,-0.023137944451850245
4.664661934,1759158515.135661934,/studio/pos_error_xyz.err_z,-0.025535648162577473
4.669185543,1759158515.140185543,/studio/pos_error_xyz.err_z,NaN
4.670376419,1759158515.141376419,/studio/pos_error_xyz.err_z,NaN
4.680440245,1759158515.151440245,/studio/pos_error_xyz.err_z,NaN
4.684537361,1759158515.155537361,/studio/pos_error_xyz.err_z,-0.026464236954178544
4.684539665,1759158515.155539665,/studio/pos_error_xyz.err_z,-0.027572222864861606
4.684541827,1759158515.155541827,/studio/pos_error_xyz.err_z,-0.028680890246082447
4.684544585,1759158515.155544585,/studio/pos_error_xyz.err_z,-0.029730836190604126
4.688986006,1759158515.159986006,/studio/pos_error_xyz.err_z,-0.030770662684568295
4.688988005,1759158515.159988005,/studio/pos_error_xyz.err_z,-0.031810489178532464
4.690278334,1759158515.161278334,/studio/pos_error_xyz.err_z,NaN
4.691473756,1759158515.162473756,/studio/pos_error_xyz.err_z,-0.032830447614274894
4.694909399,1759158515.165909399,/studio/pos_error_xyz.err_z,-0.03502694012162921
4.698019931,1759158515.169019931,/studio/pos_error_xyz.err_z,NaN
4.700363033,1759158515.171363033,/studio/pos_error_xyz.err_z,NaN
4.701248016,1759158515.172248016,/studio/pos_error_xyz.err_z,-0.03579869052850748
4.704666439,1759158515.175666439,/studio/pos_error_xyz.err_z,-0.037792826348330255
4.70828118,1759158515.179281180,/studio/pos_error_xyz.err_z,NaN
4.710284049,1759158515.181284049,/studio/pos_error_xyz.err_z,NaN
4.711367292,1759158515.182367292,/studio/pos_error_xyz.err_z,-0.038587584339531134
4.714677643,1759158515.185677643,/studio/pos_error_xyz.err_z,-0.040663943918544776
4.717960866,1759158515.188960866,/studio/pos_error_xyz.err_z,NaN
4.7203494500000005,1759158515.191349450,/studio/pos_error_xyz.err_z,NaN
4.721328551,1759158515.192328551,/studio/pos_error_xyz.err_z,-0.041399842446312896
4.724573669,1759158515.195573669,/studio/pos_error_xyz.err_z,-0.043325252325092656
4.727991734,1759158515.198991734,/studio/pos_error_xyz.err_z,NaN
4.730395852,1759158515.201395852,/studio/pos_error_xyz.err_z,NaN
4.731261768,1759158515.202261768,/studio/pos_error_xyz.err_z,-0.043981910528607226
4.7347366950000005,1759158515.205736695,/studio/pos_error_xyz.err_z,-0.045730617866786005
4.738026221,1759158515.209026221,/studio/pos_error_xyz.err_z,NaN
4.740304636,1759158515.211304636,/studio/pos_error_xyz.err_z,NaN
4.741223004,1759158515.212223004,/studio/pos_error_xyz.err_z,-0.04632257411426166
4.744635283,1759158515.215635283,/studio/pos_error_xyz.err_z,-0.0478992685616475
4.747896973,1759158515.218896973,/studio/pos_error_xyz.err_z,NaN
4.7502799,1759158515.221279900,/studio/pos_error_xyz.err_z,NaN
4.751181606,1759158515.222181606,/studio/pos_error_xyz.err_z,-0.048437056554919256
4.754687882,1759158515.225687882,/studio/pos_error_xyz.err_z,-0.04986280837471768
4.758071378,1759158515.229071378,/studio/pos_error_xyz.err_z,NaN
4.760272315,1759158515.231272315,/studio/pos_error_xyz.err_z,NaN
4.761241857,1759158515.232241857,/studio/pos_error_xyz.err_z,-0.05043529426658511
4.764557759,1759158515.235557759,/studio/pos_error_xyz.err_z,-0.05195424588724151
4.768532761,1759158515.239532761,/studio/pos_error_xyz.err_z,NaN
4.770298018,1759158515.241298018,/studio/pos_error_xyz.err_z,NaN
4.771164382,1759158515.242164382,/studio/pos_error_xyz.err_z,-0.05236816813882372
4.776412862,1759158515.247412862,/studio/pos_error_xyz.err_z,-0.05347513069441945
4.778702818,1759158515.249702818,/studio/pos_error_xyz.err_z,NaN
4.780271674,1759158515.251271674,/studio/pos_error_xyz.err_z,NaN
4.78118507,1759158515.252185070,/studio/pos_error_xyz.err_z,-0.053951077494502675
4.784590405,1759158515.255590405,/studio/pos_error_xyz.err_z,-0.05523994904137708
4.787878331,1759158515.258878331,/studio/pos_error_xyz.err_z,NaN
4.790322039,1759158515.261322039,/studio/pos_error_xyz.err_z,NaN
4.791221374,1759158515.262221374,/studio/pos_error_xyz.err_z,-0.05560653916811287
4.794652617,1759158515.265652617,/studio/pos_error_xyz.err_z,-0.05659396389632132
4.797903724,1759158515.268903724,/studio/pos_error_xyz.err_z,NaN
4.800293322,1759158515.271293322,/studio/pos_error_xyz.err_z,NaN
4.801113534,1759158515.272113534,/studio/pos_error_xyz.err_z,-0.0569026975516953
4.804488227,1759158515.275488227,/studio/pos_error_xyz.err_z,-0.05773840812390518
4.807856518,1759158515.278856518,/studio/pos_error_xyz.err_z,NaN
4.810297884,1759158515.281297884,/studio/pos_error_xyz.err_z,NaN
4.811138949,1759158515.282138949,/studio/pos_error_xyz.err_z,-0.057955378547847936
4.814595076,1759158515.285595076,/studio/pos_error_xyz.err_z,-0.05854538439120671
4.817758603,1759158515.288758603,/studio/pos_error_xyz.err_z,NaN
4.820262966,1759158515.291262966,/studio/pos_error_xyz.err_z,NaN
4.821200585,1759158515.292200585,/studio/pos_error_xyz.err_z,-0.05855210943470501
4.8245503880000005,1759158515.295550388,/studio/pos_error_xyz.err_z,-0.058570467801634774
4.827962821,1759158515.298962821,/studio/pos_error_xyz.err_z,NaN
4.830300444,1759158515.301300444,/studio/pos_error_xyz.err_z,NaN
4.831103084,1759158515.302103084,/studio/pos_error_xyz.err_z,-0.05868635146525092
4.8345800400000005,1759158515.305580040,/studio/pos_error_xyz.err_z,-0.05900607653869705
4.837834185,1759158515.308834185,/studio/pos_error_xyz.err_z,NaN
4.840324078,1759158515.311324078,/studio/pos_error_xyz.err_z,NaN
4.841174144,1759158515.312174144,/studio/pos_error_xyz.err_z,-0.0589561835092256
4.844535683,1759158515.315535683,/studio/pos_error_xyz.err_z,-0.058816745493689426
4.847766017,1759158515.318766017,/studio/pos_error_xyz.err_z,NaN
4.850268268,1759158515.321268268,/studio/pos_error_xyz.err_z,NaN
4.851088203,1759158515.322088203,/studio/pos_error_xyz.err_z,-0.058742770973432945
4.854558853,1759158515.325558853,/studio/pos_error_xyz.err_z,-0.05853717721820906
4.857816686,1759158515.328816686,/studio/pos_error_xyz.err_z,NaN
4.860276645,1759158515.331276645,/studio/pos_error_xyz.err_z,NaN
4.861102242,1759158515.332102242,/studio/pos_error_xyz.err_z,-0.05837498597166957
4.864492426,1759158515.335492426,/studio/pos_error_xyz.err_z,-0.057922741585038295
4.8677156870000005,1759158515.338715687,/studio/pos_error_xyz.err_z,NaN
4.870292451,1759158515.341292451,/studio/pos_error_xyz.err_z,NaN
4.871110424,1759158515.342110424,/studio/pos_error_xyz.err_z,-0.05775965196056321
4.880293058,1759158515.351293058,/studio/pos_error_xyz.err_z,NaN
4.888497862,1759158515.359497862,/studio/pos_error_xyz.err_z,-0.05730282188941094
4.888506499,1759158515.359506499,/studio/pos_error_xyz.err_z,NaN
4.88850915,1759158515.359509150,/studio/pos_error_xyz.err_z,-0.057126327084081385
4.888516883,1759158515.359516883,/studio/pos_error_xyz.err_z,-0.056901976293247
4.890319811,1759158515.361319811,/studio/pos_error_xyz.err_z,NaN
4.8936008740000005,1759158515.364600874,/studio/pos_error_xyz.err_z,-0.05667778065510376
4.893603716,1759158515.364603716,/studio/pos_error_xyz.err_z,-0.05635408611212078
4.894871193,1759158515.365871193,/studio/pos_error_xyz.err_z,-0.055968317213205054
4.897842044,1759158515.368842044,/studio/pos_error_xyz.err_z,-0.05557094624214143
4.900280106,1759158515.371280106,/studio/pos_error_xyz.err_z,NaN
4.901134341,1759158515.372134341,/studio/pos_error_xyz.err_z,-0.05523042070313977
4.904413726,1759158515.375413726,/studio/pos_error_xyz.err_z,-0.05426026696693831
4.907781185,1759158515.378781185,/studio/pos_error_xyz.err_z,NaN
4.910270413,1759158515.381270413,/studio/pos_error_xyz.err_z,NaN
4.911803545,1759158515.382803545,/studio/pos_error_xyz.err_z,-0.053709599598416036
4.9145313040000005,1759158515.385531304,/studio/pos_error_xyz.err_z,-0.052133487785654076
4.917720268,1759158515.388720268,/studio/pos_error_xyz.err_z,NaN
4.920288473,1759158515.391288473,/studio/pos_error_xyz.err_z,NaN
4.921296202,1759158515.392296202,/studio/pos_error_xyz.err_z,-0.05164462414823956
4.924450131,1759158515.395450131,/studio/pos_error_xyz.err_z,-0.05024299560864742
4.92779526,1759158515.398795260,/studio/pos_error_xyz.err_z,NaN
4.930346925,1759158515.401346925,/studio/pos_error_xyz.err_z,NaN
4.931022227,1759158515.402022227,/studio/pos_error_xyz.err_z,-0.04980893854430035
4.934444835,1759158515.405444835,/studio/pos_error_xyz.err_z,-0.04855406871876555
4.937758613,1759158515.408758613,/studio/pos_error_xyz.err_z,NaN
4.940284574,1759158515.411284574,/studio/pos_error_xyz.err_z,NaN
4.941072323,1759158515.412072323,/studio/pos_error_xyz.err_z,-0.048000413905165296
4.944386359,1759158515.415386359,/studio/pos_error_xyz.err_z,-0.04639114014768153
4.947708184,1759158515.418708184,/studio/pos_error_xyz.err_z,NaN
4.950321993,1759158515.421321993,/studio/pos_error_xyz.err_z,NaN
4.950965304,1759158515.421965304,/studio/pos_error_xyz.err_z,-0.04591444482823581
4.954412555,1759158515.425412555,/studio/pos_error_xyz.err_z,-0.044512992244051475
4.957726773,1759158515.428726773,/studio/pos_error_xyz.err_z,NaN
4.9603522380000005,1759158515.431352238,/studio/pos_error_xyz.err_z,NaN
4.961152701,1759158515.432152701,/studio/pos_error_xyz.err_z,-0.043964636254984146
4.965296171,1759158515.436296171,/studio/pos_error_xyz.err_z,-0.04233393715282152
4.96808707,1759158515.439087070,/studio/pos_error_xyz.err_z,NaN
4.970346434,1759158515.441346434,/studio/pos_error_xyz.err_z,NaN
4.971640617,1759158515.442640617,/studio/pos_error_xyz.err_z,-0.04169578686846864
4.975249701,1759158515.446249701,/studio/pos_error_xyz.err_z,-0.03977418568841595
4.977694923,1759158515.448694923,/studio/pos_error_xyz.err_z,NaN
4.980323808,1759158515.451323808,/studio/pos_error_xyz.err_z,NaN
4.981038586,1759158515.452038586,/studio/pos_error_xyz.err_z,-0.039138548042545684
4.984324569,1759158515.455324569,/studio/pos_error_xyz.err_z,-0.037218014765968865
4.987651141,1759158515.458651141,/studio/pos_error_xyz.err_z,NaN
4.990234941,1759158515.461234941,/studio/pos_error_xyz.err_z,NaN
4.99101137,1759158515.462011370,/studio/pos_error_xyz.err_z,-0.03659969428854137
4.994475478,1759158515.465475478,/studio/pos_error_xyz.err_z,-0.03474014503554135
4.997753125,1759158515.468753125,/studio/pos_error_xyz.err_z,NaN
5.000322816,1759158515.471322816,/studio/pos_error_xyz.err_z,NaN
5.000931366,1759158515.471931366,/studio/pos_error_xyz.err_z,-0.03405063725893842
5.004233384,1759158515.475233384,/studio/pos_error_xyz.err_z,-0.03200397534870825
5.007866729,1759158515.478866729,/studio/pos_error_xyz.err_z,NaN
5.010270379,1759158515.481270379,/studio/pos_error_xyz.err_z,NaN
5.011046879,1759158515.482046879,/studio/pos_error_xyz.err_z,-0.03128409303654922
5.014403539,1759158515.485403539,/studio/pos_error_xyz.err_z,-0.029112159398055226
5.017741933,1759158515.488741933,/studio/pos_error_xyz.err_z,NaN
5.020265224,1759158515.491265224,/studio/pos_error_xyz.err_z,NaN
5.021193514,1759158515.492193514,/studio/pos_error_xyz.err_z,-0.028391150281878996
5.024383286,1759158515.495383286,/studio/pos_error_xyz.err_z,-0.02620159277879086
5.027754856,1759158515.498754856,/studio/pos_error_xyz.err_z,NaN
5.030299582,1759158515.501299582,/studio/pos_error_xyz.err_z,NaN
5.030989361,1759158515.501989361,/studio/pos_error_xyz.err_z,-0.02550612786887685
5.034217119,1759158515.505217119,/studio/pos_error_xyz.err_z,-0.023375017983670254
5.037619843,1759158515.508619843,/studio/pos_error_xyz.err_z,NaN
5.040281171,1759158515.511281171,/studio/pos_error_xyz.err_z,NaN
5.041056638,1759158515.512056638,/studio/pos_error_xyz.err_z,-0.022644454053673657
5.044364477,1759158515.515364477,/studio/pos_error_xyz.err_z,-0.020373403389195355
5.047757781,1759158515.518757781,/studio/pos_error_xyz.err_z,NaN
5.050281977,1759158515.521281977,/studio/pos_error_xyz.err_z,NaN
5.050864932,1759158515.521864932,/studio/pos_error_xyz.err_z,-0.01967326612711351
5.054272638,1759158515.525272638,/studio/pos_error_xyz.err_z,-0.017508952050678817
5.057742096,1759158515.528742096,/studio/pos_error_xyz.err_z,NaN
5.060269561,1759158515.531269561,/studio/pos_error_xyz.err_z,NaN
5.06116991,1759158515.532169910,/studio/pos_error_xyz.err_z,-0.016697459444321217
5.064401109,1759158515.535401109,/studio/pos_error_xyz.err_z,-0.014181270011483171
5.067542224,1759158515.538542224,/studio/pos_error_xyz.err_z,NaN
5.070267873,1759158515.541267873,/studio/pos_error_xyz.err_z,NaN
5.070831741,1759158515.541831741,/studio/pos_error_xyz.err_z,-0.013466709461316784
5.074298301,1759158515.545298301,/studio/pos_error_xyz.err_z,-0.011240135474316348
5.078164441,1759158515.549164441,/studio/pos_error_xyz.err_z,NaN
5.08026444,1759158515.551264440,/studio/pos_error_xyz.err_z,NaN
5.090352422,1759158515.561352422,/studio/pos_error_xyz.err_z,NaN
5.095338948,1759158515.566338948,/studio/pos_error_xyz.err_z,-0.010474575874813041
5.095342536,1759158515.566342536,/studio/pos_error_xyz.err_z,-0.009421293526665542
5.095344884,1759158515.566344884,/studio/pos_error_xyz.err_z,-0.008366796133126853
5.095346747,1759158515.566346747,/studio/pos_error_xyz.err_z,-0.00735508509571936
5.097590629,1759158515.568590629,/studio/pos_error_xyz.err_z,-0.0063584747636575845
5.097595143,1759158515.568595143,/studio/pos_error_xyz.err_z,-0.005361021599762816
5.100298574,1759158515.571298574,/studio/pos_error_xyz.err_z,NaN
5.101093399,1759158515.572093399,/studio/pos_error_xyz.err_z,-0.004343601142966946
5.104217125,1759158515.575217125,/studio/pos_error_xyz.err_z,-0.001999907069465179
5.107567539,1759158515.578567539,/studio/pos_error_xyz.err_z,NaN
5.110302827,1759158515.581302827,/studio/pos_error_xyz.err_z,NaN
5.110941762,1759158515.581941762,/studio/pos_error_xyz.err_z,-0.0012636630036528818
5.1141631610000005,1759158515.585163161,/studio/pos_error_xyz.err_z,0.0010960774166792753
5.117631024,1759158515.588631024,/studio/pos_error_xyz.err_z,NaN
5.120273335,1759158515.591273335,/studio/pos_error_xyz.err_z,NaN
5.120864471,1759158515.591864471,/studio/pos_error_xyz.err_z,0.0018004170925698393
5.124113438,1759158515.595113438,/studio/pos_error_xyz.err_z,0.004091939300450598
5.1276564,1759158515.598656400,/studio/pos_error_xyz.err_z,NaN
5.130267238,1759158515.601267238,/studio/pos_error_xyz.err_z,NaN
5.130962883,1759158515.601962883,/studio/pos_error_xyz.err_z,0.004877144117598542
5.134279601,1759158515.605279601,/studio/pos_error_xyz.err_z,0.007408727105316926
5.137572048,1759158515.608572048,/studio/pos_error_xyz.err_z,NaN
5.14028941,1759158515.611289410,/studio/pos_error_xyz.err_z,NaN
5.140790795,1759158515.611790795,/studio/pos_error_xyz.err_z,0.00809071749781931
5.144252245,1759158515.615252245,/studio/pos_error_xyz.err_z,0.010299750817339692
5.147461179,1759158515.618461179,/studio/pos_error_xyz.err_z,NaN
5.150300187,1759158515.621300187,/studio/pos_error_xyz.err_z,NaN
5.150963295,1759158515.621963295,/studio/pos_error_xyz.err_z,0.010963639254517599
5.154244551,1759158515.625244551,/studio/pos_error_xyz.err_z,0.013139093709684246
5.15746688,1759158515.628466880,/studio/pos_error_xyz.err_z,NaN
5.16033579,1759158515.631335790,/studio/pos_error_xyz.err_z,NaN
5.160892734,1759158515.631892734,/studio/pos_error_xyz.err_z,0.013797199778300184
5.164389553,1759158515.635389553,/studio/pos_error_xyz.err_z,0.015986100137740822
5.167482329,1759158515.638482329,/studio/pos_error_xyz.err_z,NaN
5.170263628,1759158515.641263628,/studio/pos_error_xyz.err_z,NaN
5.170764599,1759158515.641764599,/studio/pos_error_xyz.err_z,0.016675669714594443
5.174166836,1759158515.645166836,/studio/pos_error_xyz.err_z,0.018962040788054413
5.177459938,1759158515.648459938,/studio/pos_error_xyz.err_z,NaN
5.180263148,1759158515.651263148,/studio/pos_error_xyz.err_z,NaN
5.180735363,1759158515.651735363,/studio/pos_error_xyz.err_z,0.019629991164257454
5.184183186,1759158515.655183186,/studio/pos_error_xyz.err_z,0.02184182110205768
5.187471335,1759158515.658471335,/studio/pos_error_xyz.err_z,NaN
5.190309053,1759158515.661309053,/studio/pos_error_xyz.err_z,NaN
5.190704823,1759158515.661704823,/studio/pos_error_xyz.err_z,0.02254851449932982
5.19418675,1759158515.665186750,/studio/pos_error_xyz.err_z,0.024903443110258383
5.1975315890000005,1759158515.668531589,/studio/pos_error_xyz.err_z,NaN
5.200267322,1759158515.671267322,/studio/pos_error_xyz.err_z,NaN
5.20076133,1759158515.671761330,/studio/pos_error_xyz.err_z,0.025626060270723006
5.204189071,1759158515.675189071,/studio/pos_error_xyz.err_z,0.02804394951013256
5.207505216,1759158515.678505216,/studio/pos_error_xyz.err_z,NaN
5.210273708,1759158515.681273708,/studio/pos_error_xyz.err_z,NaN
5.210806173,1759158515.681806173,/studio/pos_error_xyz.err_z,0.028759763232940605
5.214060837,1759158515.685060837,/studio/pos_error_xyz.err_z,0.03116922274670486
5.217553055,1759158515.688553055,/studio/pos_error_xyz.err_z,NaN
5.220270566,1759158515.691270566,/studio/pos_error_xyz.err_z,NaN
5.220713731,1759158515.691713731,/studio/pos_error_xyz.err_z,0.031815728925141284
5.224054372,1759158515.695054372,/studio/pos_error_xyz.err_z,0.03400531117097816
5.227460811,1759158515.698460811,/studio/pos_error_xyz.err_z,NaN
5.230298534,1759158515.701298534,/studio/pos_error_xyz.err_z,NaN
5.230791469,1759158515.701791469,/studio/pos_error_xyz.err_z,0.03466493480593669
5.234126359,1759158515.705126359,/studio/pos_error_xyz.err_z,0.03691998777628358
5.237342253,1759158515.708342253,/studio/pos_error_xyz.err_z,NaN
5.240286822,1759158515.711286822,/studio/pos_error_xyz.err_z,NaN
5.24071503,1759158515.711715030,/studio/pos_error_xyz.err_z,0.03760584922768562
5.244163356,1759158515.715163356,/studio/pos_error_xyz.err_z,0.039989633098957755
5.247398585,1759158515.718398585,/studio/pos_error_xyz.err_z,NaN
5.250309687,1759158515.721309687,/studio/pos_error_xyz.err_z,NaN
5.250702969,1759158515.721702969,/studio/pos_error_xyz.err_z,0.04067031635633733
5.253983183,1759158515.724983183,/studio/pos_error_xyz.err_z,0.04304082948771293
5.257304508,1759158515.728304508,/studio/pos_error_xyz.err_z,NaN
5.260262615,1759158515.731262615,/studio/pos_error_xyz.err_z,NaN
5.260763123,1759158515.731763123,/studio/pos_error_xyz.err_z,0.04369289043374125
5.264060215,1759158515.735060215,/studio/pos_error_xyz.err_z,0.04599167642329882
5.267413282,1759158515.738413282,/studio/pos_error_xyz.err_z,NaN
5.270295777,1759158515.741295777,/studio/pos_error_xyz.err_z,NaN
5.2706978620000005,1759158515.741697862,/studio/pos_error_xyz.err_z,0.04664969255193796
5.273978281,1759158515.744978281,/studio/pos_error_xyz.err_z,0.04895127600085414
5.277532236,1759158515.748532236,/studio/pos_error_xyz.err_z,NaN
5.280261378,1759158515.751261378,/studio/pos_error_xyz.err_z,NaN
5.280866425,1759158515.751866425,/studio/pos_error_xyz.err_z,0.049585816034383834
5.290265962,1759158515.761265962,/studio/pos_error_xyz.err_z,NaN
5.297647846,1759158515.768647846,/studio/pos_error_xyz.err_z,0.051839486270346624
5.297649598,1759158515.768649598,/studio/pos_error_xyz.err_z,NaN
5.297653441,1759158515.768653441,/studio/pos_error_xyz.err_z,0.05250919140503196
5.297656235,1759158515.768656235,/studio/pos_error_xyz.err_z,0.053518486887423
5.300305664,1759158515.771305664,/studio/pos_error_xyz.err_z,NaN
5.303780308,1759158515.774780308,/studio/pos_error_xyz.err_z,0.05452809270742098
5.303784613,1759158515.774784613,/studio/pos_error_xyz.err_z,0.05551823275593959
5.304700196,1759158515.775700196,/studio/pos_error_xyz.err_z,0.056499766786549444
5.307312199,1759158515.778312199,/studio/pos_error_xyz.err_z,0.05782856760244548
5.310348622,1759158515.781348622,/studio/pos_error_xyz.err_z,NaN
5.311330772,1759158515.782330772,/studio/pos_error_xyz.err_z,0.05844298931836378
5.313983274,1759158515.784983274,/studio/pos_error_xyz.err_z,0.060673335036478315
5.317332535,1759158515.788332535,/studio/pos_error_xyz.err_z,NaN
5.320301396,1759158515.791301396,/studio/pos_error_xyz.err_z,NaN
5.320639915,1759158515.791639915,/studio/pos_error_xyz.err_z,0.061278529312172925
5.324095503,1759158515.795095503,/studio/pos_error_xyz.err_z,0.06349417664671408
5.327383766,1759158515.798383766,/studio/pos_error_xyz.err_z,NaN
5.330273642,1759158515.801273642,/studio/pos_error_xyz.err_z,NaN
5.330627581,1759158515.801627581,/studio/pos_error_xyz.err_z,0.06410259709824673
5.334033123,1759158515.805033123,/studio/pos_error_xyz.err_z,0.06632985703566718
5.33742026,1759158515.808420260,/studio/pos_error_xyz.err_z,NaN
5.340283414,1759158515.811283414,/studio/pos_error_xyz.err_z,NaN
5.340681844,1759158515.811681844,/studio/pos_error_xyz.err_z,0.06690355060515141
5.343937845,1759158515.814937845,/studio/pos_error_xyz.err_z,0.06899098380422641
5.347304679,1759158515.818304679,/studio/pos_error_xyz.err_z,NaN
5.350302339,1759158515.821302339,/studio/pos_error_xyz.err_z,NaN
5.350743168,1759158515.821743168,/studio/pos_error_xyz.err_z,0.06956756795895092
5.353947657,1759158515.824947657,/studio/pos_error_xyz.err_z,0.07169134604327909
5.357250875,1759158515.828250875,/studio/pos_error_xyz.err_z,NaN
5.360262794,1759158515.831262794,/studio/pos_error_xyz.err_z,NaN
5.360536931,1759158515.831536931,/studio/pos_error_xyz.err_z,0.07223028789333985
5.363993386,1759158515.834993386,/studio/pos_error_xyz.err_z,0.07423435749669749
5.367341818,1759158515.838341818,/studio/pos_error_xyz.err_z,NaN
5.370265323,1759158515.841265323,/studio/pos_error_xyz.err_z,NaN
5.370848448,1759158515.841848448,/studio/pos_error_xyz.err_z,0.07477404858911751
5.374000464,1759158515.845000464,/studio/pos_error_xyz.err_z,0.07676958867841144
5.377263799,1759158515.848263799,/studio/pos_error_xyz.err_z,NaN
5.380291957,1759158515.851291957,/studio/pos_error_xyz.err_z,NaN
5.380653626,1759158515.851653626,/studio/pos_error_xyz.err_z,0.07728206316194974
5.384789596,1759158515.855789596,/studio/pos_error_xyz.err_z,0.07919002029212385
5.387200652,1759158515.858200652,/studio/pos_error_xyz.err_z,NaN
5.390264285,1759158515.861264285,/studio/pos_error_xyz.err_z,NaN
5.390671023,1759158515.861671023,/studio/pos_error_xyz.err_z,0.07964175969962062
5.393854528,1759158515.864854528,/studio/pos_error_xyz.err_z,0.08133212172679904
5.397225963,1759158515.868225963,/studio/pos_error_xyz.err_z,NaN
5.400272488,1759158515.871272488,/studio/pos_error_xyz.err_z,NaN
5.400805917,1759158515.871805917,/studio/pos_error_xyz.err_z,0.08182768058409051
5.40391087,1759158515.874910870,/studio/pos_error_xyz.err_z,0.08368703475609007
5.407450929,1759158515.878450929,/studio/pos_error_xyz.err_z,NaN
5.410267022,1759158515.881267022,/studio/pos_error_xyz.err_z,NaN
5.410502215,1759158515.881502215,/studio/pos_error_xyz.err_z,0.08412752413036251
5.41393994,1759158515.884939940,/studio/pos_error_xyz.err_z,0.08580541338045755
5.417229184,1759158515.888229184,/studio/pos_error_xyz.err_z,NaN
5.420299179,1759158515.891299179,/studio/pos_error_xyz.err_z,NaN
5.420508791,1759158515.891508791,/studio/pos_error_xyz.err_z,0.08625097741782217
5.424310565,1759158515.895310565,/studio/pos_error_xyz.err_z,0.08795389740299431
5.427288846,1759158515.898288846,/studio/pos_error_xyz.err_z,NaN
5.430295532,1759158515.901295532,/studio/pos_error_xyz.err_z,NaN
5.430615877,1759158515.901615877,/studio/pos_error_xyz.err_z,0.0883890216225538
5.434090173,1759158515.905090173,/studio/pos_error_xyz.err_z,0.09009176974893163
5.437254195,1759158515.908254195,/studio/pos_error_xyz.err_z,NaN
5.440288133,1759158515.911288133,/studio/pos_error_xyz.err_z,NaN
5.440630531,1759158515.911630531,/studio/pos_error_xyz.err_z,0.09048596788506846
5.443800446,1759158515.914800446,/studio/pos_error_xyz.err_z,0.09202464287977663
5.447147582,1759158515.918147582,/studio/pos_error_xyz.err_z,NaN
5.450286467,1759158515.921286467,/studio/pos_error_xyz.err_z,NaN
5.450679996,1759158515.921679996,/studio/pos_error_xyz.err_z,0.09239773253811245
5.453953812,1759158515.924953812,/studio/pos_error_xyz.err_z,0.09385629766862458
5.457177596,1759158515.928177596,/studio/pos_error_xyz.err_z,NaN
5.460278066,1759158515.931278066,/studio/pos_error_xyz.err_z,NaN
5.460481463,1759158515.931481463,/studio/pos_error_xyz.err_z,0.09420760124721683
5.463809422,1759158515.934809422,/studio/pos_error_xyz.err_z,0.09558214058882042
5.46728545,1759158515.938285450,/studio/pos_error_xyz.err_z,NaN
5.470291459,1759158515.941291459,/studio/pos_error_xyz.err_z,NaN
5.470664831,1759158515.941664831,/studio/pos_error_xyz.err_z,0.09592442168728321
5.473977868,1759158515.944977868,/studio/pos_error_xyz.err_z,0.09727402171761801
5.477212981,1759158515.948212981,/studio/pos_error_xyz.err_z,NaN
5.480292275,1759158515.951292275,/studio/pos_error_xyz.err_z,NaN
5.480487784,1759158515.951487784,/studio/pos_error_xyz.err_z,0.09755867296940601
5.483818403,1759158515.954818403,/studio/pos_error_xyz.err_z,0.0986983017703984
5.487961799,1759158515.958961799,/studio/pos_error_xyz.err_z,NaN
5.490263892,1759158515.961263892,/studio/pos_error_xyz.err_z,NaN
5.500320874,1759158515.971320874,/studio/pos_error_xyz.err_z,NaN
5.504669669,1759158515.975669669,/studio/pos_error_xyz.err_z,0.09903663842310517
5.504674073,1759158515.975674073,/studio/pos_error_xyz.err_z,0.09959738692966713
5.5046757070000005,1759158515.975675707,/studio/pos_error_xyz.err_z,0.10015791996262546
5.504677835,1759158515.975677835,/studio/pos_error_xyz.err_z,0.10066884412623223
5.50803937,1759158515.979039370,/studio/pos_error_xyz.err_z,0.10114725964751647
5.5080438780000005,1759158515.979043878,/studio/pos_error_xyz.err_z,0.10162563840154526
5.510272363,1759158515.981272363,/studio/pos_error_xyz.err_z,NaN
5.510578789,1759158515.981578789,/studio/pos_error_xyz.err_z,0.10208929847062831
5.5138349,1759158515.984834900,/studio/pos_error_xyz.err_z,0.10318214483350263
5.517127009,1759158515.988127009,/studio/pos_error_xyz.err_z,NaN
5.520289327,1759158515.991289327,/studio/pos_error_xyz.err_z,NaN
5.520914723,1759158515.991914723,/studio/pos_error_xyz.err_z,0.10343752640835402
5.524000292,1759158515.995000292,/studio/pos_error_xyz.err_z,0.10447116501558695
5.527445223,1759158515.998445223,/studio/pos_error_xyz.err_z,NaN
5.530275598,1759158516.001275598,/studio/pos_error_xyz.err_z,NaN
5.53058414,1759158516.001584140,/studio/pos_error_xyz.err_z,0.10470428653283714
5.533796458,1759158516.004796458,/studio/pos_error_xyz.err_z,0.10565488442037907
5.5371243020000005,1759158516.008124302,/studio/pos_error_xyz.err_z,NaN
5.54032541,1759158516.011325410,/studio/pos_error_xyz.err_z,NaN
5.540494961,1759158516.011494961,/studio/pos_error_xyz.err_z,0.10588255080082187
5.54382306,1759158516.014823060,/studio/pos_error_xyz.err_z,0.1068211418885674
5.547100065,1759158516.018100065,/studio/pos_error_xyz.err_z,NaN
5.550318222,1759158516.021318222,/studio/pos_error_xyz.err_z,NaN
5.55042155,1759158516.021421550,/studio/pos_error_xyz.err_z,0.10702467169414254
5.5537192,1759158516.024719200,/studio/pos_error_xyz.err_z,0.10787594712626203
5.557154764,1759158516.028154764,/studio/pos_error_xyz.err_z,NaN
5.5602804720000005,1759158516.031280472,/studio/pos_error_xyz.err_z,NaN
5.560472878,1759158516.031472878,/studio/pos_error_xyz.err_z,0.10806215775933392
5.5638594040000005,1759158516.034859404,/studio/pos_error_xyz.err_z,0.10883725982726156
5.5671040430000005,1759158516.038104043,/studio/pos_error_xyz.err_z,NaN
5.570286629,1759158516.041286629,/studio/pos_error_xyz.err_z,NaN
5.570430722,1759158516.041430722,/studio/pos_error_xyz.err_z,0.10902474948577412
5.573867647,1759158516.044867647,/studio/pos_error_xyz.err_z,0.10981041925069368
5.577171014,1759158516.048171014,/studio/pos_error_xyz.err_z,NaN
5.580284503,1759158516.051284503,/studio/pos_error_xyz.err_z,NaN
5.580348533,1759158516.051348533,/studio/pos_error_xyz.err_z,0.10993310681484658
5.583727076,1759158516.054727076,/studio/pos_error_xyz.err_z,0.11045266083283067
5.587011866,1759158516.058011866,/studio/pos_error_xyz.err_z,NaN
5.590308428,1759158516.061308428,/studio/pos_error_xyz.err_z,NaN
5.59059919,1759158516.061599190,/studio/pos_error_xyz.err_z,0.11045693909838561
5.594071231,1759158516.065071231,/studio/pos_error_xyz.err_z,0.11047508369732939
5.597120913,1759158516.068120913,/studio/pos_error_xyz.err_z,NaN
5.600290591,1759158516.071290591,/studio/pos_error_xyz.err_z,NaN
5.600406408,1759158516.071406408,/studio/pos_error_xyz.err_z,0.11061099196317792
5.604134964,1759158516.075134964,/studio/pos_error_xyz.err_z,0.11119029110522938
5.607121785,1759158516.078121785,/studio/pos_error_xyz.err_z,NaN
5.610291573,1759158516.081291573,/studio/pos_error_xyz.err_z,NaN
5.610424333,1759158516.081424333,/studio/pos_error_xyz.err_z,0.11131505049353874
5.613656976,1759158516.084656976,/studio/pos_error_xyz.err_z,0.11185124177836347
5.617034965,1759158516.088034965,/studio/pos_error_xyz.err_z,NaN
5.620275727,1759158516.091275727,/studio/pos_error_xyz.err_z,NaN
5.620286904,1759158516.091286904,/studio/pos_error_xyz.err_z,0.11196737543718949
5.623750297,1759158516.094750297,/studio/pos_error_xyz.err_z,0.11246978765809712
5.627054343,1759158516.098054343,/studio/pos_error_xyz.err_z,NaN
5.6302993820000005,1759158516.101299382,/studio/pos_error_xyz.err_z,NaN
5.630378116,1759158516.101378116,/studio/pos_error_xyz.err_z,0.11256541943867981
5.633713352,1759158516.104713352,/studio/pos_error_xyz.err_z,0.11298294758240846
5.63701066,1759158516.108010660,/studio/pos_error_xyz.err_z,NaN
5.640330743,1759158516.111330743,/studio/pos_error_xyz.err_z,NaN
5.640389392,1759158516.111389392,/studio/pos_error_xyz.err_z,0.11309089320248433
5.643768985,1759158516.114768985,/studio/pos_error_xyz.err_z,0.11356363593114271
5.647129471,1759158516.118129471,/studio/pos_error_xyz.err_z,NaN
5.650285771,1759158516.121285771,/studio/pos_error_xyz.err_z,NaN
5.650428046,1759158516.121428046,/studio/pos_error_xyz.err_z,0.11364740712692356
5.653567344,1759158516.124567344,/studio/pos_error_xyz.err_z,0.1140199457263622
5.657097286,1759158516.128097286,/studio/pos_error_xyz.err_z,NaN
5.660270032,1759158516.131270032,/studio/pos_error_xyz.err_z,NaN
5.66029259,1759158516.131292590,/studio/pos_error_xyz.err_z,0.11410317289914307
5.663621165,1759158516.134621165,/studio/pos_error_xyz.err_z,0.11447351524052429
5.666909811,1759158516.137909811,/studio/pos_error_xyz.err_z,NaN
5.67021657,1759158516.141216570,/studio/pos_error_xyz.err_z,NaN
5.670271289,1759158516.141271289,/studio/pos_error_xyz.err_z,0.11455296466469966
5.673815341,1759158516.144815341,/studio/pos_error_xyz.err_z,0.11490888738324534
5.676970544,1759158516.147970544,/studio/pos_error_xyz.err_z,NaN
5.680262777,1759158516.151262777,/studio/pos_error_xyz.err_z,NaN
5.680388873,1759158516.151388873,/studio/pos_error_xyz.err_z,0.11497367066836017
5.683571343,1759158516.154571343,/studio/pos_error_xyz.err_z,0.11526521371778431
5.686957829,1759158516.157957829,/studio/pos_error_xyz.err_z,NaN
5.690275451,1759158516.161275451,/studio/pos_error_xyz.err_z,NaN
5.69040637,1759158516.161406370,/studio/pos_error_xyz.err_z,0.11533603947199245
5.700341749,1759158516.171341749,/studio/pos_error_xyz.err_z,NaN
5.706849996,1759158516.177849996,/studio/pos_error_xyz.err_z,0.11546643788326572
5.70685604,1759158516.177856040,/studio/pos_error_xyz.err_z,0.11559685633887251
5.706861628,1759158516.177861628,/studio/pos_error_xyz.err_z,0.11570568171128981
5.706866769,1759158516.177866769,/studio/pos_error_xyz.err_z,0.11579627479236065
5.710271358,1759158516.181271358,/studio/pos_error_xyz.err_z,NaN
5.71288141,1759158516.183881410,/studio/pos_error_xyz.err_z,0.11588684002648408
5.7128839750000004,1759158516.183883975,/studio/pos_error_xyz.err_z,0.11598192873793844
5.713962012,1759158516.184962012,/studio/pos_error_xyz.err_z,0.11622696402940202
5.716953253,1759158516.187953253,/studio/pos_error_xyz.err_z,NaN
5.72030296,1759158516.191302960,/studio/pos_error_xyz.err_z,NaN
5.72033277,1759158516.191332770,/studio/pos_error_xyz.err_z,0.11625991206013819
5.723489352,1759158516.194489352,/studio/pos_error_xyz.err_z,0.11641286098656778
5.72704799,1759158516.198047990,/studio/pos_error_xyz.err_z,NaN
5.730331873,1759158516.201331873,/studio/pos_error_xyz.err_z,NaN
5.730410348,1759158516.201410348,/studio/pos_error_xyz.err_z,0.11644584831473681
5.73358944,1759158516.204589440,/studio/pos_error_xyz.err_z,0.11660203331451546
5.7372392,1759158516.208239200,/studio/pos_error_xyz.err_z,NaN
5.74028351,1759158516.211283510,/studio/pos_error_xyz.err_z,NaN
5.740592607,1759158516.211592607,/studio/pos_error_xyz.err_z,0.000035899104343206645
5.7435819200000005,1759158516.214581920,/studio/pos_error_xyz.err_z,0.00016047438817179405
5.746852419,1759158516.217852419,/studio/pos_error_xyz.err_z,NaN
5.750218796,1759158516.221218796,/studio/pos_error_xyz.err_z,NaN
5.750283681,1759158516.221283681,/studio/pos_error_xyz.err_z,0.00016502134908424893
5.753507095,1759158516.224507095,/studio/pos_error_xyz.err_z,0.0001869114979855535
5.756932928,1759158516.227932928,/studio/pos_error_xyz.err_z,NaN
5.7602691010000004,1759158516.231269101,/studio/pos_error_xyz.err_z,NaN
5.760291377,1759158516.231291377,/studio/pos_error_xyz.err_z,0.00020318595505286474
5.763562108,1759158516.234562108,/studio/pos_error_xyz.err_z,0.00028117948299266615
5.766892018,1759158516.237892018,/studio/pos_error_xyz.err_z,NaN
5.770172445,1759158516.241172445,/studio/pos_error_xyz.err_z,NaN
5.770311813,1759158516.241311813,/studio/pos_error_xyz.err_z,0.0003249923561459145
5.773604361,1759158516.244604361,/studio/pos_error_xyz.err_z,0.0005355922031498039
5.776914726,1759158516.247914726,/studio/pos_error_xyz.err_z,NaN
5.780192177,1759158516.251192177,/studio/pos_error_xyz.err_z,NaN
5.780274126,1759158516.251274126,/studio/pos_error_xyz.err_z,0.0005410600480981742
5.783556752,1759158516.254556752,/studio/pos_error_xyz.err_z,0.0005685349316346677
5.786908112,1759158516.257908112,/studio/pos_error_xyz.err_z,NaN
5.790186896,1759158516.261186896,/studio/pos_error_xyz.err_z,NaN
5.7902631200000005,1759158516.261263120,/studio/pos_error_xyz.err_z,0.0005702690199582694
5.79439786,1759158516.265397860,/studio/pos_error_xyz.err_z,0.0005800477186721498
5.796935151,1759158516.267935151,/studio/pos_error_xyz.err_z,NaN
5.800156626,1759158516.271156626,/studio/pos_error_xyz.err_z,NaN
5.800263054,1759158516.271263054,/studio/pos_error_xyz.err_z,0.0005887418601926431
5.80359066,1759158516.274590660,/studio/pos_error_xyz.err_z,0.0006326736015156431
5.807167842,1759158516.278167842,/studio/pos_error_xyz.err_z,NaN
5.810232269,1759158516.281232269,/studio/pos_error_xyz.err_z,NaN
5.810283954,1759158516.281283954,/studio/pos_error_xyz.err_z,0.0006384427229222389
5.813676075,1759158516.284676075,/studio/pos_error_xyz.err_z,0.0006686545967735658
5.816843714,1759158516.287843714,/studio/pos_error_xyz.err_z,NaN
5.82011675,1759158516.291116750,/studio/pos_error_xyz.err_z,NaN
5.820320369,1759158516.291320369,/studio/pos_error_xyz.err_z,0.0006678986458750202
5.823459388,1759158516.294459388,/studio/pos_error_xyz.err_z,0.0006662015576863745
5.826963471,1759158516.297963471,/studio/pos_error_xyz.err_z,NaN
5.830250467,1759158516.301250467,/studio/pos_error_xyz.err_z,NaN
5.830276854,1759158516.301276854,/studio/pos_error_xyz.err_z,0.0006804160672067017
5.833560163,1759158516.304560163,/studio/pos_error_xyz.err_z,0.0007537724990718253
5.836966854,1759158516.307966854,/studio/pos_error_xyz.err_z,NaN
5.8400805590000004,1759158516.311080559,/studio/pos_error_xyz.err_z,NaN
5.840284669,1759158516.311284669,/studio/pos_error_xyz.err_z,0.0007588420512463223
5.843810013,1759158516.314810013,/studio/pos_error_xyz.err_z,0.0007868060057902859
5.847001169,1759158516.318001169,/studio/pos_error_xyz.err_z,NaN
5.85011168,1759158516.321111680,/studio/pos_error_xyz.err_z,NaN
5.850291938,1759158516.321291938,/studio/pos_error_xyz.err_z,0.0007870213663234704
5.853490683,1759158516.324490683,/studio/pos_error_xyz.err_z,0.0007908772274571874
5.856780994,1759158516.327780994,/studio/pos_error_xyz.err_z,NaN
5.860183598,1759158516.331183598,/studio/pos_error_xyz.err_z,NaN
5.860306273,1759158516.331306273,/studio/pos_error_xyz.err_z,0.000837637407204328
5.863445424,1759158516.334445424,/studio/pos_error_xyz.err_z,0.0010799739794791208
5.866829311,1759158516.337829311,/studio/pos_error_xyz.err_z,NaN
5.870156456,1759158516.341156456,/studio/pos_error_xyz.err_z,NaN
5.87033018,1759158516.341330180,/studio/pos_error_xyz.err_z,0.0010561600378884428
5.873398994,1759158516.344398994,/studio/pos_error_xyz.err_z,0.0009340165518554322
5.876833015,1759158516.347833015,/studio/pos_error_xyz.err_z,NaN
5.880157082,1759158516.351157082,/studio/pos_error_xyz.err_z,NaN
5.880280626,1759158516.351280626,/studio/pos_error_xyz.err_z,0.0009406809368113223
5.883499562,1759158516.354499562,/studio/pos_error_xyz.err_z,0.0009786711791706093
5.886832518,1759158516.357832518,/studio/pos_error_xyz.err_z,NaN
5.890104564,1759158516.361104564,/studio/pos_error_xyz.err_z,NaN
5.890337318,1759158516.361337318,/studio/pos_error_xyz.err_z,0.0010174962465354653
5.89352932,1759158516.364529320,/studio/pos_error_xyz.err_z,0.0012243628531396489
5.897408695,1759158516.368408695,/studio/pos_error_xyz.err_z,NaN
5.900311106,1759158516.371311106,/studio/pos_error_xyz.err_z,NaN
5.910304675,1759158516.381304675,/studio/pos_error_xyz.err_z,NaN
5.9138958210000006,1759158516.384895821,/studio/pos_error_xyz.err_z,0.0012361785000751802
5.913898732,1759158516.384898732,/studio/pos_error_xyz.err_z,0.0012615559360189543
5.913900756,1759158516.384900756,/studio/pos_error_xyz.err_z,0.001287989690567315
5.913903535,1759158516.384903535,/studio/pos_error_xyz.err_z,0.001279715210682042
5.917170548,1759158516.388170548,/studio/pos_error_xyz.err_z,0.0012318103967197125
5.917172962,1759158516.388172962,/studio/pos_error_xyz.err_z,0.0011849483855495002
5.920169537,1759158516.391169537,/studio/pos_error_xyz.err_z,0.0011603346084874122
5.920270879,1759158516.391270879,/studio/pos_error_xyz.err_z,0.0011938263006119332
5.923442755,1759158516.394442755,/studio/pos_error_xyz.err_z,0.0013820651699716358
5.926767245,1759158516.397767245,/studio/pos_error_xyz.err_z,NaN
5.930228906,1759158516.401228906,/studio/pos_error_xyz.err_z,NaN
5.930279921,1759158516.401279921,/studio/pos_error_xyz.err_z,0.0013937535956674019
5.933579197,1759158516.404579197,/studio/pos_error_xyz.err_z,0.0014612761067112068
5.936855819,1759158516.407855819,/studio/pos_error_xyz.err_z,NaN
5.940126467,1759158516.411126467,/studio/pos_error_xyz.err_z,NaN
5.940281746,1759158516.411281746,/studio/pos_error_xyz.err_z,0.0014733102351980332
5.943428521,1759158516.414428521,/studio/pos_error_xyz.err_z,0.0015432311039427216
5.946822616,1759158516.417822616,/studio/pos_error_xyz.err_z,NaN
5.950282915,1759158516.421282915,/studio/pos_error_xyz.err_z,NaN
5.950659159,1759158516.421659159,/studio/pos_error_xyz.err_z,0.0015485141756574894
5.953503255,1759158516.424503255,/studio/pos_error_xyz.err_z,0.001582281817931852
5.956785249,1759158516.427785249,/studio/pos_error_xyz.err_z,NaN
5.960082384,1759158516.431082384,/studio/pos_error_xyz.err_z,NaN
5.96027519,1759158516.431275190,/studio/pos_error_xyz.err_z,0.0015890527079363004
5.963279251,1759158516.434279251,/studio/pos_error_xyz.err_z,0.0016314514444102368
5.966852391,1759158516.437852391,/studio/pos_error_xyz.err_z,NaN
5.97023208,1759158516.441232080,/studio/pos_error_xyz.err_z,NaN
5.970271405,1759158516.441271405,/studio/pos_error_xyz.err_z,0.0016164722004441412
5.9735433790000005,1759158516.444543379,/studio/pos_error_xyz.err_z,0.0015391285675543376
5.977375853,1759158516.448375853,/studio/pos_error_xyz.err_z,NaN
5.980198553,1759158516.451198553,/studio/pos_error_xyz.err_z,NaN
5.98026266,1759158516.451262660,/studio/pos_error_xyz.err_z,0.0015822051271539017
5.983526447,1759158516.454526447,/studio/pos_error_xyz.err_z,0.0018272097109335306
5.986712245,1759158516.457712245,/studio/pos_error_xyz.err_z,NaN
5.990050056,1759158516.461050056,/studio/pos_error_xyz.err_z,NaN
5.99026445,1759158516.461264450,/studio/pos_error_xyz.err_z,0.0018282890168519472
5.993876831,1759158516.464876831,/studio/pos_error_xyz.err_z,0.0018401185727698888
5.996802625,1759158516.467802625,/studio/pos_error_xyz.err_z,NaN
6.000180411,1759158516.471180411,/studio/pos_error_xyz.err_z,NaN
6.000272186,1759158516.471272186,/studio/pos_error_xyz.err_z,0.001856482338671972
6.003458484,1759158516.474458484,/studio/pos_error_xyz.err_z,0.0019548959997752746
6.006854677,1759158516.477854677,/studio/pos_error_xyz.err_z,NaN
6.010257963,1759158516.481257963,/studio/pos_error_xyz.err_z,NaN
6.010279378,1759158516.481279378,/studio/pos_error_xyz.err_z,0.0019641940480397135
6.014165638,1759158516.485165638,/studio/pos_error_xyz.err_z,0.0020234092020054995
6.016806696,1759158516.487806696,/studio/pos_error_xyz.err_z,NaN
6.020064704,1759158516.491064704,/studio/pos_error_xyz.err_z,NaN
6.020269195,1759158516.491269195,/studio/pos_error_xyz.err_z,0.002034054836013599
6.023537969,1759158516.494537969,/studio/pos_error_xyz.err_z,0.002101404347780944
6.026688374,1759158516.497688374,/studio/pos_error_xyz.err_z,NaN
6.030304488,1759158516.501304488,/studio/pos_error_xyz.err_z,NaN
6.030499297,1759158516.501499297,/studio/pos_error_xyz.err_z,0.002111874559732385
6.033748901,1759158516.504748901,/studio/pos_error_xyz.err_z,0.002179233460000596
6.036689048,1759158516.507689048,/studio/pos_error_xyz.err_z,NaN
6.040086478,1759158516.511086478,/studio/pos_error_xyz.err_z,NaN
6.040298266,1759158516.511298266,/studio/pos_error_xyz.err_z,0.002189614358309333
6.043242849,1759158516.514242849,/studio/pos_error_xyz.err_z,0.002258497820816885
6.046674139,1759158516.517674139,/studio/pos_error_xyz.err_z,NaN
6.050311712,1759158516.521311712,/studio/pos_error_xyz.err_z,NaN
6.050404375,1759158516.521404375,/studio/pos_error_xyz.err_z,0.0022756952795395247
6.053775168,1759158516.524775168,/studio/pos_error_xyz.err_z,0.0023850983784563518
6.056835288,1759158516.527835288,/studio/pos_error_xyz.err_z,NaN
6.060149345,1759158516.531149345,/studio/pos_error_xyz.err_z,NaN
6.060266039,1759158516.531266039,/studio/pos_error_xyz.err_z,0.0023994564803819785
6.063275477,1759158516.534275477,/studio/pos_error_xyz.err_z,0.002493998435743716
6.066894425,1759158516.537894425,/studio/pos_error_xyz.err_z,NaN
6.069952734,1759158516.540952734,/studio/pos_error_xyz.err_z,NaN
6.070298739,1759158516.541298739,/studio/pos_error_xyz.err_z,0.00250836502366103
6.073319571,1759158516.544319571,/studio/pos_error_xyz.err_z,0.0026024579229650957
6.077334076,1759158516.548334076,/studio/pos_error_xyz.err_z,NaN
6.080266053,1759158516.551266053,/studio/pos_error_xyz.err_z,NaN
6.080707126,1759158516.551707126,/studio/pos_error_xyz.err_z,0.0026123289263075833
6.083358956,1759158516.554358956,/studio/pos_error_xyz.err_z,0.0026806771703176135
6.086881847,1759158516.557881847,/studio/pos_error_xyz.err_z,NaN
6.089911221,1759158516.560911221,/studio/pos_error_xyz.err_z,NaN
6.090267604,1759158516.561267604,/studio/pos_error_xyz.err_z,0.0026936232864953613
6.093214015,1759158516.564214015,/studio/pos_error_xyz.err_z,0.0027801529293518534
6.096533486,1759158516.567533486,/studio/pos_error_xyz.err_z,NaN
6.100001291,1759158516.571001291,/studio/pos_error_xyz.err_z,NaN
6.100309289,1759158516.571309289,/studio/pos_error_xyz.err_z,0.002769735384690053
6.110314691,1759158516.581314691,/studio/pos_error_xyz.err_z,NaN
6.1165863,1759158516.587586300,/studio/pos_error_xyz.err_z,0.0027463244985690416
6.116593019,1759158516.587593019,/studio/pos_error_xyz.err_z,0.0027249545320546797
6.116597183,1759158516.587597183,/studio/pos_error_xyz.err_z,0.0027430259042120486
6.116600131,1759158516.587600131,/studio/pos_error_xyz.err_z,0.0028180792909504593
6.120322734,1759158516.591322734,/studio/pos_error_xyz.err_z,NaN
6.122608014,1759158516.593608014,/studio/pos_error_xyz.err_z,0.0028951862010726526
6.122610945,1759158516.593610945,/studio/pos_error_xyz.err_z,0.002955500423162505
6.124272759,1759158516.595272759,/studio/pos_error_xyz.err_z,0.002996192709296075
6.126782695,1759158516.597782695,/studio/pos_error_xyz.err_z,0.0030493687478982956
6.129813839,1759158516.600813839,/studio/pos_error_xyz.err_z,NaN
6.130289609,1759158516.601289609,/studio/pos_error_xyz.err_z,0.0030609463900936884
6.133686017,1759158516.604686017,/studio/pos_error_xyz.err_z,0.003144334054443698
6.136607256,1759158516.607607256,/studio/pos_error_xyz.err_z,NaN
6.139950241,1759158516.610950241,/studio/pos_error_xyz.err_z,NaN
6.140353464,1759158516.611353464,/studio/pos_error_xyz.err_z,0.003156251082973238
6.143252718,1759158516.614252718,/studio/pos_error_xyz.err_z,0.003241359677359723
6.14660916,1759158516.617609160,/studio/pos_error_xyz.err_z,NaN
6.150267285,1759158516.621267285,/studio/pos_error_xyz.err_z,NaN
6.150309908,1759158516.621309908,/studio/pos_error_xyz.err_z,0.0032570670251621525
6.153288681,1759158516.624288681,/studio/pos_error_xyz.err_z,0.003369858937430692
6.156612759,1759158516.627612759,/studio/pos_error_xyz.err_z,NaN
6.159937383,1759158516.630937383,/studio/pos_error_xyz.err_z,NaN
6.160267438,1759158516.631267438,/studio/pos_error_xyz.err_z,0.00338157216055901
6.163221388,1759158516.634221388,/studio/pos_error_xyz.err_z,0.003466299822149743
6.166673383,1759158516.637673383,/studio/pos_error_xyz.err_z,NaN
6.169995107,1759158516.640995107,/studio/pos_error_xyz.err_z,NaN
6.170266065,1759158516.641266065,/studio/pos_error_xyz.err_z,0.0034833127935260944
6.173130074,1759158516.644130074,/studio/pos_error_xyz.err_z,0.003603025394171455
6.176449245,1759158516.647449245,/studio/pos_error_xyz.err_z,NaN
6.17975377,1759158516.650753770,/studio/pos_error_xyz.err_z,NaN
6.180261918,1759158516.651261918,/studio/pos_error_xyz.err_z,0.0036175266533002848
6.183056729,1759158516.654056729,/studio/pos_error_xyz.err_z,0.0037223187564965343
6.186646704,1759158516.657646704,/studio/pos_error_xyz.err_z,NaN
6.189968464,1759158516.660968464,/studio/pos_error_xyz.err_z,NaN
6.190268414,1759158516.661268414,/studio/pos_error_xyz.err_z,0.0037399130951956128
6.193213731,1759158516.664213731,/studio/pos_error_xyz.err_z,0.003865589807815928
6.196573611,1759158516.667573611,/studio/pos_error_xyz.err_z,NaN
6.199737095,1759158516.670737095,/studio/pos_error_xyz.err_z,NaN
6.200270987,1759158516.671270987,/studio/pos_error_xyz.err_z,0.0038892530263647807
6.203777655,1759158516.674777655,/studio/pos_error_xyz.err_z,0.0040580826252558655
6.206675967,1759158516.677675967,/studio/pos_error_xyz.err_z,NaN
6.209745252,1759158516.680745252,/studio/pos_error_xyz.err_z,NaN
6.210289836,1759158516.681289836,/studio/pos_error_xyz.err_z,0.004075057470838361
6.213163527,1759158516.684163527,/studio/pos_error_xyz.err_z,0.004200121517724087
6.216351335,1759158516.687351335,/studio/pos_error_xyz.err_z,NaN
6.219869677,1759158516.690869677,/studio/pos_error_xyz.err_z,NaN
6.220304538,1759158516.691304538,/studio/pos_error_xyz.err_z,0.004220149157756703
6.223482313,1759158516.694482313,/studio/pos_error_xyz.err_z,0.004370071266222464
6.226592833,1759158516.697592833,/studio/pos_error_xyz.err_z,NaN
6.229748739,1759158516.700748739,/studio/pos_error_xyz.err_z,NaN
6.230283294,1759158516.701283294,/studio/pos_error_xyz.err_z,0.004394520959857706
6.233055154,1759158516.704055154,/studio/pos_error_xyz.err_z,0.0045768463327999775
6.236433825,1759158516.707433825,/studio/pos_error_xyz.err_z,NaN
6.239755311,1759158516.710755311,/studio/pos_error_xyz.err_z,NaN
6.240272954,1759158516.711272954,/studio/pos_error_xyz.err_z,0.004594236596367818
6.243178159,1759158516.714178159,/studio/pos_error_xyz.err_z,0.0047246937109097775
6.246632301,1759158516.717632301,/studio/pos_error_xyz.err_z,NaN
6.24979631,1759158516.720796310,/studio/pos_error_xyz.err_z,NaN
6.250307545,1759158516.721307545,/studio/pos_error_xyz.err_z,0.0047460946104032065
6.253257006,1759158516.724257006,/studio/pos_error_xyz.err_z,0.004906276605921356
6.256437187,1759158516.727437187,/studio/pos_error_xyz.err_z,NaN
6.259783358,1759158516.730783358,/studio/pos_error_xyz.err_z,NaN
6.260300516,1759158516.731300516,/studio/pos_error_xyz.err_z,0.004928874052926524
6.262987353,1759158516.733987353,/studio/pos_error_xyz.err_z,0.005101341491248856
6.266426069,1759158516.737426069,/studio/pos_error_xyz.err_z,NaN
6.269861014,1759158516.740861014,/studio/pos_error_xyz.err_z,NaN
6.270345557,1759158516.741345557,/studio/pos_error_xyz.err_z,0.00512655772989401
6.273150409,1759158516.744150409,/studio/pos_error_xyz.err_z,0.005317441771610865
6.276522993,1759158516.747522993,/studio/pos_error_xyz.err_z,NaN
6.279925609,1759158516.750925609,/studio/pos_error_xyz.err_z,NaN
6.280298461,1759158516.751298461,/studio/pos_error_xyz.err_z,0.0053374449200391805
6.283033978,1759158516.754033978,/studio/pos_error_xyz.err_z,0.005495378449057897
6.286445452,1759158516.757445452,/studio/pos_error_xyz.err_z,NaN
6.289690814,1759158516.760690814,/studio/pos_error_xyz.err_z,NaN
6.290273465,1759158516.761273465,/studio/pos_error_xyz.err_z,0.005501880235196266
6.293064623,1759158516.764064623,/studio/pos_error_xyz.err_z,0.005561488540458459
6.296376154,1759158516.767376154,/studio/pos_error_xyz.err_z,NaN
6.299676676,1759158516.770676676,/studio/pos_error_xyz.err_z,NaN
6.30032303,1759158516.771323030,/studio/pos_error_xyz.err_z,0.0055886712814454675
6.3030779,1759158516.774077900,/studio/pos_error_xyz.err_z,0.0058008623963969885
6.306995959,1759158516.777995959,/studio/pos_error_xyz.err_z,NaN
6.310301391,1759158516.781301391,/studio/pos_error_xyz.err_z,NaN
6.3203262030000005,1759158516.791326203,/studio/pos_error_xyz.err_z,NaN
6.325159973,1759158516.796159973,/studio/pos_error_xyz.err_z,0.005845567518109718
6.32516184,1759158516.796161840,/studio/pos_error_xyz.err_z,0.005976728909403484
6.325165692,1759158516.796165692,/studio/pos_error_xyz.err_z,0.006110745097329895
6.325170762,1759158516.796170762,/studio/pos_error_xyz.err_z,0.00622607756734217
6.326321032,1759158516.797321032,/studio/pos_error_xyz.err_z,0.006303123865988969
6.326322935,1759158516.797322935,/studio/pos_error_xyz.err_z,0.0063829085087176995
6.329665522,1759158516.800665522,/studio/pos_error_xyz.err_z,0.006437612130223425
6.33029978,1759158516.801299780,/studio/pos_error_xyz.err_z,0.006464057593262629
6.33291142,1759158516.803911420,/studio/pos_error_xyz.err_z,0.006685782768254267
6.33633916,1759158516.807339160,/studio/pos_error_xyz.err_z,NaN
6.339596767,1759158516.810596767,/studio/pos_error_xyz.err_z,NaN
6.340276373,1759158516.811276373,/studio/pos_error_xyz.err_z,0.0067165941025293385
6.343033585,1759158516.814033585,/studio/pos_error_xyz.err_z,0.006969036445299448
6.346419912,1759158516.817419912,/studio/pos_error_xyz.err_z,NaN
6.349673246,1759158516.820673246,/studio/pos_error_xyz.err_z,NaN
6.350322528,1759158516.821322528,/studio/pos_error_xyz.err_z,0.0069747369744148635
6.352941596,1759158516.823941596,/studio/pos_error_xyz.err_z,0.007030475198262609
6.356290171,1759158516.827290171,/studio/pos_error_xyz.err_z,NaN
6.359671818,1759158516.830671818,/studio/pos_error_xyz.err_z,NaN
6.360268212,1759158516.831268212,/studio/pos_error_xyz.err_z,0.0070821396898912425
6.363128914,1759158516.834128914,/studio/pos_error_xyz.err_z,0.007506439312823243
6.366196303,1759158516.837196303,/studio/pos_error_xyz.err_z,NaN
6.369664286,1759158516.840664286,/studio/pos_error_xyz.err_z,NaN
6.370261317,1759158516.841261317,/studio/pos_error_xyz.err_z,0.007538756921061207
6.372901144,1759158516.843901144,/studio/pos_error_xyz.err_z,0.007804773074005622
6.376360138,1759158516.847360138,/studio/pos_error_xyz.err_z,NaN
6.379728834,1759158516.850728834,/studio/pos_error_xyz.err_z,NaN
6.380262449,1759158516.851262449,/studio/pos_error_xyz.err_z,0.007838450376818296
6.382879262,1759158516.853879262,/studio/pos_error_xyz.err_z,0.00811745729015767
6.386191538,1759158516.857191538,/studio/pos_error_xyz.err_z,NaN
6.389638926,1759158516.860638926,/studio/pos_error_xyz.err_z,NaN
6.390336863,1759158516.861336863,/studio/pos_error_xyz.err_z,0.008145849376446801
6.392945623,1759158516.863945623,/studio/pos_error_xyz.err_z,0.008385145620066092
6.396249916,1759158516.867249916,/studio/pos_error_xyz.err_z,NaN
6.399704379,1759158516.870704379,/studio/pos_error_xyz.err_z,NaN
6.400330597,1759158516.871330597,/studio/pos_error_xyz.err_z,0.008394654456838735
6.402903619,1759158516.873903619,/studio/pos_error_xyz.err_z,0.008483930676564944
6.4063248040000005,1759158516.877324804,/studio/pos_error_xyz.err_z,NaN
6.409656853,1759158516.880656853,/studio/pos_error_xyz.err_z,NaN
6.410332232,1759158516.881332232,/studio/pos_error_xyz.err_z,0.008538451513542933
6.412992287,1759158516.883992287,/studio/pos_error_xyz.err_z,0.009008334447481614
6.416252626,1759158516.887252626,/studio/pos_error_xyz.err_z,NaN
6.420302281,1759158516.891302281,/studio/pos_error_xyz.err_z,NaN
6.420490605,1759158516.891490605,/studio/pos_error_xyz.err_z,0.009038818093173084
6.423049738,1759158516.894049738,/studio/pos_error_xyz.err_z,0.009307346300142738
6.426506593,1759158516.897506593,/studio/pos_error_xyz.err_z,NaN
6.429793107,1759158516.900793107,/studio/pos_error_xyz.err_z,NaN
6.430305395,1759158516.901305395,/studio/pos_error_xyz.err_z,0.009346470824538544
6.43296747,1759158516.903967470,/studio/pos_error_xyz.err_z,0.009685304203540746
6.436368192,1759158516.907368192,/studio/pos_error_xyz.err_z,NaN
6.439675441,1759158516.910675441,/studio/pos_error_xyz.err_z,NaN
6.440370772,1759158516.911370772,/studio/pos_error_xyz.err_z,0.009721877844926397
6.443027575,1759158516.914027575,/studio/pos_error_xyz.err_z,0.010052078859369429
6.446266883,1759158516.917266883,/studio/pos_error_xyz.err_z,NaN
6.449570389,1759158516.920570389,/studio/pos_error_xyz.err_z,NaN
6.450313271,1759158516.921313271,/studio/pos_error_xyz.err_z,0.010084849632409743
6.454019355,1759158516.925019355,/studio/pos_error_xyz.err_z,0.010379665019234485
6.456278346,1759158516.927278346,/studio/pos_error_xyz.err_z,NaN
6.459645103,1759158516.930645103,/studio/pos_error_xyz.err_z,NaN
6.460270151,1759158516.931270151,/studio/pos_error_xyz.err_z,0.010396066836637852
6.4629704,1759158516.933970400,/studio/pos_error_xyz.err_z,0.010553878399878203
6.466787651,1759158516.937787651,/studio/pos_error_xyz.err_z,NaN
6.469569013,1759158516.940569013,/studio/pos_error_xyz.err_z,NaN
6.470283251,1759158516.941283251,/studio/pos_error_xyz.err_z,0.010616355166281677
6.472813814,1759158516.943813814,/studio/pos_error_xyz.err_z,0.011173705209824858
6.476199081,1759158516.947199081,/studio/pos_error_xyz.err_z,NaN
6.479637593,1759158516.950637593,/studio/pos_error_xyz.err_z,NaN
6.480265997,1759158516.951265997,/studio/pos_error_xyz.err_z,0.01121211781523157
6.482967816,1759158516.953967816,/studio/pos_error_xyz.err_z,0.011563619082522791
6.486253841,1759158516.957253841,/studio/pos_error_xyz.err_z,NaN
6.489499982,1759158516.960499982,/studio/pos_error_xyz.err_z,NaN
6.490264505,1759158516.961264505,/studio/pos_error_xyz.err_z,0.011602098330406818
6.493633123,1759158516.964633123,/studio/pos_error_xyz.err_z,0.011958109135799422
6.496730978,1759158516.967730978,/studio/pos_error_xyz.err_z,NaN
6.499570423,1759158516.970570423,/studio/pos_error_xyz.err_z,NaN
6.500263463,1759158516.971263463,/studio/pos_error_xyz.err_z,0.01199422720086507
6.50301581,1759158516.974015810,/studio/pos_error_xyz.err_z,0.012330094700517158
6.506181068,1759158516.977181068,/studio/pos_error_xyz.err_z,NaN
6.509558963,1759158516.980558963,/studio/pos_error_xyz.err_z,NaN
6.510259389,1759158516.981259389,/studio/pos_error_xyz.err_z,NaN
6.513816087,1759158516.984816087,/studio/pos_error_xyz.err_z,0.012507701598602594
6.520315063,1759158516.991315063,/studio/pos_error_xyz.err_z,NaN
6.529871335,1759158517.000871335,/studio/pos_error_xyz.err_z,0.012648061579626724
6.529874505,1759158517.000874505,/studio/pos_error_xyz.err_z,0.012769187751252353
6.529877565,1759158517.000877565,/studio/pos_error_xyz.err_z,0.012839995926111847
6.5298804520000004,1759158517.000880452,/studio/pos_error_xyz.err_z,0.012914131573029675
6.530269438,1759158517.001269438,/studio/pos_error_xyz.err_z,NaN
6.532234579,1759158517.003234579,/studio/pos_error_xyz.err_z,0.013019060377858604
6.533784507,1759158517.004784507,/studio/pos_error_xyz.err_z,0.013217429060542019
6.536139516,1759158517.007139516,/studio/pos_error_xyz.err_z,0.013511522690683009
6.539449057,1759158517.010449057,/studio/pos_error_xyz.err_z,NaN
6.540349181,1759158517.011349181,/studio/pos_error_xyz.err_z,NaN
6.54281045,1759158517.013810450,/studio/pos_error_xyz.err_z,0.013729669833334457
6.546968187,1759158517.017968187,/studio/pos_error_xyz.err_z,NaN
6.549474378,1759158517.020474378,/studio/pos_error_xyz.err_z,NaN
6.550294422,1759158517.021294422,/studio/pos_error_xyz.err_z,NaN
6.5528086739999996,1759158517.023808674,/studio/pos_error_xyz.err_z,0.014363501992116667
6.556760086,1759158517.027760086,/studio/pos_error_xyz.err_z,NaN
6.559421689,1759158517.030421689,/studio/pos_error_xyz.err_z,NaN
6.560272166,1759158517.031272166,/studio/pos_error_xyz.err_z,NaN
6.5628398390000005,1759158517.033839839,/studio/pos_error_xyz.err_z,0.014765755700200556
6.566278442,1759158517.037278442,/studio/pos_error_xyz.err_z,NaN
6.570138958,1759158517.041138958,/studio/pos_error_xyz.err_z,NaN
6.5702846610000005,1759158517.041284661,/studio/pos_error_xyz.err_z,NaN
6.572871232,1759158517.043871232,/studio/pos_error_xyz.err_z,0.015122152645067777
6.5760688720000005,1759158517.047068872,/studio/pos_error_xyz.err_z,NaN
6.579501325,1759158517.050501325,/studio/pos_error_xyz.err_z,NaN
6.580281468,1759158517.051281468,/studio/pos_error_xyz.err_z,NaN
6.5827912390000005,1759158517.053791239,/studio/pos_error_xyz.err_z,0.01553438575571886
6.586109875,1759158517.057109875,/studio/pos_error_xyz.err_z,NaN
6.589384109,1759158517.060384109,/studio/pos_error_xyz.err_z,NaN
6.59026503,1759158517.061265030,/studio/pos_error_xyz.err_z,NaN
6.592643288,1759158517.063643288,/studio/pos_error_xyz.err_z,0.015727697183095524
6.596099226,1759158517.067099226,/studio/pos_error_xyz.err_z,NaN
6.599452202,1759158517.070452202,/studio/pos_error_xyz.err_z,NaN
6.600268809,1759158517.071268809,/studio/pos_error_xyz.err_z,NaN
6.602817546,1759158517.073817546,/studio/pos_error_xyz.err_z,0.016288248573083974
6.606129175,1759158517.077129175,/studio/pos_error_xyz.err_z,NaN
6.609346996,1759158517.080346996,/studio/pos_error_xyz.err_z,NaN
6.610275841,1759158517.081275841,/studio/pos_error_xyz.err_z,NaN
6.613445509,1759158517.084445509,/studio/pos_error_xyz.err_z,0.016441991412711854
6.616057008,1759158517.087057008,/studio/pos_error_xyz.err_z,NaN
6.619360722,1759158517.090360722,/studio/pos_error_xyz.err_z,NaN
6.620274152,1759158517.091274152,/studio/pos_error_xyz.err_z,NaN
6.622724961,1759158517.093724961,/studio/pos_error_xyz.err_z,0.016954867608558022
6.625984093,1759158517.096984093,/studio/pos_error_xyz.err_z,NaN
6.629957566,1759158517.100957566,/studio/pos_error_xyz.err_z,NaN
6.630262223,1759158517.101262223,/studio/pos_error_xyz.err_z,NaN
6.632771239,1759158517.103771239,/studio/pos_error_xyz.err_z,0.01734318664176593
6.6361244070000005,1759158517.107124407,/studio/pos_error_xyz.err_z,NaN
6.640164172,1759158517.111164172,/studio/pos_error_xyz.err_z,NaN
6.640294035,1759158517.111294035,/studio/pos_error_xyz.err_z,NaN
6.643078239,1759158517.114078239,/studio/pos_error_xyz.err_z,0.017649800404085036
6.646060417,1759158517.117060417,/studio/pos_error_xyz.err_z,NaN
6.649356296,1759158517.120356296,/studio/pos_error_xyz.err_z,NaN
6.650274231,1759158517.121274231,/studio/pos_error_xyz.err_z,NaN
6.6527804360000005,1759158517.123780436,/studio/pos_error_xyz.err_z,0.017722132300677318
6.655957136,1759158517.126957136,/studio/pos_error_xyz.err_z,NaN
6.659326444,1759158517.130326444,/studio/pos_error_xyz.err_z,NaN
6.660318891,1759158517.131318891,/studio/pos_error_xyz.err_z,NaN
6.662887609,1759158517.133887609,/studio/pos_error_xyz.err_z,0.01828592090539294
6.66596161,1759158517.136961610,/studio/pos_error_xyz.err_z,NaN
6.669337118,1759158517.140337118,/studio/pos_error_xyz.err_z,NaN
6.670306076,1759158517.141306076,/studio/pos_error_xyz.err_z,NaN
6.672800755,1759158517.143800755,/studio/pos_error_xyz.err_z,0.018587598615668943
6.676175155,1759158517.147175155,/studio/pos_error_xyz.err_z,NaN
6.679826019,1759158517.150826019,/studio/pos_error_xyz.err_z,NaN
6.680304192,1759158517.151304192,/studio/pos_error_xyz.err_z,NaN
6.682715398,1759158517.153715398,/studio/pos_error_xyz.err_z,0.018822850385538326
6.686062027,1759158517.157062027,/studio/pos_error_xyz.err_z,NaN
6.689282536,1759158517.160282536,/studio/pos_error_xyz.err_z,NaN
6.690303392,1759158517.161303392,/studio/pos_error_xyz.err_z,NaN
6.692709903,1759158517.163709903,/studio/pos_error_xyz.err_z,0.019128289898379114
6.6960911020000005,1759158517.167091102,/studio/pos_error_xyz.err_z,NaN
6.699233113,1759158517.170233113,/studio/pos_error_xyz.err_z,NaN
6.700311734,1759158517.171311734,/studio/pos_error_xyz.err_z,NaN
6.702795741,1759158517.173795741,/studio/pos_error_xyz.err_z,0.01923431216681193
6.7060175310000005,1759158517.177017531,/studio/pos_error_xyz.err_z,NaN
6.709193297,1759158517.180193297,/studio/pos_error_xyz.err_z,NaN
6.710298981,1759158517.181298981,/studio/pos_error_xyz.err_z,NaN
6.712780503,1759158517.183780503,/studio/pos_error_xyz.err_z,0.019656479329582366
6.716632817,1759158517.187632817,/studio/pos_error_xyz.err_z,NaN
6.72032386,1759158517.191323860,/studio/pos_error_xyz.err_z,NaN
6.7303651349999996,1759158517.201365135,/studio/pos_error_xyz.err_z,NaN
6.733113011,1759158517.204113011,/studio/pos_error_xyz.err_z,NaN
6.733159252,1759158517.204159252,/studio/pos_error_xyz.err_z,0.019766443502972963
6.733163545,1759158517.204163545,/studio/pos_error_xyz.err_z,0.019859606792704154
6.73316732,1759158517.204167320,/studio/pos_error_xyz.err_z,0.01993712510470691
6.736421966,1759158517.207421966,/studio/pos_error_xyz.err_z,0.019952218343255
6.737302032,1759158517.208302032,/studio/pos_error_xyz.err_z,0.019971825932851184
6.739365802,1759158517.210365802,/studio/pos_error_xyz.err_z,0.01998800049598226
6.74032853,1759158517.211328530,/studio/pos_error_xyz.err_z,NaN
6.742741405,1759158517.213741405,/studio/pos_error_xyz.err_z,0.020422018201997405
6.745911491,1759158517.216911491,/studio/pos_error_xyz.err_z,NaN
6.749340508,1759158517.220340508,/studio/pos_error_xyz.err_z,NaN
6.750318337,1759158517.221318337,/studio/pos_error_xyz.err_z,NaN
6.752846618,1759158517.223846618,/studio/pos_error_xyz.err_z,0.020457783378254213
6.755966788,1759158517.226966788,/studio/pos_error_xyz.err_z,NaN
6.759349224,1759158517.230349224,/studio/pos_error_xyz.err_z,NaN
6.7603131780000005,1759158517.231313178,/studio/pos_error_xyz.err_z,NaN
6.762698835,1759158517.233698835,/studio/pos_error_xyz.err_z,0.020872391703749438
6.765940592,1759158517.236940592,/studio/pos_error_xyz.err_z,NaN
6.769649448,1759158517.240649448,/studio/pos_error_xyz.err_z,NaN
6.770300509,1759158517.241300509,/studio/pos_error_xyz.err_z,NaN
6.772703784,1759158517.243703784,/studio/pos_error_xyz.err_z,0.021086526304459063
6.775890811,1759158517.246890811,/studio/pos_error_xyz.err_z,NaN
6.779256914,1759158517.250256914,/studio/pos_error_xyz.err_z,NaN
6.780279971,1759158517.251279971,/studio/pos_error_xyz.err_z,NaN
6.782655905,1759158517.253655905,/studio/pos_error_xyz.err_z,0.021314995333289843
6.786037065,1759158517.257037065,/studio/pos_error_xyz.err_z,NaN
6.789382642,1759158517.260382642,/studio/pos_error_xyz.err_z,NaN
6.790317928,1759158517.261317928,/studio/pos_error_xyz.err_z,NaN
6.792753897,1759158517.263753897,/studio/pos_error_xyz.err_z,0.02147607836335097
6.796004137,1759158517.267004137,/studio/pos_error_xyz.err_z,NaN
6.7991655810000005,1759158517.270165581,/studio/pos_error_xyz.err_z,NaN
6.800291578,1759158517.271291578,/studio/pos_error_xyz.err_z,NaN
6.802835298,1759158517.273835298,/studio/pos_error_xyz.err_z,0.021556309074739488
6.806458181,1759158517.277458181,/studio/pos_error_xyz.err_z,0.02167802350241499
6.810021954,1759158517.281021954,/studio/pos_error_xyz.err_z,NaN
6.810302181,1759158517.281302181,/studio/pos_error_xyz.err_z,NaN
6.813066705,1759158517.284066705,/studio/pos_error_xyz.err_z,0.021621118455072308
6.820348025,1759158517.291348025,/studio/pos_error_xyz.err_z,NaN
6.822829076,1759158517.293829076,/studio/pos_error_xyz.err_z,NaN
6.824308478,1759158517.295308478,/studio/pos_error_xyz.err_z,NaN
6.8243125330000005,1759158517.295312533,/studio/pos_error_xyz.err_z,0.02200322606022631
6.826588336,1759158517.297588336,/studio/pos_error_xyz.err_z,NaN
6.830335954,1759158517.301335954,/studio/pos_error_xyz.err_z,NaN
6.8362226249999996,1759158517.307222625,/studio/pos_error_xyz.err_z,NaN
6.838076916,1759158517.309076916,/studio/pos_error_xyz.err_z,0.022167489667473728
6.838082743,1759158517.309082743,/studio/pos_error_xyz.err_z,NaN
6.840378097,1759158517.311378097,/studio/pos_error_xyz.err_z,NaN
6.84066586,1759158517.311665860,/studio/pos_error_xyz.err_z,NaN
6.843119996,1759158517.314119996,/studio/pos_error_xyz.err_z,0.022084517104834722
6.848864905,1759158517.319864905,/studio/pos_error_xyz.err_z,NaN
6.850082285,1759158517.321082285,/studio/pos_error_xyz.err_z,NaN
6.850319506,1759158517.321319506,/studio/pos_error_xyz.err_z,NaN
6.852436515,1759158517.323436515,/studio/pos_error_xyz.err_z,0.022223624351151106
6.855878353,1759158517.326878353,/studio/pos_error_xyz.err_z,0.022447958286031522
6.85928424,1759158517.330284240,/studio/pos_error_xyz.err_z,NaN
6.860314325,1759158517.331314325,/studio/pos_error_xyz.err_z,NaN
6.8625510510000005,1759158517.333551051,/studio/pos_error_xyz.err_z,0.022496832365551
6.865723022,1759158517.336723022,/studio/pos_error_xyz.err_z,0.022581477207314293
6.869110131,1759158517.340110131,/studio/pos_error_xyz.err_z,NaN
6.870316725,1759158517.341316725,/studio/pos_error_xyz.err_z,NaN
6.872518241,1759158517.343518241,/studio/pos_error_xyz.err_z,0.022734668636140265
6.875887893,1759158517.346887893,/studio/pos_error_xyz.err_z,NaN
6.87928644,1759158517.350286440,/studio/pos_error_xyz.err_z,NaN
6.880312552,1759158517.351312552,/studio/pos_error_xyz.err_z,NaN
6.88242209,1759158517.353422090,/studio/pos_error_xyz.err_z,0.02283026765685947
6.885694451,1759158517.356694451,/studio/pos_error_xyz.err_z,NaN
6.889321494,1759158517.360321494,/studio/pos_error_xyz.err_z,NaN
6.890320462,1759158517.361320462,/studio/pos_error_xyz.err_z,NaN
6.892524664,1759158517.363524664,/studio/pos_error_xyz.err_z,0.022738431633562595
6.895941016,1759158517.366941016,/studio/pos_error_xyz.err_z,NaN
6.899072576,1759158517.370072576,/studio/pos_error_xyz.err_z,NaN
6.900308847,1759158517.371308847,/studio/pos_error_xyz.err_z,NaN
6.902417755,1759158517.373417755,/studio/pos_error_xyz.err_z,0.023074625709916363
6.905848561,1759158517.376848561,/studio/pos_error_xyz.err_z,NaN
6.909070797,1759158517.380070797,/studio/pos_error_xyz.err_z,NaN
6.910300068,1759158517.381300068,/studio/pos_error_xyz.err_z,NaN
6.91246923,1759158517.383469230,/studio/pos_error_xyz.err_z,0.022908643363897196
6.915729444,1759158517.386729444,/studio/pos_error_xyz.err_z,NaN
6.91898189,1759158517.389981890,/studio/pos_error_xyz.err_z,NaN
6.920324908,1759158517.391324908,/studio/pos_error_xyz.err_z,NaN
6.923295401,1759158517.394295401,/studio/pos_error_xyz.err_z,0.023036703375818313
6.930330153,1759158517.401330153,/studio/pos_error_xyz.err_z,NaN
6.94066929,1759158517.411669290,/studio/pos_error_xyz.err_z,0.0231502808458266
6.940673362,1759158517.411673362,/studio/pos_error_xyz.err_z,0.023249538723272734
6.940676199,1759158517.411676199,/studio/pos_error_xyz.err_z,0.023266064973179068
6.94069613,1759158517.411696130,/studio/pos_error_xyz.err_z,0.023286128932494154
6.940713104,1759158517.411713104,/studio/pos_error_xyz.err_z,NaN
6.941738568,1759158517.412738568,/studio/pos_error_xyz.err_z,0.023308678871843735
6.942708373,1759158517.413708373,/studio/pos_error_xyz.err_z,0.023329666002601668
6.945700159,1759158517.416700159,/studio/pos_error_xyz.err_z,0.023377057367427234
6.94921224,1759158517.420212240,/studio/pos_error_xyz.err_z,NaN
6.950314499,1759158517.421314499,/studio/pos_error_xyz.err_z,NaN
6.952510643,1759158517.423510643,/studio/pos_error_xyz.err_z,0.023422396739351203
6.955696329,1759158517.426696329,/studio/pos_error_xyz.err_z,NaN
6.9590233050000005,1759158517.430023305,/studio/pos_error_xyz.err_z,NaN
6.9603132080000005,1759158517.431313208,/studio/pos_error_xyz.err_z,NaN
6.962686175,1759158517.433686175,/studio/pos_error_xyz.err_z,0.023423315045645987
6.965704462,1759158517.436704462,/studio/pos_error_xyz.err_z,NaN
6.969655628,1759158517.440655628,/studio/pos_error_xyz.err_z,NaN
6.970314909,1759158517.441314909,/studio/pos_error_xyz.err_z,NaN
6.972459289,1759158517.443459289,/studio/pos_error_xyz.err_z,0.0234655950725986
6.976569215,1759158517.447569215,/studio/pos_error_xyz.err_z,NaN
6.979046549,1759158517.450046549,/studio/pos_error_xyz.err_z,NaN
6.980363735,1759158517.451363735,/studio/pos_error_xyz.err_z,NaN
6.982480751,1759158517.453480751,/studio/pos_error_xyz.err_z,0.023268036800092373
6.985666222,1759158517.456666222,/studio/pos_error_xyz.err_z,NaN
6.989286941,1759158517.460286941,/studio/pos_error_xyz.err_z,NaN
6.990320438,1759158517.461320438,/studio/pos_error_xyz.err_z,NaN
6.9928671950000005,1759158517.463867195,/studio/pos_error_xyz.err_z,0.023488652809306787
6.996130428,1759158517.467130428,/studio/pos_error_xyz.err_z,NaN
6.999092614,1759158517.470092614,/studio/pos_error_xyz.err_z,NaN
7.000347166,1759158517.471347166,/studio/pos_error_xyz.err_z,NaN
7.002513863,1759158517.473513863,/studio/pos_error_xyz.err_z,0.02349934144832777
7.005778384,1759158517.476778384,/studio/pos_error_xyz.err_z,0.02352664183946529
7.00907136,1759158517.480071360,/studio/pos_error_xyz.err_z,NaN
7.010325624,1759158517.481325624,/studio/pos_error_xyz.err_z,NaN
7.012505181,1759158517.483505181,/studio/pos_error_xyz.err_z,0.02351258950954027
7.015710044,1759158517.486710044,/studio/pos_error_xyz.err_z,0.023499435473974373
7.019025618,1759158517.490025618,/studio/pos_error_xyz.err_z,NaN
0.00028323700000000004,1759158510.471283237,/studio/pos_error_xyz.err_norm,NaN
0.000309254,1759158510.471309254,/studio/pos_error_xyz.err_norm,0.01853915119769724
0.003882664,1759158510.474882664,/studio/pos_error_xyz.err_norm,0.01886048224516184
0.0065742990000000005,1759158510.477574299,/studio/pos_error_xyz.err_norm,NaN
0.009480196,1759158510.480480196,/studio/pos_error_xyz.err_norm,NaN
0.01031025,1759158510.481310250,/studio/pos_error_xyz.err_norm,NaN
0.012833741000000001,1759158510.483833741,/studio/pos_error_xyz.err_norm,0.01911876376971294
0.016107226000000002,1759158510.487107226,/studio/pos_error_xyz.err_norm,NaN
0.019414385000000003,1759158510.490414385,/studio/pos_error_xyz.err_norm,NaN
0.020292708,1759158510.491292708,/studio/pos_error_xyz.err_norm,NaN
0.022772762000000002,1759158510.493772762,/studio/pos_error_xyz.err_norm,0.019306017845525623
0.026436372000000003,1759158510.497436372,/studio/pos_error_xyz.err_norm,NaN
0.029431356000000002,1759158510.500431356,/studio/pos_error_xyz.err_norm,NaN
0.030350799,1759158510.501350799,/studio/pos_error_xyz.err_norm,NaN
0.032663080000000004,1759158510.503663080,/studio/pos_error_xyz.err_norm,0.019474296454164937
0.035986034,1759158510.506986034,/studio/pos_error_xyz.err_norm,NaN
0.03924164,1759158510.510241640,/studio/pos_error_xyz.err_norm,NaN
0.040363656000000005,1759158510.511363656,/studio/pos_error_xyz.err_norm,NaN
0.042801982,1759158510.513801982,/studio/pos_error_xyz.err_norm,0.01981516150048896
0.046063132,1759158510.517063132,/studio/pos_error_xyz.err_norm,NaN
0.049339169,1759158510.520339169,/studio/pos_error_xyz.err_norm,NaN
0.050301549,1759158510.521301549,/studio/pos_error_xyz.err_norm,NaN
0.052657128000000004,1759158510.523657128,/studio/pos_error_xyz.err_norm,0.020078917684402953
0.055953536000000005,1759158510.526953536,/studio/pos_error_xyz.err_norm,NaN
0.059797402000000006,1759158510.530797402,/studio/pos_error_xyz.err_norm,NaN
0.060323221,1759158510.531323221,/studio/pos_error_xyz.err_norm,NaN
0.06274863600000001,1759158510.533748636,/studio/pos_error_xyz.err_norm,0.020384718965973343
0.06660850800000001,1759158510.537608508,/studio/pos_error_xyz.err_norm,NaN
0.069668836,1759158510.540668836,/studio/pos_error_xyz.err_norm,NaN
0.070318263,1759158510.541318263,/studio/pos_error_xyz.err_norm,NaN
0.07330621500000001,1759158510.544306215,/studio/pos_error_xyz.err_norm,0.020447776445091933
0.07617488800000001,1759158510.547174888,/studio/pos_error_xyz.err_norm,0.02053451584231637
0.079433403,1759158510.550433403,/studio/pos_error_xyz.err_norm,NaN
0.080354566,1759158510.551354566,/studio/pos_error_xyz.err_norm,NaN
0.082858078,1759158510.553858078,/studio/pos_error_xyz.err_norm,0.02092232067955969
0.086005861,1759158510.557005861,/studio/pos_error_xyz.err_norm,NaN
0.08936081800000001,1759158510.560360818,/studio/pos_error_xyz.err_norm,NaN
0.09030459,1759158510.561304590,/studio/pos_error_xyz.err_norm,NaN
0.092783088,1759158510.563783088,/studio/pos_error_xyz.err_norm,0.021317364848556866
0.095965056,1759158510.566965056,/studio/pos_error_xyz.err_norm,NaN
0.099295769,1759158510.570295769,/studio/pos_error_xyz.err_norm,NaN
0.100310226,1759158510.571310226,/studio/pos_error_xyz.err_norm,NaN
0.10265078000000001,1759158510.573650780,/studio/pos_error_xyz.err_norm,0.021593619358451638
0.10590779900000001,1759158510.576907799,/studio/pos_error_xyz.err_norm,NaN
0.10939749400000001,1759158510.580397494,/studio/pos_error_xyz.err_norm,NaN
0.110327481,1759158510.581327481,/studio/pos_error_xyz.err_norm,NaN
0.112786091,1759158510.583786091,/studio/pos_error_xyz.err_norm,0.021812101496798127
0.11607396900000001,1759158510.587073969,/studio/pos_error_xyz.err_norm,NaN
0.119537208,1759158510.590537208,/studio/pos_error_xyz.err_norm,NaN
0.120328973,1759158510.591328973,/studio/pos_error_xyz.err_norm,NaN
0.122747904,1759158510.593747904,/studio/pos_error_xyz.err_norm,0.022308806566696857
0.125951367,1759158510.596951367,/studio/pos_error_xyz.err_norm,NaN
0.12928226,1759158510.600282260,/studio/pos_error_xyz.err_norm,NaN
0.130334687,1759158510.601334687,/studio/pos_error_xyz.err_norm,NaN
0.13261339,1759158510.603613390,/studio/pos_error_xyz.err_norm,0.022547002279423963
0.135916912,1759158510.606916912,/studio/pos_error_xyz.err_norm,NaN
0.139287142,1759158510.610287142,/studio/pos_error_xyz.err_norm,NaN
0.140377112,1759158510.611377112,/studio/pos_error_xyz.err_norm,NaN
0.142778693,1759158510.613778693,/studio/pos_error_xyz.err_norm,0.022999915994034073
0.14588120200000002,1759158510.616881202,/studio/pos_error_xyz.err_norm,NaN
0.149867735,1759158510.620867735,/studio/pos_error_xyz.err_norm,NaN
0.15031371100000002,1759158510.621313711,/studio/pos_error_xyz.err_norm,NaN
0.152567696,1759158510.623567696,/studio/pos_error_xyz.err_norm,0.023248491050658012
0.155852085,1759158510.626852085,/studio/pos_error_xyz.err_norm,NaN
0.15936307400000002,1759158510.630363074,/studio/pos_error_xyz.err_norm,NaN
0.16032015000000002,1759158510.631320150,/studio/pos_error_xyz.err_norm,NaN
0.168756193,1759158510.639756193,/studio/pos_error_xyz.err_norm,0.02372546914584787
0.170318663,1759158510.641318663,/studio/pos_error_xyz.err_norm,NaN
0.1799126,1759158510.650912600,/studio/pos_error_xyz.err_norm,NaN
0.17991553000000002,1759158510.650915530,/studio/pos_error_xyz.err_norm,NaN
0.179918667,1759158510.650918667,/studio/pos_error_xyz.err_norm,0.023804062182722956
0.179920998,1759158510.650920998,/studio/pos_error_xyz.err_norm,0.02386834261373356
0.18032134200000002,1759158510.651321342,/studio/pos_error_xyz.err_norm,NaN
0.184609773,1759158510.655609773,/studio/pos_error_xyz.err_norm,0.023950484790701852
0.18461934100000002,1759158510.655619341,/studio/pos_error_xyz.err_norm,0.024111436249364505
0.186014583,1759158510.657014583,/studio/pos_error_xyz.err_norm,0.024399630946990904
0.18944988000000001,1759158510.660449880,/studio/pos_error_xyz.err_norm,NaN
0.19031862100000002,1759158510.661318621,/studio/pos_error_xyz.err_norm,NaN
0.194168101,1759158510.665168101,/studio/pos_error_xyz.err_norm,0.02473956782580622
0.19576289600000002,1759158510.666762896,/studio/pos_error_xyz.err_norm,NaN
0.19969034000000002,1759158510.670690340,/studio/pos_error_xyz.err_norm,NaN
0.20031041700000002,1759158510.671310417,/studio/pos_error_xyz.err_norm,NaN
0.20313003200000002,1759158510.674130032,/studio/pos_error_xyz.err_norm,0.024893366212898997
0.20616663200000002,1759158510.677166632,/studio/pos_error_xyz.err_norm,0.025110637208201843
0.20936146700000002,1759158510.680361467,/studio/pos_error_xyz.err_norm,NaN
0.210343136,1759158510.681343136,/studio/pos_error_xyz.err_norm,NaN
0.212679095,1759158510.683679095,/studio/pos_error_xyz.err_norm,0.025174672373872067
0.21602283200000003,1759158510.687022832,/studio/pos_error_xyz.err_norm,0.02527011596688973
0.22006245200000002,1759158510.691062452,/studio/pos_error_xyz.err_norm,NaN
0.22032226100000002,1759158510.691322261,/studio/pos_error_xyz.err_norm,NaN
0.222665089,1759158510.693665089,/studio/pos_error_xyz.err_norm,0.025464734904475924
0.225905664,1759158510.696905664,/studio/pos_error_xyz.err_norm,0.02576020376180446
0.229206083,1759158510.700206083,/studio/pos_error_xyz.err_norm,NaN
0.230339443,1759158510.701339443,/studio/pos_error_xyz.err_norm,NaN
0.232845252,1759158510.703845252,/studio/pos_error_xyz.err_norm,0.02609732262408878
0.23587876100000002,1759158510.706878761,/studio/pos_error_xyz.err_norm,NaN
0.23938249800000003,1759158510.710382498,/studio/pos_error_xyz.err_norm,NaN
0.240328229,1759158510.711328229,/studio/pos_error_xyz.err_norm,NaN
0.24268940500000002,1759158510.713689405,/studio/pos_error_xyz.err_norm,0.026273662874329248
0.24578740100000002,1759158510.716787401,/studio/pos_error_xyz.err_norm,NaN
0.24914122400000002,1759158510.720141224,/studio/pos_error_xyz.err_norm,NaN
0.250345678,1759158510.721345678,/studio/pos_error_xyz.err_norm,NaN
0.252478512,1759158510.723478512,/studio/pos_error_xyz.err_norm,0.026460799458607714
0.255965911,1759158510.726965911,/studio/pos_error_xyz.err_norm,0.026750308358133922
0.25909197500000003,1759158510.730091975,/studio/pos_error_xyz.err_norm,NaN
0.260384386,1759158510.731384386,/studio/pos_error_xyz.err_norm,NaN
0.262567153,1759158510.733567153,/studio/pos_error_xyz.err_norm,0.02689121599656675
0.265935902,1759158510.736935902,/studio/pos_error_xyz.err_norm,0.027109457711023476
0.269387386,1759158510.740387386,/studio/pos_error_xyz.err_norm,NaN
0.270331192,1759158510.741331192,/studio/pos_error_xyz.err_norm,NaN
0.27270141000000003,1759158510.743701410,/studio/pos_error_xyz.err_norm,0.02717323441063542
0.27602624800000003,1759158510.747026248,/studio/pos_error_xyz.err_norm,0.027266903177165045
0.279091939,1759158510.750091939,/studio/pos_error_xyz.err_norm,NaN
0.28036146900000003,1759158510.751361469,/studio/pos_error_xyz.err_norm,NaN
0.282653611,1759158510.753653611,/studio/pos_error_xyz.err_norm,0.027504725242991284
0.285787932,1759158510.756787932,/studio/pos_error_xyz.err_norm,0.027880103236327
0.28937880400000004,1759158510.760378804,/studio/pos_error_xyz.err_norm,NaN
0.290354641,1759158510.761354641,/studio/pos_error_xyz.err_norm,NaN
0.29267659500000004,1759158510.763676595,/studio/pos_error_xyz.err_norm,0.02802549320661184
0.295788373,1759158510.766788373,/studio/pos_error_xyz.err_norm,0.028253582649384174
0.299164784,1759158510.770164784,/studio/pos_error_xyz.err_norm,NaN
0.300306897,1759158510.771306897,/studio/pos_error_xyz.err_norm,NaN
0.302465923,1759158510.773465923,/studio/pos_error_xyz.err_norm,0.028500418246482213
0.306086525,1759158510.777086525,/studio/pos_error_xyz.err_norm,NaN
0.309123244,1759158510.780123244,/studio/pos_error_xyz.err_norm,NaN
0.310308902,1759158510.781308902,/studio/pos_error_xyz.err_norm,NaN
0.31233289200000003,1759158510.783332892,/studio/pos_error_xyz.err_norm,0.029000238369144782
0.315742368,1759158510.786742368,/studio/pos_error_xyz.err_norm,NaN
0.31910842700000003,1759158510.790108427,/studio/pos_error_xyz.err_norm,NaN
0.32032486600000004,1759158510.791324866,/studio/pos_error_xyz.err_norm,NaN
0.322608742,1759158510.793608742,/studio/pos_error_xyz.err_norm,0.02944462633669416
0.32569169000000003,1759158510.796691690,/studio/pos_error_xyz.err_norm,NaN
0.329001576,1759158510.800001576,/studio/pos_error_xyz.err_norm,NaN
0.330300209,1759158510.801300209,/studio/pos_error_xyz.err_norm,NaN
0.332412763,1759158510.803412763,/studio/pos_error_xyz.err_norm,0.029859274728549646
0.33570330000000004,1759158510.806703300,/studio/pos_error_xyz.err_norm,NaN
0.339168701,1759158510.810168701,/studio/pos_error_xyz.err_norm,NaN
0.34031110000000003,1759158510.811311100,/studio/pos_error_xyz.err_norm,NaN
0.342334952,1759158510.813334952,/studio/pos_error_xyz.err_norm,0.030045396704188147
0.345614486,1759158510.816614486,/studio/pos_error_xyz.err_norm,NaN
0.34941665600000005,1759158510.820416656,/studio/pos_error_xyz.err_norm,NaN
0.350329579,1759158510.821329579,/studio/pos_error_xyz.err_norm,NaN
0.35229457000000003,1759158510.823294570,/studio/pos_error_xyz.err_norm,0.030640504113482226
0.35564300200000004,1759158510.826643002,/studio/pos_error_xyz.err_norm,NaN
0.359087969,1759158510.830087969,/studio/pos_error_xyz.err_norm,NaN
0.360310554,1759158510.831310554,/studio/pos_error_xyz.err_norm,NaN
0.362481793,1759158510.833481793,/studio/pos_error_xyz.err_norm,0.030976162865420757
0.365705671,1759158510.836705671,/studio/pos_error_xyz.err_norm,NaN
0.370298756,1759158510.841298756,/studio/pos_error_xyz.err_norm,NaN
0.380370633,1759158510.851370633,/studio/pos_error_xyz.err_norm,NaN
0.38296378600000003,1759158510.853963786,/studio/pos_error_xyz.err_norm,NaN
0.382966295,1759158510.853966295,/studio/pos_error_xyz.err_norm,0.031130949127541142
0.382971208,1759158510.853971208,/studio/pos_error_xyz.err_norm,0.03126642152426982
0.382975854,1759158510.853975854,/studio/pos_error_xyz.err_norm,0.03140036448641441
0.387344858,1759158510.858344858,/studio/pos_error_xyz.err_norm,0.0315275090065198
0.38735291400000005,1759158510.858352914,/studio/pos_error_xyz.err_norm,0.031654099876716954
0.38914937200000005,1759158510.860149372,/studio/pos_error_xyz.err_norm,0.031763458437432314
0.390299848,1759158510.861299848,/studio/pos_error_xyz.err_norm,NaN
0.392439109,1759158510.863439109,/studio/pos_error_xyz.err_norm,0.03184597912154226
0.39626233200000005,1759158510.867262332,/studio/pos_error_xyz.err_norm,0.031980628966129826
0.399075899,1759158510.870075899,/studio/pos_error_xyz.err_norm,NaN
0.400296519,1759158510.871296519,/studio/pos_error_xyz.err_norm,NaN
0.40267167800000003,1759158510.873671678,/studio/pos_error_xyz.err_norm,0.03248353567463094
0.40581882300000005,1759158510.876818823,/studio/pos_error_xyz.err_norm,NaN
0.409034885,1759158510.880034885,/studio/pos_error_xyz.err_norm,NaN
0.410295077,1759158510.881295077,/studio/pos_error_xyz.err_norm,NaN
0.412264829,1759158510.883264829,/studio/pos_error_xyz.err_norm,0.03261945277767919
0.41557823000000005,1759158510.886578230,/studio/pos_error_xyz.err_norm,0.03284446849836447
0.41900755100000003,1759158510.890007551,/studio/pos_error_xyz.err_norm,NaN
0.42030385000000003,1759158510.891303850,/studio/pos_error_xyz.err_norm,NaN
0.42251656400000004,1759158510.893516564,/studio/pos_error_xyz.err_norm,0.03320919021002848
0.425614292,1759158510.896614292,/studio/pos_error_xyz.err_norm,NaN
0.428926595,1759158510.899926595,/studio/pos_error_xyz.err_norm,NaN
0.43030369100000004,1759158510.901303691,/studio/pos_error_xyz.err_norm,NaN
0.432243525,1759158510.903243525,/studio/pos_error_xyz.err_norm,0.03350230720920469
0.435758097,1759158510.906758097,/studio/pos_error_xyz.err_norm,NaN
0.439443856,1759158510.910443856,/studio/pos_error_xyz.err_norm,NaN
0.44031116200000003,1759158510.911311162,/studio/pos_error_xyz.err_norm,NaN
0.44257268200000005,1759158510.913572682,/studio/pos_error_xyz.err_norm,0.033731687641913415
0.44586137800000003,1759158510.916861378,/studio/pos_error_xyz.err_norm,NaN
0.449022452,1759158510.920022452,/studio/pos_error_xyz.err_norm,NaN
0.450363616,1759158510.921363616,/studio/pos_error_xyz.err_norm,NaN
0.453066112,1759158510.924066112,/studio/pos_error_xyz.err_norm,0.034054102645012095
0.45573918300000005,1759158510.926739183,/studio/pos_error_xyz.err_norm,NaN
0.458933427,1759158510.929933427,/studio/pos_error_xyz.err_norm,NaN
0.46034309300000004,1759158510.931343093,/studio/pos_error_xyz.err_norm,NaN
0.46219510300000005,1759158510.933195103,/studio/pos_error_xyz.err_norm,0.034464367613132076
0.46550434500000004,1759158510.936504345,/studio/pos_error_xyz.err_norm,NaN
0.469694096,1759158510.940694096,/studio/pos_error_xyz.err_norm,NaN
0.47030562800000003,1759158510.941305628,/studio/pos_error_xyz.err_norm,NaN
0.472516239,1759158510.943516239,/studio/pos_error_xyz.err_norm,0.03478492191182899
0.47563671100000005,1759158510.946636711,/studio/pos_error_xyz.err_norm,NaN
0.47896022600000004,1759158510.949960226,/studio/pos_error_xyz.err_norm,NaN
0.480343481,1759158510.951343481,/studio/pos_error_xyz.err_norm,NaN
0.48249546800000004,1759158510.953495468,/studio/pos_error_xyz.err_norm,0.035086648163021684
0.48557626600000003,1759158510.956576266,/studio/pos_error_xyz.err_norm,NaN
0.48885274300000003,1759158510.959852743,/studio/pos_error_xyz.err_norm,NaN
0.49030603800000006,1759158510.961306038,/studio/pos_error_xyz.err_norm,NaN
0.49265074200000003,1759158510.963650742,/studio/pos_error_xyz.err_norm,0.035185306338999356
0.49561351200000003,1759158510.966613512,/studio/pos_error_xyz.err_norm,0.03534421160645294
0.49889842,1759158510.969898420,/studio/pos_error_xyz.err_norm,NaN
0.500309458,1759158510.971309458,/studio/pos_error_xyz.err_norm,NaN
0.5024426860000001,1759158510.973442686,/studio/pos_error_xyz.err_norm,0.035599771686723174
0.5054956660000001,1759158510.976495666,/studio/pos_error_xyz.err_norm,NaN
0.5098351320000001,1759158510.980835132,/studio/pos_error_xyz.err_norm,NaN
0.510309268,1759158510.981309268,/studio/pos_error_xyz.err_norm,NaN
0.512501563,1759158510.983501563,/studio/pos_error_xyz.err_norm,0.03574620397183052
0.5156505330000001,1759158510.986650533,/studio/pos_error_xyz.err_norm,NaN
0.519777892,1759158510.990777892,/studio/pos_error_xyz.err_norm,NaN
0.520307556,1759158510.991307556,/studio/pos_error_xyz.err_norm,NaN
0.522181103,1759158510.993181103,/studio/pos_error_xyz.err_norm,0.03580507813203485
0.5256573680000001,1759158510.996657368,/studio/pos_error_xyz.err_norm,0.03590778370433201
0.528873263,1759158510.999873263,/studio/pos_error_xyz.err_norm,NaN
0.53032893,1759158511.001328930,/studio/pos_error_xyz.err_norm,NaN
0.532711844,1759158511.003711844,/studio/pos_error_xyz.err_norm,0.036075090464948646
0.535649876,1759158511.006649876,/studio/pos_error_xyz.err_norm,0.036368768328748385
0.5390681940000001,1759158511.010068194,/studio/pos_error_xyz.err_norm,NaN
0.5403293490000001,1759158511.011329349,/studio/pos_error_xyz.err_norm,NaN
0.542246023,1759158511.013246023,/studio/pos_error_xyz.err_norm,0.036453282304811534
0.5454710700000001,1759158511.016471070,/studio/pos_error_xyz.err_norm,0.03660276583241128
0.549983597,1759158511.020983597,/studio/pos_error_xyz.err_norm,NaN
0.550295602,1759158511.021295602,/studio/pos_error_xyz.err_norm,NaN
0.5525308990000001,1759158511.023530899,/studio/pos_error_xyz.err_norm,0.03668640362433169
0.555811677,1759158511.026811677,/studio/pos_error_xyz.err_norm,0.036834601027574326
0.5588780950000001,1759158511.029878095,/studio/pos_error_xyz.err_norm,NaN
0.560325488,1759158511.031325488,/studio/pos_error_xyz.err_norm,NaN
0.5621715820000001,1759158511.033171582,/studio/pos_error_xyz.err_norm,0.03691511345946339
0.565558177,1759158511.036558177,/studio/pos_error_xyz.err_norm,0.037058382057477114
0.568898107,1759158511.039898107,/studio/pos_error_xyz.err_norm,NaN
0.5703146250000001,1759158511.041314625,/studio/pos_error_xyz.err_norm,NaN
0.572808157,1759158511.043808157,/studio/pos_error_xyz.err_norm,0.03710256366332215
0.580375698,1759158511.051375698,/studio/pos_error_xyz.err_norm,NaN
0.5897550020000001,1759158511.060755002,/studio/pos_error_xyz.err_norm,0.03714362054695727
0.5897578370000001,1759158511.060757837,/studio/pos_error_xyz.err_norm,0.03718548511145757
0.589760622,1759158511.060760622,/studio/pos_error_xyz.err_norm,0.037237816584155724
0.589766483,1759158511.060766483,/studio/pos_error_xyz.err_norm,0.03729020223476842
0.590335586,1759158511.061335586,/studio/pos_error_xyz.err_norm,NaN
0.5943398320000001,1759158511.065339832,/studio/pos_error_xyz.err_norm,0.03734394796353369
0.5943442250000001,1759158511.065344225,/studio/pos_error_xyz.err_norm,0.03741290765713934
0.596005447,1759158511.067005447,/studio/pos_error_xyz.err_norm,0.03754622119296089
0.598784654,1759158511.069784654,/studio/pos_error_xyz.err_norm,NaN
0.600303664,1759158511.071303664,/studio/pos_error_xyz.err_norm,NaN
0.602187808,1759158511.073187808,/studio/pos_error_xyz.err_norm,0.03774039354406656
0.605356572,1759158511.076356572,/studio/pos_error_xyz.err_norm,NaN
0.608779791,1759158511.079779791,/studio/pos_error_xyz.err_norm,NaN
0.610305278,1759158511.081305278,/studio/pos_error_xyz.err_norm,NaN
0.612177916,1759158511.083177916,/studio/pos_error_xyz.err_norm,0.03785252534512894
0.615427798,1759158511.086427798,/studio/pos_error_xyz.err_norm,0.03805676534512709
0.618717952,1759158511.089717952,/studio/pos_error_xyz.err_norm,NaN
0.620312265,1759158511.091312265,/studio/pos_error_xyz.err_norm,NaN
0.62284178,1759158511.093841780,/studio/pos_error_xyz.err_norm,0.03811576063361068
0.625476813,1759158511.096476813,/studio/pos_error_xyz.err_norm,0.03822396924447808
0.628772049,1759158511.099772049,/studio/pos_error_xyz.err_norm,NaN
0.6303064300000001,1759158511.101306430,/studio/pos_error_xyz.err_norm,NaN
0.632323415,1759158511.103323415,/studio/pos_error_xyz.err_norm,0.03828685403653693
0.6353845250000001,1759158511.106384525,/studio/pos_error_xyz.err_norm,0.03840269365010864
0.638697858,1759158511.109697858,/studio/pos_error_xyz.err_norm,NaN
0.64032535,1759158511.111325350,/studio/pos_error_xyz.err_norm,NaN
0.642215708,1759158511.113215708,/studio/pos_error_xyz.err_norm,0.03846170246199369
0.6455908650000001,1759158511.116590865,/studio/pos_error_xyz.err_norm,0.03857081569073298
0.648809755,1759158511.119809755,/studio/pos_error_xyz.err_norm,NaN
0.6503157230000001,1759158511.121315723,/studio/pos_error_xyz.err_norm,NaN
0.65200848,1759158511.123008480,/studio/pos_error_xyz.err_norm,0.038554129188244364
0.655348671,1759158511.126348671,/studio/pos_error_xyz.err_norm,0.038523925094153845
0.658913429,1759158511.129913429,/studio/pos_error_xyz.err_norm,NaN
0.660318637,1759158511.131318637,/studio/pos_error_xyz.err_norm,NaN
0.662552977,1759158511.133552977,/studio/pos_error_xyz.err_norm,0.03871939598733744
0.665307392,1759158511.136307392,/studio/pos_error_xyz.err_norm,NaN
0.66875788,1759158511.139757880,/studio/pos_error_xyz.err_norm,NaN
0.6703146470000001,1759158511.141314647,/studio/pos_error_xyz.err_norm,NaN
0.671953412,1759158511.142953412,/studio/pos_error_xyz.err_norm,0.03922090083643671
0.6759785700000001,1759158511.146978570,/studio/pos_error_xyz.err_norm,0.04016497196131035
0.6789404950000001,1759158511.149940495,/studio/pos_error_xyz.err_norm,NaN
0.68029454,1759158511.151294540,/studio/pos_error_xyz.err_norm,NaN
0.682148905,1759158511.153148905,/studio/pos_error_xyz.err_norm,0.040307649821003405
0.6857491130000001,1759158511.156749113,/studio/pos_error_xyz.err_norm,NaN
0.688876303,1759158511.159876303,/studio/pos_error_xyz.err_norm,NaN
0.6903375030000001,1759158511.161337503,/studio/pos_error_xyz.err_norm,NaN
0.6920967650000001,1759158511.163096765,/studio/pos_error_xyz.err_norm,0.04035667631690566
0.695406811,1759158511.166406811,/studio/pos_error_xyz.err_norm,0.04044928467459843
0.698831443,1759158511.169831443,/studio/pos_error_xyz.err_norm,NaN
0.700368636,1759158511.171368636,/studio/pos_error_xyz.err_norm,NaN
0.70325121,1759158511.174251210,/studio/pos_error_xyz.err_norm,0.040483154182295526
0.7054598350000001,1759158511.176459835,/studio/pos_error_xyz.err_norm,0.04054798586239417
0.7088809530000001,1759158511.179880953,/studio/pos_error_xyz.err_norm,NaN
0.710314375,1759158511.181314375,/studio/pos_error_xyz.err_norm,NaN
0.712101669,1759158511.183101669,/studio/pos_error_xyz.err_norm,0.040176871345175745
0.715490258,1759158511.186490258,/studio/pos_error_xyz.err_norm,0.039465646109405596
0.71876143,1759158511.189761430,/studio/pos_error_xyz.err_norm,NaN
0.720310227,1759158511.191310227,/studio/pos_error_xyz.err_norm,NaN
0.721887853,1759158511.192887853,/studio/pos_error_xyz.err_norm,0.03949642097367546
0.725376805,1759158511.196376805,/studio/pos_error_xyz.err_norm,0.0395556738610876
0.7287368660000001,1759158511.199736866,/studio/pos_error_xyz.err_norm,NaN
0.7302968660000001,1759158511.201296866,/studio/pos_error_xyz.err_norm,NaN
0.7324316830000001,1759158511.203431683,/studio/pos_error_xyz.err_norm,0.039593443449772905
0.7352254140000001,1759158511.206225414,/studio/pos_error_xyz.err_norm,0.03966645625059634
0.7387285720000001,1759158511.209728572,/studio/pos_error_xyz.err_norm,NaN
0.740342881,1759158511.211342881,/studio/pos_error_xyz.err_norm,NaN
0.742278469,1759158511.213278469,/studio/pos_error_xyz.err_norm,0.03964963182322046
0.745256272,1759158511.216256272,/studio/pos_error_xyz.err_norm,0.039617595238593345
0.748665019,1759158511.219665019,/studio/pos_error_xyz.err_norm,NaN
0.7503135120000001,1759158511.221313512,/studio/pos_error_xyz.err_norm,NaN
0.7520105140000001,1759158511.223010514,/studio/pos_error_xyz.err_norm,0.03986403062738536
0.75531959,1759158511.226319590,/studio/pos_error_xyz.err_norm,NaN
0.759137763,1759158511.230137763,/studio/pos_error_xyz.err_norm,NaN
0.7603072940000001,1759158511.231307294,/studio/pos_error_xyz.err_norm,NaN
0.762173211,1759158511.233173211,/studio/pos_error_xyz.err_norm,0.03995416236680755
0.765291975,1759158511.236291975,/studio/pos_error_xyz.err_norm,NaN
0.768604359,1759158511.239604359,/studio/pos_error_xyz.err_norm,NaN
0.770301189,1759158511.241301189,/studio/pos_error_xyz.err_norm,NaN
0.771851919,1759158511.242851919,/studio/pos_error_xyz.err_norm,0.039989338633112916
0.77530648,1759158511.246306480,/studio/pos_error_xyz.err_norm,0.04005844665672142
0.780331682,1759158511.251331682,/studio/pos_error_xyz.err_norm,NaN
0.790308675,1759158511.261308675,/studio/pos_error_xyz.err_norm,NaN
0.792585344,1759158511.263585344,/studio/pos_error_xyz.err_norm,NaN
0.7925920870000001,1759158511.263592087,/studio/pos_error_xyz.err_norm,0.040089770507231524
0.7925956500000001,1759158511.263595650,/studio/pos_error_xyz.err_norm,0.04012081427873217
0.7926033690000001,1759158511.263603369,/studio/pos_error_xyz.err_norm,0.040151357375298805
0.7970740470000001,1759158511.268074047,/studio/pos_error_xyz.err_norm,0.04012268533207679
0.7970778030000001,1759158511.268077803,/studio/pos_error_xyz.err_norm,0.04009432565636411
0.7987424510000001,1759158511.269742451,/studio/pos_error_xyz.err_norm,0.04006649295899198
0.800305288,1759158511.271305288,/studio/pos_error_xyz.err_norm,NaN
0.80203068,1759158511.273030680,/studio/pos_error_xyz.err_norm,0.04008664979355403
0.8062263700000001,1759158511.277226370,/studio/pos_error_xyz.err_norm,0.040126905376269575
0.808589859,1759158511.279589859,/studio/pos_error_xyz.err_norm,NaN
0.81030029,1759158511.281300290,/studio/pos_error_xyz.err_norm,NaN
0.81200707,1759158511.283007070,/studio/pos_error_xyz.err_norm,0.040154084983151754
0.8152067120000001,1759158511.286206712,/studio/pos_error_xyz.err_norm,0.04020859518369956
0.8190524010000001,1759158511.290052401,/studio/pos_error_xyz.err_norm,NaN
0.8203018360000001,1759158511.291301836,/studio/pos_error_xyz.err_norm,NaN
0.8220648190000001,1759158511.293064819,/studio/pos_error_xyz.err_norm,0.04029739119994746
0.825161679,1759158511.296161679,/studio/pos_error_xyz.err_norm,0.04047536852677701
0.8288549040000001,1759158511.299854904,/studio/pos_error_xyz.err_norm,NaN
0.830314694,1759158511.301314694,/studio/pos_error_xyz.err_norm,NaN
0.831890927,1759158511.302890927,/studio/pos_error_xyz.err_norm,0.040427096997693986
0.835262056,1759158511.306262056,/studio/pos_error_xyz.err_norm,0.04033103688039161
0.838839583,1759158511.309839583,/studio/pos_error_xyz.err_norm,NaN
0.8403593180000001,1759158511.311359318,/studio/pos_error_xyz.err_norm,NaN
0.841960173,1759158511.312960173,/studio/pos_error_xyz.err_norm,0.040405966398316624
0.8454627530000001,1759158511.316462753,/studio/pos_error_xyz.err_norm,0.0405574311053005
0.8486968960000001,1759158511.319696896,/studio/pos_error_xyz.err_norm,NaN
0.850295996,1759158511.321295996,/studio/pos_error_xyz.err_norm,NaN
0.8517918050000001,1759158511.322791805,/studio/pos_error_xyz.err_norm,0.040581218709392144
0.855181123,1759158511.326181123,/studio/pos_error_xyz.err_norm,0.0406301102609622
0.8590886550000001,1759158511.330088655,/studio/pos_error_xyz.err_norm,NaN
0.8603422030000001,1759158511.331342203,/studio/pos_error_xyz.err_norm,NaN
0.861984862,1759158511.332984862,/studio/pos_error_xyz.err_norm,0.04064174836108404
0.8651878380000001,1759158511.336187838,/studio/pos_error_xyz.err_norm,0.04066605873125124
0.8686383350000001,1759158511.339638335,/studio/pos_error_xyz.err_norm,NaN
0.8703421010000001,1759158511.341342101,/studio/pos_error_xyz.err_norm,NaN
0.871960834,1759158511.342960834,/studio/pos_error_xyz.err_norm,0.040721400802835345
0.87518218,1759158511.346182180,/studio/pos_error_xyz.err_norm,NaN
0.880000615,1759158511.351000615,/studio/pos_error_xyz.err_norm,NaN
0.8803477780000001,1759158511.351347778,/studio/pos_error_xyz.err_norm,NaN
0.88370923,1759158511.354709230,/studio/pos_error_xyz.err_norm,0.04074835116206876
0.8851296900000001,1759158511.356129690,/studio/pos_error_xyz.err_norm,NaN
0.8886875420000001,1759158511.359687542,/studio/pos_error_xyz.err_norm,NaN
0.890340424,1759158511.361340424,/studio/pos_error_xyz.err_norm,NaN
0.8918555990000001,1759158511.362855599,/studio/pos_error_xyz.err_norm,0.04078022994208552
0.8952624140000001,1759158511.366262414,/studio/pos_error_xyz.err_norm,NaN
0.89853066,1759158511.369530660,/studio/pos_error_xyz.err_norm,NaN
0.90029221,1759158511.371292210,/studio/pos_error_xyz.err_norm,NaN
0.902104949,1759158511.373104949,/studio/pos_error_xyz.err_norm,0.04078502269209539
0.905074781,1759158511.376074781,/studio/pos_error_xyz.err_norm,NaN
0.910352573,1759158511.381352573,/studio/pos_error_xyz.err_norm,NaN
0.9104819260000001,1759158511.381481926,/studio/pos_error_xyz.err_norm,NaN
0.9119809780000001,1759158511.382980978,/studio/pos_error_xyz.err_norm,0.04079851954372496
0.915317586,1759158511.386317586,/studio/pos_error_xyz.err_norm,NaN
0.918956168,1759158511.389956168,/studio/pos_error_xyz.err_norm,NaN
0.92031306,1759158511.391313060,/studio/pos_error_xyz.err_norm,NaN
0.921760436,1759158511.392760436,/studio/pos_error_xyz.err_norm,0.04080164267234358
0.9252187470000001,1759158511.396218747,/studio/pos_error_xyz.err_norm,0.04080858498800271
0.9287476800000001,1759158511.399747680,/studio/pos_error_xyz.err_norm,NaN
0.9303462650000001,1759158511.401346265,/studio/pos_error_xyz.err_norm,NaN
0.931888021,1759158511.402888021,/studio/pos_error_xyz.err_norm,0.04074640856194083
0.9350663220000001,1759158511.406066322,/studio/pos_error_xyz.err_norm,0.04061631236331151
0.938761087,1759158511.409761087,/studio/pos_error_xyz.err_norm,NaN
0.940354934,1759158511.411354934,/studio/pos_error_xyz.err_norm,NaN
0.941755945,1759158511.412755945,/studio/pos_error_xyz.err_norm,0.040590779507107745
0.9454527760000001,1759158511.416452776,/studio/pos_error_xyz.err_norm,0.04053743426785119
0.948616505,1759158511.419616505,/studio/pos_error_xyz.err_norm,NaN
0.9503112010000001,1759158511.421311201,/studio/pos_error_xyz.err_norm,NaN
0.952132827,1759158511.423132827,/studio/pos_error_xyz.err_norm,0.04058461126687781
0.95519275,1759158511.426192750,/studio/pos_error_xyz.err_norm,0.04068549366341998
0.9584510340000001,1759158511.429451034,/studio/pos_error_xyz.err_norm,NaN
0.9603116700000001,1759158511.431311670,/studio/pos_error_xyz.err_norm,NaN
0.9617893770000001,1759158511.432789377,/studio/pos_error_xyz.err_norm,0.04066389139820343
0.965121526,1759158511.436121526,/studio/pos_error_xyz.err_norm,0.04061833830181195
0.968481578,1759158511.439481578,/studio/pos_error_xyz.err_norm,NaN
0.970312185,1759158511.441312185,/studio/pos_error_xyz.err_norm,NaN
0.9718600230000001,1759158511.442860023,/studio/pos_error_xyz.err_norm,0.04050299126429388
0.975032235,1759158511.446032235,/studio/pos_error_xyz.err_norm,NaN
0.978540563,1759158511.449540563,/studio/pos_error_xyz.err_norm,NaN
0.9803259350000001,1759158511.451325935,/studio/pos_error_xyz.err_norm,NaN
0.9822197690000001,1759158511.453219769,/studio/pos_error_xyz.err_norm,0.04047367821161532
0.9903843440000001,1759158511.461384344,/studio/pos_error_xyz.err_norm,NaN
0.9986675920000001,1759158511.469667592,/studio/pos_error_xyz.err_norm,0.04044293277253305
0.9986710000000001,1759158511.469671000,/studio/pos_error_xyz.err_norm,0.040412433021778583
0.998673833,1759158511.469673833,/studio/pos_error_xyz.err_norm,0.04031539479321971
0.9986766130000001,1759158511.469676613,/studio/pos_error_xyz.err_norm,0.040214307093749894
1.000316887,1759158511.471316887,/studio/pos_error_xyz.err_norm,NaN
1.003110204,1759158511.474110204,/studio/pos_error_xyz.err_norm,0.04010857764025186
1.003112983,1759158511.474112983,/studio/pos_error_xyz.err_norm,0.04012480087884815
1.005071014,1759158511.476071014,/studio/pos_error_xyz.err_norm,0.0401640222187813
1.008380011,1759158511.479380011,/studio/pos_error_xyz.err_norm,NaN
1.010363191,1759158511.481363191,/studio/pos_error_xyz.err_norm,NaN
1.01387231,1759158511.484872310,/studio/pos_error_xyz.err_norm,0.04011166988235635
1.01496747,1759158511.485967470,/studio/pos_error_xyz.err_norm,0.03999838876126025
1.018430714,1759158511.489430714,/studio/pos_error_xyz.err_norm,NaN
1.020313084,1759158511.491313084,/studio/pos_error_xyz.err_norm,NaN
1.021722941,1759158511.492722941,/studio/pos_error_xyz.err_norm,0.03995305285602545
1.0251007,1759158511.496100700,/studio/pos_error_xyz.err_norm,0.039854152268875814
1.028273613,1759158511.499273613,/studio/pos_error_xyz.err_norm,NaN
1.030343671,1759158511.501343671,/studio/pos_error_xyz.err_norm,NaN
1.031922654,1759158511.502922654,/studio/pos_error_xyz.err_norm,0.03970676301559224
1.0350088020000001,1759158511.506008802,/studio/pos_error_xyz.err_norm,NaN
1.038479428,1759158511.509479428,/studio/pos_error_xyz.err_norm,NaN
1.040341553,1759158511.511341553,/studio/pos_error_xyz.err_norm,NaN
1.041658275,1759158511.512658275,/studio/pos_error_xyz.err_norm,0.039651316459036
1.044879855,1759158511.515879855,/studio/pos_error_xyz.err_norm,0.039529467008502475
1.048256263,1759158511.519256263,/studio/pos_error_xyz.err_norm,NaN
1.050301604,1759158511.521301604,/studio/pos_error_xyz.err_norm,NaN
1.051694815,1759158511.522694815,/studio/pos_error_xyz.err_norm,0.039687223487784605
1.055008904,1759158511.526008904,/studio/pos_error_xyz.err_norm,0.04004254458027556
1.058354781,1759158511.529354781,/studio/pos_error_xyz.err_norm,NaN
1.060304767,1759158511.531304767,/studio/pos_error_xyz.err_norm,NaN
1.06185551,1759158511.532855510,/studio/pos_error_xyz.err_norm,0.03999896716577924
1.065019444,1759158511.536019444,/studio/pos_error_xyz.err_norm,0.0399022544872455
1.068393428,1759158511.539393428,/studio/pos_error_xyz.err_norm,NaN
1.070310218,1759158511.541310218,/studio/pos_error_xyz.err_norm,NaN
1.071665686,1759158511.542665686,/studio/pos_error_xyz.err_norm,0.03984564607314043
1.074956084,1759158511.545956084,/studio/pos_error_xyz.err_norm,0.039719695127915226
1.078313067,1759158511.549313067,/studio/pos_error_xyz.err_norm,NaN
1.080303261,1759158511.551303261,/studio/pos_error_xyz.err_norm,NaN
1.081539761,1759158511.552539761,/studio/pos_error_xyz.err_norm,0.03966057700749128
1.085114314,1759158511.556114314,/studio/pos_error_xyz.err_norm,0.03952830371301024
1.088339522,1759158511.559339522,/studio/pos_error_xyz.err_norm,NaN
1.090306285,1759158511.561306285,/studio/pos_error_xyz.err_norm,NaN
1.091596569,1759158511.562596569,/studio/pos_error_xyz.err_norm,0.039467914413203894
1.094977609,1759158511.565977609,/studio/pos_error_xyz.err_norm,0.03933192656108698
1.098393943,1759158511.569393943,/studio/pos_error_xyz.err_norm,NaN
1.100302414,1759158511.571302414,/studio/pos_error_xyz.err_norm,NaN
1.101640639,1759158511.572640639,/studio/pos_error_xyz.err_norm,0.03927425198091843
1.104976622,1759158511.575976622,/studio/pos_error_xyz.err_norm,0.039144043535891085
1.108293637,1759158511.579293637,/studio/pos_error_xyz.err_norm,NaN
1.110322386,1759158511.581322386,/studio/pos_error_xyz.err_norm,NaN
1.112707445,1759158511.583707445,/studio/pos_error_xyz.err_norm,0.03908879135518011
1.114915049,1759158511.585915049,/studio/pos_error_xyz.err_norm,0.038963206437110154
1.118213774,1759158511.589213774,/studio/pos_error_xyz.err_norm,NaN
1.120297028,1759158511.591297028,/studio/pos_error_xyz.err_norm,NaN
1.12171105,1759158511.592711050,/studio/pos_error_xyz.err_norm,0.03890653042797331
1.124941821,1759158511.595941821,/studio/pos_error_xyz.err_norm,0.03877694790370621
1.128285208,1759158511.599285208,/studio/pos_error_xyz.err_norm,NaN
1.130291452,1759158511.601291452,/studio/pos_error_xyz.err_norm,NaN
1.1315647260000001,1759158511.602564726,/studio/pos_error_xyz.err_norm,0.03843718089970741
1.13500517,1759158511.606005170,/studio/pos_error_xyz.err_norm,0.03765843729176037
1.1383052949999999,1759158511.609305295,/studio/pos_error_xyz.err_norm,NaN
1.140381581,1759158511.611381581,/studio/pos_error_xyz.err_norm,NaN
1.141720963,1759158511.612720963,/studio/pos_error_xyz.err_norm,0.03760729622056342
1.144853188,1759158511.615853188,/studio/pos_error_xyz.err_norm,0.03748874627759264
1.148317607,1759158511.619317607,/studio/pos_error_xyz.err_norm,NaN
1.150309701,1759158511.621309701,/studio/pos_error_xyz.err_norm,NaN
1.151717155,1759158511.622717155,/studio/pos_error_xyz.err_norm,0.03742691130748394
1.155064404,1759158511.626064404,/studio/pos_error_xyz.err_norm,0.0372815082805859
1.158764509,1759158511.629764509,/studio/pos_error_xyz.err_norm,NaN
1.160306243,1759158511.631306243,/studio/pos_error_xyz.err_norm,NaN
1.161711328,1759158511.632711328,/studio/pos_error_xyz.err_norm,0.03722308800612187
1.165026277,1759158511.636026277,/studio/pos_error_xyz.err_norm,0.03708742595031695
1.1682364330000001,1759158511.639236433,/studio/pos_error_xyz.err_norm,NaN
1.1702919760000001,1759158511.641291976,/studio/pos_error_xyz.err_norm,NaN
1.171645662,1759158511.642645662,/studio/pos_error_xyz.err_norm,0.037040318995561324
1.174914409,1759158511.645914409,/studio/pos_error_xyz.err_norm,0.036930093912250585
1.178088578,1759158511.649088578,/studio/pos_error_xyz.err_norm,NaN
1.180291753,1759158511.651291753,/studio/pos_error_xyz.err_norm,NaN
1.181489067,1759158511.652489067,/studio/pos_error_xyz.err_norm,0.03686858320905767
1.185029389,1759158511.656029389,/studio/pos_error_xyz.err_norm,0.03672428989727642
1.190345704,1759158511.661345704,/studio/pos_error_xyz.err_norm,NaN
1.200329756,1759158511.671329756,/studio/pos_error_xyz.err_norm,NaN
1.202591205,1759158511.673591205,/studio/pos_error_xyz.err_norm,NaN
1.202594961,1759158511.673594961,/studio/pos_error_xyz.err_norm,0.03667326925423453
1.20259935,1759158511.673599350,/studio/pos_error_xyz.err_norm,0.03661620316947686
1.202608144,1759158511.673608144,/studio/pos_error_xyz.err_norm,0.03655913976132479
1.207047961,1759158511.678047961,/studio/pos_error_xyz.err_norm,0.036506119477960265
1.207052864,1759158511.678052864,/studio/pos_error_xyz.err_norm,0.03645372360893053
1.208357978,1759158511.679357978,/studio/pos_error_xyz.err_norm,0.03639544641340603
1.210292897,1759158511.681292897,/studio/pos_error_xyz.err_norm,NaN
1.211468028,1759158511.682468028,/studio/pos_error_xyz.err_norm,0.03633918029253837
1.216565932,1759158511.687565932,/studio/pos_error_xyz.err_norm,0.0362053853922974
1.218135891,1759158511.689135891,/studio/pos_error_xyz.err_norm,NaN
1.220321286,1759158511.691321286,/studio/pos_error_xyz.err_norm,NaN
1.222436764,1759158511.693436764,/studio/pos_error_xyz.err_norm,0.03615425317632866
1.22502099,1759158511.696020990,/studio/pos_error_xyz.err_norm,0.036031710966332856
1.228513266,1759158511.699513266,/studio/pos_error_xyz.err_norm,NaN
1.230326074,1759158511.701326074,/studio/pos_error_xyz.err_norm,NaN
1.231902652,1759158511.702902652,/studio/pos_error_xyz.err_norm,0.03598195943057157
1.235070884,1759158511.706070884,/studio/pos_error_xyz.err_norm,0.03586159337358404
1.238674217,1759158511.709674217,/studio/pos_error_xyz.err_norm,NaN
1.240311269,1759158511.711311269,/studio/pos_error_xyz.err_norm,NaN
1.243537044,1759158511.714537044,/studio/pos_error_xyz.err_norm,0.03581616001854483
1.245383654,1759158511.716383654,/studio/pos_error_xyz.err_norm,0.03570482693033228
1.248258721,1759158511.719258721,/studio/pos_error_xyz.err_norm,NaN
1.2503352699999999,1759158511.721335270,/studio/pos_error_xyz.err_norm,NaN
1.251480179,1759158511.722480179,/studio/pos_error_xyz.err_norm,0.035655158079303154
1.254973568,1759158511.725973568,/studio/pos_error_xyz.err_norm,0.035533949161177344
1.25855144,1759158511.729551440,/studio/pos_error_xyz.err_norm,NaN
1.260309247,1759158511.731309247,/studio/pos_error_xyz.err_norm,NaN
1.261495872,1759158511.732495872,/studio/pos_error_xyz.err_norm,0.03548315162042222
1.264831005,1759158511.735831005,/studio/pos_error_xyz.err_norm,0.0353589093190085
1.268429978,1759158511.739429978,/studio/pos_error_xyz.err_norm,NaN
1.270259177,1759158511.741259177,/studio/pos_error_xyz.err_norm,NaN
1.271735889,1759158511.742735889,/studio/pos_error_xyz.err_norm,0.03531556587761583
1.275019833,1759158511.746019833,/studio/pos_error_xyz.err_norm,0.03520941098353442
1.278235407,1759158511.749235407,/studio/pos_error_xyz.err_norm,NaN
1.2802939850000001,1759158511.751293985,/studio/pos_error_xyz.err_norm,NaN
1.281615868,1759158511.752615868,/studio/pos_error_xyz.err_norm,0.0351615712504127
1.285058219,1759158511.756058219,/studio/pos_error_xyz.err_norm,0.035044691075633315
1.289027426,1759158511.760027426,/studio/pos_error_xyz.err_norm,NaN
1.2902899780000001,1759158511.761289978,/studio/pos_error_xyz.err_norm,NaN
1.291651179,1759158511.762651179,/studio/pos_error_xyz.err_norm,0.03498918042485728
1.294707228,1759158511.765707228,/studio/pos_error_xyz.err_norm,0.03485146321989315
1.298051673,1759158511.769051673,/studio/pos_error_xyz.err_norm,NaN
1.300311838,1759158511.771311838,/studio/pos_error_xyz.err_norm,NaN
1.301930917,1759158511.772930917,/studio/pos_error_xyz.err_norm,0.034809684883048364
1.305040593,1759158511.776040593,/studio/pos_error_xyz.err_norm,0.03470552055572982
1.30819515,1759158511.779195150,/studio/pos_error_xyz.err_norm,NaN
1.310296271,1759158511.781296271,/studio/pos_error_xyz.err_norm,NaN
1.311814282,1759158511.782814282,/studio/pos_error_xyz.err_norm,0.034658646645553716
1.314880192,1759158511.785880192,/studio/pos_error_xyz.err_norm,0.03454140848000408
1.318986064,1759158511.789986064,/studio/pos_error_xyz.err_norm,NaN
1.320290227,1759158511.791290227,/studio/pos_error_xyz.err_norm,NaN
1.321579775,1759158511.792579775,/studio/pos_error_xyz.err_norm,0.03448677185851603
1.324956921,1759158511.795956921,/studio/pos_error_xyz.err_norm,0.03434940169313515
1.3282859,1759158511.799285900,/studio/pos_error_xyz.err_norm,NaN
1.3303352529999999,1759158511.801335253,/studio/pos_error_xyz.err_norm,NaN
1.3313750720000002,1759158511.802375072,/studio/pos_error_xyz.err_norm,0.03430813529843673
1.334672074,1759158511.805672074,/studio/pos_error_xyz.err_norm,0.03420396651349738
1.338053001,1759158511.809053001,/studio/pos_error_xyz.err_norm,NaN
1.340373089,1759158511.811373089,/studio/pos_error_xyz.err_norm,NaN
1.341448715,1759158511.812448715,/studio/pos_error_xyz.err_norm,0.034159438584313535
1.344736085,1759158511.815736085,/studio/pos_error_xyz.err_norm,0.034046144645079615
1.347960485,1759158511.818960485,/studio/pos_error_xyz.err_norm,NaN
1.3503419920000002,1759158511.821341992,/studio/pos_error_xyz.err_norm,NaN
1.351280332,1759158511.822280332,/studio/pos_error_xyz.err_norm,0.03400780236176298
1.354771854,1759158511.825771854,/studio/pos_error_xyz.err_norm,0.033909013577876686
1.358132162,1759158511.829132162,/studio/pos_error_xyz.err_norm,NaN
1.360333782,1759158511.831333782,/studio/pos_error_xyz.err_norm,NaN
1.3614016960000002,1759158511.832401696,/studio/pos_error_xyz.err_norm,0.03386048840487503
1.364647074,1759158511.835647074,/studio/pos_error_xyz.err_norm,0.03373565131484771
1.367896672,1759158511.838896672,/studio/pos_error_xyz.err_norm,NaN
1.37029246,1759158511.841292460,/studio/pos_error_xyz.err_norm,NaN
1.371336748,1759158511.842336748,/studio/pos_error_xyz.err_norm,0.03369324035806418
1.374856789,1759158511.845856789,/studio/pos_error_xyz.err_norm,0.03358376405169494
1.377996308,1759158511.848996308,/studio/pos_error_xyz.err_norm,NaN
1.380366744,1759158511.851366744,/studio/pos_error_xyz.err_norm,NaN
1.381266622,1759158511.852266622,/studio/pos_error_xyz.err_norm,0.033551628118380555
1.38468634,1759158511.855686340,/studio/pos_error_xyz.err_norm,0.03346816426514995
1.388024142,1759158511.859024142,/studio/pos_error_xyz.err_norm,NaN
1.390346008,1759158511.861346008,/studio/pos_error_xyz.err_norm,NaN
1.391779085,1759158511.862779085,/studio/pos_error_xyz.err_norm,0.03342335133330783
1.400309399,1759158511.871309399,/studio/pos_error_xyz.err_norm,NaN
1.410305429,1759158511.881305429,/studio/pos_error_xyz.err_norm,NaN
1.411007681,1759158511.882007681,/studio/pos_error_xyz.err_norm,0.03336918315457075
1.41101092,1759158511.882010920,/studio/pos_error_xyz.err_norm,0.03331494330221725
1.411019434,1759158511.882019434,/studio/pos_error_xyz.err_norm,0.03325825464520523
1.4110229520000002,1759158511.882022952,/studio/pos_error_xyz.err_norm,0.0332012820840178
1.412649278,1759158511.883649278,/studio/pos_error_xyz.err_norm,0.03314422763888393
1.412651506,1759158511.883651506,/studio/pos_error_xyz.err_norm,0.03310221239806912
1.415039213,1759158511.886039213,/studio/pos_error_xyz.err_norm,0.03301767327913843
1.418019801,1759158511.889019801,/studio/pos_error_xyz.err_norm,NaN
1.420325798,1759158511.891325798,/studio/pos_error_xyz.err_norm,NaN
1.421457758,1759158511.892457758,/studio/pos_error_xyz.err_norm,0.03298384602044342
1.424670738,1759158511.895670738,/studio/pos_error_xyz.err_norm,0.032894556049203556
1.428173398,1759158511.899173398,/studio/pos_error_xyz.err_norm,NaN
1.430334773,1759158511.901334773,/studio/pos_error_xyz.err_norm,NaN
1.431327846,1759158511.902327846,/studio/pos_error_xyz.err_norm,0.03286154062127267
1.434808552,1759158511.905808552,/studio/pos_error_xyz.err_norm,0.03277361336881196
1.437962282,1759158511.908962282,/studio/pos_error_xyz.err_norm,NaN
1.440367888,1759158511.911367888,/studio/pos_error_xyz.err_norm,NaN
1.44145405,1759158511.912454050,/studio/pos_error_xyz.err_norm,0.03274466550562013
1.444639231,1759158511.915639231,/studio/pos_error_xyz.err_norm,0.03266742886221086
1.447995284,1759158511.918995284,/studio/pos_error_xyz.err_norm,NaN
1.450350515,1759158511.921350515,/studio/pos_error_xyz.err_norm,NaN
1.4512275140000002,1759158511.922227514,/studio/pos_error_xyz.err_norm,0.03264413311141537
1.454622705,1759158511.925622705,/studio/pos_error_xyz.err_norm,0.03258172331642059
1.457826388,1759158511.928826388,/studio/pos_error_xyz.err_norm,NaN
1.460402909,1759158511.931402909,/studio/pos_error_xyz.err_norm,NaN
1.461276957,1759158511.932276957,/studio/pos_error_xyz.err_norm,0.032559188411270805
1.464612318,1759158511.935612318,/studio/pos_error_xyz.err_norm,0.03249842887085517
1.467929065,1759158511.938929065,/studio/pos_error_xyz.err_norm,NaN
1.470322492,1759158511.941322492,/studio/pos_error_xyz.err_norm,NaN
1.47196622,1759158511.942966220,/studio/pos_error_xyz.err_norm,0.03246641419105409
1.475276635,1759158511.946276635,/studio/pos_error_xyz.err_norm,0.032379472391013256
1.478204926,1759158511.949204926,/studio/pos_error_xyz.err_norm,NaN
1.480302289,1759158511.951302289,/studio/pos_error_xyz.err_norm,NaN
1.4812992280000001,1759158511.952299228,/studio/pos_error_xyz.err_norm,0.032357532779753805
1.484684983,1759158511.955684983,/studio/pos_error_xyz.err_norm,0.03229817615329602
1.487803931,1759158511.958803931,/studio/pos_error_xyz.err_norm,NaN
1.490325202,1759158511.961325202,/studio/pos_error_xyz.err_norm,NaN
1.491177066,1759158511.962177066,/studio/pos_error_xyz.err_norm,0.03227950479205298
1.494770396,1759158511.965770396,/studio/pos_error_xyz.err_norm,0.03222862250327256
1.497940692,1759158511.968940692,/studio/pos_error_xyz.err_norm,NaN
1.500303479,1759158511.971303479,/studio/pos_error_xyz.err_norm,NaN
1.501149456,1759158511.972149456,/studio/pos_error_xyz.err_norm,0.032204948679716225
1.504512107,1759158511.975512107,/studio/pos_error_xyz.err_norm,0.03213979859037387
1.5077910060000002,1759158511.978791006,/studio/pos_error_xyz.err_norm,NaN
1.510347048,1759158511.981347048,/studio/pos_error_xyz.err_norm,NaN
1.511243756,1759158511.982243756,/studio/pos_error_xyz.err_norm,0.032119743466701545
1.514694293,1759158511.985694293,/studio/pos_error_xyz.err_norm,0.032064472100536826
1.5178248760000002,1759158511.988824876,/studio/pos_error_xyz.err_norm,NaN
1.520305126,1759158511.991305126,/studio/pos_error_xyz.err_norm,NaN
1.522230296,1759158511.993230296,/studio/pos_error_xyz.err_norm,0.03205045074077948
1.524771297,1759158511.995771297,/studio/pos_error_xyz.err_norm,0.03201168056828788
1.52795184,1759158511.998951840,/studio/pos_error_xyz.err_norm,NaN
1.5302962610000002,1759158512.001296261,/studio/pos_error_xyz.err_norm,NaN
1.53126825,1759158512.002268250,/studio/pos_error_xyz.err_norm,0.03199497365829558
1.534610848,1759158512.005610848,/studio/pos_error_xyz.err_norm,0.03194865674100472
1.537767848,1759158512.008767848,/studio/pos_error_xyz.err_norm,NaN
1.540331689,1759158512.011331689,/studio/pos_error_xyz.err_norm,NaN
1.5412930679999999,1759158512.012293068,/studio/pos_error_xyz.err_norm,0.03192340607195953
1.5446480519999999,1759158512.015648052,/studio/pos_error_xyz.err_norm,0.031852600871536366
1.547749498,1759158512.018749498,/studio/pos_error_xyz.err_norm,NaN
1.5503086220000002,1759158512.021308622,/studio/pos_error_xyz.err_norm,NaN
1.551277173,1759158512.022277173,/studio/pos_error_xyz.err_norm,0.03184344735482081
1.5547078870000002,1759158512.025707887,/studio/pos_error_xyz.err_norm,0.0318180275801906
1.557849497,1759158512.028849497,/studio/pos_error_xyz.err_norm,NaN
1.560297758,1759158512.031297758,/studio/pos_error_xyz.err_norm,NaN
1.561227941,1759158512.032227941,/studio/pos_error_xyz.err_norm,0.03180287708750986
1.564620141,1759158512.035620141,/studio/pos_error_xyz.err_norm,0.03176031438286101
1.5680342999999999,1759158512.039034300,/studio/pos_error_xyz.err_norm,NaN
1.5702780889999999,1759158512.041278089,/studio/pos_error_xyz.err_norm,NaN
1.5711786110000001,1759158512.042178611,/studio/pos_error_xyz.err_norm,0.03174409072637346
1.574591593,1759158512.045591593,/studio/pos_error_xyz.err_norm,0.03169814134228883
1.5778999260000002,1759158512.048899926,/studio/pos_error_xyz.err_norm,NaN
1.580298998,1759158512.051298998,/studio/pos_error_xyz.err_norm,NaN
1.581257551,1759158512.052257551,/studio/pos_error_xyz.err_norm,0.031681238992007255
1.5844227160000002,1759158512.055422716,/studio/pos_error_xyz.err_norm,0.03163319630922985
1.587676427,1759158512.058676427,/studio/pos_error_xyz.err_norm,NaN
1.590330682,1759158512.061330682,/studio/pos_error_xyz.err_norm,NaN
1.5910478600000002,1759158512.062047860,/studio/pos_error_xyz.err_norm,0.03162473400302576
1.594588302,1759158512.065588302,/studio/pos_error_xyz.err_norm,0.031600864394456106
1.6002700120000002,1759158512.071270012,/studio/pos_error_xyz.err_norm,NaN
1.61027655,1759158512.081276550,/studio/pos_error_xyz.err_norm,NaN
1.6121915420000001,1759158512.083191542,/studio/pos_error_xyz.err_norm,NaN
1.61219625,1759158512.083196250,/studio/pos_error_xyz.err_norm,0.031597808789116104
1.6121991370000002,1759158512.083199137,/studio/pos_error_xyz.err_norm,0.03159402096979756
1.612201481,1759158512.083201481,/studio/pos_error_xyz.err_norm,0.03159042020348887
1.616665522,1759158512.087665522,/studio/pos_error_xyz.err_norm,0.031572786755530574
1.616667869,1759158512.087667869,/studio/pos_error_xyz.err_norm,0.03155095207001859
1.6180046350000001,1759158512.089004635,/studio/pos_error_xyz.err_norm,0.03152406581529697
1.620317016,1759158512.091317016,/studio/pos_error_xyz.err_norm,NaN
1.621037297,1759158512.092037297,/studio/pos_error_xyz.err_norm,0.03152040918146579
1.624316686,1759158512.095316686,/studio/pos_error_xyz.err_norm,0.03151024522533056
1.627799456,1759158512.098799456,/studio/pos_error_xyz.err_norm,NaN
1.630274489,1759158512.101274489,/studio/pos_error_xyz.err_norm,NaN
1.631176542,1759158512.102176542,/studio/pos_error_xyz.err_norm,0.03151700635350121
1.6345583320000001,1759158512.105558332,/studio/pos_error_xyz.err_norm,0.03153774967245964
1.6378132760000002,1759158512.108813276,/studio/pos_error_xyz.err_norm,NaN
1.640312019,1759158512.111312019,/studio/pos_error_xyz.err_norm,NaN
1.641076729,1759158512.112076729,/studio/pos_error_xyz.err_norm,0.031532678483014935
1.6443768630000002,1759158512.115376863,/studio/pos_error_xyz.err_norm,0.03151831567498019
1.647784722,1759158512.118784722,/studio/pos_error_xyz.err_norm,NaN
1.650358425,1759158512.121358425,/studio/pos_error_xyz.err_norm,NaN
1.651174581,1759158512.122174581,/studio/pos_error_xyz.err_norm,0.031517126722135004
1.654554297,1759158512.125554297,/studio/pos_error_xyz.err_norm,0.031514028548639
1.6576980460000001,1759158512.128698046,/studio/pos_error_xyz.err_norm,NaN
1.6603228250000002,1759158512.131322825,/studio/pos_error_xyz.err_norm,NaN
1.661016126,1759158512.132016126,/studio/pos_error_xyz.err_norm,0.031529942055070155
1.664454584,1759158512.135454584,/studio/pos_error_xyz.err_norm,0.031578559548670365
1.667679087,1759158512.138679087,/studio/pos_error_xyz.err_norm,NaN
1.6703239920000001,1759158512.141323992,/studio/pos_error_xyz.err_norm,NaN
1.671110467,1759158512.142110467,/studio/pos_error_xyz.err_norm,0.03159239618019441
1.674244721,1759158512.145244721,/studio/pos_error_xyz.err_norm,0.03163474099942003
1.6777181730000001,1759158512.148718173,/studio/pos_error_xyz.err_norm,NaN
1.680328055,1759158512.151328055,/studio/pos_error_xyz.err_norm,NaN
1.681138127,1759158512.152138127,/studio/pos_error_xyz.err_norm,0.03164102331230932
1.684398307,1759158512.155398307,/studio/pos_error_xyz.err_norm,0.03166065548261887
1.6876493680000002,1759158512.158649368,/studio/pos_error_xyz.err_norm,NaN
1.690299621,1759158512.161299621,/studio/pos_error_xyz.err_norm,NaN
1.6909851960000002,1759158512.161985196,/studio/pos_error_xyz.err_norm,0.03167395507587523
1.694292226,1759158512.165292226,/studio/pos_error_xyz.err_norm,0.03171489668058776
1.69825241,1759158512.169252410,/studio/pos_error_xyz.err_norm,NaN
1.700301166,1759158512.171301166,/studio/pos_error_xyz.err_norm,NaN
1.701058629,1759158512.172058629,/studio/pos_error_xyz.err_norm,0.03174782890985886
1.704340656,1759158512.175340656,/studio/pos_error_xyz.err_norm,0.03184916158801162
1.7077344110000001,1759158512.178734411,/studio/pos_error_xyz.err_norm,NaN
1.710270774,1759158512.181270774,/studio/pos_error_xyz.err_norm,NaN
1.710963999,1759158512.181963999,/studio/pos_error_xyz.err_norm,0.03187139030248389
1.714322271,1759158512.185322271,/studio/pos_error_xyz.err_norm,0.03194052482662661
1.717595927,1759158512.188595927,/studio/pos_error_xyz.err_norm,NaN
1.7202736550000002,1759158512.191273655,/studio/pos_error_xyz.err_norm,NaN
1.7209984660000002,1759158512.191998466,/studio/pos_error_xyz.err_norm,0.03195112016018264
1.7243193890000001,1759158512.195319389,/studio/pos_error_xyz.err_norm,0.0319841434116643
1.727837905,1759158512.198837905,/studio/pos_error_xyz.err_norm,NaN
1.7303389990000002,1759158512.201338999,/studio/pos_error_xyz.err_norm,NaN
1.730987966,1759158512.201987966,/studio/pos_error_xyz.err_norm,0.03201549129370073
1.734209233,1759158512.205209233,/studio/pos_error_xyz.err_norm,0.03211363197575989
1.737661125,1759158512.208661125,/studio/pos_error_xyz.err_norm,NaN
1.74032022,1759158512.211320220,/studio/pos_error_xyz.err_norm,NaN
1.74086419,1759158512.211864190,/studio/pos_error_xyz.err_norm,0.03214580750423807
1.7442118340000001,1759158512.215211834,/studio/pos_error_xyz.err_norm,0.03224756846119293
1.747710059,1759158512.218710059,/studio/pos_error_xyz.err_norm,NaN
1.750274984,1759158512.221274984,/studio/pos_error_xyz.err_norm,NaN
1.7509571300000002,1759158512.221957130,/studio/pos_error_xyz.err_norm,0.032266410261749465
1.754247643,1759158512.225247643,/studio/pos_error_xyz.err_norm,0.032326164954217085
1.757615831,1759158512.228615831,/studio/pos_error_xyz.err_norm,NaN
1.760309632,1759158512.231309632,/studio/pos_error_xyz.err_norm,NaN
1.760930372,1759158512.231930372,/studio/pos_error_xyz.err_norm,0.03234448288588141
1.7643468960000002,1759158512.235346896,/studio/pos_error_xyz.err_norm,0.032403178723779465
1.7675456870000001,1759158512.238545687,/studio/pos_error_xyz.err_norm,NaN
1.770315402,1759158512.241315402,/studio/pos_error_xyz.err_norm,NaN
1.770954506,1759158512.241954506,/studio/pos_error_xyz.err_norm,0.032427572451398705
1.774302464,1759158512.245302464,/studio/pos_error_xyz.err_norm,0.032506577419842704
1.777577718,1759158512.248577718,/studio/pos_error_xyz.err_norm,NaN
1.780262767,1759158512.251262767,/studio/pos_error_xyz.err_norm,NaN
1.7809578940000002,1759158512.251957894,/studio/pos_error_xyz.err_norm,0.032532820842863526
1.7844457130000002,1759158512.255445713,/studio/pos_error_xyz.err_norm,0.032616931264014555
1.787579579,1759158512.258579579,/studio/pos_error_xyz.err_norm,NaN
1.790310977,1759158512.261310977,/studio/pos_error_xyz.err_norm,NaN
1.790969987,1759158512.261969987,/studio/pos_error_xyz.err_norm,0.0326354034469043
1.794368377,1759158512.265368377,/studio/pos_error_xyz.err_norm,0.032695452687031015
1.797698185,1759158512.268698185,/studio/pos_error_xyz.err_norm,NaN
1.800325036,1759158512.271325036,/studio/pos_error_xyz.err_norm,NaN
1.8015423570000002,1759158512.272542357,/studio/pos_error_xyz.err_norm,0.032709197227543764
1.810328835,1759158512.281328835,/studio/pos_error_xyz.err_norm,NaN
1.817594433,1759158512.288594433,/studio/pos_error_xyz.err_norm,0.032728839219552205
1.817597798,1759158512.288597798,/studio/pos_error_xyz.err_norm,0.03274859083845272
1.817600637,1759158512.288600637,/studio/pos_error_xyz.err_norm,0.03277979373260139
1.8176049060000001,1759158512.288604906,/studio/pos_error_xyz.err_norm,0.03281594670518519
1.820314068,1759158512.291314068,/studio/pos_error_xyz.err_norm,NaN
1.821732322,1759158512.292732322,/studio/pos_error_xyz.err_norm,0.03285228557556564
1.821778572,1759158512.292778572,/studio/pos_error_xyz.err_norm,0.03289220146045442
1.824327725,1759158512.295327725,/studio/pos_error_xyz.err_norm,0.03298769299683461
1.827539716,1759158512.298539716,/studio/pos_error_xyz.err_norm,NaN
1.8304117240000002,1759158512.301411724,/studio/pos_error_xyz.err_norm,NaN
1.8309198370000002,1759158512.301919837,/studio/pos_error_xyz.err_norm,0.03321033902324974
1.834180962,1759158512.305180962,/studio/pos_error_xyz.err_norm,0.03395155621433509
1.837589302,1759158512.308589302,/studio/pos_error_xyz.err_norm,NaN
1.840299548,1759158512.311299548,/studio/pos_error_xyz.err_norm,NaN
1.84088924,1759158512.311889240,/studio/pos_error_xyz.err_norm,0.03397525302469757
1.844327792,1759158512.315327792,/studio/pos_error_xyz.err_norm,0.03405695631603784
1.8474786070000002,1759158512.318478607,/studio/pos_error_xyz.err_norm,NaN
1.850295905,1759158512.321295905,/studio/pos_error_xyz.err_norm,NaN
1.8508623700000002,1759158512.321862370,/studio/pos_error_xyz.err_norm,0.03408121514580098
1.854361472,1759158512.325361472,/studio/pos_error_xyz.err_norm,0.03416230162261554
1.857655905,1759158512.328655905,/studio/pos_error_xyz.err_norm,NaN
1.860264476,1759158512.331264476,/studio/pos_error_xyz.err_norm,NaN
1.860848178,1759158512.331848178,/studio/pos_error_xyz.err_norm,0.03417324501618743
1.864115436,1759158512.335115436,/studio/pos_error_xyz.err_norm,0.03421009876432015
1.867532544,1759158512.338532544,/studio/pos_error_xyz.err_norm,NaN
1.8703170560000002,1759158512.341317056,/studio/pos_error_xyz.err_norm,NaN
1.870980103,1759158512.341980103,/studio/pos_error_xyz.err_norm,0.034225626179315
1.874214236,1759158512.345214236,/studio/pos_error_xyz.err_norm,0.03427851194636823
1.877499857,1759158512.348499857,/studio/pos_error_xyz.err_norm,NaN
1.880319638,1759158512.351319638,/studio/pos_error_xyz.err_norm,NaN
1.880743405,1759158512.351743405,/studio/pos_error_xyz.err_norm,0.03429902749480675
1.884056296,1759158512.355056296,/studio/pos_error_xyz.err_norm,0.03436824554069406
1.8875130900000001,1759158512.358513090,/studio/pos_error_xyz.err_norm,NaN
1.8903489050000002,1759158512.361348905,/studio/pos_error_xyz.err_norm,NaN
1.890800188,1759158512.361800188,/studio/pos_error_xyz.err_norm,0.0343907893088176
1.894140135,1759158512.365140135,/studio/pos_error_xyz.err_norm,0.034467765097701594
1.8974158540000001,1759158512.368415854,/studio/pos_error_xyz.err_norm,NaN
1.900322444,1759158512.371322444,/studio/pos_error_xyz.err_norm,NaN
1.90089233,1759158512.371892330,/studio/pos_error_xyz.err_norm,0.034482598296144036
1.9041304540000001,1759158512.375130454,/studio/pos_error_xyz.err_norm,0.03453385997922988
1.907542527,1759158512.378542527,/studio/pos_error_xyz.err_norm,NaN
1.910269666,1759158512.381269666,/studio/pos_error_xyz.err_norm,NaN
1.910760586,1759158512.381760586,/studio/pos_error_xyz.err_norm,0.03455141794848489
1.914025032,1759158512.385025032,/studio/pos_error_xyz.err_norm,0.03461184446026773
1.9173167160000002,1759158512.388316716,/studio/pos_error_xyz.err_norm,NaN
1.920310895,1759158512.391310895,/studio/pos_error_xyz.err_norm,NaN
1.920801307,1759158512.391801307,/studio/pos_error_xyz.err_norm,0.03461515706960809
1.924054864,1759158512.395054864,/studio/pos_error_xyz.err_norm,0.03462800920271003
1.9274384310000001,1759158512.398438431,/studio/pos_error_xyz.err_norm,NaN
1.930305622,1759158512.401305622,/studio/pos_error_xyz.err_norm,NaN
1.930807825,1759158512.401807825,/studio/pos_error_xyz.err_norm,0.03464497878939814
1.934020835,1759158512.405020835,/studio/pos_error_xyz.err_norm,0.03470438014478764
1.9374881,1759158512.408488100,/studio/pos_error_xyz.err_norm,NaN
1.9403192420000002,1759158512.411319242,/studio/pos_error_xyz.err_norm,NaN
1.94083138,1759158512.411831380,/studio/pos_error_xyz.err_norm,0.03471482312801523
1.944137472,1759158512.415137472,/studio/pos_error_xyz.err_norm,0.03475186435140602
1.9473603060000002,1759158512.418360306,/studio/pos_error_xyz.err_norm,NaN
1.950316687,1759158512.421316687,/studio/pos_error_xyz.err_norm,NaN
1.950620905,1759158512.421620905,/studio/pos_error_xyz.err_norm,0.03477477194286367
1.954136695,1759158512.425136695,/studio/pos_error_xyz.err_norm,0.03485577185381726
1.957493353,1759158512.428493353,/studio/pos_error_xyz.err_norm,NaN
1.960305503,1759158512.431305503,/studio/pos_error_xyz.err_norm,NaN
1.960709167,1759158512.431709167,/studio/pos_error_xyz.err_norm,0.034868098154174756
1.964065593,1759158512.435065593,/studio/pos_error_xyz.err_norm,0.03491198253711556
1.9673692520000001,1759158512.438369252,/studio/pos_error_xyz.err_norm,NaN
1.970301596,1759158512.441301596,/studio/pos_error_xyz.err_norm,NaN
1.9708479890000001,1759158512.441847989,/studio/pos_error_xyz.err_norm,0.03492603937218427
1.9740582500000001,1759158512.445058250,/studio/pos_error_xyz.err_norm,0.0349767852850801
1.977396302,1759158512.448396302,/studio/pos_error_xyz.err_norm,NaN
1.980278674,1759158512.451278674,/studio/pos_error_xyz.err_norm,NaN
1.980669162,1759158512.451669162,/studio/pos_error_xyz.err_norm,0.03499484027789875
1.983981359,1759158512.454981359,/studio/pos_error_xyz.err_norm,0.035059897011953424
1.9873564730000002,1759158512.458356473,/studio/pos_error_xyz.err_norm,NaN
1.990310647,1759158512.461310647,/studio/pos_error_xyz.err_norm,NaN
1.990712561,1759158512.461712561,/studio/pos_error_xyz.err_norm,0.03507981432252034
1.994005037,1759158512.465005037,/studio/pos_error_xyz.err_norm,0.035151672606802686
1.997262654,1759158512.468262654,/studio/pos_error_xyz.err_norm,NaN
2.000309087,1759158512.471309087,/studio/pos_error_xyz.err_norm,NaN
2.000740859,1759158512.471740859,/studio/pos_error_xyz.err_norm,0.035161494377123084
2.004045995,1759158512.475045995,/studio/pos_error_xyz.err_norm,0.03519772492005823
2.008074473,1759158512.479074473,/studio/pos_error_xyz.err_norm,NaN
2.010322446,1759158512.481322446,/studio/pos_error_xyz.err_norm,NaN
2.020327691,1759158512.491327691,/studio/pos_error_xyz.err_norm,NaN
2.024886354,1759158512.495886354,/studio/pos_error_xyz.err_norm,0.03501964443358628
2.024890843,1759158512.495890843,/studio/pos_error_xyz.err_norm,0.034745290456700204
2.024895051,1759158512.495895051,/studio/pos_error_xyz.err_norm,0.03447165983097066
2.024900857,1759158512.495900857,/studio/pos_error_xyz.err_norm,0.034392116877638844
2.026109909,1759158512.497109909,/studio/pos_error_xyz.err_norm,0.034418946719840596
2.027358724,1759158512.498358724,/studio/pos_error_xyz.err_norm,0.03445553387086124
2.030276253,1759158512.501276253,/studio/pos_error_xyz.err_norm,NaN
2.030695782,1759158512.501695782,/studio/pos_error_xyz.err_norm,0.03447127139926742
2.033924502,1759158512.504924502,/studio/pos_error_xyz.err_norm,0.03452957820315567
2.037279821,1759158512.508279821,/studio/pos_error_xyz.err_norm,NaN
2.040319367,1759158512.511319367,/studio/pos_error_xyz.err_norm,NaN
2.040839667,1759158512.511839667,/studio/pos_error_xyz.err_norm,0.03454062668153657
2.044034593,1759158512.515034593,/studio/pos_error_xyz.err_norm,0.034582184059131084
2.047336502,1759158512.518336502,/studio/pos_error_xyz.err_norm,NaN
2.050264866,1759158512.521264866,/studio/pos_error_xyz.err_norm,NaN
2.050682882,1759158512.521682882,/studio/pos_error_xyz.err_norm,0.03459759623965484
2.054007543,1759158512.525007543,/studio/pos_error_xyz.err_norm,0.03465650732934253
2.057346733,1759158512.528346733,/studio/pos_error_xyz.err_norm,NaN
2.060290224,1759158512.531290224,/studio/pos_error_xyz.err_norm,NaN
2.060693942,1759158512.531693942,/studio/pos_error_xyz.err_norm,0.03467667154733142
2.063988944,1759158512.534988944,/studio/pos_error_xyz.err_norm,0.03475272279002944
2.067203439,1759158512.538203439,/studio/pos_error_xyz.err_norm,NaN
2.070327496,1759158512.541327496,/studio/pos_error_xyz.err_norm,NaN
2.070625462,1759158512.541625462,/studio/pos_error_xyz.err_norm,0.0347599522281481
2.074137444,1759158512.545137444,/studio/pos_error_xyz.err_norm,0.03478799516242565
2.077382483,1759158512.548382483,/studio/pos_error_xyz.err_norm,NaN
2.080300645,1759158512.551300645,/studio/pos_error_xyz.err_norm,NaN
2.080755404,1759158512.551755404,/studio/pos_error_xyz.err_norm,0.03480018759532042
2.083881569,1759158512.554881569,/studio/pos_error_xyz.err_norm,0.034847234930067694
2.087256473,1759158512.558256473,/studio/pos_error_xyz.err_norm,NaN
2.090306876,1759158512.561306876,/studio/pos_error_xyz.err_norm,NaN
2.090833824,1759158512.561833824,/studio/pos_error_xyz.err_norm,0.03486161654767333
2.093985507,1759158512.564985507,/studio/pos_error_xyz.err_norm,0.03491669081408611
2.097413991,1759158512.568413991,/studio/pos_error_xyz.err_norm,NaN
2.100269313,1759158512.571269313,/studio/pos_error_xyz.err_norm,NaN
2.100535613,1759158512.571535613,/studio/pos_error_xyz.err_norm,0.034928928372473064
2.103855231,1759158512.574855231,/studio/pos_error_xyz.err_norm,0.034975917278973576
2.108088706,1759158512.579088706,/studio/pos_error_xyz.err_norm,NaN
2.110266816,1759158512.581266816,/studio/pos_error_xyz.err_norm,NaN
2.110678649,1759158512.581678649,/studio/pos_error_xyz.err_norm,0.0349907223921631
2.113847442,1759158512.584847442,/studio/pos_error_xyz.err_norm,0.03504819701942075
2.11715127,1759158512.588151270,/studio/pos_error_xyz.err_norm,NaN
2.120271528,1759158512.591271528,/studio/pos_error_xyz.err_norm,NaN
2.120554842,1759158512.591554842,/studio/pos_error_xyz.err_norm,0.0350544978659753
2.12390027,1759158512.594900270,/studio/pos_error_xyz.err_norm,0.03507903477068904
2.127355343,1759158512.598355343,/studio/pos_error_xyz.err_norm,NaN
2.1302619910000002,1759158512.601261991,/studio/pos_error_xyz.err_norm,NaN
2.130674594,1759158512.601674594,/studio/pos_error_xyz.err_norm,0.03509079824083301
2.133970873,1759158512.604970873,/studio/pos_error_xyz.err_norm,0.03513673672965132
2.137110439,1759158512.608110439,/studio/pos_error_xyz.err_norm,NaN
2.140290267,1759158512.611290267,/studio/pos_error_xyz.err_norm,NaN
2.14054807,1759158512.611548070,/studio/pos_error_xyz.err_norm,0.03515044046511519
2.143929533,1759158512.614929533,/studio/pos_error_xyz.err_norm,0.03520470712999408
2.147289031,1759158512.618289031,/studio/pos_error_xyz.err_norm,NaN
2.150339316,1759158512.621339316,/studio/pos_error_xyz.err_norm,NaN
2.150625753,1759158512.621625753,/studio/pos_error_xyz.err_norm,0.03520900840852277
2.15388041,1759158512.624880410,/studio/pos_error_xyz.err_norm,0.035226303094844605
2.157279194,1759158512.628279194,/studio/pos_error_xyz.err_norm,NaN
2.160296701,1759158512.631296701,/studio/pos_error_xyz.err_norm,NaN
2.1605577240000002,1759158512.631557724,/studio/pos_error_xyz.err_norm,0.0352361788025761
2.163832005,1759158512.634832005,/studio/pos_error_xyz.err_norm,0.035275620921359094
2.167129178,1759158512.638129178,/studio/pos_error_xyz.err_norm,NaN
2.170269072,1759158512.641269072,/studio/pos_error_xyz.err_norm,NaN
2.170521507,1759158512.641521507,/studio/pos_error_xyz.err_norm,0.0352913047443069
2.1739319200000002,1759158512.644931920,/studio/pos_error_xyz.err_norm,0.035354288434082705
2.17715696,1759158512.648156960,/studio/pos_error_xyz.err_norm,NaN
2.180301892,1759158512.651301892,/studio/pos_error_xyz.err_norm,NaN
2.180594612,1759158512.651594612,/studio/pos_error_xyz.err_norm,0.03535772390215905
2.183734912,1759158512.654734912,/studio/pos_error_xyz.err_norm,0.03537161478323791
2.187231889,1759158512.658231889,/studio/pos_error_xyz.err_norm,NaN
2.190287845,1759158512.661287845,/studio/pos_error_xyz.err_norm,NaN
2.190641465,1759158512.661641465,/studio/pos_error_xyz.err_norm,0.03538240386342915
2.193888644,1759158512.664888644,/studio/pos_error_xyz.err_norm,0.03542622860720879
2.197320321,1759158512.668320321,/studio/pos_error_xyz.err_norm,NaN
2.200314431,1759158512.671314431,/studio/pos_error_xyz.err_norm,NaN
2.200442039,1759158512.671442039,/studio/pos_error_xyz.err_norm,0.035434163860406084
2.204061216,1759158512.675061216,/studio/pos_error_xyz.err_norm,0.03546659148203555
2.207261916,1759158512.678261916,/studio/pos_error_xyz.err_norm,NaN
2.210262839,1759158512.681262839,/studio/pos_error_xyz.err_norm,NaN
2.2109417860000002,1759158512.681941786,/studio/pos_error_xyz.err_norm,0.03547133270415597
2.220270615,1759158512.691270615,/studio/pos_error_xyz.err_norm,NaN
2.229234757,1759158512.700234757,/studio/pos_error_xyz.err_norm,0.03547939469007547
2.229238091,1759158512.700238091,/studio/pos_error_xyz.err_norm,0.03548746778365105
2.229240773,1759158512.700240773,/studio/pos_error_xyz.err_norm,0.035500666775145996
2.229242571,1759158512.700242571,/studio/pos_error_xyz.err_norm,0.0355175092514144
2.230322416,1759158512.701322416,/studio/pos_error_xyz.err_norm,NaN
2.230646438,1759158512.701646438,/studio/pos_error_xyz.err_norm,0.035534369956783614
2.230669908,1759158512.701669908,/studio/pos_error_xyz.err_norm,0.03554336783796338
2.23382701,1759158512.704827010,/studio/pos_error_xyz.err_norm,0.03555139942155904
2.237033337,1759158512.708033337,/studio/pos_error_xyz.err_norm,NaN
2.24028474,1759158512.711284740,/studio/pos_error_xyz.err_norm,NaN
2.240365941,1759158512.711365941,/studio/pos_error_xyz.err_norm,0.03555087872531204
2.243885368,1759158512.714885368,/studio/pos_error_xyz.err_norm,0.03554870607238716
2.247265807,1759158512.718265807,/studio/pos_error_xyz.err_norm,NaN
2.250270577,1759158512.721270577,/studio/pos_error_xyz.err_norm,NaN
2.250590366,1759158512.721590366,/studio/pos_error_xyz.err_norm,0.035552281951357706
2.253710575,1759158512.724710575,/studio/pos_error_xyz.err_norm,0.03556743157655115
2.257110517,1759158512.728110517,/studio/pos_error_xyz.err_norm,NaN
2.26027616,1759158512.731276160,/studio/pos_error_xyz.err_norm,NaN
2.260389676,1759158512.731389676,/studio/pos_error_xyz.err_norm,0.035560573024806016
2.263800376,1759158512.734800376,/studio/pos_error_xyz.err_norm,0.035531542934971794
2.267020987,1759158512.738020987,/studio/pos_error_xyz.err_norm,NaN
2.270270758,1759158512.741270758,/studio/pos_error_xyz.err_norm,NaN
2.270753801,1759158512.741753801,/studio/pos_error_xyz.err_norm,0.0355334463359953
2.273824172,1759158512.744824172,/studio/pos_error_xyz.err_norm,0.03554080330720852
2.277199729,1759158512.748199729,/studio/pos_error_xyz.err_norm,NaN
2.2802682020000002,1759158512.751268202,/studio/pos_error_xyz.err_norm,NaN
2.28050264,1759158512.751502640,/studio/pos_error_xyz.err_norm,0.035533633660347924
2.283744852,1759158512.754744852,/studio/pos_error_xyz.err_norm,0.03550296693746359
2.286969111,1759158512.757969111,/studio/pos_error_xyz.err_norm,NaN
2.290300734,1759158512.761300734,/studio/pos_error_xyz.err_norm,NaN
2.290439397,1759158512.761439397,/studio/pos_error_xyz.err_norm,0.03549126877943009
2.293735679,1759158512.764735679,/studio/pos_error_xyz.err_norm,0.03544068089283762
2.2970224310000003,1759158512.768022431,/studio/pos_error_xyz.err_norm,NaN
2.30026755,1759158512.771267550,/studio/pos_error_xyz.err_norm,NaN
2.30039102,1759158512.771391020,/studio/pos_error_xyz.err_norm,0.03542865742400718
2.303611214,1759158512.774611214,/studio/pos_error_xyz.err_norm,0.035375659028108596
2.306953697,1759158512.777953697,/studio/pos_error_xyz.err_norm,NaN
2.310306649,1759158512.781306649,/studio/pos_error_xyz.err_norm,NaN
2.3104931,1759158512.781493100,/studio/pos_error_xyz.err_norm,0.03536366188151361
2.313742286,1759158512.784742286,/studio/pos_error_xyz.err_norm,0.03531100013102622
2.3171561880000002,1759158512.788156188,/studio/pos_error_xyz.err_norm,NaN
2.320318608,1759158512.791318608,/studio/pos_error_xyz.err_norm,NaN
2.320324624,1759158512.791324624,/studio/pos_error_xyz.err_norm,0.035288680688662144
2.323606105,1759158512.794606105,/studio/pos_error_xyz.err_norm,0.035188347615579006
2.327076218,1759158512.798076218,/studio/pos_error_xyz.err_norm,NaN
2.330291102,1759158512.801291102,/studio/pos_error_xyz.err_norm,NaN
2.330676463,1759158512.801676463,/studio/pos_error_xyz.err_norm,0.03516423308607958
2.333646137,1759158512.804646137,/studio/pos_error_xyz.err_norm,0.03505718408448257
2.336912398,1759158512.807912398,/studio/pos_error_xyz.err_norm,NaN
2.340359036,1759158512.811359036,/studio/pos_error_xyz.err_norm,NaN
2.340364857,1759158512.811364857,/studio/pos_error_xyz.err_norm,0.035041313365506845
2.34377554,1759158512.814775540,/studio/pos_error_xyz.err_norm,0.034970640362926096
2.347037014,1759158512.818037014,/studio/pos_error_xyz.err_norm,NaN
2.350333264,1759158512.821333264,/studio/pos_error_xyz.err_norm,NaN
2.350363828,1759158512.821363828,/studio/pos_error_xyz.err_norm,0.034943279986078934
2.3537314990000002,1759158512.824731499,/studio/pos_error_xyz.err_norm,0.0348200884127602
2.3569347990000002,1759158512.827934799,/studio/pos_error_xyz.err_norm,NaN
2.360274811,1759158512.831274811,/studio/pos_error_xyz.err_norm,NaN
2.36036434,1759158512.831364340,/studio/pos_error_xyz.err_norm,0.03479265055175948
2.363727399,1759158512.834727399,/studio/pos_error_xyz.err_norm,0.034668475753015196
2.367064521,1759158512.838064521,/studio/pos_error_xyz.err_norm,NaN
2.370289566,1759158512.841289566,/studio/pos_error_xyz.err_norm,NaN
2.370307575,1759158512.841307575,/studio/pos_error_xyz.err_norm,0.03470979818133533
2.373666822,1759158512.844666822,/studio/pos_error_xyz.err_norm,0.03490061761615154
2.377013416,1759158512.848013416,/studio/pos_error_xyz.err_norm,NaN
2.380285036,1759158512.851285036,/studio/pos_error_xyz.err_norm,NaN
2.380329165,1759158512.851329165,/studio/pos_error_xyz.err_norm,0.03487510457498323
2.383595794,1759158512.854595794,/studio/pos_error_xyz.err_norm,0.03475832916616621
2.387317699,1759158512.858317699,/studio/pos_error_xyz.err_norm,NaN
2.3902478780000003,1759158512.861247878,/studio/pos_error_xyz.err_norm,NaN
2.390309702,1759158512.861309702,/studio/pos_error_xyz.err_norm,0.03472611021536106
2.3936584720000003,1759158512.864658472,/studio/pos_error_xyz.err_norm,0.03457614940211544
2.396989557,1759158512.867989557,/studio/pos_error_xyz.err_norm,NaN
2.400248197,1759158512.871248197,/studio/pos_error_xyz.err_norm,NaN
2.400270594,1759158512.871270594,/studio/pos_error_xyz.err_norm,0.03453958154916638
2.403546142,1759158512.874546142,/studio/pos_error_xyz.err_norm,0.03436599673388027
2.406879564,1759158512.877879564,/studio/pos_error_xyz.err_norm,NaN
2.410271375,1759158512.881271375,/studio/pos_error_xyz.err_norm,NaN
2.41032795,1759158512.881327950,/studio/pos_error_xyz.err_norm,0.03434349618778381
2.413565492,1759158512.884565492,/studio/pos_error_xyz.err_norm,0.034238770541214186
2.417074712,1759158512.888074712,/studio/pos_error_xyz.err_norm,NaN
2.420263977,1759158512.891263977,/studio/pos_error_xyz.err_norm,NaN
2.430305186,1759158512.901305186,/studio/pos_error_xyz.err_norm,NaN
2.434488103,1759158512.905488103,/studio/pos_error_xyz.err_norm,0.034210458036097985
2.434490901,1759158512.905490901,/studio/pos_error_xyz.err_norm,0.03415665301604676
2.434493971,1759158512.905493971,/studio/pos_error_xyz.err_norm,0.03410287571624934
2.434495995,1759158512.905495995,/studio/pos_error_xyz.err_norm,0.034047045793618336
2.436702592,1759158512.907702592,/studio/pos_error_xyz.err_norm,0.033989208079428665
2.438045516,1759158512.909045516,/studio/pos_error_xyz.err_norm,0.033931488306036144
2.440301423,1759158512.911301423,/studio/pos_error_xyz.err_norm,NaN
2.440887718,1759158512.911887718,/studio/pos_error_xyz.err_norm,0.03388585185020555
2.444031356,1759158512.915031356,/studio/pos_error_xyz.err_norm,0.03380041905181618
2.44713975,1759158512.918139750,/studio/pos_error_xyz.err_norm,NaN
2.450286738,1759158512.921286738,/studio/pos_error_xyz.err_norm,NaN
2.450511901,1759158512.921511901,/studio/pos_error_xyz.err_norm,0.03377609554901162
2.4538172620000003,1759158512.924817262,/studio/pos_error_xyz.err_norm,0.03365843342477944
2.457004407,1759158512.928004407,/studio/pos_error_xyz.err_norm,NaN
2.46026997,1759158512.931269970,/studio/pos_error_xyz.err_norm,NaN
2.460434696,1759158512.931434696,/studio/pos_error_xyz.err_norm,0.03363165564743001
2.463628761,1759158512.934628761,/studio/pos_error_xyz.err_norm,0.03350198106390826
2.466953465,1759158512.937953465,/studio/pos_error_xyz.err_norm,NaN
2.47027313,1759158512.941273130,/studio/pos_error_xyz.err_norm,NaN
2.470460043,1759158512.941460043,/studio/pos_error_xyz.err_norm,0.03348477138534817
2.47355759,1759158512.944557590,/studio/pos_error_xyz.err_norm,0.033400770888087995
2.476846186,1759158512.947846186,/studio/pos_error_xyz.err_norm,NaN
2.4801496160000003,1759158512.951149616,/studio/pos_error_xyz.err_norm,NaN
2.480279012,1759158512.951279012,/studio/pos_error_xyz.err_norm,0.03338233450853615
2.483737882,1759158512.954737882,/studio/pos_error_xyz.err_norm,0.033292142347868085
2.486941922,1759158512.957941922,/studio/pos_error_xyz.err_norm,NaN
2.490252998,1759158512.961252998,/studio/pos_error_xyz.err_norm,NaN
2.490291049,1759158512.961291049,/studio/pos_error_xyz.err_norm,0.033278178165848694
2.493438149,1759158512.964438149,/studio/pos_error_xyz.err_norm,0.03320916041600457
2.496762076,1759158512.967762076,/studio/pos_error_xyz.err_norm,NaN
2.500269287,1759158512.971269287,/studio/pos_error_xyz.err_norm,NaN
2.500281381,1759158512.971281381,/studio/pos_error_xyz.err_norm,0.03319413534613342
2.5035252420000003,1759158512.974525242,/studio/pos_error_xyz.err_norm,0.03311889936993889
2.506874973,1759158512.977874973,/studio/pos_error_xyz.err_norm,NaN
2.510085973,1759158512.981085973,/studio/pos_error_xyz.err_norm,NaN
2.51026238,1759158512.981262380,/studio/pos_error_xyz.err_norm,0.03311276585019115
2.513428937,1759158512.984428937,/studio/pos_error_xyz.err_norm,0.033082252982780586
2.517432586,1759158512.988432586,/studio/pos_error_xyz.err_norm,NaN
2.520252831,1759158512.991252831,/studio/pos_error_xyz.err_norm,NaN
2.520284641,1759158512.991284641,/studio/pos_error_xyz.err_norm,0.033073889652728186
2.523584,1759158512.994584000,/studio/pos_error_xyz.err_norm,0.033032719196827
2.526883998,1759158512.997883998,/studio/pos_error_xyz.err_norm,NaN
2.530137743,1759158513.001137743,/studio/pos_error_xyz.err_norm,NaN
2.530265242,1759158513.001265242,/studio/pos_error_xyz.err_norm,0.03302794010261388
2.533617688,1759158513.004617688,/studio/pos_error_xyz.err_norm,0.03300360843201225
2.536793142,1759158513.007793142,/studio/pos_error_xyz.err_norm,NaN
2.540101256,1759158513.011101256,/studio/pos_error_xyz.err_norm,NaN
2.540284788,1759158513.011284788,/studio/pos_error_xyz.err_norm,0.03299189171759623
2.543454439,1759158513.014454439,/studio/pos_error_xyz.err_norm,0.03293372380988927
2.5472657830000003,1759158513.018265783,/studio/pos_error_xyz.err_norm,NaN
2.550145366,1759158513.021145366,/studio/pos_error_xyz.err_norm,NaN
2.550268539,1759158513.021268539,/studio/pos_error_xyz.err_norm,0.03293503319051842
2.55349413,1759158513.024494130,/studio/pos_error_xyz.err_norm,0.03294222322049402
2.556927682,1759158513.027927682,/studio/pos_error_xyz.err_norm,NaN
2.560019118,1759158513.031019118,/studio/pos_error_xyz.err_norm,NaN
2.560274784,1759158513.031274784,/studio/pos_error_xyz.err_norm,0.03294502617985035
2.563498813,1759158513.034498813,/studio/pos_error_xyz.err_norm,0.0329633157367486
2.5669081719999998,1759158513.037908172,/studio/pos_error_xyz.err_norm,NaN
2.570191017,1759158513.041191017,/studio/pos_error_xyz.err_norm,NaN
2.5702643700000003,1759158513.041264370,/studio/pos_error_xyz.err_norm,0.032967003917043894
2.573510725,1759158513.044510725,/studio/pos_error_xyz.err_norm,0.032986802669134035
2.5767085,1759158513.047708500,/studio/pos_error_xyz.err_norm,NaN
2.580263838,1759158513.051263838,/studio/pos_error_xyz.err_norm,NaN
2.580376409,1759158513.051376409,/studio/pos_error_xyz.err_norm,0.03299490591877451
2.583546593,1759158513.054546593,/studio/pos_error_xyz.err_norm,0.03304431901195087
2.586893481,1759158513.057893481,/studio/pos_error_xyz.err_norm,NaN
2.590049587,1759158513.061049587,/studio/pos_error_xyz.err_norm,NaN
2.59026367,1759158513.061263670,/studio/pos_error_xyz.err_norm,0.03305227172927145
2.593427609,1759158513.064427609,/studio/pos_error_xyz.err_norm,0.03309565345825916
2.596648006,1759158513.067648006,/studio/pos_error_xyz.err_norm,NaN
2.600076768,1759158513.071076768,/studio/pos_error_xyz.err_norm,NaN
2.600267846,1759158513.071267846,/studio/pos_error_xyz.err_norm,0.03310703123256032
2.6034671879999998,1759158513.074467188,/studio/pos_error_xyz.err_norm,0.033178533640890746
2.6069031860000003,1759158513.077903186,/studio/pos_error_xyz.err_norm,NaN
2.610074927,1759158513.081074927,/studio/pos_error_xyz.err_norm,NaN
2.610274881,1759158513.081274881,/studio/pos_error_xyz.err_norm,0.033190135095629895
2.613315677,1759158513.084315677,/studio/pos_error_xyz.err_norm,0.03325380756468099
2.616771049,1759158513.087771049,/studio/pos_error_xyz.err_norm,NaN
2.620272469,1759158513.091272469,/studio/pos_error_xyz.err_norm,NaN
2.620556407,1759158513.091556407,/studio/pos_error_xyz.err_norm,0.033266494937695894
2.630291587,1759158513.101291587,/studio/pos_error_xyz.err_norm,NaN
2.636642995,1759158513.107642995,/studio/pos_error_xyz.err_norm,0.03329891718447599
2.636647302,1759158513.107647302,/studio/pos_error_xyz.err_norm,0.03333392943293909
2.636652134,1759158513.107652134,/studio/pos_error_xyz.err_norm,0.033374817827608504
2.636656108,1759158513.107656108,/studio/pos_error_xyz.err_norm,0.0334222115294942
2.640294495,1759158513.111294495,/studio/pos_error_xyz.err_norm,NaN
2.642334509,1759158513.113334509,/studio/pos_error_xyz.err_norm,0.03347011248943581
2.642344789,1759158513.113344789,/studio/pos_error_xyz.err_norm,0.03351065194747106
2.643438814,1759158513.114438814,/studio/pos_error_xyz.err_norm,0.03361727705796126
2.6467819820000003,1759158513.117781982,/studio/pos_error_xyz.err_norm,NaN
2.650288666,1759158513.121288666,/studio/pos_error_xyz.err_norm,NaN
2.650321655,1759158513.121321655,/studio/pos_error_xyz.err_norm,0.03363588085702808
2.653401883,1759158513.124401883,/studio/pos_error_xyz.err_norm,0.033742825887274154
2.65674062,1759158513.127740620,/studio/pos_error_xyz.err_norm,NaN
2.6600804670000002,1759158513.131080467,/studio/pos_error_xyz.err_norm,NaN
2.660266243,1759158513.131266243,/studio/pos_error_xyz.err_norm,0.033767463003247546
2.6634518,1759158513.134451800,/studio/pos_error_xyz.err_norm,0.03394943514096836
2.666769959,1759158513.137769959,/studio/pos_error_xyz.err_norm,NaN
2.669981048,1759158513.140981048,/studio/pos_error_xyz.err_norm,NaN
2.670271053,1759158513.141271053,/studio/pos_error_xyz.err_norm,0.033973695731764855
2.673350817,1759158513.144350817,/studio/pos_error_xyz.err_norm,0.034115360006810494
2.676786121,1759158513.147786121,/studio/pos_error_xyz.err_norm,NaN
2.680109387,1759158513.151109387,/studio/pos_error_xyz.err_norm,NaN
2.6802696040000002,1759158513.151269604,/studio/pos_error_xyz.err_norm,0.0341395628175616
2.683314199,1759158513.154314199,/studio/pos_error_xyz.err_norm,0.03433993107454281
2.6866513860000003,1759158513.157651386,/studio/pos_error_xyz.err_norm,NaN
2.6900202550000003,1759158513.161020255,/studio/pos_error_xyz.err_norm,NaN
2.690268314,1759158513.161268314,/studio/pos_error_xyz.err_norm,0.03437664111673123
2.693265466,1759158513.164265466,/studio/pos_error_xyz.err_norm,0.034595221299055304
2.696619515,1759158513.167619515,/studio/pos_error_xyz.err_norm,NaN
2.700264334,1759158513.171264334,/studio/pos_error_xyz.err_norm,NaN
2.70108989,1759158513.172089890,/studio/pos_error_xyz.err_norm,0.034628225102044385
2.703279971,1759158513.174279971,/studio/pos_error_xyz.err_norm,0.03491202775971472
2.706789553,1759158513.177789553,/studio/pos_error_xyz.err_norm,NaN
2.710015606,1759158513.181015606,/studio/pos_error_xyz.err_norm,NaN
2.710335277,1759158513.181335277,/studio/pos_error_xyz.err_norm,0.03497294995657114
2.713273008,1759158513.184273008,/studio/pos_error_xyz.err_norm,0.03533738006722911
2.7166603250000003,1759158513.187660325,/studio/pos_error_xyz.err_norm,NaN
2.720159507,1759158513.191159507,/studio/pos_error_xyz.err_norm,NaN
2.720306296,1759158513.191306296,/studio/pos_error_xyz.err_norm,0.03535227154229371
2.72338072,1759158513.194380720,/studio/pos_error_xyz.err_norm,0.035568719695815675
2.726706627,1759158513.197706627,/studio/pos_error_xyz.err_norm,NaN
2.729984823,1759158513.200984823,/studio/pos_error_xyz.err_norm,NaN
2.7302684,1759158513.201268400,/studio/pos_error_xyz.err_norm,0.035635781782922454
2.733245685,1759158513.204245685,/studio/pos_error_xyz.err_norm,0.0360466660892969
2.736622677,1759158513.207622677,/studio/pos_error_xyz.err_norm,NaN
2.740295806,1759158513.211295806,/studio/pos_error_xyz.err_norm,NaN
2.740654542,1759158513.211654542,/studio/pos_error_xyz.err_norm,0.03609489028286077
2.743833758,1759158513.214833758,/studio/pos_error_xyz.err_norm,0.036561204448761236
2.746656085,1759158513.217656085,/studio/pos_error_xyz.err_norm,NaN
2.7499402760000002,1759158513.220940276,/studio/pos_error_xyz.err_norm,NaN
2.750279991,1759158513.221279991,/studio/pos_error_xyz.err_norm,0.03662676726224358
2.753192721,1759158513.224192721,/studio/pos_error_xyz.err_norm,0.037039732911202036
2.756624634,1759158513.227624634,/studio/pos_error_xyz.err_norm,NaN
2.760012389,1759158513.231012389,/studio/pos_error_xyz.err_norm,NaN
2.76027793,1759158513.231277930,/studio/pos_error_xyz.err_norm,0.037081471505521726
2.763266013,1759158513.234266013,/studio/pos_error_xyz.err_norm,0.03757164166840128
2.766568184,1759158513.237568184,/studio/pos_error_xyz.err_norm,NaN
2.769889245,1759158513.240889245,/studio/pos_error_xyz.err_norm,NaN
2.770269068,1759158513.241269068,/studio/pos_error_xyz.err_norm,0.03771424548459086
2.7732267520000002,1759158513.244226752,/studio/pos_error_xyz.err_norm,0.03861141714157032
2.776616094,1759158513.247616094,/studio/pos_error_xyz.err_norm,NaN
2.779892878,1759158513.250892878,/studio/pos_error_xyz.err_norm,NaN
2.780276642,1759158513.251276642,/studio/pos_error_xyz.err_norm,0.03868925171453377
2.783260755,1759158513.254260755,/studio/pos_error_xyz.err_norm,0.03946996175439873
2.786588295,1759158513.257588295,/studio/pos_error_xyz.err_norm,NaN
2.7899390520000003,1759158513.260939052,/studio/pos_error_xyz.err_norm,NaN
2.79027034,1759158513.261270340,/studio/pos_error_xyz.err_norm,0.03954015541800946
2.793262533,1759158513.264262533,/studio/pos_error_xyz.err_norm,0.0399939252196833
2.796665801,1759158513.267665801,/studio/pos_error_xyz.err_norm,NaN
2.7998973129999998,1759158513.270897313,/studio/pos_error_xyz.err_norm,NaN
2.80027282,1759158513.271272820,/studio/pos_error_xyz.err_norm,0.04023561606353738
2.803157289,1759158513.274157289,/studio/pos_error_xyz.err_norm,0.04212514107622771
2.806635511,1759158513.277635511,/studio/pos_error_xyz.err_norm,NaN
2.809870954,1759158513.280870954,/studio/pos_error_xyz.err_norm,NaN
2.810271295,1759158513.281271295,/studio/pos_error_xyz.err_norm,0.042261143566690335
2.813266688,1759158513.284266688,/studio/pos_error_xyz.err_norm,0.0431333760014314
2.816472686,1759158513.287472686,/studio/pos_error_xyz.err_norm,NaN
2.819795137,1759158513.290795137,/studio/pos_error_xyz.err_norm,NaN
2.820322001,1759158513.291322001,/studio/pos_error_xyz.err_norm,0.043227939697450334
2.823293832,1759158513.294293832,/studio/pos_error_xyz.err_norm,0.04428529901770358
2.830310343,1759158513.301310343,/studio/pos_error_xyz.err_norm,NaN
2.8397742,1759158513.310774200,/studio/pos_error_xyz.err_norm,NaN
2.83978307,1759158513.310783070,/studio/pos_error_xyz.err_norm,0.04443083250144626
2.839786181,1759158513.310786181,/studio/pos_error_xyz.err_norm,0.044794634215759424
2.839791343,1759158513.310791343,/studio/pos_error_xyz.err_norm,0.045160720456178416
2.840296839,1759158513.311296839,/studio/pos_error_xyz.err_norm,NaN
2.84635061,1759158513.317350610,/studio/pos_error_xyz.err_norm,0.045475799358731556
2.846353517,1759158513.317353517,/studio/pos_error_xyz.err_norm,0.045863203231959616
2.847256303,1759158513.318256303,/studio/pos_error_xyz.err_norm,0.046338258020397524
2.849881515,1759158513.320881515,/studio/pos_error_xyz.err_norm,0.04663163355610125
2.850277374,1759158513.321277374,/studio/pos_error_xyz.err_norm,0.046761494916349816
2.8533439080000003,1759158513.324343908,/studio/pos_error_xyz.err_norm,0.047638882564979314
2.856702885,1759158513.327702885,/studio/pos_error_xyz.err_norm,NaN
2.859865828,1759158513.330865828,/studio/pos_error_xyz.err_norm,NaN
2.86029944,1759158513.331299440,/studio/pos_error_xyz.err_norm,0.04775830126728594
2.863323163,1759158513.334323163,/studio/pos_error_xyz.err_norm,0.0491973593668877
2.866597171,1759158513.337597171,/studio/pos_error_xyz.err_norm,NaN
2.869730304,1759158513.340730304,/studio/pos_error_xyz.err_norm,NaN
2.87027082,1759158513.341270820,/studio/pos_error_xyz.err_norm,0.04937336833857359
2.873060242,1759158513.344060242,/studio/pos_error_xyz.err_norm,0.05056643457798553
2.876528749,1759158513.347528749,/studio/pos_error_xyz.err_norm,NaN
2.87981164,1759158513.350811640,/studio/pos_error_xyz.err_norm,NaN
2.880275997,1759158513.351275997,/studio/pos_error_xyz.err_norm,0.05069229314341477
2.883157921,1759158513.354157921,/studio/pos_error_xyz.err_norm,0.05227132234888501
2.8864581400000002,1759158513.357458140,/studio/pos_error_xyz.err_norm,NaN
2.8897360670000003,1759158513.360736067,/studio/pos_error_xyz.err_norm,NaN
2.890339996,1759158513.361339996,/studio/pos_error_xyz.err_norm,0.052441699235884605
2.893152418,1759158513.364152418,/studio/pos_error_xyz.err_norm,0.05361755022785921
2.89646068,1759158513.367460680,/studio/pos_error_xyz.err_norm,NaN
2.8998685340000003,1759158513.370868534,/studio/pos_error_xyz.err_norm,NaN
2.900271483,1759158513.371271483,/studio/pos_error_xyz.err_norm,0.05373418421568521
2.903027187,1759158513.374027187,/studio/pos_error_xyz.err_norm,0.05535529090654688
2.9064508360000003,1759158513.377450836,/studio/pos_error_xyz.err_norm,NaN
2.909890868,1759158513.380890868,/studio/pos_error_xyz.err_norm,NaN
2.910314189,1759158513.381314189,/studio/pos_error_xyz.err_norm,0.05556145568735732
2.91316118,1759158513.384161180,/studio/pos_error_xyz.err_norm,0.05700476003267162
2.91651059,1759158513.387510590,/studio/pos_error_xyz.err_norm,NaN
2.919696833,1759158513.390696833,/studio/pos_error_xyz.err_norm,NaN
2.920274834,1759158513.391274834,/studio/pos_error_xyz.err_norm,0.057123540377810166
2.9231116640000003,1759158513.394111664,/studio/pos_error_xyz.err_norm,0.05886709910497892
2.9269797,1759158513.397979700,/studio/pos_error_xyz.err_norm,NaN
2.92992029,1759158513.400920290,/studio/pos_error_xyz.err_norm,NaN
2.930304763,1759158513.401304763,/studio/pos_error_xyz.err_norm,0.059047133969510515
2.933059633,1759158513.404059633,/studio/pos_error_xyz.err_norm,0.060331731611957234
2.936346371,1759158513.407346371,/studio/pos_error_xyz.err_norm,NaN
2.939677092,1759158513.410677092,/studio/pos_error_xyz.err_norm,NaN
2.940314197,1759158513.411314197,/studio/pos_error_xyz.err_norm,0.06044492192528183
2.943151051,1759158513.414151051,/studio/pos_error_xyz.err_norm,0.06225063797481544
2.946460487,1759158513.417460487,/studio/pos_error_xyz.err_norm,NaN
2.949843301,1759158513.420843301,/studio/pos_error_xyz.err_norm,NaN
2.950273847,1759158513.421273847,/studio/pos_error_xyz.err_norm,0.06245008291108649
2.953026786,1759158513.424026786,/studio/pos_error_xyz.err_norm,0.0639014860496066
2.956393803,1759158513.427393803,/studio/pos_error_xyz.err_norm,NaN
2.959731236,1759158513.430731236,/studio/pos_error_xyz.err_norm,NaN
2.960268755,1759158513.431268755,/studio/pos_error_xyz.err_norm,0.06399213933559864
2.963083765,1759158513.434083765,/studio/pos_error_xyz.err_norm,0.06573206739111019
2.966313134,1759158513.437313134,/studio/pos_error_xyz.err_norm,NaN
2.969815161,1759158513.440815161,/studio/pos_error_xyz.err_norm,NaN
2.9703195950000003,1759158513.441319595,/studio/pos_error_xyz.err_norm,0.06592362490359012
2.972991001,1759158513.443991001,/studio/pos_error_xyz.err_norm,0.06734010159272427
2.976563515,1759158513.447563515,/studio/pos_error_xyz.err_norm,NaN
2.979768709,1759158513.450768709,/studio/pos_error_xyz.err_norm,NaN
2.980322317,1759158513.451322317,/studio/pos_error_xyz.err_norm,0.06740832367317663
2.982968206,1759158513.453968206,/studio/pos_error_xyz.err_norm,0.06909194090790627
2.986542758,1759158513.457542758,/studio/pos_error_xyz.err_norm,NaN
2.989790898,1759158513.460790898,/studio/pos_error_xyz.err_norm,NaN
2.990329253,1759158513.461329253,/studio/pos_error_xyz.err_norm,0.06926186807967111
2.993328607,1759158513.464328607,/studio/pos_error_xyz.err_norm,0.07054739511229904
2.9964509340000003,1759158513.467450934,/studio/pos_error_xyz.err_norm,NaN
2.9998015590000002,1759158513.470801559,/studio/pos_error_xyz.err_norm,NaN
3.000322887,1759158513.471322887,/studio/pos_error_xyz.err_norm,0.0706044732222719
3.003063513,1759158513.474063513,/studio/pos_error_xyz.err_norm,0.07230091470315557
3.006374493,1759158513.477374493,/studio/pos_error_xyz.err_norm,NaN
3.00984146,1759158513.480841460,/studio/pos_error_xyz.err_norm,NaN
3.01030608,1759158513.481306080,/studio/pos_error_xyz.err_norm,0.07243974753768483
3.013136317,1759158513.484136317,/studio/pos_error_xyz.err_norm,0.07356297861177571
3.016418326,1759158513.487418326,/studio/pos_error_xyz.err_norm,NaN
3.019599498,1759158513.490599498,/studio/pos_error_xyz.err_norm,NaN
3.020319873,1759158513.491319873,/studio/pos_error_xyz.err_norm,0.07363321436726385
3.023015197,1759158513.494015197,/studio/pos_error_xyz.err_norm,0.07552887425872971
3.026352259,1759158513.497352259,/studio/pos_error_xyz.err_norm,NaN
3.030142717,1759158513.501142717,/studio/pos_error_xyz.err_norm,NaN
3.030309737,1759158513.501309737,/studio/pos_error_xyz.err_norm,0.07564804417698419
3.040308397,1759158513.511308397,/studio/pos_error_xyz.err_norm,NaN
3.047560937,1759158513.518560937,/studio/pos_error_xyz.err_norm,0.0760115240038065
3.047563456,1759158513.518563456,/studio/pos_error_xyz.err_norm,0.07637668396269089
3.0475659840000002,1759158513.518565984,/studio/pos_error_xyz.err_norm,0.07662451984212132
3.047569517,1759158513.518569517,/studio/pos_error_xyz.err_norm,0.07699031102401425
3.05017357,1759158513.521173570,/studio/pos_error_xyz.err_norm,0.0776062044935452
3.050176371,1759158513.521176371,/studio/pos_error_xyz.err_norm,0.07802079849378102
3.050292293,1759158513.521292293,/studio/pos_error_xyz.err_norm,0.07813424830759555
3.052963181,1759158513.523963181,/studio/pos_error_xyz.err_norm,0.07905639233564725
3.056282869,1759158513.527282869,/studio/pos_error_xyz.err_norm,NaN
3.059544961,1759158513.530544961,/studio/pos_error_xyz.err_norm,NaN
3.06027176,1759158513.531271760,/studio/pos_error_xyz.err_norm,0.07905773645819873
3.063328688,1759158513.534328688,/studio/pos_error_xyz.err_norm,0.08053685219718329
3.066405245,1759158513.537405245,/studio/pos_error_xyz.err_norm,NaN
3.069652147,1759158513.540652147,/studio/pos_error_xyz.err_norm,NaN
3.070270263,1759158513.541270263,/studio/pos_error_xyz.err_norm,0.08062828640225603
3.073036575,1759158513.544036575,/studio/pos_error_xyz.err_norm,0.08138514962189922
3.076259945,1759158513.547259945,/studio/pos_error_xyz.err_norm,NaN
3.079637489,1759158513.550637489,/studio/pos_error_xyz.err_norm,NaN
3.080314133,1759158513.551314133,/studio/pos_error_xyz.err_norm,0.08136976146557197
3.083071745,1759158513.554071745,/studio/pos_error_xyz.err_norm,0.08277773871861369
3.086466459,1759158513.557466459,/studio/pos_error_xyz.err_norm,NaN
3.090313893,1759158513.561313893,/studio/pos_error_xyz.err_norm,NaN
3.092096978,1759158513.563096978,/studio/pos_error_xyz.err_norm,0.08288109255677127
3.094028541,1759158513.565028541,/studio/pos_error_xyz.err_norm,0.08375173328747304
3.097346748,1759158513.568346748,/studio/pos_error_xyz.err_norm,NaN
3.099712778,1759158513.570712778,/studio/pos_error_xyz.err_norm,NaN
3.100315685,1759158513.571315685,/studio/pos_error_xyz.err_norm,0.08373283945666088
3.102968641,1759158513.573968641,/studio/pos_error_xyz.err_norm,0.08517715303829904
3.106631389,1759158513.577631389,/studio/pos_error_xyz.err_norm,NaN
3.110343672,1759158513.581343672,/studio/pos_error_xyz.err_norm,NaN
3.110353781,1759158513.581353781,/studio/pos_error_xyz.err_norm,0.08525691734824849
3.11293069,1759158513.583930690,/studio/pos_error_xyz.err_norm,0.08595062801690374
3.116262092,1759158513.587262092,/studio/pos_error_xyz.err_norm,NaN
3.119958301,1759158513.590958301,/studio/pos_error_xyz.err_norm,NaN
3.120268287,1759158513.591268287,/studio/pos_error_xyz.err_norm,0.08592674245283718
3.122918821,1759158513.593918821,/studio/pos_error_xyz.err_norm,0.08738029741939486
3.126243589,1759158513.597243589,/studio/pos_error_xyz.err_norm,NaN
3.12956658,1759158513.600566580,/studio/pos_error_xyz.err_norm,NaN
3.130283955,1759158513.601283955,/studio/pos_error_xyz.err_norm,0.08747856301634674
3.133031395,1759158513.604031395,/studio/pos_error_xyz.err_norm,0.08834288366562686
3.136308205,1759158513.607308205,/studio/pos_error_xyz.err_norm,NaN
3.139680479,1759158513.610680479,/studio/pos_error_xyz.err_norm,NaN
3.140346285,1759158513.611346285,/studio/pos_error_xyz.err_norm,0.08832573975194957
3.142827675,1759158513.613827675,/studio/pos_error_xyz.err_norm,0.08990458643710983
3.146236934,1759158513.617236934,/studio/pos_error_xyz.err_norm,NaN
3.14954949,1759158513.620549490,/studio/pos_error_xyz.err_norm,NaN
3.150279048,1759158513.621279048,/studio/pos_error_xyz.err_norm,NaN
3.152837119,1759158513.623837119,/studio/pos_error_xyz.err_norm,0.09068448414194515
3.156226174,1759158513.627226174,/studio/pos_error_xyz.err_norm,NaN
3.160015842,1759158513.631015842,/studio/pos_error_xyz.err_norm,NaN
3.160275704,1759158513.631275704,/studio/pos_error_xyz.err_norm,0.09064687725142534
3.162879019,1759158513.633879019,/studio/pos_error_xyz.err_norm,0.09208092537236853
3.166435468,1759158513.637435468,/studio/pos_error_xyz.err_norm,NaN
3.169796071,1759158513.640796071,/studio/pos_error_xyz.err_norm,NaN
3.170265845,1759158513.641265845,/studio/pos_error_xyz.err_norm,0.09218987707744042
3.1729529100000002,1759158513.643952910,/studio/pos_error_xyz.err_norm,0.09318524903335872
3.176255307,1759158513.647255307,/studio/pos_error_xyz.err_norm,NaN
3.17967789,1759158513.650677890,/studio/pos_error_xyz.err_norm,NaN
3.180274095,1759158513.651274095,/studio/pos_error_xyz.err_norm,NaN
3.183478841,1759158513.654478841,/studio/pos_error_xyz.err_norm,0.09474606154413706
3.186142738,1759158513.657142738,/studio/pos_error_xyz.err_norm,NaN
3.189919106,1759158513.660919106,/studio/pos_error_xyz.err_norm,NaN
3.1903292,1759158513.661329200,/studio/pos_error_xyz.err_norm,NaN
3.192795747,1759158513.663795747,/studio/pos_error_xyz.err_norm,0.09596404246509163
3.1961380679999998,1759158513.667138068,/studio/pos_error_xyz.err_norm,NaN
3.199530348,1759158513.670530348,/studio/pos_error_xyz.err_norm,NaN
3.200317102,1759158513.671317102,/studio/pos_error_xyz.err_norm,NaN
3.202939017,1759158513.673939017,/studio/pos_error_xyz.err_norm,0.09789352318030395
3.206296125,1759158513.677296125,/studio/pos_error_xyz.err_norm,NaN
3.209457199,1759158513.680457199,/studio/pos_error_xyz.err_norm,NaN
3.210266308,1759158513.681266308,/studio/pos_error_xyz.err_norm,NaN
3.212729098,1759158513.683729098,/studio/pos_error_xyz.err_norm,0.09922110256961135
3.216254368,1759158513.687254368,/studio/pos_error_xyz.err_norm,NaN
3.219443178,1759158513.690443178,/studio/pos_error_xyz.err_norm,NaN
3.220265317,1759158513.691265317,/studio/pos_error_xyz.err_norm,NaN
3.223501845,1759158513.694501845,/studio/pos_error_xyz.err_norm,0.10120926183843676
3.226356849,1759158513.697356849,/studio/pos_error_xyz.err_norm,NaN
3.230284364,1759158513.701284364,/studio/pos_error_xyz.err_norm,NaN
3.230351304,1759158513.701351304,/studio/pos_error_xyz.err_norm,NaN
3.2328136880000002,1759158513.703813688,/studio/pos_error_xyz.err_norm,0.10208629501098812
3.237004979,1759158513.708004979,/studio/pos_error_xyz.err_norm,NaN
3.240293456,1759158513.711293456,/studio/pos_error_xyz.err_norm,NaN
3.250294968,1759158513.721294968,/studio/pos_error_xyz.err_norm,NaN
3.255929596,1759158513.726929596,/studio/pos_error_xyz.err_norm,NaN
3.255932862,1759158513.726932862,/studio/pos_error_xyz.err_norm,0.10257194788878331
3.255936393,1759158513.726936393,/studio/pos_error_xyz.err_norm,0.10343474479374518
3.255942777,1759158513.726942777,/studio/pos_error_xyz.err_norm,0.10420830731933158
3.260284816,1759158513.731284816,/studio/pos_error_xyz.err_norm,NaN
3.260322144,1759158513.731322144,/studio/pos_error_xyz.err_norm,0.10473203079545816
3.260324745,1759158513.731324745,/studio/pos_error_xyz.err_norm,0.1052577371358764
3.261819356,1759158513.732819356,/studio/pos_error_xyz.err_norm,0.10568634364301298
3.263538967,1759158513.734538967,/studio/pos_error_xyz.err_norm,0.10788056704775287
3.266097469,1759158513.737097469,/studio/pos_error_xyz.err_norm,NaN
3.2694231670000002,1759158513.740423167,/studio/pos_error_xyz.err_norm,NaN
3.270285201,1759158513.741285201,/studio/pos_error_xyz.err_norm,NaN
3.272779491,1759158513.743779491,/studio/pos_error_xyz.err_norm,0.11105065178252121
3.276191836,1759158513.747191836,/studio/pos_error_xyz.err_norm,NaN
3.279473666,1759158513.750473666,/studio/pos_error_xyz.err_norm,NaN
3.28026519,1759158513.751265190,/studio/pos_error_xyz.err_norm,NaN
3.282852409,1759158513.753852409,/studio/pos_error_xyz.err_norm,0.11248921075446273
3.286093049,1759158513.757093049,/studio/pos_error_xyz.err_norm,0.11530823248067239
3.289502128,1759158513.760502128,/studio/pos_error_xyz.err_norm,NaN
3.290266998,1759158513.761266998,/studio/pos_error_xyz.err_norm,NaN
3.292845844,1759158513.763845844,/studio/pos_error_xyz.err_norm,0.11771534330703566
3.296112056,1759158513.767112056,/studio/pos_error_xyz.err_norm,NaN
3.299314105,1759158513.770314105,/studio/pos_error_xyz.err_norm,NaN
3.300294433,1759158513.771294433,/studio/pos_error_xyz.err_norm,NaN
3.302662628,1759158513.773662628,/studio/pos_error_xyz.err_norm,0.12089648700663443
3.306033839,1759158513.777033839,/studio/pos_error_xyz.err_norm,NaN
3.309316516,1759158513.780316516,/studio/pos_error_xyz.err_norm,NaN
3.3102715480000002,1759158513.781271548,/studio/pos_error_xyz.err_norm,NaN
3.312730471,1759158513.783730471,/studio/pos_error_xyz.err_norm,0.1236902186866862
3.315967907,1759158513.786967907,/studio/pos_error_xyz.err_norm,NaN
3.31930221,1759158513.790302210,/studio/pos_error_xyz.err_norm,NaN
3.3202757529999998,1759158513.791275753,/studio/pos_error_xyz.err_norm,NaN
3.322728943,1759158513.793728943,/studio/pos_error_xyz.err_norm,0.12751464028517617
3.325984857,1759158513.796984857,/studio/pos_error_xyz.err_norm,NaN
3.329436722,1759158513.800436722,/studio/pos_error_xyz.err_norm,NaN
3.330262372,1759158513.801262372,/studio/pos_error_xyz.err_norm,NaN
3.332596982,1759158513.803596982,/studio/pos_error_xyz.err_norm,0.13057203906220768
3.336668583,1759158513.807668583,/studio/pos_error_xyz.err_norm,NaN
3.33934625,1759158513.810346250,/studio/pos_error_xyz.err_norm,NaN
3.340316862,1759158513.811316862,/studio/pos_error_xyz.err_norm,NaN
3.342705579,1759158513.813705579,/studio/pos_error_xyz.err_norm,0.13466768887173092
3.346006075,1759158513.817006075,/studio/pos_error_xyz.err_norm,NaN
3.349367717,1759158513.820367717,/studio/pos_error_xyz.err_norm,NaN
3.350268707,1759158513.821268707,/studio/pos_error_xyz.err_norm,NaN
3.352657108,1759158513.823657108,/studio/pos_error_xyz.err_norm,0.13820324251406557
3.356151716,1759158513.827151716,/studio/pos_error_xyz.err_norm,NaN
3.359397128,1759158513.830397128,/studio/pos_error_xyz.err_norm,NaN
3.360260722,1759158513.831260722,/studio/pos_error_xyz.err_norm,NaN
3.362820339,1759158513.833820339,/studio/pos_error_xyz.err_norm,0.14279969792060498
3.366174768,1759158513.837174768,/studio/pos_error_xyz.err_norm,NaN
3.369470848,1759158513.840470848,/studio/pos_error_xyz.err_norm,NaN
3.370314145,1759158513.841314145,/studio/pos_error_xyz.err_norm,NaN
3.372672482,1759158513.843672482,/studio/pos_error_xyz.err_norm,0.14688729957815044
3.376285478,1759158513.847285478,/studio/pos_error_xyz.err_norm,NaN
3.3792524,1759158513.850252400,/studio/pos_error_xyz.err_norm,NaN
3.380264914,1759158513.851264914,/studio/pos_error_xyz.err_norm,NaN
3.382653771,1759158513.853653771,/studio/pos_error_xyz.err_norm,0.1516404541374064
3.386028462,1759158513.857028462,/studio/pos_error_xyz.err_norm,NaN
3.389306533,1759158513.860306533,/studio/pos_error_xyz.err_norm,NaN
3.3902697330000002,1759158513.861269733,/studio/pos_error_xyz.err_norm,NaN
3.392580705,1759158513.863580705,/studio/pos_error_xyz.err_norm,0.15667079341494877
3.395992744,1759158513.866992744,/studio/pos_error_xyz.err_norm,NaN
3.399309896,1759158513.870309896,/studio/pos_error_xyz.err_norm,NaN
3.400260148,1759158513.871260148,/studio/pos_error_xyz.err_norm,NaN
3.402773023,1759158513.873773023,/studio/pos_error_xyz.err_norm,0.1610332594017833
3.40594812,1759158513.876948120,/studio/pos_error_xyz.err_norm,NaN
3.4092518480000003,1759158513.880251848,/studio/pos_error_xyz.err_norm,NaN
3.410261059,1759158513.881261059,/studio/pos_error_xyz.err_norm,NaN
3.412623776,1759158513.883623776,/studio/pos_error_xyz.err_norm,0.16670450796243175
3.415942715,1759158513.886942715,/studio/pos_error_xyz.err_norm,NaN
3.419338232,1759158513.890338232,/studio/pos_error_xyz.err_norm,NaN
3.420268837,1759158513.891268837,/studio/pos_error_xyz.err_norm,NaN
3.422751141,1759158513.893751141,/studio/pos_error_xyz.err_norm,0.17304649650272994
3.426065176,1759158513.897065176,/studio/pos_error_xyz.err_norm,NaN
3.429535152,1759158513.900535152,/studio/pos_error_xyz.err_norm,NaN
3.43030116,1759158513.901301160,/studio/pos_error_xyz.err_norm,NaN
3.432615244,1759158513.903615244,/studio/pos_error_xyz.err_norm,0.17933345515689705
3.435972417,1759158513.906972417,/studio/pos_error_xyz.err_norm,NaN
3.439839096,1759158513.910839096,/studio/pos_error_xyz.err_norm,NaN
3.440278359,1759158513.911278359,/studio/pos_error_xyz.err_norm,NaN
3.45030761,1759158513.921307610,/studio/pos_error_xyz.err_norm,NaN
3.4564720490000003,1759158513.927472049,/studio/pos_error_xyz.err_norm,0.1820718678589533
3.456475063,1759158513.927475063,/studio/pos_error_xyz.err_norm,0.18446949384755268
3.456477826,1759158513.927477826,/studio/pos_error_xyz.err_norm,0.1869251431271408
3.456481674,1759158513.927481674,/studio/pos_error_xyz.err_norm,0.18957042082750625
3.460278703,1759158513.931278703,/studio/pos_error_xyz.err_norm,NaN
3.460441157,1759158513.931441157,/studio/pos_error_xyz.err_norm,0.19221873057847907
3.46044672,1759158513.931446720,/studio/pos_error_xyz.err_norm,0.19478153834890058
3.462682845,1759158513.933682845,/studio/pos_error_xyz.err_norm,0.20137284477012302
3.465851792,1759158513.936851792,/studio/pos_error_xyz.err_norm,NaN
3.470291665,1759158513.941291665,/studio/pos_error_xyz.err_norm,NaN
3.470300203,1759158513.941300203,/studio/pos_error_xyz.err_norm,NaN
3.472619442,1759158513.943619442,/studio/pos_error_xyz.err_norm,0.20925696669108323
3.476116067,1759158513.947116067,/studio/pos_error_xyz.err_norm,NaN
3.479216576,1759158513.950216576,/studio/pos_error_xyz.err_norm,NaN
3.480261178,1759158513.951261178,/studio/pos_error_xyz.err_norm,NaN
3.482801914,1759158513.953801914,/studio/pos_error_xyz.err_norm,0.21715397456815413
3.486102535,1759158513.957102535,/studio/pos_error_xyz.err_norm,NaN
3.489120154,1759158513.960120154,/studio/pos_error_xyz.err_norm,NaN
3.490256879,1759158513.961256879,/studio/pos_error_xyz.err_norm,NaN
3.492542611,1759158513.963542611,/studio/pos_error_xyz.err_norm,0.22548103300646857
3.495930772,1759158513.966930772,/studio/pos_error_xyz.err_norm,NaN
3.49923741,1759158513.970237410,/studio/pos_error_xyz.err_norm,NaN
3.500271421,1759158513.971271421,/studio/pos_error_xyz.err_norm,NaN
3.502702928,1759158513.973702928,/studio/pos_error_xyz.err_norm,0.2339116315347488
3.505981558,1759158513.976981558,/studio/pos_error_xyz.err_norm,NaN
3.5092821350000003,1759158513.980282135,/studio/pos_error_xyz.err_norm,NaN
3.510259339,1759158513.981259339,/studio/pos_error_xyz.err_norm,NaN
3.512621879,1759158513.983621879,/studio/pos_error_xyz.err_norm,0.23738835626505414
3.515913796,1759158513.986913796,/studio/pos_error_xyz.err_norm,0.24264687543990826
3.519207088,1759158513.990207088,/studio/pos_error_xyz.err_norm,NaN
3.520266044,1759158513.991266044,/studio/pos_error_xyz.err_norm,NaN
3.522642473,1759158513.993642473,/studio/pos_error_xyz.err_norm,0.25179358070771746
3.525877296,1759158513.996877296,/studio/pos_error_xyz.err_norm,NaN
3.529195294,1759158514.000195294,/studio/pos_error_xyz.err_norm,NaN
3.530259972,1759158514.001259972,/studio/pos_error_xyz.err_norm,NaN
3.5324876080000003,1759158514.003487608,/studio/pos_error_xyz.err_norm,0.25529119033670084
3.535792566,1759158514.006792566,/studio/pos_error_xyz.err_norm,0.2606159330140131
3.5392737,1759158514.010273700,/studio/pos_error_xyz.err_norm,NaN
3.540287009,1759158514.011287009,/studio/pos_error_xyz.err_norm,NaN
3.542581169,1759158514.013581169,/studio/pos_error_xyz.err_norm,0.27029846994883727
3.545788622,1759158514.016788622,/studio/pos_error_xyz.err_norm,NaN
3.549176663,1759158514.020176663,/studio/pos_error_xyz.err_norm,NaN
3.550264632,1759158514.021264632,/studio/pos_error_xyz.err_norm,NaN
3.552514777,1759158514.023514777,/studio/pos_error_xyz.err_norm,0.2799976163216998
3.555738774,1759158514.026738774,/studio/pos_error_xyz.err_norm,NaN
3.5591102130000003,1759158514.030110213,/studio/pos_error_xyz.err_norm,NaN
3.5602637,1759158514.031263700,/studio/pos_error_xyz.err_norm,NaN
3.562647651,1759158514.033647651,/studio/pos_error_xyz.err_norm,0.28976309593177785
3.565799786,1759158514.036799786,/studio/pos_error_xyz.err_norm,NaN
3.569116311,1759158514.040116311,/studio/pos_error_xyz.err_norm,NaN
3.5703082569999998,1759158514.041308257,/studio/pos_error_xyz.err_norm,NaN
3.5723797040000003,1759158514.043379704,/studio/pos_error_xyz.err_norm,0.3000533838673097
3.575843248,1759158514.046843248,/studio/pos_error_xyz.err_norm,NaN
3.579092337,1759158514.050092337,/studio/pos_error_xyz.err_norm,NaN
3.580268699,1759158514.051268699,/studio/pos_error_xyz.err_norm,NaN
3.582489968,1759158514.053489968,/studio/pos_error_xyz.err_norm,0.30931116371124817
3.585689586,1759158514.056689586,/studio/pos_error_xyz.err_norm,NaN
3.58904934,1759158514.060049340,/studio/pos_error_xyz.err_norm,NaN
3.590313963,1759158514.061313963,/studio/pos_error_xyz.err_norm,NaN
3.592454978,1759158514.063454978,/studio/pos_error_xyz.err_norm,0.31967143471805276
3.59570206,1759158514.066702060,/studio/pos_error_xyz.err_norm,NaN
3.5991009910000002,1759158514.070100991,/studio/pos_error_xyz.err_norm,NaN
3.600271334,1759158514.071271334,/studio/pos_error_xyz.err_norm,NaN
3.602439291,1759158514.073439291,/studio/pos_error_xyz.err_norm,0.3301537351134778
3.6061115,1759158514.077111500,/studio/pos_error_xyz.err_norm,NaN
3.60931122,1759158514.080311220,/studio/pos_error_xyz.err_norm,NaN
3.610271537,1759158514.081271537,/studio/pos_error_xyz.err_norm,NaN
3.6124505239999998,1759158514.083450524,/studio/pos_error_xyz.err_norm,0.3398599367313448
3.615946401,1759158514.086946401,/studio/pos_error_xyz.err_norm,NaN
3.619017089,1759158514.090017089,/studio/pos_error_xyz.err_norm,NaN
3.620282821,1759158514.091282821,/studio/pos_error_xyz.err_norm,NaN
3.622450903,1759158514.093450903,/studio/pos_error_xyz.err_norm,0.3441841384248467
3.62575003,1759158514.096750030,/studio/pos_error_xyz.err_norm,0.3501888118511027
3.629140678,1759158514.100140678,/studio/pos_error_xyz.err_norm,NaN
3.630299306,1759158514.101299306,/studio/pos_error_xyz.err_norm,NaN
3.632300653,1759158514.103300653,/studio/pos_error_xyz.err_norm,0.36007302404270125
3.6357575520000003,1759158514.106757552,/studio/pos_error_xyz.err_norm,NaN
3.638978025,1759158514.109978025,/studio/pos_error_xyz.err_norm,NaN
3.640327454,1759158514.111327454,/studio/pos_error_xyz.err_norm,NaN
3.642387036,1759158514.113387036,/studio/pos_error_xyz.err_norm,0.3696857371475632
3.646645435,1759158514.117645435,/studio/pos_error_xyz.err_norm,NaN
3.650279211,1759158514.121279211,/studio/pos_error_xyz.err_norm,NaN
3.660356818,1759158514.131356818,/studio/pos_error_xyz.err_norm,NaN
3.66254411,1759158514.133544110,/studio/pos_error_xyz.err_norm,NaN
3.662546272,1759158514.133546272,/studio/pos_error_xyz.err_norm,0.3736189822442185
3.662552509,1759158514.133552509,/studio/pos_error_xyz.err_norm,0.37703329012074105
3.662554937,1759158514.133554937,/studio/pos_error_xyz.err_norm,0.38044870178167095
3.665788949,1759158514.136788949,/studio/pos_error_xyz.err_norm,0.38345253667320456
3.666578651,1759158514.137578651,/studio/pos_error_xyz.err_norm,0.3859340967688349
3.669030571,1759158514.140030571,/studio/pos_error_xyz.err_norm,0.3880844715116758
3.670273824,1759158514.141273824,/studio/pos_error_xyz.err_norm,NaN
3.672326925,1759158514.143326925,/studio/pos_error_xyz.err_norm,0.3975363761104562
3.675569867,1759158514.146569867,/studio/pos_error_xyz.err_norm,NaN
3.679006581,1759158514.150006581,/studio/pos_error_xyz.err_norm,NaN
3.680269338,1759158514.151269338,/studio/pos_error_xyz.err_norm,NaN
3.682458576,1759158514.153458576,/studio/pos_error_xyz.err_norm,0.4063432445841536
3.685714113,1759158514.156714113,/studio/pos_error_xyz.err_norm,NaN
3.6892271130000003,1759158514.160227113,/studio/pos_error_xyz.err_norm,NaN
3.690265522,1759158514.161265522,/studio/pos_error_xyz.err_norm,NaN
3.6923196369999998,1759158514.163319637,/studio/pos_error_xyz.err_norm,0.40995601523515707
3.695648463,1759158514.166648463,/studio/pos_error_xyz.err_norm,0.41583350503401934
3.699006695,1759158514.170006695,/studio/pos_error_xyz.err_norm,NaN
3.700258351,1759158514.171258351,/studio/pos_error_xyz.err_norm,NaN
3.702375929,1759158514.173375929,/studio/pos_error_xyz.err_norm,0.41954654233052546
3.705623746,1759158514.176623746,/studio/pos_error_xyz.err_norm,0.424338435706252
3.70893855,1759158514.179938550,/studio/pos_error_xyz.err_norm,NaN
3.710259648,1759158514.181259648,/studio/pos_error_xyz.err_norm,NaN
3.712317374,1759158514.183317374,/studio/pos_error_xyz.err_norm,0.4332413534063193
3.7156452470000003,1759158514.186645247,/studio/pos_error_xyz.err_norm,NaN
3.719282001,1759158514.190282001,/studio/pos_error_xyz.err_norm,NaN
3.720268287,1759158514.191268287,/studio/pos_error_xyz.err_norm,NaN
3.722795102,1759158514.193795102,/studio/pos_error_xyz.err_norm,0.44167808717354234
3.72559692,1759158514.196596920,/studio/pos_error_xyz.err_norm,NaN
3.728935566,1759158514.199935566,/studio/pos_error_xyz.err_norm,NaN
3.73029352,1759158514.201293520,/studio/pos_error_xyz.err_norm,NaN
3.732289172,1759158514.203289172,/studio/pos_error_xyz.err_norm,0.44500125782674427
3.735717761,1759158514.206717761,/studio/pos_error_xyz.err_norm,0.4505028670706742
3.739166846,1759158514.210166846,/studio/pos_error_xyz.err_norm,NaN
3.740280733,1759158514.211280733,/studio/pos_error_xyz.err_norm,NaN
3.742388515,1759158514.213388515,/studio/pos_error_xyz.err_norm,0.4579045895425228
3.7462664400000003,1759158514.217266440,/studio/pos_error_xyz.err_norm,NaN
3.749082038,1759158514.220082038,/studio/pos_error_xyz.err_norm,NaN
3.75030015,1759158514.221300150,/studio/pos_error_xyz.err_norm,NaN
3.75225843,1759158514.223258430,/studio/pos_error_xyz.err_norm,0.46579229279174894
3.755624109,1759158514.226624109,/studio/pos_error_xyz.err_norm,NaN
3.758846161,1759158514.229846161,/studio/pos_error_xyz.err_norm,NaN
3.760265304,1759158514.231265304,/studio/pos_error_xyz.err_norm,NaN
3.762397243,1759158514.233397243,/studio/pos_error_xyz.err_norm,0.4689127173463873
3.765714504,1759158514.236714504,/studio/pos_error_xyz.err_norm,0.47259892437914075
3.768821416,1759158514.239821416,/studio/pos_error_xyz.err_norm,NaN
3.770268331,1759158514.241268331,/studio/pos_error_xyz.err_norm,NaN
3.772544443,1759158514.243544443,/studio/pos_error_xyz.err_norm,0.4799170689980524
3.775844917,1759158514.246844917,/studio/pos_error_xyz.err_norm,NaN
3.778933347,1759158514.249933347,/studio/pos_error_xyz.err_norm,NaN
3.7802652979999998,1759158514.251265298,/studio/pos_error_xyz.err_norm,NaN
3.782442309,1759158514.253442309,/studio/pos_error_xyz.err_norm,0.4859847123140217
3.785684104,1759158514.256684104,/studio/pos_error_xyz.err_norm,NaN
3.788757051,1759158514.259757051,/studio/pos_error_xyz.err_norm,NaN
3.790271119,1759158514.261271119,/studio/pos_error_xyz.err_norm,NaN
3.792129662,1759158514.263129662,/studio/pos_error_xyz.err_norm,0.4884603281011093
3.795709415,1759158514.266709415,/studio/pos_error_xyz.err_norm,0.4926671511027778
3.799013712,1759158514.270013712,/studio/pos_error_xyz.err_norm,NaN
3.800270111,1759158514.271270111,/studio/pos_error_xyz.err_norm,NaN
3.802494496,1759158514.273494496,/studio/pos_error_xyz.err_norm,0.4952075236613647
3.805483201,1759158514.276483201,/studio/pos_error_xyz.err_norm,0.4978436862684711
3.808898941,1759158514.279898941,/studio/pos_error_xyz.err_norm,NaN
3.810266135,1759158514.281266135,/studio/pos_error_xyz.err_norm,NaN
3.812274339,1759158514.283274339,/studio/pos_error_xyz.err_norm,0.5036437072913909
3.8155153090000002,1759158514.286515309,/studio/pos_error_xyz.err_norm,NaN
3.818888488,1759158514.289888488,/studio/pos_error_xyz.err_norm,NaN
3.820265154,1759158514.291265154,/studio/pos_error_xyz.err_norm,NaN
3.8221266,1759158514.293126600,/studio/pos_error_xyz.err_norm,0.5081486513308546
3.82541906,1759158514.296419060,/studio/pos_error_xyz.err_norm,NaN
3.828960813,1759158514.299960813,/studio/pos_error_xyz.err_norm,NaN
3.830272817,1759158514.301272817,/studio/pos_error_xyz.err_norm,NaN
3.832374061,1759158514.303374061,/studio/pos_error_xyz.err_norm,0.5133446576857592
3.835519038,1759158514.306519038,/studio/pos_error_xyz.err_norm,NaN
3.838880282,1759158514.309880282,/studio/pos_error_xyz.err_norm,NaN
3.840287226,1759158514.311287226,/studio/pos_error_xyz.err_norm,NaN
3.842280955,1759158514.313280955,/studio/pos_error_xyz.err_norm,0.5170299492832814
3.8455340920000003,1759158514.316534092,/studio/pos_error_xyz.err_norm,NaN
3.850272379,1759158514.321272379,/studio/pos_error_xyz.err_norm,NaN
3.8511876320000002,1759158514.322187632,/studio/pos_error_xyz.err_norm,NaN
3.860319045,1759158514.331319045,/studio/pos_error_xyz.err_norm,NaN
3.866569593,1759158514.337569593,/studio/pos_error_xyz.err_norm,0.5185127723146499
3.8665766010000002,1759158514.337576601,/studio/pos_error_xyz.err_norm,0.5198688383298526
3.866579808,1759158514.337579808,/studio/pos_error_xyz.err_norm,0.5212939844572715
3.866582604,1759158514.337582604,/studio/pos_error_xyz.err_norm,0.5228597407016671
3.869311728,1759158514.340311728,/studio/pos_error_xyz.err_norm,0.5234865043231354
3.869313945,1759158514.340313945,/studio/pos_error_xyz.err_norm,0.5240580866235723
3.870267296,1759158514.341267296,/studio/pos_error_xyz.err_norm,NaN
3.872175732,1759158514.343175732,/studio/pos_error_xyz.err_norm,0.5253412633495015
3.8755811,1759158514.346581100,/studio/pos_error_xyz.err_norm,0.5275946842042012
3.8790647380000003,1759158514.350064738,/studio/pos_error_xyz.err_norm,NaN
3.880271786,1759158514.351271786,/studio/pos_error_xyz.err_norm,NaN
3.882161174,1759158514.353161174,/studio/pos_error_xyz.err_norm,0.5290094842705223
3.8855043670000002,1759158514.356504367,/studio/pos_error_xyz.err_norm,0.5295722198709202
3.889018544,1759158514.360018544,/studio/pos_error_xyz.err_norm,NaN
3.890272338,1759158514.361272338,/studio/pos_error_xyz.err_norm,NaN
3.89214563,1759158514.363145630,/studio/pos_error_xyz.err_norm,0.5309662005363948
3.895697884,1759158514.366697884,/studio/pos_error_xyz.err_norm,0.5334380183711438
3.898685706,1759158514.369685706,/studio/pos_error_xyz.err_norm,NaN
3.900268432,1759158514.371268432,/studio/pos_error_xyz.err_norm,NaN
3.902161458,1759158514.373161458,/studio/pos_error_xyz.err_norm,0.5344850130699488
3.905342339,1759158514.376342339,/studio/pos_error_xyz.err_norm,0.5343717877303172
3.908933728,1759158514.379933728,/studio/pos_error_xyz.err_norm,NaN
3.910262646,1759158514.381262646,/studio/pos_error_xyz.err_norm,NaN
3.9120457440000003,1759158514.383045744,/studio/pos_error_xyz.err_norm,0.53522511008596
3.915417774,1759158514.386417774,/studio/pos_error_xyz.err_norm,0.5367556870944351
3.918859803,1759158514.389859803,/studio/pos_error_xyz.err_norm,NaN
3.92027267,1759158514.391272670,/studio/pos_error_xyz.err_norm,NaN
3.922225031,1759158514.393225031,/studio/pos_error_xyz.err_norm,0.5365287060747662
3.925635923,1759158514.396635923,/studio/pos_error_xyz.err_norm,NaN
3.928759109,1759158514.399759109,/studio/pos_error_xyz.err_norm,NaN
3.930293286,1759158514.401293286,/studio/pos_error_xyz.err_norm,NaN
3.932162561,1759158514.403162561,/studio/pos_error_xyz.err_norm,0.5376414633442915
3.935396431,1759158514.406396431,/studio/pos_error_xyz.err_norm,NaN
3.9387605480000003,1759158514.409760548,/studio/pos_error_xyz.err_norm,NaN
3.940305545,1759158514.411305545,/studio/pos_error_xyz.err_norm,NaN
3.9423015230000003,1759158514.413301523,/studio/pos_error_xyz.err_norm,0.5374737830101082
3.945616413,1759158514.416616413,/studio/pos_error_xyz.err_norm,NaN
3.948791624,1759158514.419791624,/studio/pos_error_xyz.err_norm,NaN
3.9502773920000003,1759158514.421277392,/studio/pos_error_xyz.err_norm,NaN
3.952204048,1759158514.423204048,/studio/pos_error_xyz.err_norm,0.5376184607420118
3.955559519,1759158514.426559519,/studio/pos_error_xyz.err_norm,0.5378865084568503
3.958859956,1759158514.429859956,/studio/pos_error_xyz.err_norm,NaN
3.960270901,1759158514.431270901,/studio/pos_error_xyz.err_norm,NaN
3.962075131,1759158514.433075131,/studio/pos_error_xyz.err_norm,0.5382746037971369
3.965376385,1759158514.436376385,/studio/pos_error_xyz.err_norm,0.53689672151618
3.968698936,1759158514.439698936,/studio/pos_error_xyz.err_norm,NaN
3.970275423,1759158514.441275423,/studio/pos_error_xyz.err_norm,NaN
3.97205149,1759158514.443051490,/studio/pos_error_xyz.err_norm,0.5367871071205449
3.975487328,1759158514.446487328,/studio/pos_error_xyz.err_norm,0.5365915642336152
3.97891007,1759158514.449910070,/studio/pos_error_xyz.err_norm,NaN
3.980265064,1759158514.451265064,/studio/pos_error_xyz.err_norm,NaN
3.982197898,1759158514.453197898,/studio/pos_error_xyz.err_norm,0.5367115298476047
3.985572846,1759158514.456572846,/studio/pos_error_xyz.err_norm,0.534819927530544
3.988712368,1759158514.459712368,/studio/pos_error_xyz.err_norm,NaN
3.990264879,1759158514.461264879,/studio/pos_error_xyz.err_norm,NaN
3.9920439620000003,1759158514.463043962,/studio/pos_error_xyz.err_norm,0.5345215482797546
3.9952691270000003,1759158514.466269127,/studio/pos_error_xyz.err_norm,0.5339761801720144
3.9986148360000002,1759158514.469614836,/studio/pos_error_xyz.err_norm,NaN
4.000273484,1759158514.471273484,/studio/pos_error_xyz.err_norm,NaN
4.002162098,1759158514.473162098,/studio/pos_error_xyz.err_norm,0.5315413066473377
4.00534897,1759158514.476348970,/studio/pos_error_xyz.err_norm,NaN
4.008668316,1759158514.479668316,/studio/pos_error_xyz.err_norm,NaN
4.010262625,1759158514.481262625,/studio/pos_error_xyz.err_norm,NaN
4.011970332,1759158514.482970332,/studio/pos_error_xyz.err_norm,0.5309855448588312
4.015253542,1759158514.486253542,/studio/pos_error_xyz.err_norm,0.5299563156383893
4.018813633,1759158514.489813633,/studio/pos_error_xyz.err_norm,NaN
4.020275841,1759158514.491275841,/studio/pos_error_xyz.err_norm,NaN
4.022099232,1759158514.493099232,/studio/pos_error_xyz.err_norm,0.5271085515438411
4.02539925,1759158514.496399250,/studio/pos_error_xyz.err_norm,NaN
4.028627355,1759158514.499627355,/studio/pos_error_xyz.err_norm,NaN
4.030271718,1759158514.501271718,/studio/pos_error_xyz.err_norm,NaN
4.031989666,1759158514.502989666,/studio/pos_error_xyz.err_norm,0.5263795240414078
4.035386606,1759158514.506386606,/studio/pos_error_xyz.err_norm,0.525012644821252
4.038693594,1759158514.509693594,/studio/pos_error_xyz.err_norm,NaN
4.040297811,1759158514.511297811,/studio/pos_error_xyz.err_norm,NaN
4.041905949,1759158514.512905949,/studio/pos_error_xyz.err_norm,0.5245414656666818
4.045204193,1759158514.516204193,/studio/pos_error_xyz.err_norm,0.5214936957546356
4.048563959,1759158514.519563959,/studio/pos_error_xyz.err_norm,NaN
4.050279752,1759158514.521279752,/studio/pos_error_xyz.err_norm,NaN
4.052130359,1759158514.523130359,/studio/pos_error_xyz.err_norm,0.5194955516766003
4.060265706,1759158514.531265706,/studio/pos_error_xyz.err_norm,NaN
4.069635461,1759158514.540635461,/studio/pos_error_xyz.err_norm,NaN
4.069638557,1759158514.540638557,/studio/pos_error_xyz.err_norm,NaN
4.06964399,1759158514.540643990,/studio/pos_error_xyz.err_norm,0.5185993616221076
4.069646002,1759158514.540646002,/studio/pos_error_xyz.err_norm,0.5166395780125359
4.070272735,1759158514.541272735,/studio/pos_error_xyz.err_norm,NaN
4.075161833,1759158514.546161833,/studio/pos_error_xyz.err_norm,0.5147110173205804
4.075163332,1759158514.546163332,/studio/pos_error_xyz.err_norm,0.5137487115648669
4.07661928,1759158514.547619280,/studio/pos_error_xyz.err_norm,0.5127886268970059
4.078686502,1759158514.549686502,/studio/pos_error_xyz.err_norm,0.5118564264243626
4.080271471,1759158514.551271471,/studio/pos_error_xyz.err_norm,NaN
4.081972993,1759158514.552972993,/studio/pos_error_xyz.err_norm,0.5068622333849849
4.085305759,1759158514.556305759,/studio/pos_error_xyz.err_norm,NaN
4.088682408,1759158514.559682408,/studio/pos_error_xyz.err_norm,NaN
4.090269993,1759158514.561269993,/studio/pos_error_xyz.err_norm,NaN
4.092037451,1759158514.563037451,/studio/pos_error_xyz.err_norm,0.505654756331846
4.095268893,1759158514.566268893,/studio/pos_error_xyz.err_norm,0.5033278280382638
4.098770355,1759158514.569770355,/studio/pos_error_xyz.err_norm,NaN
4.100262287,1759158514.571262287,/studio/pos_error_xyz.err_norm,NaN
4.102210424,1759158514.573210424,/studio/pos_error_xyz.err_norm,0.5023432408505561
4.105275046,1759158514.576275046,/studio/pos_error_xyz.err_norm,0.49832704473308465
4.108692497,1759158514.579692497,/studio/pos_error_xyz.err_norm,NaN
4.110260803,1759158514.581260803,/studio/pos_error_xyz.err_norm,NaN
4.111876872,1759158514.582876872,/studio/pos_error_xyz.err_norm,0.49691224575185905
4.115099013,1759158514.586099013,/studio/pos_error_xyz.err_norm,0.49416197851270927
4.118524157,1759158514.589524157,/studio/pos_error_xyz.err_norm,NaN
4.120299109,1759158514.591299109,/studio/pos_error_xyz.err_norm,NaN
4.121908474,1759158514.592908474,/studio/pos_error_xyz.err_norm,0.48854529437523686
4.125246488,1759158514.596246488,/studio/pos_error_xyz.err_norm,NaN
4.128584889,1759158514.599584889,/studio/pos_error_xyz.err_norm,NaN
4.130266926,1759158514.601266926,/studio/pos_error_xyz.err_norm,NaN
4.132006073,1759158514.603006073,/studio/pos_error_xyz.err_norm,0.4845127712182081
4.135653185,1759158514.606653185,/studio/pos_error_xyz.err_norm,NaN
4.138658679,1759158514.609658679,/studio/pos_error_xyz.err_norm,NaN
4.140328167,1759158514.611328167,/studio/pos_error_xyz.err_norm,NaN
4.14196353,1759158514.612963530,/studio/pos_error_xyz.err_norm,0.48321871356048773
4.145178503,1759158514.616178503,/studio/pos_error_xyz.err_norm,0.4786202640251624
4.148539578,1759158514.619539578,/studio/pos_error_xyz.err_norm,NaN
4.150288929,1759158514.621288929,/studio/pos_error_xyz.err_norm,NaN
4.152189429,1759158514.623189429,/studio/pos_error_xyz.err_norm,0.4737712706588791
4.15588336,1759158514.626883360,/studio/pos_error_xyz.err_norm,NaN
4.15923558,1759158514.630235580,/studio/pos_error_xyz.err_norm,NaN
4.160266156,1759158514.631266156,/studio/pos_error_xyz.err_norm,NaN
4.161829873,1759158514.632829873,/studio/pos_error_xyz.err_norm,0.46785451100608444
4.16512764,1759158514.636127640,/studio/pos_error_xyz.err_norm,NaN
4.168496297,1759158514.639496297,/studio/pos_error_xyz.err_norm,NaN
4.170276207,1759158514.641276207,/studio/pos_error_xyz.err_norm,NaN
4.171867351,1759158514.642867351,/studio/pos_error_xyz.err_norm,0.46617400209072457
4.175334088,1759158514.646334088,/studio/pos_error_xyz.err_norm,0.4628178701266995
4.17863504,1759158514.649635040,/studio/pos_error_xyz.err_norm,NaN
4.180275738,1759158514.651275738,/studio/pos_error_xyz.err_norm,NaN
4.182090979,1759158514.653090979,/studio/pos_error_xyz.err_norm,0.4615369196939575
4.185098645,1759158514.656098645,/studio/pos_error_xyz.err_norm,0.45710049499477856
4.188543674,1759158514.659543674,/studio/pos_error_xyz.err_norm,NaN
4.190273582,1759158514.661273582,/studio/pos_error_xyz.err_norm,NaN
4.191830515,1759158514.662830515,/studio/pos_error_xyz.err_norm,0.4512391967399113
4.19506869,1759158514.666068690,/studio/pos_error_xyz.err_norm,NaN
4.198449847,1759158514.669449847,/studio/pos_error_xyz.err_norm,NaN
4.200325148,1759158514.671325148,/studio/pos_error_xyz.err_norm,NaN
4.201708067,1759158514.672708067,/studio/pos_error_xyz.err_norm,0.44969243377381046
4.205491276,1759158514.676491276,/studio/pos_error_xyz.err_norm,0.4447554086388356
4.208565016,1759158514.679565016,/studio/pos_error_xyz.err_norm,NaN
4.210293972,1759158514.681293972,/studio/pos_error_xyz.err_norm,NaN
4.211767667,1759158514.682767667,/studio/pos_error_xyz.err_norm,0.4431183859259247
4.215152914,1759158514.686152914,/studio/pos_error_xyz.err_norm,0.4397406494812133
4.218581559,1759158514.689581559,/studio/pos_error_xyz.err_norm,NaN
4.22035122,1759158514.691351220,/studio/pos_error_xyz.err_norm,NaN
4.221926281,1759158514.692926281,/studio/pos_error_xyz.err_norm,0.4328696946795861
4.225143482,1759158514.696143482,/studio/pos_error_xyz.err_norm,NaN
4.228404703,1759158514.699404703,/studio/pos_error_xyz.err_norm,NaN
4.230305389,1759158514.701305389,/studio/pos_error_xyz.err_norm,NaN
4.231688646,1759158514.702688646,/studio/pos_error_xyz.err_norm,0.43100291620749737
4.235051073,1759158514.706051073,/studio/pos_error_xyz.err_norm,0.42712105831248603
4.238576997,1759158514.709576997,/studio/pos_error_xyz.err_norm,NaN
4.240323978,1759158514.711323978,/studio/pos_error_xyz.err_norm,NaN
4.241733155,1759158514.712733155,/studio/pos_error_xyz.err_norm,0.42543929541152165
4.245103963,1759158514.716103963,/studio/pos_error_xyz.err_norm,0.4203969544727371
4.248339495,1759158514.719339495,/studio/pos_error_xyz.err_norm,NaN
4.250297922,1759158514.721297922,/studio/pos_error_xyz.err_norm,NaN
4.251675608,1759158514.722675608,/studio/pos_error_xyz.err_norm,0.41856660829674125
4.255065456,1759158514.726065456,/studio/pos_error_xyz.err_norm,0.41472171959491266
4.258484072,1759158514.729484072,/studio/pos_error_xyz.err_norm,NaN
4.260297922,1759158514.731297922,/studio/pos_error_xyz.err_norm,NaN
4.270340024,1759158514.741340024,/studio/pos_error_xyz.err_norm,NaN
4.275769802,1759158514.746769802,/studio/pos_error_xyz.err_norm,0.4130827740041525
4.275771653,1759158514.746771653,/studio/pos_error_xyz.err_norm,0.4107242593509696
4.275774689,1759158514.746774689,/studio/pos_error_xyz.err_norm,0.40836930102896146
4.275779334,1759158514.746779334,/studio/pos_error_xyz.err_norm,0.4064365483974828
4.27909068,1759158514.750090680,/studio/pos_error_xyz.err_norm,0.4045267687506833
4.279096437,1759158514.750096437,/studio/pos_error_xyz.err_norm,0.4026208706424216
4.280276211,1759158514.751276211,/studio/pos_error_xyz.err_norm,NaN
4.281792349,1759158514.752792349,/studio/pos_error_xyz.err_norm,0.4008867562756143
4.28504172,1759158514.756041720,/studio/pos_error_xyz.err_norm,0.3962032263807987
4.288322267,1759158514.759322267,/studio/pos_error_xyz.err_norm,NaN
4.290312134,1759158514.761312134,/studio/pos_error_xyz.err_norm,NaN
4.291662531,1759158514.762662531,/studio/pos_error_xyz.err_norm,0.39437208757695374
4.2951719090000005,1759158514.766171909,/studio/pos_error_xyz.err_norm,0.39050778644761525
4.29852921,1759158514.769529210,/studio/pos_error_xyz.err_norm,NaN
4.300277034,1759158514.771277034,/studio/pos_error_xyz.err_norm,NaN
4.301825311,1759158514.772825311,/studio/pos_error_xyz.err_norm,0.3888537093439148
4.30501521,1759158514.776015210,/studio/pos_error_xyz.err_norm,0.384368600137477
4.308297927,1759158514.779297927,/studio/pos_error_xyz.err_norm,NaN
4.310276344,1759158514.781276344,/studio/pos_error_xyz.err_norm,NaN
4.311716783,1759158514.782716783,/studio/pos_error_xyz.err_norm,0.3824695292360883
4.315044354,1759158514.786044354,/studio/pos_error_xyz.err_norm,0.3784186741668222
4.31845172,1759158514.789451720,/studio/pos_error_xyz.err_norm,NaN
4.320271166,1759158514.791271166,/studio/pos_error_xyz.err_norm,NaN
4.321667294,1759158514.792667294,/studio/pos_error_xyz.err_norm,0.3766675512159884
4.325405964,1759158514.796405964,/studio/pos_error_xyz.err_norm,0.3721584986750197
4.328442854,1759158514.799442854,/studio/pos_error_xyz.err_norm,NaN
4.330316795,1759158514.801316795,/studio/pos_error_xyz.err_norm,NaN
4.331684676,1759158514.802684676,/studio/pos_error_xyz.err_norm,0.370290822019515
4.335055312,1759158514.806055312,/studio/pos_error_xyz.err_norm,0.36627158280484423
4.338347074,1759158514.809347074,/studio/pos_error_xyz.err_norm,NaN
4.340295479,1759158514.811295479,/studio/pos_error_xyz.err_norm,NaN
4.341636132,1759158514.812636132,/studio/pos_error_xyz.err_norm,0.36457795061087517
4.345097783,1759158514.816097783,/studio/pos_error_xyz.err_norm,0.3603544156365128
4.34841304,1759158514.819413040,/studio/pos_error_xyz.err_norm,NaN
4.350302024,1759158514.821302024,/studio/pos_error_xyz.err_norm,NaN
4.351737368,1759158514.822737368,/studio/pos_error_xyz.err_norm,0.3585103380331274
4.35505595,1759158514.826055950,/studio/pos_error_xyz.err_norm,0.35449831965391665
4.358199044,1759158514.829199044,/studio/pos_error_xyz.err_norm,NaN
4.360293829,1759158514.831293829,/studio/pos_error_xyz.err_norm,NaN
4.361924812,1759158514.832924812,/studio/pos_error_xyz.err_norm,0.35369320044589286
4.36510066,1759158514.836100660,/studio/pos_error_xyz.err_norm,0.35163018931398804
4.368419973,1759158514.839419973,/studio/pos_error_xyz.err_norm,NaN
4.370361973,1759158514.841361973,/studio/pos_error_xyz.err_norm,NaN
4.371547358,1759158514.842547358,/studio/pos_error_xyz.err_norm,0.34982460471142757
4.375040646,1759158514.846040646,/studio/pos_error_xyz.err_norm,0.3458725434135061
4.3783282230000005,1759158514.849328223,/studio/pos_error_xyz.err_norm,NaN
4.380296463,1759158514.851296463,/studio/pos_error_xyz.err_norm,NaN
4.3818366730000005,1759158514.852836673,/studio/pos_error_xyz.err_norm,0.3402572695140133
4.384901369,1759158514.855901369,/studio/pos_error_xyz.err_norm,NaN
4.388180141,1759158514.859180141,/studio/pos_error_xyz.err_norm,NaN
4.390343001,1759158514.861343001,/studio/pos_error_xyz.err_norm,NaN
4.391600882,1759158514.862600882,/studio/pos_error_xyz.err_norm,0.33839726813130466
4.394971166,1759158514.865971166,/studio/pos_error_xyz.err_norm,0.3342896528769811
4.398234824,1759158514.869234824,/studio/pos_error_xyz.err_norm,NaN
4.400305719,1759158514.871305719,/studio/pos_error_xyz.err_norm,NaN
4.401571183,1759158514.872571183,/studio/pos_error_xyz.err_norm,0.3324116444145356
4.404869655,1759158514.875869655,/studio/pos_error_xyz.err_norm,0.32843009349169877
4.408210484,1759158514.879210484,/studio/pos_error_xyz.err_norm,NaN
4.410265538,1759158514.881265538,/studio/pos_error_xyz.err_norm,NaN
4.41185901,1759158514.882859010,/studio/pos_error_xyz.err_norm,0.3225763237575373
4.41492079,1759158514.885920790,/studio/pos_error_xyz.err_norm,NaN
4.418323557,1759158514.889323557,/studio/pos_error_xyz.err_norm,NaN
4.4203165030000005,1759158514.891316503,/studio/pos_error_xyz.err_norm,NaN
4.42153954,1759158514.892539540,/studio/pos_error_xyz.err_norm,0.3207663175844393
4.424863928,1759158514.895863928,/studio/pos_error_xyz.err_norm,0.3171224689195192
4.428277747,1759158514.899277747,/studio/pos_error_xyz.err_norm,NaN
4.430345265,1759158514.901345265,/studio/pos_error_xyz.err_norm,NaN
4.43152057,1759158514.902520570,/studio/pos_error_xyz.err_norm,0.3154658109607264
4.434818772,1759158514.905818772,/studio/pos_error_xyz.err_norm,0.31172918316137976
4.438223658,1759158514.909223658,/studio/pos_error_xyz.err_norm,NaN
4.440340181,1759158514.911340181,/studio/pos_error_xyz.err_norm,NaN
4.441492642,1759158514.912492642,/studio/pos_error_xyz.err_norm,0.30991891092449847
4.444999636,1759158514.915999636,/studio/pos_error_xyz.err_norm,0.3064679164078583
4.448644228,1759158514.919644228,/studio/pos_error_xyz.err_norm,NaN
4.450286458,1759158514.921286458,/studio/pos_error_xyz.err_norm,NaN
4.451674973,1759158514.922674973,/studio/pos_error_xyz.err_norm,0.3049031742453994
4.454852468,1759158514.925852468,/studio/pos_error_xyz.err_norm,0.3013391178198264
4.458377892,1759158514.929377892,/studio/pos_error_xyz.err_norm,NaN
4.460291607,1759158514.931291607,/studio/pos_error_xyz.err_norm,NaN
4.461608372,1759158514.932608372,/studio/pos_error_xyz.err_norm,0.2995077495900271
4.469401858,1759158514.940401858,/studio/pos_error_xyz.err_norm,0.29618719664540094
4.470362994,1759158514.941362994,/studio/pos_error_xyz.err_norm,NaN
4.480317634,1759158514.951317634,/studio/pos_error_xyz.err_norm,NaN
4.483390341,1759158514.954390341,/studio/pos_error_xyz.err_norm,NaN
4.483392309,1759158514.954392309,/studio/pos_error_xyz.err_norm,0.2944651108597731
4.483395101,1759158514.954395101,/studio/pos_error_xyz.err_norm,0.2925759158224237
4.483401355,1759158514.954401355,/studio/pos_error_xyz.err_norm,0.2906899329920519
4.485381637,1759158514.956381637,/studio/pos_error_xyz.err_norm,0.28866212232009875
4.485383603,1759158514.956383603,/studio/pos_error_xyz.err_norm,0.28713533655244133
4.488173379,1759158514.959173379,/studio/pos_error_xyz.err_norm,0.2854675196735787
4.49033193,1759158514.961331930,/studio/pos_error_xyz.err_norm,NaN
4.49168004,1759158514.962680040,/studio/pos_error_xyz.err_norm,0.2837061914909966
4.494755572,1759158514.965755572,/studio/pos_error_xyz.err_norm,0.27962198941855815
4.498221235,1759158514.969221235,/studio/pos_error_xyz.err_norm,NaN
4.500284812,1759158514.971284812,/studio/pos_error_xyz.err_norm,NaN
4.501504261,1759158514.972504261,/studio/pos_error_xyz.err_norm,0.2776821208250926
4.504895487,1759158514.975895487,/studio/pos_error_xyz.err_norm,0.2744071651316063
4.508155309,1759158514.979155309,/studio/pos_error_xyz.err_norm,NaN
4.510271936,1759158514.981271936,/studio/pos_error_xyz.err_norm,NaN
4.511492863,1759158514.982492863,/studio/pos_error_xyz.err_norm,0.27263386282866586
4.514910064,1759158514.985910064,/studio/pos_error_xyz.err_norm,0.26848649961828774
4.518257437,1759158514.989257437,/studio/pos_error_xyz.err_norm,NaN
4.520301269,1759158514.991301269,/studio/pos_error_xyz.err_norm,NaN
4.521501065,1759158514.992501065,/studio/pos_error_xyz.err_norm,0.26651703719945774
4.524902625,1759158514.995902625,/studio/pos_error_xyz.err_norm,0.26331910915167456
4.52815675,1759158514.999156750,/studio/pos_error_xyz.err_norm,NaN
4.530302075,1759158515.001302075,/studio/pos_error_xyz.err_norm,NaN
4.531463187,1759158515.002463187,/studio/pos_error_xyz.err_norm,0.26147641985781644
4.534789397,1759158515.005789397,/studio/pos_error_xyz.err_norm,0.2571251724574921
4.538125076,1759158515.009125076,/studio/pos_error_xyz.err_norm,NaN
4.540336386,1759158515.011336386,/studio/pos_error_xyz.err_norm,NaN
4.541508647,1759158515.012508647,/studio/pos_error_xyz.err_norm,0.25489745578693
4.544749899,1759158515.015749899,/studio/pos_error_xyz.err_norm,0.2511819407585116
4.548121371,1759158515.019121371,/studio/pos_error_xyz.err_norm,NaN
4.550302247,1759158515.021302247,/studio/pos_error_xyz.err_norm,NaN
4.55147506,1759158515.022475060,/studio/pos_error_xyz.err_norm,0.2493388114033189
4.554820311,1759158515.025820311,/studio/pos_error_xyz.err_norm,0.24493404110639005
4.55803478,1759158515.029034780,/studio/pos_error_xyz.err_norm,NaN
4.560309957,1759158515.031309957,/studio/pos_error_xyz.err_norm,NaN
4.561468206,1759158515.032468206,/studio/pos_error_xyz.err_norm,0.24280140896510788
4.565527001,1759158515.036527001,/studio/pos_error_xyz.err_norm,0.23937572388595485
4.568245461,1759158515.039245461,/studio/pos_error_xyz.err_norm,NaN
4.570323954,1759158515.041323954,/studio/pos_error_xyz.err_norm,NaN
4.571503999,1759158515.042503999,/studio/pos_error_xyz.err_norm,0.23741433677126722
4.574768894,1759158515.045768894,/studio/pos_error_xyz.err_norm,0.23271646884931724
4.578103622,1759158515.049103622,/studio/pos_error_xyz.err_norm,NaN
4.580303497,1759158515.051303497,/studio/pos_error_xyz.err_norm,NaN
4.581478997,1759158515.052478997,/studio/pos_error_xyz.err_norm,0.23062339236427942
4.584866794,1759158515.055866794,/studio/pos_error_xyz.err_norm,0.22735994421532035
4.58813297,1759158515.059132970,/studio/pos_error_xyz.err_norm,NaN
4.590274771,1759158515.061274771,/studio/pos_error_xyz.err_norm,NaN
4.591667541,1759158515.062667541,/studio/pos_error_xyz.err_norm,0.22551278710118558
4.595326108,1759158515.066326108,/studio/pos_error_xyz.err_norm,0.22104347943731
4.598107575,1759158515.069107575,/studio/pos_error_xyz.err_norm,NaN
4.600323393,1759158515.071323393,/studio/pos_error_xyz.err_norm,NaN
4.6014859690000005,1759158515.072485969,/studio/pos_error_xyz.err_norm,0.21873420114002226
4.604757387,1759158515.075757387,/studio/pos_error_xyz.err_norm,0.2149509166923812
4.608085507,1759158515.079085507,/studio/pos_error_xyz.err_norm,NaN
4.610304064,1759158515.081304064,/studio/pos_error_xyz.err_norm,NaN
4.611365131,1759158515.082365131,/studio/pos_error_xyz.err_norm,0.2130481849263315
4.6148781020000005,1759158515.085878102,/studio/pos_error_xyz.err_norm,0.20839214968135303
4.61812215,1759158515.089122150,/studio/pos_error_xyz.err_norm,NaN
4.620312702,1759158515.091312702,/studio/pos_error_xyz.err_norm,NaN
4.621356419,1759158515.092356419,/studio/pos_error_xyz.err_norm,0.2061477133845432
4.624783049,1759158515.095783049,/studio/pos_error_xyz.err_norm,0.20252478969234197
4.62812611,1759158515.099126110,/studio/pos_error_xyz.err_norm,NaN
4.630281872,1759158515.101281872,/studio/pos_error_xyz.err_norm,NaN
4.631447007,1759158515.102447007,/studio/pos_error_xyz.err_norm,0.20068854178665602
4.634784491,1759158515.105784491,/studio/pos_error_xyz.err_norm,0.19615955391171458
4.638165335,1759158515.109165335,/studio/pos_error_xyz.err_norm,NaN
4.6403064050000005,1759158515.111306405,/studio/pos_error_xyz.err_norm,NaN
4.641363845,1759158515.112363845,/studio/pos_error_xyz.err_norm,0.19399072656579347
4.644791119,1759158515.115791119,/studio/pos_error_xyz.err_norm,0.1905209078623571
4.648002948,1759158515.119002948,/studio/pos_error_xyz.err_norm,NaN
4.650350362,1759158515.121350362,/studio/pos_error_xyz.err_norm,NaN
4.651344644,1759158515.122344644,/studio/pos_error_xyz.err_norm,0.18859960713647025
4.654790787,1759158515.125790787,/studio/pos_error_xyz.err_norm,0.18378723401136898
4.658074634,1759158515.129074634,/studio/pos_error_xyz.err_norm,NaN
4.660357798,1759158515.131357798,/studio/pos_error_xyz.err_norm,NaN
4.661308598,1759158515.132308598,/studio/pos_error_xyz.err_norm,0.18169465583927794
4.664661934,1759158515.135661934,/studio/pos_error_xyz.err_norm,0.17831320631444175
4.669185543,1759158515.140185543,/studio/pos_error_xyz.err_norm,NaN
4.670376419,1759158515.141376419,/studio/pos_error_xyz.err_norm,NaN
4.680440245,1759158515.151440245,/studio/pos_error_xyz.err_norm,NaN
4.684537361,1759158515.155537361,/studio/pos_error_xyz.err_norm,0.17664953165210587
4.684539665,1759158515.155539665,/studio/pos_error_xyz.err_norm,0.17467946802242584
4.684541827,1759158515.155541827,/studio/pos_error_xyz.err_norm,0.1727290842679096
4.684544585,1759158515.155544585,/studio/pos_error_xyz.err_norm,0.17042953502527652
4.688986006,1759158515.159986006,/studio/pos_error_xyz.err_norm,0.16896359576713593
4.688988005,1759158515.159988005,/studio/pos_error_xyz.err_norm,0.16751444649530234
4.690278334,1759158515.161278334,/studio/pos_error_xyz.err_norm,NaN
4.691473756,1759158515.162473756,/studio/pos_error_xyz.err_norm,0.16564710943655644
4.694909399,1759158515.165909399,/studio/pos_error_xyz.err_norm,0.16149981355391677
4.698019931,1759158515.169019931,/studio/pos_error_xyz.err_norm,NaN
4.700363033,1759158515.171363033,/studio/pos_error_xyz.err_norm,NaN
4.701248016,1759158515.172248016,/studio/pos_error_xyz.err_norm,0.15955926856393784
4.704666439,1759158515.175666439,/studio/pos_error_xyz.err_norm,0.15649624755372668
4.70828118,1759158515.179281180,/studio/pos_error_xyz.err_norm,NaN
4.710284049,1759158515.181284049,/studio/pos_error_xyz.err_norm,NaN
4.711367292,1759158515.182367292,/studio/pos_error_xyz.err_norm,0.15501744451977015
4.714677643,1759158515.185677643,/studio/pos_error_xyz.err_norm,0.1512291031219263
4.717960866,1759158515.188960866,/studio/pos_error_xyz.err_norm,NaN
4.7203494500000005,1759158515.191349450,/studio/pos_error_xyz.err_norm,NaN
4.721328551,1759158515.192328551,/studio/pos_error_xyz.err_norm,0.14948215029573536
4.724573669,1759158515.195573669,/studio/pos_error_xyz.err_norm,0.14682355816295095
4.727991734,1759158515.198991734,/studio/pos_error_xyz.err_norm,NaN
4.730395852,1759158515.201395852,/studio/pos_error_xyz.err_norm,NaN
4.731261768,1759158515.202261768,/studio/pos_error_xyz.err_norm,0.14547826016293353
4.7347366950000005,1759158515.205736695,/studio/pos_error_xyz.err_norm,0.14199663324935247
4.738026221,1759158515.209026221,/studio/pos_error_xyz.err_norm,NaN
4.740304636,1759158515.211304636,/studio/pos_error_xyz.err_norm,NaN
4.741223004,1759158515.212223004,/studio/pos_error_xyz.err_norm,0.14044889198677685
4.744635283,1759158515.215635283,/studio/pos_error_xyz.err_norm,0.13818881621903506
4.747896973,1759158515.218896973,/studio/pos_error_xyz.err_norm,NaN
4.7502799,1759158515.221279900,/studio/pos_error_xyz.err_norm,NaN
4.751181606,1759158515.222181606,/studio/pos_error_xyz.err_norm,0.1370623986151783
4.754687882,1759158515.225687882,/studio/pos_error_xyz.err_norm,0.13418931434477172
4.758071378,1759158515.229071378,/studio/pos_error_xyz.err_norm,NaN
4.760272315,1759158515.231272315,/studio/pos_error_xyz.err_norm,NaN
4.761241857,1759158515.232241857,/studio/pos_error_xyz.err_norm,0.1328246660604143
4.764557759,1759158515.235557759,/studio/pos_error_xyz.err_norm,0.13101284735298524
4.768532761,1759158515.239532761,/studio/pos_error_xyz.err_norm,NaN
4.770298018,1759158515.241298018,/studio/pos_error_xyz.err_norm,NaN
4.771164382,1759158515.242164382,/studio/pos_error_xyz.err_norm,0.12990642313934483
4.776412862,1759158515.247412862,/studio/pos_error_xyz.err_norm,0.12708689848069118
4.778702818,1759158515.249702818,/studio/pos_error_xyz.err_norm,NaN
4.780271674,1759158515.251271674,/studio/pos_error_xyz.err_norm,NaN
4.78118507,1759158515.252185070,/studio/pos_error_xyz.err_norm,0.1261659620851324
4.784590405,1759158515.255590405,/studio/pos_error_xyz.err_norm,0.12541302177716487
4.787878331,1759158515.258878331,/studio/pos_error_xyz.err_norm,NaN
4.790322039,1759158515.261322039,/studio/pos_error_xyz.err_norm,NaN
4.791221374,1759158515.262221374,/studio/pos_error_xyz.err_norm,0.12460243133823475
4.794652617,1759158515.265652617,/studio/pos_error_xyz.err_norm,0.12256551783913038
4.797903724,1759158515.268903724,/studio/pos_error_xyz.err_norm,NaN
4.800293322,1759158515.271293322,/studio/pos_error_xyz.err_norm,NaN
4.801113534,1759158515.272113534,/studio/pos_error_xyz.err_norm,0.12155235495613828
4.804488227,1759158515.275488227,/studio/pos_error_xyz.err_norm,0.1205067698418572
4.807856518,1759158515.278856518,/studio/pos_error_xyz.err_norm,NaN
4.810297884,1759158515.281297884,/studio/pos_error_xyz.err_norm,NaN
4.811138949,1759158515.282138949,/studio/pos_error_xyz.err_norm,0.1199903805645942
4.814595076,1759158515.285595076,/studio/pos_error_xyz.err_norm,0.11874188109222182
4.817758603,1759158515.288758603,/studio/pos_error_xyz.err_norm,NaN
4.820262966,1759158515.291262966,/studio/pos_error_xyz.err_norm,NaN
4.821200585,1759158515.292200585,/studio/pos_error_xyz.err_norm,0.11773026875860726
4.8245503880000005,1759158515.295550388,/studio/pos_error_xyz.err_norm,0.11660267186907254
4.827962821,1759158515.298962821,/studio/pos_error_xyz.err_norm,NaN
4.830300444,1759158515.301300444,/studio/pos_error_xyz.err_norm,NaN
4.831103084,1759158515.302103084,/studio/pos_error_xyz.err_norm,0.11619741113984236
4.8345800400000005,1759158515.305580040,/studio/pos_error_xyz.err_norm,0.11524584838325037
4.837834185,1759158515.308834185,/studio/pos_error_xyz.err_norm,NaN
4.840324078,1759158515.311324078,/studio/pos_error_xyz.err_norm,NaN
4.841174144,1759158515.312174144,/studio/pos_error_xyz.err_norm,0.11466893474740575
4.844535683,1759158515.315535683,/studio/pos_error_xyz.err_norm,0.11460369363488178
4.847766017,1759158515.318766017,/studio/pos_error_xyz.err_norm,NaN
4.850268268,1759158515.321268268,/studio/pos_error_xyz.err_norm,NaN
4.851088203,1759158515.322088203,/studio/pos_error_xyz.err_norm,0.11433075378852216
4.854558853,1759158515.325558853,/studio/pos_error_xyz.err_norm,0.11374450464315965
4.857816686,1759158515.328816686,/studio/pos_error_xyz.err_norm,NaN
4.860276645,1759158515.331276645,/studio/pos_error_xyz.err_norm,NaN
4.861102242,1759158515.332102242,/studio/pos_error_xyz.err_norm,0.11327697537948685
4.864492426,1759158515.335492426,/studio/pos_error_xyz.err_norm,0.1134566816524187
4.8677156870000005,1759158515.338715687,/studio/pos_error_xyz.err_norm,NaN
4.870292451,1759158515.341292451,/studio/pos_error_xyz.err_norm,NaN
4.871110424,1759158515.342110424,/studio/pos_error_xyz.err_norm,0.11337324605476051
4.880293058,1759158515.351293058,/studio/pos_error_xyz.err_norm,NaN
4.888497862,1759158515.359497862,/studio/pos_error_xyz.err_norm,0.1133063595732417
4.888506499,1759158515.359506499,/studio/pos_error_xyz.err_norm,NaN
4.88850915,1759158515.359509150,/studio/pos_error_xyz.err_norm,0.11313061340163104
4.888516883,1759158515.359516883,/studio/pos_error_xyz.err_norm,0.11351889523918711
4.890319811,1759158515.361319811,/studio/pos_error_xyz.err_norm,NaN
4.8936008740000005,1759158515.364600874,/studio/pos_error_xyz.err_norm,0.11395261643375117
4.893603716,1759158515.364603716,/studio/pos_error_xyz.err_norm,0.1141534117514776
4.894871193,1759158515.365871193,/studio/pos_error_xyz.err_norm,0.11433998619566631
4.897842044,1759158515.368842044,/studio/pos_error_xyz.err_norm,0.11459062385970702
4.900280106,1759158515.371280106,/studio/pos_error_xyz.err_norm,NaN
4.901134341,1759158515.372134341,/studio/pos_error_xyz.err_norm,0.11456104583260512
4.904413726,1759158515.375413726,/studio/pos_error_xyz.err_norm,0.11580843749544104
4.907781185,1759158515.378781185,/studio/pos_error_xyz.err_norm,NaN
4.910270413,1759158515.381270413,/studio/pos_error_xyz.err_norm,NaN
4.911803545,1759158515.382803545,/studio/pos_error_xyz.err_norm,0.11583769945056648
4.9145313040000005,1759158515.385531304,/studio/pos_error_xyz.err_norm,0.11606153116963765
4.917720268,1759158515.388720268,/studio/pos_error_xyz.err_norm,NaN
4.920288473,1759158515.391288473,/studio/pos_error_xyz.err_norm,NaN
4.921296202,1759158515.392296202,/studio/pos_error_xyz.err_norm,0.11598670449689777
4.924450131,1759158515.395450131,/studio/pos_error_xyz.err_norm,0.11705118111262296
4.92779526,1759158515.398795260,/studio/pos_error_xyz.err_norm,NaN
4.930346925,1759158515.401346925,/studio/pos_error_xyz.err_norm,NaN
4.931022227,1759158515.402022227,/studio/pos_error_xyz.err_norm,0.1173455290199256
4.934444835,1759158515.405444835,/studio/pos_error_xyz.err_norm,0.11831627983331928
4.937758613,1759158515.408758613,/studio/pos_error_xyz.err_norm,NaN
4.940284574,1759158515.411284574,/studio/pos_error_xyz.err_norm,NaN
4.941072323,1759158515.412072323,/studio/pos_error_xyz.err_norm,0.1184380427799196
4.944386359,1759158515.415386359,/studio/pos_error_xyz.err_norm,0.11999041571342692
4.947708184,1759158515.418708184,/studio/pos_error_xyz.err_norm,NaN
4.950321993,1759158515.421321993,/studio/pos_error_xyz.err_norm,NaN
4.950965304,1759158515.421965304,/studio/pos_error_xyz.err_norm,0.12035808125194633
4.954412555,1759158515.425412555,/studio/pos_error_xyz.err_norm,0.12154496330581299
4.957726773,1759158515.428726773,/studio/pos_error_xyz.err_norm,NaN
4.9603522380000005,1759158515.431352238,/studio/pos_error_xyz.err_norm,NaN
4.961152701,1759158515.432152701,/studio/pos_error_xyz.err_norm,0.12169718656156472
4.965296171,1759158515.436296171,/studio/pos_error_xyz.err_norm,0.12328175576433793
4.96808707,1759158515.439087070,/studio/pos_error_xyz.err_norm,NaN
4.970346434,1759158515.441346434,/studio/pos_error_xyz.err_norm,NaN
4.971640617,1759158515.442640617,/studio/pos_error_xyz.err_norm,0.12362756034169063
4.975249701,1759158515.446249701,/studio/pos_error_xyz.err_norm,0.12475902639307647
4.977694923,1759158515.448694923,/studio/pos_error_xyz.err_norm,NaN
4.980323808,1759158515.451323808,/studio/pos_error_xyz.err_norm,NaN
4.981038586,1759158515.452038586,/studio/pos_error_xyz.err_norm,0.12495771329417084
4.984324569,1759158515.455324569,/studio/pos_error_xyz.err_norm,0.1266333396460739
4.987651141,1759158515.458651141,/studio/pos_error_xyz.err_norm,NaN
4.990234941,1759158515.461234941,/studio/pos_error_xyz.err_norm,NaN
4.99101137,1759158515.462011370,/studio/pos_error_xyz.err_norm,0.1270010454951672
4.994475478,1759158515.465475478,/studio/pos_error_xyz.err_norm,0.12817936937039823
4.997753125,1759158515.468753125,/studio/pos_error_xyz.err_norm,NaN
5.000322816,1759158515.471322816,/studio/pos_error_xyz.err_norm,NaN
5.000931366,1759158515.471931366,/studio/pos_error_xyz.err_norm,0.12831338122934502
5.004233384,1759158515.475233384,/studio/pos_error_xyz.err_norm,0.12972354386648552
5.007866729,1759158515.478866729,/studio/pos_error_xyz.err_norm,NaN
5.010270379,1759158515.481270379,/studio/pos_error_xyz.err_norm,NaN
5.011046879,1759158515.482046879,/studio/pos_error_xyz.err_norm,0.1300160376278886
5.014403539,1759158515.485403539,/studio/pos_error_xyz.err_norm,0.1309638990955195
5.017741933,1759158515.488741933,/studio/pos_error_xyz.err_norm,NaN
5.020265224,1759158515.491265224,/studio/pos_error_xyz.err_norm,NaN
5.021193514,1759158515.492193514,/studio/pos_error_xyz.err_norm,0.13106540279218304
5.024383286,1759158515.495383286,/studio/pos_error_xyz.err_norm,0.1323347979930766
5.027754856,1759158515.498754856,/studio/pos_error_xyz.err_norm,NaN
5.030299582,1759158515.501299582,/studio/pos_error_xyz.err_norm,NaN
5.030989361,1759158515.501989361,/studio/pos_error_xyz.err_norm,0.13259551906220535
5.034217119,1759158515.505217119,/studio/pos_error_xyz.err_norm,0.13345590443098726
5.037619843,1759158515.508619843,/studio/pos_error_xyz.err_norm,NaN
5.040281171,1759158515.511281171,/studio/pos_error_xyz.err_norm,NaN
5.041056638,1759158515.512056638,/studio/pos_error_xyz.err_norm,0.13347090705424522
5.044364477,1759158515.515364477,/studio/pos_error_xyz.err_norm,0.13441390411751314
5.047757781,1759158515.518757781,/studio/pos_error_xyz.err_norm,NaN
5.050281977,1759158515.521281977,/studio/pos_error_xyz.err_norm,NaN
5.050864932,1759158515.521864932,/studio/pos_error_xyz.err_norm,0.13466293530625864
5.054272638,1759158515.525272638,/studio/pos_error_xyz.err_norm,0.1354772159015599
5.057742096,1759158515.528742096,/studio/pos_error_xyz.err_norm,NaN
5.060269561,1759158515.531269561,/studio/pos_error_xyz.err_norm,NaN
5.06116991,1759158515.532169910,/studio/pos_error_xyz.err_norm,0.13539851296629885
5.064401109,1759158515.535401109,/studio/pos_error_xyz.err_norm,0.13599676469195135
5.067542224,1759158515.538542224,/studio/pos_error_xyz.err_norm,NaN
5.070267873,1759158515.541267873,/studio/pos_error_xyz.err_norm,NaN
5.070831741,1759158515.541831741,/studio/pos_error_xyz.err_norm,0.13613259525997376
5.074298301,1759158515.545298301,/studio/pos_error_xyz.err_norm,0.1365959154009459
5.078164441,1759158515.549164441,/studio/pos_error_xyz.err_norm,NaN
5.08026444,1759158515.551264440,/studio/pos_error_xyz.err_norm,NaN
5.090352422,1759158515.561352422,/studio/pos_error_xyz.err_norm,NaN
5.095338948,1759158515.566338948,/studio/pos_error_xyz.err_norm,0.1366049400097274
5.095342536,1759158515.566342536,/studio/pos_error_xyz.err_norm,0.1369495260918148
5.095344884,1759158515.566344884,/studio/pos_error_xyz.err_norm,0.1373107788023873
5.095346747,1759158515.566346747,/studio/pos_error_xyz.err_norm,0.13755886837383227
5.097590629,1759158515.568590629,/studio/pos_error_xyz.err_norm,0.13777091016757917
5.097595143,1759158515.568595143,/studio/pos_error_xyz.err_norm,0.13799407436405522
5.100298574,1759158515.571298574,/studio/pos_error_xyz.err_norm,NaN
5.101093399,1759158515.572093399,/studio/pos_error_xyz.err_norm,0.13804021988425164
5.104217125,1759158515.575217125,/studio/pos_error_xyz.err_norm,0.13869350845297532
5.107567539,1759158515.578567539,/studio/pos_error_xyz.err_norm,NaN
5.110302827,1759158515.581302827,/studio/pos_error_xyz.err_norm,NaN
5.110941762,1759158515.581941762,/studio/pos_error_xyz.err_norm,0.13873086927771966
5.1141631610000005,1759158515.585163161,/studio/pos_error_xyz.err_norm,0.13888628793196678
5.117631024,1759158515.588631024,/studio/pos_error_xyz.err_norm,NaN
5.120273335,1759158515.591273335,/studio/pos_error_xyz.err_norm,NaN
5.120864471,1759158515.591864471,/studio/pos_error_xyz.err_norm,0.13888178432329973
5.124113438,1759158515.595113438,/studio/pos_error_xyz.err_norm,0.13951973525281616
5.1276564,1759158515.598656400,/studio/pos_error_xyz.err_norm,NaN
5.130267238,1759158515.601267238,/studio/pos_error_xyz.err_norm,NaN
5.130962883,1759158515.601962883,/studio/pos_error_xyz.err_norm,0.13948032721143408
5.134279601,1759158515.605279601,/studio/pos_error_xyz.err_norm,0.1393911234318268
5.137572048,1759158515.608572048,/studio/pos_error_xyz.err_norm,NaN
5.14028941,1759158515.611289410,/studio/pos_error_xyz.err_norm,NaN
5.140790795,1759158515.611790795,/studio/pos_error_xyz.err_norm,0.13934176635559323
5.144252245,1759158515.615252245,/studio/pos_error_xyz.err_norm,0.13977233074534967
5.147461179,1759158515.618461179,/studio/pos_error_xyz.err_norm,NaN
5.150300187,1759158515.621300187,/studio/pos_error_xyz.err_norm,NaN
5.150963295,1759158515.621963295,/studio/pos_error_xyz.err_norm,0.13978521089002427
5.154244551,1759158515.625244551,/studio/pos_error_xyz.err_norm,0.13985650277950004
5.15746688,1759158515.628466880,/studio/pos_error_xyz.err_norm,NaN
5.16033579,1759158515.631335790,/studio/pos_error_xyz.err_norm,NaN
5.160892734,1759158515.631892734,/studio/pos_error_xyz.err_norm,0.13981985987768789
5.164389553,1759158515.635389553,/studio/pos_error_xyz.err_norm,0.14022866142310353
5.167482329,1759158515.638482329,/studio/pos_error_xyz.err_norm,NaN
5.170263628,1759158515.641263628,/studio/pos_error_xyz.err_norm,NaN
5.170764599,1759158515.641764599,/studio/pos_error_xyz.err_norm,0.14023256816648796
5.174166836,1759158515.645166836,/studio/pos_error_xyz.err_norm,0.1402766756171215
5.177459938,1759158515.648459938,/studio/pos_error_xyz.err_norm,NaN
5.180263148,1759158515.651263148,/studio/pos_error_xyz.err_norm,NaN
5.180735363,1759158515.651735363,/studio/pos_error_xyz.err_norm,0.14020154130357468
5.184183186,1759158515.655183186,/studio/pos_error_xyz.err_norm,0.14042513578207594
5.187471335,1759158515.658471335,/studio/pos_error_xyz.err_norm,NaN
5.190309053,1759158515.661309053,/studio/pos_error_xyz.err_norm,NaN
5.190704823,1759158515.661704823,/studio/pos_error_xyz.err_norm,0.14043324778224117
5.19418675,1759158515.665186750,/studio/pos_error_xyz.err_norm,0.1404918047708562
5.1975315890000005,1759158515.668531589,/studio/pos_error_xyz.err_norm,NaN
5.200267322,1759158515.671267322,/studio/pos_error_xyz.err_norm,NaN
5.20076133,1759158515.671761330,/studio/pos_error_xyz.err_norm,0.1404538645026736
5.204189071,1759158515.675189071,/studio/pos_error_xyz.err_norm,0.14074514830393595
5.207505216,1759158515.678505216,/studio/pos_error_xyz.err_norm,NaN
5.210273708,1759158515.681273708,/studio/pos_error_xyz.err_norm,NaN
5.210806173,1759158515.681806173,/studio/pos_error_xyz.err_norm,0.14078476477599622
5.214060837,1759158515.685060837,/studio/pos_error_xyz.err_norm,0.14094983367845276
5.217553055,1759158515.688553055,/studio/pos_error_xyz.err_norm,NaN
5.220270566,1759158515.691270566,/studio/pos_error_xyz.err_norm,NaN
5.220713731,1759158515.691713731,/studio/pos_error_xyz.err_norm,0.14096176588816475
5.224054372,1759158515.695054372,/studio/pos_error_xyz.err_norm,0.14136019788377385
5.227460811,1759158515.698460811,/studio/pos_error_xyz.err_norm,NaN
5.230298534,1759158515.701298534,/studio/pos_error_xyz.err_norm,NaN
5.230791469,1759158515.701791469,/studio/pos_error_xyz.err_norm,0.14146607017471155
5.234126359,1759158515.705126359,/studio/pos_error_xyz.err_norm,0.14185612188804525
5.237342253,1759158515.708342253,/studio/pos_error_xyz.err_norm,NaN
5.240286822,1759158515.711286822,/studio/pos_error_xyz.err_norm,NaN
5.24071503,1759158515.711715030,/studio/pos_error_xyz.err_norm,0.14190529686366765
5.244163356,1759158515.715163356,/studio/pos_error_xyz.err_norm,0.14238513929650395
5.247398585,1759158515.718398585,/studio/pos_error_xyz.err_norm,NaN
5.250309687,1759158515.721309687,/studio/pos_error_xyz.err_norm,NaN
5.250702969,1759158515.721702969,/studio/pos_error_xyz.err_norm,0.14248001790990267
5.253983183,1759158515.724983183,/studio/pos_error_xyz.err_norm,0.1428424183339988
5.257304508,1759158515.728304508,/studio/pos_error_xyz.err_norm,NaN
5.260262615,1759158515.731262615,/studio/pos_error_xyz.err_norm,NaN
5.260763123,1759158515.731763123,/studio/pos_error_xyz.err_norm,0.14293673381129407
5.264060215,1759158515.735060215,/studio/pos_error_xyz.err_norm,0.14352721603091612
5.267413282,1759158515.738413282,/studio/pos_error_xyz.err_norm,NaN
5.270295777,1759158515.741295777,/studio/pos_error_xyz.err_norm,NaN
5.2706978620000005,1759158515.741697862,/studio/pos_error_xyz.err_norm,0.1436966875261619
5.273978281,1759158515.744978281,/studio/pos_error_xyz.err_norm,0.14431611348502646
5.277532236,1759158515.748532236,/studio/pos_error_xyz.err_norm,NaN
5.280261378,1759158515.751261378,/studio/pos_error_xyz.err_norm,NaN
5.280866425,1759158515.751866425,/studio/pos_error_xyz.err_norm,0.14447382481425422
5.290265962,1759158515.761265962,/studio/pos_error_xyz.err_norm,NaN
5.297647846,1759158515.768647846,/studio/pos_error_xyz.err_norm,0.14524708930113978
5.297649598,1759158515.768649598,/studio/pos_error_xyz.err_norm,NaN
5.297653441,1759158515.768653441,/studio/pos_error_xyz.err_norm,0.14542886154947168
5.297656235,1759158515.768656235,/studio/pos_error_xyz.err_norm,0.14570946403372015
5.300305664,1759158515.771305664,/studio/pos_error_xyz.err_norm,NaN
5.303780308,1759158515.774780308,/studio/pos_error_xyz.err_norm,0.14599818979202062
5.303784613,1759158515.774784613,/studio/pos_error_xyz.err_norm,0.14631719606382068
5.304700196,1759158515.775700196,/studio/pos_error_xyz.err_norm,0.1467156377614183
5.307312199,1759158515.778312199,/studio/pos_error_xyz.err_norm,0.1472727948481602
5.310348622,1759158515.781348622,/studio/pos_error_xyz.err_norm,NaN
5.311330772,1759158515.782330772,/studio/pos_error_xyz.err_norm,0.14752242193644804
5.313983274,1759158515.784983274,/studio/pos_error_xyz.err_norm,0.14845196619621048
5.317332535,1759158515.788332535,/studio/pos_error_xyz.err_norm,NaN
5.320301396,1759158515.791301396,/studio/pos_error_xyz.err_norm,NaN
5.320639915,1759158515.791639915,/studio/pos_error_xyz.err_norm,0.14869090965364062
5.324095503,1759158515.795095503,/studio/pos_error_xyz.err_norm,0.1497035025498374
5.327383766,1759158515.798383766,/studio/pos_error_xyz.err_norm,NaN
5.330273642,1759158515.801273642,/studio/pos_error_xyz.err_norm,NaN
5.330627581,1759158515.801627581,/studio/pos_error_xyz.err_norm,0.14998070453386458
5.334033123,1759158515.805033123,/studio/pos_error_xyz.err_norm,0.15101752372964455
5.33742026,1759158515.808420260,/studio/pos_error_xyz.err_norm,NaN
5.340283414,1759158515.811283414,/studio/pos_error_xyz.err_norm,NaN
5.340681844,1759158515.811681844,/studio/pos_error_xyz.err_norm,0.15133950939376642
5.343937845,1759158515.814937845,/studio/pos_error_xyz.err_norm,0.15261504194753545
5.347304679,1759158515.818304679,/studio/pos_error_xyz.err_norm,NaN
5.350302339,1759158515.821302339,/studio/pos_error_xyz.err_norm,NaN
5.350743168,1759158515.821743168,/studio/pos_error_xyz.err_norm,0.15293816726344814
5.353947657,1759158515.824947657,/studio/pos_error_xyz.err_norm,0.15414652232440187
5.357250875,1759158515.828250875,/studio/pos_error_xyz.err_norm,NaN
5.360262794,1759158515.831262794,/studio/pos_error_xyz.err_norm,NaN
5.360536931,1759158515.831536931,/studio/pos_error_xyz.err_norm,0.15447044333990895
5.363993386,1759158515.834993386,/studio/pos_error_xyz.err_norm,0.15575443614224468
5.367341818,1759158515.838341818,/studio/pos_error_xyz.err_norm,NaN
5.370265323,1759158515.841265323,/studio/pos_error_xyz.err_norm,NaN
5.370848448,1759158515.841848448,/studio/pos_error_xyz.err_norm,0.1561268427198879
5.374000464,1759158515.845000464,/studio/pos_error_xyz.err_norm,0.15751786739246895
5.377263799,1759158515.848263799,/studio/pos_error_xyz.err_norm,NaN
5.380291957,1759158515.851291957,/studio/pos_error_xyz.err_norm,NaN
5.380653626,1759158515.851653626,/studio/pos_error_xyz.err_norm,0.15789414780209518
5.384789596,1759158515.855789596,/studio/pos_error_xyz.err_norm,0.1593516305277577
5.387200652,1759158515.858200652,/studio/pos_error_xyz.err_norm,NaN
5.390264285,1759158515.861264285,/studio/pos_error_xyz.err_norm,NaN
5.390671023,1759158515.861671023,/studio/pos_error_xyz.err_norm,0.15971830652111943
5.393854528,1759158515.864854528,/studio/pos_error_xyz.err_norm,0.16110147153069096
5.397225963,1759158515.868225963,/studio/pos_error_xyz.err_norm,NaN
5.400272488,1759158515.871272488,/studio/pos_error_xyz.err_norm,NaN
5.400805917,1759158515.871805917,/studio/pos_error_xyz.err_norm,0.16149622261844346
5.40391087,1759158515.874910870,/studio/pos_error_xyz.err_norm,0.16301840929204303
5.407450929,1759158515.878450929,/studio/pos_error_xyz.err_norm,NaN
5.410267022,1759158515.881267022,/studio/pos_error_xyz.err_norm,NaN
5.410502215,1759158515.881502215,/studio/pos_error_xyz.err_norm,0.16342677866228367
5.41393994,1759158515.884939940,/studio/pos_error_xyz.err_norm,0.16499058649110035
5.417229184,1759158515.888229184,/studio/pos_error_xyz.err_norm,NaN
5.420299179,1759158515.891299179,/studio/pos_error_xyz.err_norm,NaN
5.420508791,1759158515.891508791,/studio/pos_error_xyz.err_norm,0.16539420039092056
5.424310565,1759158515.895310565,/studio/pos_error_xyz.err_norm,0.16696427922977838
5.427288846,1759158515.898288846,/studio/pos_error_xyz.err_norm,NaN
5.430295532,1759158515.901295532,/studio/pos_error_xyz.err_norm,NaN
5.430615877,1759158515.901615877,/studio/pos_error_xyz.err_norm,0.1673743588860712
5.434090173,1759158515.905090173,/studio/pos_error_xyz.err_norm,0.16898660381191985
5.437254195,1759158515.908254195,/studio/pos_error_xyz.err_norm,NaN
5.440288133,1759158515.911288133,/studio/pos_error_xyz.err_norm,NaN
5.440630531,1759158515.911630531,/studio/pos_error_xyz.err_norm,0.1694139112899164
5.443800446,1759158515.914800446,/studio/pos_error_xyz.err_norm,0.1710989868697723
5.447147582,1759158515.918147582,/studio/pos_error_xyz.err_norm,NaN
5.450286467,1759158515.921286467,/studio/pos_error_xyz.err_norm,NaN
5.450679996,1759158515.921679996,/studio/pos_error_xyz.err_norm,0.1715237980569832
5.453953812,1759158515.924953812,/studio/pos_error_xyz.err_norm,0.1731892255975112
5.457177596,1759158515.928177596,/studio/pos_error_xyz.err_norm,NaN
5.460278066,1759158515.931278066,/studio/pos_error_xyz.err_norm,NaN
5.460481463,1759158515.931481463,/studio/pos_error_xyz.err_norm,0.17360996948622762
5.463809422,1759158515.934809422,/studio/pos_error_xyz.err_norm,0.17526618788783616
5.46728545,1759158515.938285450,/studio/pos_error_xyz.err_norm,NaN
5.470291459,1759158515.941291459,/studio/pos_error_xyz.err_norm,NaN
5.470664831,1759158515.941664831,/studio/pos_error_xyz.err_norm,0.17569656578626067
5.473977868,1759158515.944977868,/studio/pos_error_xyz.err_norm,0.17739793881855317
5.477212981,1759158515.948212981,/studio/pos_error_xyz.err_norm,NaN
5.480292275,1759158515.951292275,/studio/pos_error_xyz.err_norm,NaN
5.480487784,1759158515.951487784,/studio/pos_error_xyz.err_norm,0.17781768313102062
5.483818403,1759158515.954818403,/studio/pos_error_xyz.err_norm,0.1795034163748822
5.487961799,1759158515.958961799,/studio/pos_error_xyz.err_norm,NaN
5.490263892,1759158515.961263892,/studio/pos_error_xyz.err_norm,NaN
5.500320874,1759158515.971320874,/studio/pos_error_xyz.err_norm,NaN
5.504669669,1759158515.975669669,/studio/pos_error_xyz.err_norm,0.17993020106000018
5.504674073,1759158515.975674073,/studio/pos_error_xyz.err_norm,0.18063821393002838
5.5046757070000005,1759158515.975675707,/studio/pos_error_xyz.err_norm,0.18134678571538837
5.504677835,1759158515.975677835,/studio/pos_error_xyz.err_norm,0.18206269126900584
5.50803937,1759158515.979039370,/studio/pos_error_xyz.err_norm,0.1827846226696552
5.5080438780000005,1759158515.979043878,/studio/pos_error_xyz.err_norm,0.18350727874738074
5.510272363,1759158515.981272363,/studio/pos_error_xyz.err_norm,NaN
5.510578789,1759158515.981578789,/studio/pos_error_xyz.err_norm,0.18420811540664772
5.5138349,1759158515.984834900,/studio/pos_error_xyz.err_norm,0.18586176333333493
5.517127009,1759158515.988127009,/studio/pos_error_xyz.err_norm,NaN
5.520289327,1759158515.991289327,/studio/pos_error_xyz.err_norm,NaN
5.520914723,1759158515.991914723,/studio/pos_error_xyz.err_norm,0.18628889323565245
5.524000292,1759158515.995000292,/studio/pos_error_xyz.err_norm,0.18801945591916644
5.527445223,1759158515.998445223,/studio/pos_error_xyz.err_norm,NaN
5.530275598,1759158516.001275598,/studio/pos_error_xyz.err_norm,NaN
5.53058414,1759158516.001584140,/studio/pos_error_xyz.err_norm,0.18842346099600152
5.533796458,1759158516.004796458,/studio/pos_error_xyz.err_norm,0.1900722920025166
5.5371243020000005,1759158516.008124302,/studio/pos_error_xyz.err_norm,NaN
5.54032541,1759158516.011325410,/studio/pos_error_xyz.err_norm,NaN
5.540494961,1759158516.011494961,/studio/pos_error_xyz.err_norm,0.19047752822341435
5.54382306,1759158516.014823060,/studio/pos_error_xyz.err_norm,0.19214930241270944
5.547100065,1759158516.018100065,/studio/pos_error_xyz.err_norm,NaN
5.550318222,1759158516.021318222,/studio/pos_error_xyz.err_norm,NaN
5.55042155,1759158516.021421550,/studio/pos_error_xyz.err_norm,0.19253359964459424
5.5537192,1759158516.024719200,/studio/pos_error_xyz.err_norm,0.1941421707142544
5.557154764,1759158516.028154764,/studio/pos_error_xyz.err_norm,NaN
5.5602804720000005,1759158516.031280472,/studio/pos_error_xyz.err_norm,NaN
5.560472878,1759158516.031472878,/studio/pos_error_xyz.err_norm,0.19451597855641042
5.5638594040000005,1759158516.034859404,/studio/pos_error_xyz.err_norm,0.196072738566825
5.5671040430000005,1759158516.038104043,/studio/pos_error_xyz.err_norm,NaN
5.570286629,1759158516.041286629,/studio/pos_error_xyz.err_norm,NaN
5.570430722,1759158516.041430722,/studio/pos_error_xyz.err_norm,0.19645529177217735
5.573867647,1759158516.044867647,/studio/pos_error_xyz.err_norm,0.19805911227435113
5.577171014,1759158516.048171014,/studio/pos_error_xyz.err_norm,NaN
5.580284503,1759158516.051284503,/studio/pos_error_xyz.err_norm,NaN
5.580348533,1759158516.051348533,/studio/pos_error_xyz.err_norm,0.1984015800643056
5.583727076,1759158516.054727076,/studio/pos_error_xyz.err_norm,0.19985306623967133
5.587011866,1759158516.058011866,/studio/pos_error_xyz.err_norm,NaN
5.590308428,1759158516.061308428,/studio/pos_error_xyz.err_norm,NaN
5.59059919,1759158516.061599190,/studio/pos_error_xyz.err_norm,0.20016147038170795
5.594071231,1759158516.065071231,/studio/pos_error_xyz.err_norm,0.2014726187568417
5.597120913,1759158516.068120913,/studio/pos_error_xyz.err_norm,NaN
5.600290591,1759158516.071290591,/studio/pos_error_xyz.err_norm,NaN
5.600406408,1759158516.071406408,/studio/pos_error_xyz.err_norm,0.20181062797258417
5.604134964,1759158516.075134964,/studio/pos_error_xyz.err_norm,0.2032518296026704
5.607121785,1759158516.078121785,/studio/pos_error_xyz.err_norm,NaN
5.610291573,1759158516.081291573,/studio/pos_error_xyz.err_norm,NaN
5.610424333,1759158516.081424333,/studio/pos_error_xyz.err_norm,0.20357719823903053
5.613656976,1759158516.084656976,/studio/pos_error_xyz.err_norm,0.20497598730384942
5.617034965,1759158516.088034965,/studio/pos_error_xyz.err_norm,NaN
5.620275727,1759158516.091275727,/studio/pos_error_xyz.err_norm,NaN
5.620286904,1759158516.091286904,/studio/pos_error_xyz.err_norm,0.2052672936509594
5.623750297,1759158516.094750297,/studio/pos_error_xyz.err_norm,0.20652788956912177
5.627054343,1759158516.098054343,/studio/pos_error_xyz.err_norm,NaN
5.6302993820000005,1759158516.101299382,/studio/pos_error_xyz.err_norm,NaN
5.630378116,1759158516.101378116,/studio/pos_error_xyz.err_norm,0.20681912547910683
5.633713352,1759158516.104713352,/studio/pos_error_xyz.err_norm,0.20809106656900703
5.63701066,1759158516.108010660,/studio/pos_error_xyz.err_norm,NaN
5.640330743,1759158516.111330743,/studio/pos_error_xyz.err_norm,NaN
5.640389392,1759158516.111389392,/studio/pos_error_xyz.err_norm,0.20836869783380646
5.643768985,1759158516.114768985,/studio/pos_error_xyz.err_norm,0.20958475345194155
5.647129471,1759158516.118129471,/studio/pos_error_xyz.err_norm,NaN
5.650285771,1759158516.121285771,/studio/pos_error_xyz.err_norm,NaN
5.650428046,1759158516.121428046,/studio/pos_error_xyz.err_norm,0.2098269867711628
5.653567344,1759158516.124567344,/studio/pos_error_xyz.err_norm,0.21090445086758067
5.657097286,1759158516.128097286,/studio/pos_error_xyz.err_norm,NaN
5.660270032,1759158516.131270032,/studio/pos_error_xyz.err_norm,NaN
5.66029259,1759158516.131292590,/studio/pos_error_xyz.err_norm,0.21114359512354453
5.663621165,1759158516.134621165,/studio/pos_error_xyz.err_norm,0.2122079230719991
5.666909811,1759158516.137909811,/studio/pos_error_xyz.err_norm,NaN
5.67021657,1759158516.141216570,/studio/pos_error_xyz.err_norm,NaN
5.670271289,1759158516.141271289,/studio/pos_error_xyz.err_norm,0.21242740492706844
5.673815341,1759158516.144815341,/studio/pos_error_xyz.err_norm,0.21341077826352156
5.676970544,1759158516.147970544,/studio/pos_error_xyz.err_norm,NaN
5.680262777,1759158516.151262777,/studio/pos_error_xyz.err_norm,NaN
5.680388873,1759158516.151388873,/studio/pos_error_xyz.err_norm,0.21360819304003972
5.683571343,1759158516.154571343,/studio/pos_error_xyz.err_norm,0.21449678021668198
5.686957829,1759158516.157957829,/studio/pos_error_xyz.err_norm,NaN
5.690275451,1759158516.161275451,/studio/pos_error_xyz.err_norm,NaN
5.69040637,1759158516.161406370,/studio/pos_error_xyz.err_norm,0.21467032097949887
5.700341749,1759158516.171341749,/studio/pos_error_xyz.err_norm,NaN
5.706849996,1759158516.177849996,/studio/pos_error_xyz.err_norm,0.21498982823939053
5.70685604,1759158516.177856040,/studio/pos_error_xyz.err_norm,0.21530939581864383
5.706861628,1759158516.177861628,/studio/pos_error_xyz.err_norm,0.21561904200655713
5.706866769,1759158516.177866769,/studio/pos_error_xyz.err_norm,0.21592082337227564
5.710271358,1759158516.181271358,/studio/pos_error_xyz.err_norm,NaN
5.71288141,1759158516.183881410,/studio/pos_error_xyz.err_norm,0.2162225612143242
5.7128839750000004,1759158516.183883975,/studio/pos_error_xyz.err_norm,0.21649795862676294
5.713962012,1759158516.184962012,/studio/pos_error_xyz.err_norm,0.21711966348464787
5.716953253,1759158516.187953253,/studio/pos_error_xyz.err_norm,NaN
5.72030296,1759158516.191302960,/studio/pos_error_xyz.err_norm,NaN
5.72033277,1759158516.191332770,/studio/pos_error_xyz.err_norm,0.21722762524074402
5.723489352,1759158516.194489352,/studio/pos_error_xyz.err_norm,0.2177288914899069
5.72704799,1759158516.198047990,/studio/pos_error_xyz.err_norm,NaN
5.730331873,1759158516.201331873,/studio/pos_error_xyz.err_norm,NaN
5.730410348,1759158516.201410348,/studio/pos_error_xyz.err_norm,0.217814555511705
5.73358944,1759158516.204589440,/studio/pos_error_xyz.err_norm,0.21822021695490548
5.7372392,1759158516.208239200,/studio/pos_error_xyz.err_norm,NaN
5.74028351,1759158516.211283510,/studio/pos_error_xyz.err_norm,NaN
5.740592607,1759158516.211592607,/studio/pos_error_xyz.err_norm,0.00006127776094279956
5.7435819200000005,1759158516.214581920,/studio/pos_error_xyz.err_norm,0.0004162758255826822
5.746852419,1759158516.217852419,/studio/pos_error_xyz.err_norm,NaN
5.750218796,1759158516.221218796,/studio/pos_error_xyz.err_norm,NaN
5.750283681,1759158516.221283681,/studio/pos_error_xyz.err_norm,0.00047986150874580974
5.753507095,1759158516.224507095,/studio/pos_error_xyz.err_norm,0.0007921973128845938
5.756932928,1759158516.227932928,/studio/pos_error_xyz.err_norm,NaN
5.7602691010000004,1759158516.231269101,/studio/pos_error_xyz.err_norm,NaN
5.760291377,1759158516.231291377,/studio/pos_error_xyz.err_norm,0.0008426129248275548
5.763562108,1759158516.234562108,/studio/pos_error_xyz.err_norm,0.0010847157063760004
5.766892018,1759158516.237892018,/studio/pos_error_xyz.err_norm,NaN
5.770172445,1759158516.241172445,/studio/pos_error_xyz.err_norm,NaN
5.770311813,1759158516.241311813,/studio/pos_error_xyz.err_norm,0.0011384295890189044
5.773604361,1759158516.244604361,/studio/pos_error_xyz.err_norm,0.0014199515120507933
5.776914726,1759158516.247914726,/studio/pos_error_xyz.err_norm,NaN
5.780192177,1759158516.251192177,/studio/pos_error_xyz.err_norm,NaN
5.780274126,1759158516.251274126,/studio/pos_error_xyz.err_norm,0.001469325307117182
5.783556752,1759158516.254556752,/studio/pos_error_xyz.err_norm,0.0017358435544420792
5.786908112,1759158516.257908112,/studio/pos_error_xyz.err_norm,NaN
5.790186896,1759158516.261186896,/studio/pos_error_xyz.err_norm,NaN
5.7902631200000005,1759158516.261263120,/studio/pos_error_xyz.err_norm,0.0017707762541254535
5.79439786,1759158516.265397860,/studio/pos_error_xyz.err_norm,0.0019608315314062633
5.796935151,1759158516.267935151,/studio/pos_error_xyz.err_norm,NaN
5.800156626,1759158516.271156626,/studio/pos_error_xyz.err_norm,NaN
5.800263054,1759158516.271263054,/studio/pos_error_xyz.err_norm,0.0020130718717831547
5.80359066,1759158516.274590660,/studio/pos_error_xyz.err_norm,0.002292765063627553
5.807167842,1759158516.278167842,/studio/pos_error_xyz.err_norm,NaN
5.810232269,1759158516.281232269,/studio/pos_error_xyz.err_norm,NaN
5.810283954,1759158516.281283954,/studio/pos_error_xyz.err_norm,0.002376751935212924
5.813676075,1759158516.284676075,/studio/pos_error_xyz.err_norm,0.0028193029434683474
5.816843714,1759158516.287843714,/studio/pos_error_xyz.err_norm,NaN
5.82011675,1759158516.291116750,/studio/pos_error_xyz.err_norm,NaN
5.820320369,1759158516.291320369,/studio/pos_error_xyz.err_norm,0.0029015832957064052
5.823459388,1759158516.294459388,/studio/pos_error_xyz.err_norm,0.003337942615704319
5.826963471,1759158516.297963471,/studio/pos_error_xyz.err_norm,NaN
5.830250467,1759158516.301250467,/studio/pos_error_xyz.err_norm,NaN
5.830276854,1759158516.301276854,/studio/pos_error_xyz.err_norm,0.0034422418212260645
5.833560163,1759158516.304560163,/studio/pos_error_xyz.err_norm,0.003988313137481884
5.836966854,1759158516.307966854,/studio/pos_error_xyz.err_norm,NaN
5.8400805590000004,1759158516.311080559,/studio/pos_error_xyz.err_norm,NaN
5.840284669,1759158516.311284669,/studio/pos_error_xyz.err_norm,0.004110674840259861
5.843810013,1759158516.314810013,/studio/pos_error_xyz.err_norm,0.004745355419036896
5.847001169,1759158516.318001169,/studio/pos_error_xyz.err_norm,NaN
5.85011168,1759158516.321111680,/studio/pos_error_xyz.err_norm,NaN
5.850291938,1759158516.321291938,/studio/pos_error_xyz.err_norm,0.004876987929196473
5.853490683,1759158516.324490683,/studio/pos_error_xyz.err_norm,0.005565432477433061
5.856780994,1759158516.327780994,/studio/pos_error_xyz.err_norm,NaN
5.860183598,1759158516.331183598,/studio/pos_error_xyz.err_norm,NaN
5.860306273,1759158516.331306273,/studio/pos_error_xyz.err_norm,0.005741893644462935
5.863445424,1759158516.334445424,/studio/pos_error_xyz.err_norm,0.0066645915015488815
5.866829311,1759158516.337829311,/studio/pos_error_xyz.err_norm,NaN
5.870156456,1759158516.341156456,/studio/pos_error_xyz.err_norm,NaN
5.87033018,1759158516.341330180,/studio/pos_error_xyz.err_norm,0.006795092055780743
5.873398994,1759158516.344398994,/studio/pos_error_xyz.err_norm,0.007497619121425393
5.876833015,1759158516.347833015,/studio/pos_error_xyz.err_norm,NaN
5.880157082,1759158516.351157082,/studio/pos_error_xyz.err_norm,NaN
5.880280626,1759158516.351280626,/studio/pos_error_xyz.err_norm,0.007665948702548763
5.883499562,1759158516.354499562,/studio/pos_error_xyz.err_norm,0.008549585130456686
5.886832518,1759158516.357832518,/studio/pos_error_xyz.err_norm,NaN
5.890104564,1759158516.361104564,/studio/pos_error_xyz.err_norm,NaN
5.890337318,1759158516.361337318,/studio/pos_error_xyz.err_norm,0.00875865029838113
5.89352932,1759158516.364529320,/studio/pos_error_xyz.err_norm,0.009860013004819203
5.897408695,1759158516.368408695,/studio/pos_error_xyz.err_norm,NaN
5.900311106,1759158516.371311106,/studio/pos_error_xyz.err_norm,NaN
5.910304675,1759158516.381304675,/studio/pos_error_xyz.err_norm,NaN
5.9138958210000006,1759158516.384895821,/studio/pos_error_xyz.err_norm,0.01003966463456228
5.913898732,1759158516.384898732,/studio/pos_error_xyz.err_norm,0.010415726623598605
5.913900756,1759158516.384900756,/studio/pos_error_xyz.err_norm,0.010794175675919714
5.913903535,1759158516.384903535,/studio/pos_error_xyz.err_norm,0.011164323683868514
5.917170548,1759158516.388170548,/studio/pos_error_xyz.err_norm,0.011524608349482024
5.917172962,1759158516.388172962,/studio/pos_error_xyz.err_norm,0.011887464582605149
5.920169537,1759158516.391169537,/studio/pos_error_xyz.err_norm,0.01208352754197989
5.920270879,1759158516.391270879,/studio/pos_error_xyz.err_norm,0.012300753685916637
5.923442755,1759158516.394442755,/studio/pos_error_xyz.err_norm,0.013494277226473261
5.926767245,1759158516.397767245,/studio/pos_error_xyz.err_norm,NaN
5.930228906,1759158516.401228906,/studio/pos_error_xyz.err_norm,NaN
5.930279921,1759158516.401279921,/studio/pos_error_xyz.err_norm,0.01368905889560275
5.933579197,1759158516.404579197,/studio/pos_error_xyz.err_norm,0.014743224009062373
5.936855819,1759158516.407855819,/studio/pos_error_xyz.err_norm,NaN
5.940126467,1759158516.411126467,/studio/pos_error_xyz.err_norm,NaN
5.940281746,1759158516.411281746,/studio/pos_error_xyz.err_norm,0.014950294232812019
5.943428521,1759158516.414428521,/studio/pos_error_xyz.err_norm,0.016076273889563827
5.946822616,1759158516.417822616,/studio/pos_error_xyz.err_norm,NaN
5.950282915,1759158516.421282915,/studio/pos_error_xyz.err_norm,NaN
5.950659159,1759158516.421659159,/studio/pos_error_xyz.err_norm,0.01627266380460519
5.953503255,1759158516.424503255,/studio/pos_error_xyz.err_norm,0.017348864046143223
5.956785249,1759158516.427785249,/studio/pos_error_xyz.err_norm,NaN
5.960082384,1759158516.431082384,/studio/pos_error_xyz.err_norm,NaN
5.96027519,1759158516.431275190,/studio/pos_error_xyz.err_norm,0.017548650374525316
5.963279251,1759158516.434279251,/studio/pos_error_xyz.err_norm,0.01865035478895018
5.966852391,1759158516.437852391,/studio/pos_error_xyz.err_norm,NaN
5.97023208,1759158516.441232080,/studio/pos_error_xyz.err_norm,NaN
5.970271405,1759158516.441271405,/studio/pos_error_xyz.err_norm,0.018837666057970708
5.9735433790000005,1759158516.444543379,/studio/pos_error_xyz.err_norm,0.019875642130342666
5.977375853,1759158516.448375853,/studio/pos_error_xyz.err_norm,NaN
5.980198553,1759158516.451198553,/studio/pos_error_xyz.err_norm,NaN
5.98026266,1759158516.451262660,/studio/pos_error_xyz.err_norm,0.02008436082964973
5.983526447,1759158516.454526447,/studio/pos_error_xyz.err_norm,0.021248504050758163
5.986712245,1759158516.457712245,/studio/pos_error_xyz.err_norm,NaN
5.990050056,1759158516.461050056,/studio/pos_error_xyz.err_norm,NaN
5.99026445,1759158516.461264450,/studio/pos_error_xyz.err_norm,0.021440224843079912
5.993876831,1759158516.464876831,/studio/pos_error_xyz.err_norm,0.022520875283264043
5.996802625,1759158516.467802625,/studio/pos_error_xyz.err_norm,NaN
6.000180411,1759158516.471180411,/studio/pos_error_xyz.err_norm,NaN
6.000272186,1759158516.471272186,/studio/pos_error_xyz.err_norm,0.02271819145510238
6.003458484,1759158516.474458484,/studio/pos_error_xyz.err_norm,0.02383522452691887
6.006854677,1759158516.477854677,/studio/pos_error_xyz.err_norm,NaN
6.010257963,1759158516.481257963,/studio/pos_error_xyz.err_norm,NaN
6.010279378,1759158516.481279378,/studio/pos_error_xyz.err_norm,0.02401135275037542
6.014165638,1759158516.485165638,/studio/pos_error_xyz.err_norm,0.025019344066581406
6.016806696,1759158516.487806696,/studio/pos_error_xyz.err_norm,NaN
6.020064704,1759158516.491064704,/studio/pos_error_xyz.err_norm,NaN
6.020269195,1759158516.491269195,/studio/pos_error_xyz.err_norm,0.02519745640660119
6.023537969,1759158516.494537969,/studio/pos_error_xyz.err_norm,0.026220476679487764
6.026688374,1759158516.497688374,/studio/pos_error_xyz.err_norm,NaN
6.030304488,1759158516.501304488,/studio/pos_error_xyz.err_norm,NaN
6.030499297,1759158516.501499297,/studio/pos_error_xyz.err_norm,0.026395352611534268
6.033748901,1759158516.504748901,/studio/pos_error_xyz.err_norm,0.02741219184994646
6.036689048,1759158516.507689048,/studio/pos_error_xyz.err_norm,NaN
6.040086478,1759158516.511086478,/studio/pos_error_xyz.err_norm,NaN
6.040298266,1759158516.511298266,/studio/pos_error_xyz.err_norm,0.027572721311099547
6.043242849,1759158516.514242849,/studio/pos_error_xyz.err_norm,0.028536143170617877
6.046674139,1759158516.517674139,/studio/pos_error_xyz.err_norm,NaN
6.050311712,1759158516.521311712,/studio/pos_error_xyz.err_norm,NaN
6.050404375,1759158516.521404375,/studio/pos_error_xyz.err_norm,0.028692159001074212
6.053775168,1759158516.524775168,/studio/pos_error_xyz.err_norm,0.029624445366902973
6.056835288,1759158516.527835288,/studio/pos_error_xyz.err_norm,NaN
6.060149345,1759158516.531149345,/studio/pos_error_xyz.err_norm,NaN
6.060266039,1759158516.531266039,/studio/pos_error_xyz.err_norm,0.029772761127976034
6.063275477,1759158516.534275477,/studio/pos_error_xyz.err_norm,0.030678162979951188
6.066894425,1759158516.537894425,/studio/pos_error_xyz.err_norm,NaN
6.069952734,1759158516.540952734,/studio/pos_error_xyz.err_norm,NaN
6.070298739,1759158516.541298739,/studio/pos_error_xyz.err_norm,0.030826438214515677
6.073319571,1759158516.544319571,/studio/pos_error_xyz.err_norm,0.03172317905855999
6.077334076,1759158516.548334076,/studio/pos_error_xyz.err_norm,NaN
6.080266053,1759158516.551266053,/studio/pos_error_xyz.err_norm,NaN
6.080707126,1759158516.551707126,/studio/pos_error_xyz.err_norm,0.03185619237726877
6.083358956,1759158516.554358956,/studio/pos_error_xyz.err_norm,0.032679013037345925
6.086881847,1759158516.557881847,/studio/pos_error_xyz.err_norm,NaN
6.089911221,1759158516.560911221,/studio/pos_error_xyz.err_norm,NaN
6.090267604,1759158516.561267604,/studio/pos_error_xyz.err_norm,0.032802743185227794
6.093214015,1759158516.564214015,/studio/pos_error_xyz.err_norm,0.033559166993999766
6.096533486,1759158516.567533486,/studio/pos_error_xyz.err_norm,NaN
6.100001291,1759158516.571001291,/studio/pos_error_xyz.err_norm,NaN
6.100309289,1759158516.571309289,/studio/pos_error_xyz.err_norm,0.03367284479140344
6.110314691,1759158516.581314691,/studio/pos_error_xyz.err_norm,NaN
6.1165863,1759158516.587586300,/studio/pos_error_xyz.err_norm,0.03394424982518508
6.116593019,1759158516.587593019,/studio/pos_error_xyz.err_norm,0.03421580946624699
6.116597183,1759158516.587597183,/studio/pos_error_xyz.err_norm,0.034508959402240386
6.116600131,1759158516.587600131,/studio/pos_error_xyz.err_norm,0.03483331180952328
6.120322734,1759158516.591322734,/studio/pos_error_xyz.err_norm,NaN
6.122608014,1759158516.593608014,/studio/pos_error_xyz.err_norm,0.0351581915309807
6.122610945,1759158516.593610945,/studio/pos_error_xyz.err_norm,0.035451170615583276
6.124272759,1759158516.595272759,/studio/pos_error_xyz.err_norm,0.03574008037712486
6.126782695,1759158516.597782695,/studio/pos_error_xyz.err_norm,0.03609120726413202
6.129813839,1759158516.600813839,/studio/pos_error_xyz.err_norm,NaN
6.130289609,1759158516.601289609,/studio/pos_error_xyz.err_norm,0.036197194718156266
6.133686017,1759158516.604686017,/studio/pos_error_xyz.err_norm,0.03688623636292894
6.136607256,1759158516.607607256,/studio/pos_error_xyz.err_norm,NaN
6.139950241,1759158516.610950241,/studio/pos_error_xyz.err_norm,NaN
6.140353464,1759158516.611353464,/studio/pos_error_xyz.err_norm,0.03698400685742929
6.143252718,1759158516.614252718,/studio/pos_error_xyz.err_norm,0.037613264610640254
6.14660916,1759158516.617609160,/studio/pos_error_xyz.err_norm,NaN
6.150267285,1759158516.621267285,/studio/pos_error_xyz.err_norm,NaN
6.150309908,1759158516.621309908,/studio/pos_error_xyz.err_norm,0.03769628676402528
6.153288681,1759158516.624288681,/studio/pos_error_xyz.err_norm,0.038249243047392106
6.156612759,1759158516.627612759,/studio/pos_error_xyz.err_norm,NaN
6.159937383,1759158516.630937383,/studio/pos_error_xyz.err_norm,NaN
6.160267438,1759158516.631267438,/studio/pos_error_xyz.err_norm,0.03833848068325825
6.163221388,1759158516.634221388,/studio/pos_error_xyz.err_norm,0.038918961179681036
6.166673383,1759158516.637673383,/studio/pos_error_xyz.err_norm,NaN
6.169995107,1759158516.640995107,/studio/pos_error_xyz.err_norm,NaN
6.170266065,1759158516.641266065,/studio/pos_error_xyz.err_norm,0.038994619621721155
6.173130074,1759158516.644130074,/studio/pos_error_xyz.err_norm,0.0394887314451398
6.176449245,1759158516.647449245,/studio/pos_error_xyz.err_norm,NaN
6.17975377,1759158516.650753770,/studio/pos_error_xyz.err_norm,NaN
6.180261918,1759158516.651261918,/studio/pos_error_xyz.err_norm,0.039561482078905356
6.183056729,1759158516.654056729,/studio/pos_error_xyz.err_norm,0.040043317098658375
6.186646704,1759158516.657646704,/studio/pos_error_xyz.err_norm,NaN
6.189968464,1759158516.660968464,/studio/pos_error_xyz.err_norm,NaN
6.190268414,1759158516.661268414,/studio/pos_error_xyz.err_norm,0.040115145933171774
6.193213731,1759158516.664213731,/studio/pos_error_xyz.err_norm,0.04059327027235239
6.196573611,1759158516.667573611,/studio/pos_error_xyz.err_norm,NaN
6.199737095,1759158516.670737095,/studio/pos_error_xyz.err_norm,NaN
6.200270987,1759158516.671270987,/studio/pos_error_xyz.err_norm,0.04065529210085388
6.203777655,1759158516.674777655,/studio/pos_error_xyz.err_norm,0.041075153267092206
6.206675967,1759158516.677675967,/studio/pos_error_xyz.err_norm,NaN
6.209745252,1759158516.680745252,/studio/pos_error_xyz.err_norm,NaN
6.210289836,1759158516.681289836,/studio/pos_error_xyz.err_norm,0.0411296039956065
6.213163527,1759158516.684163527,/studio/pos_error_xyz.err_norm,0.041501587264255235
6.216351335,1759158516.687351335,/studio/pos_error_xyz.err_norm,NaN
6.219869677,1759158516.690869677,/studio/pos_error_xyz.err_norm,NaN
6.220304538,1759158516.691304538,/studio/pos_error_xyz.err_norm,0.04155472160934922
6.223482313,1759158516.694482313,/studio/pos_error_xyz.err_norm,0.04192941776052472
6.226592833,1759158516.697592833,/studio/pos_error_xyz.err_norm,NaN
6.229748739,1759158516.700748739,/studio/pos_error_xyz.err_norm,NaN
6.230283294,1759158516.701283294,/studio/pos_error_xyz.err_norm,0.041976021200854356
6.233055154,1759158516.704055154,/studio/pos_error_xyz.err_norm,0.042307480672272434
6.236433825,1759158516.707433825,/studio/pos_error_xyz.err_norm,NaN
6.239755311,1759158516.710755311,/studio/pos_error_xyz.err_norm,NaN
6.240272954,1759158516.711272954,/studio/pos_error_xyz.err_norm,0.04234547012790742
6.243178159,1759158516.714178159,/studio/pos_error_xyz.err_norm,0.04261026972529137
6.246632301,1759158516.717632301,/studio/pos_error_xyz.err_norm,NaN
6.24979631,1759158516.720796310,/studio/pos_error_xyz.err_norm,NaN
6.250307545,1759158516.721307545,/studio/pos_error_xyz.err_norm,0.04265049080435967
6.253257006,1759158516.724257006,/studio/pos_error_xyz.err_norm,0.042934687383121
6.256437187,1759158516.727437187,/studio/pos_error_xyz.err_norm,NaN
6.259783358,1759158516.730783358,/studio/pos_error_xyz.err_norm,NaN
6.260300516,1759158516.731300516,/studio/pos_error_xyz.err_norm,0.042969497606000225
6.262987353,1759158516.733987353,/studio/pos_error_xyz.err_norm,0.04322220526259142
6.266426069,1759158516.737426069,/studio/pos_error_xyz.err_norm,NaN
6.269861014,1759158516.740861014,/studio/pos_error_xyz.err_norm,NaN
6.270345557,1759158516.741345557,/studio/pos_error_xyz.err_norm,0.04325164286777015
6.273150409,1759158516.744150409,/studio/pos_error_xyz.err_norm,0.04346477586899928
6.276522993,1759158516.747522993,/studio/pos_error_xyz.err_norm,NaN
6.279925609,1759158516.750925609,/studio/pos_error_xyz.err_norm,NaN
6.280298461,1759158516.751298461,/studio/pos_error_xyz.err_norm,0.04349097316530993
6.283033978,1759158516.754033978,/studio/pos_error_xyz.err_norm,0.043686535351095956
6.286445452,1759158516.757445452,/studio/pos_error_xyz.err_norm,NaN
6.289690814,1759158516.760690814,/studio/pos_error_xyz.err_norm,NaN
6.290273465,1759158516.761273465,/studio/pos_error_xyz.err_norm,0.04369364556380726
6.293064623,1759158516.764064623,/studio/pos_error_xyz.err_norm,0.04374966066649095
6.296376154,1759158516.767376154,/studio/pos_error_xyz.err_norm,NaN
6.299676676,1759158516.770676676,/studio/pos_error_xyz.err_norm,NaN
6.30032303,1759158516.771323030,/studio/pos_error_xyz.err_norm,0.043766469554641384
6.3030779,1759158516.774077900,/studio/pos_error_xyz.err_norm,0.043894157522390266
6.306995959,1759158516.777995959,/studio/pos_error_xyz.err_norm,NaN
6.310301391,1759158516.781301391,/studio/pos_error_xyz.err_norm,NaN
6.3203262030000005,1759158516.791326203,/studio/pos_error_xyz.err_norm,NaN
6.325159973,1759158516.796159973,/studio/pos_error_xyz.err_norm,0.04392025958862551
6.32516184,1759158516.796161840,/studio/pos_error_xyz.err_norm,0.043996375862992224
6.325165692,1759158516.796165692,/studio/pos_error_xyz.err_norm,0.04407346345778786
6.325170762,1759158516.796170762,/studio/pos_error_xyz.err_norm,0.04413488125482664
6.326321032,1759158516.797321032,/studio/pos_error_xyz.err_norm,0.04416529054673008
6.326322935,1759158516.797322935,/studio/pos_error_xyz.err_norm,0.04419643252415225
6.329665522,1759158516.800665522,/studio/pos_error_xyz.err_norm,0.044217530708012716
6.33029978,1759158516.801299780,/studio/pos_error_xyz.err_norm,0.04422488049209481
6.33291142,1759158516.803911420,/studio/pos_error_xyz.err_norm,0.044286545749655716
6.33633916,1759158516.807339160,/studio/pos_error_xyz.err_norm,NaN
6.339596767,1759158516.810596767,/studio/pos_error_xyz.err_norm,NaN
6.340276373,1759158516.811276373,/studio/pos_error_xyz.err_norm,0.04428996231581621
6.343033585,1759158516.814033585,/studio/pos_error_xyz.err_norm,0.044320628700005554
6.346419912,1759158516.817419912,/studio/pos_error_xyz.err_norm,NaN
6.349673246,1759158516.820673246,/studio/pos_error_xyz.err_norm,NaN
6.350322528,1759158516.821322528,/studio/pos_error_xyz.err_norm,0.044305323477706146
6.352941596,1759158516.823941596,/studio/pos_error_xyz.err_norm,0.044189198271739234
6.356290171,1759158516.827290171,/studio/pos_error_xyz.err_norm,NaN
6.359671818,1759158516.830671818,/studio/pos_error_xyz.err_norm,NaN
6.360268212,1759158516.831268212,/studio/pos_error_xyz.err_norm,0.044201768292393036
6.363128914,1759158516.834128914,/studio/pos_error_xyz.err_norm,0.04430712708943915
6.366196303,1759158516.837196303,/studio/pos_error_xyz.err_norm,NaN
6.369664286,1759158516.840664286,/studio/pos_error_xyz.err_norm,NaN
6.370261317,1759158516.841261317,/studio/pos_error_xyz.err_norm,0.04429998996029395
6.372901144,1759158516.843901144,/studio/pos_error_xyz.err_norm,0.0442482190622498
6.376360138,1759158516.847360138,/studio/pos_error_xyz.err_norm,NaN
6.379728834,1759158516.850728834,/studio/pos_error_xyz.err_norm,NaN
6.380262449,1759158516.851262449,/studio/pos_error_xyz.err_norm,0.044239621223852485
6.382879262,1759158516.853879262,/studio/pos_error_xyz.err_norm,0.04417566629450198
6.386191538,1759158516.857191538,/studio/pos_error_xyz.err_norm,NaN
6.389638926,1759158516.860638926,/studio/pos_error_xyz.err_norm,NaN
6.390336863,1759158516.861336863,/studio/pos_error_xyz.err_norm,0.04416331091470667
6.392945623,1759158516.863945623,/studio/pos_error_xyz.err_norm,0.04406814387996844
6.396249916,1759158516.867249916,/studio/pos_error_xyz.err_norm,NaN
6.399704379,1759158516.870704379,/studio/pos_error_xyz.err_norm,NaN
6.400330597,1759158516.871330597,/studio/pos_error_xyz.err_norm,0.04403381988424013
6.402903619,1759158516.873903619,/studio/pos_error_xyz.err_norm,0.043759672415432785
6.4063248040000005,1759158516.877324804,/studio/pos_error_xyz.err_norm,NaN
6.409656853,1759158516.880656853,/studio/pos_error_xyz.err_norm,NaN
6.410332232,1759158516.881332232,/studio/pos_error_xyz.err_norm,0.04375974511011582
6.412992287,1759158516.883992287,/studio/pos_error_xyz.err_norm,0.04376671600041191
6.416252626,1759158516.887252626,/studio/pos_error_xyz.err_norm,NaN
6.420302281,1759158516.891302281,/studio/pos_error_xyz.err_norm,NaN
6.420490605,1759158516.891490605,/studio/pos_error_xyz.err_norm,0.043746720991956395
6.423049738,1759158516.894049738,/studio/pos_error_xyz.err_norm,0.043583249369718316
6.426506593,1759158516.897506593,/studio/pos_error_xyz.err_norm,NaN
6.429793107,1759158516.900793107,/studio/pos_error_xyz.err_norm,NaN
6.430305395,1759158516.901305395,/studio/pos_error_xyz.err_norm,0.043561008658896776
6.43296747,1759158516.903967470,/studio/pos_error_xyz.err_norm,0.04338100097135067
6.436368192,1759158516.907368192,/studio/pos_error_xyz.err_norm,NaN
6.439675441,1759158516.910675441,/studio/pos_error_xyz.err_norm,NaN
6.440370772,1759158516.911370772,/studio/pos_error_xyz.err_norm,0.04335963769615223
6.443027575,1759158516.914027575,/studio/pos_error_xyz.err_norm,0.04317983604825767
6.446266883,1759158516.917266883,/studio/pos_error_xyz.err_norm,NaN
6.449570389,1759158516.920570389,/studio/pos_error_xyz.err_norm,NaN
6.450313271,1759158516.921313271,/studio/pos_error_xyz.err_norm,0.043157004501426614
6.454019355,1759158516.925019355,/studio/pos_error_xyz.err_norm,0.04296645209668889
6.456278346,1759158516.927278346,/studio/pos_error_xyz.err_norm,NaN
6.459645103,1759158516.930645103,/studio/pos_error_xyz.err_norm,NaN
6.460270151,1759158516.931270151,/studio/pos_error_xyz.err_norm,0.042918290375185505
6.4629704,1759158516.933970400,/studio/pos_error_xyz.err_norm,0.04249648857237364
6.466787651,1759158516.937787651,/studio/pos_error_xyz.err_norm,NaN
6.469569013,1759158516.940569013,/studio/pos_error_xyz.err_norm,NaN
6.470283251,1759158516.941283251,/studio/pos_error_xyz.err_norm,0.04248932858439374
6.472813814,1759158516.943813814,/studio/pos_error_xyz.err_norm,0.04243551107669347
6.476199081,1759158516.947199081,/studio/pos_error_xyz.err_norm,NaN
6.479637593,1759158516.950637593,/studio/pos_error_xyz.err_norm,NaN
6.480265997,1759158516.951265997,/studio/pos_error_xyz.err_norm,0.04241018564473752
6.482967816,1759158516.953967816,/studio/pos_error_xyz.err_norm,0.042194438455361444
6.486253841,1759158516.957253841,/studio/pos_error_xyz.err_norm,NaN
6.489499982,1759158516.960499982,/studio/pos_error_xyz.err_norm,NaN
6.490264505,1759158516.961264505,/studio/pos_error_xyz.err_norm,0.04215856982265815
6.493633123,1759158516.964633123,/studio/pos_error_xyz.err_norm,0.04184548987527581
6.496730978,1759158516.967730978,/studio/pos_error_xyz.err_norm,NaN
6.499570423,1759158516.970570423,/studio/pos_error_xyz.err_norm,NaN
6.500263463,1759158516.971263463,/studio/pos_error_xyz.err_norm,0.041813803055646095
6.50301581,1759158516.974015810,/studio/pos_error_xyz.err_norm,0.041537449020331366
6.506181068,1759158516.977181068,/studio/pos_error_xyz.err_norm,NaN
6.509558963,1759158516.980558963,/studio/pos_error_xyz.err_norm,NaN
6.510259389,1759158516.981259389,/studio/pos_error_xyz.err_norm,NaN
6.513816087,1759158516.984816087,/studio/pos_error_xyz.err_norm,0.0414160874162569
6.520315063,1759158516.991315063,/studio/pos_error_xyz.err_norm,NaN
6.529871335,1759158517.000871335,/studio/pos_error_xyz.err_norm,0.041325057796258086
6.529874505,1759158517.000874505,/studio/pos_error_xyz.err_norm,0.041214382827842656
6.529877565,1759158517.000877565,/studio/pos_error_xyz.err_norm,0.04105415345497784
6.5298804520000004,1759158517.000880452,/studio/pos_error_xyz.err_norm,0.04089558753223628
6.530269438,1759158517.001269438,/studio/pos_error_xyz.err_norm,NaN
6.532234579,1759158517.003234579,/studio/pos_error_xyz.err_norm,0.04076005240742251
6.533784507,1759158517.004784507,/studio/pos_error_xyz.err_norm,0.04067278890964351
6.536139516,1759158517.007139516,/studio/pos_error_xyz.err_norm,0.04055157880074291
6.539449057,1759158517.010449057,/studio/pos_error_xyz.err_norm,NaN
6.540349181,1759158517.011349181,/studio/pos_error_xyz.err_norm,NaN
6.54281045,1759158517.013810450,/studio/pos_error_xyz.err_norm,0.040085418795648114
6.546968187,1759158517.017968187,/studio/pos_error_xyz.err_norm,NaN
6.549474378,1759158517.020474378,/studio/pos_error_xyz.err_norm,NaN
6.550294422,1759158517.021294422,/studio/pos_error_xyz.err_norm,NaN
6.5528086739999996,1759158517.023808674,/studio/pos_error_xyz.err_norm,0.03994384778742148
6.556760086,1759158517.027760086,/studio/pos_error_xyz.err_norm,NaN
6.559421689,1759158517.030421689,/studio/pos_error_xyz.err_norm,NaN
6.560272166,1759158517.031272166,/studio/pos_error_xyz.err_norm,NaN
6.5628398390000005,1759158517.033839839,/studio/pos_error_xyz.err_norm,0.039576917851328657
6.566278442,1759158517.037278442,/studio/pos_error_xyz.err_norm,NaN
6.570138958,1759158517.041138958,/studio/pos_error_xyz.err_norm,NaN
6.5702846610000005,1759158517.041284661,/studio/pos_error_xyz.err_norm,NaN
6.572871232,1759158517.043871232,/studio/pos_error_xyz.err_norm,0.03916090518200074
6.5760688720000005,1759158517.047068872,/studio/pos_error_xyz.err_norm,NaN
6.579501325,1759158517.050501325,/studio/pos_error_xyz.err_norm,NaN
6.580281468,1759158517.051281468,/studio/pos_error_xyz.err_norm,NaN
6.5827912390000005,1759158517.053791239,/studio/pos_error_xyz.err_norm,0.03882343080148715
6.586109875,1759158517.057109875,/studio/pos_error_xyz.err_norm,NaN
6.589384109,1759158517.060384109,/studio/pos_error_xyz.err_norm,NaN
6.59026503,1759158517.061265030,/studio/pos_error_xyz.err_norm,NaN
6.592643288,1759158517.063643288,/studio/pos_error_xyz.err_norm,0.03829573764736704
6.596099226,1759158517.067099226,/studio/pos_error_xyz.err_norm,NaN
6.599452202,1759158517.070452202,/studio/pos_error_xyz.err_norm,NaN
6.600268809,1759158517.071268809,/studio/pos_error_xyz.err_norm,NaN
6.602817546,1759158517.073817546,/studio/pos_error_xyz.err_norm,0.038056424122932
6.606129175,1759158517.077129175,/studio/pos_error_xyz.err_norm,NaN
6.609346996,1759158517.080346996,/studio/pos_error_xyz.err_norm,NaN
6.610275841,1759158517.081275841,/studio/pos_error_xyz.err_norm,NaN
6.613445509,1759158517.084445509,/studio/pos_error_xyz.err_norm,0.037503364518581876
6.616057008,1759158517.087057008,/studio/pos_error_xyz.err_norm,NaN
6.619360722,1759158517.090360722,/studio/pos_error_xyz.err_norm,NaN
6.620274152,1759158517.091274152,/studio/pos_error_xyz.err_norm,NaN
6.622724961,1759158517.093724961,/studio/pos_error_xyz.err_norm,0.03730012752779229
6.625984093,1759158517.096984093,/studio/pos_error_xyz.err_norm,NaN
6.629957566,1759158517.100957566,/studio/pos_error_xyz.err_norm,NaN
6.630262223,1759158517.101262223,/studio/pos_error_xyz.err_norm,NaN
6.632771239,1759158517.103771239,/studio/pos_error_xyz.err_norm,0.03694672109377135
6.6361244070000005,1759158517.107124407,/studio/pos_error_xyz.err_norm,NaN
6.640164172,1759158517.111164172,/studio/pos_error_xyz.err_norm,NaN
6.640294035,1759158517.111294035,/studio/pos_error_xyz.err_norm,NaN
6.643078239,1759158517.114078239,/studio/pos_error_xyz.err_norm,0.03654321751487369
6.646060417,1759158517.117060417,/studio/pos_error_xyz.err_norm,NaN
6.649356296,1759158517.120356296,/studio/pos_error_xyz.err_norm,NaN
6.650274231,1759158517.121274231,/studio/pos_error_xyz.err_norm,NaN
6.6527804360000005,1759158517.123780436,/studio/pos_error_xyz.err_norm,0.03595450582787014
6.655957136,1759158517.126957136,/studio/pos_error_xyz.err_norm,NaN
6.659326444,1759158517.130326444,/studio/pos_error_xyz.err_norm,NaN
6.660318891,1759158517.131318891,/studio/pos_error_xyz.err_norm,NaN
6.662887609,1759158517.133887609,/studio/pos_error_xyz.err_norm,0.03576013851476165
6.66596161,1759158517.136961610,/studio/pos_error_xyz.err_norm,NaN
6.669337118,1759158517.140337118,/studio/pos_error_xyz.err_norm,NaN
6.670306076,1759158517.141306076,/studio/pos_error_xyz.err_norm,NaN
6.672800755,1759158517.143800755,/studio/pos_error_xyz.err_norm,0.03536282130931855
6.676175155,1759158517.147175155,/studio/pos_error_xyz.err_norm,NaN
6.679826019,1759158517.150826019,/studio/pos_error_xyz.err_norm,NaN
6.680304192,1759158517.151304192,/studio/pos_error_xyz.err_norm,NaN
6.682715398,1759158517.153715398,/studio/pos_error_xyz.err_norm,0.03491413100782986
6.686062027,1759158517.157062027,/studio/pos_error_xyz.err_norm,NaN
6.689282536,1759158517.160282536,/studio/pos_error_xyz.err_norm,NaN
6.690303392,1759158517.161303392,/studio/pos_error_xyz.err_norm,NaN
6.692709903,1759158517.163709903,/studio/pos_error_xyz.err_norm,0.03454637966729154
6.6960911020000005,1759158517.167091102,/studio/pos_error_xyz.err_norm,NaN
6.699233113,1759158517.170233113,/studio/pos_error_xyz.err_norm,NaN
6.700311734,1759158517.171311734,/studio/pos_error_xyz.err_norm,NaN
6.702795741,1759158517.173795741,/studio/pos_error_xyz.err_norm,0.03403718600501406
6.7060175310000005,1759158517.177017531,/studio/pos_error_xyz.err_norm,NaN
6.709193297,1759158517.180193297,/studio/pos_error_xyz.err_norm,NaN
6.710298981,1759158517.181298981,/studio/pos_error_xyz.err_norm,NaN
6.712780503,1759158517.183780503,/studio/pos_error_xyz.err_norm,0.0338152608108331
6.716632817,1759158517.187632817,/studio/pos_error_xyz.err_norm,NaN
6.72032386,1759158517.191323860,/studio/pos_error_xyz.err_norm,NaN
6.7303651349999996,1759158517.201365135,/studio/pos_error_xyz.err_norm,NaN
6.733113011,1759158517.204113011,/studio/pos_error_xyz.err_norm,NaN
6.733159252,1759158517.204159252,/studio/pos_error_xyz.err_norm,0.03366309199077717
6.733163545,1759158517.204163545,/studio/pos_error_xyz.err_norm,0.033543503781060274
6.73316732,1759158517.204167320,/studio/pos_error_xyz.err_norm,0.03341203331484977
6.736421966,1759158517.207421966,/studio/pos_error_xyz.err_norm,0.03323125904927436
6.737302032,1759158517.208302032,/studio/pos_error_xyz.err_norm,0.03304566381368301
6.739365802,1759158517.210365802,/studio/pos_error_xyz.err_norm,0.032919227911904575
6.74032853,1759158517.211328530,/studio/pos_error_xyz.err_norm,NaN
6.742741405,1759158517.213741405,/studio/pos_error_xyz.err_norm,0.0327595908581237
6.745911491,1759158517.216911491,/studio/pos_error_xyz.err_norm,NaN
6.749340508,1759158517.220340508,/studio/pos_error_xyz.err_norm,NaN
6.750318337,1759158517.221318337,/studio/pos_error_xyz.err_norm,NaN
6.752846618,1759158517.223846618,/studio/pos_error_xyz.err_norm,0.03218051601348976
6.755966788,1759158517.226966788,/studio/pos_error_xyz.err_norm,NaN
6.759349224,1759158517.230349224,/studio/pos_error_xyz.err_norm,NaN
6.7603131780000005,1759158517.231313178,/studio/pos_error_xyz.err_norm,NaN
6.762698835,1759158517.233698835,/studio/pos_error_xyz.err_norm,0.03206476778989715
6.765940592,1759158517.236940592,/studio/pos_error_xyz.err_norm,NaN
6.769649448,1759158517.240649448,/studio/pos_error_xyz.err_norm,NaN
6.770300509,1759158517.241300509,/studio/pos_error_xyz.err_norm,NaN
6.772703784,1759158517.243703784,/studio/pos_error_xyz.err_norm,0.03175551486139702
6.775890811,1759158517.246890811,/studio/pos_error_xyz.err_norm,NaN
6.779256914,1759158517.250256914,/studio/pos_error_xyz.err_norm,NaN
6.780279971,1759158517.251279971,/studio/pos_error_xyz.err_norm,NaN
6.782655905,1759158517.253655905,/studio/pos_error_xyz.err_norm,0.03144523946741929
6.786037065,1759158517.257037065,/studio/pos_error_xyz.err_norm,NaN
6.789382642,1759158517.260382642,/studio/pos_error_xyz.err_norm,NaN
6.790317928,1759158517.261317928,/studio/pos_error_xyz.err_norm,NaN
6.792753897,1759158517.263753897,/studio/pos_error_xyz.err_norm,0.03113625869656537
6.796004137,1759158517.267004137,/studio/pos_error_xyz.err_norm,NaN
6.7991655810000005,1759158517.270165581,/studio/pos_error_xyz.err_norm,NaN
6.800291578,1759158517.271291578,/studio/pos_error_xyz.err_norm,NaN
6.802835298,1759158517.273835298,/studio/pos_error_xyz.err_norm,0.03101753237715266
6.806458181,1759158517.277458181,/studio/pos_error_xyz.err_norm,0.030861767992436503
6.810021954,1759158517.281021954,/studio/pos_error_xyz.err_norm,NaN
6.810302181,1759158517.281302181,/studio/pos_error_xyz.err_norm,NaN
6.813066705,1759158517.284066705,/studio/pos_error_xyz.err_norm,0.03034376916901737
6.820348025,1759158517.291348025,/studio/pos_error_xyz.err_norm,NaN
6.822829076,1759158517.293829076,/studio/pos_error_xyz.err_norm,NaN
6.824308478,1759158517.295308478,/studio/pos_error_xyz.err_norm,NaN
6.8243125330000005,1759158517.295312533,/studio/pos_error_xyz.err_norm,0.03031826324315815
6.826588336,1759158517.297588336,/studio/pos_error_xyz.err_norm,NaN
6.830335954,1759158517.301335954,/studio/pos_error_xyz.err_norm,NaN
6.8362226249999996,1759158517.307222625,/studio/pos_error_xyz.err_norm,NaN
6.838076916,1759158517.309076916,/studio/pos_error_xyz.err_norm,0.030019626468346508
6.838082743,1759158517.309082743,/studio/pos_error_xyz.err_norm,NaN
6.840378097,1759158517.311378097,/studio/pos_error_xyz.err_norm,NaN
6.84066586,1759158517.311665860,/studio/pos_error_xyz.err_norm,NaN
6.843119996,1759158517.314119996,/studio/pos_error_xyz.err_norm,0.029553479610584646
6.848864905,1759158517.319864905,/studio/pos_error_xyz.err_norm,NaN
6.850082285,1759158517.321082285,/studio/pos_error_xyz.err_norm,NaN
6.850319506,1759158517.321319506,/studio/pos_error_xyz.err_norm,NaN
6.852436515,1759158517.323436515,/studio/pos_error_xyz.err_norm,0.029548453847934513
6.855878353,1759158517.326878353,/studio/pos_error_xyz.err_norm,0.029551914088512744
6.85928424,1759158517.330284240,/studio/pos_error_xyz.err_norm,NaN
6.860314325,1759158517.331314325,/studio/pos_error_xyz.err_norm,NaN
6.8625510510000005,1759158517.333551051,/studio/pos_error_xyz.err_norm,0.02945232954512307
6.865723022,1759158517.336723022,/studio/pos_error_xyz.err_norm,0.029310979402832643
6.869110131,1759158517.340110131,/studio/pos_error_xyz.err_norm,NaN
6.870316725,1759158517.341316725,/studio/pos_error_xyz.err_norm,NaN
6.872518241,1759158517.343518241,/studio/pos_error_xyz.err_norm,0.02912064115150093
6.875887893,1759158517.346887893,/studio/pos_error_xyz.err_norm,NaN
6.87928644,1759158517.350286440,/studio/pos_error_xyz.err_norm,NaN
6.880312552,1759158517.351312552,/studio/pos_error_xyz.err_norm,NaN
6.88242209,1759158517.353422090,/studio/pos_error_xyz.err_norm,0.02890308748614558
6.885694451,1759158517.356694451,/studio/pos_error_xyz.err_norm,NaN
6.889321494,1759158517.360321494,/studio/pos_error_xyz.err_norm,NaN
6.890320462,1759158517.361320462,/studio/pos_error_xyz.err_norm,NaN
6.892524664,1759158517.363524664,/studio/pos_error_xyz.err_norm,0.02847720369658968
6.895941016,1759158517.366941016,/studio/pos_error_xyz.err_norm,NaN
6.899072576,1759158517.370072576,/studio/pos_error_xyz.err_norm,NaN
6.900308847,1759158517.371308847,/studio/pos_error_xyz.err_norm,NaN
6.902417755,1759158517.373417755,/studio/pos_error_xyz.err_norm,0.028486410082819998
6.905848561,1759158517.376848561,/studio/pos_error_xyz.err_norm,NaN
6.909070797,1759158517.380070797,/studio/pos_error_xyz.err_norm,NaN
6.910300068,1759158517.381300068,/studio/pos_error_xyz.err_norm,NaN
6.91246923,1759158517.383469230,/studio/pos_error_xyz.err_norm,0.028064305380611568
6.915729444,1759158517.386729444,/studio/pos_error_xyz.err_norm,NaN
6.91898189,1759158517.389981890,/studio/pos_error_xyz.err_norm,NaN
6.920324908,1759158517.391324908,/studio/pos_error_xyz.err_norm,NaN
6.923295401,1759158517.394295401,/studio/pos_error_xyz.err_norm,0.02808016233436422
6.930330153,1759158517.401330153,/studio/pos_error_xyz.err_norm,NaN
6.94066929,1759158517.411669290,/studio/pos_error_xyz.err_norm,0.028098779473669577
6.940673362,1759158517.411673362,/studio/pos_error_xyz.err_norm,0.028106288580235644
6.940676199,1759158517.411676199,/studio/pos_error_xyz.err_norm,0.028041128382820777
6.94069613,1759158517.411696130,/studio/pos_error_xyz.err_norm,0.02798053477836357
6.940713104,1759158517.411713104,/studio/pos_error_xyz.err_norm,NaN
6.941738568,1759158517.412738568,/studio/pos_error_xyz.err_norm,0.027923308202960472
6.942708373,1759158517.413708373,/studio/pos_error_xyz.err_norm,0.02786366024224842
6.945700159,1759158517.416700159,/studio/pos_error_xyz.err_norm,0.027768042381310157
6.94921224,1759158517.420212240,/studio/pos_error_xyz.err_norm,NaN
6.950314499,1759158517.421314499,/studio/pos_error_xyz.err_norm,NaN
6.952510643,1759158517.423510643,/studio/pos_error_xyz.err_norm,0.027607350974031823
6.955696329,1759158517.426696329,/studio/pos_error_xyz.err_norm,NaN
6.9590233050000005,1759158517.430023305,/studio/pos_error_xyz.err_norm,NaN
6.9603132080000005,1759158517.431313208,/studio/pos_error_xyz.err_norm,NaN
6.962686175,1759158517.433686175,/studio/pos_error_xyz.err_norm,0.027421593200609922
6.965704462,1759158517.436704462,/studio/pos_error_xyz.err_norm,NaN
6.969655628,1759158517.440655628,/studio/pos_error_xyz.err_norm,NaN
6.970314909,1759158517.441314909,/studio/pos_error_xyz.err_norm,NaN
6.972459289,1759158517.443459289,/studio/pos_error_xyz.err_norm,0.02726971315850133
6.976569215,1759158517.447569215,/studio/pos_error_xyz.err_norm,NaN
6.979046549,1759158517.450046549,/studio/pos_error_xyz.err_norm,NaN
6.980363735,1759158517.451363735,/studio/pos_error_xyz.err_norm,NaN
6.982480751,1759158517.453480751,/studio/pos_error_xyz.err_norm,0.02690723630496918
6.985666222,1759158517.456666222,/studio/pos_error_xyz.err_norm,NaN
6.989286941,1759158517.460286941,/studio/pos_error_xyz.err_norm,NaN
6.990320438,1759158517.461320438,/studio/pos_error_xyz.err_norm,NaN
6.9928671950000005,1759158517.463867195,/studio/pos_error_xyz.err_norm,0.02697561409088932
6.996130428,1759158517.467130428,/studio/pos_error_xyz.err_norm,NaN
6.999092614,1759158517.470092614,/studio/pos_error_xyz.err_norm,NaN
7.000347166,1759158517.471347166,/studio/pos_error_xyz.err_norm,NaN
7.002513863,1759158517.473513863,/studio/pos_error_xyz.err_norm,0.02693219355078798
7.005778384,1759158517.476778384,/studio/pos_error_xyz.err_norm,0.02687577123350086
7.00907136,1759158517.480071360,/studio/pos_error_xyz.err_norm,NaN
7.010325624,1759158517.481325624,/studio/pos_error_xyz.err_norm,NaN
7.012505181,1759158517.483505181,/studio/pos_error_xyz.err_norm,0.02681509175756532
7.015710044,1759158517.486710044,/studio/pos_error_xyz.err_norm,0.026729118943582045
7.019025618,1759158517.490025618,/studio/pos_error_xyz.err_norm,NaN
