elapsed time,timestamp,topic,value
0.0008931220000000001,1758897556.719893122,/studio/rotor_avg_rpm.mean_rpm,1242.0053405761719
0.0016464790000000002,1758897556.720646479,/studio/rotor_avg_rpm.mean_rpm,1236.40283203125
0.003324074,1758897556.722324074,/studio/rotor_avg_rpm.mean_rpm,1250.2259216308594
0.004256547,1758897556.723256547,/studio/rotor_avg_rpm.mean_rpm,1241.2461547851562
0.005246685,1758897556.724246685,/studio/rotor_avg_rpm.mean_rpm,1252.8439025878906
0.0066200600000000005,1758897556.725620060,/studio/rotor_avg_rpm.mean_rpm,1243.1573181152344
0.006622205000000001,1758897556.725622205,/studio/rotor_avg_rpm.mean_rpm,1254.7288208007812
0.008367084,1758897556.727367084,/studio/rotor_avg_rpm.mean_rpm,1235.6436462402344
0.008377473,1758897556.727377473,/studio/rotor_avg_rpm.mean_rpm,1243.8903503417969
0.010057226,1758897556.729057226,/studio/rotor_avg_rpm.mean_rpm,1249.5190124511719
0.011005709,1758897556.730005709,/studio/rotor_avg_rpm.mean_rpm,1245.7752990722656
0.012781460000000001,1758897556.731781460,/studio/rotor_avg_rpm.mean_rpm,1243.8641357421875
0.031793989,1758897556.750793989,/studio/rotor_avg_rpm.mean_rpm,1240.5130920410156
0.031797990000000005,1758897556.750797990,/studio/rotor_avg_rpm.mean_rpm,1243.131103515625
0.031802277000000004,1758897556.750802277,/studio/rotor_avg_rpm.mean_rpm,1248.7598266601562
0.031804737,1758897556.750804737,/studio/rotor_avg_rpm.mean_rpm,1237.8951416015625
0.031806962,1758897556.750806962,/studio/rotor_avg_rpm.mean_rpm,1249.1263732910156
0.031808549000000005,1758897556.750808549,/studio/rotor_avg_rpm.mean_rpm,1243.1311340332031
0.031810186000000004,1758897556.750810186,/studio/rotor_avg_rpm.mean_rpm,1259.5983276367188
0.03185997,1758897556.750859970,/studio/rotor_avg_rpm.mean_rpm,1235.6436462402344
0.031862723,1758897556.750862723,/studio/rotor_avg_rpm.mean_rpm,1247.6340942382812
0.031865081,1758897556.750865081,/studio/rotor_avg_rpm.mean_rpm,1245.3564147949219
0.031866371000000004,1758897556.750866371,/studio/rotor_avg_rpm.mean_rpm,1237.1358947753906
0.031928791000000005,1758897556.750928791,/studio/rotor_avg_rpm.mean_rpm,1242.3981018066406
0.031930665000000004,1758897556.750930665,/studio/rotor_avg_rpm.mean_rpm,1253.6031494140625
0.031938806,1758897556.750938806,/studio/rotor_avg_rpm.mean_rpm,1233.0518493652344
0.031941156000000005,1758897556.750941156,/studio/rotor_avg_rpm.mean_rpm,1248.393310546875
0.031943895,1758897556.750943895,/studio/rotor_avg_rpm.mean_rpm,1248.0006103515625
0.031946665,1758897556.750946665,/studio/rotor_avg_rpm.mean_rpm,1246.141845703125
0.03362653,1758897556.752626530,/studio/rotor_avg_rpm.mean_rpm,1252.4773864746094
0.033629709,1758897556.752629709,/studio/rotor_avg_rpm.mean_rpm,1237.1358947753906
0.033631522000000004,1758897556.752631522,/studio/rotor_avg_rpm.mean_rpm,1250.6186218261719
0.033635404,1758897556.752635404,/studio/rotor_avg_rpm.mean_rpm,1260.6978759765625
0.033637693,1758897556.752637693,/studio/rotor_avg_rpm.mean_rpm,1243.4976806640625
0.035052695,1758897556.754052695,/studio/rotor_avg_rpm.mean_rpm,1253.6031188964844
0.036750059,1758897556.755750059,/studio/rotor_avg_rpm.mean_rpm,1240.5131530761719
0.036752405,1758897556.755752405,/studio/rotor_avg_rpm.mean_rpm,1250.9851379394531
0.037737943,1758897556.756737943,/studio/rotor_avg_rpm.mean_rpm,1239.7801208496094
0.038694338,1758897556.757694338,/studio/rotor_avg_rpm.mean_rpm,1252.1108703613281
0.040039038000000006,1758897556.759039038,/studio/rotor_avg_rpm.mean_rpm,1243.4976196289062
0.040989235000000006,1758897556.759989235,/studio/rotor_avg_rpm.mean_rpm,1252.5035705566406
0.041773774,1758897556.760773774,/studio/rotor_avg_rpm.mean_rpm,1246.5083618164062
0.043336194,1758897556.762336194,/studio/rotor_avg_rpm.mean_rpm,1250.2520751953125
0.044310676,1758897556.763310676,/studio/rotor_avg_rpm.mean_rpm,1252.4512023925781
0.045267020000000005,1758897556.764267020,/studio/rotor_avg_rpm.mean_rpm,1242.3719177246094
0.047841731000000005,1758897556.766841731,/studio/rotor_avg_rpm.mean_rpm,1247.60791015625
0.047850058,1758897556.766850058,/studio/rotor_avg_rpm.mean_rpm,1240.879638671875
0.047853297,1758897556.766853297,/studio/rotor_avg_rpm.mean_rpm,1242.3981018066406
0.048550009000000005,1758897556.767550009,/studio/rotor_avg_rpm.mean_rpm,1249.4928588867188
0.050051364,1758897556.769051364,/studio/rotor_avg_rpm.mean_rpm,1242.0054016113281
0.051021242,1758897556.770021242,/studio/rotor_avg_rpm.mean_rpm,1256.2211303710938
0.051864604,1758897556.770864604,/studio/rotor_avg_rpm.mean_rpm,1247.9743957519531
0.05331173,1758897556.772311730,/studio/rotor_avg_rpm.mean_rpm,1249.4666748046875
0.055069861000000005,1758897556.774069861,/studio/rotor_avg_rpm.mean_rpm,1249.8855590820312
0.055072308,1758897556.774072308,/studio/rotor_avg_rpm.mean_rpm,1253.6031188964844
0.055987968000000006,1758897556.774987968,/studio/rotor_avg_rpm.mean_rpm,1241.2723388671875
0.057349201,1758897556.776349201,/studio/rotor_avg_rpm.mean_rpm,1246.8486633300781
0.058416901,1758897556.777416901,/studio/rotor_avg_rpm.mean_rpm,1242.3719177246094
0.059805502,1758897556.778805502,/studio/rotor_avg_rpm.mean_rpm,1248.3670959472656
0.059808524,1758897556.778808524,/studio/rotor_avg_rpm.mean_rpm,1249.859375
0.060919338,1758897556.779919338,/studio/rotor_avg_rpm.mean_rpm,1248.733642578125
0.062303112,1758897556.781303112,/studio/rotor_avg_rpm.mean_rpm,1241.2461547851562
0.06323074000000001,1758897556.782230740,/studio/rotor_avg_rpm.mean_rpm,1250.2259216308594
0.06420585100000001,1758897556.783205851,/studio/rotor_avg_rpm.mean_rpm,1246.8486938476562
0.065219709,1758897556.784219709,/studio/rotor_avg_rpm.mean_rpm,1243.8903503417969
0.066539524,1758897556.785539524,/studio/rotor_avg_rpm.mean_rpm,1247.6079406738281
0.067731989,1758897556.786731989,/studio/rotor_avg_rpm.mean_rpm,1256.587646484375
0.067737699,1758897556.786737699,/studio/rotor_avg_rpm.mean_rpm,1250.2258911132812
0.068710159,1758897556.787710159,/studio/rotor_avg_rpm.mean_rpm,1254.7550659179688
0.069969905,1758897556.788969905,/studio/rotor_avg_rpm.mean_rpm,1249.4928588867188
0.071092133,1758897556.790092133,/studio/rotor_avg_rpm.mean_rpm,1249.4928588867188
0.072045946,1758897556.791045946,/studio/rotor_avg_rpm.mean_rpm,1245.7491455078125
0.07345686500000001,1758897556.792456865,/studio/rotor_avg_rpm.mean_rpm,1252.5035705566406
0.075047821,1758897556.794047821,/studio/rotor_avg_rpm.mean_rpm,1257.7134094238281
0.075082034,1758897556.794082034,/studio/rotor_avg_rpm.mean_rpm,1242.00537109375
0.076827932,1758897556.795827932,/studio/rotor_avg_rpm.mean_rpm,1259.2318420410156
0.07683047700000001,1758897556.795830477,/studio/rotor_avg_rpm.mean_rpm,1262.2163391113281
0.078226563,1758897556.797226563,/studio/rotor_avg_rpm.mean_rpm,1247.9744262695312
0.079455937,1758897556.798455937,/studio/rotor_avg_rpm.mean_rpm,1248.0005798339844
0.08057411,1758897556.799574110,/studio/rotor_avg_rpm.mean_rpm,1246.1156311035156
0.081611585,1758897556.800611585,/studio/rotor_avg_rpm.mean_rpm,1253.9958190917969
0.082765643,1758897556.801765643,/studio/rotor_avg_rpm.mean_rpm,1249.1263427734375
0.08276733900000001,1758897556.801767339,/studio/rotor_avg_rpm.mean_rpm,1249.4666748046875
0.08381566400000001,1758897556.802815664,/studio/rotor_avg_rpm.mean_rpm,1244.6233825683594
0.08487655200000001,1758897556.803876552,/studio/rotor_avg_rpm.mean_rpm,1247.2413940429688
0.08619816500000001,1758897556.805198165,/studio/rotor_avg_rpm.mean_rpm,1255.0953979492188
0.08712309400000001,1758897556.806123094,/studio/rotor_avg_rpm.mean_rpm,1246.8748779296875
0.088252021,1758897556.807252021,/studio/rotor_avg_rpm.mean_rpm,1254.336181640625
0.08933295000000001,1758897556.808332950,/studio/rotor_avg_rpm.mean_rpm,1245.7491149902344
0.090423126,1758897556.809423126,/studio/rotor_avg_rpm.mean_rpm,1250.5924377441406
0.09171525100000001,1758897556.810715251,/studio/rotor_avg_rpm.mean_rpm,1252.11083984375
0.092657683,1758897556.811657683,/studio/rotor_avg_rpm.mean_rpm,1254.336181640625
0.093766658,1758897556.812766658,/studio/rotor_avg_rpm.mean_rpm,1255.0953674316406
0.093768872,1758897556.812768872,/studio/rotor_avg_rpm.mean_rpm,1256.9541931152344
0.094814652,1758897556.813814652,/studio/rotor_avg_rpm.mean_rpm,1251.7181701660156
0.095922319,1758897556.814922319,/studio/rotor_avg_rpm.mean_rpm,1265.9338989257812
0.097046488,1758897556.816046488,/studio/rotor_avg_rpm.mean_rpm,1252.0846862792969
0.09828325900000001,1758897556.817283259,/studio/rotor_avg_rpm.mean_rpm,1253.9696655273438
0.099254515,1758897556.818254515,/studio/rotor_avg_rpm.mean_rpm,1250.2521057128906
0.10030408,1758897556.819304080,/studio/rotor_avg_rpm.mean_rpm,1259.9386596679688
0.101625724,1758897556.820625724,/studio/rotor_avg_rpm.mean_rpm,1259.5983276367188
0.10251547700000001,1758897556.821515477,/studio/rotor_avg_rpm.mean_rpm,1250.9589538574219
0.10360520000000001,1758897556.822605200,/studio/rotor_avg_rpm.mean_rpm,1253.9696350097656
0.104839158,1758897556.823839158,/studio/rotor_avg_rpm.mean_rpm,1253.5769348144531
0.104842498,1758897556.823842498,/studio/rotor_avg_rpm.mean_rpm,1253.9434509277344
0.10584578600000001,1758897556.824845786,/studio/rotor_avg_rpm.mean_rpm,1256.587646484375
0.107029735,1758897556.826029735,/studio/rotor_avg_rpm.mean_rpm,1254.3623352050781
0.10819067900000001,1758897556.827190679,/studio/rotor_avg_rpm.mean_rpm,1249.859375
0.109160055,1758897556.828160055,/studio/rotor_avg_rpm.mean_rpm,1262.9493408203125
0.11081199800000001,1758897556.829811998,/studio/rotor_avg_rpm.mean_rpm,1263.3158874511719
0.111576409,1758897556.830576409,/studio/rotor_avg_rpm.mean_rpm,1246.1418151855469
0.11311423100000001,1758897556.832114231,/studio/rotor_avg_rpm.mean_rpm,1245.4087829589844
0.113122174,1758897556.832122174,/studio/rotor_avg_rpm.mean_rpm,1259.2056274414062
0.115153421,1758897556.834153421,/studio/rotor_avg_rpm.mean_rpm,1256.9803161621094
0.115155451,1758897556.834155451,/studio/rotor_avg_rpm.mean_rpm,1253.236572265625
0.116027344,1758897556.835027344,/studio/rotor_avg_rpm.mean_rpm,1249.1001586914062
0.11765789300000001,1758897556.836657893,/studio/rotor_avg_rpm.mean_rpm,1262.9493713378906
0.11862199400000001,1758897556.837621994,/studio/rotor_avg_rpm.mean_rpm,1261.4571228027344
0.120017227,1758897556.839017227,/studio/rotor_avg_rpm.mean_rpm,1259.2056274414062
0.12154413300000001,1758897556.840544133,/studio/rotor_avg_rpm.mean_rpm,1255.0953674316406
0.121546571,1758897556.840546571,/studio/rotor_avg_rpm.mean_rpm,1252.8700866699219
0.12349530600000001,1758897556.842495306,/studio/rotor_avg_rpm.mean_rpm,1261.8236389160156
0.12349747700000001,1758897556.842497477,/studio/rotor_avg_rpm.mean_rpm,1266.6669311523438
0.12491475800000001,1758897556.843914758,/studio/rotor_avg_rpm.mean_rpm,1265.2008666992188
0.124916729,1758897556.843916729,/studio/rotor_avg_rpm.mean_rpm,1259.2056579589844
0.125861061,1758897556.844861061,/studio/rotor_avg_rpm.mean_rpm,1257.7395629882812
0.127012874,1758897556.846012874,/studio/rotor_avg_rpm.mean_rpm,1258.4725952148438
0.12814524800000002,1758897556.847145248,/studio/rotor_avg_rpm.mean_rpm,1256.2211608886719
0.129250106,1758897556.848250106,/studio/rotor_avg_rpm.mean_rpm,1258.4725952148438
0.131043766,1758897556.850043766,/studio/rotor_avg_rpm.mean_rpm,1256.5876159667969
0.13104612000000002,1758897556.850046120,/studio/rotor_avg_rpm.mean_rpm,1258.4725952148438
0.131986498,1758897556.850986498,/studio/rotor_avg_rpm.mean_rpm,1261.4309387207031
0.13307122100000002,1758897556.852071221,/studio/rotor_avg_rpm.mean_rpm,1261.4833374023438
0.134037507,1758897556.853037507,/studio/rotor_avg_rpm.mean_rpm,1260.3313598632812
0.13505666700000002,1758897556.854056667,/studio/rotor_avg_rpm.mean_rpm,1252.11083984375
0.136436846,1758897556.855436846,/studio/rotor_avg_rpm.mean_rpm,1258.4726257324219
0.137469216,1758897556.856469216,/studio/rotor_avg_rpm.mean_rpm,1256.9803466796875
0.13840166,1758897556.857401660,/studio/rotor_avg_rpm.mean_rpm,1264.4416198730469
0.139478605,1758897556.858478605,/studio/rotor_avg_rpm.mean_rpm,1262.2163696289062
0.140733088,1758897556.859733088,/studio/rotor_avg_rpm.mean_rpm,1264.441650390625
0.14156918200000002,1758897556.860569182,/studio/rotor_avg_rpm.mean_rpm,1261.0906066894531
0.14306279200000002,1758897556.862062792,/studio/rotor_avg_rpm.mean_rpm,1264.8343505859375
0.143075813,1758897556.862075813,/studio/rotor_avg_rpm.mean_rpm,1252.4773864746094
0.14402235700000002,1758897556.863022357,/studio/rotor_avg_rpm.mean_rpm,1258.8391418457031
0.14505151700000002,1758897556.864051517,/studio/rotor_avg_rpm.mean_rpm,1259.5983276367188
0.146360515,1758897556.865360515,/studio/rotor_avg_rpm.mean_rpm,1260.7240905761719
0.147523722,1758897556.866523722,/studio/rotor_avg_rpm.mean_rpm,1262.2425537109375
0.148328722,1758897556.867328722,/studio/rotor_avg_rpm.mean_rpm,1265.1746826171875
0.14976925500000002,1758897556.868769255,/studio/rotor_avg_rpm.mean_rpm,1263.3420715332031
0.150705597,1758897556.869705597,/studio/rotor_avg_rpm.mean_rpm,1267.0596313476562
0.15157367700000002,1758897556.870573677,/studio/rotor_avg_rpm.mean_rpm,1257.3468627929688
0.153113771,1758897556.872113771,/studio/rotor_avg_rpm.mean_rpm,1261.8497924804688
0.153115294,1758897556.872115294,/studio/rotor_avg_rpm.mean_rpm,1259.9910278320312
0.15483722900000002,1758897556.873837229,/studio/rotor_avg_rpm.mean_rpm,1258.839111328125
0.15572613500000002,1758897556.874726135,/studio/rotor_avg_rpm.mean_rpm,1255.8546142578125
0.156826035,1758897556.875826035,/studio/rotor_avg_rpm.mean_rpm,1264.0751037597656
0.158177219,1758897556.877177219,/studio/rotor_avg_rpm.mean_rpm,1268.5780639648438
0.158183917,1758897556.877183917,/studio/rotor_avg_rpm.mean_rpm,1261.4571228027344
0.159052952,1758897556.878052952,/studio/rotor_avg_rpm.mean_rpm,1261.4571228027344
0.160181134,1758897556.879181134,/studio/rotor_avg_rpm.mean_rpm,1260.3313598632812
0.161521738,1758897556.880521738,/studio/rotor_avg_rpm.mean_rpm,1260.6979064941406
0.163447586,1758897556.882447586,/studio/rotor_avg_rpm.mean_rpm,1271.1960754394531
0.163452388,1758897556.882452388,/studio/rotor_avg_rpm.mean_rpm,1274.547119140625
0.16482649800000002,1758897556.883826498,/studio/rotor_avg_rpm.mean_rpm,1260.3575744628906
0.16674654900000002,1758897556.885746549,/studio/rotor_avg_rpm.mean_rpm,1253.9957885742188
0.166753219,1758897556.885753219,/studio/rotor_avg_rpm.mean_rpm,1265.2008361816406
0.168298844,1758897556.887298844,/studio/rotor_avg_rpm.mean_rpm,1271.9291076660156
0.168305847,1758897556.887305847,/studio/rotor_avg_rpm.mean_rpm,1271.1698913574219
0.16998699,1758897556.888986990,/studio/rotor_avg_rpm.mean_rpm,1256.6138000488281
0.17165043100000002,1758897556.890650431,/studio/rotor_avg_rpm.mean_rpm,1260.6979064941406
0.171652564,1758897556.890652564,/studio/rotor_avg_rpm.mean_rpm,1277.5578308105469
0.173121458,1758897556.892121458,/studio/rotor_avg_rpm.mean_rpm,1279.0238952636719
0.17312344400000002,1758897556.892123444,/studio/rotor_avg_rpm.mean_rpm,1261.8236389160156
0.174260311,1758897556.893260311,/studio/rotor_avg_rpm.mean_rpm,1259.2056274414062
0.17549319300000002,1758897556.894493193,/studio/rotor_avg_rpm.mean_rpm,1266.3004150390625
0.176584603,1758897556.895584603,/studio/rotor_avg_rpm.mean_rpm,1270.4106750488281
0.177603593,1758897556.896603593,/studio/rotor_avg_rpm.mean_rpm,1267.81884765625
0.17854397400000002,1758897556.897543974,/studio/rotor_avg_rpm.mean_rpm,1264.4678039550781
0.179859029,1758897556.898859029,/studio/rotor_avg_rpm.mean_rpm,1262.2163391113281
0.18088626200000002,1758897556.899886262,/studio/rotor_avg_rpm.mean_rpm,1273.42138671875
0.181806394,1758897556.900806394,/studio/rotor_avg_rpm.mean_rpm,1273.3952026367188
0.18319411600000002,1758897556.902194116,/studio/rotor_avg_rpm.mean_rpm,1264.8081359863281
0.18321003200000002,1758897556.902210032,/studio/rotor_avg_rpm.mean_rpm,1256.2472839355469
0.18421307,1758897556.903213070,/studio/rotor_avg_rpm.mean_rpm,1270.7771911621094
0.185233599,1758897556.904233599,/studio/rotor_avg_rpm.mean_rpm,1282.3749084472656
0.18649979200000003,1758897556.905499792,/studio/rotor_avg_rpm.mean_rpm,1264.0751342773438
0.18753254500000002,1758897556.906532545,/studio/rotor_avg_rpm.mean_rpm,1268.5780944824219
0.18852816700000002,1758897556.907528167,/studio/rotor_avg_rpm.mean_rpm,1266.3266296386719
0.189764127,1758897556.908764127,/studio/rotor_avg_rpm.mean_rpm,1277.1651000976562
0.190936397,1758897556.909936397,/studio/rotor_avg_rpm.mean_rpm,1264.4678344726562
0.19175677800000002,1758897556.910756778,/studio/rotor_avg_rpm.mean_rpm,1273.0286560058594
0.19314441200000002,1758897556.912144412,/studio/rotor_avg_rpm.mean_rpm,1268.5780639648438
0.19412014000000002,1758897556.913120140,/studio/rotor_avg_rpm.mean_rpm,1276.4320983886719
0.195149449,1758897556.914149449,/studio/rotor_avg_rpm.mean_rpm,1268.5518798828125
0.19515190200000002,1758897556.914151902,/studio/rotor_avg_rpm.mean_rpm,1270.8033752441406
0.196416837,1758897556.915416837,/studio/rotor_avg_rpm.mean_rpm,1269.3111267089844
0.197412313,1758897556.916412313,/studio/rotor_avg_rpm.mean_rpm,1265.2008361816406
0.19822805000000002,1758897556.917228050,/studio/rotor_avg_rpm.mean_rpm,1276.798583984375
0.199728825,1758897556.918728825,/studio/rotor_avg_rpm.mean_rpm,1272.6621704101562
0.20068365500000002,1758897556.919683655,/studio/rotor_avg_rpm.mean_rpm,1267.4523315429688
0.201542028,1758897556.920542028,/studio/rotor_avg_rpm.mean_rpm,1279.3904113769531
0.203095922,1758897556.922095922,/studio/rotor_avg_rpm.mean_rpm,1262.5567016601562
0.204043263,1758897556.923043263,/studio/rotor_avg_rpm.mean_rpm,1283.5006713867188
0.20501375800000002,1758897556.924013758,/studio/rotor_avg_rpm.mean_rpm,1277.8981323242188
0.20613985,1758897556.925139850,/studio/rotor_avg_rpm.mean_rpm,1271.5364074707031
0.206142508,1758897556.925142508,/studio/rotor_avg_rpm.mean_rpm,1269.3110961914062
0.20737235,1758897556.926372350,/studio/rotor_avg_rpm.mean_rpm,1279.4165649414062
0.20818338600000003,1758897556.927183386,/studio/rotor_avg_rpm.mean_rpm,1286.5375366210938
0.209876005,1758897556.928876005,/studio/rotor_avg_rpm.mean_rpm,1275.3063659667969
0.211062346,1758897556.930062346,/studio/rotor_avg_rpm.mean_rpm,1266.3265991210938
0.21172975200000002,1758897556.930729752,/studio/rotor_avg_rpm.mean_rpm,1275.6990356445312
0.213170998,1758897556.932170998,/studio/rotor_avg_rpm.mean_rpm,1274.5209350585938
0.214180487,1758897556.933180487,/studio/rotor_avg_rpm.mean_rpm,1279.7831115722656
0.21506113300000002,1758897556.934061133,/studio/rotor_avg_rpm.mean_rpm,1278.6835327148438
0.215066487,1758897556.934066487,/studio/rotor_avg_rpm.mean_rpm,1279.4165649414062
0.21759233600000003,1758897556.936592336,/studio/rotor_avg_rpm.mean_rpm,1280.5423583984375
0.23500625400000003,1758897556.954006254,/studio/rotor_avg_rpm.mean_rpm,1274.1806335449219
0.235010392,1758897556.954010392,/studio/rotor_avg_rpm.mean_rpm,1283.1603393554688
0.235013244,1758897556.954013244,/studio/rotor_avg_rpm.mean_rpm,1277.92431640625
0.235017788,1758897556.954017788,/studio/rotor_avg_rpm.mean_rpm,1279.0500793457031
0.23502017200000003,1758897556.954020172,/studio/rotor_avg_rpm.mean_rpm,1280.5423583984375
0.235023168,1758897556.954023168,/studio/rotor_avg_rpm.mean_rpm,1281.2753601074219
0.23502765900000003,1758897556.954027659,/studio/rotor_avg_rpm.mean_rpm,1280.93505859375
0.23503057400000002,1758897556.954030574,/studio/rotor_avg_rpm.mean_rpm,1275.3063659667969
0.235033662,1758897556.954033662,/studio/rotor_avg_rpm.mean_rpm,1281.2754211425781
0.23503553900000002,1758897556.954035539,/studio/rotor_avg_rpm.mean_rpm,1284.6788330078125
0.23503700600000002,1758897556.954037006,/studio/rotor_avg_rpm.mean_rpm,1293.2658386230469
0.23503980100000002,1758897556.954039801,/studio/rotor_avg_rpm.mean_rpm,1284.2861022949219
0.235042563,1758897556.954042563,/studio/rotor_avg_rpm.mean_rpm,1278.3170776367188
0.23504495900000003,1758897556.954044959,/studio/rotor_avg_rpm.mean_rpm,1277.1913146972656
0.235048474,1758897556.954048474,/studio/rotor_avg_rpm.mean_rpm,1288.3963623046875
0.235051155,1758897556.954051155,/studio/rotor_avg_rpm.mean_rpm,1281.6419067382812
0.2350663,1758897556.954066300,/studio/rotor_avg_rpm.mean_rpm,1285.4118347167969
0.24058731800000002,1758897556.959587318,/studio/rotor_avg_rpm.mean_rpm,1288.0298767089844
0.240597105,1758897556.959597105,/studio/rotor_avg_rpm.mean_rpm,1285.3856811523438
0.24059906800000003,1758897556.959599068,/studio/rotor_avg_rpm.mean_rpm,1280.9088745117188
0.24060080900000003,1758897556.959600809,/studio/rotor_avg_rpm.mean_rpm,1293.2134704589844
0.24060288400000002,1758897556.959602884,/studio/rotor_avg_rpm.mean_rpm,1290.2813110351562
0.241337128,1758897556.960337128,/studio/rotor_avg_rpm.mean_rpm,1282.0346069335938
0.24133989800000002,1758897556.960339898,/studio/rotor_avg_rpm.mean_rpm,1283.1603698730469
0.24134221800000003,1758897556.960342218,/studio/rotor_avg_rpm.mean_rpm,1284.652587890625
0.242214326,1758897556.961214326,/studio/rotor_avg_rpm.mean_rpm,1294.3653869628906
0.24388627100000002,1758897556.962886271,/studio/rotor_avg_rpm.mean_rpm,1299.6013488769531
0.244858385,1758897556.963858385,/studio/rotor_avg_rpm.mean_rpm,1286.1448974609375
0.245734529,1758897556.964734529,/studio/rotor_avg_rpm.mean_rpm,1284.2599182128906
0.247061316,1758897556.966061316,/studio/rotor_avg_rpm.mean_rpm,1304.863525390625
0.24817698200000002,1758897556.967176982,/studio/rotor_avg_rpm.mean_rpm,1289.5220642089844
0.24977482,1758897556.968774820,/studio/rotor_avg_rpm.mean_rpm,1306.6961364746094
0.24977847500000003,1758897556.968778475,/studio/rotor_avg_rpm.mean_rpm,1298.1353149414062
0.25078590500000003,1758897556.969785905,/studio/rotor_avg_rpm.mean_rpm,1291.7473449707031
0.25277280900000004,1758897556.971772809,/studio/rotor_avg_rpm.mean_rpm,1297.3499145507812
0.25277429100000004,1758897556.971774291,/studio/rotor_avg_rpm.mean_rpm,1310.4660949707031
0.254295688,1758897556.973295688,/studio/rotor_avg_rpm.mean_rpm,1282.4273071289062
0.255071777,1758897556.974071777,/studio/rotor_avg_rpm.mean_rpm,1309.7068786621094
0.258081276,1758897556.977081276,/studio/rotor_avg_rpm.mean_rpm,1294.3915710449219
0.25808232400000003,1758897556.977082324,/studio/rotor_avg_rpm.mean_rpm,1308.9476623535156
0.258083789,1758897556.977083789,/studio/rotor_avg_rpm.mean_rpm,1297.3499145507812
0.259139489,1758897556.978139489,/studio/rotor_avg_rpm.mean_rpm,1303.3450927734375
0.260054453,1758897556.979054453,/studio/rotor_avg_rpm.mean_rpm,1284.2861022949219
0.261455677,1758897556.980455677,/studio/rotor_avg_rpm.mean_rpm,1305.2300720214844
0.26145765400000004,1758897556.980457654,/studio/rotor_avg_rpm.mean_rpm,1292.846923828125
0.262321629,1758897556.981321629,/studio/rotor_avg_rpm.mean_rpm,1293.2658386230469
0.263425069,1758897556.982425069,/studio/rotor_avg_rpm.mean_rpm,1302.2193603515625
0.264734943,1758897556.983734943,/studio/rotor_avg_rpm.mean_rpm,1293.97265625
0.265588871,1758897556.984588871,/studio/rotor_avg_rpm.mean_rpm,1305.5704345703125
0.26666564600000003,1758897556.985665646,/studio/rotor_avg_rpm.mean_rpm,1298.5018615722656
0.268231822,1758897556.987231822,/studio/rotor_avg_rpm.mean_rpm,1299.6013793945312
0.269122535,1758897556.988122535,/studio/rotor_avg_rpm.mean_rpm,1302.2455749511719
0.270204423,1758897556.989204423,/studio/rotor_avg_rpm.mean_rpm,1301.8528442382812
0.271368789,1758897556.990368789,/studio/rotor_avg_rpm.mean_rpm,1303.3713073730469
0.27137094100000003,1758897556.990370941,/studio/rotor_avg_rpm.mean_rpm,1309.7068786621094
0.27241281300000003,1758897556.991412813,/studio/rotor_avg_rpm.mean_rpm,1295.5173034667969
0.27383651200000003,1758897556.992836512,/studio/rotor_avg_rpm.mean_rpm,1297.3499145507812
0.274707639,1758897556.993707639,/studio/rotor_avg_rpm.mean_rpm,1304.4708557128906
0.27615335500000004,1758897556.995153355,/studio/rotor_avg_rpm.mean_rpm,1316.068603515625
0.27745416300000003,1758897556.996454163,/studio/rotor_avg_rpm.mean_rpm,1303.3451232910156
0.277456737,1758897556.996456737,/studio/rotor_avg_rpm.mean_rpm,1306.3296508789062
0.278452715,1758897556.997452715,/studio/rotor_avg_rpm.mean_rpm,1305.2038879394531
0.27970889200000004,1758897556.998708892,/studio/rotor_avg_rpm.mean_rpm,1314.5763549804688
0.280714203,1758897556.999714203,/studio/rotor_avg_rpm.mean_rpm,1305.5966186523438
0.28149211100000004,1758897557.000492111,/studio/rotor_avg_rpm.mean_rpm,1307.4815673828125
0.283058421,1758897557.002058421,/studio/rotor_avg_rpm.mean_rpm,1310.4399108886719
0.283954943,1758897557.002954943,/studio/rotor_avg_rpm.mean_rpm,1306.6961669921875
0.284792252,1758897557.003792252,/studio/rotor_avg_rpm.mean_rpm,1319.0531005859375
0.286348249,1758897557.005348249,/studio/rotor_avg_rpm.mean_rpm,1309.7330627441406
0.28743528300000004,1758897557.006435283,/studio/rotor_avg_rpm.mean_rpm,1305.9631042480469
0.28850955500000003,1758897557.007509555,/studio/rotor_avg_rpm.mean_rpm,1307.8218994140625
0.288556493,1758897557.007556493,/studio/rotor_avg_rpm.mean_rpm,1317.5608520507812
0.2896424,1758897557.008642400,/studio/rotor_avg_rpm.mean_rpm,1315.6758728027344
0.29124382200000004,1758897557.010243822,/studio/rotor_avg_rpm.mean_rpm,1312.3248596191406
0.291989536,1758897557.010989536,/studio/rotor_avg_rpm.mean_rpm,1314.94287109375
0.29294607300000003,1758897557.011946073,/studio/rotor_avg_rpm.mean_rpm,1319.0793151855469
0.29400296600000003,1758897557.013002966,/studio/rotor_avg_rpm.mean_rpm,1325.0221862792969
0.294871849,1758897557.013871849,/studio/rotor_avg_rpm.mean_rpm,1315.283203125
0.29635447600000003,1758897557.015354476,/studio/rotor_avg_rpm.mean_rpm,1318.6866149902344
0.297314195,1758897557.016314195,/studio/rotor_avg_rpm.mean_rpm,1326.5144653320312
0.298101579,1758897557.017101579,/studio/rotor_avg_rpm.mean_rpm,1316.4613037109375
0.299997479,1758897557.018997479,/studio/rotor_avg_rpm.mean_rpm,1320.5715637207031
0.300003876,1758897557.019003876,/studio/rotor_avg_rpm.mean_rpm,1324.6556396484375
0.301538267,1758897557.020538267,/studio/rotor_avg_rpm.mean_rpm,1328.7921142578125
0.301540866,1758897557.020540866,/studio/rotor_avg_rpm.mean_rpm,1324.6818237304688
0.302591846,1758897557.021591846,/studio/rotor_avg_rpm.mean_rpm,1324.6556701660156
0.303682844,1758897557.022682844,/studio/rotor_avg_rpm.mean_rpm,1321.671142578125
0.30492076500000004,1758897557.023920765,/studio/rotor_avg_rpm.mean_rpm,1328.0328369140625
0.305856238,1758897557.024856238,/studio/rotor_avg_rpm.mean_rpm,1329.1585998535156
0.307106276,1758897557.026106276,/studio/rotor_avg_rpm.mean_rpm,1329.525146484375
0.308154729,1758897557.027154729,/studio/rotor_avg_rpm.mean_rpm,1327.6663513183594
0.309284659,1758897557.028284659,/studio/rotor_avg_rpm.mean_rpm,1334.0281066894531
0.31063793,1758897557.029637930,/studio/rotor_avg_rpm.mean_rpm,1336.619873046875
0.311619376,1758897557.030619376,/studio/rotor_avg_rpm.mean_rpm,1336.6461181640625
0.311670643,1758897557.030670643,/studio/rotor_avg_rpm.mean_rpm,1342.9816589355469
0.312579916,1758897557.031579916,/studio/rotor_avg_rpm.mean_rpm,1330.65087890625
0.313555481,1758897557.032555481,/studio/rotor_avg_rpm.mean_rpm,1343.7146606445312
0.31479940900000003,1758897557.033799409,/studio/rotor_avg_rpm.mean_rpm,1332.1693420410156
0.315759448,1758897557.034759448,/studio/rotor_avg_rpm.mean_rpm,1335.1538391113281
0.31685366200000004,1758897557.035853662,/studio/rotor_avg_rpm.mean_rpm,1341.9082946777344
0.31819244500000005,1758897557.037192445,/studio/rotor_avg_rpm.mean_rpm,1340.3898315429688
0.319590068,1758897557.038590068,/studio/rotor_avg_rpm.mean_rpm,1336.9864196777344
0.319593192,1758897557.038593192,/studio/rotor_avg_rpm.mean_rpm,1344.8666076660156
0.32153605100000004,1758897557.040536051,/studio/rotor_avg_rpm.mean_rpm,1335.8606872558594
0.32489954200000004,1758897557.043899542,/studio/rotor_avg_rpm.mean_rpm,1345.5996398925781
0.32490245,1758897557.043902450,/studio/rotor_avg_rpm.mean_rpm,1338.5310668945312
0.32490430600000003,1758897557.043904306,/studio/rotor_avg_rpm.mean_rpm,1350.8618469238281
0.326273658,1758897557.045273658,/studio/rotor_avg_rpm.mean_rpm,1352.3279113769531
0.32627746700000004,1758897557.045277467,/studio/rotor_avg_rpm.mean_rpm,1345.9661254882812
0.32731208900000003,1758897557.046312089,/studio/rotor_avg_rpm.mean_rpm,1351.5948486328125
0.32828979,1758897557.047289790,/studio/rotor_avg_rpm.mean_rpm,1349.736083984375
0.329950442,1758897557.048950442,/studio/rotor_avg_rpm.mean_rpm,1359.0823364257812
0.32997078300000005,1758897557.048970783,/studio/rotor_avg_rpm.mean_rpm,1356.0716247558594
0.332070847,1758897557.051070847,/studio/rotor_avg_rpm.mean_rpm,1351.5948791503906
0.33207967800000004,1758897557.051079678,/studio/rotor_avg_rpm.mean_rpm,1353.0871276855469
0.333974683,1758897557.052974683,/studio/rotor_avg_rpm.mean_rpm,1360.9411315917969
0.333976777,1758897557.052976777,/studio/rotor_avg_rpm.mean_rpm,1367.3028564453125
0.334791455,1758897557.053791455,/studio/rotor_avg_rpm.mean_rpm,1357.9566040039062
0.335649788,1758897557.054649788,/studio/rotor_avg_rpm.mean_rpm,1357.9566040039062
0.336723131,1758897557.055723131,/studio/rotor_avg_rpm.mean_rpm,1359.05615234375
0.33827839600000004,1758897557.057278396,/studio/rotor_avg_rpm.mean_rpm,1367.3028564453125
0.34024412200000004,1758897557.059244122,/studio/rotor_avg_rpm.mean_rpm,1362.8260803222656
0.34030255200000004,1758897557.059302552,/studio/rotor_avg_rpm.mean_rpm,1360.2080993652344
0.34150001300000005,1758897557.060500013,/studio/rotor_avg_rpm.mean_rpm,1372.17236328125
0.34242287000000005,1758897557.061422870,/studio/rotor_avg_rpm.mean_rpm,1369.1878356933594
0.343472846,1758897557.062472846,/studio/rotor_avg_rpm.mean_rpm,1377.4083251953125
0.344874811,1758897557.063874811,/studio/rotor_avg_rpm.mean_rpm,1374.4237976074219
0.344876895,1758897557.063876895,/studio/rotor_avg_rpm.mean_rpm,1376.6753234863281
0.345775761,1758897557.064775761,/studio/rotor_avg_rpm.mean_rpm,1372.1723327636719
0.347179167,1758897557.066179167,/studio/rotor_avg_rpm.mean_rpm,1381.152099609375
0.34816799000000004,1758897557.067167990,/studio/rotor_avg_rpm.mean_rpm,1370.2873840332031
0.349147939,1758897557.068147939,/studio/rotor_avg_rpm.mean_rpm,1374.3976440429688
0.35017367600000004,1758897557.069173676,/studio/rotor_avg_rpm.mean_rpm,1377.7748413085938
0.351602252,1758897557.070602252,/studio/rotor_avg_rpm.mean_rpm,1387.1211242675781
0.355104458,1758897557.074104458,/studio/rotor_avg_rpm.mean_rpm,1386.7807922363281
0.35510709100000004,1758897557.074107091,/studio/rotor_avg_rpm.mean_rpm,1381.8851013183594
0.355109029,1758897557.074109029,/studio/rotor_avg_rpm.mean_rpm,1378.1413879394531
0.355110712,1758897557.074110712,/studio/rotor_avg_rpm.mean_rpm,1389.3725891113281
0.35681104500000005,1758897557.075811045,/studio/rotor_avg_rpm.mean_rpm,1389.3464050292969
0.35681285700000004,1758897557.075812857,/studio/rotor_avg_rpm.mean_rpm,1385.2361755371094
0.35815739900000004,1758897557.077157399,/studio/rotor_avg_rpm.mean_rpm,1383.7438659667969
0.36146890200000004,1758897557.080468902,/studio/rotor_avg_rpm.mean_rpm,1386.3618774414062
0.36147120800000004,1758897557.080471208,/studio/rotor_avg_rpm.mean_rpm,1388.2206726074219
0.36147294700000004,1758897557.080472947,/studio/rotor_avg_rpm.mean_rpm,1390.4721374511719
0.36287771100000005,1758897557.081877711,/studio/rotor_avg_rpm.mean_rpm,1388.6133422851562
0.362897833,1758897557.081897833,/studio/rotor_avg_rpm.mean_rpm,1388.9798889160156
0.36631764,1758897557.085317640,/studio/rotor_avg_rpm.mean_rpm,1387.8541564941406
0.366319714,1758897557.085319714,/studio/rotor_avg_rpm.mean_rpm,1403.954833984375
0.366320652,1758897557.085320652,/studio/rotor_avg_rpm.mean_rpm,1387.8541564941406
0.367248201,1758897557.086248201,/studio/rotor_avg_rpm.mean_rpm,1394.97509765625
0.36818844900000003,1758897557.087188449,/studio/rotor_avg_rpm.mean_rpm,1395.3677978515625
0.36952310800000004,1758897557.088523108,/studio/rotor_avg_rpm.mean_rpm,1397.6193237304688
0.37053555400000004,1758897557.089535554,/studio/rotor_avg_rpm.mean_rpm,1403.5621337890625
0.37153424100000004,1758897557.090534241,/studio/rotor_avg_rpm.mean_rpm,1403.58837890625
0.373344958,1758897557.092344958,/studio/rotor_avg_rpm.mean_rpm,1390.5245361328125
0.373347576,1758897557.092347576,/studio/rotor_avg_rpm.mean_rpm,1399.4780578613281
0.374750112,1758897557.093750112,/studio/rotor_avg_rpm.mean_rpm,1400.2373352050781
0.375571109,1758897557.094571109,/studio/rotor_avg_rpm.mean_rpm,1405.0544128417969
0.37668822500000004,1758897557.095688225,/studio/rotor_avg_rpm.mean_rpm,1399.4780883789062
0.37810756500000003,1758897557.097107565,/studio/rotor_avg_rpm.mean_rpm,1403.2218322753906
0.378110321,1758897557.097110321,/studio/rotor_avg_rpm.mean_rpm,1405.4471130371094
0.37900597,1758897557.098005970,/studio/rotor_avg_rpm.mean_rpm,1410.2904052734375
0.380054204,1758897557.099054204,/studio/rotor_avg_rpm.mean_rpm,1407.6986083984375
0.38149908600000004,1758897557.100499086,/studio/rotor_avg_rpm.mean_rpm,1407.3058776855469
0.382317346,1758897557.101317346,/studio/rotor_avg_rpm.mean_rpm,1411.0496520996094
0.383497756,1758897557.102497756,/studio/rotor_avg_rpm.mean_rpm,1414.0341186523438
0.384908552,1758897557.103908552,/studio/rotor_avg_rpm.mean_rpm,1413.6937866210938
0.38673497900000003,1758897557.105734979,/studio/rotor_avg_rpm.mean_rpm,1407.6724243164062
0.386736927,1758897557.105736927,/studio/rotor_avg_rpm.mean_rpm,1412.5680541992188
0.388124364,1758897557.107124364,/studio/rotor_avg_rpm.mean_rpm,1414.4268493652344
0.38813252200000004,1758897557.107132522,/studio/rotor_avg_rpm.mean_rpm,1418.537109375
0.388928857,1758897557.107928857,/studio/rotor_avg_rpm.mean_rpm,1414.0341491699219
0.39188788300000005,1758897557.110887883,/studio/rotor_avg_rpm.mean_rpm,1417.7778930664062
0.391891146,1758897557.110891146,/studio/rotor_avg_rpm.mean_rpm,1410.6831359863281
0.395037048,1758897557.114037048,/studio/rotor_avg_rpm.mean_rpm,1421.1551513671875
0.395038579,1758897557.114038579,/studio/rotor_avg_rpm.mean_rpm,1419.662841796875
0.39504092100000004,1758897557.114040921,/studio/rotor_avg_rpm.mean_rpm,1421.1551208496094
0.39504254200000005,1758897557.114042542,/studio/rotor_avg_rpm.mean_rpm,1424.8988647460938
0.396811774,1758897557.115811774,/studio/rotor_avg_rpm.mean_rpm,1424.5323486328125
0.39806341500000003,1758897557.117063415,/studio/rotor_avg_rpm.mean_rpm,1428.6426391601562
0.39806562700000003,1758897557.117065627,/studio/rotor_avg_rpm.mean_rpm,1417.411376953125
0.399242973,1758897557.118242973,/studio/rotor_avg_rpm.mean_rpm,1432.3601379394531
0.400328271,1758897557.119328271,/studio/rotor_avg_rpm.mean_rpm,1424.5061340332031
0.40143325100000005,1758897557.120433251,/studio/rotor_avg_rpm.mean_rpm,1431.6271362304688
0.40248905900000004,1758897557.121489059,/studio/rotor_avg_rpm.mean_rpm,1427.8833618164062
0.403633925,1758897557.122633925,/studio/rotor_avg_rpm.mean_rpm,1425.6580810546875
0.404896617,1758897557.123896617,/studio/rotor_avg_rpm.mean_rpm,1426.39111328125
0.40587831700000004,1758897557.124878317,/studio/rotor_avg_rpm.mean_rpm,1433.4859008789062
0.40703748700000003,1758897557.126037487,/studio/rotor_avg_rpm.mean_rpm,1431.2344055175781
0.40704803700000003,1758897557.126048037,/studio/rotor_avg_rpm.mean_rpm,1430.8678894042969
0.408208989,1758897557.127208989,/studio/rotor_avg_rpm.mean_rpm,1430.5013732910156
0.409235701,1758897557.128235701,/studio/rotor_avg_rpm.mean_rpm,1430.5013732910156
0.41025135700000004,1758897557.129251357,/studio/rotor_avg_rpm.mean_rpm,1434.9781494140625
0.413529688,1758897557.132529688,/studio/rotor_avg_rpm.mean_rpm,1437.962646484375
0.413532051,1758897557.132532051,/studio/rotor_avg_rpm.mean_rpm,1430.1086730957031
0.41353330400000005,1758897557.132533304,/studio/rotor_avg_rpm.mean_rpm,1431.6271057128906
0.41505972700000004,1758897557.134059727,/studio/rotor_avg_rpm.mean_rpm,1440.6068725585938
0.415062317,1758897557.134062317,/studio/rotor_avg_rpm.mean_rpm,1434.6116333007812
0.416042687,1758897557.135042687,/studio/rotor_avg_rpm.mean_rpm,1430.1086730957031
0.41721945000000005,1758897557.136219450,/studio/rotor_avg_rpm.mean_rpm,1445.4501647949219
0.418041217,1758897557.137041217,/studio/rotor_avg_rpm.mean_rpm,1432.7528686523438
0.419559612,1758897557.138559612,/studio/rotor_avg_rpm.mean_rpm,1442.4656372070312
0.42091557,1758897557.139915570,/studio/rotor_avg_rpm.mean_rpm,1443.9841003417969
0.43850458200000003,1758897557.157504582,/studio/rotor_avg_rpm.mean_rpm,1435.711181640625
0.438509217,1758897557.157509217,/studio/rotor_avg_rpm.mean_rpm,1448.4608459472656
0.438581979,1758897557.157581979,/studio/rotor_avg_rpm.mean_rpm,1444.3244018554688
0.43858469200000005,1758897557.157584692,/studio/rotor_avg_rpm.mean_rpm,1439.0884094238281
0.43858679,1758897557.157586790,/studio/rotor_avg_rpm.mean_rpm,1435.7373657226562
0.438592698,1758897557.157592698,/studio/rotor_avg_rpm.mean_rpm,1449.5604248046875
0.438594333,1758897557.157594333,/studio/rotor_avg_rpm.mean_rpm,1450.3196105957031
0.43859647700000004,1758897557.157596477,/studio/rotor_avg_rpm.mean_rpm,1456.6813659667969
0.438598341,1758897557.157598341,/studio/rotor_avg_rpm.mean_rpm,1441.3399047851562
0.438604033,1758897557.157604033,/studio/rotor_avg_rpm.mean_rpm,1443.2248840332031
0.438605528,1758897557.157605528,/studio/rotor_avg_rpm.mean_rpm,1449.1938781738281
0.438607733,1758897557.157607733,/studio/rotor_avg_rpm.mean_rpm,1445.0836181640625
0.438609517,1758897557.157609517,/studio/rotor_avg_rpm.mean_rpm,1446.1831970214844
0.43861240300000004,1758897557.157612403,/studio/rotor_avg_rpm.mean_rpm,1449.5603942871094
0.438619635,1758897557.157619635,/studio/rotor_avg_rpm.mean_rpm,1453.6968688964844
0.438622175,1758897557.157622175,/studio/rotor_avg_rpm.mean_rpm,1450.6861572265625
0.43865641000000005,1758897557.157656410,/studio/rotor_avg_rpm.mean_rpm,1453.6706848144531
0.44272524,1758897557.161725240,/studio/rotor_avg_rpm.mean_rpm,1451.8380737304688
0.44272731800000004,1758897557.161727318,/studio/rotor_avg_rpm.mean_rpm,1450.7123413085938
0.442729588,1758897557.161729588,/studio/rotor_avg_rpm.mean_rpm,1462.3100891113281
0.44273179,1758897557.161731790,/studio/rotor_avg_rpm.mean_rpm,1451.0526428222656
0.44273408900000005,1758897557.161734089,/studio/rotor_avg_rpm.mean_rpm,1454.0372009277344
0.443381256,1758897557.162381256,/studio/rotor_avg_rpm.mean_rpm,1450.7123107910156
0.444730557,1758897557.163730557,/studio/rotor_avg_rpm.mean_rpm,1457.8070983886719
0.44623886700000004,1758897557.165238867,/studio/rotor_avg_rpm.mean_rpm,1460.4251098632812
0.44625675200000003,1758897557.165256752,/studio/rotor_avg_rpm.mean_rpm,1458.5663146972656
0.447164025,1758897557.166164025,/studio/rotor_avg_rpm.mean_rpm,1460.4251098632812
0.44820318000000003,1758897557.167203180,/studio/rotor_avg_rpm.mean_rpm,1461.9173889160156
0.449525208,1758897557.168525208,/studio/rotor_avg_rpm.mean_rpm,1456.681396484375
0.45052836900000004,1758897557.169528369,/studio/rotor_avg_rpm.mean_rpm,1469.0121765136719
0.45155817000000004,1758897557.170558170,/studio/rotor_avg_rpm.mean_rpm,1461.1581420898438
0.45288575600000003,1758897557.171885756,/studio/rotor_avg_rpm.mean_rpm,1467.1533508300781
0.45410103,1758897557.173101030,/studio/rotor_avg_rpm.mean_rpm,1466.3941345214844
0.45507910500000004,1758897557.174079105,/studio/rotor_avg_rpm.mean_rpm,1464.5353698730469
0.45666688800000005,1758897557.175666888,/studio/rotor_avg_rpm.mean_rpm,1460.39892578125
0.45667125500000005,1758897557.175671255,/studio/rotor_avg_rpm.mean_rpm,1462.3100891113281
0.458136476,1758897557.177136476,/studio/rotor_avg_rpm.mean_rpm,1470.1116943359375
0.45993767100000005,1758897557.178937671,/studio/rotor_avg_rpm.mean_rpm,1471.9967041015625
0.45994043700000004,1758897557.178940437,/studio/rotor_avg_rpm.mean_rpm,1473.4889221191406
0.461436997,1758897557.180436997,/studio/rotor_avg_rpm.mean_rpm,1472.7297058105469
0.46328943100000003,1758897557.182289431,/studio/rotor_avg_rpm.mean_rpm,1476.10693359375
0.463297622,1758897557.182297622,/studio/rotor_avg_rpm.mean_rpm,1476.10693359375
0.46329984900000004,1758897557.182299849,/studio/rotor_avg_rpm.mean_rpm,1464.1426696777344
0.46483757900000006,1758897557.183837579,/studio/rotor_avg_rpm.mean_rpm,1472.7297058105469
0.46654929100000003,1758897557.185549291,/studio/rotor_avg_rpm.mean_rpm,1479.1176147460938
0.46655211100000005,1758897557.185552111,/studio/rotor_avg_rpm.mean_rpm,1477.9919128417969
0.46748501800000003,1758897557.186485018,/studio/rotor_avg_rpm.mean_rpm,1476.1331481933594
0.468765056,1758897557.187765056,/studio/rotor_avg_rpm.mean_rpm,1475.0073547363281
0.46982458600000004,1758897557.188824586,/studio/rotor_avg_rpm.mean_rpm,1483.5944213867188
0.47148366300000005,1758897557.190483663,/studio/rotor_avg_rpm.mean_rpm,1486.9716491699219
0.47148930800000005,1758897557.190489308,/studio/rotor_avg_rpm.mean_rpm,1471.6301574707031
0.47314673900000004,1758897557.192146739,/studio/rotor_avg_rpm.mean_rpm,1483.2278747558594
0.474184796,1758897557.193184796,/studio/rotor_avg_rpm.mean_rpm,1475.7665710449219
0.475100067,1758897557.194100067,/studio/rotor_avg_rpm.mean_rpm,1479.1176452636719
0.47510552400000006,1758897557.194105524,/studio/rotor_avg_rpm.mean_rpm,1483.2279052734375
0.476508949,1758897557.195508949,/studio/rotor_avg_rpm.mean_rpm,1482.494873046875
0.47749822000000003,1758897557.196498220,/studio/rotor_avg_rpm.mean_rpm,1487.7046508789062
0.47848578700000005,1758897557.197485787,/studio/rotor_avg_rpm.mean_rpm,1486.9716491699219
0.48027724600000005,1758897557.199277246,/studio/rotor_avg_rpm.mean_rpm,1485.4793701171875
0.481438968,1758897557.200438968,/studio/rotor_avg_rpm.mean_rpm,1481.7356262207031
0.481441165,1758897557.200441165,/studio/rotor_avg_rpm.mean_rpm,1485.4793701171875
0.48305980800000003,1758897557.202059808,/studio/rotor_avg_rpm.mean_rpm,1494.7994384765625
0.48408263300000004,1758897557.203082633,/studio/rotor_avg_rpm.mean_rpm,1489.9561157226562
0.485046346,1758897557.204046346,/studio/rotor_avg_rpm.mean_rpm,1487.7046508789062
0.486435832,1758897557.205435832,/studio/rotor_avg_rpm.mean_rpm,1492.2076416015625
0.48644244000000003,1758897557.205442440,/studio/rotor_avg_rpm.mean_rpm,1494.4591064453125
0.487535372,1758897557.206535372,/studio/rotor_avg_rpm.mean_rpm,1491.0818786621094
0.48859428800000004,1758897557.207594288,/studio/rotor_avg_rpm.mean_rpm,1497.8363342285156
0.48994250400000006,1758897557.208942504,/studio/rotor_avg_rpm.mean_rpm,1490.3226928710938
0.49080946500000006,1758897557.209809465,/studio/rotor_avg_rpm.mean_rpm,1492.2076110839844
0.49166923100000004,1758897557.210669231,/studio/rotor_avg_rpm.mean_rpm,1498.2028503417969
0.49307642700000004,1758897557.212076427,/studio/rotor_avg_rpm.mean_rpm,1504.5646057128906
0.49405645400000003,1758897557.213056454,/studio/rotor_avg_rpm.mean_rpm,1501.1873474121094
0.49511823400000005,1758897557.214118234,/studio/rotor_avg_rpm.mean_rpm,1492.600341796875
0.49634692,1758897557.215346920,/studio/rotor_avg_rpm.mean_rpm,1500.454345703125
0.49635021100000004,1758897557.215350211,/studio/rotor_avg_rpm.mean_rpm,1504.1719055175781
0.49752027800000004,1758897557.216520278,/studio/rotor_avg_rpm.mean_rpm,1498.5693969726562
0.498586666,1758897557.217586666,/studio/rotor_avg_rpm.mean_rpm,1500.0616455078125
0.49963789000000003,1758897557.218637890,/studio/rotor_avg_rpm.mean_rpm,1502.3131103515625
0.500677083,1758897557.219677083,/studio/rotor_avg_rpm.mean_rpm,1503.8053588867188
0.501404604,1758897557.220404604,/studio/rotor_avg_rpm.mean_rpm,1510.5336303710938
0.503003086,1758897557.222003086,/studio/rotor_avg_rpm.mean_rpm,1500.0616455078125
0.504240688,1758897557.223240688,/studio/rotor_avg_rpm.mean_rpm,1496.3179016113281
0.505709618,1758897557.224709618,/studio/rotor_avg_rpm.mean_rpm,1509.43408203125
0.505717034,1758897557.224717034,/studio/rotor_avg_rpm.mean_rpm,1508.6486511230469
0.50720765,1758897557.226207650,/studio/rotor_avg_rpm.mean_rpm,1498.9359130859375
0.508055244,1758897557.227055244,/studio/rotor_avg_rpm.mean_rpm,1510.900146484375
0.509582361,1758897557.228582361,/studio/rotor_avg_rpm.mean_rpm,1507.9156494140625
0.509585081,1758897557.228585081,/studio/rotor_avg_rpm.mean_rpm,1510.5336303710938
0.511262003,1758897557.230262003,/studio/rotor_avg_rpm.mean_rpm,1500.0616455078125
0.512140409,1758897557.231140409,/studio/rotor_avg_rpm.mean_rpm,1510.5336608886719
0.5121441830000001,1758897557.231144183,/studio/rotor_avg_rpm.mean_rpm,1518.754150390625
0.514261137,1758897557.233261137,/studio/rotor_avg_rpm.mean_rpm,1514.27734375
0.514311142,1758897557.233311142,/studio/rotor_avg_rpm.mean_rpm,1511.6593627929688
0.515395198,1758897557.234395198,/studio/rotor_avg_rpm.mean_rpm,1517.9949035644531
0.51645483,1758897557.235454830,/studio/rotor_avg_rpm.mean_rpm,1515.0104370117188
0.5178924340000001,1758897557.236892434,/studio/rotor_avg_rpm.mean_rpm,1518.754150390625
0.520012131,1758897557.239012131,/studio/rotor_avg_rpm.mean_rpm,1525.1158752441406
0.5200181070000001,1758897557.239018107,/studio/rotor_avg_rpm.mean_rpm,1509.7743835449219
0.52136116,1758897557.240361160,/studio/rotor_avg_rpm.mean_rpm,1512.02587890625
0.521386313,1758897557.240386313,/studio/rotor_avg_rpm.mean_rpm,1508.308349609375
0.522429049,1758897557.241429049,/studio/rotor_avg_rpm.mean_rpm,1516.52880859375
0.5240692760000001,1758897557.243069276,/studio/rotor_avg_rpm.mean_rpm,1508.648681640625
0.524938331,1758897557.243938331,/studio/rotor_avg_rpm.mean_rpm,1515.403076171875
0.5267211350000001,1758897557.245721135,/studio/rotor_avg_rpm.mean_rpm,1519.4871826171875
0.526723277,1758897557.245723277,/studio/rotor_avg_rpm.mean_rpm,1520.6129150390625
0.528032821,1758897557.247032821,/studio/rotor_avg_rpm.mean_rpm,1516.1361694335938
0.528885852,1758897557.247885852,/studio/rotor_avg_rpm.mean_rpm,1515.4031066894531
0.530053533,1758897557.249053533,/studio/rotor_avg_rpm.mean_rpm,1514.6438598632812
0.531349489,1758897557.250349489,/studio/rotor_avg_rpm.mean_rpm,1521.3721313476562
0.532231891,1758897557.251231891,/studio/rotor_avg_rpm.mean_rpm,1513.1516418457031
0.533554168,1758897557.252554168,/studio/rotor_avg_rpm.mean_rpm,1519.4871826171875
0.533559051,1758897557.252559051,/studio/rotor_avg_rpm.mean_rpm,1516.8691711425781
0.534632214,1758897557.253632214,/studio/rotor_avg_rpm.mean_rpm,1519.5133666992188
0.535989146,1758897557.254989146,/studio/rotor_avg_rpm.mean_rpm,1524.3566589355469
0.537055845,1758897557.256055845,/studio/rotor_avg_rpm.mean_rpm,1522.4716796875
0.538058111,1758897557.257058111,/studio/rotor_avg_rpm.mean_rpm,1524.3566589355469
0.539381114,1758897557.258381114,/studio/rotor_avg_rpm.mean_rpm,1517.6283874511719
0.540820347,1758897557.259820347,/studio/rotor_avg_rpm.mean_rpm,1526.9747009277344
0.540822903,1758897557.259822903,/studio/rotor_avg_rpm.mean_rpm,1526.9746704101562
0.541667894,1758897557.260667894,/studio/rotor_avg_rpm.mean_rpm,1515.3769226074219
0.5426891060000001,1758897557.261689106,/studio/rotor_avg_rpm.mean_rpm,1528.4931030273438
0.54372953,1758897557.262729530,/studio/rotor_avg_rpm.mean_rpm,1531.0849609375
0.5446509190000001,1758897557.263650919,/studio/rotor_avg_rpm.mean_rpm,1522.1313781738281
0.546031955,1758897557.265031955,/studio/rotor_avg_rpm.mean_rpm,1528.1004028320312
0.547064035,1758897557.266064035,/studio/rotor_avg_rpm.mean_rpm,1526.2416381835938
0.548072338,1758897557.267072338,/studio/rotor_avg_rpm.mean_rpm,1528.1004028320312
0.5494111420000001,1758897557.268411142,/studio/rotor_avg_rpm.mean_rpm,1523.5974426269531
0.550422509,1758897557.269422509,/studio/rotor_avg_rpm.mean_rpm,1522.1051940917969
0.55135385,1758897557.270353850,/studio/rotor_avg_rpm.mean_rpm,1532.2106628417969
0.55268691,1758897557.271686910,/studio/rotor_avg_rpm.mean_rpm,1522.8644104003906
0.552689457,1758897557.271689457,/studio/rotor_avg_rpm.mean_rpm,1527.3673706054688
0.5537314050000001,1758897557.272731405,/studio/rotor_avg_rpm.mean_rpm,1531.0849304199219
0.5547169630000001,1758897557.273716963,/studio/rotor_avg_rpm.mean_rpm,1527.7339172363281
0.556049217,1758897557.275049217,/studio/rotor_avg_rpm.mean_rpm,1533.3363952636719
0.5570896980000001,1758897557.276089698,/studio/rotor_avg_rpm.mean_rpm,1528.8596496582031
0.5583789960000001,1758897557.277378996,/studio/rotor_avg_rpm.mean_rpm,1533.3363952636719
0.560380563,1758897557.279380563,/studio/rotor_avg_rpm.mean_rpm,1532.2106628417969
0.560389527,1758897557.279389527,/studio/rotor_avg_rpm.mean_rpm,1535.587890625
0.5612650100000001,1758897557.280265010,/studio/rotor_avg_rpm.mean_rpm,1535.5617065429688
0.562718809,1758897557.281718809,/studio/rotor_avg_rpm.mean_rpm,1533.7029418945312
0.562721003,1758897557.281721003,/studio/rotor_avg_rpm.mean_rpm,1541.5569152832031
0.564061644,1758897557.283061644,/studio/rotor_avg_rpm.mean_rpm,1534.4621887207031
0.5659898280000001,1758897557.284989828,/studio/rotor_avg_rpm.mean_rpm,1542.3161315917969
0.565993552,1758897557.284993552,/studio/rotor_avg_rpm.mean_rpm,1528.8595886230469
0.5670373280000001,1758897557.286037328,/studio/rotor_avg_rpm.mean_rpm,1546.0598754882812
0.568163647,1758897557.287163647,/studio/rotor_avg_rpm.mean_rpm,1543.8084106445312
0.569339216,1758897557.288339216,/studio/rotor_avg_rpm.mean_rpm,1535.1952209472656
0.5704985490000001,1758897557.289498549,/studio/rotor_avg_rpm.mean_rpm,1543.0753479003906
0.571608556,1758897557.290608556,/studio/rotor_avg_rpm.mean_rpm,1544.9341430664062
0.5728625460000001,1758897557.291862546,/studio/rotor_avg_rpm.mean_rpm,1543.8084106445312
0.5728647680000001,1758897557.291864768,/studio/rotor_avg_rpm.mean_rpm,1540.0908813476562
0.5740962110000001,1758897557.293096211,/studio/rotor_avg_rpm.mean_rpm,1552.7881774902344
0.5751052870000001,1758897557.294105287,/studio/rotor_avg_rpm.mean_rpm,1551.2958984375
0.5763398700000001,1758897557.295339870,/studio/rotor_avg_rpm.mean_rpm,1557.6576538085938
0.577347115,1758897557.296347115,/studio/rotor_avg_rpm.mean_rpm,1547.9448852539062
0.57844751,1758897557.297447510,/studio/rotor_avg_rpm.mean_rpm,1554.2804260253906
0.57961712,1758897557.298617120,/studio/rotor_avg_rpm.mean_rpm,1557.2649230957031
0.579626305,1758897557.298626305,/studio/rotor_avg_rpm.mean_rpm,1561.4013671875
0.5807144630000001,1758897557.299714463,/studio/rotor_avg_rpm.mean_rpm,1551.6885681152344
0.5815326940000001,1758897557.300532694,/studio/rotor_avg_rpm.mean_rpm,1544.5676574707031
0.58287003,1758897557.301870030,/studio/rotor_avg_rpm.mean_rpm,1552.0289001464844
0.583794465,1758897557.302794465,/studio/rotor_avg_rpm.mean_rpm,1556.1391906738281
0.584745331,1758897557.303745331,/studio/rotor_avg_rpm.mean_rpm,1554.6469116210938
0.58664819,1758897557.305648190,/studio/rotor_avg_rpm.mean_rpm,1554.673095703125
0.587921708,1758897557.306921708,/studio/rotor_avg_rpm.mean_rpm,1547.5521545410156
0.587923419,1758897557.306923419,/studio/rotor_avg_rpm.mean_rpm,1559.9091186523438
0.588850049,1758897557.307850049,/studio/rotor_avg_rpm.mean_rpm,1559.5164184570312
0.5899096020000001,1758897557.308909602,/studio/rotor_avg_rpm.mean_rpm,1560.6421508789062
0.591327473,1758897557.310327473,/studio/rotor_avg_rpm.mean_rpm,1568.129638671875
0.592144766,1758897557.311144766,/studio/rotor_avg_rpm.mean_rpm,1568.8627014160156
0.593275875,1758897557.312275875,/studio/rotor_avg_rpm.mean_rpm,1560.6421508789062
0.594646506,1758897557.313646506,/studio/rotor_avg_rpm.mean_rpm,1564.3858947753906
0.59552651,1758897557.314526510,/studio/rotor_avg_rpm.mean_rpm,1565.8781433105469
0.596685754,1758897557.315685754,/studio/rotor_avg_rpm.mean_rpm,1568.4961547851562
0.5992579250000001,1758897557.318257925,/studio/rotor_avg_rpm.mean_rpm,1568.8888549804688
0.5992591540000001,1758897557.318259154,/studio/rotor_avg_rpm.mean_rpm,1565.1451110839844
0.5992611710000001,1758897557.318261171,/studio/rotor_avg_rpm.mean_rpm,1562.527099609375
0.600138118,1758897557.319138118,/studio/rotor_avg_rpm.mean_rpm,1577.8424377441406
0.601159761,1758897557.320159761,/studio/rotor_avg_rpm.mean_rpm,1572.9991149902344
0.6022781690000001,1758897557.321278169,/studio/rotor_avg_rpm.mean_rpm,1575.5909423828125
0.60358685,1758897557.322586850,/studio/rotor_avg_rpm.mean_rpm,1572.6064147949219
0.6050851140000001,1758897557.324085114,/studio/rotor_avg_rpm.mean_rpm,1575.2244262695312
0.605154293,1758897557.324154293,/studio/rotor_avg_rpm.mean_rpm,1583.4449462890625
0.606307192,1758897557.325307192,/studio/rotor_avg_rpm.mean_rpm,1581.1934509277344
0.607325454,1758897557.326325454,/studio/rotor_avg_rpm.mean_rpm,1578.5754699707031
0.6081054370000001,1758897557.327105437,/studio/rotor_avg_rpm.mean_rpm,1577.8424377441406
0.609558999,1758897557.328558999,/studio/rotor_avg_rpm.mean_rpm,1580.8269348144531
0.6115383360000001,1758897557.330538336,/studio/rotor_avg_rpm.mean_rpm,1583.8114624023438
0.6115396780000001,1758897557.330539678,/studio/rotor_avg_rpm.mean_rpm,1586.8221435546875
0.61432157,1758897557.333321570,/studio/rotor_avg_rpm.mean_rpm,1589.4401550292969
0.6143246170000001,1758897557.333324617,/studio/rotor_avg_rpm.mean_rpm,1587.5813598632812
0.6143265250000001,1758897557.333326525,/studio/rotor_avg_rpm.mean_rpm,1590.1731872558594
0.615666475,1758897557.334666475,/studio/rotor_avg_rpm.mean_rpm,1588.7071228027344
0.617878052,1758897557.336878052,/studio/rotor_avg_rpm.mean_rpm,1585.3298645019531
0.617919683,1758897557.336919683,/studio/rotor_avg_rpm.mean_rpm,1584.9371948242188
0.617947086,1758897557.336947086,/studio/rotor_avg_rpm.mean_rpm,1590.5658874511719
0.619843251,1758897557.338843251,/studio/rotor_avg_rpm.mean_rpm,1596.9276123046875
0.619846941,1758897557.338846941,/studio/rotor_avg_rpm.mean_rpm,1594.6761474609375
0.6211840040000001,1758897557.340184004,/studio/rotor_avg_rpm.mean_rpm,1595.4353942871094
0.6237695320000001,1758897557.342769532,/studio/rotor_avg_rpm.mean_rpm,1589.0474548339844
0.6237715730000001,1758897557.342771573,/studio/rotor_avg_rpm.mean_rpm,1598.7864379882812
0.62457821,1758897557.343578210,/studio/rotor_avg_rpm.mean_rpm,1597.2941284179688
0.627198751,1758897557.346198751,/studio/rotor_avg_rpm.mean_rpm,1594.6761474609375
0.627200557,1758897557.346200557,/studio/rotor_avg_rpm.mean_rpm,1596.1683959960938
0.648160299,1758897557.367160299,/studio/rotor_avg_rpm.mean_rpm,1606.300048828125
0.648164461,1758897557.367164461,/studio/rotor_avg_rpm.mean_rpm,1607.7923583984375
0.6481837180000001,1758897557.367183718,/studio/rotor_avg_rpm.mean_rpm,1606.6404113769531
0.6481862,1758897557.367186200,/studio/rotor_avg_rpm.mean_rpm,1601.4305725097656
0.648187692,1758897557.367187692,/studio/rotor_avg_rpm.mean_rpm,1602.1636047363281
0.648191998,1758897557.367191998,/studio/rotor_avg_rpm.mean_rpm,1606.6665954589844
0.64819541,1758897557.367195410,/studio/rotor_avg_rpm.mean_rpm,1607.7661437988281
0.648198124,1758897557.367198124,/studio/rotor_avg_rpm.mean_rpm,1605.5408325195312
0.6482008300000001,1758897557.367200830,/studio/rotor_avg_rpm.mean_rpm,1603.2893676757812
0.648215681,1758897557.367215681,/studio/rotor_avg_rpm.mean_rpm,1614.4944152832031
0.648217689,1758897557.367217689,/studio/rotor_avg_rpm.mean_rpm,1608.8918762207031
0.6482191860000001,1758897557.367219186,/studio/rotor_avg_rpm.mean_rpm,1611.1434020996094
0.6482220510000001,1758897557.367222051,/studio/rotor_avg_rpm.mean_rpm,1601.4305725097656
0.648224491,1758897557.367224491,/studio/rotor_avg_rpm.mean_rpm,1616.7459106445312
0.6482297330000001,1758897557.367229733,/studio/rotor_avg_rpm.mean_rpm,1612.6617736816406
0.648231587,1758897557.367231587,/studio/rotor_avg_rpm.mean_rpm,1604.048583984375
0.6482547040000001,1758897557.367254704,/studio/rotor_avg_rpm.mean_rpm,1614.8870849609375
0.651329834,1758897557.370329834,/studio/rotor_avg_rpm.mean_rpm,1613.3686828613281
0.651333728,1758897557.370333728,/studio/rotor_avg_rpm.mean_rpm,1621.9819030761719
0.651341621,1758897557.370341621,/studio/rotor_avg_rpm.mean_rpm,1613.7875366210938
0.6513446460000001,1758897557.370344646,/studio/rotor_avg_rpm.mean_rpm,1619.3639221191406
0.6513465460000001,1758897557.370346546,/studio/rotor_avg_rpm.mean_rpm,1619.7565612792969
0.651348969,1758897557.370348969,/studio/rotor_avg_rpm.mean_rpm,1621.9819030761719
0.6513515550000001,1758897557.370351555,/studio/rotor_avg_rpm.mean_rpm,1624.9926147460938
0.6514367550000001,1758897557.370436755,/studio/rotor_avg_rpm.mean_rpm,1623.4741516113281
0.6530459430000001,1758897557.372045943,/studio/rotor_avg_rpm.mean_rpm,1615.9866638183594
0.653048292,1758897557.372048292,/studio/rotor_avg_rpm.mean_rpm,1625.359130859375
0.654493395,1758897557.373493395,/studio/rotor_avg_rpm.mean_rpm,1626.0921630859375
0.655293397,1758897557.374293397,/studio/rotor_avg_rpm.mean_rpm,1630.2024230957031
0.656889118,1758897557.375889118,/studio/rotor_avg_rpm.mean_rpm,1624.5998840332031
0.656901307,1758897557.375901307,/studio/rotor_avg_rpm.mean_rpm,1626.8513488769531
0.658327352,1758897557.377327352,/studio/rotor_avg_rpm.mean_rpm,1636.9568481445312
0.659256912,1758897557.378256912,/studio/rotor_avg_rpm.mean_rpm,1630.5689392089844
0.661426433,1758897557.380426433,/studio/rotor_avg_rpm.mean_rpm,1635.8311157226562
0.662277784,1758897557.381277784,/studio/rotor_avg_rpm.mean_rpm,1630.5951232910156
0.662282353,1758897557.381282353,/studio/rotor_avg_rpm.mean_rpm,1639.6010437011719
0.663818322,1758897557.382818322,/studio/rotor_avg_rpm.mean_rpm,1637.716064453125
0.664800523,1758897557.383800523,/studio/rotor_avg_rpm.mean_rpm,1636.9568481445312
0.666072329,1758897557.385072329,/studio/rotor_avg_rpm.mean_rpm,1629.0766906738281
0.6671303190000001,1758897557.386130319,/studio/rotor_avg_rpm.mean_rpm,1639.9413757324219
0.6680574250000001,1758897557.387057425,/studio/rotor_avg_rpm.mean_rpm,1638.4490966796875
0.6693968330000001,1758897557.388396833,/studio/rotor_avg_rpm.mean_rpm,1647.0885009765625
0.6693980030000001,1758897557.388398003,/studio/rotor_avg_rpm.mean_rpm,1644.4443664550781
0.670355877,1758897557.389355877,/studio/rotor_avg_rpm.mean_rpm,1651.5391235351562
0.67116193,1758897557.390161930,/studio/rotor_avg_rpm.mean_rpm,1650.046875
0.6738659680000001,1758897557.392865968,/studio/rotor_avg_rpm.mean_rpm,1645.2035217285156
0.6738679320000001,1758897557.392867932,/studio/rotor_avg_rpm.mean_rpm,1647.0623474121094
0.675139255,1758897557.394139255,/studio/rotor_avg_rpm.mean_rpm,1651.9056396484375
0.675145698,1758897557.394145698,/studio/rotor_avg_rpm.mean_rpm,1648.9211120605469
0.6760990530000001,1758897557.395099053,/studio/rotor_avg_rpm.mean_rpm,1654.9163208007812
0.6773768800000001,1758897557.396376880,/studio/rotor_avg_rpm.mean_rpm,1654.1571044921875
0.678213819,1758897557.397213819,/studio/rotor_avg_rpm.mean_rpm,1655.2828674316406
0.6794330110000001,1758897557.398433011,/studio/rotor_avg_rpm.mean_rpm,1656.0158996582031
0.6811105230000001,1758897557.400110523,/studio/rotor_avg_rpm.mean_rpm,1655.2566833496094
0.681115381,1758897557.400115381,/studio/rotor_avg_rpm.mean_rpm,1655.6493530273438
0.682031854,1758897557.401031854,/studio/rotor_avg_rpm.mean_rpm,1657.1677856445312
0.6832205440000001,1758897557.402220544,/studio/rotor_avg_rpm.mean_rpm,1666.121337890625
0.6844703670000001,1758897557.403470367,/studio/rotor_avg_rpm.mean_rpm,1663.5033874511719
0.685692018,1758897557.404692018,/studio/rotor_avg_rpm.mean_rpm,1660.8853759765625
0.6879742590000001,1758897557.406974259,/studio/rotor_avg_rpm.mean_rpm,1651.5391235351562
0.6880313490000001,1758897557.407031349,/studio/rotor_avg_rpm.mean_rpm,1664.6291198730469
0.690117704,1758897557.409117704,/studio/rotor_avg_rpm.mean_rpm,1663.8960571289062
0.690120583,1758897557.409120583,/studio/rotor_avg_rpm.mean_rpm,1656.4085998535156
0.6901258720000001,1758897557.409125872,/studio/rotor_avg_rpm.mean_rpm,1653.8167724609375
0.691143762,1758897557.410143762,/studio/rotor_avg_rpm.mean_rpm,1670.9646606445312
0.692008724,1758897557.411008724,/studio/rotor_avg_rpm.mean_rpm,1672.1165771484375
0.693593766,1758897557.412593766,/studio/rotor_avg_rpm.mean_rpm,1670.6243591308594
0.6945286580000001,1758897557.413528658,/studio/rotor_avg_rpm.mean_rpm,1670.2316589355469
0.695974865,1758897557.414974865,/studio/rotor_avg_rpm.mean_rpm,1670.2054443359375
0.696846532,1758897557.415846532,/studio/rotor_avg_rpm.mean_rpm,1666.4879150390625
0.697853433,1758897557.416853433,/studio/rotor_avg_rpm.mean_rpm,1673.5826721191406
0.6991837390000001,1758897557.418183739,/studio/rotor_avg_rpm.mean_rpm,1672.0904235839844
0.699185052,1758897557.418185052,/studio/rotor_avg_rpm.mean_rpm,1668.7393798828125
0.7013002650000001,1758897557.420300265,/studio/rotor_avg_rpm.mean_rpm,1676.5933837890625
0.7013144330000001,1758897557.420314433,/studio/rotor_avg_rpm.mean_rpm,1674.3418579101562
0.7024710000000001,1758897557.421471000,/studio/rotor_avg_rpm.mean_rpm,1668.7655639648438
0.7036230920000001,1758897557.422623092,/studio/rotor_avg_rpm.mean_rpm,1673.5827026367188
0.7044899450000001,1758897557.423489945,/studio/rotor_avg_rpm.mean_rpm,1678.8186950683594
0.705665627,1758897557.424665627,/studio/rotor_avg_rpm.mean_rpm,1679.9444274902344
0.706785679,1758897557.425785679,/studio/rotor_avg_rpm.mean_rpm,1672.8496398925781
0.7081219990000001,1758897557.427121999,/studio/rotor_avg_rpm.mean_rpm,1675.1011352539062
0.708141778,1758897557.427141778,/studio/rotor_avg_rpm.mean_rpm,1684.4473571777344
0.7090785500000001,1758897557.428078550,/studio/rotor_avg_rpm.mean_rpm,1675.8603210449219
0.7113849680000001,1758897557.430384968,/studio/rotor_avg_rpm.mean_rpm,1684.4473571777344
0.711392456,1758897557.430392456,/studio/rotor_avg_rpm.mean_rpm,1681.4366455078125
0.71364011,1758897557.432640110,/studio/rotor_avg_rpm.mean_rpm,1689.3168334960938
0.713641274,1758897557.432641274,/studio/rotor_avg_rpm.mean_rpm,1687.431884765625
0.714858761,1758897557.433858761,/studio/rotor_avg_rpm.mean_rpm,1685.2066345214844
0.716617821,1758897557.435617821,/studio/rotor_avg_rpm.mean_rpm,1683.71435546875
0.7166198690000001,1758897557.435619869,/studio/rotor_avg_rpm.mean_rpm,1688.5838317871094
0.7180978140000001,1758897557.437097814,/studio/rotor_avg_rpm.mean_rpm,1691.1755981445312
0.719900957,1758897557.438900957,/studio/rotor_avg_rpm.mean_rpm,1687.4580688476562
0.719916184,1758897557.438916184,/studio/rotor_avg_rpm.mean_rpm,1687.431884765625
0.7225287450000001,1758897557.441528745,/studio/rotor_avg_rpm.mean_rpm,1689.3168334960938
0.7225307910000001,1758897557.441530791,/studio/rotor_avg_rpm.mean_rpm,1694.5528564453125
0.722538295,1758897557.441538295,/studio/rotor_avg_rpm.mean_rpm,1699.7888488769531
0.7244617600000001,1758897557.443461760,/studio/rotor_avg_rpm.mean_rpm,1690.8091125488281
0.7244637620000001,1758897557.443463762,/studio/rotor_avg_rpm.mean_rpm,1689.3168334960938
0.726555936,1758897557.445555936,/studio/rotor_avg_rpm.mean_rpm,1687.4580688476562
0.7265571780000001,1758897557.445557178,/studio/rotor_avg_rpm.mean_rpm,1699.3961486816406
0.7278593170000001,1758897557.446859317,/studio/rotor_avg_rpm.mean_rpm,1691.5421447753906
0.729989623,1758897557.448989623,/studio/rotor_avg_rpm.mean_rpm,1686.6988525390625
0.729990859,1758897557.448990859,/studio/rotor_avg_rpm.mean_rpm,1697.5373840332031
0.7323989660000001,1758897557.451398966,/studio/rotor_avg_rpm.mean_rpm,1697.9039001464844
0.732401048,1758897557.451401048,/studio/rotor_avg_rpm.mean_rpm,1692.6678771972656
0.732405015,1758897557.451405015,/studio/rotor_avg_rpm.mean_rpm,1686.30615234375
0.7363492700000001,1758897557.455349270,/studio/rotor_avg_rpm.mean_rpm,1695.2859191894531
0.736368,1758897557.455368000,/studio/rotor_avg_rpm.mean_rpm,1708.3759155273438
0.736372566,1758897557.455372566,/studio/rotor_avg_rpm.mean_rpm,1692.3013916015625
0.7363762660000001,1758897557.455376266,/studio/rotor_avg_rpm.mean_rpm,1694.9193725585938
0.73782502,1758897557.456825020,/studio/rotor_avg_rpm.mean_rpm,1698.6369323730469
0.7390345020000001,1758897557.458034502,/studio/rotor_avg_rpm.mean_rpm,1705.7579040527344
0.7400211600000001,1758897557.459021160,/studio/rotor_avg_rpm.mean_rpm,1690.80908203125
0.7411857350000001,1758897557.460185735,/studio/rotor_avg_rpm.mean_rpm,1691.5421752929688
0.742291962,1758897557.461291962,/studio/rotor_avg_rpm.mean_rpm,1711.7531127929688
0.742298933,1758897557.461298933,/studio/rotor_avg_rpm.mean_rpm,1703.8991088867188
0.743688821,1758897557.462688821,/studio/rotor_avg_rpm.mean_rpm,1704.2656555175781
0.744495164,1758897557.463495164,/studio/rotor_avg_rpm.mean_rpm,1710.6273498535156
0.745384033,1758897557.464384033,/studio/rotor_avg_rpm.mean_rpm,1706.4909057617188
0.7467431950000001,1758897557.465743195,/studio/rotor_avg_rpm.mean_rpm,1706.5171203613281
0.747958753,1758897557.466958753,/studio/rotor_avg_rpm.mean_rpm,1708.7424011230469
0.7488435200000001,1758897557.467843520,/studio/rotor_avg_rpm.mean_rpm,1704.6321716308594
0.750256123,1758897557.469256123,/studio/rotor_avg_rpm.mean_rpm,1711.3865966796875
0.751257771,1758897557.470257771,/studio/rotor_avg_rpm.mean_rpm,1701.673828125
0.752261079,1758897557.471261079,/studio/rotor_avg_rpm.mean_rpm,1709.5016174316406
0.7536710400000001,1758897557.472671040,/studio/rotor_avg_rpm.mean_rpm,1707.2501525878906
0.753672593,1758897557.472672593,/studio/rotor_avg_rpm.mean_rpm,1713.245361328125
0.7545305120000001,1758897557.473530512,/studio/rotor_avg_rpm.mean_rpm,1706.8836669921875
0.756031753,1758897557.475031753,/studio/rotor_avg_rpm.mean_rpm,1712.11962890625
0.756985745,1758897557.475985745,/studio/rotor_avg_rpm.mean_rpm,1714.3711242675781
0.7580257180000001,1758897557.477025718,/studio/rotor_avg_rpm.mean_rpm,1713.2453918457031
0.759388669,1758897557.478388669,/studio/rotor_avg_rpm.mean_rpm,1713.2453918457031
0.759389987,1758897557.478389987,/studio/rotor_avg_rpm.mean_rpm,1716.5964050292969
0.7605346190000001,1758897557.479534619,/studio/rotor_avg_rpm.mean_rpm,1722.2251281738281
0.7615778950000001,1758897557.480577895,/studio/rotor_avg_rpm.mean_rpm,1715.1041259765625
0.7631981330000001,1758897557.482198133,/studio/rotor_avg_rpm.mean_rpm,1719.9998168945312
0.764496935,1758897557.483496935,/studio/rotor_avg_rpm.mean_rpm,1728.953369140625
0.764503993,1758897557.483503993,/studio/rotor_avg_rpm.mean_rpm,1722.6178283691406
0.7663320020000001,1758897557.485332002,/studio/rotor_avg_rpm.mean_rpm,1717.3556213378906
0.766337985,1758897557.485337985,/studio/rotor_avg_rpm.mean_rpm,1728.2203369140625
0.769800068,1758897557.488800068,/studio/rotor_avg_rpm.mean_rpm,1729.3199157714844
0.7698022040000001,1758897557.488802204,/studio/rotor_avg_rpm.mean_rpm,1721.8323974609375
0.769813629,1758897557.488813629,/studio/rotor_avg_rpm.mean_rpm,1725.2096557617188
0.7716561270000001,1758897557.490656127,/studio/rotor_avg_rpm.mean_rpm,1733.8228759765625
0.771658822,1758897557.490658822,/studio/rotor_avg_rpm.mean_rpm,1734.1893920898438
0.772945807,1758897557.491945807,/studio/rotor_avg_rpm.mean_rpm,1725.1834411621094
0.774869275,1758897557.493869275,/studio/rotor_avg_rpm.mean_rpm,1722.9319763183594
0.7748717930000001,1758897557.493871793,/studio/rotor_avg_rpm.mean_rpm,1731.2048645019531
0.7763099050000001,1758897557.495309905,/studio/rotor_avg_rpm.mean_rpm,1732.6971130371094
0.7763148590000001,1758897557.495314859,/studio/rotor_avg_rpm.mean_rpm,1733.4301452636719
0.777741357,1758897557.496741357,/studio/rotor_avg_rpm.mean_rpm,1736.4408874511719
0.779666088,1758897557.498666088,/studio/rotor_avg_rpm.mean_rpm,1742.7764282226562
0.779668345,1758897557.498668345,/studio/rotor_avg_rpm.mean_rpm,1739.4254150390625
0.781031727,1758897557.500031727,/studio/rotor_avg_rpm.mean_rpm,1742.0433959960938
0.782865691,1758897557.501865691,/studio/rotor_avg_rpm.mean_rpm,1734.9485778808594
0.7828686530000001,1758897557.501868653,/studio/rotor_avg_rpm.mean_rpm,1745.3944396972656
0.784535875,1758897557.503535875,/studio/rotor_avg_rpm.mean_rpm,1740.1846008300781
0.784538681,1758897557.503538681,/studio/rotor_avg_rpm.mean_rpm,1741.6768493652344
0.7862464530000001,1758897557.505246453,/studio/rotor_avg_rpm.mean_rpm,1746.912841796875
0.7872221020000001,1758897557.506222102,/studio/rotor_avg_rpm.mean_rpm,1745.7609558105469
0.788281679,1758897557.507281679,/studio/rotor_avg_rpm.mean_rpm,1746.5463562011719
0.7895187960000001,1758897557.508518796,/studio/rotor_avg_rpm.mean_rpm,1746.1536254882812
0.7895218270000001,1758897557.508521827,/studio/rotor_avg_rpm.mean_rpm,1749.9235229492188
0.790657986,1758897557.509657986,/studio/rotor_avg_rpm.mean_rpm,1747.2532348632812
0.7914323560000001,1758897557.510432356,/studio/rotor_avg_rpm.mean_rpm,1747.2793884277344
0.7928626780000001,1758897557.511862678,/studio/rotor_avg_rpm.mean_rpm,1755.1072082519531
0.794889248,1758897557.513889248,/studio/rotor_avg_rpm.mean_rpm,1753.6149291992188
0.7948927130000001,1758897557.513892713,/studio/rotor_avg_rpm.mean_rpm,1748.0124206542969
0.796129088,1758897557.515129088,/studio/rotor_avg_rpm.mean_rpm,1749.8973693847656
0.797740376,1758897557.516740376,/studio/rotor_avg_rpm.mean_rpm,1757.358642578125
0.7977435820000001,1758897557.516743582,/studio/rotor_avg_rpm.mean_rpm,1754.0076293945312
0.799605652,1758897557.518605652,/studio/rotor_avg_rpm.mean_rpm,1753.64111328125
0.799608049,1758897557.518608049,/studio/rotor_avg_rpm.mean_rpm,1763.3800659179688
0.8014538410000001,1758897557.520453841,/studio/rotor_avg_rpm.mean_rpm,1765.2650146484375
0.803113901,1758897557.522113901,/studio/rotor_avg_rpm.mean_rpm,1752.1488647460938
0.8031261160000001,1758897557.522126116,/studio/rotor_avg_rpm.mean_rpm,1770.0821838378906
0.804347193,1758897557.523347193,/studio/rotor_avg_rpm.mean_rpm,1765.2388610839844
0.805294324,1758897557.524294324,/studio/rotor_avg_rpm.mean_rpm,1762.2281799316406
0.8080736820000001,1758897557.527073682,/studio/rotor_avg_rpm.mean_rpm,1764.0869445800781
0.808076726,1758897557.527076726,/studio/rotor_avg_rpm.mean_rpm,1768.9826049804688
0.808078575,1758897557.527078575,/studio/rotor_avg_rpm.mean_rpm,1760.0290222167969
0.809883729,1758897557.528883729,/studio/rotor_avg_rpm.mean_rpm,1765.9718933105469
0.809892563,1758897557.528892563,/studio/rotor_avg_rpm.mean_rpm,1768.563720703125
0.8111109790000001,1758897557.530110979,/studio/rotor_avg_rpm.mean_rpm,1773.85205078125
0.813120986,1758897557.532120986,/studio/rotor_avg_rpm.mean_rpm,1771.5743713378906
0.813126723,1758897557.532126723,/studio/rotor_avg_rpm.mean_rpm,1769.3229370117188
0.814406057,1758897557.533406057,/studio/rotor_avg_rpm.mean_rpm,1777.203125
0.8164328350000001,1758897557.535432835,/studio/rotor_avg_rpm.mean_rpm,1776.4438781738281
0.816439138,1758897557.535439138,/studio/rotor_avg_rpm.mean_rpm,1775.7108459472656
0.8178446760000001,1758897557.536844676,/studio/rotor_avg_rpm.mean_rpm,1775.6846923828125
0.8178568530000001,1758897557.536856853,/studio/rotor_avg_rpm.mean_rpm,1783.5386962890625
0.819659635,1758897557.538659635,/studio/rotor_avg_rpm.mean_rpm,1778.328857421875
0.819769645,1758897557.538769645,/studio/rotor_avg_rpm.mean_rpm,1777.2030944824219
0.8209821260000001,1758897557.539982126,/studio/rotor_avg_rpm.mean_rpm,1781.3133850097656
0.821954162,1758897557.540954162,/studio/rotor_avg_rpm.mean_rpm,1777.9361572265625
0.8231526410000001,1758897557.542152641,/studio/rotor_avg_rpm.mean_rpm,1778.3026733398438
0.8244469820000001,1758897557.543446982,/studio/rotor_avg_rpm.mean_rpm,1782.4390869140625
0.8262486130000001,1758897557.545248613,/studio/rotor_avg_rpm.mean_rpm,1782.8056640625
0.826267823,1758897557.545267823,/studio/rotor_avg_rpm.mean_rpm,1782.4653015136719
0.8273371770000001,1758897557.546337177,/studio/rotor_avg_rpm.mean_rpm,1777.2030944824219
0.82849192,1758897557.547491920,/studio/rotor_avg_rpm.mean_rpm,1785.4498291015625
0.828498446,1758897557.547498446,/studio/rotor_avg_rpm.mean_rpm,1782.4652709960938
0.8295283550000001,1758897557.548528355,/studio/rotor_avg_rpm.mean_rpm,1779.45458984375
0.832879082,1758897557.551879082,/studio/rotor_avg_rpm.mean_rpm,1785.0309448242188
0.850900992,1758897557.569900992,/studio/rotor_avg_rpm.mean_rpm,1796.6548461914062
0.8509107140000001,1758897557.569910714,/studio/rotor_avg_rpm.mean_rpm,1786.5493469238281
0.8509169470000001,1758897557.569916947,/studio/rotor_avg_rpm.mean_rpm,1789.5338745117188
0.8509186950000001,1758897557.569918695,/studio/rotor_avg_rpm.mean_rpm,1796.6548461914062
0.850920039,1758897557.569920039,/studio/rotor_avg_rpm.mean_rpm,1804.482666015625
0.851132619,1758897557.570132619,/studio/rotor_avg_rpm.mean_rpm,1794.4033508300781
0.8511383440000001,1758897557.570138344,/studio/rotor_avg_rpm.mean_rpm,1800.76513671875
0.851141031,1758897557.570141031,/studio/rotor_avg_rpm.mean_rpm,1806.0010986328125
0.851142633,1758897557.570142633,/studio/rotor_avg_rpm.mean_rpm,1797.7805786132812
0.851172817,1758897557.570172817,/studio/rotor_avg_rpm.mean_rpm,1796.6548461914062
0.8511826570000001,1758897557.570182657,/studio/rotor_avg_rpm.mean_rpm,1800.3985900878906
0.8511846040000001,1758897557.570184604,/studio/rotor_avg_rpm.mean_rpm,1806.3676452636719
0.8511872680000001,1758897557.570187268,/studio/rotor_avg_rpm.mean_rpm,1801.890869140625
0.851190744,1758897557.570190744,/studio/rotor_avg_rpm.mean_rpm,1799.6393737792969
0.8511931150000001,1758897557.570193115,/studio/rotor_avg_rpm.mean_rpm,1798.4874572753906
0.8512372370000001,1758897557.570237237,/studio/rotor_avg_rpm.mean_rpm,1803.7234802246094
0.8512413990000001,1758897557.570241399,/studio/rotor_avg_rpm.mean_rpm,1804.142333984375
0.8529547500000001,1758897557.571954750,/studio/rotor_avg_rpm.mean_rpm,1799.9797058105469
0.852960045,1758897557.571960045,/studio/rotor_avg_rpm.mean_rpm,1809.744873046875
0.852962513,1758897557.571962513,/studio/rotor_avg_rpm.mean_rpm,1801.8646850585938
0.852964724,1758897557.571964724,/studio/rotor_avg_rpm.mean_rpm,1809.0118408203125
0.853616871,1758897557.572616871,/studio/rotor_avg_rpm.mean_rpm,1808.5929260253906
0.8544308340000001,1758897557.573430834,/studio/rotor_avg_rpm.mean_rpm,1810.4778747558594
0.85569516,1758897557.574695160,/studio/rotor_avg_rpm.mean_rpm,1802.6239013671875
0.855697971,1758897557.574697971,/studio/rotor_avg_rpm.mean_rpm,1808.2525939941406
0.8569031210000001,1758897557.575903121,/studio/rotor_avg_rpm.mean_rpm,1807.4933776855469
0.8579231690000001,1758897557.576923169,/studio/rotor_avg_rpm.mean_rpm,1801.8646850585938
0.859283619,1758897557.578283619,/studio/rotor_avg_rpm.mean_rpm,1808.2526245117188
0.8609185450000001,1758897557.579918545,/studio/rotor_avg_rpm.mean_rpm,1816.1066284179688
0.860922359,1758897557.579922359,/studio/rotor_avg_rpm.mean_rpm,1810.1375427246094
0.861834926,1758897557.580834926,/studio/rotor_avg_rpm.mean_rpm,1811.9963073730469
0.8631410070000001,1758897557.582141007,/studio/rotor_avg_rpm.mean_rpm,1814.2478332519531
0.864277901,1758897557.583277901,/studio/rotor_avg_rpm.mean_rpm,1816.4469604492188
0.866870338,1758897557.585870338,/studio/rotor_avg_rpm.mean_rpm,1818.3580627441406
0.86687239,1758897557.585872390,/studio/rotor_avg_rpm.mean_rpm,1821.3426208496094
0.8668741000000001,1758897557.585874100,/studio/rotor_avg_rpm.mean_rpm,1825.0601501464844
0.8678356420000001,1758897557.586835642,/studio/rotor_avg_rpm.mean_rpm,1820.9761047363281
0.868909998,1758897557.587909998,/studio/rotor_avg_rpm.mean_rpm,1828.4635925292969
0.870021577,1758897557.589021577,/studio/rotor_avg_rpm.mean_rpm,1819.4838256835938
0.871442656,1758897557.590442656,/studio/rotor_avg_rpm.mean_rpm,1819.4576416015625
0.8722906220000001,1758897557.591290622,/studio/rotor_avg_rpm.mean_rpm,1819.8241577148438
0.873676157,1758897557.592676157,/studio/rotor_avg_rpm.mean_rpm,1829.1704406738281
0.874447316,1758897557.593447316,/studio/rotor_avg_rpm.mean_rpm,1826.9189453125
0.874449863,1758897557.593449863,/studio/rotor_avg_rpm.mean_rpm,1826.57861328125
0.8764622950000001,1758897557.595462295,/studio/rotor_avg_rpm.mean_rpm,1826.1858825683594
0.877571532,1758897557.596571532,/studio/rotor_avg_rpm.mean_rpm,1829.1965637207031
0.8775763050000001,1758897557.596576305,/studio/rotor_avg_rpm.mean_rpm,1825.4790344238281
0.8785967990000001,1758897557.597596799,/studio/rotor_avg_rpm.mean_rpm,1832.5476379394531
0.8800781740000001,1758897557.599078174,/studio/rotor_avg_rpm.mean_rpm,1827.6781616210938
0.880974554,1758897557.599974554,/studio/rotor_avg_rpm.mean_rpm,1827.3116760253906
0.8825931410000001,1758897557.601593141,/studio/rotor_avg_rpm.mean_rpm,1826.5523986816406
0.8825981270000001,1758897557.601598127,/studio/rotor_avg_rpm.mean_rpm,1836.3175659179688
0.884306535,1758897557.603306535,/studio/rotor_avg_rpm.mean_rpm,1831.421875
0.8854865890000001,1758897557.604486589,/studio/rotor_avg_rpm.mean_rpm,1827.7043151855469
0.886836493,1758897557.605836493,/studio/rotor_avg_rpm.mean_rpm,1836.6578979492188
0.886841713,1758897557.605841713,/studio/rotor_avg_rpm.mean_rpm,1828.4373779296875
0.887924428,1758897557.606924428,/studio/rotor_avg_rpm.mean_rpm,1829.1704406738281
0.8890074750000001,1758897557.608007475,/studio/rotor_avg_rpm.mean_rpm,1832.5476379394531
0.890348703,1758897557.609348703,/studio/rotor_avg_rpm.mean_rpm,1838.1501770019531
0.891280324,1758897557.610280324,/studio/rotor_avg_rpm.mean_rpm,1828.0970153808594
0.8925785380000001,1758897557.611578538,/studio/rotor_avg_rpm.mean_rpm,1828.0708923339844
0.892580648,1758897557.611580648,/studio/rotor_avg_rpm.mean_rpm,1835.1656494140625
0.893885813,1758897557.612885813,/studio/rotor_avg_rpm.mean_rpm,1838.8832092285156
0.894767732,1758897557.613767732,/studio/rotor_avg_rpm.mean_rpm,1827.6781616210938
0.895928821,1758897557.614928821,/studio/rotor_avg_rpm.mean_rpm,1832.5476379394531
0.896938797,1758897557.615938797,/studio/rotor_avg_rpm.mean_rpm,1841.5273742675781
0.897715268,1758897557.616715268,/studio/rotor_avg_rpm.mean_rpm,1836.2913513183594
0.8993495220000001,1758897557.618349522,/studio/rotor_avg_rpm.mean_rpm,1831.4219055175781
0.900421655,1758897557.619421655,/studio/rotor_avg_rpm.mean_rpm,1849.3813781738281
0.901379229,1758897557.620379229,/studio/rotor_avg_rpm.mean_rpm,1834.0398864746094
0.9027432000000001,1758897557.621743200,/studio/rotor_avg_rpm.mean_rpm,1837.4432983398438
0.9027494290000001,1758897557.621749429,/studio/rotor_avg_rpm.mean_rpm,1830.2961730957031
0.9038627220000001,1758897557.622862722,/studio/rotor_avg_rpm.mean_rpm,1839.6685791015625
0.905019659,1758897557.624019659,/studio/rotor_avg_rpm.mean_rpm,1840.0350952148438
0.9059449700000001,1758897557.624944970,/studio/rotor_avg_rpm.mean_rpm,1840.4278259277344
0.90718695,1758897557.626186950,/studio/rotor_avg_rpm.mean_rpm,1847.1560974121094
0.9080893390000001,1758897557.627089339,/studio/rotor_avg_rpm.mean_rpm,1843.3861694335938
0.909397183,1758897557.628397183,/studio/rotor_avg_rpm.mean_rpm,1840.4016418457031
0.9108700070000001,1758897557.629870007,/studio/rotor_avg_rpm.mean_rpm,1839.3020629882812
0.91087167,1758897557.629871670,/studio/rotor_avg_rpm.mean_rpm,1847.1036987304688
0.911734357,1758897557.630734357,/studio/rotor_avg_rpm.mean_rpm,1847.8629150390625
0.9128563630000001,1758897557.631856363,/studio/rotor_avg_rpm.mean_rpm,1838.5428771972656
0.9145076280000001,1758897557.633507628,/studio/rotor_avg_rpm.mean_rpm,1850.8736267089844
0.915446347,1758897557.634446347,/studio/rotor_avg_rpm.mean_rpm,1844.5119018554688
0.916733294,1758897557.635733294,/studio/rotor_avg_rpm.mean_rpm,1843.0196228027344
0.916742978,1758897557.635742978,/studio/rotor_avg_rpm.mean_rpm,1854.2508239746094
0.917722256,1758897557.636722256,/studio/rotor_avg_rpm.mean_rpm,1851.6066589355469
0.9195210070000001,1758897557.638521007,/studio/rotor_avg_rpm.mean_rpm,1844.87841796875
0.921231098,1758897557.640231098,/studio/rotor_avg_rpm.mean_rpm,1856.8688659667969
0.921232393,1758897557.640232393,/studio/rotor_avg_rpm.mean_rpm,1849.0148315429688
0.92431894,1758897557.643318940,/studio/rotor_avg_rpm.mean_rpm,1848.2556457519531
0.924321198,1758897557.643321198,/studio/rotor_avg_rpm.mean_rpm,1851.2401428222656
0.9243274920000001,1758897557.643327492,/studio/rotor_avg_rpm.mean_rpm,1856.109619140625
0.925553174,1758897557.644553174,/studio/rotor_avg_rpm.mean_rpm,1851.9993896484375
0.9266550280000001,1758897557.645655028,/studio/rotor_avg_rpm.mean_rpm,1856.8950500488281
0.927671526,1758897557.646671526,/studio/rotor_avg_rpm.mean_rpm,1859.8533935546875
0.9276731100000001,1758897557.646673110,/studio/rotor_avg_rpm.mean_rpm,1855.0101013183594
0.928731775,1758897557.647731775,/studio/rotor_avg_rpm.mean_rpm,1853.1513061523438
0.9301006380000001,1758897557.649100638,/studio/rotor_avg_rpm.mean_rpm,1855.3766174316406
0.9310250860000001,1758897557.650025086,/studio/rotor_avg_rpm.mean_rpm,1865.8224182128906
0.932625531,1758897557.651625531,/studio/rotor_avg_rpm.mean_rpm,1860.2199096679688
0.935025846,1758897557.654025846,/studio/rotor_avg_rpm.mean_rpm,1858.7276611328125
0.9350447040000001,1758897557.654044704,/studio/rotor_avg_rpm.mean_rpm,1870.3515319824219
0.936709317,1758897557.655709317,/studio/rotor_avg_rpm.mean_rpm,1864.7228698730469
0.9367377210000001,1758897557.655737721,/studio/rotor_avg_rpm.mean_rpm,1859.8533935546875
0.940158134,1758897557.659158134,/studio/rotor_avg_rpm.mean_rpm,1864.7490539550781
0.940161397,1758897557.659161397,/studio/rotor_avg_rpm.mean_rpm,1864.7490844726562
0.940164925,1758897557.659164925,/studio/rotor_avg_rpm.mean_rpm,1865.4559020996094
0.940167022,1758897557.659167022,/studio/rotor_avg_rpm.mean_rpm,1869.2257995605469
0.9412126350000001,1758897557.660212635,/studio/rotor_avg_rpm.mean_rpm,1873.3098754882812
0.942315227,1758897557.661315227,/studio/rotor_avg_rpm.mean_rpm,1862.49755859375
0.9433272580000001,1758897557.662327258,/studio/rotor_avg_rpm.mean_rpm,1863.963623046875
0.944213128,1758897557.663213128,/studio/rotor_avg_rpm.mean_rpm,1871.0845947265625
0.9455828110000001,1758897557.664582811,/studio/rotor_avg_rpm.mean_rpm,1872.5768737792969
0.9477360490000001,1758897557.666736049,/studio/rotor_avg_rpm.mean_rpm,1863.5971069335938
0.947739694,1758897557.666739694,/studio/rotor_avg_rpm.mean_rpm,1867.3408508300781
0.947741605,1758897557.666741605,/studio/rotor_avg_rpm.mean_rpm,1874.4617919921875
0.9494466720000001,1758897557.668446672,/studio/rotor_avg_rpm.mean_rpm,1873.3360595703125
0.952104766,1758897557.671104766,/studio/rotor_avg_rpm.mean_rpm,1876.6609497070312
0.952109721,1758897557.671109721,/studio/rotor_avg_rpm.mean_rpm,1883.4415588378906
0.9521124240000001,1758897557.671112424,/studio/rotor_avg_rpm.mean_rpm,1868.4666137695312
0.9542536,1758897557.673253600,/studio/rotor_avg_rpm.mean_rpm,1877.0798034667969
0.9542594700000001,1758897557.673259470,/studio/rotor_avg_rpm.mean_rpm,1885.3003234863281
0.9555591980000001,1758897557.674559198,/studio/rotor_avg_rpm.mean_rpm,1877.0536499023438
0.9566743830000001,1758897557.675674383,/studio/rotor_avg_rpm.mean_rpm,1876.3205871582031
0.957580195,1758897557.676580195,/studio/rotor_avg_rpm.mean_rpm,1880.45703125
0.9593912640000001,1758897557.678391264,/studio/rotor_avg_rpm.mean_rpm,1887.8921508789062
0.95942342,1758897557.678423420,/studio/rotor_avg_rpm.mean_rpm,1879.331298828125
0.960843608,1758897557.679843608,/studio/rotor_avg_rpm.mean_rpm,1886.0595703125
0.9608459490000001,1758897557.679845949,/studio/rotor_avg_rpm.mean_rpm,1883.4153442382812
0.9618404020000001,1758897557.680840402,/studio/rotor_avg_rpm.mean_rpm,1881.1900939941406
0.962946552,1758897557.681946552,/studio/rotor_avg_rpm.mean_rpm,1877.8128662109375
0.9642341900000001,1758897557.683234190,/studio/rotor_avg_rpm.mean_rpm,1888.6775817871094
0.965124351,1758897557.684124351,/studio/rotor_avg_rpm.mean_rpm,1886.0595397949219
0.966394454,1758897557.685394454,/studio/rotor_avg_rpm.mean_rpm,1881.923095703125
0.968878675,1758897557.687878675,/studio/rotor_avg_rpm.mean_rpm,1884.5411376953125
0.9688820050000001,1758897557.687882005,/studio/rotor_avg_rpm.mean_rpm,1889.4105834960938
0.968886982,1758897557.687886982,/studio/rotor_avg_rpm.mean_rpm,1888.2848510742188
0.9708469700000001,1758897557.689846970,/studio/rotor_avg_rpm.mean_rpm,1879.671630859375
0.9708494940000001,1758897557.689849494,/studio/rotor_avg_rpm.mean_rpm,1892.3951110839844
0.9717081850000001,1758897557.690708185,/studio/rotor_avg_rpm.mean_rpm,1895.4058227539062
0.9731482050000001,1758897557.692148205,/studio/rotor_avg_rpm.mean_rpm,1889.4106140136719
0.974270383,1758897557.693270383,/studio/rotor_avg_rpm.mean_rpm,1893.5208740234375
0.9760590240000001,1758897557.695059024,/studio/rotor_avg_rpm.mean_rpm,1887.9183654785156
0.97606254,1758897557.695062540,/studio/rotor_avg_rpm.mean_rpm,1893.4946899414062
0.9774619050000001,1758897557.696461905,/studio/rotor_avg_rpm.mean_rpm,1892.3951110839844
0.9784892020000001,1758897557.697489202,/studio/rotor_avg_rpm.mean_rpm,1896.5054016113281
0.979580514,1758897557.698580514,/studio/rotor_avg_rpm.mean_rpm,1891.2693481445312
0.9808437830000001,1758897557.699843783,/studio/rotor_avg_rpm.mean_rpm,1896.8718872070312
0.9808457460000001,1758897557.699845746,/studio/rotor_avg_rpm.mean_rpm,1900.2752685546875
0.9817558310000001,1758897557.700755831,/studio/rotor_avg_rpm.mean_rpm,1891.2693786621094
0.9833183240000001,1758897557.702318324,/studio/rotor_avg_rpm.mean_rpm,1892.3951416015625
0.984280546,1758897557.703280546,/studio/rotor_avg_rpm.mean_rpm,1895.3796691894531
0.9857318650000001,1758897557.704731865,/studio/rotor_avg_rpm.mean_rpm,1897.631103515625
0.9866450750000001,1758897557.705645075,/studio/rotor_avg_rpm.mean_rpm,1895.379638671875
0.987725335,1758897557.706725335,/studio/rotor_avg_rpm.mean_rpm,1897.2646484375
0.988616067,1758897557.707616067,/studio/rotor_avg_rpm.mean_rpm,1895.7723388671875
0.988619467,1758897557.707619467,/studio/rotor_avg_rpm.mean_rpm,1898.7568664550781
0.9899243990000001,1758897557.708924399,/studio/rotor_avg_rpm.mean_rpm,1898.3641357421875
0.99081821,1758897557.709818210,/studio/rotor_avg_rpm.mean_rpm,1901.7413635253906
0.9915972310000001,1758897557.710597231,/studio/rotor_avg_rpm.mean_rpm,1900.9821472167969
0.9931167550000001,1758897557.712116755,/studio/rotor_avg_rpm.mean_rpm,1900.641845703125
0.9942600580000001,1758897557.713260058,/studio/rotor_avg_rpm.mean_rpm,1898.7306823730469
0.9950948350000001,1758897557.714094835,/studio/rotor_avg_rpm.mean_rpm,1899.8564453125
0.9966045910000001,1758897557.715604591,/studio/rotor_avg_rpm.mean_rpm,1895.7723388671875
0.997567657,1758897557.716567657,/studio/rotor_avg_rpm.mean_rpm,1906.2181701660156
0.9992485150000001,1758897557.718248515,/studio/rotor_avg_rpm.mean_rpm,1903.6001586914062
0.999256023,1758897557.718256023,/studio/rotor_avg_rpm.mean_rpm,1903.2598266601562
1.00024702,1758897557.719247020,/studio/rotor_avg_rpm.mean_rpm,1901.3748779296875
1.001297325,1758897557.720297325,/studio/rotor_avg_rpm.mean_rpm,1901.3748474121094
1.002575835,1758897557.721575835,/studio/rotor_avg_rpm.mean_rpm,1898.3641662597656
1.003543553,1758897557.722543553,/studio/rotor_avg_rpm.mean_rpm,1903.2336730957031
1.004586003,1758897557.723586003,/studio/rotor_avg_rpm.mean_rpm,1903.6001281738281
1.00580189,1758897557.724801890,/studio/rotor_avg_rpm.mean_rpm,1905.0924377441406
1.005808241,1758897557.724808241,/studio/rotor_avg_rpm.mean_rpm,1905.8516235351562
1.007041227,1758897557.726041227,/studio/rotor_avg_rpm.mean_rpm,1908.4696655273438
1.008058322,1758897557.727058322,/studio/rotor_avg_rpm.mean_rpm,1900.2229309082031
1.009127256,1758897557.728127256,/studio/rotor_avg_rpm.mean_rpm,1907.7366027832031
1.011207274,1758897557.730207274,/studio/rotor_avg_rpm.mean_rpm,1908.8623352050781
1.012840698,1758897557.731840698,/studio/rotor_avg_rpm.mean_rpm,1905.1185913085938
1.012843233,1758897557.731843233,/studio/rotor_avg_rpm.mean_rpm,1908.4696350097656
1.014113452,1758897557.733113452,/studio/rotor_avg_rpm.mean_rpm,1913.7056274414062
1.014116664,1758897557.733116664,/studio/rotor_avg_rpm.mean_rpm,1906.2181701660156
1.015052248,1758897557.734052248,/studio/rotor_avg_rpm.mean_rpm,1906.2443237304688
1.016115534,1758897557.735115534,/studio/rotor_avg_rpm.mean_rpm,1910.3284301757812
1.017443578,1758897557.736443578,/studio/rotor_avg_rpm.mean_rpm,1908.495849609375
1.018382955,1758897557.737382955,/studio/rotor_avg_rpm.mean_rpm,1911.8730163574219
1.019694046,1758897557.738694046,/studio/rotor_avg_rpm.mean_rpm,1917.4755554199219
1.02086464,1758897557.739864640,/studio/rotor_avg_rpm.mean_rpm,1915.2240905761719
1.022850425,1758897557.741850425,/studio/rotor_avg_rpm.mean_rpm,1902.5006408691406
1.022852444,1758897557.741852444,/studio/rotor_avg_rpm.mean_rpm,1908.4696350097656
1.024164664,1758897557.743164664,/studio/rotor_avg_rpm.mean_rpm,1914.0983581542969
1.024166928,1758897557.743166928,/studio/rotor_avg_rpm.mean_rpm,1913.339111328125
1.025070609,1758897557.744070609,/studio/rotor_avg_rpm.mean_rpm,1917.0828247070312
1.026158594,1758897557.745158594,/studio/rotor_avg_rpm.mean_rpm,1917.0828857421875
1.027559226,1758897557.746559226,/studio/rotor_avg_rpm.mean_rpm,1912.9726257324219
1.029602864,1758897557.748602864,/studio/rotor_avg_rpm.mean_rpm,1913.3391418457031
1.029605337,1758897557.748605337,/studio/rotor_avg_rpm.mean_rpm,1921.9261474609375
1.030766761,1758897557.749766761,/studio/rotor_avg_rpm.mean_rpm,1910.747314453125
1.032021914,1758897557.751021914,/studio/rotor_avg_rpm.mean_rpm,1904.3593444824219
1.032025186,1758897557.751025186,/studio/rotor_avg_rpm.mean_rpm,1918.5751037597656
1.033263249,1758897557.752263249,/studio/rotor_avg_rpm.mean_rpm,1921.9261474609375
1.034316062,1758897557.753316062,/studio/rotor_avg_rpm.mean_rpm,1914.8314208984375
1.036808947,1758897557.755808947,/studio/rotor_avg_rpm.mean_rpm,1911.8468322753906
1.056213645,1758897557.775213645,/studio/rotor_avg_rpm.mean_rpm,1914.0983581542969
1.056217166,1758897557.775217166,/studio/rotor_avg_rpm.mean_rpm,1912.21337890625
1.056219806,1758897557.775219806,/studio/rotor_avg_rpm.mean_rpm,1919.6746520996094
1.056236665,1758897557.775236665,/studio/rotor_avg_rpm.mean_rpm,1915.9571228027344
1.056240182,1758897557.775240182,/studio/rotor_avg_rpm.mean_rpm,1915.5644226074219
1.056244444,1758897557.775244444,/studio/rotor_avg_rpm.mean_rpm,1914.0721740722656
1.056254422,1758897557.775254422,/studio/rotor_avg_rpm.mean_rpm,1918.2086181640625
1.056257585,1758897557.775257585,/studio/rotor_avg_rpm.mean_rpm,1919.3081359863281
1.056262965,1758897557.775262965,/studio/rotor_avg_rpm.mean_rpm,1911.8468627929688
1.056265711,1758897557.775265711,/studio/rotor_avg_rpm.mean_rpm,1924.2037963867188
1.056268597,1758897557.775268597,/studio/rotor_avg_rpm.mean_rpm,1917.0828552246094
1.056270607,1758897557.775270607,/studio/rotor_avg_rpm.mean_rpm,1914.8313903808594
1.056276264,1758897557.775276264,/studio/rotor_avg_rpm.mean_rpm,1914.0721435546875
1.056278603,1758897557.775278603,/studio/rotor_avg_rpm.mean_rpm,1917.8158874511719
1.056280318,1758897557.775280318,/studio/rotor_avg_rpm.mean_rpm,1915.9571228027344
1.056283076,1758897557.775283076,/studio/rotor_avg_rpm.mean_rpm,1916.3236389160156
1.056290946,1758897557.775290946,/studio/rotor_avg_rpm.mean_rpm,1923.0519104003906
1.058091981,1758897557.777091981,/studio/rotor_avg_rpm.mean_rpm,1920.8004455566406
1.058095132,1758897557.777095132,/studio/rotor_avg_rpm.mean_rpm,1917.4232177734375
1.058097171,1758897557.777097171,/studio/rotor_avg_rpm.mean_rpm,1924.9368286132812
1.058099077,1758897557.777099077,/studio/rotor_avg_rpm.mean_rpm,1917.4755554199219
1.058100241,1758897557.777100241,/studio/rotor_avg_rpm.mean_rpm,1920.0673828125
1.060116085,1758897557.779116085,/studio/rotor_avg_rpm.mean_rpm,1921.5596618652344
1.06013653,1758897557.779136530,/studio/rotor_avg_rpm.mean_rpm,1928.2879028320312
1.060895524,1758897557.779895524,/studio/rotor_avg_rpm.mean_rpm,1923.4184265136719
1.063597001,1758897557.782597001,/studio/rotor_avg_rpm.mean_rpm,1929.8063354492188
1.063599663,1758897557.782599663,/studio/rotor_avg_rpm.mean_rpm,1921.9523315429688
1.064746804,1758897557.783746804,/studio/rotor_avg_rpm.mean_rpm,1917.8158874511719
1.06474939,1758897557.783749390,/studio/rotor_avg_rpm.mean_rpm,1926.4291076660156
1.065837544,1758897557.784837544,/studio/rotor_avg_rpm.mean_rpm,1921.9261474609375
1.066858335,1758897557.785858335,/studio/rotor_avg_rpm.mean_rpm,1921.8999938964844
1.06788342,1758897557.786883420,/studio/rotor_avg_rpm.mean_rpm,1927.1621704101562
1.0691766440000001,1758897557.788176644,/studio/rotor_avg_rpm.mean_rpm,1924.2037658691406
1.071132161,1758897557.790132161,/studio/rotor_avg_rpm.mean_rpm,1924.2038269042969
1.072550599,1758897557.791550599,/studio/rotor_avg_rpm.mean_rpm,1924.9106750488281
1.072553039,1758897557.791553039,/studio/rotor_avg_rpm.mean_rpm,1919.7008361816406
1.072555429,1758897557.791555429,/studio/rotor_avg_rpm.mean_rpm,1918.941650390625
1.073659518,1758897557.792659518,/studio/rotor_avg_rpm.mean_rpm,1929.7801513671875
1.074708051,1758897557.793708051,/studio/rotor_avg_rpm.mean_rpm,1929.7801818847656
1.075865897,1758897557.794865897,/studio/rotor_avg_rpm.mean_rpm,1921.5596313476562
1.076899593,1758897557.795899593,/studio/rotor_avg_rpm.mean_rpm,1932.3981323242188
1.077920036,1758897557.796920036,/studio/rotor_avg_rpm.mean_rpm,1934.2831420898438
1.079180372,1758897557.798180372,/studio/rotor_avg_rpm.mean_rpm,1925.6961059570312
1.080833366,1758897557.799833366,/studio/rotor_avg_rpm.mean_rpm,1928.3140563964844
1.080843502,1758897557.799843502,/studio/rotor_avg_rpm.mean_rpm,1929.4397888183594
1.081795708,1758897557.800795708,/studio/rotor_avg_rpm.mean_rpm,1921.5596008300781
1.082878889,1758897557.801878889,/studio/rotor_avg_rpm.mean_rpm,1925.3033752441406
1.084157615,1758897557.803157615,/studio/rotor_avg_rpm.mean_rpm,1932.0316162109375
1.085081895,1758897557.804081895,/studio/rotor_avg_rpm.mean_rpm,1927.9213562011719
1.086154789,1758897557.805154789,/studio/rotor_avg_rpm.mean_rpm,1926.82177734375
1.087398192,1758897557.806398192,/studio/rotor_avg_rpm.mean_rpm,1929.0470886230469
1.08740388,1758897557.806403880,/studio/rotor_avg_rpm.mean_rpm,1925.6698608398438
1.088377492,1758897557.807377492,/studio/rotor_avg_rpm.mean_rpm,1923.444580078125
1.089500351,1758897557.808500351,/studio/rotor_avg_rpm.mean_rpm,1927.162109375
1.090722673,1758897557.809722673,/studio/rotor_avg_rpm.mean_rpm,1930.5393371582031
1.091699557,1758897557.810699557,/studio/rotor_avg_rpm.mean_rpm,1925.3033752441406
1.092770327,1758897557.811770327,/studio/rotor_avg_rpm.mean_rpm,1930.8796997070312
1.094028779,1758897557.813028779,/studio/rotor_avg_rpm.mean_rpm,1932.057861328125
1.095037755,1758897557.814037755,/studio/rotor_avg_rpm.mean_rpm,1927.5548400878906
1.096033998,1758897557.815033998,/studio/rotor_avg_rpm.mean_rpm,1928.7067565917969
1.097470556,1758897557.816470556,/studio/rotor_avg_rpm.mean_rpm,1931.298583984375
1.097479729,1758897557.816479729,/studio/rotor_avg_rpm.mean_rpm,1930.1990051269531
1.098491532,1758897557.817491532,/studio/rotor_avg_rpm.mean_rpm,1933.9427795410156
1.099614267,1758897557.818614267,/studio/rotor_avg_rpm.mean_rpm,1928.6806335449219
1.100748302,1758897557.819748302,/studio/rotor_avg_rpm.mean_rpm,1929.7801208496094
1.1018474,1758897557.820847400,/studio/rotor_avg_rpm.mean_rpm,1935.3826904296875
1.102880353,1758897557.821880353,/studio/rotor_avg_rpm.mean_rpm,1929.7801208496094
1.104058598,1758897557.823058598,/studio/rotor_avg_rpm.mean_rpm,1931.6650695800781
1.10495464,1758897557.823954640,/studio/rotor_avg_rpm.mean_rpm,1933.1573791503906
1.106336461,1758897557.825336461,/studio/rotor_avg_rpm.mean_rpm,1929.047119140625
1.107588413,1758897557.826588413,/studio/rotor_avg_rpm.mean_rpm,1927.1882934570312
1.107590659,1758897557.826590659,/studio/rotor_avg_rpm.mean_rpm,1935.0422973632812
1.109840126,1758897557.828840126,/studio/rotor_avg_rpm.mean_rpm,1932.0578002929688
1.109892877,1758897557.828892877,/studio/rotor_avg_rpm.mean_rpm,1929.8063659667969
1.11071333,1758897557.829713330,/studio/rotor_avg_rpm.mean_rpm,1933.890380859375
1.111531521,1758897557.830531521,/studio/rotor_avg_rpm.mean_rpm,1935.4088134765625
1.113152551,1758897557.832152551,/studio/rotor_avg_rpm.mean_rpm,1931.2985534667969
1.114044267,1758897557.833044267,/studio/rotor_avg_rpm.mean_rpm,1933.550048828125
1.11484207,1758897557.833842070,/studio/rotor_avg_rpm.mean_rpm,1932.7908630371094
1.116491625,1758897557.835491625,/studio/rotor_avg_rpm.mean_rpm,1934.6495971679688
1.116554156,1758897557.835554156,/studio/rotor_avg_rpm.mean_rpm,1935.3826599121094
1.117367425,1758897557.836367425,/studio/rotor_avg_rpm.mean_rpm,1935.775390625
1.118361688,1758897557.837361688,/studio/rotor_avg_rpm.mean_rpm,1933.1835327148438
1.11975885,1758897557.838758850,/studio/rotor_avg_rpm.mean_rpm,1932.4242858886719
1.120633156,1758897557.839633156,/studio/rotor_avg_rpm.mean_rpm,1946.6139221191406
1.12141616,1758897557.840416160,/studio/rotor_avg_rpm.mean_rpm,1941.0113525390625
1.124228197,1758897557.843228197,/studio/rotor_avg_rpm.mean_rpm,1936.5084533691406
1.124229695,1758897557.843229695,/studio/rotor_avg_rpm.mean_rpm,1941.3778686523438
1.125339035,1758897557.844339035,/studio/rotor_avg_rpm.mean_rpm,1938.4195861816406
1.126367266,1758897557.845367266,/studio/rotor_avg_rpm.mean_rpm,1937.2676391601562
1.127562383,1758897557.846562383,/studio/rotor_avg_rpm.mean_rpm,1940.2521667480469
1.127569065,1758897557.846569065,/studio/rotor_avg_rpm.mean_rpm,1939.1002807617188
1.128438085,1758897557.847438085,/studio/rotor_avg_rpm.mean_rpm,1940.6448669433594
1.129812977,1758897557.848812977,/studio/rotor_avg_rpm.mean_rpm,1932.0316467285156
1.130710548,1758897557.849710548,/studio/rotor_avg_rpm.mean_rpm,1942.5298461914062
1.131475211,1758897557.850475211,/studio/rotor_avg_rpm.mean_rpm,1940.9852294921875
1.133284343,1758897557.852284343,/studio/rotor_avg_rpm.mean_rpm,1942.1109313964844
1.13460528,1758897557.853605280,/studio/rotor_avg_rpm.mean_rpm,1941.7705993652344
1.134608785,1758897557.853608785,/studio/rotor_avg_rpm.mean_rpm,1947.3731079101562
1.135837075,1758897557.854837075,/studio/rotor_avg_rpm.mean_rpm,1942.1109008789062
1.137563686,1758897557.856563686,/studio/rotor_avg_rpm.mean_rpm,1945.4619750976562
1.139232552,1758897557.858232552,/studio/rotor_avg_rpm.mean_rpm,1941.7705993652344
1.139234837,1758897557.858234837,/studio/rotor_avg_rpm.mean_rpm,1942.8963317871094
1.140898565,1758897557.859898565,/studio/rotor_avg_rpm.mean_rpm,1935.0161743164062
1.140901302,1758897557.859901302,/studio/rotor_avg_rpm.mean_rpm,1947.7396240234375
1.142444171,1758897557.861444171,/studio/rotor_avg_rpm.mean_rpm,1952.9494323730469
1.143387114,1758897557.862387114,/studio/rotor_avg_rpm.mean_rpm,1941.3778991699219
1.144250982,1758897557.863250982,/studio/rotor_avg_rpm.mean_rpm,1938.3933410644531
1.1457625,1758897557.864762500,/studio/rotor_avg_rpm.mean_rpm,1938.3672485351562
1.147340492,1758897557.866340492,/studio/rotor_avg_rpm.mean_rpm,1939.1264343261719
1.149205028,1758897557.868205028,/studio/rotor_avg_rpm.mean_rpm,1941.0114135742188
1.149207655,1758897557.868207655,/studio/rotor_avg_rpm.mean_rpm,1944.755126953125
1.150653636,1758897557.869653636,/studio/rotor_avg_rpm.mean_rpm,1939.1526184082031
1.152886643,1758897557.871886643,/studio/rotor_avg_rpm.mean_rpm,1944.7289428710938
1.152889574,1758897557.871889574,/studio/rotor_avg_rpm.mean_rpm,1941.0113525390625
1.1528939440000001,1758897557.871893944,/studio/rotor_avg_rpm.mean_rpm,1937.6341552734375
1.154210502,1758897557.873210502,/studio/rotor_avg_rpm.mean_rpm,1943.9959106445312
1.155728527,1758897557.874728527,/studio/rotor_avg_rpm.mean_rpm,1942.843994140625
1.155740925,1758897557.874740925,/studio/rotor_avg_rpm.mean_rpm,1938.7598876953125
1.157608982,1758897557.876608982,/studio/rotor_avg_rpm.mean_rpm,1941.3517150878906
1.159051435,1758897557.878051435,/studio/rotor_avg_rpm.mean_rpm,1947.7658081054688
1.1590536980000001,1758897557.878053698,/studio/rotor_avg_rpm.mean_rpm,1942.8701782226562
1.159927351,1758897557.878927351,/studio/rotor_avg_rpm.mean_rpm,1939.1526184082031
1.161053904,1758897557.880053904,/studio/rotor_avg_rpm.mean_rpm,1935.7492065429688
1.164357605,1758897557.883357605,/studio/rotor_avg_rpm.mean_rpm,1942.503662109375
1.164358797,1758897557.883358797,/studio/rotor_avg_rpm.mean_rpm,1936.901123046875
1.164360165,1758897557.883360165,/studio/rotor_avg_rpm.mean_rpm,1937.2938537597656
1.165819895,1758897557.884819895,/studio/rotor_avg_rpm.mean_rpm,1945.0954284667969
1.165829234,1758897557.884829234,/studio/rotor_avg_rpm.mean_rpm,1942.8963623046875
1.167316444,1758897557.886316444,/studio/rotor_avg_rpm.mean_rpm,1938.0006713867188
1.16912229,1758897557.888122290,/studio/rotor_avg_rpm.mean_rpm,1941.0113525390625
1.169124807,1758897557.888124807,/studio/rotor_avg_rpm.mean_rpm,1938.3671875
1.1700988,1758897557.889098800,/studio/rotor_avg_rpm.mean_rpm,1936.9010925292969
1.17149855,1758897557.890498550,/studio/rotor_avg_rpm.mean_rpm,1938.02685546875
1.172884709,1758897557.891884709,/studio/rotor_avg_rpm.mean_rpm,1946.6400756835938
1.174007604,1758897557.893007604,/studio/rotor_avg_rpm.mean_rpm,1939.5191040039062
1.174012852,1758897557.893012852,/studio/rotor_avg_rpm.mean_rpm,1935.7753601074219
1.175039989,1758897557.894039989,/studio/rotor_avg_rpm.mean_rpm,1941.7705993652344
1.176020929,1758897557.895020929,/studio/rotor_avg_rpm.mean_rpm,1939.8856201171875
1.177254461,1758897557.896254461,/studio/rotor_avg_rpm.mean_rpm,1940.2521667480469
1.178236644,1758897557.897236644,/studio/rotor_avg_rpm.mean_rpm,1933.1311950683594
1.179293219,1758897557.898293219,/studio/rotor_avg_rpm.mean_rpm,1940.9851989746094
1.180887666,1758897557.899887666,/studio/rotor_avg_rpm.mean_rpm,1936.11572265625
1.182588881,1758897557.901588881,/studio/rotor_avg_rpm.mean_rpm,1938.7599487304688
1.182590209,1758897557.901590209,/studio/rotor_avg_rpm.mean_rpm,1939.8856201171875
1.183938999,1758897557.902938999,/studio/rotor_avg_rpm.mean_rpm,1941.7444152832031
1.183941059,1758897557.902941059,/studio/rotor_avg_rpm.mean_rpm,1940.9851684570312
1.184841466,1758897557.903841466,/studio/rotor_avg_rpm.mean_rpm,1939.8594665527344
1.185924349,1758897557.904924349,/studio/rotor_avg_rpm.mean_rpm,1941.0113220214844
1.187300412,1758897557.906300412,/studio/rotor_avg_rpm.mean_rpm,1938.7337036132812
1.188161754,1758897557.907161754,/studio/rotor_avg_rpm.mean_rpm,1940.9851684570312
1.189509861,1758897557.908509861,/studio/rotor_avg_rpm.mean_rpm,1944.7289733886719
1.190942852,1758897557.909942852,/studio/rotor_avg_rpm.mean_rpm,1935.775390625
1.192617217,1758897557.911617217,/studio/rotor_avg_rpm.mean_rpm,1946.2473754882812
1.192620942,1758897557.911620942,/studio/rotor_avg_rpm.mean_rpm,1943.2628173828125
1.193921634,1758897557.912921634,/studio/rotor_avg_rpm.mean_rpm,1934.9899597167969
1.193924126,1758897557.912924126,/studio/rotor_avg_rpm.mean_rpm,1936.5346069335938
1.195280104,1758897557.914280104,/studio/rotor_avg_rpm.mean_rpm,1945.1216430664062
1.196353801,1758897557.915353801,/studio/rotor_avg_rpm.mean_rpm,1934.9899597167969
1.197254829,1758897557.916254829,/studio/rotor_avg_rpm.mean_rpm,1934.2568969726562
1.198566094,1758897557.917566094,/studio/rotor_avg_rpm.mean_rpm,1942.1370849609375
1.199640902,1758897557.918640902,/studio/rotor_avg_rpm.mean_rpm,1936.5084228515625
1.20068457,1758897557.919684570,/studio/rotor_avg_rpm.mean_rpm,1937.6341857910156
1.201615888,1758897557.920615888,/studio/rotor_avg_rpm.mean_rpm,1938.3671569824219
1.203098164,1758897557.922098164,/studio/rotor_avg_rpm.mean_rpm,1938.4195556640625
1.203100158,1758897557.922100158,/studio/rotor_avg_rpm.mean_rpm,1933.890380859375
1.203956282,1758897557.922956282,/studio/rotor_avg_rpm.mean_rpm,1939.8594360351562
1.204857038,1758897557.923857038,/studio/rotor_avg_rpm.mean_rpm,1936.5346069335938
1.20635505,1758897557.925355050,/studio/rotor_avg_rpm.mean_rpm,1938.7598571777344
1.207323269,1758897557.926323269,/studio/rotor_avg_rpm.mean_rpm,1933.890380859375
1.208615862,1758897557.927615862,/studio/rotor_avg_rpm.mean_rpm,1934.6496887207031
1.209644527,1758897557.928644527,/studio/rotor_avg_rpm.mean_rpm,1939.5191345214844
1.210551403,1758897557.929551403,/studio/rotor_avg_rpm.mean_rpm,1938.0007019042969
1.212041423,1758897557.931041423,/studio/rotor_avg_rpm.mean_rpm,1934.2569274902344
1.21288786,1758897557.931887860,/studio/rotor_avg_rpm.mean_rpm,1938.7599487304688
1.2128947970000001,1758897557.931894797,/studio/rotor_avg_rpm.mean_rpm,1939.1264343261719
1.213927793,1758897557.932927793,/studio/rotor_avg_rpm.mean_rpm,1933.1835327148438
1.214905032,1758897557.933905032,/studio/rotor_avg_rpm.mean_rpm,1933.8904113769531
1.216278239,1758897557.935278239,/studio/rotor_avg_rpm.mean_rpm,1934.6234436035156
1.217415043,1758897557.936415043,/studio/rotor_avg_rpm.mean_rpm,1937.2414855957031
1.21967178,1758897557.938671780,/studio/rotor_avg_rpm.mean_rpm,1933.1311950683594
1.219675548,1758897557.938675548,/studio/rotor_avg_rpm.mean_rpm,1939.5191345214844
1.2209730030000001,1758897557.939973003,/studio/rotor_avg_rpm.mean_rpm,1939.492919921875
1.221950851,1758897557.940950851,/studio/rotor_avg_rpm.mean_rpm,1941.3517456054688
1.221953153,1758897557.940953153,/studio/rotor_avg_rpm.mean_rpm,1936.8749389648438
1.223106329,1758897557.942106329,/studio/rotor_avg_rpm.mean_rpm,1930.1466674804688
1.224082971,1758897557.943082971,/studio/rotor_avg_rpm.mean_rpm,1931.2723999023438
1.225404051,1758897557.944404051,/studio/rotor_avg_rpm.mean_rpm,1938.7598876953125
1.226358816,1758897557.945358816,/studio/rotor_avg_rpm.mean_rpm,1939.5191345214844
1.227398765,1758897557.946398765,/studio/rotor_avg_rpm.mean_rpm,1928.2879028320312
1.228751475,1758897557.947751475,/studio/rotor_avg_rpm.mean_rpm,1930.5393676757812
1.232049508,1758897557.951049508,/studio/rotor_avg_rpm.mean_rpm,1934.2569580078125
1.232054908,1758897557.951054908,/studio/rotor_avg_rpm.mean_rpm,1929.4136657714844
1.232056537,1758897557.951056537,/studio/rotor_avg_rpm.mean_rpm,1930.1728515625
1.233295032,1758897557.952295032,/studio/rotor_avg_rpm.mean_rpm,1937.2676696777344
1.233299653,1758897557.952299653,/studio/rotor_avg_rpm.mean_rpm,1932.7646484375
1.234065546,1758897557.953065546,/studio/rotor_avg_rpm.mean_rpm,1932.7908325195312
1.235585063,1758897557.954585063,/studio/rotor_avg_rpm.mean_rpm,1935.3826599121094
1.237249865,1758897557.956249865,/studio/rotor_avg_rpm.mean_rpm,1935.4088439941406
1.237252171,1758897557.956252171,/studio/rotor_avg_rpm.mean_rpm,1937.6603393554688
1.238133977,1758897557.957133977,/studio/rotor_avg_rpm.mean_rpm,1933.1311950683594
1.239315216,1758897557.958315216,/studio/rotor_avg_rpm.mean_rpm,1934.649658203125
1.256936573,1758897557.975936573,/studio/rotor_avg_rpm.mean_rpm,1932.3981323242188
1.256938331,1758897557.975938331,/studio/rotor_avg_rpm.mean_rpm,1930.5393676757812
1.256940726,1758897557.975940726,/studio/rotor_avg_rpm.mean_rpm,1934.2830810546875
1.256943033,1758897557.975943033,/studio/rotor_avg_rpm.mean_rpm,1934.6758422851562
1.25694447,1758897557.975944470,/studio/rotor_avg_rpm.mean_rpm,1934.2831115722656
1.2569458340000002,1758897557.975945834,/studio/rotor_avg_rpm.mean_rpm,1933.890380859375
1.25694911,1758897557.975949110,/studio/rotor_avg_rpm.mean_rpm,1931.2723999023438
1.256950832,1758897557.975950832,/studio/rotor_avg_rpm.mean_rpm,1936.5083923339844
1.256952223,1758897557.975952223,/studio/rotor_avg_rpm.mean_rpm,1930.5393676757812
1.256960144,1758897557.975960144,/studio/rotor_avg_rpm.mean_rpm,1939.1526184082031
1.256961731,1758897557.975961731,/studio/rotor_avg_rpm.mean_rpm,1940.6186828613281
1.2569636640000001,1758897557.975963664,/studio/rotor_avg_rpm.mean_rpm,1927.1621704101562
1.256975074,1758897557.975975074,/studio/rotor_avg_rpm.mean_rpm,1930.5393981933594
1.256977385,1758897557.975977385,/studio/rotor_avg_rpm.mean_rpm,1939.8594360351562
1.2569799000000001,1758897557.975979900,/studio/rotor_avg_rpm.mean_rpm,1932.7908325195312
1.25698273,1758897557.975982730,/studio/rotor_avg_rpm.mean_rpm,1931.2723999023438
1.256984868,1758897557.975984868,/studio/rotor_avg_rpm.mean_rpm,1936.1157531738281
1.261593975,1758897557.980593975,/studio/rotor_avg_rpm.mean_rpm,1927.9213562011719
1.261596709,1758897557.980596709,/studio/rotor_avg_rpm.mean_rpm,1935.0423278808594
1.261599791,1758897557.980599791,/studio/rotor_avg_rpm.mean_rpm,1942.8701782226562
1.261602707,1758897557.980602707,/studio/rotor_avg_rpm.mean_rpm,1938.3933715820312
1.261606421,1758897557.980606421,/studio/rotor_avg_rpm.mean_rpm,1929.7539672851562
1.262603969,1758897557.981603969,/studio/rotor_avg_rpm.mean_rpm,1927.9213562011719
1.263951018,1758897557.982951018,/studio/rotor_avg_rpm.mean_rpm,1924.1776123046875
1.265789277,1758897557.984789277,/studio/rotor_avg_rpm.mean_rpm,1928.6544189453125
1.2657930020000001,1758897557.984793002,/studio/rotor_avg_rpm.mean_rpm,1919.6746826171875
1.267189394,1758897557.986189394,/studio/rotor_avg_rpm.mean_rpm,1932.398193359375
1.26912274,1758897557.988122740,/studio/rotor_avg_rpm.mean_rpm,1935.7491760253906
1.269124878,1758897557.988124878,/studio/rotor_avg_rpm.mean_rpm,1931.2723999023438
1.270688616,1758897557.989688616,/studio/rotor_avg_rpm.mean_rpm,1936.9011535644531
1.270690864,1758897557.989690864,/studio/rotor_avg_rpm.mean_rpm,1931.2723999023438
1.27261456,1758897557.991614560,/studio/rotor_avg_rpm.mean_rpm,1934.6234741210938
1.2726169600000001,1758897557.991616960,/studio/rotor_avg_rpm.mean_rpm,1934.2831420898438
1.273909825,1758897557.992909825,/studio/rotor_avg_rpm.mean_rpm,1935.0422973632812
1.275277755,1758897557.994277755,/studio/rotor_avg_rpm.mean_rpm,1930.5655822753906
1.2761399660000001,1758897557.995139966,/studio/rotor_avg_rpm.mean_rpm,1931.2723999023438
1.276142048,1758897557.995142048,/studio/rotor_avg_rpm.mean_rpm,1932.8170471191406
1.277297859,1758897557.996297859,/studio/rotor_avg_rpm.mean_rpm,1932.3981323242188
1.278674132,1758897557.997674132,/studio/rotor_avg_rpm.mean_rpm,1938.02685546875
1.279660009,1758897557.998660009,/studio/rotor_avg_rpm.mean_rpm,1938.0268249511719
1.280626967,1758897557.999626967,/studio/rotor_avg_rpm.mean_rpm,1935.0161437988281
1.281986493,1758897558.000986493,/studio/rotor_avg_rpm.mean_rpm,1934.6495971679688
1.283057186,1758897558.002057186,/studio/rotor_avg_rpm.mean_rpm,1929.7801513671875
1.283976697,1758897558.002976697,/studio/rotor_avg_rpm.mean_rpm,1932.3981628417969
1.285833957,1758897558.004833957,/studio/rotor_avg_rpm.mean_rpm,1938.7337036132812
1.285837994,1758897558.004837994,/studio/rotor_avg_rpm.mean_rpm,1935.0423278808594
1.287264623,1758897558.006264623,/studio/rotor_avg_rpm.mean_rpm,1929.047119140625
1.287266581,1758897558.006266581,/studio/rotor_avg_rpm.mean_rpm,1935.3826599121094
1.2881634339999999,1758897558.007163434,/studio/rotor_avg_rpm.mean_rpm,1940.2259826660156
1.289259784,1758897558.008259784,/studio/rotor_avg_rpm.mean_rpm,1927.9213562011719
1.290576746,1758897558.009576746,/studio/rotor_avg_rpm.mean_rpm,1932.7908630371094
1.291505293,1758897558.010505293,/studio/rotor_avg_rpm.mean_rpm,1930.1466674804688
1.292876948,1758897558.011876948,/studio/rotor_avg_rpm.mean_rpm,1933.5238952636719
1.294198983,1758897558.013198983,/studio/rotor_avg_rpm.mean_rpm,1935.0423278808594
1.295999953,1758897558.014999953,/studio/rotor_avg_rpm.mean_rpm,1938.3933410644531
1.2960029290000001,1758897558.015002929,/studio/rotor_avg_rpm.mean_rpm,1923.41845703125
1.2972766500000001,1758897558.016276650,/studio/rotor_avg_rpm.mean_rpm,1927.1882934570312
1.298135509,1758897558.017135509,/studio/rotor_avg_rpm.mean_rpm,1935.775390625
1.299224622,1758897558.018224622,/studio/rotor_avg_rpm.mean_rpm,1934.2569274902344
1.300561576,1758897558.019561576,/studio/rotor_avg_rpm.mean_rpm,1929.8063354492188
1.300577657,1758897558.019577657,/studio/rotor_avg_rpm.mean_rpm,1936.901123046875
1.301388794,1758897558.020388794,/studio/rotor_avg_rpm.mean_rpm,1928.2879028320312
1.303015907,1758897558.022015907,/studio/rotor_avg_rpm.mean_rpm,1926.0364379882812
1.303930261,1758897558.022930261,/studio/rotor_avg_rpm.mean_rpm,1934.649658203125
1.304693811,1758897558.023693811,/studio/rotor_avg_rpm.mean_rpm,1931.6650695800781
1.30626759,1758897558.025267590,/studio/rotor_avg_rpm.mean_rpm,1923.8110656738281
1.307128756,1758897558.026128756,/studio/rotor_avg_rpm.mean_rpm,1927.5549011230469
1.30789255,1758897558.026892550,/studio/rotor_avg_rpm.mean_rpm,1925.6960754394531
1.309451351,1758897558.028451351,/studio/rotor_avg_rpm.mean_rpm,1930.5393371582031
1.309453604,1758897558.028453604,/studio/rotor_avg_rpm.mean_rpm,1931.298583984375
1.310502068,1758897558.029502068,/studio/rotor_avg_rpm.mean_rpm,1930.1728210449219
1.312427315,1758897558.031427315,/studio/rotor_avg_rpm.mean_rpm,1927.1883239746094
1.312429601,1758897558.031429601,/studio/rotor_avg_rpm.mean_rpm,1920.0673828125
1.313892632,1758897558.032892632,/studio/rotor_avg_rpm.mean_rpm,1920.4338684082031
1.315318016,1758897558.034318016,/studio/rotor_avg_rpm.mean_rpm,1928.6805725097656
1.3163470130000001,1758897558.035347013,/studio/rotor_avg_rpm.mean_rpm,1918.9416198730469
1.317323029,1758897558.036323029,/studio/rotor_avg_rpm.mean_rpm,1922.6853637695312
1.3186721399999999,1758897558.037672140,/studio/rotor_avg_rpm.mean_rpm,1926.4291687011719
1.318676273,1758897558.037676273,/studio/rotor_avg_rpm.mean_rpm,1924.9368591308594
1.319680631,1758897558.038680631,/studio/rotor_avg_rpm.mean_rpm,1919.7008666992188
1.320633746,1758897558.039633746,/studio/rotor_avg_rpm.mean_rpm,1917.0828552246094
1.322025727,1758897558.041025727,/studio/rotor_avg_rpm.mean_rpm,1923.0519104003906
1.323251145,1758897558.042251145,/studio/rotor_avg_rpm.mean_rpm,1916.6901550292969
1.3240544810000001,1758897558.043054481,/studio/rotor_avg_rpm.mean_rpm,1919.6746826171875
1.324821644,1758897558.043821644,/studio/rotor_avg_rpm.mean_rpm,1920.8004150390625
1.326356051,1758897558.045356051,/studio/rotor_avg_rpm.mean_rpm,1924.9368591308594
1.32738017,1758897558.046380170,/studio/rotor_avg_rpm.mean_rpm,1916.3498229980469
1.328293082,1758897558.047293082,/studio/rotor_avg_rpm.mean_rpm,1921.9261779785156
1.328295722,1758897558.047295722,/studio/rotor_avg_rpm.mean_rpm,1924.5441589355469
1.329553317,1758897558.048553317,/studio/rotor_avg_rpm.mean_rpm,1915.2240600585938
1.330696842,1758897558.049696842,/studio/rotor_avg_rpm.mean_rpm,1919.3343505859375
1.332224232,1758897558.051224232,/studio/rotor_avg_rpm.mean_rpm,1918.1824035644531
1.333277659,1758897558.052277659,/studio/rotor_avg_rpm.mean_rpm,1912.2134094238281
1.334258068,1758897558.053258068,/studio/rotor_avg_rpm.mean_rpm,1915.1717224121094
1.3357324560000001,1758897558.054732456,/studio/rotor_avg_rpm.mean_rpm,1920.0412292480469
1.33573708,1758897558.054737080,/studio/rotor_avg_rpm.mean_rpm,1910.3546142578125
1.33723402,1758897558.056234020,/studio/rotor_avg_rpm.mean_rpm,1911.8468627929688
1.339012409,1758897558.058012409,/studio/rotor_avg_rpm.mean_rpm,1915.5644226074219
1.339016212,1758897558.058016212,/studio/rotor_avg_rpm.mean_rpm,1912.9987487792969
1.339917994,1758897558.058917994,/studio/rotor_avg_rpm.mean_rpm,1923.4446105957031
1.3411767380000001,1758897558.060176738,/studio/rotor_avg_rpm.mean_rpm,1915.1978759765625
1.342267436,1758897558.061267436,/studio/rotor_avg_rpm.mean_rpm,1924.5703735351562
1.343967034,1758897558.062967034,/studio/rotor_avg_rpm.mean_rpm,1919.6746520996094
1.343968912,1758897558.062968912,/studio/rotor_avg_rpm.mean_rpm,1910.6949462890625
1.3456021950000001,1758897558.064602195,/studio/rotor_avg_rpm.mean_rpm,1914.8575439453125
1.3456129190000001,1758897558.064612919,/studio/rotor_avg_rpm.mean_rpm,1912.9725952148438
1.346817138,1758897558.065817138,/studio/rotor_avg_rpm.mean_rpm,1907.3439025878906
1.348771486,1758897558.067771486,/studio/rotor_avg_rpm.mean_rpm,1906.2443542480469
1.349773896,1758897558.068773896,/studio/rotor_avg_rpm.mean_rpm,1911.8468627929688
1.3497764700000001,1758897558.068776470,/studio/rotor_avg_rpm.mean_rpm,1911.1138000488281
1.350435944,1758897558.069435944,/studio/rotor_avg_rpm.mean_rpm,1915.5644226074219
1.35123601,1758897558.070236010,/studio/rotor_avg_rpm.mean_rpm,1909.9618835449219
1.352155494,1758897558.071155494,/studio/rotor_avg_rpm.mean_rpm,1911.1138000488281
1.353191741,1758897558.072191741,/studio/rotor_avg_rpm.mean_rpm,1906.61083984375
1.354156638,1758897558.073156638,/studio/rotor_avg_rpm.mean_rpm,1909.5691833496094
1.355809615,1758897558.074809615,/studio/rotor_avg_rpm.mean_rpm,1905.8516235351562
1.357509321,1758897558.076509321,/studio/rotor_avg_rpm.mean_rpm,1909.9618835449219
1.3575125780000001,1758897558.076512578,/studio/rotor_avg_rpm.mean_rpm,1911.4541625976562
1.359369491,1758897558.078369491,/studio/rotor_avg_rpm.mean_rpm,1911.087646484375
1.360487163,1758897558.079487163,/studio/rotor_avg_rpm.mean_rpm,1917.8158874511719
1.360494255,1758897558.079494255,/studio/rotor_avg_rpm.mean_rpm,1911.4541931152344
1.361346814,1758897558.080346814,/studio/rotor_avg_rpm.mean_rpm,1907.3439025878906
1.362498241,1758897558.081498241,/studio/rotor_avg_rpm.mean_rpm,1911.4541625976562
1.364015124,1758897558.083015124,/studio/rotor_avg_rpm.mean_rpm,1905.8516235351562
1.364845507,1758897558.083845507,/studio/rotor_avg_rpm.mean_rpm,1904.0190124511719
1.365962482,1758897558.084962482,/studio/rotor_avg_rpm.mean_rpm,1904.359375
1.367261173,1758897558.086261173,/studio/rotor_avg_rpm.mean_rpm,1909.9880676269531
1.368004547,1758897558.087004547,/studio/rotor_avg_rpm.mean_rpm,1904.359375
1.369248629,1758897558.088248629,/studio/rotor_avg_rpm.mean_rpm,1907.7104187011719
1.370420671,1758897558.089420671,/studio/rotor_avg_rpm.mean_rpm,1905.8516235351562
1.371582812,1758897558.090582812,/studio/rotor_avg_rpm.mean_rpm,1910.7472839355469
1.371586575,1758897558.090586575,/studio/rotor_avg_rpm.mean_rpm,1909.2026672363281
1.372640718,1758897558.091640718,/studio/rotor_avg_rpm.mean_rpm,1901.3748474121094
1.37383658,1758897558.092836580,/studio/rotor_avg_rpm.mean_rpm,1910.3545837402344
1.374591697,1758897558.093591697,/studio/rotor_avg_rpm.mean_rpm,1907.3439025878906
1.375958126,1758897558.094958126,/studio/rotor_avg_rpm.mean_rpm,1905.8516235351562
1.3777396,1758897558.096739600,/studio/rotor_avg_rpm.mean_rpm,1912.9464111328125
1.379199439,1758897558.098199439,/studio/rotor_avg_rpm.mean_rpm,1908.4696350097656
1.379201647,1758897558.098201647,/studio/rotor_avg_rpm.mean_rpm,1902.8409729003906
1.380460272,1758897558.099460272,/studio/rotor_avg_rpm.mean_rpm,1915.1979370117188
1.3814642670000001,1758897558.100464267,/studio/rotor_avg_rpm.mean_rpm,1910.7211303710938
1.382552241,1758897558.101552241,/studio/rotor_avg_rpm.mean_rpm,1909.5953674316406
1.384070504,1758897558.103070504,/studio/rotor_avg_rpm.mean_rpm,1907.7104187011719
1.38407173,1758897558.103071730,/studio/rotor_avg_rpm.mean_rpm,1910.3284301757812
1.387333992,1758897558.106333992,/studio/rotor_avg_rpm.mean_rpm,1912.1871948242188
1.387337803,1758897558.106337803,/studio/rotor_avg_rpm.mean_rpm,1904.3594055175781
1.387343661,1758897558.106343661,/studio/rotor_avg_rpm.mean_rpm,1909.5692138671875
1.389259363,1758897558.108259363,/studio/rotor_avg_rpm.mean_rpm,1911.1138000488281
1.389265591,1758897558.108265591,/studio/rotor_avg_rpm.mean_rpm,1907.3700561523438
1.390589575,1758897558.109589575,/studio/rotor_avg_rpm.mean_rpm,1906.2181701660156
1.391431035,1758897558.110431035,/studio/rotor_avg_rpm.mean_rpm,1909.988037109375
1.392821688,1758897558.111821688,/studio/rotor_avg_rpm.mean_rpm,1908.4696350097656
1.392829374,1758897558.111829374,/studio/rotor_avg_rpm.mean_rpm,1905.4589538574219
1.393754119,1758897558.112754119,/studio/rotor_avg_rpm.mean_rpm,1912.9464111328125
1.395244442,1758897558.114244442,/studio/rotor_avg_rpm.mean_rpm,1908.4958190917969
1.396150035,1758897558.115150035,/studio/rotor_avg_rpm.mean_rpm,1912.9463806152344
1.397057489,1758897558.116057489,/studio/rotor_avg_rpm.mean_rpm,1907.7366027832031
1.398464897,1758897558.117464897,/studio/rotor_avg_rpm.mean_rpm,1911.0876159667969
1.399419298,1758897558.118419298,/studio/rotor_avg_rpm.mean_rpm,1903.2597961425781
1.400435511,1758897558.119435511,/studio/rotor_avg_rpm.mean_rpm,1914.8313598632812
1.401280311,1758897558.120280311,/studio/rotor_avg_rpm.mean_rpm,1910.3546142578125
1.402684416,1758897558.121684416,/studio/rotor_avg_rpm.mean_rpm,1911.8206787109375
1.402686712,1758897558.121686712,/studio/rotor_avg_rpm.mean_rpm,1915.5644226074219
1.403895554,1758897558.122895554,/studio/rotor_avg_rpm.mean_rpm,1910.7472839355469
1.404855518,1758897558.123855518,/studio/rotor_avg_rpm.mean_rpm,1912.9464111328125
1.405943536,1758897558.124943536,/studio/rotor_avg_rpm.mean_rpm,1910.3545837402344
1.407061662,1758897558.126061662,/studio/rotor_avg_rpm.mean_rpm,1907.0035400390625
1.407834656,1758897558.126834656,/studio/rotor_avg_rpm.mean_rpm,1912.21337890625
1.409146236,1758897558.128146236,/studio/rotor_avg_rpm.mean_rpm,1908.8623352050781
1.410492587,1758897558.129492587,/studio/rotor_avg_rpm.mean_rpm,1903.6263427734375
1.411350088,1758897558.130350088,/studio/rotor_avg_rpm.mean_rpm,1915.9832763671875
1.412474732,1758897558.131474732,/studio/rotor_avg_rpm.mean_rpm,1912.9725952148438
1.413823233,1758897558.132823233,/studio/rotor_avg_rpm.mean_rpm,1912.6060485839844
1.413824358,1758897558.132824358,/studio/rotor_avg_rpm.mean_rpm,1904.359375
1.4147134000000001,1758897558.133713400,/studio/rotor_avg_rpm.mean_rpm,1914.8313903808594
1.4158023910000002,1758897558.134802391,/studio/rotor_avg_rpm.mean_rpm,1910.7211303710938
1.417142895,1758897558.136142895,/studio/rotor_avg_rpm.mean_rpm,1900.6156616210938
1.417942374,1758897558.136942374,/studio/rotor_avg_rpm.mean_rpm,1907.3439331054688
1.4194139620000001,1758897558.138413962,/studio/rotor_avg_rpm.mean_rpm,1903.9928894042969
1.420378199,1758897558.139378199,/studio/rotor_avg_rpm.mean_rpm,1902.1340637207031
1.4212074970000002,1758897558.140207497,/studio/rotor_avg_rpm.mean_rpm,1910.3545837402344
1.422523577,1758897558.141523577,/studio/rotor_avg_rpm.mean_rpm,1906.2443542480469
1.4243208250000001,1758897558.143320825,/studio/rotor_avg_rpm.mean_rpm,1905.8516235351562
1.424323721,1758897558.143323721,/studio/rotor_avg_rpm.mean_rpm,1912.9725952148438
1.425860123,1758897558.144860123,/studio/rotor_avg_rpm.mean_rpm,1917.4755554199219
1.425893759,1758897558.144893759,/studio/rotor_avg_rpm.mean_rpm,1908.836181640625
1.427154201,1758897558.146154201,/studio/rotor_avg_rpm.mean_rpm,1905.4851379394531
1.4279326060000002,1758897558.146932606,/studio/rotor_avg_rpm.mean_rpm,1903.9928588867188
1.429524536,1758897558.148524536,/studio/rotor_avg_rpm.mean_rpm,1910.7472839355469
1.43046159,1758897558.149461590,/studio/rotor_avg_rpm.mean_rpm,1906.2443237304688
1.431207464,1758897558.150207464,/studio/rotor_avg_rpm.mean_rpm,1911.8468627929688
1.432935503,1758897558.151935503,/studio/rotor_avg_rpm.mean_rpm,1911.873046875
1.432949612,1758897558.151949612,/studio/rotor_avg_rpm.mean_rpm,1905.8516540527344
1.43388045,1758897558.152880450,/studio/rotor_avg_rpm.mean_rpm,1915.1978759765625
1.435474817,1758897558.154474817,/studio/rotor_avg_rpm.mean_rpm,1908.1293029785156
1.4365229400000001,1758897558.155522940,/studio/rotor_avg_rpm.mean_rpm,1907.7366027832031
1.437458769,1758897558.156458769,/studio/rotor_avg_rpm.mean_rpm,1909.5691833496094
1.4390628250000002,1758897558.158062825,/studio/rotor_avg_rpm.mean_rpm,1909.62158203125
1.439063946,1758897558.158063946,/studio/rotor_avg_rpm.mean_rpm,1909.5953674316406
1.440439015,1758897558.159439015,/studio/rotor_avg_rpm.mean_rpm,1909.5953674316406
1.441149464,1758897558.160149464,/studio/rotor_avg_rpm.mean_rpm,1906.6370544433594
1.442345285,1758897558.161345285,/studio/rotor_avg_rpm.mean_rpm,1906.61083984375
1.443904726,1758897558.162904726,/studio/rotor_avg_rpm.mean_rpm,1910.7472839355469
1.443907022,1758897558.162907022,/studio/rotor_avg_rpm.mean_rpm,1905.485107421875
1.4631906780000001,1758897558.182190678,/studio/rotor_avg_rpm.mean_rpm,1912.5798950195312
1.463193022,1758897558.182193022,/studio/rotor_avg_rpm.mean_rpm,1906.9773559570312
1.4632613540000001,1758897558.182261354,/studio/rotor_avg_rpm.mean_rpm,1909.5953979492188
1.46326469,1758897558.182264690,/studio/rotor_avg_rpm.mean_rpm,1904.7520751953125
1.4632701350000001,1758897558.182270135,/studio/rotor_avg_rpm.mean_rpm,1907.7366027832031
1.463271329,1758897558.182271329,/studio/rotor_avg_rpm.mean_rpm,1909.9618835449219
1.463278273,1758897558.182278273,/studio/rotor_avg_rpm.mean_rpm,1909.9880676269531
1.463281168,1758897558.182281168,/studio/rotor_avg_rpm.mean_rpm,1909.9619140625
1.463283192,1758897558.182283192,/studio/rotor_avg_rpm.mean_rpm,1910.3283996582031
1.463285902,1758897558.182285902,/studio/rotor_avg_rpm.mean_rpm,1911.4803161621094
1.463287909,1758897558.182287909,/studio/rotor_avg_rpm.mean_rpm,1907.3700866699219
1.463289443,1758897558.182289443,/studio/rotor_avg_rpm.mean_rpm,1906.2181701660156
1.463295116,1758897558.182295116,/studio/rotor_avg_rpm.mean_rpm,1909.2288513183594
1.463298439,1758897558.182298439,/studio/rotor_avg_rpm.mean_rpm,1902.10791015625
1.463299822,1758897558.182299822,/studio/rotor_avg_rpm.mean_rpm,1905.1185913085938
1.46335498,1758897558.182354980,/studio/rotor_avg_rpm.mean_rpm,1909.9618835449219
1.4633612870000001,1758897558.182361287,/studio/rotor_avg_rpm.mean_rpm,1898.3903503417969
1.4672614720000001,1758897558.186261472,/studio/rotor_avg_rpm.mean_rpm,1905.1185913085938
1.467264445,1758897558.186264445,/studio/rotor_avg_rpm.mean_rpm,1909.9618835449219
1.467266622,1758897558.186266622,/studio/rotor_avg_rpm.mean_rpm,1908.1293029785156
1.467282798,1758897558.186282798,/studio/rotor_avg_rpm.mean_rpm,1900.6418151855469
1.467284649,1758897558.186284649,/studio/rotor_avg_rpm.mean_rpm,1912.21337890625
1.467286708,1758897558.186286708,/studio/rotor_avg_rpm.mean_rpm,1910.3283996582031
1.468175697,1758897558.187175697,/studio/rotor_avg_rpm.mean_rpm,1907.0035705566406
1.4694754190000001,1758897558.188475419,/studio/rotor_avg_rpm.mean_rpm,1904.7258911132812
1.470879283,1758897558.189879283,/studio/rotor_avg_rpm.mean_rpm,1912.2133483886719
1.470885375,1758897558.189885375,/studio/rotor_avg_rpm.mean_rpm,1907.3439025878906
1.472818715,1758897558.191818715,/studio/rotor_avg_rpm.mean_rpm,1909.2288513183594
1.473718528,1758897558.192718528,/studio/rotor_avg_rpm.mean_rpm,1912.2134094238281
1.474530364,1758897558.193530364,/studio/rotor_avg_rpm.mean_rpm,1904.3855895996094
1.47612952,1758897558.195129520,/studio/rotor_avg_rpm.mean_rpm,1903.9666442871094
1.476131474,1758897558.195131474,/studio/rotor_avg_rpm.mean_rpm,1911.0876159667969
1.477058698,1758897558.196058698,/studio/rotor_avg_rpm.mean_rpm,1909.5953674316406
1.478790458,1758897558.197790458,/studio/rotor_avg_rpm.mean_rpm,1899.8825988769531
1.480494746,1758897558.199494746,/studio/rotor_avg_rpm.mean_rpm,1908.836181640625
1.481252394,1758897558.200252394,/studio/rotor_avg_rpm.mean_rpm,1912.2134094238281
1.481254279,1758897558.200254279,/studio/rotor_avg_rpm.mean_rpm,1901.3486938476562
1.483026961,1758897558.202026961,/studio/rotor_avg_rpm.mean_rpm,1908.4696044921875
1.483029103,1758897558.202029103,/studio/rotor_avg_rpm.mean_rpm,1908.1031188964844
1.483900228,1758897558.202900228,/studio/rotor_avg_rpm.mean_rpm,1900.2491149902344
1.485817851,1758897558.204817851,/studio/rotor_avg_rpm.mean_rpm,1905.1185913085938
1.487097741,1758897558.206097741,/studio/rotor_avg_rpm.mean_rpm,1919.7008361816406
1.487099757,1758897558.206099757,/studio/rotor_avg_rpm.mean_rpm,1905.0924072265625
1.487978442,1758897558.206978442,/studio/rotor_avg_rpm.mean_rpm,1896.1388549804688
1.489058851,1758897558.208058851,/studio/rotor_avg_rpm.mean_rpm,1903.6001586914062
1.490371291,1758897558.209371291,/studio/rotor_avg_rpm.mean_rpm,1915.2240905761719
1.491271502,1758897558.210271502,/studio/rotor_avg_rpm.mean_rpm,1899.1233825683594
1.4923853120000001,1758897558.211385312,/studio/rotor_avg_rpm.mean_rpm,1911.8468322753906
1.4936359110000001,1758897558.212635911,/studio/rotor_avg_rpm.mean_rpm,1906.6108703613281
1.494564161,1758897558.213564161,/studio/rotor_avg_rpm.mean_rpm,1899.1233520507812
1.495731781,1758897558.214731781,/studio/rotor_avg_rpm.mean_rpm,1906.5846557617188
1.497043437,1758897558.216043437,/studio/rotor_avg_rpm.mean_rpm,1912.21337890625
1.49704479,1758897558.216044790,/studio/rotor_avg_rpm.mean_rpm,1904.7258911132812
1.497857819,1758897558.216857819,/studio/rotor_avg_rpm.mean_rpm,1904.7259216308594
1.499070554,1758897558.218070554,/studio/rotor_avg_rpm.mean_rpm,1909.9618835449219
1.500351431,1758897558.219351431,/studio/rotor_avg_rpm.mean_rpm,1900.641845703125
1.50134306,1758897558.220343060,/studio/rotor_avg_rpm.mean_rpm,1907.3438720703125
1.502905985,1758897558.221905985,/studio/rotor_avg_rpm.mean_rpm,1907.7366027832031
1.5038640509999999,1758897558.222864051,/studio/rotor_avg_rpm.mean_rpm,1911.4541320800781
1.503868715,1758897558.222868715,/studio/rotor_avg_rpm.mean_rpm,1910.3545837402344
1.504827723,1758897558.223827723,/studio/rotor_avg_rpm.mean_rpm,1909.5953674316406
1.506119653,1758897558.225119653,/studio/rotor_avg_rpm.mean_rpm,1906.9774169921875
1.507134856,1758897558.226134856,/studio/rotor_avg_rpm.mean_rpm,1909.2026672363281
1.5078999419999999,1758897558.226899942,/studio/rotor_avg_rpm.mean_rpm,1905.485107421875
1.509309026,1758897558.228309026,/studio/rotor_avg_rpm.mean_rpm,1912.2395629882812
1.510232676,1758897558.229232676,/studio/rotor_avg_rpm.mean_rpm,1911.0876159667969
1.511063405,1758897558.230063405,/studio/rotor_avg_rpm.mean_rpm,1905.5113220214844
1.512508118,1758897558.231508118,/studio/rotor_avg_rpm.mean_rpm,1916.6901550292969
1.5137911590000002,1758897558.232791159,/studio/rotor_avg_rpm.mean_rpm,1908.1293029785156
1.5148072410000002,1758897558.233807241,/studio/rotor_avg_rpm.mean_rpm,1906.2443542480469
1.515869916,1758897558.234869916,/studio/rotor_avg_rpm.mean_rpm,1911.8468627929688
1.517062472,1758897558.236062472,/studio/rotor_avg_rpm.mean_rpm,1917.0828247070312
1.517064842,1758897558.236064842,/studio/rotor_avg_rpm.mean_rpm,1907.3438720703125
1.519474002,1758897558.238474002,/studio/rotor_avg_rpm.mean_rpm,1910.3545837402344
1.520443773,1758897558.239443773,/studio/rotor_avg_rpm.mean_rpm,1909.9880676269531
1.520446455,1758897558.239446455,/studio/rotor_avg_rpm.mean_rpm,1908.1031188964844
1.521498154,1758897558.240498154,/studio/rotor_avg_rpm.mean_rpm,1912.2133483886719
1.522590561,1758897558.241590561,/studio/rotor_avg_rpm.mean_rpm,1909.2288513183594
1.5239414130000002,1758897558.242941413,/studio/rotor_avg_rpm.mean_rpm,1909.5953674316406
1.524857852,1758897558.243857852,/studio/rotor_avg_rpm.mean_rpm,1909.9880676269531
1.525994305,1758897558.244994305,/studio/rotor_avg_rpm.mean_rpm,1915.9571228027344
1.526873165,1758897558.245873165,/studio/rotor_avg_rpm.mean_rpm,1911.087646484375
1.527637134,1758897558.246637134,/studio/rotor_avg_rpm.mean_rpm,1917.0828552246094
1.529253079,1758897558.248253079,/studio/rotor_avg_rpm.mean_rpm,1910.3284301757812
1.5292554250000001,1758897558.248255425,/studio/rotor_avg_rpm.mean_rpm,1910.3545837402344
1.530267418,1758897558.249267418,/studio/rotor_avg_rpm.mean_rpm,1910.3284301757812
1.531160848,1758897558.250160848,/studio/rotor_avg_rpm.mean_rpm,1919.3343505859375
1.532603161,1758897558.251603161,/studio/rotor_avg_rpm.mean_rpm,1912.9725952148438
1.5338800300000002,1758897558.252880030,/studio/rotor_avg_rpm.mean_rpm,1911.8468627929688
1.53514194,1758897558.254141940,/studio/rotor_avg_rpm.mean_rpm,1913.339111328125
1.536091032,1758897558.255091032,/studio/rotor_avg_rpm.mean_rpm,1909.5953979492188
1.5369879499999999,1758897558.255987950,/studio/rotor_avg_rpm.mean_rpm,1915.9571228027344
1.5377318720000002,1758897558.256731872,/studio/rotor_avg_rpm.mean_rpm,1913.3129272460938
1.539410371,1758897558.258410371,/studio/rotor_avg_rpm.mean_rpm,1916.3236389160156
1.539412278,1758897558.258412278,/studio/rotor_avg_rpm.mean_rpm,1909.9880981445312
1.5403043200000002,1758897558.259304320,/studio/rotor_avg_rpm.mean_rpm,1919.3605346679688
1.5411798540000001,1758897558.260179854,/studio/rotor_avg_rpm.mean_rpm,1916.71630859375
1.542762989,1758897558.261762989,/studio/rotor_avg_rpm.mean_rpm,1910.3546142578125
1.543974269,1758897558.262974269,/studio/rotor_avg_rpm.mean_rpm,1917.4493713378906
1.54541052,1758897558.264410520,/studio/rotor_avg_rpm.mean_rpm,1921.9523010253906
1.54541547,1758897558.264415470,/studio/rotor_avg_rpm.mean_rpm,1910.3546142578125
1.546438076,1758897558.265438076,/studio/rotor_avg_rpm.mean_rpm,1914.46484375
1.547974836,1758897558.266974836,/studio/rotor_avg_rpm.mean_rpm,1920.4600830078125
1.548860165,1758897558.267860165,/studio/rotor_avg_rpm.mean_rpm,1916.7163696289062
1.550314027,1758897558.269314027,/studio/rotor_avg_rpm.mean_rpm,1910.3546142578125
1.550315886,1758897558.269315886,/studio/rotor_avg_rpm.mean_rpm,1914.4648742675781
1.551256272,1758897558.270256272,/studio/rotor_avg_rpm.mean_rpm,1916.3236389160156
1.5524118900000001,1758897558.271411890,/studio/rotor_avg_rpm.mean_rpm,1914.8313903808594
1.553597417,1758897558.272597417,/studio/rotor_avg_rpm.mean_rpm,1912.5798950195312
1.554766898,1758897558.273766898,/studio/rotor_avg_rpm.mean_rpm,1914.4648742675781
1.5558684820000002,1758897558.274868482,/studio/rotor_avg_rpm.mean_rpm,1916.3497924804688
1.556890149,1758897558.275890149,/studio/rotor_avg_rpm.mean_rpm,1917.4493713378906
1.557661336,1758897558.276661336,/studio/rotor_avg_rpm.mean_rpm,1918.2085571289062
1.5592866710000002,1758897558.278286671,/studio/rotor_avg_rpm.mean_rpm,1914.4648742675781
1.5592880020000002,1758897558.278288002,/studio/rotor_avg_rpm.mean_rpm,1915.9571228027344
1.5603479980000001,1758897558.279347998,/studio/rotor_avg_rpm.mean_rpm,1923.8111267089844
1.5612096210000002,1758897558.280209621,/studio/rotor_avg_rpm.mean_rpm,1914.0983276367188
1.562912572,1758897558.281912572,/studio/rotor_avg_rpm.mean_rpm,1913.3391418457031
1.564243402,1758897558.283243402,/studio/rotor_avg_rpm.mean_rpm,1914.0983276367188
1.5652178079999999,1758897558.284217808,/studio/rotor_avg_rpm.mean_rpm,1917.0828247070312
1.565223756,1758897558.284223756,/studio/rotor_avg_rpm.mean_rpm,1916.7425231933594
1.566492894,1758897558.285492894,/studio/rotor_avg_rpm.mean_rpm,1915.2240905761719
1.567980101,1758897558.286980101,/studio/rotor_avg_rpm.mean_rpm,1915.2240905761719
1.569482045,1758897558.288482045,/studio/rotor_avg_rpm.mean_rpm,1912.6060791015625
1.5694882589999999,1758897558.288488259,/studio/rotor_avg_rpm.mean_rpm,1919.7008666992188
1.570554201,1758897558.289554201,/studio/rotor_avg_rpm.mean_rpm,1914.4648742675781
1.571938883,1758897558.290938883,/studio/rotor_avg_rpm.mean_rpm,1916.3236389160156
1.572933113,1758897558.291933113,/studio/rotor_avg_rpm.mean_rpm,1918.6012878417969
1.575639515,1758897558.294639515,/studio/rotor_avg_rpm.mean_rpm,1917.4755859375
1.575641974,1758897558.294641974,/studio/rotor_avg_rpm.mean_rpm,1915.2240905761719
1.575643224,1758897558.294643224,/studio/rotor_avg_rpm.mean_rpm,1915.9833068847656
1.576913877,1758897558.295913877,/studio/rotor_avg_rpm.mean_rpm,1911.4803466796875
1.578792242,1758897558.297792242,/studio/rotor_avg_rpm.mean_rpm,1917.4493713378906
1.578796174,1758897558.297796174,/studio/rotor_avg_rpm.mean_rpm,1917.4755859375
1.580401036,1758897558.299401036,/studio/rotor_avg_rpm.mean_rpm,1914.8575744628906
1.580404479,1758897558.299404479,/studio/rotor_avg_rpm.mean_rpm,1914.8575439453125
1.582551002,1758897558.301551002,/studio/rotor_avg_rpm.mean_rpm,1915.9570922851562
1.583711089,1758897558.302711089,/studio/rotor_avg_rpm.mean_rpm,1914.8313598632812
1.5837139900000001,1758897558.302713990,/studio/rotor_avg_rpm.mean_rpm,1915.1979370117188
1.585263124,1758897558.304263124,/studio/rotor_avg_rpm.mean_rpm,1912.5799255371094
1.585265171,1758897558.304265171,/studio/rotor_avg_rpm.mean_rpm,1915.1979064941406
1.5864449569999999,1758897558.305444957,/studio/rotor_avg_rpm.mean_rpm,1912.9725952148438
1.587558036,1758897558.306558036,/studio/rotor_avg_rpm.mean_rpm,1915.2240600585938
1.588673762,1758897558.307673762,/studio/rotor_avg_rpm.mean_rpm,1919.7008666992188
1.5903054550000002,1758897558.309305455,/studio/rotor_avg_rpm.mean_rpm,1916.3236389160156
1.590307552,1758897558.309307552,/studio/rotor_avg_rpm.mean_rpm,1910.7472839355469
1.5921821770000002,1758897558.311182177,/studio/rotor_avg_rpm.mean_rpm,1915.2240905761719
1.5935259350000002,1758897558.312525935,/studio/rotor_avg_rpm.mean_rpm,1916.3498229980469
1.59352883,1758897558.312528830,/studio/rotor_avg_rpm.mean_rpm,1910.3546447753906
1.594413424,1758897558.313413424,/studio/rotor_avg_rpm.mean_rpm,1910.3284301757812
1.595323878,1758897558.314323878,/studio/rotor_avg_rpm.mean_rpm,1915.1979064941406
1.5968424940000001,1758897558.315842494,/studio/rotor_avg_rpm.mean_rpm,1913.7056274414062
1.5977452699999999,1758897558.316745270,/studio/rotor_avg_rpm.mean_rpm,1914.0983276367188
1.598832461,1758897558.317832461,/studio/rotor_avg_rpm.mean_rpm,1915.5906372070312
1.600272815,1758897558.319272815,/studio/rotor_avg_rpm.mean_rpm,1917.0828552246094
1.602198443,1758897558.321198443,/studio/rotor_avg_rpm.mean_rpm,1919.3343200683594
1.602204858,1758897558.321204858,/studio/rotor_avg_rpm.mean_rpm,1917.0828552246094
1.603706445,1758897558.322706445,/studio/rotor_avg_rpm.mean_rpm,1922.6853637695312
1.603709673,1758897558.322709673,/studio/rotor_avg_rpm.mean_rpm,1918.2348022460938
1.605382034,1758897558.324382034,/studio/rotor_avg_rpm.mean_rpm,1912.2395629882812
1.605384204,1758897558.324384204,/studio/rotor_avg_rpm.mean_rpm,1924.5703735351562
1.606876878,1758897558.325876878,/studio/rotor_avg_rpm.mean_rpm,1918.2085876464844
1.607895383,1758897558.326895383,/studio/rotor_avg_rpm.mean_rpm,1916.349853515625
1.6092136410000002,1758897558.328213641,/studio/rotor_avg_rpm.mean_rpm,1917.842041015625
1.610324198,1758897558.329324198,/studio/rotor_avg_rpm.mean_rpm,1921.193115234375
1.611720621,1758897558.330720621,/studio/rotor_avg_rpm.mean_rpm,1911.8468322753906
1.6117332260000001,1758897558.330733226,/studio/rotor_avg_rpm.mean_rpm,1919.3081359863281
1.612710177,1758897558.331710177,/studio/rotor_avg_rpm.mean_rpm,1919.3343505859375
1.6135761020000001,1758897558.332576102,/studio/rotor_avg_rpm.mean_rpm,1920.0673522949219
1.6152216620000002,1758897558.334221662,/studio/rotor_avg_rpm.mean_rpm,1913.3391418457031
1.6169320759999999,1758897558.335932076,/studio/rotor_avg_rpm.mean_rpm,1919.7008972167969
1.616940058,1758897558.335940058,/studio/rotor_avg_rpm.mean_rpm,1921.9261474609375
1.617938444,1758897558.336938444,/studio/rotor_avg_rpm.mean_rpm,1920.4338989257812
1.619091552,1758897558.338091552,/studio/rotor_avg_rpm.mean_rpm,1916.3236389160156
1.620228622,1758897558.339228622,/studio/rotor_avg_rpm.mean_rpm,1923.4184265136719
1.621363056,1758897558.340363056,/studio/rotor_avg_rpm.mean_rpm,1911.8468627929688
1.622503585,1758897558.341503585,/studio/rotor_avg_rpm.mean_rpm,1921.193115234375
1.622505548,1758897558.341505548,/studio/rotor_avg_rpm.mean_rpm,1930.1728210449219
1.623904214,1758897558.342904214,/studio/rotor_avg_rpm.mean_rpm,1920.0673828125
1.625208131,1758897558.344208131,/studio/rotor_avg_rpm.mean_rpm,1917.0828552246094
1.6262152200000002,1758897558.345215220,/studio/rotor_avg_rpm.mean_rpm,1921.2193298339844
1.627098176,1758897558.346098176,/studio/rotor_avg_rpm.mean_rpm,1919.72705078125
1.6285107170000002,1758897558.347510717,/studio/rotor_avg_rpm.mean_rpm,1917.0828552246094
1.628512862,1758897558.347512862,/studio/rotor_avg_rpm.mean_rpm,1925.3034057617188
1.62944587,1758897558.348445870,/studio/rotor_avg_rpm.mean_rpm,1926.0625915527344
1.630470813,1758897558.349470813,/studio/rotor_avg_rpm.mean_rpm,1918.2085876464844
1.631806529,1758897558.350806529,/studio/rotor_avg_rpm.mean_rpm,1921.5857849121094
1.6328725020000001,1758897558.351872502,/studio/rotor_avg_rpm.mean_rpm,1927.1883544921875
1.634007098,1758897558.353007098,/studio/rotor_avg_rpm.mean_rpm,1920.8265991210938
1.6351300050000002,1758897558.354130005,/studio/rotor_avg_rpm.mean_rpm,1920.0673828125
1.6362185089999999,1758897558.355218509,/studio/rotor_avg_rpm.mean_rpm,1929.0733337402344
1.637189892,1758897558.356189892,/studio/rotor_avg_rpm.mean_rpm,1920.8265991210938
1.6384927290000002,1758897558.357492729,/studio/rotor_avg_rpm.mean_rpm,1917.4755859375
1.638494785,1758897558.357494785,/studio/rotor_avg_rpm.mean_rpm,1927.1883239746094
1.639688161,1758897558.358688161,/studio/rotor_avg_rpm.mean_rpm,1929.047119140625
1.640654349,1758897558.359654349,/studio/rotor_avg_rpm.mean_rpm,1923.0780944824219
1.6418882510000001,1758897558.360888251,/studio/rotor_avg_rpm.mean_rpm,1924.1776428222656
1.643613582,1758897558.362613582,/studio/rotor_avg_rpm.mean_rpm,1932.0578308105469
1.643620469,1758897558.362620469,/studio/rotor_avg_rpm.mean_rpm,1921.9523620605469
1.6444432130000002,1758897558.363443213,/studio/rotor_avg_rpm.mean_rpm,1923.8372802734375
1.645528793,1758897558.364528793,/studio/rotor_avg_rpm.mean_rpm,1931.3247985839844
1.647005879,1758897558.366005879,/studio/rotor_avg_rpm.mean_rpm,1923.8111267089844
1.647990515,1758897558.366990515,/studio/rotor_avg_rpm.mean_rpm,1929.4398498535156
1.649014115,1758897558.368014115,/studio/rotor_avg_rpm.mean_rpm,1933.1573791503906
1.65127304,1758897558.370273040,/studio/rotor_avg_rpm.mean_rpm,1930.9058837890625
1.668717489,1758897558.387717489,/studio/rotor_avg_rpm.mean_rpm,1924.1776428222656
1.668719273,1758897558.387719273,/studio/rotor_avg_rpm.mean_rpm,1934.2831115722656
1.668722097,1758897558.387722097,/studio/rotor_avg_rpm.mean_rpm,1933.1573486328125
1.668725142,1758897558.387725142,/studio/rotor_avg_rpm.mean_rpm,1930.9320678710938
1.668727917,1758897558.387727917,/studio/rotor_avg_rpm.mean_rpm,1928.3140563964844
1.668730884,1758897558.387730884,/studio/rotor_avg_rpm.mean_rpm,1933.9166259765625
1.668737175,1758897558.387737175,/studio/rotor_avg_rpm.mean_rpm,1936.1680908203125
1.668739259,1758897558.387739259,/studio/rotor_avg_rpm.mean_rpm,1934.309326171875
1.6687417720000002,1758897558.387741772,/studio/rotor_avg_rpm.mean_rpm,1930.1728820800781
1.6687450990000001,1758897558.387745099,/studio/rotor_avg_rpm.mean_rpm,1932.7908630371094
1.66874707,1758897558.387747070,/studio/rotor_avg_rpm.mean_rpm,1929.047119140625
1.668748881,1758897558.387748881,/studio/rotor_avg_rpm.mean_rpm,1942.5298461914062
1.668752068,1758897558.387752068,/studio/rotor_avg_rpm.mean_rpm,1941.0114135742188
1.668756522,1758897558.387756522,/studio/rotor_avg_rpm.mean_rpm,1933.1573791503906
1.6687623610000002,1758897558.387762361,/studio/rotor_avg_rpm.mean_rpm,1933.5500793457031
1.668763589,1758897558.387763589,/studio/rotor_avg_rpm.mean_rpm,1936.1419372558594
1.668764796,1758897558.387764796,/studio/rotor_avg_rpm.mean_rpm,1935.0423583984375
1.671408688,1758897558.390408688,/studio/rotor_avg_rpm.mean_rpm,1932.4243469238281
1.671409919,1758897558.390409919,/studio/rotor_avg_rpm.mean_rpm,1939.8856506347656
1.671411296,1758897558.390411296,/studio/rotor_avg_rpm.mean_rpm,1932.8170471191406
1.671415932,1758897558.390415932,/studio/rotor_avg_rpm.mean_rpm,1941.404052734375
1.672228733,1758897558.391228733,/studio/rotor_avg_rpm.mean_rpm,1941.7967529296875
1.672230351,1758897558.391230351,/studio/rotor_avg_rpm.mean_rpm,1939.9118347167969
1.673444992,1758897558.392444992,/studio/rotor_avg_rpm.mean_rpm,1935.8015747070312
1.674580722,1758897558.393580722,/studio/rotor_avg_rpm.mean_rpm,1941.0375671386719
1.6756574610000001,1758897558.394657461,/studio/rotor_avg_rpm.mean_rpm,1940.6448669433594
1.676851485,1758897558.395851485,/studio/rotor_avg_rpm.mean_rpm,1941.0113830566406
1.677808958,1758897558.396808958,/studio/rotor_avg_rpm.mean_rpm,1945.1216735839844
1.6789998430000002,1758897558.397999843,/studio/rotor_avg_rpm.mean_rpm,1945.1216430664062
1.680160675,1758897558.399160675,/studio/rotor_avg_rpm.mean_rpm,1946.6138916015625
1.681111846,1758897558.400111846,/studio/rotor_avg_rpm.mean_rpm,1940.2783508300781
1.682233101,1758897558.401233101,/studio/rotor_avg_rpm.mean_rpm,1943.62939453125
1.683688593,1758897558.402688593,/studio/rotor_avg_rpm.mean_rpm,1945.8547058105469
1.6836902230000002,1758897558.402690223,/studio/rotor_avg_rpm.mean_rpm,1940.6448669433594
1.685544026,1758897558.404544026,/studio/rotor_avg_rpm.mean_rpm,1942.8963317871094
1.6855517450000002,1758897558.404551745,/studio/rotor_avg_rpm.mean_rpm,1942.8701782226562
1.686857843,1758897558.405857843,/studio/rotor_avg_rpm.mean_rpm,1936.560791015625
1.6887720160000002,1758897558.407772016,/studio/rotor_avg_rpm.mean_rpm,1941.3778991699219
1.688774473,1758897558.407774473,/studio/rotor_avg_rpm.mean_rpm,1941.7705688476562
1.690172191,1758897558.409172191,/studio/rotor_avg_rpm.mean_rpm,1942.5298156738281
1.691071293,1758897558.410071293,/studio/rotor_avg_rpm.mean_rpm,1944.755126953125
1.692456408,1758897558.411456408,/studio/rotor_avg_rpm.mean_rpm,1941.7705993652344
1.692457707,1758897558.411457707,/studio/rotor_avg_rpm.mean_rpm,1948.13232421875
1.693497274,1758897558.412497274,/studio/rotor_avg_rpm.mean_rpm,1948.8392028808594
1.694471997,1758897558.413471997,/studio/rotor_avg_rpm.mean_rpm,1945.1216430664062
1.695707626,1758897558.414707626,/studio/rotor_avg_rpm.mean_rpm,1945.9070434570312
1.69678964,1758897558.415789640,/studio/rotor_avg_rpm.mean_rpm,1948.8653869628906
1.697552297,1758897558.416552297,/studio/rotor_avg_rpm.mean_rpm,1947.3731079101562
1.699280113,1758897558.418280113,/studio/rotor_avg_rpm.mean_rpm,1946.2735900878906
1.700230559,1758897558.419230559,/studio/rotor_avg_rpm.mean_rpm,1951.8498840332031
1.7015609839999999,1758897558.420560984,/studio/rotor_avg_rpm.mean_rpm,1949.2318725585938
1.7015636280000002,1758897558.420563628,/studio/rotor_avg_rpm.mean_rpm,1950.3576354980469
1.702621281,1758897558.421621281,/studio/rotor_avg_rpm.mean_rpm,1946.9804077148438
1.703706256,1758897558.422706256,/studio/rotor_avg_rpm.mean_rpm,1950.7503662109375
1.704641397,1758897558.423641397,/studio/rotor_avg_rpm.mean_rpm,1945.880859375
1.7059481120000002,1758897558.424948112,/studio/rotor_avg_rpm.mean_rpm,1949.2319030761719
1.706994548,1758897558.425994548,/studio/rotor_avg_rpm.mean_rpm,1956.3266906738281
1.70843786,1758897558.427437860,/studio/rotor_avg_rpm.mean_rpm,1948.13232421875
1.7095883440000001,1758897558.428588344,/studio/rotor_avg_rpm.mean_rpm,1948.4988403320312
1.710592777,1758897558.429592777,/studio/rotor_avg_rpm.mean_rpm,1945.8546752929688
1.7118882100000001,1758897558.430888210,/studio/rotor_avg_rpm.mean_rpm,1948.1061706542969
1.7118902679999999,1758897558.430890268,/studio/rotor_avg_rpm.mean_rpm,1942.5036315917969
1.714134518,1758897558.433134518,/studio/rotor_avg_rpm.mean_rpm,1943.6293640136719
1.714140424,1758897558.433140424,/studio/rotor_avg_rpm.mean_rpm,1951.1430358886719
1.7149715840000002,1758897558.433971584,/studio/rotor_avg_rpm.mean_rpm,1948.1323547363281
1.716119567,1758897558.435119567,/studio/rotor_avg_rpm.mean_rpm,1948.13232421875
1.7168538670000002,1758897558.435853867,/studio/rotor_avg_rpm.mean_rpm,1946.6138916015625
1.7185522,1758897558.437552200,/studio/rotor_avg_rpm.mean_rpm,1949.258056640625
1.718553451,1758897558.437553451,/studio/rotor_avg_rpm.mean_rpm,1945.8546752929688
1.720111042,1758897558.439111042,/studio/rotor_avg_rpm.mean_rpm,1948.8653869628906
1.7210029420000001,1758897558.440002942,/studio/rotor_avg_rpm.mean_rpm,1949.2319030761719
1.72231311,1758897558.441313110,/studio/rotor_avg_rpm.mean_rpm,1942.5036315917969
1.723742357,1758897558.442742357,/studio/rotor_avg_rpm.mean_rpm,1945.9070129394531
1.7256251599999999,1758897558.444625160,/studio/rotor_avg_rpm.mean_rpm,1948.1061401367188
1.725626434,1758897558.444626434,/studio/rotor_avg_rpm.mean_rpm,1952.9756469726562
1.7268204960000002,1758897558.445820496,/studio/rotor_avg_rpm.mean_rpm,1946.6138916015625
1.726826279,1758897558.445826279,/studio/rotor_avg_rpm.mean_rpm,1946.6400756835938
1.727750004,1758897558.446750004,/studio/rotor_avg_rpm.mean_rpm,1948.13232421875
1.728837986,1758897558.447837986,/studio/rotor_avg_rpm.mean_rpm,1951.0906982421875
1.730128851,1758897558.449128851,/studio/rotor_avg_rpm.mean_rpm,1946.6138916015625
1.7310590000000001,1758897558.450059000,/studio/rotor_avg_rpm.mean_rpm,1945.1216430664062
1.7323668520000002,1758897558.451366852,/studio/rotor_avg_rpm.mean_rpm,1940.6448669433594
1.733670208,1758897558.452670208,/studio/rotor_avg_rpm.mean_rpm,1954.1275329589844
1.735490274,1758897558.454490274,/studio/rotor_avg_rpm.mean_rpm,1954.1013488769531
1.735493014,1758897558.454493014,/studio/rotor_avg_rpm.mean_rpm,1936.1680908203125
1.736821841,1758897558.455821841,/studio/rotor_avg_rpm.mean_rpm,1952.9756469726562
1.736823926,1758897558.455823926,/studio/rotor_avg_rpm.mean_rpm,1951.0906982421875
1.737746337,1758897558.456746337,/studio/rotor_avg_rpm.mean_rpm,1941.3778991699219
1.738793625,1758897558.457793625,/studio/rotor_avg_rpm.mean_rpm,1948.4988708496094
1.740065822,1758897558.459065822,/studio/rotor_avg_rpm.mean_rpm,1949.6507873535156
1.741002469,1758897558.460002469,/studio/rotor_avg_rpm.mean_rpm,1943.9958801269531
1.7423500930000002,1758897558.461350093,/studio/rotor_avg_rpm.mean_rpm,1947.3993225097656
1.7442922520000002,1758897558.463292252,/studio/rotor_avg_rpm.mean_rpm,1953.73486328125
1.744299894,1758897558.463299894,/studio/rotor_avg_rpm.mean_rpm,1941.0375366210938
1.7450803380000002,1758897558.464080338,/studio/rotor_avg_rpm.mean_rpm,1944.7550964355469
1.746723091,1758897558.465723091,/studio/rotor_avg_rpm.mean_rpm,1953.73486328125
1.7491491080000001,1758897558.468149108,/studio/rotor_avg_rpm.mean_rpm,1950.7503356933594
1.749150612,1758897558.468150612,/studio/rotor_avg_rpm.mean_rpm,1939.1526184082031
1.749154264,1758897558.468154264,/studio/rotor_avg_rpm.mean_rpm,1950.7503356933594
1.750213384,1758897558.469213384,/studio/rotor_avg_rpm.mean_rpm,1947.3992919921875
1.751777395,1758897558.470777395,/studio/rotor_avg_rpm.mean_rpm,1942.1371154785156
1.754159859,1758897558.473159859,/studio/rotor_avg_rpm.mean_rpm,1945.5143737792969
1.754162569,1758897558.473162569,/studio/rotor_avg_rpm.mean_rpm,1952.9756469726562
1.754164317,1758897558.473164317,/studio/rotor_avg_rpm.mean_rpm,1939.9118041992188
1.755467211,1758897558.474467211,/studio/rotor_avg_rpm.mean_rpm,1941.0113830566406
1.7566910560000002,1758897558.475691056,/studio/rotor_avg_rpm.mean_rpm,1948.4988708496094
1.757810428,1758897558.476810428,/studio/rotor_avg_rpm.mean_rpm,1947.7396545410156
1.7592044150000001,1758897558.478204415,/studio/rotor_avg_rpm.mean_rpm,1941.3779296875
1.7592070020000001,1758897558.478207002,/studio/rotor_avg_rpm.mean_rpm,1948.4989013671875
1.760057349,1758897558.479057349,/studio/rotor_avg_rpm.mean_rpm,1949.6245727539062
1.76108815,1758897558.480088150,/studio/rotor_avg_rpm.mean_rpm,1939.1526184082031
1.762365879,1758897558.481365879,/studio/rotor_avg_rpm.mean_rpm,1951.1430358886719
1.7636772390000002,1758897558.482677239,/studio/rotor_avg_rpm.mean_rpm,1947.3731384277344
1.7645231140000002,1758897558.483523114,/studio/rotor_avg_rpm.mean_rpm,1943.2628479003906
1.7660989360000001,1758897558.485098936,/studio/rotor_avg_rpm.mean_rpm,1944.3886108398438
1.7661323050000002,1758897558.485132305,/studio/rotor_avg_rpm.mean_rpm,1947.3731079101562
1.767355303,1758897558.486355303,/studio/rotor_avg_rpm.mean_rpm,1946.2473754882812
1.7684253440000002,1758897558.487425344,/studio/rotor_avg_rpm.mean_rpm,1942.5036315917969
1.7694593840000001,1758897558.488459384,/studio/rotor_avg_rpm.mean_rpm,1947.7658081054688
1.7712586250000002,1758897558.490258625,/studio/rotor_avg_rpm.mean_rpm,1952.9756469726562
1.771260665,1758897558.490260665,/studio/rotor_avg_rpm.mean_rpm,1942.5036315917969
1.7727344980000002,1758897558.491734498,/studio/rotor_avg_rpm.mean_rpm,1947.7134704589844
1.7739110610000002,1758897558.492911061,/studio/rotor_avg_rpm.mean_rpm,1941.0375671386719
1.773913287,1758897558.492913287,/studio/rotor_avg_rpm.mean_rpm,1942.503662109375
1.77514571,1758897558.494145710,/studio/rotor_avg_rpm.mean_rpm,1944.7289428710938
1.7762504360000002,1758897558.495250436,/studio/rotor_avg_rpm.mean_rpm,1947.3992919921875
1.777101322,1758897558.496101322,/studio/rotor_avg_rpm.mean_rpm,1938.02685546875
1.7783344890000001,1758897558.497334489,/studio/rotor_avg_rpm.mean_rpm,1946.2735595703125
1.779290969,1758897558.498290969,/studio/rotor_avg_rpm.mean_rpm,1953.0018005371094
1.780190933,1758897558.499190933,/studio/rotor_avg_rpm.mean_rpm,1938.3934020996094
1.7817118060000001,1758897558.500711806,/studio/rotor_avg_rpm.mean_rpm,1943.2890319824219
1.782613568,1758897558.501613568,/studio/rotor_avg_rpm.mean_rpm,1941.4040832519531
1.783880726,1758897558.502880726,/studio/rotor_avg_rpm.mean_rpm,1936.9272766113281
1.784997087,1758897558.503997087,/studio/rotor_avg_rpm.mean_rpm,1942.1371154785156
1.785000369,1758897558.504000369,/studio/rotor_avg_rpm.mean_rpm,1941.4041137695312
1.786323469,1758897558.505323469,/studio/rotor_avg_rpm.mean_rpm,1937.6341552734375
1.788069524,1758897558.507069524,/studio/rotor_avg_rpm.mean_rpm,1941.3778991699219
1.788071358,1758897558.507071358,/studio/rotor_avg_rpm.mean_rpm,1939.1787719726562
1.789264258,1758897558.508264258,/studio/rotor_avg_rpm.mean_rpm,1939.8856506347656
1.790063644,1758897558.509063644,/studio/rotor_avg_rpm.mean_rpm,1936.901123046875
1.7912843170000001,1758897558.510284317,/studio/rotor_avg_rpm.mean_rpm,1942.8963317871094
1.79260437,1758897558.511604370,/studio/rotor_avg_rpm.mean_rpm,1939.1526184082031
1.793861994,1758897558.512861994,/studio/rotor_avg_rpm.mean_rpm,1937.2676391601562
1.795001691,1758897558.514001691,/studio/rotor_avg_rpm.mean_rpm,1935.8015441894531
1.796226978,1758897558.515226978,/studio/rotor_avg_rpm.mean_rpm,1936.9010925292969
1.7973809900000002,1758897558.516380990,/studio/rotor_avg_rpm.mean_rpm,1945.1216430664062
1.798750336,1758897558.517750336,/studio/rotor_avg_rpm.mean_rpm,1933.1573791503906
1.80015692,1758897558.519156920,/studio/rotor_avg_rpm.mean_rpm,1933.1835632324219
1.8001642260000001,1758897558.519164226,/studio/rotor_avg_rpm.mean_rpm,1936.9272766113281
1.800987544,1758897558.519987544,/studio/rotor_avg_rpm.mean_rpm,1930.9320678710938
1.8020981960000002,1758897558.521098196,/studio/rotor_avg_rpm.mean_rpm,1932.7646789550781
1.803612816,1758897558.522612816,/studio/rotor_avg_rpm.mean_rpm,1936.1419067382812
1.805440504,1758897558.524440504,/studio/rotor_avg_rpm.mean_rpm,1939.9118041992188
1.8054463420000002,1758897558.524446342,/studio/rotor_avg_rpm.mean_rpm,1930.5393981933594
1.806779294,1758897558.525779294,/studio/rotor_avg_rpm.mean_rpm,1935.7753601074219
1.807773995,1758897558.526773995,/studio/rotor_avg_rpm.mean_rpm,1936.901123046875
1.808868573,1758897558.527868573,/studio/rotor_avg_rpm.mean_rpm,1926.4291076660156
1.810060218,1758897558.529060218,/studio/rotor_avg_rpm.mean_rpm,1930.5655517578125
1.810065404,1758897558.529065404,/studio/rotor_avg_rpm.mean_rpm,1932.8170166015625
1.81103659,1758897558.530036590,/studio/rotor_avg_rpm.mean_rpm,1926.0625915527344
1.813538603,1758897558.532538603,/studio/rotor_avg_rpm.mean_rpm,1925.3033752441406
1.813547763,1758897558.532547763,/studio/rotor_avg_rpm.mean_rpm,1924.5965576171875
1.815189371,1758897558.534189371,/studio/rotor_avg_rpm.mean_rpm,1929.047119140625
1.815197693,1758897558.534197693,/studio/rotor_avg_rpm.mean_rpm,1925.7222900390625
1.816110953,1758897558.535110953,/studio/rotor_avg_rpm.mean_rpm,1928.706787109375
1.817320454,1758897558.536320454,/studio/rotor_avg_rpm.mean_rpm,1926.4291076660156
1.818406354,1758897558.537406354,/studio/rotor_avg_rpm.mean_rpm,1921.1669311523438
1.819458145,1758897558.538458145,/studio/rotor_avg_rpm.mean_rpm,1923.0519104003906
1.8207452970000002,1758897558.539745297,/studio/rotor_avg_rpm.mean_rpm,1924.5965270996094
1.821766379,1758897558.540766379,/studio/rotor_avg_rpm.mean_rpm,1922.3188781738281
1.8227639070000001,1758897558.541763907,/studio/rotor_avg_rpm.mean_rpm,1917.0828552246094
1.823856997,1758897558.542856997,/studio/rotor_avg_rpm.mean_rpm,1922.3450622558594
1.8249931730000002,1758897558.543993173,/studio/rotor_avg_rpm.mean_rpm,1921.2192993164062
1.8259229440000002,1758897558.544922944,/studio/rotor_avg_rpm.mean_rpm,1917.8158874511719
1.826916801,1758897558.545916801,/studio/rotor_avg_rpm.mean_rpm,1918.2085876464844
1.828480553,1758897558.547480553,/studio/rotor_avg_rpm.mean_rpm,1923.0780639648438
1.828492763,1758897558.547492763,/studio/rotor_avg_rpm.mean_rpm,1918.2086181640625
1.8301121560000002,1758897558.549112156,/studio/rotor_avg_rpm.mean_rpm,1921.2192993164062
1.831752889,1758897558.550752889,/studio/rotor_avg_rpm.mean_rpm,1916.7163391113281
1.831775112,1758897558.550775112,/studio/rotor_avg_rpm.mean_rpm,1913.339111328125
1.8327569220000002,1758897558.551756922,/studio/rotor_avg_rpm.mean_rpm,1917.0828857421875
1.8339639600000002,1758897558.552963960,/studio/rotor_avg_rpm.mean_rpm,1915.5906066894531
1.83522965,1758897558.554229650,/studio/rotor_avg_rpm.mean_rpm,1915.9833374023438
1.836136062,1758897558.555136062,/studio/rotor_avg_rpm.mean_rpm,1914.8313903808594
1.836985727,1758897558.555985727,/studio/rotor_avg_rpm.mean_rpm,1917.0828552246094
1.836992415,1758897558.555992415,/studio/rotor_avg_rpm.mean_rpm,1900.6156616210938
1.838314443,1758897558.557314443,/studio/rotor_avg_rpm.mean_rpm,1914.4910583496094
1.839258869,1758897558.558258869,/studio/rotor_avg_rpm.mean_rpm,1912.21337890625
1.840239183,1758897558.559239183,/studio/rotor_avg_rpm.mean_rpm,1899.8825988769531
1.8418118840000002,1758897558.560811884,/studio/rotor_avg_rpm.mean_rpm,1908.1031188964844
1.842632612,1758897558.561632612,/studio/rotor_avg_rpm.mean_rpm,1906.9773864746094
1.844040476,1758897558.563040476,/studio/rotor_avg_rpm.mean_rpm,1912.9725952148438
1.844857292,1758897558.563857292,/studio/rotor_avg_rpm.mean_rpm,1908.8623657226562
1.845874281,1758897558.564874281,/studio/rotor_avg_rpm.mean_rpm,1906.61083984375
1.846748259,1758897558.565748259,/studio/rotor_avg_rpm.mean_rpm,1909.9880676269531
1.848134736,1758897558.567134736,/studio/rotor_avg_rpm.mean_rpm,1900.6156311035156
1.849204886,1758897558.568204886,/studio/rotor_avg_rpm.mean_rpm,1905.5113220214844
1.8501777970000002,1758897558.569177797,/studio/rotor_avg_rpm.mean_rpm,1909.9880981445312
1.8519611450000002,1758897558.570961145,/studio/rotor_avg_rpm.mean_rpm,1906.9773864746094
1.851963561,1758897558.570963561,/studio/rotor_avg_rpm.mean_rpm,1905.8778076171875
1.853395983,1758897558.572395983,/studio/rotor_avg_rpm.mean_rpm,1905.8516540527344
1.853399401,1758897558.572399401,/studio/rotor_avg_rpm.mean_rpm,1905.1185913085938
1.854297381,1758897558.573297381,/studio/rotor_avg_rpm.mean_rpm,1904.3855590820312
1.8726040300000002,1758897558.591604030,/studio/rotor_avg_rpm.mean_rpm,1900.2491455078125
1.872605639,1758897558.591605639,/studio/rotor_avg_rpm.mean_rpm,1901.3748779296875
1.872612415,1758897558.591612415,/studio/rotor_avg_rpm.mean_rpm,1899.8825988769531
1.872617005,1758897558.591617005,/studio/rotor_avg_rpm.mean_rpm,1899.1495666503906
1.872620779,1758897558.591620779,/studio/rotor_avg_rpm.mean_rpm,1899.4898986816406
1.872623709,1758897558.591623709,/studio/rotor_avg_rpm.mean_rpm,1898.7306823730469
1.8726264920000002,1758897558.591626492,/studio/rotor_avg_rpm.mean_rpm,1903.9928588867188
1.8726289450000002,1758897558.591628945,/studio/rotor_avg_rpm.mean_rpm,1898.0238342285156
1.872630548,1758897558.591630548,/studio/rotor_avg_rpm.mean_rpm,1894.9869689941406
1.872634707,1758897558.591634707,/studio/rotor_avg_rpm.mean_rpm,1902.8670959472656
1.872645512,1758897558.591645512,/studio/rotor_avg_rpm.mean_rpm,1897.9976501464844
1.87264863,1758897558.591648630,/studio/rotor_avg_rpm.mean_rpm,1896.1650695800781
1.872653245,1758897558.591653245,/studio/rotor_avg_rpm.mean_rpm,1903.2598571777344
1.872655672,1758897558.591655672,/studio/rotor_avg_rpm.mean_rpm,1893.1543579101562
1.8726574180000002,1758897558.591657418,/studio/rotor_avg_rpm.mean_rpm,1894.2801208496094
1.8726601930000002,1758897558.591660193,/studio/rotor_avg_rpm.mean_rpm,1894.25390625
1.872661987,1758897558.591661987,/studio/rotor_avg_rpm.mean_rpm,1895.0131225585938
1.876903306,1758897558.595903306,/studio/rotor_avg_rpm.mean_rpm,1902.5006408691406
1.876907889,1758897558.595907889,/studio/rotor_avg_rpm.mean_rpm,1897.9976501464844
1.87691083,1758897558.595910830,/studio/rotor_avg_rpm.mean_rpm,1897.6572875976562
1.8769136180000001,1758897558.595913618,/studio/rotor_avg_rpm.mean_rpm,1900.641845703125
1.8769160440000001,1758897558.595916044,/studio/rotor_avg_rpm.mean_rpm,1899.1233825683594
1.8776909480000001,1758897558.596690948,/studio/rotor_avg_rpm.mean_rpm,1897.2384338378906
1.878726956,1758897558.597726956,/studio/rotor_avg_rpm.mean_rpm,1898.3903198242188
1.880088629,1758897558.599088629,/studio/rotor_avg_rpm.mean_rpm,1892.0285949707031
1.880979087,1758897558.599979087,/studio/rotor_avg_rpm.mean_rpm,1902.1340942382812
1.8821240110000002,1758897558.601124011,/studio/rotor_avg_rpm.mean_rpm,1897.9976501464844
1.88346547,1758897558.602465470,/studio/rotor_avg_rpm.mean_rpm,1894.25390625
1.883468946,1758897558.602468946,/studio/rotor_avg_rpm.mean_rpm,1889.7771301269531
1.8854658290000001,1758897558.604465829,/studio/rotor_avg_rpm.mean_rpm,1897.9976501464844
1.885563236,1758897558.604563236,/studio/rotor_avg_rpm.mean_rpm,1901.0083312988281
1.886618344,1758897558.605618344,/studio/rotor_avg_rpm.mean_rpm,1897.9976196289062
1.8876033620000001,1758897558.606603362,/studio/rotor_avg_rpm.mean_rpm,1901.0083312988281
1.888658241,1758897558.607658241,/studio/rotor_avg_rpm.mean_rpm,1895.4058227539062
1.8903290560000001,1758897558.609329056,/studio/rotor_avg_rpm.mean_rpm,1895.0393371582031
1.893530119,1758897558.612530119,/studio/rotor_avg_rpm.mean_rpm,1902.8932800292969
1.8935366980000001,1758897558.612536698,/studio/rotor_avg_rpm.mean_rpm,1899.8826293945312
1.893538665,1758897558.612538665,/studio/rotor_avg_rpm.mean_rpm,1893.1543579101562
1.8935400740000001,1758897558.612540074,/studio/rotor_avg_rpm.mean_rpm,1895.7723693847656
1.894747104,1758897558.613747104,/studio/rotor_avg_rpm.mean_rpm,1905.8516540527344
1.895673238,1758897558.614673238,/studio/rotor_avg_rpm.mean_rpm,1898.3903503417969
1.896576798,1758897558.615576798,/studio/rotor_avg_rpm.mean_rpm,1892.7877807617188
1.897994058,1758897558.616994058,/studio/rotor_avg_rpm.mean_rpm,1896.8980712890625
1.899073032,1758897558.618073032,/studio/rotor_avg_rpm.mean_rpm,1901.3748779296875
1.899925347,1758897558.618925347,/studio/rotor_avg_rpm.mean_rpm,1890.9028625488281
1.900687623,1758897558.619687623,/studio/rotor_avg_rpm.mean_rpm,1896.8718872070312
1.9023081300000002,1758897558.621308130,/studio/rotor_avg_rpm.mean_rpm,1899.1495666503906
1.902337683,1758897558.621337683,/studio/rotor_avg_rpm.mean_rpm,1892.7354736328125
1.903268297,1758897558.622268297,/studio/rotor_avg_rpm.mean_rpm,1896.5315246582031
1.904279082,1758897558.623279082,/studio/rotor_avg_rpm.mean_rpm,1902.8670959472656
1.905573868,1758897558.624573868,/studio/rotor_avg_rpm.mean_rpm,1900.2752685546875
1.906532061,1758897558.625532061,/studio/rotor_avg_rpm.mean_rpm,1898.7568664550781
1.907295343,1758897558.626295343,/studio/rotor_avg_rpm.mean_rpm,1900.6156311035156
1.9088873940000002,1758897558.627887394,/studio/rotor_avg_rpm.mean_rpm,1902.4744262695312
1.910073175,1758897558.629073175,/studio/rotor_avg_rpm.mean_rpm,1891.6620483398438
1.91110149,1758897558.630101490,/studio/rotor_avg_rpm.mean_rpm,1899.5160827636719
1.912190577,1758897558.631190577,/studio/rotor_avg_rpm.mean_rpm,1902.8671569824219
1.913428501,1758897558.632428501,/studio/rotor_avg_rpm.mean_rpm,1892.7616271972656
1.913430296,1758897558.632430296,/studio/rotor_avg_rpm.mean_rpm,1901.7413940429688
1.914391764,1758897558.633391764,/studio/rotor_avg_rpm.mean_rpm,1903.6001586914062
1.9155073530000002,1758897558.634507353,/studio/rotor_avg_rpm.mean_rpm,1894.6465759277344
1.916628856,1758897558.635628856,/studio/rotor_avg_rpm.mean_rpm,1899.4898986816406
1.917368361,1758897558.636368361,/studio/rotor_avg_rpm.mean_rpm,1905.8778076171875
1.918864748,1758897558.637864748,/studio/rotor_avg_rpm.mean_rpm,1906.2181701660156
1.919894653,1758897558.638894653,/studio/rotor_avg_rpm.mean_rpm,1894.6204223632812
1.920700949,1758897558.639700949,/studio/rotor_avg_rpm.mean_rpm,1894.6727905273438
1.922208614,1758897558.641208614,/studio/rotor_avg_rpm.mean_rpm,1908.8623657226562
1.9233125270000002,1758897558.642312527,/studio/rotor_avg_rpm.mean_rpm,1891.6620788574219
1.923321263,1758897558.642321263,/studio/rotor_avg_rpm.mean_rpm,1889.777099609375
1.9242987230000002,1758897558.643298723,/studio/rotor_avg_rpm.mean_rpm,1900.2229309082031
1.9255884120000002,1758897558.644588412,/studio/rotor_avg_rpm.mean_rpm,1897.9714660644531
1.926629427,1758897558.645629427,/studio/rotor_avg_rpm.mean_rpm,1889.7771301269531
1.927976186,1758897558.646976186,/studio/rotor_avg_rpm.mean_rpm,1901.767578125
1.9288636760000002,1758897558.647863676,/studio/rotor_avg_rpm.mean_rpm,1901.0083312988281
1.930028131,1758897558.649028131,/studio/rotor_avg_rpm.mean_rpm,1888.6775817871094
1.9310986460000001,1758897558.650098646,/studio/rotor_avg_rpm.mean_rpm,1894.2800598144531
1.9321541230000001,1758897558.651154123,/studio/rotor_avg_rpm.mean_rpm,1901.7413940429688
1.93331184,1758897558.652311840,/studio/rotor_avg_rpm.mean_rpm,1892.4212951660156
1.934342578,1758897558.653342578,/studio/rotor_avg_rpm.mean_rpm,1892.4212951660156
1.934348203,1758897558.653348203,/studio/rotor_avg_rpm.mean_rpm,1903.6001586914062
1.935422739,1758897558.654422739,/studio/rotor_avg_rpm.mean_rpm,1893.5208740234375
1.936569701,1758897558.655569701,/studio/rotor_avg_rpm.mean_rpm,1883.8080444335938
1.937452042,1758897558.656452042,/studio/rotor_avg_rpm.mean_rpm,1899.5160827636719
1.938809231,1758897558.657809231,/studio/rotor_avg_rpm.mean_rpm,1892.3951110839844
1.939834432,1758897558.658834432,/studio/rotor_avg_rpm.mean_rpm,1896.5315246582031
1.9406023920000002,1758897558.659602392,/studio/rotor_avg_rpm.mean_rpm,1892.3951416015625
1.9422423750000002,1758897558.661242375,/studio/rotor_avg_rpm.mean_rpm,1897.6311340332031
1.9433166960000001,1758897558.662316696,/studio/rotor_avg_rpm.mean_rpm,1888.6775512695312
1.9443891400000002,1758897558.663389140,/studio/rotor_avg_rpm.mean_rpm,1886.39990234375
1.944394435,1758897558.663394435,/studio/rotor_avg_rpm.mean_rpm,1894.9869384765625
1.945436037,1758897558.664436037,/studio/rotor_avg_rpm.mean_rpm,1890.90283203125
1.946486829,1758897558.665486829,/studio/rotor_avg_rpm.mean_rpm,1878.9385986328125
1.947547293,1758897558.666547293,/studio/rotor_avg_rpm.mean_rpm,1897.6311340332031
1.948875662,1758897558.667875662,/studio/rotor_avg_rpm.mean_rpm,1887.8921508789062
1.950716553,1758897558.669716553,/studio/rotor_avg_rpm.mean_rpm,1887.525634765625
1.95071886,1758897558.669718860,/studio/rotor_avg_rpm.mean_rpm,1895.4057922363281
1.95218443,1758897558.671184430,/studio/rotor_avg_rpm.mean_rpm,1892.0285949707031
1.9534010290000001,1758897558.672401029,/studio/rotor_avg_rpm.mean_rpm,1883.4415588378906
1.9552343570000001,1758897558.674234357,/studio/rotor_avg_rpm.mean_rpm,1890.5363159179688
1.955238784,1758897558.674238784,/studio/rotor_avg_rpm.mean_rpm,1889.8032836914062
1.956610101,1758897558.675610101,/studio/rotor_avg_rpm.mean_rpm,1876.3206176757812
1.956612422,1758897558.675612422,/studio/rotor_avg_rpm.mean_rpm,1874.4356384277344
1.958025458,1758897558.677025458,/studio/rotor_avg_rpm.mean_rpm,1886.4260559082031
1.958822362,1758897558.677822362,/studio/rotor_avg_rpm.mean_rpm,1881.9231262207031
1.960590152,1758897558.679590152,/studio/rotor_avg_rpm.mean_rpm,1869.5923461914062
1.9622695120000002,1758897558.681269512,/studio/rotor_avg_rpm.mean_rpm,1877.7866821289062
1.9622740140000001,1758897558.681274014,/studio/rotor_avg_rpm.mean_rpm,1883.8080749511719
1.9636012470000002,1758897558.682601247,/studio/rotor_avg_rpm.mean_rpm,1870.3253784179688
1.964569198,1758897558.683569198,/studio/rotor_avg_rpm.mean_rpm,1875.5613708496094
1.964571823,1758897558.683571823,/studio/rotor_avg_rpm.mean_rpm,1884.1745910644531
1.965671402,1758897558.684671402,/studio/rotor_avg_rpm.mean_rpm,1866.6077880859375
1.966726197,1758897558.685726197,/studio/rotor_avg_rpm.mean_rpm,1865.8224182128906
1.9676140160000002,1758897558.686614016,/studio/rotor_avg_rpm.mean_rpm,1870.3253784179688
1.969243816,1758897558.688243816,/studio/rotor_avg_rpm.mean_rpm,1873.6764221191406
1.970200573,1758897558.689200573,/studio/rotor_avg_rpm.mean_rpm,1861.7645263671875
1.9710742090000002,1758897558.690074209,/studio/rotor_avg_rpm.mean_rpm,1871.0584411621094
1.972567975,1758897558.691567975,/studio/rotor_avg_rpm.mean_rpm,1875.1948547363281
1.973832356,1758897558.692832356,/studio/rotor_avg_rpm.mean_rpm,1863.2305908203125
1.974973604,1758897558.693973604,/studio/rotor_avg_rpm.mean_rpm,1863.9898071289062
1.9749778070000001,1758897558.693977807,/studio/rotor_avg_rpm.mean_rpm,1878.5459289550781
1.975911803,1758897558.694911803,/studio/rotor_avg_rpm.mean_rpm,1859.8795166015625
1.976863531,1758897558.695863531,/studio/rotor_avg_rpm.mean_rpm,1859.8533935546875
1.978306789,1758897558.697306789,/studio/rotor_avg_rpm.mean_rpm,1866.6077880859375
1.979228546,1758897558.698228546,/studio/rotor_avg_rpm.mean_rpm,1862.1048278808594
1.980171904,1758897558.699171904,/studio/rotor_avg_rpm.mean_rpm,1857.2615661621094
1.981522784,1758897558.700522784,/studio/rotor_avg_rpm.mean_rpm,1856.109619140625
1.982545188,1758897558.701545188,/studio/rotor_avg_rpm.mean_rpm,1861.7645568847656
1.983735111,1758897558.702735111,/studio/rotor_avg_rpm.mean_rpm,1844.5380859375
1.9837381820000002,1758897558.702738182,/studio/rotor_avg_rpm.mean_rpm,1855.7431030273438
1.98463629,1758897558.703636290,/studio/rotor_avg_rpm.mean_rpm,1862.4713745117188
1.985814268,1758897558.704814268,/studio/rotor_avg_rpm.mean_rpm,1847.915283203125
1.986790129,1758897558.705790129,/studio/rotor_avg_rpm.mean_rpm,1850.8736572265625
1.988479015,1758897558.707479015,/studio/rotor_avg_rpm.mean_rpm,1857.9945983886719
1.98989643,1758897558.708896430,/studio/rotor_avg_rpm.mean_rpm,1852.7586364746094
1.9899030990000002,1758897558.708903099,/studio/rotor_avg_rpm.mean_rpm,1837.7574462890625
1.990715935,1758897558.709715935,/studio/rotor_avg_rpm.mean_rpm,1842.653076171875
1.992545785,1758897558.711545785,/studio/rotor_avg_rpm.mean_rpm,1843.3861694335938
1.993775967,1758897558.712775967,/studio/rotor_avg_rpm.mean_rpm,1844.1453857421875
1.9951308170000002,1758897558.714130817,/studio/rotor_avg_rpm.mean_rpm,1840.4016418457031
1.995132511,1758897558.714132511,/studio/rotor_avg_rpm.mean_rpm,1852.0255737304688
1.996624138,1758897558.715624138,/studio/rotor_avg_rpm.mean_rpm,1838.150146484375
1.998370558,1758897558.717370558,/studio/rotor_avg_rpm.mean_rpm,1839.6423950195312
1.9983717420000002,1758897558.717371742,/studio/rotor_avg_rpm.mean_rpm,1838.8832092285156
1.99928722,1758897558.718287220,/studio/rotor_avg_rpm.mean_rpm,1841.1347045898438
2.000372062,1758897558.719372062,/studio/rotor_avg_rpm.mean_rpm,1825.8193664550781
2.001630016,1758897558.720630016,/studio/rotor_avg_rpm.mean_rpm,1832.9403381347656
2.002627721,1758897558.721627721,/studio/rotor_avg_rpm.mean_rpm,1831.0553588867188
2.00370319,1758897558.722703190,/studio/rotor_avg_rpm.mean_rpm,1827.7043151855469
2.004895859,1758897558.723895859,/studio/rotor_avg_rpm.mean_rpm,1832.207275390625
2.004901326,1758897558.723901326,/studio/rotor_avg_rpm.mean_rpm,1833.3068542480469
2.006038944,1758897558.725038944,/studio/rotor_avg_rpm.mean_rpm,1832.18115234375
2.007191885,1758897558.726191885,/studio/rotor_avg_rpm.mean_rpm,1822.8086853027344
2.008228932,1758897558.727228932,/studio/rotor_avg_rpm.mean_rpm,1822.4683227539062
2.009270875,1758897558.728270875,/studio/rotor_avg_rpm.mean_rpm,1823.5940551757812
2.010123289,1758897558.729123289,/studio/rotor_avg_rpm.mean_rpm,1814.2478332519531
2.01154657,1758897558.730546570,/studio/rotor_avg_rpm.mean_rpm,1827.3378295898438
2.012534526,1758897558.731534526,/studio/rotor_avg_rpm.mean_rpm,1819.0911254882812
2.013724823,1758897558.732724823,/studio/rotor_avg_rpm.mean_rpm,1826.5523986816406
2.014817812,1758897558.733817812,/studio/rotor_avg_rpm.mean_rpm,1824.6936340332031
2.014819316,1758897558.733819316,/studio/rotor_avg_rpm.mean_rpm,1816.4731140136719
2.015966699,1758897558.734966699,/studio/rotor_avg_rpm.mean_rpm,1810.1113891601562
2.016928516,1758897558.735928516,/studio/rotor_avg_rpm.mean_rpm,1816.4731140136719
2.01927496,1758897558.738274960,/studio/rotor_avg_rpm.mean_rpm,1822.442138671875
2.019276394,1758897558.738276394,/studio/rotor_avg_rpm.mean_rpm,1817.5988464355469
2.020468357,1758897558.739468357,/studio/rotor_avg_rpm.mean_rpm,1820.2168579101562
2.021524734,1758897558.740524734,/studio/rotor_avg_rpm.mean_rpm,1815.7400512695312
2.02251899,1758897558.741518990,/studio/rotor_avg_rpm.mean_rpm,1811.9963073730469
2.023744349,1758897558.742744349,/studio/rotor_avg_rpm.mean_rpm,1813.8551330566406
2.024811564,1758897558.743811564,/studio/rotor_avg_rpm.mean_rpm,1817.5726928710938
2.024813642,1758897558.743813642,/studio/rotor_avg_rpm.mean_rpm,1811.9701538085938
2.025987255,1758897558.744987255,/studio/rotor_avg_rpm.mean_rpm,1806.7341613769531
2.027051938,1758897558.746051938,/studio/rotor_avg_rpm.mean_rpm,1813.8551330566406
2.028250589,1758897558.747250589,/studio/rotor_avg_rpm.mean_rpm,1812.336669921875
2.029223376,1758897558.748223376,/studio/rotor_avg_rpm.mean_rpm,1810.4779357910156
2.030430496,1758897558.749430496,/studio/rotor_avg_rpm.mean_rpm,1802.9904479980469
2.031488331,1758897558.750488331,/studio/rotor_avg_rpm.mean_rpm,1814.1954345703125
2.032578773,1758897558.751578773,/studio/rotor_avg_rpm.mean_rpm,1805.2418823242188
2.033598312,1758897558.752598312,/studio/rotor_avg_rpm.mean_rpm,1798.5136413574219
2.034921395,1758897558.753921395,/studio/rotor_avg_rpm.mean_rpm,1806.7603759765625
2.034924962,1758897558.753924962,/studio/rotor_avg_rpm.mean_rpm,1806.7603149414062
2.036013281,1758897558.755013281,/studio/rotor_avg_rpm.mean_rpm,1788.0416259765625
2.037632621,1758897558.756632621,/studio/rotor_avg_rpm.mean_rpm,1796.6286926269531
2.039175534,1758897558.758175534,/studio/rotor_avg_rpm.mean_rpm,1808.2525939941406
2.039191719,1758897558.758191719,/studio/rotor_avg_rpm.mean_rpm,1794.4033508300781
2.039984784,1758897558.758984784,/studio/rotor_avg_rpm.mean_rpm,1789.9266052246094
2.04146644,1758897558.760466440,/studio/rotor_avg_rpm.mean_rpm,1791.785400390625
2.042538861,1758897558.761538861,/studio/rotor_avg_rpm.mean_rpm,1798.9063110351562
2.04508465,1758897558.764084650,/studio/rotor_avg_rpm.mean_rpm,1786.9420471191406
2.045085917,1758897558.764085917,/studio/rotor_avg_rpm.mean_rpm,1787.6751098632812
2.04508839,1758897558.764088390,/studio/rotor_avg_rpm.mean_rpm,1795.16259765625
2.046488757,1758897558.765488757,/studio/rotor_avg_rpm.mean_rpm,1790.2931213378906
2.047474823,1758897558.766474823,/studio/rotor_avg_rpm.mean_rpm,1790.6858215332031
2.048565352,1758897558.767565352,/studio/rotor_avg_rpm.mean_rpm,1797.7806091308594
2.049847336,1758897558.768847336,/studio/rotor_avg_rpm.mean_rpm,1796.9952087402344
2.049854946,1758897558.768854946,/studio/rotor_avg_rpm.mean_rpm,1776.8103942871094
2.050864094,1758897558.769864094,/studio/rotor_avg_rpm.mean_rpm,1788.4081726074219
2.051871799,1758897558.770871799,/studio/rotor_avg_rpm.mean_rpm,1796.288330078125
2.053619274,1758897558.772619274,/studio/rotor_avg_rpm.mean_rpm,1788.0416259765625
2.056819507,1758897558.775819507,/studio/rotor_avg_rpm.mean_rpm,1785.4236450195312
2.056821744,1758897558.775821744,/studio/rotor_avg_rpm.mean_rpm,1792.9111022949219
2.056829464,1758897558.775829464,/studio/rotor_avg_rpm.mean_rpm,1789.9266357421875
2.058574211,1758897558.777574211,/studio/rotor_avg_rpm.mean_rpm,1789.5338745117188
2.0585764,1758897558.777576400,/studio/rotor_avg_rpm.mean_rpm,1785.0570983886719
2.076194392,1758897558.795194392,/studio/rotor_avg_rpm.mean_rpm,1786.1828308105469
2.076197356,1758897558.795197356,/studio/rotor_avg_rpm.mean_rpm,1783.1721496582031
2.076199888,1758897558.795199888,/studio/rotor_avg_rpm.mean_rpm,1785.7901611328125
2.076217404,1758897558.795217404,/studio/rotor_avg_rpm.mean_rpm,1780.580322265625
2.076219889,1758897558.795219889,/studio/rotor_avg_rpm.mean_rpm,1783.9313659667969
2.076240248,1758897558.795240248,/studio/rotor_avg_rpm.mean_rpm,1783.1983337402344
2.076242638,1758897558.795242638,/studio/rotor_avg_rpm.mean_rpm,1782.4129333496094
2.076257344,1758897558.795257344,/studio/rotor_avg_rpm.mean_rpm,1778.7215576171875
2.076260352,1758897558.795260352,/studio/rotor_avg_rpm.mean_rpm,1782.0725708007812
2.076269796,1758897558.795269796,/studio/rotor_avg_rpm.mean_rpm,1781.3133850097656
2.076272249,1758897558.795272249,/studio/rotor_avg_rpm.mean_rpm,1772.3598327636719
2.076275874,1758897558.795275874,/studio/rotor_avg_rpm.mean_rpm,1775.3181457519531
2.076277996,1758897558.795277996,/studio/rotor_avg_rpm.mean_rpm,1779.45458984375
2.076281484,1758897558.795281484,/studio/rotor_avg_rpm.mean_rpm,1773.0928649902344
2.076284141,1758897558.795284141,/studio/rotor_avg_rpm.mean_rpm,1774.1924133300781
2.07628665,1758897558.795286650,/studio/rotor_avg_rpm.mean_rpm,1783.5648193359375
2.076288411,1758897558.795288411,/studio/rotor_avg_rpm.mean_rpm,1779.0881042480469
2.080729954,1758897558.799729954,/studio/rotor_avg_rpm.mean_rpm,1779.7949523925781
2.080732938,1758897558.799732938,/studio/rotor_avg_rpm.mean_rpm,1768.223388671875
2.080735687,1758897558.799735687,/studio/rotor_avg_rpm.mean_rpm,1774.5851440429688
2.080738861,1758897558.799738861,/studio/rotor_avg_rpm.mean_rpm,1776.4439086914062
2.08074079,1758897558.799740790,/studio/rotor_avg_rpm.mean_rpm,1766.3646240234375
2.081490899,1758897558.800490899,/studio/rotor_avg_rpm.mean_rpm,1772.3336486816406
2.083185845,1758897558.802185845,/studio/rotor_avg_rpm.mean_rpm,1774.9778137207031
2.083189533,1758897558.802189533,/studio/rotor_avg_rpm.mean_rpm,1763.3800964355469
2.084227102,1758897558.803227102,/studio/rotor_avg_rpm.mean_rpm,1764.8461303710938
2.085315924,1758897558.804315924,/studio/rotor_avg_rpm.mean_rpm,1774.2185974121094
2.086465483,1758897558.805465483,/studio/rotor_avg_rpm.mean_rpm,1759.6101379394531
2.087829514,1758897558.806829514,/studio/rotor_avg_rpm.mean_rpm,1765.9718933105469
2.089084236,1758897558.808084236,/studio/rotor_avg_rpm.mean_rpm,1767.8568420410156
2.089086545,1758897558.808086545,/studio/rotor_avg_rpm.mean_rpm,1765.9980773925781
2.089937917,1758897558.808937917,/studio/rotor_avg_rpm.mean_rpm,1755.4999084472656
2.091297557,1758897558.810297557,/studio/rotor_avg_rpm.mean_rpm,1756.2591247558594
2.092237257,1758897558.811237257,/studio/rotor_avg_rpm.mean_rpm,1757.7513732910156
2.093262669,1758897558.812262669,/studio/rotor_avg_rpm.mean_rpm,1754.4003601074219
2.095854122,1758897558.814854122,/studio/rotor_avg_rpm.mean_rpm,1754.7668762207031
2.095855702,1758897558.814855702,/studio/rotor_avg_rpm.mean_rpm,1757.3848571777344
2.096781819,1758897558.815781819,/studio/rotor_avg_rpm.mean_rpm,1751.0231323242188
2.098377776,1758897558.817377776,/studio/rotor_avg_rpm.mean_rpm,1762.2281799316406
2.0983856,1758897558.817385600,/studio/rotor_avg_rpm.mean_rpm,1753.2745971679688
2.099893423,1758897558.818893423,/studio/rotor_avg_rpm.mean_rpm,1752.9080505371094
2.103486701,1758897558.822486701,/studio/rotor_avg_rpm.mean_rpm,1746.5463562011719
2.103500225,1758897558.822500225,/studio/rotor_avg_rpm.mean_rpm,1752.8818969726562
2.10350487,1758897558.822504870,/studio/rotor_avg_rpm.mean_rpm,1752.5153503417969
2.103537093,1758897558.822537093,/studio/rotor_avg_rpm.mean_rpm,1754.7668762207031
2.108050764,1758897558.827050764,/studio/rotor_avg_rpm.mean_rpm,1755.8926086425781
2.108051693,1758897558.827051693,/studio/rotor_avg_rpm.mean_rpm,1755.8926086425781
2.108097221,1758897558.827097221,/studio/rotor_avg_rpm.mean_rpm,1749.8973693847656
2.10810002,1758897558.827100020,/studio/rotor_avg_rpm.mean_rpm,1749.164306640625
2.108119547,1758897558.827119547,/studio/rotor_avg_rpm.mean_rpm,1753.64111328125
2.110623118,1758897558.829623118,/studio/rotor_avg_rpm.mean_rpm,1745.3944396972656
2.110625996,1758897558.829625996,/studio/rotor_avg_rpm.mean_rpm,1746.8866577148438
2.111444328,1758897558.830444328,/studio/rotor_avg_rpm.mean_rpm,1751.4158020019531
2.112500363,1758897558.831500363,/studio/rotor_avg_rpm.mean_rpm,1748.4051208496094
2.113358299,1758897558.832358299,/studio/rotor_avg_rpm.mean_rpm,1745.7609558105469
2.114740843,1758897558.833740843,/studio/rotor_avg_rpm.mean_rpm,1744.2687072753906
2.115743395,1758897558.834743395,/studio/rotor_avg_rpm.mean_rpm,1750.6304016113281
2.116918582,1758897558.835918582,/studio/rotor_avg_rpm.mean_rpm,1745.3944091796875
2.117993877,1758897558.836993877,/studio/rotor_avg_rpm.mean_rpm,1735.7078247070312
2.117995239,1758897558.836995239,/studio/rotor_avg_rpm.mean_rpm,1748.4051208496094
2.120073618,1758897558.839073618,/studio/rotor_avg_rpm.mean_rpm,1742.7764282226562
2.120091513,1758897558.839091513,/studio/rotor_avg_rpm.mean_rpm,1737.93310546875
2.121607961,1758897558.840607961,/studio/rotor_avg_rpm.mean_rpm,1739.058837890625
2.122424018,1758897558.841424018,/studio/rotor_avg_rpm.mean_rpm,1734.555908203125
2.123596954,1758897558.842596954,/studio/rotor_avg_rpm.mean_rpm,1734.9486083984375
2.124714011,1758897558.843714011,/studio/rotor_avg_rpm.mean_rpm,1746.5463256835938
2.12573744,1758897558.844737440,/studio/rotor_avg_rpm.mean_rpm,1743.9283142089844
2.12651265,1758897558.845512650,/studio/rotor_avg_rpm.mean_rpm,1731.9378967285156
2.127994995,1758897558.846994995,/studio/rotor_avg_rpm.mean_rpm,1729.6864013671875
2.127998321,1758897558.846998321,/studio/rotor_avg_rpm.mean_rpm,1736.4147033691406
2.129263943,1758897558.848263943,/studio/rotor_avg_rpm.mean_rpm,1734.1893920898438
2.131367234,1758897558.850367234,/studio/rotor_avg_rpm.mean_rpm,1724.1100769042969
2.131372217,1758897558.850372217,/studio/rotor_avg_rpm.mean_rpm,1731.9378662109375
2.132577902,1758897558.851577902,/studio/rotor_avg_rpm.mean_rpm,1728.5606994628906
2.133538387,1758897558.852538387,/studio/rotor_avg_rpm.mean_rpm,1722.5916137695312
2.135089445,1758897558.854089445,/studio/rotor_avg_rpm.mean_rpm,1728.2203369140625
2.135093053,1758897558.854093053,/studio/rotor_avg_rpm.mean_rpm,1729.6864013671875
2.136413688,1758897558.855413688,/studio/rotor_avg_rpm.mean_rpm,1723.350830078125
2.138328646,1758897558.857328646,/studio/rotor_avg_rpm.mean_rpm,1718.8740844726562
2.1383318,1758897558.857331800,/studio/rotor_avg_rpm.mean_rpm,1723.3508605957031
2.139815666,1758897558.858815666,/studio/rotor_avg_rpm.mean_rpm,1727.0946044921875
2.140543956,1758897558.859543956,/studio/rotor_avg_rpm.mean_rpm,1720.3663330078125
2.141743177,1758897558.860743177,/studio/rotor_avg_rpm.mean_rpm,1727.0945739746094
2.142853556,1758897558.861853556,/studio/rotor_avg_rpm.mean_rpm,1724.1100463867188
2.143934192,1758897558.862934192,/studio/rotor_avg_rpm.mean_rpm,1725.576171875
2.144992671,1758897558.863992671,/studio/rotor_avg_rpm.mean_rpm,1718.507568359375
2.145003606,1758897558.864003606,/studio/rotor_avg_rpm.mean_rpm,1720.7328491210938
2.146503624,1758897558.865503624,/studio/rotor_avg_rpm.mean_rpm,1716.6487426757812
2.15004567,1758897558.869045670,/studio/rotor_avg_rpm.mean_rpm,1714.7376403808594
2.150061241,1758897558.869061241,/studio/rotor_avg_rpm.mean_rpm,1711.3865661621094
2.150068647,1758897558.869068647,/studio/rotor_avg_rpm.mean_rpm,1712.4861755371094
2.151556604,1758897558.870556604,/studio/rotor_avg_rpm.mean_rpm,1712.11962890625
2.151577131,1758897558.870577131,/studio/rotor_avg_rpm.mean_rpm,1713.6380615234375
2.15301409,1758897558.872014090,/studio/rotor_avg_rpm.mean_rpm,1709.5016479492188
2.154764794,1758897558.873764794,/studio/rotor_avg_rpm.mean_rpm,1703.139892578125
2.154771966,1758897558.873771966,/studio/rotor_avg_rpm.mean_rpm,1705.0248718261719
2.155789539,1758897558.874789539,/studio/rotor_avg_rpm.mean_rpm,1717.7483215332031
2.157516326,1758897558.876516326,/studio/rotor_avg_rpm.mean_rpm,1703.5325927734375
2.157521632,1758897558.876521632,/studio/rotor_avg_rpm.mean_rpm,1703.5064392089844
2.159264063,1758897558.878264063,/studio/rotor_avg_rpm.mean_rpm,1701.3073120117188
2.160295798,1758897558.879295798,/studio/rotor_avg_rpm.mean_rpm,1700.1815795898438
2.160297719,1758897558.879297719,/studio/rotor_avg_rpm.mean_rpm,1696.7781372070312
2.161509519,1758897558.880509519,/studio/rotor_avg_rpm.mean_rpm,1702.3806762695312
2.163187245,1758897558.882187245,/studio/rotor_avg_rpm.mean_rpm,1700.8884582519531
2.163227991,1758897558.882227991,/studio/rotor_avg_rpm.mean_rpm,1699.0296325683594
2.165067151,1758897558.884067151,/studio/rotor_avg_rpm.mean_rpm,1695.6785888671875
2.165070933,1758897558.884070933,/studio/rotor_avg_rpm.mean_rpm,1694.5528564453125
2.166275454,1758897558.885275454,/studio/rotor_avg_rpm.mean_rpm,1691.5421752929688
2.16740218,1758897558.886402180,/studio/rotor_avg_rpm.mean_rpm,1703.8729248046875
2.168419432,1758897558.887419432,/studio/rotor_avg_rpm.mean_rpm,1696.0451354980469
2.169613395,1758897558.888613395,/studio/rotor_avg_rpm.mean_rpm,1693.7936706542969
2.170743639,1758897558.889743639,/studio/rotor_avg_rpm.mean_rpm,1692.2752380371094
2.171932189,1758897558.890932189,/studio/rotor_avg_rpm.mean_rpm,1700.888427734375
2.173086358,1758897558.892086358,/studio/rotor_avg_rpm.mean_rpm,1694.5267028808594
2.174074198,1758897558.893074198,/studio/rotor_avg_rpm.mean_rpm,1688.5576477050781
2.174076367,1758897558.893076367,/studio/rotor_avg_rpm.mean_rpm,1692.6679382324219
2.176977479,1758897558.895977479,/studio/rotor_avg_rpm.mean_rpm,1688.5576171875
2.176979007,1758897558.895979007,/studio/rotor_avg_rpm.mean_rpm,1687.7984619140625
2.177930686,1758897558.896930686,/studio/rotor_avg_rpm.mean_rpm,1686.6988830566406
2.179674436,1758897558.898674436,/studio/rotor_avg_rpm.mean_rpm,1692.3013916015625
2.17967818,1758897558.898678180,/studio/rotor_avg_rpm.mean_rpm,1685.180419921875
2.181205812,1758897558.900205812,/studio/rotor_avg_rpm.mean_rpm,1671.3573608398438
2.181208569,1758897558.900208569,/studio/rotor_avg_rpm.mean_rpm,1681.462890625
2.182430747,1758897558.901430747,/studio/rotor_avg_rpm.mean_rpm,1686.3061828613281
2.183580517,1758897558.902580517,/studio/rotor_avg_rpm.mean_rpm,1676.9598693847656
2.184713212,1758897558.903713212,/studio/rotor_avg_rpm.mean_rpm,1687.4319152832031
2.18569884,1758897558.904698840,/studio/rotor_avg_rpm.mean_rpm,1685.9396667480469
2.1870803690000002,1758897558.906080369,/studio/rotor_avg_rpm.mean_rpm,1675.4676208496094
2.187083983,1758897558.906083983,/studio/rotor_avg_rpm.mean_rpm,1682.1958923339844
2.187998715,1758897558.906998715,/studio/rotor_avg_rpm.mean_rpm,1675.4676513671875
2.189109098,1758897558.908109098,/studio/rotor_avg_rpm.mean_rpm,1676.9598999023438
2.189819975,1758897558.908819975,/studio/rotor_avg_rpm.mean_rpm,1676.9599304199219
2.191265915,1758897558.910265915,/studio/rotor_avg_rpm.mean_rpm,1677.7191162109375
2.192272705,1758897558.911272705,/studio/rotor_avg_rpm.mean_rpm,1664.9694519042969
2.193157334,1758897558.912157334,/studio/rotor_avg_rpm.mean_rpm,1666.09521484375
2.194511041,1758897558.913511041,/studio/rotor_avg_rpm.mean_rpm,1673.9754028320312
2.197333729,1758897558.916333729,/studio/rotor_avg_rpm.mean_rpm,1669.8651428222656
2.197336534,1758897558.916336534,/studio/rotor_avg_rpm.mean_rpm,1657.1416625976562
2.197338376,1758897558.916338376,/studio/rotor_avg_rpm.mean_rpm,1664.2364196777344
2.198889129,1758897558.917889129,/studio/rotor_avg_rpm.mean_rpm,1665.7548522949219
2.199841082,1758897558.918841082,/studio/rotor_avg_rpm.mean_rpm,1667.9801635742188
2.201291206,1758897558.920291206,/studio/rotor_avg_rpm.mean_rpm,1661.618408203125
2.202240778,1758897558.921240778,/studio/rotor_avg_rpm.mean_rpm,1660.1261596679688
2.20224289,1758897558.921242890,/studio/rotor_avg_rpm.mean_rpm,1657.1416625976562
2.20326863,1758897558.922268630,/studio/rotor_avg_rpm.mean_rpm,1661.2519226074219
2.20486268,1758897558.923862680,/studio/rotor_avg_rpm.mean_rpm,1664.2625732421875
2.206311818,1758897558.925311818,/studio/rotor_avg_rpm.mean_rpm,1665.0218200683594
2.206313421,1758897558.925313421,/studio/rotor_avg_rpm.mean_rpm,1652.2721557617188
2.207098947,1758897558.926098947,/studio/rotor_avg_rpm.mean_rpm,1657.1416625976562
2.208227997,1758897558.927227997,/studio/rotor_avg_rpm.mean_rpm,1663.1368713378906
2.209664823,1758897558.928664823,/studio/rotor_avg_rpm.mean_rpm,1657.1416320800781
2.211543158,1758897558.930543158,/studio/rotor_avg_rpm.mean_rpm,1653.764404296875
2.211546175,1758897558.930546175,/studio/rotor_avg_rpm.mean_rpm,1660.8853759765625
2.213011843,1758897558.932011843,/studio/rotor_avg_rpm.mean_rpm,1656.7489624023438
2.213837238,1758897558.932837238,/studio/rotor_avg_rpm.mean_rpm,1651.1464233398438
2.214905973,1758897558.933905973,/studio/rotor_avg_rpm.mean_rpm,1659.3930969238281
2.216320647,1758897558.935320647,/studio/rotor_avg_rpm.mean_rpm,1660.1261596679688
2.216322764,1758897558.935322764,/studio/rotor_avg_rpm.mean_rpm,1651.8794555664062
2.217345352,1758897558.936345352,/studio/rotor_avg_rpm.mean_rpm,1654.1571044921875
2.218427815,1758897558.937427815,/studio/rotor_avg_rpm.mean_rpm,1656.0158996582031
2.219845136,1758897558.938845136,/studio/rotor_avg_rpm.mean_rpm,1652.2721557617188
2.220731688,1758897558.939731688,/studio/rotor_avg_rpm.mean_rpm,1647.7953796386719
2.221860063,1758897558.940860063,/studio/rotor_avg_rpm.mean_rpm,1660.8853759765625
2.223153673,1758897558.942153673,/studio/rotor_avg_rpm.mean_rpm,1645.9366149902344
2.224488569,1758897558.943488569,/studio/rotor_avg_rpm.mean_rpm,1646.6696472167969
2.22450843,1758897558.943508430,/studio/rotor_avg_rpm.mean_rpm,1654.89013671875
2.225542586,1758897558.944542586,/studio/rotor_avg_rpm.mean_rpm,1653.3979187011719
2.226338917,1758897558.945338917,/studio/rotor_avg_rpm.mean_rpm,1645.9104309082031
2.228097964,1758897558.947097964,/studio/rotor_avg_rpm.mean_rpm,1647.4288330078125
2.229082163,1758897558.948082163,/studio/rotor_avg_rpm.mean_rpm,1641.8263244628906
2.230156845,1758897558.949156845,/studio/rotor_avg_rpm.mean_rpm,1644.8108520507812
2.230160638,1758897558.949160638,/studio/rotor_avg_rpm.mean_rpm,1647.7953491210938
2.23135384,1758897558.950353840,/studio/rotor_avg_rpm.mean_rpm,1645.9104309082031
2.232366223,1758897558.951366223,/studio/rotor_avg_rpm.mean_rpm,1646.6958312988281
2.233258848,1758897558.952258848,/studio/rotor_avg_rpm.mean_rpm,1639.9151916503906
2.234664376,1758897558.953664376,/studio/rotor_avg_rpm.mean_rpm,1649.2876281738281
2.236237557,1758897558.955237557,/studio/rotor_avg_rpm.mean_rpm,1642.9259033203125
2.236239593,1758897558.955239593,/studio/rotor_avg_rpm.mean_rpm,1641.4336242675781
2.237139274,1758897558.956139274,/studio/rotor_avg_rpm.mean_rpm,1641.8263549804688
2.238242732,1758897558.957242732,/studio/rotor_avg_rpm.mean_rpm,1638.4229431152344
2.239693182,1758897558.958693182,/studio/rotor_avg_rpm.mean_rpm,1637.6899108886719
2.240571437,1758897558.959571437,/studio/rotor_avg_rpm.mean_rpm,1643.6851501464844
2.24172816,1758897558.960728160,/studio/rotor_avg_rpm.mean_rpm,1644.0516662597656
2.243078219,1758897558.962078219,/studio/rotor_avg_rpm.mean_rpm,1635.4384460449219
2.243961463,1758897558.962961463,/studio/rotor_avg_rpm.mean_rpm,1635.804931640625
2.245082921,1758897558.964082921,/studio/rotor_avg_rpm.mean_rpm,1641.8001708984375
2.246244258,1758897558.965244258,/studio/rotor_avg_rpm.mean_rpm,1634.3388671875
2.246246336,1758897558.965246336,/studio/rotor_avg_rpm.mean_rpm,1635.8311157226562
2.247376754,1758897558.966376754,/studio/rotor_avg_rpm.mean_rpm,1639.5748596191406
2.248431391,1758897558.967431391,/studio/rotor_avg_rpm.mean_rpm,1636.9568786621094
2.249580758,1758897558.968580758,/studio/rotor_avg_rpm.mean_rpm,1633.9461669921875
2.250774978,1758897558.969774978,/studio/rotor_avg_rpm.mean_rpm,1634.7053833007812
2.251823276,1758897558.970823276,/studio/rotor_avg_rpm.mean_rpm,1639.1821594238281
2.2532007800000002,1758897558.972200780,/studio/rotor_avg_rpm.mean_rpm,1637.3233947753906
2.254155157,1758897558.973155157,/studio/rotor_avg_rpm.mean_rpm,1635.8311157226562
2.255248341,1758897558.974248341,/studio/rotor_avg_rpm.mean_rpm,1637.6899108886719
2.255251432,1758897558.974251432,/studio/rotor_avg_rpm.mean_rpm,1629.4432067871094
2.256398593,1758897558.975398593,/studio/rotor_avg_rpm.mean_rpm,1633.213134765625
2.257249983,1758897558.976249983,/studio/rotor_avg_rpm.mean_rpm,1636.9568481445312
2.258687822,1758897558.977687822,/studio/rotor_avg_rpm.mean_rpm,1638.0826110839844
2.259653341,1758897558.978653341,/studio/rotor_avg_rpm.mean_rpm,1626.0921630859375
2.260422217,1758897558.979422217,/studio/rotor_avg_rpm.mean_rpm,1636.9568786621094
2.262100867,1758897558.981100867,/studio/rotor_avg_rpm.mean_rpm,1632.8466186523438
2.263172888,1758897558.982172888,/studio/rotor_avg_rpm.mean_rpm,1626.0921936035156
2.280787607,1758897558.999787607,/studio/rotor_avg_rpm.mean_rpm,1630.2285766601562
2.280791576,1758897558.999791576,/studio/rotor_avg_rpm.mean_rpm,1628.3436279296875
2.28079856,1758897558.999798560,/studio/rotor_avg_rpm.mean_rpm,1623.47412109375
2.280811629,1758897558.999811629,/studio/rotor_avg_rpm.mean_rpm,1624.6260681152344
2.28081385,1758897558.999813850,/studio/rotor_avg_rpm.mean_rpm,1626.48486328125
2.280817817,1758897558.999817817,/studio/rotor_avg_rpm.mean_rpm,1628.3698120117188
2.280820062,1758897558.999820062,/studio/rotor_avg_rpm.mean_rpm,1623.4741516113281
2.280822421,1758897558.999822421,/studio/rotor_avg_rpm.mean_rpm,1624.2333984375
2.280825218,1758897558.999825218,/studio/rotor_avg_rpm.mean_rpm,1622.7411193847656
2.280827221,1758897558.999827221,/studio/rotor_avg_rpm.mean_rpm,1614.8871154785156
2.280830539,1758897558.999830539,/studio/rotor_avg_rpm.mean_rpm,1624.2333679199219
2.280833045,1758897558.999833045,/studio/rotor_avg_rpm.mean_rpm,1618.6308288574219
2.280835173,1758897558.999835173,/studio/rotor_avg_rpm.mean_rpm,1614.8871154785156
2.280838851,1758897558.999838851,/studio/rotor_avg_rpm.mean_rpm,1617.845458984375
2.280842054,1758897558.999842054,/studio/rotor_avg_rpm.mean_rpm,1622.7411193847656
2.280854529,1758897558.999854529,/studio/rotor_avg_rpm.mean_rpm,1616.0128479003906
2.280856211,1758897558.999856211,/studio/rotor_avg_rpm.mean_rpm,1611.1434020996094
2.28617031,1758897559.005170310,/studio/rotor_avg_rpm.mean_rpm,1612.2429504394531
2.286171512,1758897559.005171512,/studio/rotor_avg_rpm.mean_rpm,1612.2691040039062
2.286182519,1758897559.005182519,/studio/rotor_avg_rpm.mean_rpm,1619.756591796875
2.28618475,1758897559.005184750,/studio/rotor_avg_rpm.mean_rpm,1614.1278991699219
2.286187403,1758897559.005187403,/studio/rotor_avg_rpm.mean_rpm,1613.0021667480469
2.286194899,1758897559.005194899,/studio/rotor_avg_rpm.mean_rpm,1621.2226867675781
2.287466581,1758897559.006466581,/studio/rotor_avg_rpm.mean_rpm,1611.1433715820312
2.288604304,1758897559.007604304,/studio/rotor_avg_rpm.mean_rpm,1612.2429504394531
2.288607216,1758897559.007607216,/studio/rotor_avg_rpm.mean_rpm,1605.1481323242188
2.292082667,1758897559.011082667,/studio/rotor_avg_rpm.mean_rpm,1612.2429504394531
2.292094465,1758897559.011094465,/studio/rotor_avg_rpm.mean_rpm,1616.3793640136719
2.292095571,1758897559.011095571,/studio/rotor_avg_rpm.mean_rpm,1604.048583984375
2.29292912,1758897559.011929120,/studio/rotor_avg_rpm.mean_rpm,1597.3203735351562
2.293906016,1758897559.012906016,/studio/rotor_avg_rpm.mean_rpm,1601.4044189453125
2.295209417,1758897559.014209417,/studio/rotor_avg_rpm.mean_rpm,1604.7816162109375
2.296269914,1758897559.015269914,/studio/rotor_avg_rpm.mean_rpm,1604.7816467285156
2.297882839,1758897559.016882839,/studio/rotor_avg_rpm.mean_rpm,1592.8174133300781
2.297894144,1758897559.016894144,/studio/rotor_avg_rpm.mean_rpm,1600.6713562011719
2.299422554,1758897559.018422554,/studio/rotor_avg_rpm.mean_rpm,1599.9121398925781
2.301298734,1758897559.020298734,/studio/rotor_avg_rpm.mean_rpm,1601.0378723144531
2.301309917,1758897559.020309917,/studio/rotor_avg_rpm.mean_rpm,1591.2989196777344
2.302287914,1758897559.021287914,/studio/rotor_avg_rpm.mean_rpm,1592.8173522949219
2.303150908,1758897559.022150908,/studio/rotor_avg_rpm.mean_rpm,1588.6809387207031
2.304578285,1758897559.023578285,/studio/rotor_avg_rpm.mean_rpm,1602.5039672851562
2.304579677,1758897559.023579677,/studio/rotor_avg_rpm.mean_rpm,1595.0426635742188
2.305578365,1758897559.024578365,/studio/rotor_avg_rpm.mean_rpm,1581.5861511230469
2.306544074,1758897559.025544074,/studio/rotor_avg_rpm.mean_rpm,1585.7225952148438
2.307885024,1758897559.026885024,/studio/rotor_avg_rpm.mean_rpm,1595.8280944824219
2.308863283,1758897559.027863283,/studio/rotor_avg_rpm.mean_rpm,1582.7380676269531
2.309720435,1758897559.028720435,/studio/rotor_avg_rpm.mean_rpm,1575.5909423828125
2.311137877,1758897559.030137877,/studio/rotor_avg_rpm.mean_rpm,1578.6016540527344
2.31220364,1758897559.031203640,/studio/rotor_avg_rpm.mean_rpm,1582.3453674316406
2.313163911,1758897559.032163911,/studio/rotor_avg_rpm.mean_rpm,1576.3501586914062
2.314442594,1758897559.033442594,/studio/rotor_avg_rpm.mean_rpm,1570.381103515625
2.315616747,1758897559.034616747,/studio/rotor_avg_rpm.mean_rpm,1580.4604187011719
2.316564355,1758897559.035564355,/studio/rotor_avg_rpm.mean_rpm,1568.8888854980469
2.316566643,1758897559.035566643,/studio/rotor_avg_rpm.mean_rpm,1575.983642578125
2.318161602,1758897559.037161602,/studio/rotor_avg_rpm.mean_rpm,1572.6325988769531
2.319722428,1758897559.038722428,/studio/rotor_avg_rpm.mean_rpm,1565.1189575195312
2.319724761,1758897559.038724761,/studio/rotor_avg_rpm.mean_rpm,1571.0880126953125
2.321403896,1758897559.040403896,/studio/rotor_avg_rpm.mean_rpm,1570.3549499511719
2.322850981,1758897559.041850981,/studio/rotor_avg_rpm.mean_rpm,1566.6374206542969
2.322854563,1758897559.041854563,/studio/rotor_avg_rpm.mean_rpm,1565.1189270019531
2.3236168680000002,1758897559.042616868,/studio/rotor_avg_rpm.mean_rpm,1561.7678833007812
2.324660639,1758897559.043660639,/studio/rotor_avg_rpm.mean_rpm,1566.2446899414062
2.326168954,1758897559.045168954,/studio/rotor_avg_rpm.mean_rpm,1565.5116271972656
2.327038914,1758897559.046038914,/studio/rotor_avg_rpm.mean_rpm,1566.2446899414062
2.328091086,1758897559.047091086,/studio/rotor_avg_rpm.mean_rpm,1561.7678833007812
2.329579393,1758897559.048579393,/studio/rotor_avg_rpm.mean_rpm,1555.7988586425781
2.329581851,1758897559.048581851,/studio/rotor_avg_rpm.mean_rpm,1562.8936462402344
2.331384,1758897559.050384000,/studio/rotor_avg_rpm.mean_rpm,1554.6731262207031
2.332852268,1758897559.051852268,/studio/rotor_avg_rpm.mean_rpm,1565.5116271972656
2.332854574,1758897559.051854574,/studio/rotor_avg_rpm.mean_rpm,1546.8191223144531
2.334654518,1758897559.053654518,/studio/rotor_avg_rpm.mean_rpm,1565.878173828125
2.334655664,1758897559.053655664,/studio/rotor_avg_rpm.mean_rpm,1558.024169921875
2.335668109,1758897559.054668109,/studio/rotor_avg_rpm.mean_rpm,1552.7881469726562
2.336441091,1758897559.055441091,/studio/rotor_avg_rpm.mean_rpm,1559.5164489746094
2.33794018,1758897559.056940180,/studio/rotor_avg_rpm.mean_rpm,1560.275634765625
2.339074414,1758897559.058074414,/studio/rotor_avg_rpm.mean_rpm,1554.2804260253906
2.340236727,1758897559.059236727,/studio/rotor_avg_rpm.mean_rpm,1550.170166015625
2.341622158,1758897559.060622158,/studio/rotor_avg_rpm.mean_rpm,1555.4061584472656
2.342896561,1758897559.061896561,/studio/rotor_avg_rpm.mean_rpm,1556.8984069824219
2.342916041,1758897559.061916041,/studio/rotor_avg_rpm.mean_rpm,1552.4478149414062
2.343715596,1758897559.062715596,/studio/rotor_avg_rpm.mean_rpm,1545.3268432617188
2.34506363,1758897559.064063630,/studio/rotor_avg_rpm.mean_rpm,1550.5366821289062
2.3461361099999998,1758897559.065136110,/studio/rotor_avg_rpm.mean_rpm,1545.3006591796875
2.347239687,1758897559.066239687,/studio/rotor_avg_rpm.mean_rpm,1545.6672058105469
2.348332471,1758897559.067332471,/studio/rotor_avg_rpm.mean_rpm,1545.3006591796875
2.349411664,1758897559.068411664,/studio/rotor_avg_rpm.mean_rpm,1534.8548889160156
2.35041399,1758897559.069413990,/studio/rotor_avg_rpm.mean_rpm,1538.9913024902344
2.351657931,1758897559.070657931,/studio/rotor_avg_rpm.mean_rpm,1544.9341430664062
2.35165927,1758897559.070659270,/studio/rotor_avg_rpm.mean_rpm,1543.4157104492188
2.3528867,1758897559.071886700,/studio/rotor_avg_rpm.mean_rpm,1539.3316345214844
2.354066331,1758897559.073066331,/studio/rotor_avg_rpm.mean_rpm,1538.9912719726562
2.3553054429999998,1758897559.074305443,/studio/rotor_avg_rpm.mean_rpm,1532.2368469238281
2.356254748,1758897559.075254748,/studio/rotor_avg_rpm.mean_rpm,1538.1796875
2.358089798,1758897559.077089798,/studio/rotor_avg_rpm.mean_rpm,1535.2213745117188
2.3580926890000002,1758897559.077092689,/studio/rotor_avg_rpm.mean_rpm,1539.6981201171875
2.359105614,1758897559.078105614,/studio/rotor_avg_rpm.mean_rpm,1534.4883422851562
2.3598973020000003,1758897559.078897302,/studio/rotor_avg_rpm.mean_rpm,1537.0801696777344
2.361308928,1758897559.080308928,/studio/rotor_avg_rpm.mean_rpm,1533.7290954589844
2.362799878,1758897559.081799878,/studio/rotor_avg_rpm.mean_rpm,1528.4931335449219
2.362801145,1758897559.081801145,/studio/rotor_avg_rpm.mean_rpm,1531.1111145019531
2.364630309,1758897559.083630309,/studio/rotor_avg_rpm.mean_rpm,1524.016357421875
2.366193327,1758897559.085193327,/studio/rotor_avg_rpm.mean_rpm,1525.8750915527344
2.3661961590000002,1758897559.085196159,/studio/rotor_avg_rpm.mean_rpm,1519.53955078125
2.368063434,1758897559.087063434,/studio/rotor_avg_rpm.mean_rpm,1519.1730651855469
2.368064807,1758897559.087064807,/studio/rotor_avg_rpm.mean_rpm,1521.7648620605469
2.369451287,1758897559.088451287,/studio/rotor_avg_rpm.mean_rpm,1529.2261657714844
2.370611212,1758897559.089611212,/studio/rotor_avg_rpm.mean_rpm,1532.2106628417969
2.371693592,1758897559.090693592,/studio/rotor_avg_rpm.mean_rpm,1516.9215698242188
2.373323157,1758897559.092323157,/studio/rotor_avg_rpm.mean_rpm,1517.6546020507812
2.373328298,1758897559.092328298,/studio/rotor_avg_rpm.mean_rpm,1527.0008239746094
2.375071713,1758897559.094071713,/studio/rotor_avg_rpm.mean_rpm,1524.4090576171875
2.375075981,1758897559.094075981,/studio/rotor_avg_rpm.mean_rpm,1519.5395812988281
2.376769064,1758897559.095769064,/studio/rotor_avg_rpm.mean_rpm,1515.7958374023438
2.3767716229999998,1758897559.095771623,/studio/rotor_avg_rpm.mean_rpm,1517.2880554199219
2.378403616,1758897559.097403616,/studio/rotor_avg_rpm.mean_rpm,1509.0413818359375
2.3797307930000002,1758897559.098730793,/studio/rotor_avg_rpm.mean_rpm,1519.9060668945312
2.379734415,1758897559.098734415,/studio/rotor_avg_rpm.mean_rpm,1508.7010498046875
2.380855352,1758897559.099855352,/studio/rotor_avg_rpm.mean_rpm,1516.1623229980469
2.381696846,1758897559.100696846,/studio/rotor_avg_rpm.mean_rpm,1513.9108276367188
2.383285821,1758897559.102285821,/studio/rotor_avg_rpm.mean_rpm,1512.7850952148438
2.384975067,1758897559.103975067,/studio/rotor_avg_rpm.mean_rpm,1505.3238525390625
2.384977251,1758897559.103977251,/studio/rotor_avg_rpm.mean_rpm,1506.7898864746094
2.386416262,1758897559.105416262,/studio/rotor_avg_rpm.mean_rpm,1510.5336303710938
2.387461718,1758897559.106461718,/studio/rotor_avg_rpm.mean_rpm,1511.6593627929688
2.388511964,1758897559.107511964,/studio/rotor_avg_rpm.mean_rpm,1508.2821655273438
2.389764464,1758897559.108764464,/studio/rotor_avg_rpm.mean_rpm,1507.2088012695312
2.391162251,1758897559.110162251,/studio/rotor_avg_rpm.mean_rpm,1498.5693664550781
2.3911645200000002,1758897559.110164520,/studio/rotor_avg_rpm.mean_rpm,1508.6748352050781
2.39206608,1758897559.111066080,/studio/rotor_avg_rpm.mean_rpm,1508.308349609375
2.392936839,1758897559.111936839,/studio/rotor_avg_rpm.mean_rpm,1498.5955505371094
2.394409136,1758897559.113409136,/studio/rotor_avg_rpm.mean_rpm,1507.1564025878906
2.395496675,1758897559.114496675,/studio/rotor_avg_rpm.mean_rpm,1503.0723266601562
2.396643305,1758897559.115643305,/studio/rotor_avg_rpm.mean_rpm,1501.5538940429688
2.397746734,1758897559.116746734,/studio/rotor_avg_rpm.mean_rpm,1497.8363189697266
2.398869413,1758897559.117869413,/studio/rotor_avg_rpm.mean_rpm,1495.5586547851562
2.3997551980000003,1758897559.118755198,/studio/rotor_avg_rpm.mean_rpm,1495.5586547851562
2.399761248,1758897559.118761248,/studio/rotor_avg_rpm.mean_rpm,1491.8411102294922
2.402137023,1758897559.121137023,/studio/rotor_avg_rpm.mean_rpm,1498.9359130859375
2.403111599,1758897559.122111599,/studio/rotor_avg_rpm.mean_rpm,1492.600326538086
2.403116904,1758897559.122116904,/studio/rotor_avg_rpm.mean_rpm,1495.192138671875
2.403919276,1758897559.122919276,/studio/rotor_avg_rpm.mean_rpm,1493.6737060546875
2.405401789,1758897559.124401789,/studio/rotor_avg_rpm.mean_rpm,1485.1128540039062
2.406354841,1758897559.125354841,/studio/rotor_avg_rpm.mean_rpm,1491.0818786621094
2.407741134,1758897559.126741134,/studio/rotor_avg_rpm.mean_rpm,1483.9871368408203
2.409737859,1758897559.128737859,/studio/rotor_avg_rpm.mean_rpm,1493.3333435058594
2.409787524,1758897559.128787524,/studio/rotor_avg_rpm.mean_rpm,1495.192138671875
2.411114495,1758897559.130114495,/studio/rotor_avg_rpm.mean_rpm,1488.4638671875
2.4111564420000002,1758897559.130156442,/studio/rotor_avg_rpm.mean_rpm,1478.3584289550781
2.412053205,1758897559.131053205,/studio/rotor_avg_rpm.mean_rpm,1485.4531860351562
2.413048643,1758897559.132048643,/studio/rotor_avg_rpm.mean_rpm,1483.9871368408203
2.4144909930000003,1758897559.133490993,/studio/rotor_avg_rpm.mean_rpm,1488.8566131591797
2.415434272,1758897559.134434272,/studio/rotor_avg_rpm.mean_rpm,1482.8613586425781
2.416403516,1758897559.135403516,/studio/rotor_avg_rpm.mean_rpm,1475.7666015625
2.417726577,1758897559.136726577,/studio/rotor_avg_rpm.mean_rpm,1481.3690948486328
2.418776169,1758897559.137776169,/studio/rotor_avg_rpm.mean_rpm,1483.960922241211
2.419961173,1758897559.138961173,/studio/rotor_avg_rpm.mean_rpm,1485.4793548583984
2.421979817,1758897559.140979817,/studio/rotor_avg_rpm.mean_rpm,1471.2636260986328
2.421984176,1758897559.140984176,/studio/rotor_avg_rpm.mean_rpm,1484.3536224365234
2.422976144,1758897559.141976144,/studio/rotor_avg_rpm.mean_rpm,1480.9764099121094
2.424029082,1758897559.143029082,/studio/rotor_avg_rpm.mean_rpm,1479.1176147460938
2.42406615,1758897559.143066150,/studio/rotor_avg_rpm.mean_rpm,1478.3845825195312
2.425650303,1758897559.144650303,/studio/rotor_avg_rpm.mean_rpm,1473.8816528320312
2.426788887,1758897559.145788887,/studio/rotor_avg_rpm.mean_rpm,1474.6146850585938
2.4278432690000002,1758897559.146843269,/studio/rotor_avg_rpm.mean_rpm,1477.2326965332031
2.428895359,1758897559.147895359,/studio/rotor_avg_rpm.mean_rpm,1472.0228576660156
2.429895133,1758897559.148895133,/studio/rotor_avg_rpm.mean_rpm,1476.4996032714844
2.43411182,1758897559.153111820,/studio/rotor_avg_rpm.mean_rpm,1473.8816528320312
2.434131184,1758897559.153131184,/studio/rotor_avg_rpm.mean_rpm,1472.3893585205078
2.434135228,1758897559.153135228,/studio/rotor_avg_rpm.mean_rpm,1473.1224060058594
2.434156583,1758897559.153156583,/studio/rotor_avg_rpm.mean_rpm,1463.0169372558594
2.434158578,1758897559.153158578,/studio/rotor_avg_rpm.mean_rpm,1465.661117553711
2.437530967,1758897559.156530967,/studio/rotor_avg_rpm.mean_rpm,1468.6456451416016
2.437548952,1758897559.156548952,/studio/rotor_avg_rpm.mean_rpm,1470.5044250488281
2.437550915,1758897559.156550915,/studio/rotor_avg_rpm.mean_rpm,1462.2838897705078
2.4388660140000002,1758897559.157866014,/studio/rotor_avg_rpm.mean_rpm,1459.6920928955078
2.44000398,1758897559.159003980,/studio/rotor_avg_rpm.mean_rpm,1468.2791290283203
2.441267269,1758897559.160267269,/studio/rotor_avg_rpm.mean_rpm,1474.2743682861328
2.441269094,1758897559.160269094,/studio/rotor_avg_rpm.mean_rpm,1459.3255615234375
2.442761294,1758897559.161761294,/studio/rotor_avg_rpm.mean_rpm,1462.650390625
2.443771558,1758897559.162771558,/studio/rotor_avg_rpm.mean_rpm,1466.3941497802734
2.44479918,1758897559.163799180,/studio/rotor_avg_rpm.mean_rpm,1465.2684020996094
2.446205086,1758897559.165205086,/studio/rotor_avg_rpm.mean_rpm,1457.0740966796875
2.447131753,1758897559.166131753,/studio/rotor_avg_rpm.mean_rpm,1459.2993621826172
2.448229514,1758897559.167229514,/studio/rotor_avg_rpm.mean_rpm,1455.1629333496094
2.449847362,1758897559.168847362,/studio/rotor_avg_rpm.mean_rpm,1460.0324096679688
2.449849161,1758897559.168849161,/studio/rotor_avg_rpm.mean_rpm,1451.0526885986328
2.451486141,1758897559.170486141,/studio/rotor_avg_rpm.mean_rpm,1456.3148345947266
2.451487644,1758897559.170487644,/studio/rotor_avg_rpm.mean_rpm,1454.0633544921875
2.452771138,1758897559.171771138,/studio/rotor_avg_rpm.mean_rpm,1449.9269714355469
2.45369189,1758897559.172691890,/studio/rotor_avg_rpm.mean_rpm,1454.0633850097656
2.454770816,1758897559.173770816,/studio/rotor_avg_rpm.mean_rpm,1451.0788269042969
2.456208802,1758897559.175208802,/studio/rotor_avg_rpm.mean_rpm,1435.370849609375
2.458169462,1758897559.177169462,/studio/rotor_avg_rpm.mean_rpm,1450.3196411132812
2.458170821,1758897559.177170821,/studio/rotor_avg_rpm.mean_rpm,1455.5556335449219
2.459394403,1758897559.178394403,/studio/rotor_avg_rpm.mean_rpm,1441.3660736083984
2.459402811,1758897559.178402811,/studio/rotor_avg_rpm.mean_rpm,1444.7171173095703
2.460329541,1758897559.179329541,/studio/rotor_avg_rpm.mean_rpm,1446.2093658447266
2.461418411,1758897559.180418411,/studio/rotor_avg_rpm.mean_rpm,1443.224853515625
2.462657197,1758897559.181657197,/studio/rotor_avg_rpm.mean_rpm,1442.4394226074219
2.463651198,1758897559.182651198,/studio/rotor_avg_rpm.mean_rpm,1445.8428649902344
2.464963864,1758897559.183963864,/studio/rotor_avg_rpm.mean_rpm,1443.5914001464844
2.466313994,1758897559.185313994,/studio/rotor_avg_rpm.mean_rpm,1437.2296295166016
2.467194478,1758897559.186194478,/studio/rotor_avg_rpm.mean_rpm,1439.847640991211
2.468553125,1758897559.187553125,/studio/rotor_avg_rpm.mean_rpm,1439.4811096191406
2.468555014,1758897559.187555014,/studio/rotor_avg_rpm.mean_rpm,1436.4966125488281
2.471400848,1758897559.190400848,/studio/rotor_avg_rpm.mean_rpm,1427.9095458984375
2.488966657,1758897559.207966657,/studio/rotor_avg_rpm.mean_rpm,1432.0198059082031
2.488983469,1758897559.207983469,/studio/rotor_avg_rpm.mean_rpm,1439.1408081054688
2.488985121,1758897559.207985121,/studio/rotor_avg_rpm.mean_rpm,1429.0091094970703
2.488991978,1758897559.207991978,/studio/rotor_avg_rpm.mean_rpm,1422.6473846435547
2.488994849,1758897559.207994849,/studio/rotor_avg_rpm.mean_rpm,1423.0401000976562
2.48899839,1758897559.207998390,/studio/rotor_avg_rpm.mean_rpm,1435.7373657226562
2.489001494,1758897559.208001494,/studio/rotor_avg_rpm.mean_rpm,1422.2808227539062
2.489011289,1758897559.208011289,/studio/rotor_avg_rpm.mean_rpm,1417.0448608398438
2.489013858,1758897559.208013858,/studio/rotor_avg_rpm.mean_rpm,1427.8833618164062
2.489017905,1758897559.208017905,/studio/rotor_avg_rpm.mean_rpm,1417.4375610351562
2.489019954,1758897559.208019954,/studio/rotor_avg_rpm.mean_rpm,1414.7933959960938
2.4890240070000003,1758897559.208024007,/studio/rotor_avg_rpm.mean_rpm,1409.9239196777344
2.489028019,1758897559.208028019,/studio/rotor_avg_rpm.mean_rpm,1418.537109375
2.489036528,1758897559.208036528,/studio/rotor_avg_rpm.mean_rpm,1415.9190979003906
2.489039151,1758897559.208039151,/studio/rotor_avg_rpm.mean_rpm,1412.9607849121094
2.489041327,1758897559.208041327,/studio/rotor_avg_rpm.mean_rpm,1411.4423217773438
2.489043015,1758897559.208043015,/studio/rotor_avg_rpm.mean_rpm,1414.4268341064453
2.490649592,1758897559.209649592,/studio/rotor_avg_rpm.mean_rpm,1407.6985931396484
2.490652354,1758897559.209652354,/studio/rotor_avg_rpm.mean_rpm,1409.9500579833984
2.490658665,1758897559.209658665,/studio/rotor_avg_rpm.mean_rpm,1404.6616973876953
2.490660327,1758897559.209660327,/studio/rotor_avg_rpm.mean_rpm,1405.4733123779297
2.491809569,1758897559.210809569,/studio/rotor_avg_rpm.mean_rpm,1397.5931243896484
2.492923208,1758897559.211923208,/studio/rotor_avg_rpm.mean_rpm,1405.4470977783203
2.494410372,1758897559.213410372,/studio/rotor_avg_rpm.mean_rpm,1397.200424194336
2.495518731,1758897559.214518731,/studio/rotor_avg_rpm.mean_rpm,1400.577621459961
2.496340402,1758897559.215340402,/studio/rotor_avg_rpm.mean_rpm,1391.2313995361328
2.49636158,1758897559.215361580,/studio/rotor_avg_rpm.mean_rpm,1399.4780883789062
2.497733713,1758897559.216733713,/studio/rotor_avg_rpm.mean_rpm,1396.0746459960938
2.498675445,1758897559.217675445,/studio/rotor_avg_rpm.mean_rpm,1403.614517211914
2.499643595,1758897559.218643595,/studio/rotor_avg_rpm.mean_rpm,1386.3619232177734
2.500971425,1758897559.219971425,/studio/rotor_avg_rpm.mean_rpm,1388.2206726074219
2.501917534,1758897559.220917534,/studio/rotor_avg_rpm.mean_rpm,1394.5823974609375
2.502848353,1758897559.221848353,/studio/rotor_avg_rpm.mean_rpm,1388.6133728027344
2.50541392,1758897559.224413920,/studio/rotor_avg_rpm.mean_rpm,1393.0901641845703
2.505418611,1758897559.224418611,/studio/rotor_avg_rpm.mean_rpm,1388.9798889160156
2.506871328,1758897559.225871328,/studio/rotor_avg_rpm.mean_rpm,1390.1056365966797
2.5068796190000002,1758897559.225879619,/studio/rotor_avg_rpm.mean_rpm,1387.4876403808594
2.507901595,1758897559.226901595,/studio/rotor_avg_rpm.mean_rpm,1387.8541564941406
2.509265025,1758897559.228265025,/studio/rotor_avg_rpm.mean_rpm,1381.492416381836
2.510486912,1758897559.229486912,/studio/rotor_avg_rpm.mean_rpm,1393.4828643798828
2.511589666,1758897559.230589666,/studio/rotor_avg_rpm.mean_rpm,1387.121109008789
2.512588779,1758897559.231588779,/studio/rotor_avg_rpm.mean_rpm,1383.743911743164
2.512590505,1758897559.231590505,/studio/rotor_avg_rpm.mean_rpm,1383.0108795166016
2.513568618,1758897559.232568618,/studio/rotor_avg_rpm.mean_rpm,1374.7903594970703
2.514890299,1758897559.233890299,/studio/rotor_avg_rpm.mean_rpm,1379.6336364746094
2.5158739260000003,1758897559.234873926,/studio/rotor_avg_rpm.mean_rpm,1379.6074523925781
2.5166396,1758897559.235639600,/studio/rotor_avg_rpm.mean_rpm,1381.9113006591797
2.518095563,1758897559.237095563,/studio/rotor_avg_rpm.mean_rpm,1374.764144897461
2.519436921,1758897559.238436921,/studio/rotor_avg_rpm.mean_rpm,1376.2564239501953
2.5202919919999998,1758897559.239291992,/studio/rotor_avg_rpm.mean_rpm,1383.0108795166016
2.5213516030000003,1758897559.240351603,/studio/rotor_avg_rpm.mean_rpm,1381.4923858642578
2.522647422,1758897559.241647422,/studio/rotor_avg_rpm.mean_rpm,1377.7486419677734
2.522657389,1758897559.241657389,/studio/rotor_avg_rpm.mean_rpm,1374.3976287841797
2.523635722,1758897559.242635722,/studio/rotor_avg_rpm.mean_rpm,1376.9894561767578
2.5247021800000002,1758897559.243702180,/studio/rotor_avg_rpm.mean_rpm,1372.9053802490234
2.525954693,1758897559.244954693,/studio/rotor_avg_rpm.mean_rpm,1371.7796478271484
2.52688023,1758897559.245880230,/studio/rotor_avg_rpm.mean_rpm,1368.035903930664
2.528000919,1758897559.247000919,/studio/rotor_avg_rpm.mean_rpm,1366.5436248779297
2.5293514520000002,1758897559.248351452,/studio/rotor_avg_rpm.mean_rpm,1370.6277313232422
2.531304887,1758897559.250304887,/studio/rotor_avg_rpm.mean_rpm,1372.1461334228516
2.531316415,1758897559.250316415,/studio/rotor_avg_rpm.mean_rpm,1365.4178924560547
2.53271428,1758897559.251714280,/studio/rotor_avg_rpm.mean_rpm,1364.6848602294922
2.532716312,1758897559.251716312,/studio/rotor_avg_rpm.mean_rpm,1362.8260955810547
2.534589769,1758897559.253589769,/studio/rotor_avg_rpm.mean_rpm,1367.6693572998047
2.534591389,1758897559.253591389,/studio/rotor_avg_rpm.mean_rpm,1374.3976593017578
2.535933045,1758897559.254933045,/studio/rotor_avg_rpm.mean_rpm,1359.056167602539
2.536810406,1758897559.255810406,/studio/rotor_avg_rpm.mean_rpm,1357.5638885498047
2.537703207,1758897559.256703207,/studio/rotor_avg_rpm.mean_rpm,1357.1711883544922
2.539316748,1758897559.258316748,/studio/rotor_avg_rpm.mean_rpm,1362.433364868164
2.541237265,1758897559.260237265,/studio/rotor_avg_rpm.mean_rpm,1360.5746002197266
2.541239257,1758897559.260239257,/studio/rotor_avg_rpm.mean_rpm,1355.705093383789
2.542628379,1758897559.261628379,/studio/rotor_avg_rpm.mean_rpm,1359.0823516845703
2.544561991,1758897559.263561991,/studio/rotor_avg_rpm.mean_rpm,1360.9149627685547
2.544595815,1758897559.263595815,/studio/rotor_avg_rpm.mean_rpm,1359.056167602539
2.546020099,1758897559.265020099,/studio/rotor_avg_rpm.mean_rpm,1355.3124084472656
2.546021375,1758897559.265021375,/studio/rotor_avg_rpm.mean_rpm,1358.715805053711
2.547786136,1758897559.266786136,/studio/rotor_avg_rpm.mean_rpm,1356.0716094970703
2.54778979,1758897559.266789790,/studio/rotor_avg_rpm.mean_rpm,1355.3385925292969
2.549263247,1758897559.268263247,/studio/rotor_avg_rpm.mean_rpm,1352.6943969726562
2.551244633,1758897559.270244633,/studio/rotor_avg_rpm.mean_rpm,1349.7098846435547
2.551249426,1758897559.270249426,/studio/rotor_avg_rpm.mean_rpm,1350.8356475830078
2.552382663,1758897559.271382663,/studio/rotor_avg_rpm.mean_rpm,1349.736068725586
2.554478075,1758897559.273478075,/studio/rotor_avg_rpm.mean_rpm,1349.736068725586
2.5544800739999998,1758897559.273480074,/studio/rotor_avg_rpm.mean_rpm,1361.6741790771484
2.5554489460000003,1758897559.274448946,/studio/rotor_avg_rpm.mean_rpm,1347.0918884277344
2.556324641,1758897559.275324641,/studio/rotor_avg_rpm.mean_rpm,1342.6151275634766
2.557769216,1758897559.276769216,/studio/rotor_avg_rpm.mean_rpm,1347.0919036865234
2.5577721589999998,1758897559.276772159,/studio/rotor_avg_rpm.mean_rpm,1348.5841674804688
2.558922816,1758897559.277922816,/studio/rotor_avg_rpm.mean_rpm,1347.484603881836
2.561078018,1758897559.280078018,/studio/rotor_avg_rpm.mean_rpm,1337.7718048095703
2.561079325,1758897559.280079325,/studio/rotor_avg_rpm.mean_rpm,1343.3743438720703
2.56206033,1758897559.281060330,/studio/rotor_avg_rpm.mean_rpm,1351.202133178711
2.5630842879999998,1758897559.282084288,/studio/rotor_avg_rpm.mean_rpm,1341.8558959960938
2.565968573,1758897559.284968573,/studio/rotor_avg_rpm.mean_rpm,1349.3433990478516
2.5659712690000003,1758897559.284971269,/studio/rotor_avg_rpm.mean_rpm,1340.756332397461
2.5660161930000003,1758897559.285016193,/studio/rotor_avg_rpm.mean_rpm,1344.5000610351562
2.568263264,1758897559.287263264,/studio/rotor_avg_rpm.mean_rpm,1343.348129272461
2.568268868,1758897559.287268868,/studio/rotor_avg_rpm.mean_rpm,1339.630599975586
2.569213048,1758897559.288213048,/studio/rotor_avg_rpm.mean_rpm,1342.6151123046875
2.56999118,1758897559.288991180,/studio/rotor_avg_rpm.mean_rpm,1334.7611236572266
2.572453862,1758897559.291453862,/studio/rotor_avg_rpm.mean_rpm,1342.9816131591797
2.57245617,1758897559.291456170,/studio/rotor_avg_rpm.mean_rpm,1336.619873046875
2.573278502,1758897559.292278502,/studio/rotor_avg_rpm.mean_rpm,1342.6151275634766
2.575150736,1758897559.294150736,/studio/rotor_avg_rpm.mean_rpm,1327.6663208007812
2.575153571,1758897559.294153571,/studio/rotor_avg_rpm.mean_rpm,1339.630599975586
2.576105489,1758897559.295105489,/studio/rotor_avg_rpm.mean_rpm,1333.2688598632812
2.5775356130000002,1758897559.296535613,/studio/rotor_avg_rpm.mean_rpm,1334.7611236572266
2.578604382,1758897559.297604382,/studio/rotor_avg_rpm.mean_rpm,1337.7456359863281
2.579500387,1758897559.298500387,/studio/rotor_avg_rpm.mean_rpm,1328.765853881836
2.581033713,1758897559.300033713,/studio/rotor_avg_rpm.mean_rpm,1336.6460723876953
2.5810382030000003,1758897559.300038203,/studio/rotor_avg_rpm.mean_rpm,1332.5096588134766
2.582260764,1758897559.301260764,/studio/rotor_avg_rpm.mean_rpm,1340.3636322021484
2.58321487,1758897559.302214870,/studio/rotor_avg_rpm.mean_rpm,1329.1324005126953
2.584773711,1758897559.303773711,/studio/rotor_avg_rpm.mean_rpm,1329.5251007080078
2.584775961,1758897559.303775961,/studio/rotor_avg_rpm.mean_rpm,1328.0328521728516
2.5859156910000003,1758897559.304915691,/studio/rotor_avg_rpm.mean_rpm,1333.2688598632812
2.587224743,1758897559.306224743,/studio/rotor_avg_rpm.mean_rpm,1322.0638275146484
2.588366402,1758897559.307366402,/studio/rotor_avg_rpm.mean_rpm,1329.5251007080078
2.589338339,1758897559.308338339,/studio/rotor_avg_rpm.mean_rpm,1332.902328491211
2.590094527,1758897559.309094527,/studio/rotor_avg_rpm.mean_rpm,1324.6556243896484
2.591698913,1758897559.310698913,/studio/rotor_avg_rpm.mean_rpm,1325.0221405029297
2.592571977,1758897559.311571977,/studio/rotor_avg_rpm.mean_rpm,1326.8809204101562
2.593970646,1758897559.312970646,/studio/rotor_avg_rpm.mean_rpm,1328.7658996582031
2.5939933,1758897559.312993300,/studio/rotor_avg_rpm.mean_rpm,1323.5298919677734
2.5950503129999998,1758897559.314050313,/studio/rotor_avg_rpm.mean_rpm,1328.3993682861328
2.5959660920000003,1758897559.314966092,/studio/rotor_avg_rpm.mean_rpm,1327.6401672363281
2.5968603,1758897559.315860300,/studio/rotor_avg_rpm.mean_rpm,1320.9119110107422
2.598335465,1758897559.317335465,/studio/rotor_avg_rpm.mean_rpm,1322.0376281738281
2.599199113,1758897559.318199113,/studio/rotor_avg_rpm.mean_rpm,1317.9273834228516
2.600062433,1758897559.319062433,/studio/rotor_avg_rpm.mean_rpm,1319.7861633300781
2.601638485,1758897559.320638485,/studio/rotor_avg_rpm.mean_rpm,1323.1633911132812
2.602550052,1758897559.321550052,/studio/rotor_avg_rpm.mean_rpm,1321.6710968017578
2.6032741980000003,1758897559.322274198,/studio/rotor_avg_rpm.mean_rpm,1316.4351501464844
2.604950139,1758897559.323950139,/studio/rotor_avg_rpm.mean_rpm,1323.8964233398438
2.604953108,1758897559.323953108,/studio/rotor_avg_rpm.mean_rpm,1321.3046112060547
2.606547182,1758897559.325547182,/studio/rotor_avg_rpm.mean_rpm,1325.7552337646484
2.608201008,1758897559.327201008,/studio/rotor_avg_rpm.mean_rpm,1316.408935546875
2.608202083,1758897559.327202083,/studio/rotor_avg_rpm.mean_rpm,1321.3046112060547
2.609242082,1758897559.328242082,/studio/rotor_avg_rpm.mean_rpm,1320.9380645751953
2.611673956,1758897559.330673956,/studio/rotor_avg_rpm.mean_rpm,1318.6865997314453
2.611675839,1758897559.330675839,/studio/rotor_avg_rpm.mean_rpm,1313.4244384765625
2.612648418,1758897559.331648418,/studio/rotor_avg_rpm.mean_rpm,1311.9583435058594
2.613657071,1758897559.332657071,/studio/rotor_avg_rpm.mean_rpm,1314.157470703125
2.614825276,1758897559.333825276,/studio/rotor_avg_rpm.mean_rpm,1308.9476470947266
2.615977581,1758897559.334977581,/studio/rotor_avg_rpm.mean_rpm,1320.54541015625
2.616019223,1758897559.335019223,/studio/rotor_avg_rpm.mean_rpm,1310.0995788574219
2.617004488,1758897559.336004488,/studio/rotor_avg_rpm.mean_rpm,1306.3296661376953
2.618079126,1758897559.337079126,/studio/rotor_avg_rpm.mean_rpm,1314.2098236083984
2.619238078,1758897559.338238078,/studio/rotor_avg_rpm.mean_rpm,1309.340347290039
2.62029648,1758897559.339296480,/studio/rotor_avg_rpm.mean_rpm,1307.088882446289
2.621390507,1758897559.340390507,/studio/rotor_avg_rpm.mean_rpm,1310.8064422607422
2.6225274240000003,1758897559.341527424,/studio/rotor_avg_rpm.mean_rpm,1305.5966033935547
2.623586311,1758897559.342586311,/studio/rotor_avg_rpm.mean_rpm,1300.360595703125
2.624643806,1758897559.343643806,/studio/rotor_avg_rpm.mean_rpm,1308.6073303222656
2.625932541,1758897559.344932541,/studio/rotor_avg_rpm.mean_rpm,1308.214614868164
2.625934852,1758897559.344934852,/studio/rotor_avg_rpm.mean_rpm,1305.2039184570312
2.626855086,1758897559.345855086,/studio/rotor_avg_rpm.mean_rpm,1306.3296508789062
2.627945324,1758897559.346945324,/studio/rotor_avg_rpm.mean_rpm,1309.340347290039
2.629212213,1758897559.348212213,/studio/rotor_avg_rpm.mean_rpm,1305.2039184570312
2.629986514,1758897559.348986514,/studio/rotor_avg_rpm.mean_rpm,1311.5656433105469
2.63156253,1758897559.350562530,/studio/rotor_avg_rpm.mean_rpm,1295.0984191894531
2.632476506,1758897559.351476506,/studio/rotor_avg_rpm.mean_rpm,1301.4601287841797
2.633236352,1758897559.352236352,/studio/rotor_avg_rpm.mean_rpm,1306.7223510742188
2.636115141,1758897559.355115141,/studio/rotor_avg_rpm.mean_rpm,1296.6168975830078
2.6361172059999998,1758897559.355117206,/studio/rotor_avg_rpm.mean_rpm,1302.9786071777344
2.63612871,1758897559.355128710,/studio/rotor_avg_rpm.mean_rpm,1310.8326110839844
2.637051705,1758897559.356051705,/studio/rotor_avg_rpm.mean_rpm,1299.9940795898438
2.638173483,1758897559.357173483,/studio/rotor_avg_rpm.mean_rpm,1308.214584350586
2.639321004,1758897559.358321004,/studio/rotor_avg_rpm.mean_rpm,1297.7426147460938
2.64034182,1758897559.359341820,/studio/rotor_avg_rpm.mean_rpm,1302.585922241211
2.641433698,1758897559.360433698,/studio/rotor_avg_rpm.mean_rpm,1297.7164154052734
2.6426182330000003,1758897559.361618233,/studio/rotor_avg_rpm.mean_rpm,1301.460189819336
2.643652063,1758897559.362652063,/studio/rotor_avg_rpm.mean_rpm,1297.7426300048828
2.644769552,1758897559.363769552,/studio/rotor_avg_rpm.mean_rpm,1292.8731231689453
2.646022438,1758897559.365022438,/studio/rotor_avg_rpm.mean_rpm,1305.2039031982422
2.646027416,1758897559.365027416,/studio/rotor_avg_rpm.mean_rpm,1299.9679260253906
2.647069502,1758897559.366069502,/studio/rotor_avg_rpm.mean_rpm,1297.3498992919922
2.648127827,1758897559.367127827,/studio/rotor_avg_rpm.mean_rpm,1300.360595703125
2.649153912,1758897559.368153912,/studio/rotor_avg_rpm.mean_rpm,1290.9881744384766
2.650030511,1758897559.369030511,/studio/rotor_avg_rpm.mean_rpm,1307.429183959961
2.65145606,1758897559.370456060,/studio/rotor_avg_rpm.mean_rpm,1294.7318725585938
2.652529037,1758897559.371529037,/studio/rotor_avg_rpm.mean_rpm,1298.0829467773438
2.65340855,1758897559.372408550,/studio/rotor_avg_rpm.mean_rpm,1296.5906524658203
2.6551248259999998,1758897559.374124826,/studio/rotor_avg_rpm.mean_rpm,1299.9940795898438
2.656252796,1758897559.375252796,/studio/rotor_avg_rpm.mean_rpm,1298.4756469726562
2.656255026,1758897559.375255026,/studio/rotor_avg_rpm.mean_rpm,1292.4803924560547
2.657607943,1758897559.376607943,/studio/rotor_avg_rpm.mean_rpm,1289.4959106445312
2.658565607,1758897559.377565607,/studio/rotor_avg_rpm.mean_rpm,1295.4911041259766
2.659770661,1758897559.378770661,/studio/rotor_avg_rpm.mean_rpm,1288.7366943359375
2.660833952,1758897559.379833952,/studio/rotor_avg_rpm.mean_rpm,1297.3760986328125
2.662606047,1758897559.381606047,/studio/rotor_avg_rpm.mean_rpm,1294.7319030761719
2.662607817,1758897559.381607817,/studio/rotor_avg_rpm.mean_rpm,1294.3653564453125
2.663565972,1758897559.382565972,/studio/rotor_avg_rpm.mean_rpm,1292.1138916015625
2.664643064,1758897559.383643064,/studio/rotor_avg_rpm.mean_rpm,1286.1186981201172
2.666250551,1758897559.385250551,/studio/rotor_avg_rpm.mean_rpm,1293.2134399414062
2.666251719,1758897559.385251719,/studio/rotor_avg_rpm.mean_rpm,1284.652572631836
2.66809039,1758897559.387090390,/studio/rotor_avg_rpm.mean_rpm,1289.1293640136719
2.668094686,1758897559.387094686,/studio/rotor_avg_rpm.mean_rpm,1285.7521667480469
2.669300256,1758897559.388300256,/studio/rotor_avg_rpm.mean_rpm,1295.1246032714844
2.670084996,1758897559.389084996,/studio/rotor_avg_rpm.mean_rpm,1285.4118041992188
2.671649685,1758897559.390649685,/studio/rotor_avg_rpm.mean_rpm,1282.0084075927734
2.672363829,1758897559.391363829,/studio/rotor_avg_rpm.mean_rpm,1291.3546447753906
2.673253736,1758897559.392253736,/studio/rotor_avg_rpm.mean_rpm,1282.7676391601562
2.691473299,1758897559.410473299,/studio/rotor_avg_rpm.mean_rpm,1284.2598876953125
2.691477197,1758897559.410477197,/studio/rotor_avg_rpm.mean_rpm,1285.4118041992188
2.691479451,1758897559.410479451,/studio/rotor_avg_rpm.mean_rpm,1282.7676086425781
2.691481409,1758897559.410481409,/studio/rotor_avg_rpm.mean_rpm,1278.2908325195312
2.69148429,1758897559.410484290,/studio/rotor_avg_rpm.mean_rpm,1292.1139221191406
2.691486019,1758897559.410486019,/studio/rotor_avg_rpm.mean_rpm,1278.2908630371094
2.691488718,1758897559.410488718,/studio/rotor_avg_rpm.mean_rpm,1279.3904113769531
2.691490805,1758897559.410490805,/studio/rotor_avg_rpm.mean_rpm,1288.3701782226562
2.691508033,1758897559.410508033,/studio/rotor_avg_rpm.mean_rpm,1289.1293640136719
2.691511021,1758897559.410511021,/studio/rotor_avg_rpm.mean_rpm,1281.6681213378906
2.691515354,1758897559.410515354,/studio/rotor_avg_rpm.mean_rpm,1280.149658203125
2.691528484,1758897559.410528484,/studio/rotor_avg_rpm.mean_rpm,1279.4165954589844
2.691530472,1758897559.410530472,/studio/rotor_avg_rpm.mean_rpm,1285.0191040039062
2.691532598,1758897559.410532598,/studio/rotor_avg_rpm.mean_rpm,1282.0346069335938
2.691536158,1758897559.410536158,/studio/rotor_avg_rpm.mean_rpm,1272.2956237792969
2.6915374510000003,1758897559.410537451,/studio/rotor_avg_rpm.mean_rpm,1278.2646789550781
2.691539846,1758897559.410539846,/studio/rotor_avg_rpm.mean_rpm,1280.9088745117188
2.695870098,1758897559.414870098,/studio/rotor_avg_rpm.mean_rpm,1276.4059143066406
2.695940337,1758897559.414940337,/studio/rotor_avg_rpm.mean_rpm,1276.7986145019531
2.695942466,1758897559.414942466,/studio/rotor_avg_rpm.mean_rpm,1275.2801513671875
2.695944135,1758897559.414944135,/studio/rotor_avg_rpm.mean_rpm,1285.3856506347656
2.695945515,1758897559.414945515,/studio/rotor_avg_rpm.mean_rpm,1278.6573791503906
2.696585834,1758897559.415585834,/studio/rotor_avg_rpm.mean_rpm,1274.1806030273438
2.69938265,1758897559.418382650,/studio/rotor_avg_rpm.mean_rpm,1272.6882934570312
2.69938522,1758897559.418385220,/studio/rotor_avg_rpm.mean_rpm,1271.9291076660156
2.69938626,1758897559.418386260,/studio/rotor_avg_rpm.mean_rpm,1277.5316467285156
2.701182957,1758897559.420182957,/studio/rotor_avg_rpm.mean_rpm,1274.547119140625
2.701186506,1758897559.420186506,/studio/rotor_avg_rpm.mean_rpm,1271.1960754394531
2.702430453,1758897559.421430453,/studio/rotor_avg_rpm.mean_rpm,1266.6669616699219
2.703500309,1758897559.422500309,/studio/rotor_avg_rpm.mean_rpm,1272.2956237792969
2.704459207,1758897559.423459207,/studio/rotor_avg_rpm.mean_rpm,1274.1544189453125
2.70587253,1758897559.424872530,/studio/rotor_avg_rpm.mean_rpm,1270.41064453125
2.706677102,1758897559.425677102,/studio/rotor_avg_rpm.mean_rpm,1268.9446105957031
2.707818976,1758897559.426818976,/studio/rotor_avg_rpm.mean_rpm,1260.3313598632812
2.710009934,1758897559.429009934,/studio/rotor_avg_rpm.mean_rpm,1265.5935363769531
2.710011089,1758897559.429011089,/studio/rotor_avg_rpm.mean_rpm,1265.5935363769531
2.711403416,1758897559.430403416,/studio/rotor_avg_rpm.mean_rpm,1267.0596313476562
2.711443312,1758897559.430443312,/studio/rotor_avg_rpm.mean_rpm,1264.4154663085938
2.71240435,1758897559.431404350,/studio/rotor_avg_rpm.mean_rpm,1262.9493713378906
2.713470208,1758897559.432470208,/studio/rotor_avg_rpm.mean_rpm,1263.6824035644531
2.714609087,1758897559.433609087,/studio/rotor_avg_rpm.mean_rpm,1258.4726257324219
2.7159414330000002,1758897559.434941433,/studio/rotor_avg_rpm.mean_rpm,1261.4571228027344
2.716856674,1758897559.435856674,/studio/rotor_avg_rpm.mean_rpm,1265.5673828125
2.717941499,1758897559.436941499,/studio/rotor_avg_rpm.mean_rpm,1260.72412109375
2.719166873,1758897559.438166873,/studio/rotor_avg_rpm.mean_rpm,1255.8283996582031
2.720084896,1758897559.439084896,/studio/rotor_avg_rpm.mean_rpm,1258.0798950195312
2.721305531,1758897559.440305531,/studio/rotor_avg_rpm.mean_rpm,1259.9386901855469
2.72130857,1758897559.440308570,/studio/rotor_avg_rpm.mean_rpm,1258.4725952148438
2.722371698,1758897559.441371698,/studio/rotor_avg_rpm.mean_rpm,1252.1108703613281
2.723327862,1758897559.442327862,/studio/rotor_avg_rpm.mean_rpm,1264.0751037597656
2.724606267,1758897559.443606267,/studio/rotor_avg_rpm.mean_rpm,1256.587646484375
2.725887511,1758897559.444887511,/studio/rotor_avg_rpm.mean_rpm,1252.4773864746094
2.726654793,1758897559.445654793,/studio/rotor_avg_rpm.mean_rpm,1255.8546142578125
2.728354271,1758897559.447354271,/studio/rotor_avg_rpm.mean_rpm,1248.7336120605469
2.729488201,1758897559.448488201,/studio/rotor_avg_rpm.mean_rpm,1252.8438720703125
2.730858034,1758897559.449858034,/studio/rotor_avg_rpm.mean_rpm,1252.4773712158203
2.73086103,1758897559.449861030,/studio/rotor_avg_rpm.mean_rpm,1247.60791015625
2.731793519,1758897559.450793519,/studio/rotor_avg_rpm.mean_rpm,1246.1156311035156
2.732821166,1758897559.451821166,/studio/rotor_avg_rpm.mean_rpm,1243.1311340332031
2.734233467,1758897559.453233467,/studio/rotor_avg_rpm.mean_rpm,1251.0113220214844
2.7351089120000003,1758897559.454108912,/studio/rotor_avg_rpm.mean_rpm,1249.1001586914062
2.736130235,1758897559.455130235,/studio/rotor_avg_rpm.mean_rpm,1245.3564147949219
2.737482596,1758897559.456482596,/studio/rotor_avg_rpm.mean_rpm,1241.6388702392578
2.737485004,1758897559.456485004,/studio/rotor_avg_rpm.mean_rpm,1243.1311340332031
2.73876205,1758897559.457762050,/studio/rotor_avg_rpm.mean_rpm,1249.4928588867188
2.739766886,1758897559.458766886,/studio/rotor_avg_rpm.mean_rpm,1242.00537109375
2.740768788,1758897559.459768788,/studio/rotor_avg_rpm.mean_rpm,1244.2568817138672
2.741732917,1758897559.460732917,/studio/rotor_avg_rpm.mean_rpm,1240.879638671875
2.742849812,1758897559.461849812,/studio/rotor_avg_rpm.mean_rpm,1247.2413940429688
2.743613959,1758897559.462613959,/studio/rotor_avg_rpm.mean_rpm,1243.4976348876953
2.745093497,1758897559.464093497,/studio/rotor_avg_rpm.mean_rpm,1238.2616424560547
2.746144532,1758897559.465144532,/studio/rotor_avg_rpm.mean_rpm,1243.131118774414
2.747142901,1758897559.466142901,/studio/rotor_avg_rpm.mean_rpm,1237.1359252929688
2.7484249590000003,1758897559.467424959,/studio/rotor_avg_rpm.mean_rpm,1239.3874053955078
2.749479254,1758897559.468479254,/studio/rotor_avg_rpm.mean_rpm,1236.4290466308594
2.749536357,1758897559.468536357,/studio/rotor_avg_rpm.mean_rpm,1237.1620788574219
2.750373486,1758897559.469373486,/studio/rotor_avg_rpm.mean_rpm,1240.9058380126953
2.7517030250000003,1758897559.470703025,/studio/rotor_avg_rpm.mean_rpm,1234.5440979003906
2.752835623,1758897559.471835623,/studio/rotor_avg_rpm.mean_rpm,1233.4183502197266
2.753599405,1758897559.472599405,/studio/rotor_avg_rpm.mean_rpm,1235.6436462402344
2.755036972,1758897559.474036972,/studio/rotor_avg_rpm.mean_rpm,1239.3874206542969
2.7562557290000003,1758897559.475255729,/studio/rotor_avg_rpm.mean_rpm,1233.0256042480469
2.75702661,1758897559.476026610,/studio/rotor_avg_rpm.mean_rpm,1233.0518341064453
2.7582860350000002,1758897559.477286035,/studio/rotor_avg_rpm.mean_rpm,1236.0625457763672
2.759201828,1758897559.478201828,/studio/rotor_avg_rpm.mean_rpm,1227.7896423339844
2.75999903,1758897559.478999030,/studio/rotor_avg_rpm.mean_rpm,1225.5643615722656
2.761450131,1758897559.480450131,/studio/rotor_avg_rpm.mean_rpm,1231.9260711669922
2.761452155,1758897559.480452155,/studio/rotor_avg_rpm.mean_rpm,1234.1775817871094
2.762564308,1758897559.481564308,/studio/rotor_avg_rpm.mean_rpm,1229.2819213867188
2.7639455660000003,1758897559.482945566,/studio/rotor_avg_rpm.mean_rpm,1230.3814544677734
2.765043971,1758897559.484043971,/studio/rotor_avg_rpm.mean_rpm,1230.0411224365234
2.766110233,1758897559.485110233,/studio/rotor_avg_rpm.mean_rpm,1227.0304107666016
2.766866106,1758897559.485866106,/studio/rotor_avg_rpm.mean_rpm,1223.6532135009766
2.768430984,1758897559.487430984,/studio/rotor_avg_rpm.mean_rpm,1230.4076538085938
2.769463087,1758897559.488463087,/studio/rotor_avg_rpm.mean_rpm,1225.5381317138672
2.7703006610000003,1758897559.489300661,/studio/rotor_avg_rpm.mean_rpm,1217.7103576660156
2.772738066,1758897559.491738066,/studio/rotor_avg_rpm.mean_rpm,1222.920166015625
2.772743378,1758897559.491743378,/studio/rotor_avg_rpm.mean_rpm,1216.9511108398438
2.772745027,1758897559.491745027,/studio/rotor_avg_rpm.mean_rpm,1220.6948547363281
2.774144518,1758897559.493144518,/studio/rotor_avg_rpm.mean_rpm,1230.3814697265625
2.775188965,1758897559.494188965,/studio/rotor_avg_rpm.mean_rpm,1227.8158264160156
2.775990887,1758897559.494990887,/studio/rotor_avg_rpm.mean_rpm,1227.0565795898438
2.777944531,1758897559.496944531,/studio/rotor_avg_rpm.mean_rpm,1221.0352020263672
2.777946767,1758897559.496946767,/studio/rotor_avg_rpm.mean_rpm,1218.417236328125
2.7792937870000003,1758897559.498293787,/studio/rotor_avg_rpm.mean_rpm,1219.5691528320312
2.7812197860000003,1758897559.500219786,/studio/rotor_avg_rpm.mean_rpm,1225.9046936035156
2.781221644,1758897559.500221644,/studio/rotor_avg_rpm.mean_rpm,1221.8206176757812
2.783062757,1758897559.502062757,/studio/rotor_avg_rpm.mean_rpm,1211.3486022949219
2.783066235,1758897559.502066235,/studio/rotor_avg_rpm.mean_rpm,1215.4588928222656
2.784529751,1758897559.503529751,/studio/rotor_avg_rpm.mean_rpm,1223.3128662109375
2.785810833,1758897559.504810833,/studio/rotor_avg_rpm.mean_rpm,1217.3176574707031
2.78581313,1758897559.504813130,/studio/rotor_avg_rpm.mean_rpm,1212.4481506347656
2.786791195,1758897559.505791195,/studio/rotor_avg_rpm.mean_rpm,1222.5536193847656
2.7882883620000003,1758897559.507288362,/studio/rotor_avg_rpm.mean_rpm,1220.6948699951172
2.789256931,1758897559.508256931,/studio/rotor_avg_rpm.mean_rpm,1205.3533935546875
2.7905803440000003,1758897559.509580344,/studio/rotor_avg_rpm.mean_rpm,1220.6948547363281
2.791755496,1758897559.510755496,/studio/rotor_avg_rpm.mean_rpm,1206.1126098632812
2.792692199,1758897559.511692199,/studio/rotor_avg_rpm.mean_rpm,1223.2866821289062
2.793463793,1758897559.512463793,/studio/rotor_avg_rpm.mean_rpm,1212.0816040039062
2.795009056,1758897559.514009056,/studio/rotor_avg_rpm.mean_rpm,1215.066146850586
2.795015272,1758897559.514015272,/studio/rotor_avg_rpm.mean_rpm,1210.9820861816406
2.7962297400000002,1758897559.515229740,/studio/rotor_avg_rpm.mean_rpm,1200.8504333496094
2.797039175,1758897559.516039175,/studio/rotor_avg_rpm.mean_rpm,1207.997573852539
2.7982691600000003,1758897559.517269160,/studio/rotor_avg_rpm.mean_rpm,1211.348617553711
2.7993766620000002,1758897559.518376662,/studio/rotor_avg_rpm.mean_rpm,1209.463638305664
2.800476993,1758897559.519476993,/studio/rotor_avg_rpm.mean_rpm,1215.0923614501953
2.801577012,1758897559.520577012,/studio/rotor_avg_rpm.mean_rpm,1208.7305908203125
2.802632859,1758897559.521632859,/studio/rotor_avg_rpm.mean_rpm,1222.6060028076172
2.803515459,1758897559.522515459,/studio/rotor_avg_rpm.mean_rpm,1208.7567749023438
2.8035219810000003,1758897559.522521981,/studio/rotor_avg_rpm.mean_rpm,1213.600112915039
2.804909325,1758897559.523909325,/studio/rotor_avg_rpm.mean_rpm,1207.9713745117188
2.805862055,1758897559.524862055,/studio/rotor_avg_rpm.mean_rpm,1208.7567749023438
2.806752499,1758897559.525752499,/studio/rotor_avg_rpm.mean_rpm,1215.8253936767578
2.808225106,1758897559.527225106,/studio/rotor_avg_rpm.mean_rpm,1210.6155853271484
2.8092821050000003,1758897559.528282105,/studio/rotor_avg_rpm.mean_rpm,1204.9868774414062
2.8101842,1758897559.529184200,/studio/rotor_avg_rpm.mean_rpm,1212.1078186035156
2.811703302,1758897559.530703302,/studio/rotor_avg_rpm.mean_rpm,1206.5053253173828
2.812840541,1758897559.531840541,/studio/rotor_avg_rpm.mean_rpm,1207.9975891113281
2.812847199,1758897559.531847199,/studio/rotor_avg_rpm.mean_rpm,1221.4279327392578
2.814103908,1758897559.533103908,/studio/rotor_avg_rpm.mean_rpm,1199.0178527832031
2.81583883,1758897559.534838830,/studio/rotor_avg_rpm.mean_rpm,1211.7151489257812
2.81765633,1758897559.536656330,/studio/rotor_avg_rpm.mean_rpm,1208.7305908203125
2.817661679,1758897559.536661679,/studio/rotor_avg_rpm.mean_rpm,1205.3795471191406
2.819227054,1758897559.538227054,/studio/rotor_avg_rpm.mean_rpm,1209.123291015625
2.81922936,1758897559.538229360,/studio/rotor_avg_rpm.mean_rpm,1201.6358032226562
2.820082972,1758897559.539082972,/studio/rotor_avg_rpm.mean_rpm,1206.8456573486328
2.821394952,1758897559.540394952,/studio/rotor_avg_rpm.mean_rpm,1205.746078491211
2.822434959,1758897559.541434959,/studio/rotor_avg_rpm.mean_rpm,1206.871810913086
2.823622274,1758897559.542622274,/studio/rotor_avg_rpm.mean_rpm,1211.68896484375
2.824665751,1758897559.543665751,/studio/rotor_avg_rpm.mean_rpm,1200.5100860595703
2.824668432,1758897559.543668432,/studio/rotor_avg_rpm.mean_rpm,1214.3592834472656
2.825934505,1758897559.544934505,/studio/rotor_avg_rpm.mean_rpm,1199.3843231201172
2.827231799,1758897559.546231799,/studio/rotor_avg_rpm.mean_rpm,1213.2335662841797
2.828363671,1758897559.547363671,/studio/rotor_avg_rpm.mean_rpm,1210.9820861816406
2.829238847,1758897559.548238847,/studio/rotor_avg_rpm.mean_rpm,1205.0130615234375
2.830045498,1758897559.549045498,/studio/rotor_avg_rpm.mean_rpm,1205.7460632324219
2.831606277,1758897559.550606277,/studio/rotor_avg_rpm.mean_rpm,1201.6358489990234
2.8328579720000002,1758897559.551857972,/studio/rotor_avg_rpm.mean_rpm,1205.3795928955078
2.832862382,1758897559.551862382,/studio/rotor_avg_rpm.mean_rpm,1211.7151336669922
2.833761728,1758897559.552761728,/studio/rotor_avg_rpm.mean_rpm,1205.7199096679688
2.835047076,1758897559.554047076,/studio/rotor_avg_rpm.mean_rpm,1198.232437133789
2.836104818,1758897559.555104818,/studio/rotor_avg_rpm.mean_rpm,1208.7044372558594
2.837767973,1758897559.556767973,/studio/rotor_avg_rpm.mean_rpm,1213.2335662841797
2.837769241,1758897559.556769241,/studio/rotor_avg_rpm.mean_rpm,1197.892105102539
2.839166601,1758897559.558166601,/studio/rotor_avg_rpm.mean_rpm,1210.9820861816406
2.839936019,1758897559.558936019,/studio/rotor_avg_rpm.mean_rpm,1221.4540710449219
2.841671087,1758897559.560671087,/studio/rotor_avg_rpm.mean_rpm,1204.9868621826172
2.842691146,1758897559.561691146,/studio/rotor_avg_rpm.mean_rpm,1197.8659057617188
2.844052077,1758897559.563052077,/studio/rotor_avg_rpm.mean_rpm,1209.0709686279297
2.844053461,1758897559.563053461,/studio/rotor_avg_rpm.mean_rpm,1210.2228546142578
2.84570093,1758897559.564700930,/studio/rotor_avg_rpm.mean_rpm,1201.243148803711
2.846844744,1758897559.565844744,/studio/rotor_avg_rpm.mean_rpm,1204.9869079589844
2.847706348,1758897559.566706348,/studio/rotor_avg_rpm.mean_rpm,1213.5738830566406
2.8477090670000003,1758897559.566709067,/studio/rotor_avg_rpm.mean_rpm,1213.2074127197266
2.849059593,1758897559.568059593,/studio/rotor_avg_rpm.mean_rpm,1203.494613647461
2.850145863,1758897559.569145863,/studio/rotor_avg_rpm.mean_rpm,1201.6096496582031
2.85112977,1758897559.570129770,/studio/rotor_avg_rpm.mean_rpm,1202.0023498535156
2.852417428,1758897559.571417428,/studio/rotor_avg_rpm.mean_rpm,1211.3486022949219
2.853503988,1758897559.572503988,/studio/rotor_avg_rpm.mean_rpm,1210.5893859863281
2.854694577,1758897559.573694577,/studio/rotor_avg_rpm.mean_rpm,1206.4791259765625
2.8560001550000003,1758897559.575000155,/studio/rotor_avg_rpm.mean_rpm,1203.8611145019531
2.856001237,1758897559.575001237,/studio/rotor_avg_rpm.mean_rpm,1200.8504333496094
2.857309661,1758897559.576309661,/studio/rotor_avg_rpm.mean_rpm,1203.4684143066406
2.8591688900000003,1758897559.578168890,/studio/rotor_avg_rpm.mean_rpm,1214.3331604003906
2.859171228,1758897559.578171228,/studio/rotor_avg_rpm.mean_rpm,1225.9308471679688
2.860102519,1758897559.579102519,/studio/rotor_avg_rpm.mean_rpm,1208.7568054199219
2.861152713,1758897559.580152713,/studio/rotor_avg_rpm.mean_rpm,1208.7306213378906
2.8624674580000002,1758897559.581467458,/studio/rotor_avg_rpm.mean_rpm,1203.8611450195312
2.863393281,1758897559.582393281,/studio/rotor_avg_rpm.mean_rpm,1208.7306213378906
2.864445095,1758897559.583445095,/studio/rotor_avg_rpm.mean_rpm,1214.6996765136719
2.866202861,1758897559.585202861,/studio/rotor_avg_rpm.mean_rpm,1214.6996459960938
2.866206387,1758897559.585206387,/studio/rotor_avg_rpm.mean_rpm,1208.3379211425781
2.867889759,1758897559.586889759,/studio/rotor_avg_rpm.mean_rpm,1208.3640747070312
2.869126579,1758897559.588126579,/studio/rotor_avg_rpm.mean_rpm,1204.9868774414062
2.869135602,1758897559.588135602,/studio/rotor_avg_rpm.mean_rpm,1212.8408813476562
2.8711208790000002,1758897559.590120879,/studio/rotor_avg_rpm.mean_rpm,1214.6996459960938
2.871123988,1758897559.590123988,/studio/rotor_avg_rpm.mean_rpm,1213.2073974609375
2.872432597,1758897559.591432597,/studio/rotor_avg_rpm.mean_rpm,1207.212158203125
2.874298703,1758897559.593298703,/studio/rotor_avg_rpm.mean_rpm,1200.8765869140625
2.874304671,1758897559.593304671,/studio/rotor_avg_rpm.mean_rpm,1207.6310729980469
2.875756097,1758897559.594756097,/studio/rotor_avg_rpm.mean_rpm,1216.6107788085938
2.877558999,1758897559.596558999,/studio/rotor_avg_rpm.mean_rpm,1212.8408813476562
2.877560953,1758897559.596560953,/studio/rotor_avg_rpm.mean_rpm,1206.1125793457031
2.8809296040000003,1758897559.599929604,/studio/rotor_avg_rpm.mean_rpm,1211.3486022949219
2.880931917,1758897559.599931917,/studio/rotor_avg_rpm.mean_rpm,1214.3593444824219
2.897919429,1758897559.616919429,/studio/rotor_avg_rpm.mean_rpm,1212.1078186035156
2.897923574,1758897559.616923574,/studio/rotor_avg_rpm.mean_rpm,1207.9975891113281
2.89792788,1758897559.616927880,/studio/rotor_avg_rpm.mean_rpm,1202.3688659667969
2.897932961,1758897559.616932961,/studio/rotor_avg_rpm.mean_rpm,1212.0816650390625
2.897936055,1758897559.616936055,/studio/rotor_avg_rpm.mean_rpm,1203.1280822753906
2.897944887,1758897559.616944887,/studio/rotor_avg_rpm.mean_rpm,1208.3641052246094
2.8979542030000003,1758897559.616954203,/studio/rotor_avg_rpm.mean_rpm,1227.7896423339844
2.89795721,1758897559.616957210,/studio/rotor_avg_rpm.mean_rpm,1216.19189453125
2.897959584,1758897559.616959584,/studio/rotor_avg_rpm.mean_rpm,1215.4588623046875
2.8979621680000003,1758897559.616962168,/studio/rotor_avg_rpm.mean_rpm,1231.89990234375
2.897965248,1758897559.616965248,/studio/rotor_avg_rpm.mean_rpm,1212.1078491210938
2.897969804,1758897559.616969804,/studio/rotor_avg_rpm.mean_rpm,1211.6889343261719
2.897972689,1758897559.616972689,/studio/rotor_avg_rpm.mean_rpm,1221.7944030761719
2.897974725,1758897559.616974725,/studio/rotor_avg_rpm.mean_rpm,1217.3176574707031
2.898037871,1758897559.617037871,/studio/rotor_avg_rpm.mean_rpm,1210.9559020996094
2.898041345,1758897559.617041345,/studio/rotor_avg_rpm.mean_rpm,1212.8147277832031
2.898045085,1758897559.617045085,/studio/rotor_avg_rpm.mean_rpm,1224.0459289550781
2.9002486210000002,1758897559.619248621,/studio/rotor_avg_rpm.mean_rpm,1216.1919250488281
2.900251014,1758897559.619251014,/studio/rotor_avg_rpm.mean_rpm,1215.8254089355469
2.900253496,1758897559.619253496,/studio/rotor_avg_rpm.mean_rpm,1222.1871643066406
2.901193006,1758897559.620193006,/studio/rotor_avg_rpm.mean_rpm,1227.4231262207031
2.90119651,1758897559.620196510,/studio/rotor_avg_rpm.mean_rpm,1214.725830078125
2.9023191390000003,1758897559.621319139,/studio/rotor_avg_rpm.mean_rpm,1218.4172058105469
2.903518746,1758897559.622518746,/studio/rotor_avg_rpm.mean_rpm,1220.3283386230469
2.90457657,1758897559.623576570,/studio/rotor_avg_rpm.mean_rpm,1224.8051147460938
2.9055982780000003,1758897559.624598278,/studio/rotor_avg_rpm.mean_rpm,1219.569091796875
2.906377774,1758897559.625377774,/studio/rotor_avg_rpm.mean_rpm,1210.9820861816406
2.907959082,1758897559.626959082,/studio/rotor_avg_rpm.mean_rpm,1217.6841735839844
2.907961124,1758897559.626961124,/studio/rotor_avg_rpm.mean_rpm,1225.1978149414062
2.90891772,1758897559.627917720,/studio/rotor_avg_rpm.mean_rpm,1208.7306213378906
2.910541221,1758897559.629541221,/studio/rotor_avg_rpm.mean_rpm,1221.0875854492188
2.9114841570000003,1758897559.630484157,/studio/rotor_avg_rpm.mean_rpm,1212.0816650390625
2.912473554,1758897559.631473554,/studio/rotor_avg_rpm.mean_rpm,1222.1609802246094
2.915947499,1758897559.634947499,/studio/rotor_avg_rpm.mean_rpm,1221.0875549316406
2.915950462,1758897559.634950462,/studio/rotor_avg_rpm.mean_rpm,1226.3235473632812
2.915956132,1758897559.634956132,/studio/rotor_avg_rpm.mean_rpm,1227.0565795898438
2.917464171,1758897559.636464171,/studio/rotor_avg_rpm.mean_rpm,1214.3069763183594
2.917466597,1758897559.636466597,/studio/rotor_avg_rpm.mean_rpm,1227.8158264160156
2.9189055010000002,1758897559.637905501,/studio/rotor_avg_rpm.mean_rpm,1227.0565795898438
2.920983638,1758897559.639983638,/studio/rotor_avg_rpm.mean_rpm,1231.5333557128906
2.920985503,1758897559.639985503,/studio/rotor_avg_rpm.mean_rpm,1223.6793518066406
2.92232336,1758897559.641323360,/studio/rotor_avg_rpm.mean_rpm,1222.1609191894531
2.922332742,1758897559.641332742,/studio/rotor_avg_rpm.mean_rpm,1225.1978454589844
2.923158822,1758897559.642158822,/studio/rotor_avg_rpm.mean_rpm,1223.3128356933594
2.924220371,1758897559.643220371,/studio/rotor_avg_rpm.mean_rpm,1222.5536499023438
2.925531424,1758897559.644531424,/studio/rotor_avg_rpm.mean_rpm,1219.5691223144531
2.926453094,1758897559.645453094,/studio/rotor_avg_rpm.mean_rpm,1225.1716613769531
2.927317125,1758897559.646317125,/studio/rotor_avg_rpm.mean_rpm,1222.1871337890625
2.928924456,1758897559.647924456,/studio/rotor_avg_rpm.mean_rpm,1223.3128662109375
2.9298334720000003,1758897559.648833472,/studio/rotor_avg_rpm.mean_rpm,1227.8158569335938
2.930835205,1758897559.649835205,/studio/rotor_avg_rpm.mean_rpm,1233.7586975097656
2.93223887,1758897559.651238870,/studio/rotor_avg_rpm.mean_rpm,1229.7008056640625
2.932241093,1758897559.651241093,/studio/rotor_avg_rpm.mean_rpm,1225.9308471679688
2.933185964,1758897559.652185964,/studio/rotor_avg_rpm.mean_rpm,1220.6948852539062
2.934238465,1758897559.653238465,/studio/rotor_avg_rpm.mean_rpm,1228.5226745605469
2.93574036,1758897559.654740360,/studio/rotor_avg_rpm.mean_rpm,1229.30810546875
2.937460431,1758897559.656460431,/studio/rotor_avg_rpm.mean_rpm,1234.5178833007812
2.9374626360000002,1758897559.656462636,/studio/rotor_avg_rpm.mean_rpm,1221.0613708496094
2.939111208,1758897559.658111208,/studio/rotor_avg_rpm.mean_rpm,1228.1823425292969
2.940751938,1758897559.659751938,/studio/rotor_avg_rpm.mean_rpm,1221.0875549316406
2.940755168,1758897559.659755168,/studio/rotor_avg_rpm.mean_rpm,1239.41357421875
2.941660183,1758897559.660660183,/studio/rotor_avg_rpm.mean_rpm,1226.7162475585938
2.942825892,1758897559.661825892,/studio/rotor_avg_rpm.mean_rpm,1229.3080749511719
2.943650214,1758897559.662650214,/studio/rotor_avg_rpm.mean_rpm,1220.3545227050781
2.944862505,1758897559.663862505,/studio/rotor_avg_rpm.mean_rpm,1238.628173828125
2.945734422,1758897559.664734422,/studio/rotor_avg_rpm.mean_rpm,1228.5488586425781
2.94742523,1758897559.666425230,/studio/rotor_avg_rpm.mean_rpm,1227.4231262207031
2.947428076,1758897559.666428076,/studio/rotor_avg_rpm.mean_rpm,1225.1978759765625
2.94889905,1758897559.667899050,/studio/rotor_avg_rpm.mean_rpm,1232.2664184570312
2.950675641,1758897559.669675641,/studio/rotor_avg_rpm.mean_rpm,1234.5178833007812
2.950689922,1758897559.669689922,/studio/rotor_avg_rpm.mean_rpm,1238.6543273925781
2.951631201,1758897559.670631201,/studio/rotor_avg_rpm.mean_rpm,1231.1668701171875
2.952867616,1758897559.671867616,/studio/rotor_avg_rpm.mean_rpm,1227.7896423339844
2.953923121,1758897559.672923121,/studio/rotor_avg_rpm.mean_rpm,1230.8003845214844
2.955034744,1758897559.674034744,/studio/rotor_avg_rpm.mean_rpm,1227.8158264160156
2.955909253,1758897559.674909253,/studio/rotor_avg_rpm.mean_rpm,1240.1727905273438
2.957452044,1758897559.676452044,/studio/rotor_avg_rpm.mean_rpm,1232.2664184570312
2.9574576,1758897559.676457600,/studio/rotor_avg_rpm.mean_rpm,1221.0614013671875
2.958887279,1758897559.677887279,/studio/rotor_avg_rpm.mean_rpm,1232.2664184570312
2.959872912,1758897559.678872912,/studio/rotor_avg_rpm.mean_rpm,1231.1668701171875
2.961013219,1758897559.680013219,/studio/rotor_avg_rpm.mean_rpm,1234.5441284179688
2.962315485,1758897559.681315485,/studio/rotor_avg_rpm.mean_rpm,1233.7848815917969
2.9632447,1758897559.682244700,/studio/rotor_avg_rpm.mean_rpm,1234.5441284179688
2.9645810910000003,1758897559.683581091,/studio/rotor_avg_rpm.mean_rpm,1231.5333862304688
2.964590557,1758897559.683590557,/studio/rotor_avg_rpm.mean_rpm,1234.5441284179688
2.96562597,1758897559.684625970,/studio/rotor_avg_rpm.mean_rpm,1230.8003540039062
2.966522349,1758897559.685522349,/studio/rotor_avg_rpm.mean_rpm,1234.1513671875
2.967828249,1758897559.686828249,/studio/rotor_avg_rpm.mean_rpm,1237.5286254882812
2.968838893,1758897559.687838893,/studio/rotor_avg_rpm.mean_rpm,1234.8844299316406
2.969810449,1758897559.688810449,/studio/rotor_avg_rpm.mean_rpm,1236.0363464355469
2.971082898,1758897559.690082898,/studio/rotor_avg_rpm.mean_rpm,1228.1823425292969
2.9724225630000003,1758897559.691422563,/studio/rotor_avg_rpm.mean_rpm,1237.1620788574219
2.973133142,1758897559.692133142,/studio/rotor_avg_rpm.mean_rpm,1224.4385986328125
2.974345281,1758897559.693345281,/studio/rotor_avg_rpm.mean_rpm,1238.2616577148438
2.974352248,1758897559.693352248,/studio/rotor_avg_rpm.mean_rpm,1241.6388549804688
2.975337376,1758897559.694337376,/studio/rotor_avg_rpm.mean_rpm,1230.774169921875
2.976544198,1758897559.695544198,/studio/rotor_avg_rpm.mean_rpm,1236.0363159179688
2.977942668,1758897559.696942668,/studio/rotor_avg_rpm.mean_rpm,1234.5440979003906
2.978909031,1758897559.697909031,/studio/rotor_avg_rpm.mean_rpm,1225.5643310546875
2.979683558,1758897559.698683558,/studio/rotor_avg_rpm.mean_rpm,1228.9154052734375
2.982522012,1758897559.701522012,/studio/rotor_avg_rpm.mean_rpm,1238.2878112792969
2.9825288270000003,1758897559.701528827,/studio/rotor_avg_rpm.mean_rpm,1231.89990234375
2.982535641,1758897559.701535641,/studio/rotor_avg_rpm.mean_rpm,1234.1513671875
2.983843266,1758897559.702843266,/studio/rotor_avg_rpm.mean_rpm,1237.1620788574219
2.985564913,1758897559.704564913,/studio/rotor_avg_rpm.mean_rpm,1232.9994506835938
2.985568384,1758897559.704568384,/studio/rotor_avg_rpm.mean_rpm,1236.0363464355469
2.986829041,1758897559.705829041,/studio/rotor_avg_rpm.mean_rpm,1221.4278869628906
2.987811254,1758897559.706811254,/studio/rotor_avg_rpm.mean_rpm,1235.6436462402344
2.988978178,1758897559.707978178,/studio/rotor_avg_rpm.mean_rpm,1228.9153747558594
2.9900411890000003,1758897559.709041189,/studio/rotor_avg_rpm.mean_rpm,1237.1359252929688
2.991125038,1758897559.710125038,/studio/rotor_avg_rpm.mean_rpm,1231.1668395996094
2.992128736,1758897559.711128736,/studio/rotor_avg_rpm.mean_rpm,1236.4028625488281
2.992881203,1758897559.711881203,/studio/rotor_avg_rpm.mean_rpm,1230.3814697265625
2.994404102,1758897559.713404102,/studio/rotor_avg_rpm.mean_rpm,1233.3921813964844
2.994408106,1758897559.713408106,/studio/rotor_avg_rpm.mean_rpm,1233.7848815917969
2.995411637,1758897559.714411637,/studio/rotor_avg_rpm.mean_rpm,1237.50244140625
2.996387615,1758897559.715387615,/studio/rotor_avg_rpm.mean_rpm,1233.3921813964844
2.998100732,1758897559.717100732,/studio/rotor_avg_rpm.mean_rpm,1226.2712097167969
2.999017187,1758897559.718017187,/studio/rotor_avg_rpm.mean_rpm,1242.7646179199219
3.000482908,1758897559.719482908,/studio/rotor_avg_rpm.mean_rpm,1227.0304260253906
3.000487634,1758897559.719487634,/studio/rotor_avg_rpm.mean_rpm,1231.89990234375
3.00165927,1758897559.720659270,/studio/rotor_avg_rpm.mean_rpm,1237.1620788574219
3.002382465,1758897559.721382465,/studio/rotor_avg_rpm.mean_rpm,1230.0149536132812
3.003720727,1758897559.722720727,/studio/rotor_avg_rpm.mean_rpm,1234.5440979003906
3.004650802,1758897559.723650802,/studio/rotor_avg_rpm.mean_rpm,1234.1513977050781
3.005666746,1758897559.724666746,/studio/rotor_avg_rpm.mean_rpm,1227.3969421386719
3.007043361,1758897559.726043361,/studio/rotor_avg_rpm.mean_rpm,1229.30810546875
3.008268575,1758897559.727268575,/studio/rotor_avg_rpm.mean_rpm,1243.8903503417969
3.009216495,1758897559.728216495,/studio/rotor_avg_rpm.mean_rpm,1237.8951416015625
3.010840781,1758897559.729840781,/studio/rotor_avg_rpm.mean_rpm,1231.5595703125
3.010845147,1758897559.729845147,/studio/rotor_avg_rpm.mean_rpm,1231.5072021484375
3.012160438,1758897559.731160438,/studio/rotor_avg_rpm.mean_rpm,1233.7848510742188
3.013055504,1758897559.732055504,/studio/rotor_avg_rpm.mean_rpm,1232.6591186523438
3.014123542,1758897559.733123542,/studio/rotor_avg_rpm.mean_rpm,1227.4231567382812
3.01662616,1758897559.735626160,/studio/rotor_avg_rpm.mean_rpm,1226.6901245117188
3.016627707,1758897559.735627707,/studio/rotor_avg_rpm.mean_rpm,1228.5488586425781
3.019352128,1758897559.738352128,/studio/rotor_avg_rpm.mean_rpm,1228.1823425292969
3.019354617,1758897559.738354617,/studio/rotor_avg_rpm.mean_rpm,1232.2926025390625
3.019360061,1758897559.738360061,/studio/rotor_avg_rpm.mean_rpm,1232.2926025390625
3.020614826,1758897559.739614826,/studio/rotor_avg_rpm.mean_rpm,1230.4076538085938
3.021610408,1758897559.740610408,/studio/rotor_avg_rpm.mean_rpm,1227.0304260253906
3.022423447,1758897559.741423447,/studio/rotor_avg_rpm.mean_rpm,1227.4231262207031
3.023876527,1758897559.742876527,/studio/rotor_avg_rpm.mean_rpm,1226.2712097167969
3.02387833,1758897559.742878330,/studio/rotor_avg_rpm.mean_rpm,1234.5440979003906
3.024816714,1758897559.743816714,/studio/rotor_avg_rpm.mean_rpm,1229.6745910644531
3.025646821,1758897559.744646821,/studio/rotor_avg_rpm.mean_rpm,1225.1978454589844
3.027161295,1758897559.746161295,/studio/rotor_avg_rpm.mean_rpm,1237.9212951660156
3.028100651,1758897559.747100651,/studio/rotor_avg_rpm.mean_rpm,1225.5643310546875
3.028934734,1758897559.747934734,/studio/rotor_avg_rpm.mean_rpm,1233.0518188476562
3.030494129,1758897559.749494129,/studio/rotor_avg_rpm.mean_rpm,1230.8003540039062
3.031424081,1758897559.750424081,/studio/rotor_avg_rpm.mean_rpm,1228.5488586425781
3.03226174,1758897559.751261740,/studio/rotor_avg_rpm.mean_rpm,1222.579833984375
3.033854464,1758897559.752854464,/studio/rotor_avg_rpm.mean_rpm,1236.0625305175781
3.033858439,1758897559.752858439,/studio/rotor_avg_rpm.mean_rpm,1224.8051452636719
3.03488852,1758897559.753888520,/studio/rotor_avg_rpm.mean_rpm,1224.4386291503906
3.036132892,1758897559.755132892,/studio/rotor_avg_rpm.mean_rpm,1222.920166015625
3.037524594,1758897559.756524594,/studio/rotor_avg_rpm.mean_rpm,1221.8206176757812
3.0383517,1758897559.757351700,/studio/rotor_avg_rpm.mean_rpm,1226.2974243164062
3.039564928,1758897559.758564928,/studio/rotor_avg_rpm.mean_rpm,1234.5440673828125
3.040605999,1758897559.759605999,/studio/rotor_avg_rpm.mean_rpm,1226.6639099121094
3.041588263,1758897559.760588263,/studio/rotor_avg_rpm.mean_rpm,1224.0720825195312
3.042623393,1758897559.761623393,/studio/rotor_avg_rpm.mean_rpm,1222.579833984375
3.043933065,1758897559.762933065,/studio/rotor_avg_rpm.mean_rpm,1223.2867126464844
3.043935874,1758897559.762935874,/studio/rotor_avg_rpm.mean_rpm,1231.5333557128906
3.044875737,1758897559.763875737,/studio/rotor_avg_rpm.mean_rpm,1226.6900939941406
3.045927309,1758897559.764927309,/studio/rotor_avg_rpm.mean_rpm,1227.0303955078125
3.046740374,1758897559.765740374,/studio/rotor_avg_rpm.mean_rpm,1227.0304565429688
3.048237963,1758897559.767237963,/studio/rotor_avg_rpm.mean_rpm,1225.1454772949219
3.049066455,1758897559.768066455,/studio/rotor_avg_rpm.mean_rpm,1230.0411682128906
3.051042354,1758897559.770042354,/studio/rotor_avg_rpm.mean_rpm,1234.5178833007812
3.053922876,1758897559.772922876,/studio/rotor_avg_rpm.mean_rpm,1227.0565795898438
3.053924953,1758897559.772924953,/studio/rotor_avg_rpm.mean_rpm,1228.1823425292969
3.053927062,1758897559.772927062,/studio/rotor_avg_rpm.mean_rpm,1227.4493103027344
3.05392829,1758897559.772928290,/studio/rotor_avg_rpm.mean_rpm,1224.7789611816406
3.054993562,1758897559.773993562,/studio/rotor_avg_rpm.mean_rpm,1227.0304260253906
3.056066986,1758897559.775066986,/studio/rotor_avg_rpm.mean_rpm,1224.0458984375
3.057322239,1758897559.776322239,/studio/rotor_avg_rpm.mean_rpm,1224.0720825195312
3.058237778,1758897559.777237778,/studio/rotor_avg_rpm.mean_rpm,1228.5226745605469
3.059490761,1758897559.778490761,/studio/rotor_avg_rpm.mean_rpm,1222.5274658203125
3.0605805,1758897559.779580500,/studio/rotor_avg_rpm.mean_rpm,1231.9260559082031
3.061536401,1758897559.780536401,/studio/rotor_avg_rpm.mean_rpm,1221.8205871582031
3.062597799,1758897559.781597799,/studio/rotor_avg_rpm.mean_rpm,1224.8051452636719
3.063963083,1758897559.782963083,/studio/rotor_avg_rpm.mean_rpm,1221.79443359375
3.06396479,1758897559.782964790,/studio/rotor_avg_rpm.mean_rpm,1227.3969421386719
3.065047639,1758897559.784047639,/studio/rotor_avg_rpm.mean_rpm,1225.5643615722656
3.065954325,1758897559.784954325,/studio/rotor_avg_rpm.mean_rpm,1224.4647827148438
3.067176765,1758897559.786176765,/studio/rotor_avg_rpm.mean_rpm,1227.4231262207031
3.068177496,1758897559.787177496,/studio/rotor_avg_rpm.mean_rpm,1236.0101318359375
3.069192122,1758897559.788192122,/studio/rotor_avg_rpm.mean_rpm,1227.4493103027344
3.071199362,1758897559.790199362,/studio/rotor_avg_rpm.mean_rpm,1221.0613708496094
3.072176625,1758897559.791176625,/studio/rotor_avg_rpm.mean_rpm,1234.9105834960938
3.072179842,1758897559.791179842,/studio/rotor_avg_rpm.mean_rpm,1226.29736328125
3.074295965,1758897559.793295965,/studio/rotor_avg_rpm.mean_rpm,1227.7896118164062
3.074300308,1758897559.793300308,/studio/rotor_avg_rpm.mean_rpm,1236.4290466308594
3.075427422,1758897559.794427422,/studio/rotor_avg_rpm.mean_rpm,1227.4493103027344
3.076595433,1758897559.795595433,/studio/rotor_avg_rpm.mean_rpm,1222.5536499023438
3.077906083,1758897559.796906083,/studio/rotor_avg_rpm.mean_rpm,1234.8844299316406
3.077909071,1758897559.796909071,/studio/rotor_avg_rpm.mean_rpm,1224.0459289550781
3.078856401,1758897559.797856401,/studio/rotor_avg_rpm.mean_rpm,1228.5488586425781
3.080216659,1758897559.799216659,/studio/rotor_avg_rpm.mean_rpm,1221.0875549316406
3.08156757,1758897559.800567570,/studio/rotor_avg_rpm.mean_rpm,1222.5536499023438
3.083127196,1758897559.802127196,/studio/rotor_avg_rpm.mean_rpm,1214.3331298828125
3.083129575,1758897559.802129575,/studio/rotor_avg_rpm.mean_rpm,1230.0411376953125
3.1023273160000002,1758897559.821327316,/studio/rotor_avg_rpm.mean_rpm,1218.7837219238281
3.102334808,1758897559.821334808,/studio/rotor_avg_rpm.mean_rpm,1227.0304260253906
3.102338286,1758897559.821338286,/studio/rotor_avg_rpm.mean_rpm,1218.8360900878906
3.102340735,1758897559.821340735,/studio/rotor_avg_rpm.mean_rpm,1219.1764221191406
3.102343829,1758897559.821343829,/studio/rotor_avg_rpm.mean_rpm,1226.2973937988281
3.102346272,1758897559.821346272,/studio/rotor_avg_rpm.mean_rpm,1214.3331604003906
3.102349139,1758897559.821349139,/studio/rotor_avg_rpm.mean_rpm,1230.0149536132812
3.102350973,1758897559.821350973,/studio/rotor_avg_rpm.mean_rpm,1218.8099060058594
3.102364509,1758897559.821364509,/studio/rotor_avg_rpm.mean_rpm,1229.3080749511719
3.102388235,1758897559.821388235,/studio/rotor_avg_rpm.mean_rpm,1224.8051147460938
3.102392418,1758897559.821392418,/studio/rotor_avg_rpm.mean_rpm,1210.563232421875
3.102395152,1758897559.821395152,/studio/rotor_avg_rpm.mean_rpm,1227.7896728515625
3.102398766,1758897559.821398766,/studio/rotor_avg_rpm.mean_rpm,1218.8360595703125
3.102400894,1758897559.821400894,/studio/rotor_avg_rpm.mean_rpm,1231.8737182617188
3.102402662,1758897559.821402662,/studio/rotor_avg_rpm.mean_rpm,1228.9154052734375
3.102404615,1758897559.821404615,/studio/rotor_avg_rpm.mean_rpm,1222.1871337890625
3.102406476,1758897559.821406476,/studio/rotor_avg_rpm.mean_rpm,1214.6996154785156
3.105527803,1758897559.824527803,/studio/rotor_avg_rpm.mean_rpm,1225.5381469726562
3.105530276,1758897559.824530276,/studio/rotor_avg_rpm.mean_rpm,1216.9249877929688
3.105532823,1758897559.824532823,/studio/rotor_avg_rpm.mean_rpm,1229.6484375
3.105535517,1758897559.824535517,/studio/rotor_avg_rpm.mean_rpm,1222.9463500976562
3.105538032,1758897559.824538032,/studio/rotor_avg_rpm.mean_rpm,1211.3224182128906
3.106941432,1758897559.825941432,/studio/rotor_avg_rpm.mean_rpm,1229.6746215820312
3.106951949,1758897559.825951949,/studio/rotor_avg_rpm.mean_rpm,1224.0458984375
3.10885785,1758897559.827857850,/studio/rotor_avg_rpm.mean_rpm,1227.7896423339844
3.109874603,1758897559.828874603,/studio/rotor_avg_rpm.mean_rpm,1226.6639099121094
3.110842867,1758897559.829842867,/studio/rotor_avg_rpm.mean_rpm,1214.6734924316406
3.112086471,1758897559.831086471,/studio/rotor_avg_rpm.mean_rpm,1225.1978149414062
3.112088427,1758897559.831088427,/studio/rotor_avg_rpm.mean_rpm,1225.1716613769531
3.113551624,1758897559.832551624,/studio/rotor_avg_rpm.mean_rpm,1218.4433898925781
3.114710767,1758897559.833710767,/studio/rotor_avg_rpm.mean_rpm,1214.3069763183594
3.115682389,1758897559.834682389,/studio/rotor_avg_rpm.mean_rpm,1226.6639099121094
3.117316983,1758897559.836316983,/studio/rotor_avg_rpm.mean_rpm,1233.0518493652344
3.11731903,1758897559.836319030,/studio/rotor_avg_rpm.mean_rpm,1215.066162109375
3.11964223,1758897559.838642230,/studio/rotor_avg_rpm.mean_rpm,1221.4279174804688
3.119644121,1758897559.838644121,/studio/rotor_avg_rpm.mean_rpm,1225.5643615722656
3.120792847,1758897559.839792847,/studio/rotor_avg_rpm.mean_rpm,1219.1764221191406
3.1221695130000002,1758897559.841169513,/studio/rotor_avg_rpm.mean_rpm,1225.9308776855469
3.122179706,1758897559.841179706,/studio/rotor_avg_rpm.mean_rpm,1225.1716613769531
3.123986237,1758897559.842986237,/studio/rotor_avg_rpm.mean_rpm,1216.2181091308594
3.123991764,1758897559.842991764,/studio/rotor_avg_rpm.mean_rpm,1222.920166015625
3.125461519,1758897559.844461519,/studio/rotor_avg_rpm.mean_rpm,1237.8951110839844
3.127388748,1758897559.846388748,/studio/rotor_avg_rpm.mean_rpm,1233.3921813964844
3.127391598,1758897559.846391598,/studio/rotor_avg_rpm.mean_rpm,1222.9463500976562
3.128947049,1758897559.847947049,/studio/rotor_avg_rpm.mean_rpm,1218.0768737792969
3.130715874,1758897559.849715874,/studio/rotor_avg_rpm.mean_rpm,1230.0411071777344
3.13072148,1758897559.849721480,/studio/rotor_avg_rpm.mean_rpm,1219.2026062011719
3.132095502,1758897559.851095502,/studio/rotor_avg_rpm.mean_rpm,1224.4386291503906
3.132104229,1758897559.851104229,/studio/rotor_avg_rpm.mean_rpm,1236.0363159179688
3.134000087,1758897559.853000087,/studio/rotor_avg_rpm.mean_rpm,1227.8158264160156
3.135354677,1758897559.854354677,/studio/rotor_avg_rpm.mean_rpm,1215.8515930175781
3.135358478,1758897559.854358478,/studio/rotor_avg_rpm.mean_rpm,1224.7789611816406
3.1369875130000002,1758897559.855987513,/studio/rotor_avg_rpm.mean_rpm,1229.6746215820312
3.136993593,1758897559.855993593,/studio/rotor_avg_rpm.mean_rpm,1227.0304260253906
3.138248071,1758897559.857248071,/studio/rotor_avg_rpm.mean_rpm,1212.1078491210938
3.139325596,1758897559.858325596,/studio/rotor_avg_rpm.mean_rpm,1231.9260864257812
3.140581327,1758897559.859581327,/studio/rotor_avg_rpm.mean_rpm,1234.5702819824219
3.1421603080000002,1758897559.861160308,/studio/rotor_avg_rpm.mean_rpm,1221.0613708496094
3.142161475,1758897559.861161475,/studio/rotor_avg_rpm.mean_rpm,1219.9618530273438
3.14393538,1758897559.862935380,/studio/rotor_avg_rpm.mean_rpm,1224.4385986328125
3.144831813,1758897559.863831813,/studio/rotor_avg_rpm.mean_rpm,1228.9153747558594
3.146134478,1758897559.865134478,/studio/rotor_avg_rpm.mean_rpm,1228.1823425292969
3.146136852,1758897559.865136852,/studio/rotor_avg_rpm.mean_rpm,1221.4278869628906
3.147116787,1758897559.866116787,/studio/rotor_avg_rpm.mean_rpm,1223.6532287597656
3.148138461,1758897559.867138461,/studio/rotor_avg_rpm.mean_rpm,1226.2973937988281
3.149131457,1758897559.868131457,/studio/rotor_avg_rpm.mean_rpm,1234.9106140136719
3.150801784,1758897559.869801784,/studio/rotor_avg_rpm.mean_rpm,1223.3390502929688
3.152122167,1758897559.871122167,/studio/rotor_avg_rpm.mean_rpm,1222.1609497070312
3.152124579,1758897559.871124579,/studio/rotor_avg_rpm.mean_rpm,1226.6638793945312
3.154058634,1758897559.873058634,/studio/rotor_avg_rpm.mean_rpm,1228.9153747558594
3.154060121,1758897559.873060121,/studio/rotor_avg_rpm.mean_rpm,1224.0720825195312
3.155386554,1758897559.874386554,/studio/rotor_avg_rpm.mean_rpm,1240.5393371582031
3.1565072020000002,1758897559.875507202,/studio/rotor_avg_rpm.mean_rpm,1232.2664184570312
3.15758824,1758897559.876588240,/studio/rotor_avg_rpm.mean_rpm,1214.6996154785156
3.158685996,1758897559.877685996,/studio/rotor_avg_rpm.mean_rpm,1231.1668701171875
3.159590373,1758897559.878590373,/studio/rotor_avg_rpm.mean_rpm,1218.0768737792969
3.161005173,1758897559.880005173,/studio/rotor_avg_rpm.mean_rpm,1232.9994506835938
3.161006805,1758897559.880006805,/studio/rotor_avg_rpm.mean_rpm,1234.5440979003906
3.162078066,1758897559.881078066,/studio/rotor_avg_rpm.mean_rpm,1222.5536499023438
3.163060544,1758897559.882060544,/studio/rotor_avg_rpm.mean_rpm,1227.4231262207031
3.164375476,1758897559.883375476,/studio/rotor_avg_rpm.mean_rpm,1229.2819213867188
3.165344841,1758897559.884344841,/studio/rotor_avg_rpm.mean_rpm,1225.9308471679688
3.166540566,1758897559.885540566,/studio/rotor_avg_rpm.mean_rpm,1224.8050842285156
3.167636655,1758897559.886636655,/studio/rotor_avg_rpm.mean_rpm,1225.1454467773438
3.168654156,1758897559.887654156,/studio/rotor_avg_rpm.mean_rpm,1213.2073669433594
3.169413086,1758897559.888413086,/studio/rotor_avg_rpm.mean_rpm,1234.5179138183594
3.171204193,1758897559.890204193,/studio/rotor_avg_rpm.mean_rpm,1226.3235778808594
3.171207042,1758897559.890207042,/studio/rotor_avg_rpm.mean_rpm,1235.6174926757812
3.172187834,1758897559.891187834,/studio/rotor_avg_rpm.mean_rpm,1222.9463500976562
3.173156382,1758897559.892156382,/studio/rotor_avg_rpm.mean_rpm,1227.0565795898438
3.17420312,1758897559.893203120,/studio/rotor_avg_rpm.mean_rpm,1224.0720520019531
3.175169845,1758897559.894169845,/studio/rotor_avg_rpm.mean_rpm,1229.6484375
3.176137534,1758897559.895137534,/studio/rotor_avg_rpm.mean_rpm,1221.8205871582031
3.177508705,1758897559.896508705,/studio/rotor_avg_rpm.mean_rpm,1231.1406860351562
3.178885299,1758897559.897885299,/studio/rotor_avg_rpm.mean_rpm,1213.2073669433594
3.180005829,1758897559.899005829,/studio/rotor_avg_rpm.mean_rpm,1228.5488586425781
3.181130088,1758897559.900130088,/studio/rotor_avg_rpm.mean_rpm,1212.1078491210938
3.182303995,1758897559.901303995,/studio/rotor_avg_rpm.mean_rpm,1232.6591186523438
3.182308664,1758897559.901308664,/studio/rotor_avg_rpm.mean_rpm,1222.5798034667969
3.183871714,1758897559.902871714,/studio/rotor_avg_rpm.mean_rpm,1224.0459289550781
3.184742436,1758897559.903742436,/studio/rotor_avg_rpm.mean_rpm,1222.5798034667969
3.185542662,1758897559.904542662,/studio/rotor_avg_rpm.mean_rpm,1222.9463500976562
3.187284988,1758897559.906284988,/studio/rotor_avg_rpm.mean_rpm,1221.4802551269531
3.187291391,1758897559.906291391,/studio/rotor_avg_rpm.mean_rpm,1224.0721130371094
3.188641526,1758897559.907641526,/studio/rotor_avg_rpm.mean_rpm,1208.7306213378906
3.189739442,1758897559.908739442,/studio/rotor_avg_rpm.mean_rpm,1217.3438110351562
3.191120632,1758897559.910120632,/studio/rotor_avg_rpm.mean_rpm,1227.3969421386719
3.192522475,1758897559.911522475,/studio/rotor_avg_rpm.mean_rpm,1222.2133178710938
3.19253421,1758897559.911534210,/studio/rotor_avg_rpm.mean_rpm,1225.9046936035156
3.194380938,1758897559.913380938,/studio/rotor_avg_rpm.mean_rpm,1227.4492797851562
3.194399951,1758897559.913399951,/studio/rotor_avg_rpm.mean_rpm,1227.7896423339844
3.195463175,1758897559.914463175,/studio/rotor_avg_rpm.mean_rpm,1230.0411071777344
3.1965632250000002,1758897559.915563225,/studio/rotor_avg_rpm.mean_rpm,1219.9356384277344
3.197870905,1758897559.916870905,/studio/rotor_avg_rpm.mean_rpm,1232.2925720214844
3.198777933,1758897559.917777933,/studio/rotor_avg_rpm.mean_rpm,1222.5536193847656
3.200976509,1758897559.919976509,/studio/rotor_avg_rpm.mean_rpm,1231.1668701171875
3.200982782,1758897559.919982782,/studio/rotor_avg_rpm.mean_rpm,1230.8003845214844
3.20269099,1758897559.921690990,/studio/rotor_avg_rpm.mean_rpm,1223.2866821289062
3.202693622,1758897559.921693622,/studio/rotor_avg_rpm.mean_rpm,1223.2866821289062
3.204304057,1758897559.923304057,/studio/rotor_avg_rpm.mean_rpm,1217.3438110351562
3.204310175,1758897559.923310175,/studio/rotor_avg_rpm.mean_rpm,1231.5333862304688
3.205339509,1758897559.924339509,/studio/rotor_avg_rpm.mean_rpm,1222.1871337890625
3.2061401050000002,1758897559.925140105,/studio/rotor_avg_rpm.mean_rpm,1227.0827941894531
3.207798373,1758897559.926798373,/studio/rotor_avg_rpm.mean_rpm,1240.1204528808594
3.208408019,1758897559.927408019,/studio/rotor_avg_rpm.mean_rpm,1219.2026062011719
3.209336828,1758897559.928336828,/studio/rotor_avg_rpm.mean_rpm,1233.3921813964844
3.210390605,1758897559.929390605,/studio/rotor_avg_rpm.mean_rpm,1219.9618225097656
3.211550432,1758897559.930550432,/studio/rotor_avg_rpm.mean_rpm,1231.5072021484375
3.213009775,1758897559.932009775,/studio/rotor_avg_rpm.mean_rpm,1231.1668701171875
3.213892616,1758897559.932892616,/studio/rotor_avg_rpm.mean_rpm,1218.4433898925781
3.215847898,1758897559.934847898,/studio/rotor_avg_rpm.mean_rpm,1242.3980712890625
3.215905965,1758897559.934905965,/studio/rotor_avg_rpm.mean_rpm,1225.1716003417969
3.217772631,1758897559.936772631,/studio/rotor_avg_rpm.mean_rpm,1226.2973937988281
3.217775334,1758897559.936775334,/studio/rotor_avg_rpm.mean_rpm,1230.0411376953125
3.218776114,1758897559.937776114,/studio/rotor_avg_rpm.mean_rpm,1226.6639099121094
3.220026417,1758897559.939026417,/studio/rotor_avg_rpm.mean_rpm,1232.2926025390625
3.222333469,1758897559.941333469,/studio/rotor_avg_rpm.mean_rpm,1222.5536193847656
3.222346333,1758897559.941346333,/studio/rotor_avg_rpm.mean_rpm,1239.3611755371094
3.22235034,1758897559.941350340,/studio/rotor_avg_rpm.mean_rpm,1225.9046630859375
3.224227201,1758897559.943227201,/studio/rotor_avg_rpm.mean_rpm,1230.4338073730469
3.225224121,1758897559.944224121,/studio/rotor_avg_rpm.mean_rpm,1230.4076538085938
3.226258214,1758897559.945258214,/studio/rotor_avg_rpm.mean_rpm,1221.4540710449219
3.227858421,1758897559.946858421,/studio/rotor_avg_rpm.mean_rpm,1246.5083312988281
3.227914261,1758897559.946914261,/studio/rotor_avg_rpm.mean_rpm,1224.0458984375
3.228767184,1758897559.947767184,/studio/rotor_avg_rpm.mean_rpm,1232.6591491699219
3.230424555,1758897559.949424555,/studio/rotor_avg_rpm.mean_rpm,1227.423095703125
3.2304273390000002,1758897559.949427339,/studio/rotor_avg_rpm.mean_rpm,1230.8003540039062
3.231466813,1758897559.950466813,/studio/rotor_avg_rpm.mean_rpm,1221.0613708496094
3.232492386,1758897559.951492386,/studio/rotor_avg_rpm.mean_rpm,1234.5702514648438
3.233780508,1758897559.952780508,/studio/rotor_avg_rpm.mean_rpm,1219.5691223144531
3.23589099,1758897559.954890990,/studio/rotor_avg_rpm.mean_rpm,1221.8206176757812
3.235892958,1758897559.954892958,/studio/rotor_avg_rpm.mean_rpm,1225.171630859375
3.236647021,1758897559.955647021,/studio/rotor_avg_rpm.mean_rpm,1237.5285949707031
3.238054888,1758897559.957054888,/studio/rotor_avg_rpm.mean_rpm,1224.0720825195312
3.239000227,1758897559.958000227,/studio/rotor_avg_rpm.mean_rpm,1242.0315551757812
3.240394281,1758897559.959394281,/studio/rotor_avg_rpm.mean_rpm,1222.5798034667969
3.241351043,1758897559.960351043,/studio/rotor_avg_rpm.mean_rpm,1234.8844299316406
3.242075967,1758897559.961075967,/studio/rotor_avg_rpm.mean_rpm,1223.6793823242188
3.243768012,1758897559.962768012,/studio/rotor_avg_rpm.mean_rpm,1229.6484375
3.24376988,1758897559.962769880,/studio/rotor_avg_rpm.mean_rpm,1230.3814697265625
3.244741844,1758897559.963741844,/studio/rotor_avg_rpm.mean_rpm,1228.1561584472656
3.245959518,1758897559.964959518,/studio/rotor_avg_rpm.mean_rpm,1230.0411071777344
3.247141889,1758897559.966141889,/studio/rotor_avg_rpm.mean_rpm,1222.5536193847656
3.248095111,1758897559.967095111,/studio/rotor_avg_rpm.mean_rpm,1243.471435546875
3.249097791,1758897559.968097791,/studio/rotor_avg_rpm.mean_rpm,1226.2973937988281
3.250389969,1758897559.969389969,/studio/rotor_avg_rpm.mean_rpm,1228.182373046875
3.251285053,1758897559.970285053,/studio/rotor_avg_rpm.mean_rpm,1230.8003540039062
3.252079181,1758897559.971079181,/studio/rotor_avg_rpm.mean_rpm,1224.8051452636719
3.253911529,1758897559.972911529,/studio/rotor_avg_rpm.mean_rpm,1226.2973937988281
3.25391442,1758897559.972914420,/studio/rotor_avg_rpm.mean_rpm,1237.5286254882812
3.255398877,1758897559.974398877,/studio/rotor_avg_rpm.mean_rpm,1222.5536193847656
3.25631428,1758897559.975314280,/studio/rotor_avg_rpm.mean_rpm,1233.4183654785156
3.257423225,1758897559.976423225,/studio/rotor_avg_rpm.mean_rpm,1231.5333862304688
3.2584908820000003,1758897559.977490882,/studio/rotor_avg_rpm.mean_rpm,1225.5643615722656
3.2591750040000003,1758897559.978175004,/studio/rotor_avg_rpm.mean_rpm,1239.7538757324219
3.260757078,1758897559.979757078,/studio/rotor_avg_rpm.mean_rpm,1221.0613708496094
3.261918277,1758897559.980918277,/studio/rotor_avg_rpm.mean_rpm,1239.7800903320312
3.261920309,1758897559.980920309,/studio/rotor_avg_rpm.mean_rpm,1222.9463500976562
3.2627858,1758897559.981785800,/studio/rotor_avg_rpm.mean_rpm,1240.1204223632812
3.264125645,1758897559.983125645,/studio/rotor_avg_rpm.mean_rpm,1240.1466064453125
3.265104689,1758897559.984104689,/studio/rotor_avg_rpm.mean_rpm,1230.4338073730469
3.266173914,1758897559.985173914,/studio/rotor_avg_rpm.mean_rpm,1235.6698608398438
3.267484857,1758897559.986484857,/studio/rotor_avg_rpm.mean_rpm,1229.6746215820312
3.268750505,1758897559.987750505,/studio/rotor_avg_rpm.mean_rpm,1234.9106140136719
3.2697296,1758897559.988729600,/studio/rotor_avg_rpm.mean_rpm,1241.6388854980469
3.270826819,1758897559.989826819,/studio/rotor_avg_rpm.mean_rpm,1234.1775512695312
3.27083366,1758897559.989833660,/studio/rotor_avg_rpm.mean_rpm,1232.6591186523438
3.271952986,1758897559.990952986,/studio/rotor_avg_rpm.mean_rpm,1240.8796691894531
3.273057269,1758897559.992057269,/studio/rotor_avg_rpm.mean_rpm,1235.6436767578125
3.27417386,1758897559.993173860,/studio/rotor_avg_rpm.mean_rpm,1235.2771301269531
3.275225675,1758897559.994225675,/studio/rotor_avg_rpm.mean_rpm,1247.60791015625
3.276271727,1758897559.995271727,/studio/rotor_avg_rpm.mean_rpm,1228.1823425292969
3.277657367,1758897559.996657367,/studio/rotor_avg_rpm.mean_rpm,1233.3921813964844
3.278532705,1758897559.997532705,/studio/rotor_avg_rpm.mean_rpm,1244.5971984863281
3.27932559,1758897559.998325590,/studio/rotor_avg_rpm.mean_rpm,1225.1978454589844
3.280813274,1758897559.999813274,/studio/rotor_avg_rpm.mean_rpm,1246.1156616210938
3.281835724,1758897560.000835724,/studio/rotor_avg_rpm.mean_rpm,1230.774169921875
3.282759554,1758897560.001759554,/studio/rotor_avg_rpm.mean_rpm,1237.5285949707031
3.284360833,1758897560.003360833,/studio/rotor_avg_rpm.mean_rpm,1244.5972290039062
3.284365438,1758897560.003365438,/studio/rotor_avg_rpm.mean_rpm,1231.89990234375
3.285318681,1758897560.004318681,/studio/rotor_avg_rpm.mean_rpm,1242.7646179199219
3.2868546419999998,1758897560.005854642,/studio/rotor_avg_rpm.mean_rpm,1230.0411071777344
3.286863545,1758897560.005863545,/studio/rotor_avg_rpm.mean_rpm,1233.3921813964844
3.288050435,1758897560.007050435,/studio/rotor_avg_rpm.mean_rpm,1242.0315856933594
3.308244581,1758897560.027244581,/studio/rotor_avg_rpm.mean_rpm,1227.4231262207031
3.308262844,1758897560.027262844,/studio/rotor_avg_rpm.mean_rpm,1235.6698303222656
3.308281397,1758897560.027281397,/studio/rotor_avg_rpm.mean_rpm,1237.50244140625
3.308283812,1758897560.027283812,/studio/rotor_avg_rpm.mean_rpm,1238.6019897460938
3.308285641,1758897560.027285641,/studio/rotor_avg_rpm.mean_rpm,1234.8844299316406
3.308288308,1758897560.027288308,/studio/rotor_avg_rpm.mean_rpm,1233.7848510742188
3.308299038,1758897560.027299038,/studio/rotor_avg_rpm.mean_rpm,1243.4976501464844
3.308301455,1758897560.027301455,/studio/rotor_avg_rpm.mean_rpm,1244.2568664550781
3.308303144,1758897560.027303144,/studio/rotor_avg_rpm.mean_rpm,1233.0518188476562
3.3083124120000003,1758897560.027312412,/studio/rotor_avg_rpm.mean_rpm,1240.4869384765625
3.308314724,1758897560.027314724,/studio/rotor_avg_rpm.mean_rpm,1238.6281433105469
3.30831758,1758897560.027317580,/studio/rotor_avg_rpm.mean_rpm,1227.4231262207031
3.308319464,1758897560.027319464,/studio/rotor_avg_rpm.mean_rpm,1242.7384033203125
3.308321393,1758897560.027321393,/studio/rotor_avg_rpm.mean_rpm,1230.8003540039062
3.308322645,1758897560.027322645,/studio/rotor_avg_rpm.mean_rpm,1237.5285949707031
3.308324302,1758897560.027324302,/studio/rotor_avg_rpm.mean_rpm,1239.3873901367188
3.308370175,1758897560.027370175,/studio/rotor_avg_rpm.mean_rpm,1239.3873901367188
3.31002596,1758897560.029025960,/studio/rotor_avg_rpm.mean_rpm,1237.8951110839844
3.310029048,1758897560.029029048,/studio/rotor_avg_rpm.mean_rpm,1246.1156311035156
3.3100329410000002,1758897560.029032941,/studio/rotor_avg_rpm.mean_rpm,1233.7586669921875
3.310035328,1758897560.029035328,/studio/rotor_avg_rpm.mean_rpm,1236.0363464355469
3.311799711,1758897560.030799711,/studio/rotor_avg_rpm.mean_rpm,1239.7277221679688
3.31180971,1758897560.030809710,/studio/rotor_avg_rpm.mean_rpm,1239.3873901367188
3.313252612,1758897560.032252612,/studio/rotor_avg_rpm.mean_rpm,1228.1561889648438
3.315541693,1758897560.034541693,/studio/rotor_avg_rpm.mean_rpm,1232.2664184570312
3.315560519,1758897560.034560519,/studio/rotor_avg_rpm.mean_rpm,1239.3873596191406
3.315562381,1758897560.034562381,/studio/rotor_avg_rpm.mean_rpm,1231.5595703125
3.3170986940000002,1758897560.036098694,/studio/rotor_avg_rpm.mean_rpm,1232.2926025390625
3.317101985,1758897560.036101985,/studio/rotor_avg_rpm.mean_rpm,1233.4183349609375
3.31847696,1758897560.037476960,/studio/rotor_avg_rpm.mean_rpm,1233.7848510742188
3.319588632,1758897560.038588632,/studio/rotor_avg_rpm.mean_rpm,1242.00537109375
3.32066762,1758897560.039667620,/studio/rotor_avg_rpm.mean_rpm,1235.2771301269531
3.322333718,1758897560.041333718,/studio/rotor_avg_rpm.mean_rpm,1237.50244140625
3.322335286,1758897560.041335286,/studio/rotor_avg_rpm.mean_rpm,1234.1775817871094
3.324002462,1758897560.043002462,/studio/rotor_avg_rpm.mean_rpm,1228.9154052734375
3.325228635,1758897560.044228635,/studio/rotor_avg_rpm.mean_rpm,1236.7693786621094
3.325231655,1758897560.044231655,/studio/rotor_avg_rpm.mean_rpm,1240.8796691894531
3.327595471,1758897560.046595471,/studio/rotor_avg_rpm.mean_rpm,1226.2973937988281
3.327597044,1758897560.046597044,/studio/rotor_avg_rpm.mean_rpm,1237.5024108886719
3.328513735,1758897560.047513735,/studio/rotor_avg_rpm.mean_rpm,1234.5440979003906
3.329418281,1758897560.048418281,/studio/rotor_avg_rpm.mean_rpm,1227.8158569335938
3.330823342,1758897560.049823342,/studio/rotor_avg_rpm.mean_rpm,1235.2509460449219
3.332013872,1758897560.051013872,/studio/rotor_avg_rpm.mean_rpm,1245.01611328125
3.332837256,1758897560.051837256,/studio/rotor_avg_rpm.mean_rpm,1234.9367980957031
3.332838629,1758897560.051838629,/studio/rotor_avg_rpm.mean_rpm,1234.8843994140625
3.334292021,1758897560.053292021,/studio/rotor_avg_rpm.mean_rpm,1238.2878112792969
3.335200544,1758897560.054200544,/studio/rotor_avg_rpm.mean_rpm,1229.2818908691406
3.336137962,1758897560.055137962,/studio/rotor_avg_rpm.mean_rpm,1242.3981018066406
3.337571381,1758897560.056571381,/studio/rotor_avg_rpm.mean_rpm,1232.6591186523438
3.338577675,1758897560.057577675,/studio/rotor_avg_rpm.mean_rpm,1239.7801208496094
3.339267879,1758897560.058267879,/studio/rotor_avg_rpm.mean_rpm,1232.6591186523438
3.340823372,1758897560.059823372,/studio/rotor_avg_rpm.mean_rpm,1239.3612060546875
3.341840735,1758897560.060840735,/studio/rotor_avg_rpm.mean_rpm,1233.4183349609375
3.343275068,1758897560.062275068,/studio/rotor_avg_rpm.mean_rpm,1234.5440979003906
3.34327664,1758897560.062276640,/studio/rotor_avg_rpm.mean_rpm,1237.9213256835938
3.344404164,1758897560.063404164,/studio/rotor_avg_rpm.mean_rpm,1234.1775817871094
3.345278068,1758897560.064278068,/studio/rotor_avg_rpm.mean_rpm,1248.3671569824219
3.346676109,1758897560.065676109,/studio/rotor_avg_rpm.mean_rpm,1232.6590881347656
3.347743794,1758897560.066743794,/studio/rotor_avg_rpm.mean_rpm,1228.9153747558594
3.348489028,1758897560.067489028,/studio/rotor_avg_rpm.mean_rpm,1233.0256652832031
3.350145984,1758897560.069145984,/studio/rotor_avg_rpm.mean_rpm,1242.00537109375
3.3501493350000002,1758897560.069149335,/studio/rotor_avg_rpm.mean_rpm,1237.5286254882812
3.351317829,1758897560.070317829,/studio/rotor_avg_rpm.mean_rpm,1236.4290771484375
3.352157422,1758897560.071157422,/studio/rotor_avg_rpm.mean_rpm,1234.8844299316406
3.353489152,1758897560.072489152,/studio/rotor_avg_rpm.mean_rpm,1230.4076538085938
3.354442367,1758897560.073442367,/studio/rotor_avg_rpm.mean_rpm,1225.5381774902344
3.356921846,1758897560.075921846,/studio/rotor_avg_rpm.mean_rpm,1227.056640625
3.356923674,1758897560.075923674,/studio/rotor_avg_rpm.mean_rpm,1249.1263732910156
3.357775177,1758897560.076775177,/studio/rotor_avg_rpm.mean_rpm,1231.5595703125
3.358868546,1758897560.077868546,/studio/rotor_avg_rpm.mean_rpm,1228.9153747558594
3.360319006,1758897560.079319006,/studio/rotor_avg_rpm.mean_rpm,1233.0518493652344
3.360320507,1758897560.079320507,/studio/rotor_avg_rpm.mean_rpm,1225.1978454589844
3.361121015,1758897560.080121015,/studio/rotor_avg_rpm.mean_rpm,1241.6388854980469
3.362514668,1758897560.081514668,/studio/rotor_avg_rpm.mean_rpm,1233.3921813964844
3.363573024,1758897560.082573024,/studio/rotor_avg_rpm.mean_rpm,1229.6746215820312
3.364456428,1758897560.083456428,/studio/rotor_avg_rpm.mean_rpm,1226.2973937988281
3.365532172,1758897560.084532172,/studio/rotor_avg_rpm.mean_rpm,1233.7848815917969
3.36711806,1758897560.086118060,/studio/rotor_avg_rpm.mean_rpm,1225.1978454589844
3.367121536,1758897560.086121536,/studio/rotor_avg_rpm.mean_rpm,1237.5285949707031
3.368452202,1758897560.087452202,/studio/rotor_avg_rpm.mean_rpm,1236.0101623535156
3.369397984,1758897560.088397984,/studio/rotor_avg_rpm.mean_rpm,1227.0566101074219
3.370496492,1758897560.089496492,/studio/rotor_avg_rpm.mean_rpm,1227.0304565429688
3.371551549,1758897560.090551549,/studio/rotor_avg_rpm.mean_rpm,1231.9260864257812
3.372880432,1758897560.091880432,/studio/rotor_avg_rpm.mean_rpm,1242.7384338378906
3.373982128,1758897560.092982128,/studio/rotor_avg_rpm.mean_rpm,1228.9153747558594
3.375188719,1758897560.094188719,/studio/rotor_avg_rpm.mean_rpm,1228.1823425292969
3.375190856,1758897560.094190856,/studio/rotor_avg_rpm.mean_rpm,1220.3021850585938
3.376161827,1758897560.095161827,/studio/rotor_avg_rpm.mean_rpm,1233.025634765625
3.377250144,1758897560.096250144,/studio/rotor_avg_rpm.mean_rpm,1233.4445190429688
3.378465972,1758897560.097465972,/studio/rotor_avg_rpm.mean_rpm,1233.025634765625
3.379560832,1758897560.098560832,/studio/rotor_avg_rpm.mean_rpm,1227.3969116210938
3.381337087,1758897560.100337087,/studio/rotor_avg_rpm.mean_rpm,1227.0304260253906
3.382070771,1758897560.101070771,/studio/rotor_avg_rpm.mean_rpm,1226.2973937988281
3.382073426,1758897560.101073426,/studio/rotor_avg_rpm.mean_rpm,1230.4076538085938
3.383180026,1758897560.102180026,/studio/rotor_avg_rpm.mean_rpm,1231.9260864257812
3.384253379,1758897560.103253379,/studio/rotor_avg_rpm.mean_rpm,1234.8843994140625
3.385307257,1758897560.104307257,/studio/rotor_avg_rpm.mean_rpm,1219.9618530273438
3.38630159,1758897560.105301590,/studio/rotor_avg_rpm.mean_rpm,1227.7896423339844
3.387630119,1758897560.106630119,/studio/rotor_avg_rpm.mean_rpm,1233.0256652832031
3.388427224,1758897560.107427224,/studio/rotor_avg_rpm.mean_rpm,1216.9511413574219
3.389267081,1758897560.108267081,/studio/rotor_avg_rpm.mean_rpm,1240.879638671875
3.391380942,1758897560.110380942,/studio/rotor_avg_rpm.mean_rpm,1230.7741394042969
3.39362601,1758897560.112626010,/studio/rotor_avg_rpm.mean_rpm,1230.774169921875
3.393631089,1758897560.112631089,/studio/rotor_avg_rpm.mean_rpm,1231.5072021484375
3.395837884,1758897560.114837884,/studio/rotor_avg_rpm.mean_rpm,1231.1668701171875
3.395841826,1758897560.114841826,/studio/rotor_avg_rpm.mean_rpm,1224.0458984375
3.395844151,1758897560.114844151,/studio/rotor_avg_rpm.mean_rpm,1229.6484069824219
3.396991558,1758897560.115991558,/studio/rotor_avg_rpm.mean_rpm,1229.2818908691406
3.398576008,1758897560.117576008,/studio/rotor_avg_rpm.mean_rpm,1222.1871337890625
3.398577719,1758897560.117577719,/studio/rotor_avg_rpm.mean_rpm,1240.5131225585938
3.400426781,1758897560.119426781,/studio/rotor_avg_rpm.mean_rpm,1221.8205871582031
3.400433138,1758897560.119433138,/studio/rotor_avg_rpm.mean_rpm,1219.2288208007812
3.401795565,1758897560.120795565,/studio/rotor_avg_rpm.mean_rpm,1236.4290466308594
3.402667112,1758897560.121667112,/studio/rotor_avg_rpm.mean_rpm,1223.6532287597656
3.404267341,1758897560.123267341,/studio/rotor_avg_rpm.mean_rpm,1222.9463806152344
3.405744443,1758897560.124744443,/studio/rotor_avg_rpm.mean_rpm,1217.7103576660156
3.405747146,1758897560.124747146,/studio/rotor_avg_rpm.mean_rpm,1227.0566101074219
3.407109878,1758897560.126109878,/studio/rotor_avg_rpm.mean_rpm,1224.0720825195312
3.408550455,1758897560.127550455,/studio/rotor_avg_rpm.mean_rpm,1229.6746215820312
3.408552065,1758897560.127552065,/studio/rotor_avg_rpm.mean_rpm,1215.4850463867188
3.410421569,1758897560.129421569,/studio/rotor_avg_rpm.mean_rpm,1229.6484069824219
3.41042458,1758897560.129424580,/studio/rotor_avg_rpm.mean_rpm,1225.9308776855469
3.411794716,1758897560.130794716,/studio/rotor_avg_rpm.mean_rpm,1237.1620788574219
3.413655722,1758897560.132655722,/studio/rotor_avg_rpm.mean_rpm,1218.8360900878906
3.413660839,1758897560.132660839,/studio/rotor_avg_rpm.mean_rpm,1224.4124145507812
3.415113047,1758897560.134113047,/studio/rotor_avg_rpm.mean_rpm,1229.30810546875
3.416952038,1758897560.135952038,/studio/rotor_avg_rpm.mean_rpm,1225.9046630859375
3.416955295,1758897560.135955295,/studio/rotor_avg_rpm.mean_rpm,1231.5595397949219
3.418443069,1758897560.137443069,/studio/rotor_avg_rpm.mean_rpm,1215.8515930175781
3.418447972,1758897560.137447972,/studio/rotor_avg_rpm.mean_rpm,1230.4338073730469
3.420280408,1758897560.139280408,/studio/rotor_avg_rpm.mean_rpm,1227.0566101074219
3.42123167,1758897560.140231670,/studio/rotor_avg_rpm.mean_rpm,1218.8099060058594
3.423729872,1758897560.142729872,/studio/rotor_avg_rpm.mean_rpm,1233.7848510742188
3.42373264,1758897560.142732640,/studio/rotor_avg_rpm.mean_rpm,1213.5739135742188
3.423737687,1758897560.142737687,/studio/rotor_avg_rpm.mean_rpm,1222.5536499023438
3.424606734,1758897560.143606734,/studio/rotor_avg_rpm.mean_rpm,1236.7431945800781
3.426607119,1758897560.145607119,/studio/rotor_avg_rpm.mean_rpm,1216.2180786132812
3.426633915,1758897560.145633915,/studio/rotor_avg_rpm.mean_rpm,1232.2664489746094
3.428562113,1758897560.147562113,/studio/rotor_avg_rpm.mean_rpm,1226.2711791992188
3.428570302,1758897560.147570302,/studio/rotor_avg_rpm.mean_rpm,1221.8206176757812
3.430280733,1758897560.149280733,/studio/rotor_avg_rpm.mean_rpm,1231.1406860351562
3.431828429,1758897560.150828429,/studio/rotor_avg_rpm.mean_rpm,1218.8360900878906
3.431861894,1758897560.150861894,/studio/rotor_avg_rpm.mean_rpm,1243.1311340332031
3.43273947,1758897560.151739470,/studio/rotor_avg_rpm.mean_rpm,1227.4231262207031
3.434116419,1758897560.153116419,/studio/rotor_avg_rpm.mean_rpm,1228.9154052734375
3.435324155,1758897560.154324155,/studio/rotor_avg_rpm.mean_rpm,1228.9153747558594
3.435354656,1758897560.154354656,/studio/rotor_avg_rpm.mean_rpm,1234.8844299316406
3.437497993,1758897560.156497993,/studio/rotor_avg_rpm.mean_rpm,1222.920166015625
3.437500171,1758897560.156500171,/studio/rotor_avg_rpm.mean_rpm,1225.9570617675781
3.4384574,1758897560.157457400,/studio/rotor_avg_rpm.mean_rpm,1240.5131225585938
3.439391134,1758897560.158391134,/studio/rotor_avg_rpm.mean_rpm,1230.774169921875
3.441005131,1758897560.160005131,/studio/rotor_avg_rpm.mean_rpm,1231.89990234375
3.441672009,1758897560.160672009,/studio/rotor_avg_rpm.mean_rpm,1225.5643615722656
3.442668425,1758897560.161668425,/studio/rotor_avg_rpm.mean_rpm,1236.7955627441406
3.444266368,1758897560.163266368,/studio/rotor_avg_rpm.mean_rpm,1216.9773254394531
3.444881149,1758897560.163881149,/studio/rotor_avg_rpm.mean_rpm,1233.0256652832031
3.445862951,1758897560.164862951,/studio/rotor_avg_rpm.mean_rpm,1221.4278869628906
3.44769338,1758897560.166693380,/studio/rotor_avg_rpm.mean_rpm,1218.8360900878906
3.44772559,1758897560.166725590,/studio/rotor_avg_rpm.mean_rpm,1218.4434204101562
3.4485808970000003,1758897560.167580897,/studio/rotor_avg_rpm.mean_rpm,1225.5643310546875
3.450206322,1758897560.169206322,/studio/rotor_avg_rpm.mean_rpm,1244.9899291992188
3.451262763,1758897560.170262763,/studio/rotor_avg_rpm.mean_rpm,1220.7210388183594
3.4526461680000002,1758897560.171646168,/studio/rotor_avg_rpm.mean_rpm,1238.2616577148438
3.452652451,1758897560.171652451,/studio/rotor_avg_rpm.mean_rpm,1225.9046630859375
3.453748971,1758897560.172748971,/studio/rotor_avg_rpm.mean_rpm,1220.3021850585938
3.455108981,1758897560.174108981,/studio/rotor_avg_rpm.mean_rpm,1228.1823425292969
3.455937859,1758897560.174937859,/studio/rotor_avg_rpm.mean_rpm,1227.7896423339844
3.457026799,1758897560.176026799,/studio/rotor_avg_rpm.mean_rpm,1236.0101623535156
3.4585484600000003,1758897560.177548460,/studio/rotor_avg_rpm.mean_rpm,1220.328369140625
3.460289534,1758897560.179289534,/studio/rotor_avg_rpm.mean_rpm,1237.5285949707031
3.460294749,1758897560.179294749,/studio/rotor_avg_rpm.mean_rpm,1228.1823425292969
3.461757255,1758897560.180757255,/studio/rotor_avg_rpm.mean_rpm,1225.9308776855469
3.461759387,1758897560.180759387,/studio/rotor_avg_rpm.mean_rpm,1225.5643310546875
3.463497509,1758897560.182497509,/studio/rotor_avg_rpm.mean_rpm,1226.3235778808594
3.464416012,1758897560.183416012,/studio/rotor_avg_rpm.mean_rpm,1227.0566101074219
3.465223805,1758897560.184223805,/studio/rotor_avg_rpm.mean_rpm,1243.8903503417969
3.466558265,1758897560.185558265,/studio/rotor_avg_rpm.mean_rpm,1221.4278869628906
3.466560338,1758897560.185560338,/studio/rotor_avg_rpm.mean_rpm,1231.9260864257812
3.467788692,1758897560.186788692,/studio/rotor_avg_rpm.mean_rpm,1212.0816345214844
3.468665784,1758897560.187665784,/studio/rotor_avg_rpm.mean_rpm,1234.5179138183594
3.470050264,1758897560.189050264,/studio/rotor_avg_rpm.mean_rpm,1221.4540710449219
3.471009643,1758897560.190009643,/studio/rotor_avg_rpm.mean_rpm,1245.7491149902344
3.471919658,1758897560.190919658,/studio/rotor_avg_rpm.mean_rpm,1220.6948547363281
3.473536947,1758897560.192536947,/studio/rotor_avg_rpm.mean_rpm,1228.9415588378906
3.474589081,1758897560.193589081,/studio/rotor_avg_rpm.mean_rpm,1213.9403991699219
3.475439552,1758897560.194439552,/studio/rotor_avg_rpm.mean_rpm,1237.8951416015625
3.476841377,1758897560.195841377,/studio/rotor_avg_rpm.mean_rpm,1225.9570617675781
3.4768467320000003,1758897560.195846732,/studio/rotor_avg_rpm.mean_rpm,1237.1620788574219
3.4777888900000002,1758897560.196788890,/studio/rotor_avg_rpm.mean_rpm,1218.8360900878906
3.479211208,1758897560.198211208,/studio/rotor_avg_rpm.mean_rpm,1230.4338073730469
3.480414256,1758897560.199414256,/studio/rotor_avg_rpm.mean_rpm,1238.6019897460938
3.4816101980000003,1758897560.200610198,/studio/rotor_avg_rpm.mean_rpm,1221.4540710449219
3.482367946,1758897560.201367946,/studio/rotor_avg_rpm.mean_rpm,1227.4231262207031
3.484292166,1758897560.203292166,/studio/rotor_avg_rpm.mean_rpm,1237.5285949707031
3.4843086420000002,1758897560.203308642,/studio/rotor_avg_rpm.mean_rpm,1218.0768432617188
3.485091305,1758897560.204091305,/studio/rotor_avg_rpm.mean_rpm,1222.1871337890625
3.4866078270000003,1758897560.205607827,/studio/rotor_avg_rpm.mean_rpm,1240.9320068359375
3.486666057,1758897560.205666057,/studio/rotor_avg_rpm.mean_rpm,1226.2974243164062
3.487694341,1758897560.206694341,/studio/rotor_avg_rpm.mean_rpm,1216.1919250488281
3.488440043,1758897560.207440043,/studio/rotor_avg_rpm.mean_rpm,1235.3033142089844
3.489578039,1758897560.208578039,/studio/rotor_avg_rpm.mean_rpm,1232.2926025390625
3.491257022,1758897560.210257022,/studio/rotor_avg_rpm.mean_rpm,1238.2616577148438
3.492143127,1758897560.211143127,/studio/rotor_avg_rpm.mean_rpm,1214.6996459960938
3.510083979,1758897560.229083979,/studio/rotor_avg_rpm.mean_rpm,1237.50244140625
3.510085912,1758897560.229085912,/studio/rotor_avg_rpm.mean_rpm,1227.4493103027344
3.51009072,1758897560.229090720,/studio/rotor_avg_rpm.mean_rpm,1228.8892211914062
3.510092803,1758897560.229092803,/studio/rotor_avg_rpm.mean_rpm,1228.1561584472656
3.51010158,1758897560.229101580,/studio/rotor_avg_rpm.mean_rpm,1231.1668701171875
3.5101036480000003,1758897560.229103648,/studio/rotor_avg_rpm.mean_rpm,1227.0304260253906
3.510104814,1758897560.229104814,/studio/rotor_avg_rpm.mean_rpm,1222.1871337890625
3.510105882,1758897560.229105882,/studio/rotor_avg_rpm.mean_rpm,1230.4076843261719
3.510169263,1758897560.229169263,/studio/rotor_avg_rpm.mean_rpm,1243.4976501464844
3.510171716,1758897560.229171716,/studio/rotor_avg_rpm.mean_rpm,1238.287841796875
3.510173097,1758897560.229173097,/studio/rotor_avg_rpm.mean_rpm,1225.5381774902344
3.510177534,1758897560.229177534,/studio/rotor_avg_rpm.mean_rpm,1221.79443359375
3.510179666,1758897560.229179666,/studio/rotor_avg_rpm.mean_rpm,1222.5798645019531
3.510181521,1758897560.229181521,/studio/rotor_avg_rpm.mean_rpm,1237.5024108886719
3.510247231,1758897560.229247231,/studio/rotor_avg_rpm.mean_rpm,1229.2557373046875
3.510250297,1758897560.229250297,/studio/rotor_avg_rpm.mean_rpm,1239.3612365722656
3.510271591,1758897560.229271591,/studio/rotor_avg_rpm.mean_rpm,1231.5595703125
3.515256532,1758897560.234256532,/studio/rotor_avg_rpm.mean_rpm,1238.2616577148438
3.515258818,1758897560.234258818,/studio/rotor_avg_rpm.mean_rpm,1232.6591186523438
3.515261374,1758897560.234261374,/studio/rotor_avg_rpm.mean_rpm,1241.6388854980469
3.515263748,1758897560.234263748,/studio/rotor_avg_rpm.mean_rpm,1220.7210388183594
3.5152665350000003,1758897560.234266535,/studio/rotor_avg_rpm.mean_rpm,1220.6948852539062
3.515271499,1758897560.234271499,/studio/rotor_avg_rpm.mean_rpm,1222.9463500976562
3.516099882,1758897560.235099882,/studio/rotor_avg_rpm.mean_rpm,1228.5488891601562
3.516968023,1758897560.235968023,/studio/rotor_avg_rpm.mean_rpm,1223.2866821289062
3.518308397,1758897560.237308397,/studio/rotor_avg_rpm.mean_rpm,1240.879638671875
3.51925329,1758897560.238253290,/studio/rotor_avg_rpm.mean_rpm,1231.1668701171875
3.52030212,1758897560.239302120,/studio/rotor_avg_rpm.mean_rpm,1239.3873901367188
3.5217615,1758897560.240761500,/studio/rotor_avg_rpm.mean_rpm,1240.1465759277344
3.523642198,1758897560.242642198,/studio/rotor_avg_rpm.mean_rpm,1234.1252136230469
3.52364548,1758897560.242645480,/studio/rotor_avg_rpm.mean_rpm,1228.9154052734375
3.524968178,1758897560.243968178,/studio/rotor_avg_rpm.mean_rpm,1229.6746215820312
3.524970164,1758897560.243970164,/studio/rotor_avg_rpm.mean_rpm,1225.9308471679688
3.526888034,1758897560.245888034,/studio/rotor_avg_rpm.mean_rpm,1236.7694091796875
3.526889862,1758897560.245889862,/studio/rotor_avg_rpm.mean_rpm,1241.9791870117188
3.529113542,1758897560.248113542,/studio/rotor_avg_rpm.mean_rpm,1235.6436462402344
3.529118662,1758897560.248118662,/studio/rotor_avg_rpm.mean_rpm,1232.6329345703125
3.530067618,1758897560.249067618,/studio/rotor_avg_rpm.mean_rpm,1238.2616577148438
3.53128134,1758897560.250281340,/studio/rotor_avg_rpm.mean_rpm,1234.5178833007812
3.5320661810000002,1758897560.251066181,/studio/rotor_avg_rpm.mean_rpm,1238.2616577148438
3.533519478,1758897560.252519478,/studio/rotor_avg_rpm.mean_rpm,1238.9946899414062
3.534538187,1758897560.253538187,/studio/rotor_avg_rpm.mean_rpm,1227.0304565429688
3.535751164,1758897560.254751164,/studio/rotor_avg_rpm.mean_rpm,1225.5381774902344
3.536777239,1758897560.255777239,/studio/rotor_avg_rpm.mean_rpm,1233.0256652832031
3.538810587,1758897560.257810587,/studio/rotor_avg_rpm.mean_rpm,1223.6794128417969
3.53881244,1758897560.257812440,/studio/rotor_avg_rpm.mean_rpm,1227.056640625
3.539561156,1758897560.258561156,/studio/rotor_avg_rpm.mean_rpm,1235.6436157226562
3.541043553,1758897560.260043553,/studio/rotor_avg_rpm.mean_rpm,1228.1561584472656
3.541923976,1758897560.260923976,/studio/rotor_avg_rpm.mean_rpm,1238.9946594238281
3.541928591,1758897560.260928591,/studio/rotor_avg_rpm.mean_rpm,1230.0411376953125
3.54339566,1758897560.262395660,/studio/rotor_avg_rpm.mean_rpm,1225.5381469726562
3.5443419670000003,1758897560.263341967,/studio/rotor_avg_rpm.mean_rpm,1228.9415588378906
3.545106255,1758897560.264106255,/studio/rotor_avg_rpm.mean_rpm,1238.6019592285156
3.5466540120000003,1758897560.265654012,/studio/rotor_avg_rpm.mean_rpm,1234.1513671875
3.547709609,1758897560.266709609,/studio/rotor_avg_rpm.mean_rpm,1231.5334167480469
3.548510519,1758897560.267510519,/studio/rotor_avg_rpm.mean_rpm,1246.5083312988281
3.549985466,1758897560.268985466,/studio/rotor_avg_rpm.mean_rpm,1219.9356384277344
3.549988511,1758897560.268988511,/studio/rotor_avg_rpm.mean_rpm,1231.89990234375
3.551144533,1758897560.270144533,/studio/rotor_avg_rpm.mean_rpm,1228.9415588378906
3.551944424,1758897560.270944424,/studio/rotor_avg_rpm.mean_rpm,1237.162109375
3.5533719440000002,1758897560.272371944,/studio/rotor_avg_rpm.mean_rpm,1230.0672912597656
3.554335805,1758897560.273335805,/studio/rotor_avg_rpm.mean_rpm,1230.4076538085938
3.555296584,1758897560.274296584,/studio/rotor_avg_rpm.mean_rpm,1235.6436462402344
3.556686757,1758897560.275686757,/studio/rotor_avg_rpm.mean_rpm,1222.920166015625
3.558286711,1758897560.277286711,/studio/rotor_avg_rpm.mean_rpm,1219.5691528320312
3.558289066,1758897560.277289066,/studio/rotor_avg_rpm.mean_rpm,1248.3671264648438
3.560250572,1758897560.279250572,/studio/rotor_avg_rpm.mean_rpm,1224.0458984375
3.560252965,1758897560.279252965,/studio/rotor_avg_rpm.mean_rpm,1239.0208435058594
3.561660094,1758897560.280660094,/studio/rotor_avg_rpm.mean_rpm,1227.4231262207031
3.563470534,1758897560.282470534,/studio/rotor_avg_rpm.mean_rpm,1226.2712097167969
3.5634723150000003,1758897560.282472315,/studio/rotor_avg_rpm.mean_rpm,1237.9212951660156
3.564990998,1758897560.283990998,/studio/rotor_avg_rpm.mean_rpm,1231.1668395996094
3.564993737,1758897560.283993737,/studio/rotor_avg_rpm.mean_rpm,1220.3021545410156
3.566787261,1758897560.285787261,/studio/rotor_avg_rpm.mean_rpm,1231.1406860351562
3.5682191320000003,1758897560.287219132,/studio/rotor_avg_rpm.mean_rpm,1233.3921813964844
3.569117905,1758897560.288117905,/studio/rotor_avg_rpm.mean_rpm,1238.2616577148438
3.570434508,1758897560.289434508,/studio/rotor_avg_rpm.mean_rpm,1228.9153747558594
3.57185751,1758897560.290857510,/studio/rotor_avg_rpm.mean_rpm,1222.1871337890625
3.573785477,1758897560.292785477,/studio/rotor_avg_rpm.mean_rpm,1249.8855590820312
3.573787691,1758897560.292787691,/studio/rotor_avg_rpm.mean_rpm,1237.1882629394531
3.574879835,1758897560.293879835,/studio/rotor_avg_rpm.mean_rpm,1218.8099060058594
3.575950527,1758897560.294950527,/studio/rotor_avg_rpm.mean_rpm,1242.3718872070312
3.575952893,1758897560.294952893,/studio/rotor_avg_rpm.mean_rpm,1240.9058227539062
3.577077643,1758897560.296077643,/studio/rotor_avg_rpm.mean_rpm,1240.879638671875
3.578294934,1758897560.297294934,/studio/rotor_avg_rpm.mean_rpm,1229.3080749511719
3.579308902,1758897560.298308902,/studio/rotor_avg_rpm.mean_rpm,1223.6794128417969
3.580540254,1758897560.299540254,/studio/rotor_avg_rpm.mean_rpm,1225.1716613769531
3.581678595,1758897560.300678595,/studio/rotor_avg_rpm.mean_rpm,1234.8844604492188
3.582633382,1758897560.301633382,/studio/rotor_avg_rpm.mean_rpm,1240.1466064453125
3.583729782,1758897560.302729782,/studio/rotor_avg_rpm.mean_rpm,1239.0208740234375
3.584975565,1758897560.303975565,/studio/rotor_avg_rpm.mean_rpm,1223.6793823242188
3.5849775150000003,1758897560.303977515,/studio/rotor_avg_rpm.mean_rpm,1227.8158264160156
3.585931445,1758897560.304931445,/studio/rotor_avg_rpm.mean_rpm,1236.7432250976562
3.587107007,1758897560.306107007,/studio/rotor_avg_rpm.mean_rpm,1234.9105834960938
3.5882996460000003,1758897560.307299646,/studio/rotor_avg_rpm.mean_rpm,1236.4028625488281
3.5892258740000003,1758897560.308225874,/studio/rotor_avg_rpm.mean_rpm,1218.8099060058594
3.590580276,1758897560.309580276,/studio/rotor_avg_rpm.mean_rpm,1233.025634765625
3.591604965,1758897560.310604965,/studio/rotor_avg_rpm.mean_rpm,1233.4183349609375
3.592497706,1758897560.311497706,/studio/rotor_avg_rpm.mean_rpm,1225.5381774902344
3.594147432,1758897560.313147432,/studio/rotor_avg_rpm.mean_rpm,1231.9260864257812
3.594149464,1758897560.313149464,/studio/rotor_avg_rpm.mean_rpm,1240.1204528808594
3.595234645,1758897560.314234645,/studio/rotor_avg_rpm.mean_rpm,1224.0458984375
3.596436551,1758897560.315436551,/studio/rotor_avg_rpm.mean_rpm,1231.5072021484375
3.597398371,1758897560.316398371,/studio/rotor_avg_rpm.mean_rpm,1232.2926025390625
3.598439312,1758897560.317439312,/studio/rotor_avg_rpm.mean_rpm,1227.4231262207031
3.599719157,1758897560.318719157,/studio/rotor_avg_rpm.mean_rpm,1245.7491455078125
3.600748775,1758897560.319748775,/studio/rotor_avg_rpm.mean_rpm,1224.4386291503906
3.601659094,1758897560.320659094,/studio/rotor_avg_rpm.mean_rpm,1231.1668701171875
3.603133451,1758897560.322133451,/studio/rotor_avg_rpm.mean_rpm,1236.7431945800781
3.604126915,1758897560.323126915,/studio/rotor_avg_rpm.mean_rpm,1241.6388549804688
3.605057272,1758897560.324057272,/studio/rotor_avg_rpm.mean_rpm,1232.2664184570312
3.605062608,1758897560.324062608,/studio/rotor_avg_rpm.mean_rpm,1215.0661926269531
3.606338807,1758897560.325338807,/studio/rotor_avg_rpm.mean_rpm,1236.376708984375
3.6074526010000003,1758897560.326452601,/studio/rotor_avg_rpm.mean_rpm,1240.9058227539062
3.608319451,1758897560.327319451,/studio/rotor_avg_rpm.mean_rpm,1240.4869384765625
3.6096727470000003,1758897560.328672747,/studio/rotor_avg_rpm.mean_rpm,1232.2664489746094
3.611073502,1758897560.330073502,/studio/rotor_avg_rpm.mean_rpm,1232.2663879394531
3.613133189,1758897560.332133189,/studio/rotor_avg_rpm.mean_rpm,1235.6436462402344
3.613139078,1758897560.332139078,/studio/rotor_avg_rpm.mean_rpm,1225.5643310546875
3.614097981,1758897560.333097981,/studio/rotor_avg_rpm.mean_rpm,1233.0518188476562
3.6152376410000002,1758897560.334237641,/studio/rotor_avg_rpm.mean_rpm,1234.1513977050781
3.616811291,1758897560.335811291,/studio/rotor_avg_rpm.mean_rpm,1233.7848510742188
3.616818795,1758897560.335818795,/studio/rotor_avg_rpm.mean_rpm,1234.9106140136719
3.617802926,1758897560.336802926,/studio/rotor_avg_rpm.mean_rpm,1242.790771484375
3.6191009750000003,1758897560.338100975,/studio/rotor_avg_rpm.mean_rpm,1230.4076232910156
3.620059041,1758897560.339059041,/studio/rotor_avg_rpm.mean_rpm,1235.6174926757812
3.622246978,1758897560.341246978,/studio/rotor_avg_rpm.mean_rpm,1229.2557067871094
3.62224962,1758897560.341249620,/studio/rotor_avg_rpm.mean_rpm,1232.685302734375
3.622251541,1758897560.341251541,/studio/rotor_avg_rpm.mean_rpm,1221.0614013671875
3.623211669,1758897560.342211669,/studio/rotor_avg_rpm.mean_rpm,1231.9260864257812
3.624328167,1758897560.343328167,/studio/rotor_avg_rpm.mean_rpm,1229.6484375
3.625395715,1758897560.344395715,/studio/rotor_avg_rpm.mean_rpm,1218.8360900878906
3.6266269859999998,1758897560.345626986,/studio/rotor_avg_rpm.mean_rpm,1228.1823425292969
3.628179294,1758897560.347179294,/studio/rotor_avg_rpm.mean_rpm,1234.5179138183594
3.628181438,1758897560.347181438,/studio/rotor_avg_rpm.mean_rpm,1228.9154052734375
3.629094061,1758897560.348094061,/studio/rotor_avg_rpm.mean_rpm,1233.0518493652344
3.631761268,1758897560.350761268,/studio/rotor_avg_rpm.mean_rpm,1234.8844299316406
3.631764152,1758897560.350764152,/studio/rotor_avg_rpm.mean_rpm,1223.6793823242188
3.632610288,1758897560.351610288,/studio/rotor_avg_rpm.mean_rpm,1241.2723388671875
3.633766915,1758897560.352766915,/studio/rotor_avg_rpm.mean_rpm,1233.4183349609375
3.63508305,1758897560.354083050,/studio/rotor_avg_rpm.mean_rpm,1225.5381469726562
3.635928775,1758897560.354928775,/studio/rotor_avg_rpm.mean_rpm,1230.4076843261719
3.635931893,1758897560.354931893,/studio/rotor_avg_rpm.mean_rpm,1224.0458984375
3.637336489,1758897560.356336489,/studio/rotor_avg_rpm.mean_rpm,1237.1359252929688
3.63820321,1758897560.357203210,/studio/rotor_avg_rpm.mean_rpm,1242.3980712890625
3.639144379,1758897560.358144379,/studio/rotor_avg_rpm.mean_rpm,1228.9153747558594
3.640602921,1758897560.359602921,/studio/rotor_avg_rpm.mean_rpm,1239.7800598144531
3.641474579,1758897560.360474579,/studio/rotor_avg_rpm.mean_rpm,1237.1620788574219
3.64226693,1758897560.361266930,/studio/rotor_avg_rpm.mean_rpm,1226.3236083984375
3.643875111,1758897560.362875111,/studio/rotor_avg_rpm.mean_rpm,1245.7491149902344
3.644978137,1758897560.363978137,/studio/rotor_avg_rpm.mean_rpm,1235.6698303222656
3.646406186,1758897560.365406186,/studio/rotor_avg_rpm.mean_rpm,1217.7103576660156
3.6464105460000003,1758897560.365410546,/studio/rotor_avg_rpm.mean_rpm,1246.8486938476562
3.6473370960000002,1758897560.366337096,/studio/rotor_avg_rpm.mean_rpm,1235.6436462402344
3.648274883,1758897560.367274883,/studio/rotor_avg_rpm.mean_rpm,1224.7789611816406
3.649647666,1758897560.368647666,/studio/rotor_avg_rpm.mean_rpm,1239.3611755371094
3.6506879210000003,1758897560.369687921,/studio/rotor_avg_rpm.mean_rpm,1237.9213256835938
3.6517222780000003,1758897560.370722278,/studio/rotor_avg_rpm.mean_rpm,1228.9153747558594
3.6529312970000003,1758897560.371931297,/studio/rotor_avg_rpm.mean_rpm,1237.1620788574219
3.653997498,1758897560.372997498,/studio/rotor_avg_rpm.mean_rpm,1237.9213256835938
3.654882366,1758897560.373882366,/studio/rotor_avg_rpm.mean_rpm,1231.5334167480469
3.655651557,1758897560.374651557,/studio/rotor_avg_rpm.mean_rpm,1232.2664489746094
3.657347841,1758897560.376347841,/studio/rotor_avg_rpm.mean_rpm,1225.9308471679688
3.657349468,1758897560.376349468,/studio/rotor_avg_rpm.mean_rpm,1246.5083312988281
3.658181597,1758897560.377181597,/studio/rotor_avg_rpm.mean_rpm,1244.2568969726562
3.659173574,1758897560.378173574,/studio/rotor_avg_rpm.mean_rpm,1230.774169921875
3.66065089,1758897560.379650890,/studio/rotor_avg_rpm.mean_rpm,1244.2568664550781
3.6614464509999998,1758897560.380446451,/studio/rotor_avg_rpm.mean_rpm,1221.8205871582031
3.662261724,1758897560.381261724,/studio/rotor_avg_rpm.mean_rpm,1230.433837890625
3.663937614,1758897560.382937614,/studio/rotor_avg_rpm.mean_rpm,1244.6495666503906
3.664831752,1758897560.383831752,/studio/rotor_avg_rpm.mean_rpm,1233.7848815917969
3.666193967,1758897560.385193967,/studio/rotor_avg_rpm.mean_rpm,1250.2258911132812
3.666197051,1758897560.385197051,/studio/rotor_avg_rpm.mean_rpm,1224.8051147460938
3.667225453,1758897560.386225453,/studio/rotor_avg_rpm.mean_rpm,1239.75390625
3.668296817,1758897560.387296817,/studio/rotor_avg_rpm.mean_rpm,1221.0613708496094
3.669745173,1758897560.388745173,/studio/rotor_avg_rpm.mean_rpm,1240.5131225585938
3.671700045,1758897560.390700045,/studio/rotor_avg_rpm.mean_rpm,1230.8003234863281
3.671703146,1758897560.390703146,/studio/rotor_avg_rpm.mean_rpm,1242.3981018066406
3.672441716,1758897560.391441716,/studio/rotor_avg_rpm.mean_rpm,1237.5024108886719
3.67399947,1758897560.392999470,/studio/rotor_avg_rpm.mean_rpm,1242.3980712890625
3.674930996,1758897560.393930996,/studio/rotor_avg_rpm.mean_rpm,1240.879638671875
3.676131945,1758897560.395131945,/studio/rotor_avg_rpm.mean_rpm,1232.2926330566406
3.677566388,1758897560.396566388,/studio/rotor_avg_rpm.mean_rpm,1243.8641357421875
3.678348498,1758897560.397348498,/studio/rotor_avg_rpm.mean_rpm,1236.7693786621094
3.678355085,1758897560.397355085,/studio/rotor_avg_rpm.mean_rpm,1240.8534545898438
3.679849215,1758897560.398849215,/studio/rotor_avg_rpm.mean_rpm,1239.3612060546875
3.680770281,1758897560.399770281,/studio/rotor_avg_rpm.mean_rpm,1243.8641662597656
3.681635771,1758897560.400635771,/studio/rotor_avg_rpm.mean_rpm,1239.3612060546875
3.683181507,1758897560.402181507,/studio/rotor_avg_rpm.mean_rpm,1241.6127014160156
3.684079811,1758897560.403079811,/studio/rotor_avg_rpm.mean_rpm,1238.9946899414062
3.685078344,1758897560.404078344,/studio/rotor_avg_rpm.mean_rpm,1233.7586975097656
3.686196584,1758897560.405196584,/studio/rotor_avg_rpm.mean_rpm,1234.1252136230469
3.6861980350000003,1758897560.405198035,/studio/rotor_avg_rpm.mean_rpm,1232.6591491699219
3.687602853,1758897560.406602853,/studio/rotor_avg_rpm.mean_rpm,1242.3719482421875
3.688455112,1758897560.407455112,/studio/rotor_avg_rpm.mean_rpm,1233.3659973144531
3.6898631760000002,1758897560.408863176,/studio/rotor_avg_rpm.mean_rpm,1248.3671264648438
3.690816851,1758897560.409816851,/studio/rotor_avg_rpm.mean_rpm,1228.9153747558594
3.691941168,1758897560.410941168,/studio/rotor_avg_rpm.mean_rpm,1249.8855590820312
3.695132358,1758897560.414132358,/studio/rotor_avg_rpm.mean_rpm,1227.8157958984375
3.695133914,1758897560.414133914,/studio/rotor_avg_rpm.mean_rpm,1249.8855590820312
3.695176835,1758897560.414176835,/studio/rotor_avg_rpm.mean_rpm,1233.3921508789062
3.696789227,1758897560.415789227,/studio/rotor_avg_rpm.mean_rpm,1241.6126708984375
3.696798047,1758897560.415798047,/studio/rotor_avg_rpm.mean_rpm,1233.7848815917969
3.70182913,1758897560.420829130,/studio/rotor_avg_rpm.mean_rpm,1231.5072326660156
3.716526627,1758897560.435526627,/studio/rotor_avg_rpm.mean_rpm,1247.60791015625
3.716532081,1758897560.435532081,/studio/rotor_avg_rpm.mean_rpm,1226.6638793945312
3.716534289,1758897560.435534289,/studio/rotor_avg_rpm.mean_rpm,1247.60791015625
3.716537169,1758897560.435537169,/studio/rotor_avg_rpm.mean_rpm,1232.2926025390625
3.716540544,1758897560.435540544,/studio/rotor_avg_rpm.mean_rpm,1239.0208740234375
3.716542482,1758897560.435542482,/studio/rotor_avg_rpm.mean_rpm,1243.8903503417969
3.71655612,1758897560.435556120,/studio/rotor_avg_rpm.mean_rpm,1230.4076538085938
3.716558263,1758897560.435558263,/studio/rotor_avg_rpm.mean_rpm,1244.9899291992188
3.716560571,1758897560.435560571,/studio/rotor_avg_rpm.mean_rpm,1229.2818908691406
3.71656273,1758897560.435562730,/studio/rotor_avg_rpm.mean_rpm,1249.1263427734375
3.716566426,1758897560.435566426,/studio/rotor_avg_rpm.mean_rpm,1242.7645874023438
3.716568711,1758897560.435568711,/studio/rotor_avg_rpm.mean_rpm,1239.3612060546875
3.716572213,1758897560.435572213,/studio/rotor_avg_rpm.mean_rpm,1251.7443542480469
3.7165740720000002,1758897560.435574072,/studio/rotor_avg_rpm.mean_rpm,1235.6698608398438
3.716575923,1758897560.435575923,/studio/rotor_avg_rpm.mean_rpm,1243.1311340332031
3.7165780770000003,1758897560.435578077,/studio/rotor_avg_rpm.mean_rpm,1245.3564147949219
3.716592004,1758897560.435592004,/studio/rotor_avg_rpm.mean_rpm,1245.0160522460938
3.719345746,1758897560.438345746,/studio/rotor_avg_rpm.mean_rpm,1223.6793823242188
3.719347338,1758897560.438347338,/studio/rotor_avg_rpm.mean_rpm,1249.8855895996094
3.719348609,1758897560.438348609,/studio/rotor_avg_rpm.mean_rpm,1239.0470581054688
3.719353324,1758897560.438353324,/studio/rotor_avg_rpm.mean_rpm,1236.7432250976562
3.720633197,1758897560.439633197,/studio/rotor_avg_rpm.mean_rpm,1230.0411071777344
3.720637773,1758897560.439637773,/studio/rotor_avg_rpm.mean_rpm,1247.267578125
3.722094717,1758897560.441094717,/studio/rotor_avg_rpm.mean_rpm,1238.2616271972656
3.72333601,1758897560.442336010,/studio/rotor_avg_rpm.mean_rpm,1247.6340637207031
3.724361665,1758897560.443361665,/studio/rotor_avg_rpm.mean_rpm,1236.7955627441406
3.725571057,1758897560.444571057,/studio/rotor_avg_rpm.mean_rpm,1249.1263427734375
3.7267920930000002,1758897560.445792093,/studio/rotor_avg_rpm.mean_rpm,1242.3980712890625
3.726798021,1758897560.445798021,/studio/rotor_avg_rpm.mean_rpm,1243.131103515625
3.728073316,1758897560.447073316,/studio/rotor_avg_rpm.mean_rpm,1228.9415893554688
3.729965417,1758897560.448965417,/studio/rotor_avg_rpm.mean_rpm,1241.2723693847656
3.729969275,1758897560.448969275,/studio/rotor_avg_rpm.mean_rpm,1239.7800903320312
3.730926915,1758897560.449926915,/studio/rotor_avg_rpm.mean_rpm,1253.6031494140625
3.7343248510000002,1758897560.453324851,/studio/rotor_avg_rpm.mean_rpm,1246.141845703125
3.734329772,1758897560.453329772,/studio/rotor_avg_rpm.mean_rpm,1256.2211303710938
3.734332678,1758897560.453332678,/studio/rotor_avg_rpm.mean_rpm,1247.9482421875
3.736119923,1758897560.455119923,/studio/rotor_avg_rpm.mean_rpm,1250.2258911132812
3.7361287340000002,1758897560.455128734,/studio/rotor_avg_rpm.mean_rpm,1250.985107421875
3.737521981,1758897560.456521981,/studio/rotor_avg_rpm.mean_rpm,1246.1156005859375
3.738779577,1758897560.457779577,/studio/rotor_avg_rpm.mean_rpm,1252.0846862792969
3.738789304,1758897560.457789304,/studio/rotor_avg_rpm.mean_rpm,1240.1465759277344
3.739818852,1758897560.458818852,/studio/rotor_avg_rpm.mean_rpm,1240.8534545898438
3.740764387,1758897560.459764387,/studio/rotor_avg_rpm.mean_rpm,1247.60791015625
3.741726398,1758897560.460726398,/studio/rotor_avg_rpm.mean_rpm,1239.3611755371094
3.743182353,1758897560.462182353,/studio/rotor_avg_rpm.mean_rpm,1239.7539367675781
3.744148126,1758897560.463148126,/studio/rotor_avg_rpm.mean_rpm,1248.3671569824219
3.745606508,1758897560.464606508,/studio/rotor_avg_rpm.mean_rpm,1250.2258911132812
3.746772328,1758897560.465772328,/studio/rotor_avg_rpm.mean_rpm,1255.4618835449219
3.746774425,1758897560.465774425,/studio/rotor_avg_rpm.mean_rpm,1244.2568664550781
3.748115263,1758897560.467115263,/studio/rotor_avg_rpm.mean_rpm,1250.985107421875
3.750262401,1758897560.469262401,/studio/rotor_avg_rpm.mean_rpm,1259.5983276367188
3.750268811,1758897560.469268811,/studio/rotor_avg_rpm.mean_rpm,1245.3564147949219
3.751882198,1758897560.470882198,/studio/rotor_avg_rpm.mean_rpm,1255.12158203125
3.751888926,1758897560.470888926,/studio/rotor_avg_rpm.mean_rpm,1249.8855895996094
3.753588281,1758897560.472588281,/studio/rotor_avg_rpm.mean_rpm,1250.2521057128906
3.754757425,1758897560.473757425,/studio/rotor_avg_rpm.mean_rpm,1261.1167907714844
3.754759443,1758897560.473759443,/studio/rotor_avg_rpm.mean_rpm,1248.7336120605469
3.75580155,1758897560.474801550,/studio/rotor_avg_rpm.mean_rpm,1250.985107421875
3.756670472,1758897560.475670472,/studio/rotor_avg_rpm.mean_rpm,1259.9386901855469
3.758102567,1758897560.477102567,/studio/rotor_avg_rpm.mean_rpm,1246.4559631347656
3.759100912,1758897560.478100912,/studio/rotor_avg_rpm.mean_rpm,1252.5035705566406
3.760166893,1758897560.479166893,/studio/rotor_avg_rpm.mean_rpm,1263.31591796875
3.76144208,1758897560.480442080,/studio/rotor_avg_rpm.mean_rpm,1252.8439025878906
3.762374184,1758897560.481374184,/studio/rotor_avg_rpm.mean_rpm,1249.4666748046875
3.7634588190000002,1758897560.482458819,/studio/rotor_avg_rpm.mean_rpm,1257.7395629882812
3.764757319,1758897560.483757319,/studio/rotor_avg_rpm.mean_rpm,1257.3206787109375
3.765538549,1758897560.484538549,/studio/rotor_avg_rpm.mean_rpm,1250.2520751953125
3.767195814,1758897560.486195814,/studio/rotor_avg_rpm.mean_rpm,1253.6031188964844
3.767200238,1758897560.486200238,/studio/rotor_avg_rpm.mean_rpm,1252.0846862792969
3.768071439,1758897560.487071439,/studio/rotor_avg_rpm.mean_rpm,1252.11083984375
3.769461203,1758897560.488461203,/studio/rotor_avg_rpm.mean_rpm,1258.0798950195312
3.770412653,1758897560.489412653,/studio/rotor_avg_rpm.mean_rpm,1259.9386901855469
3.77152698,1758897560.490526980,/studio/rotor_avg_rpm.mean_rpm,1255.0953979492188
3.772981839,1758897560.491981839,/studio/rotor_avg_rpm.mean_rpm,1254.7288818359375
3.7739051850000003,1758897560.492905185,/studio/rotor_avg_rpm.mean_rpm,1262.5828552246094
3.7739415530000002,1758897560.492941553,/studio/rotor_avg_rpm.mean_rpm,1252.5035705566406
3.774918823,1758897560.493918823,/studio/rotor_avg_rpm.mean_rpm,1255.4880981445312
3.775934813,1758897560.494934813,/studio/rotor_avg_rpm.mean_rpm,1258.0798950195312
3.777412858,1758897560.496412858,/studio/rotor_avg_rpm.mean_rpm,1259.5983581542969
3.778203278,1758897560.497203278,/studio/rotor_avg_rpm.mean_rpm,1255.0691833496094
3.779725919,1758897560.498725919,/studio/rotor_avg_rpm.mean_rpm,1260.6978759765625
3.781611175,1758897560.500611175,/studio/rotor_avg_rpm.mean_rpm,1259.5983581542969
3.781612942,1758897560.500612942,/studio/rotor_avg_rpm.mean_rpm,1246.4821472167969
3.782839169,1758897560.501839169,/studio/rotor_avg_rpm.mean_rpm,1250.2259216308594
3.7853143510000002,1758897560.504314351,/studio/rotor_avg_rpm.mean_rpm,1256.9803466796875
3.785317927,1758897560.504317927,/studio/rotor_avg_rpm.mean_rpm,1255.1215515136719
3.785331799,1758897560.504331799,/studio/rotor_avg_rpm.mean_rpm,1250.9851379394531
3.789967375,1758897560.508967375,/studio/rotor_avg_rpm.mean_rpm,1255.4619140625
3.789985194,1758897560.508985194,/studio/rotor_avg_rpm.mean_rpm,1249.1001586914062
3.789989824,1758897560.508989824,/studio/rotor_avg_rpm.mean_rpm,1255.4619140625
3.790012071,1758897560.509012071,/studio/rotor_avg_rpm.mean_rpm,1259.5983581542969
3.791395247,1758897560.510395247,/studio/rotor_avg_rpm.mean_rpm,1256.9803466796875
3.791398278,1758897560.510398278,/studio/rotor_avg_rpm.mean_rpm,1250.9851379394531
3.792299207,1758897560.511299207,/studio/rotor_avg_rpm.mean_rpm,1260.6979064941406
3.793388572,1758897560.512388572,/studio/rotor_avg_rpm.mean_rpm,1254.3623657226562
3.794856347,1758897560.513856347,/studio/rotor_avg_rpm.mean_rpm,1243.8903503417969
3.798202256,1758897560.517202256,/studio/rotor_avg_rpm.mean_rpm,1250.2258911132812
3.798206297,1758897560.517206297,/studio/rotor_avg_rpm.mean_rpm,1258.8391418457031
3.798208348,1758897560.517208348,/studio/rotor_avg_rpm.mean_rpm,1252.8439025878906
3.798210392,1758897560.517210392,/studio/rotor_avg_rpm.mean_rpm,1250.985107421875
3.799986553,1758897560.518986553,/studio/rotor_avg_rpm.mean_rpm,1261.4571228027344
3.799997602,1758897560.518997602,/studio/rotor_avg_rpm.mean_rpm,1250.985107421875
3.8011492650000003,1758897560.520149265,/studio/rotor_avg_rpm.mean_rpm,1244.9899291992188
3.802057872,1758897560.521057872,/studio/rotor_avg_rpm.mean_rpm,1256.5876159667969
3.803306006,1758897560.522306006,/studio/rotor_avg_rpm.mean_rpm,1257.3206787109375
3.804673682,1758897560.523673682,/studio/rotor_avg_rpm.mean_rpm,1250.9851379394531
3.805501029,1758897560.524501029,/studio/rotor_avg_rpm.mean_rpm,1248.3671569824219
3.806606164,1758897560.525606164,/studio/rotor_avg_rpm.mean_rpm,1258.8391418457031
3.808052312,1758897560.527052312,/studio/rotor_avg_rpm.mean_rpm,1258.0798950195312
3.808057817,1758897560.527057817,/studio/rotor_avg_rpm.mean_rpm,1253.9434509277344
3.809331581,1758897560.528331581,/studio/rotor_avg_rpm.mean_rpm,1256.9803161621094
3.810534214,1758897560.529534214,/studio/rotor_avg_rpm.mean_rpm,1256.9803466796875
3.811533552,1758897560.530533552,/studio/rotor_avg_rpm.mean_rpm,1247.6340942382812
3.812796131,1758897560.531796131,/studio/rotor_avg_rpm.mean_rpm,1256.2211303710938
3.81422967,1758897560.533229670,/studio/rotor_avg_rpm.mean_rpm,1249.8855590820312
3.81423221,1758897560.533232210,/studio/rotor_avg_rpm.mean_rpm,1243.9165649414062
3.816125174,1758897560.535125174,/studio/rotor_avg_rpm.mean_rpm,1255.4618835449219
3.816127627,1758897560.535127627,/studio/rotor_avg_rpm.mean_rpm,1250.9851379394531
3.8171869650000003,1758897560.536186965,/studio/rotor_avg_rpm.mean_rpm,1254.3623657226562
3.818079181,1758897560.537079181,/studio/rotor_avg_rpm.mean_rpm,1259.5983581542969
3.8195823730000003,1758897560.538582373,/studio/rotor_avg_rpm.mean_rpm,1246.1156311035156
3.820494439,1758897560.539494439,/studio/rotor_avg_rpm.mean_rpm,1248.3670959472656
3.821380745,1758897560.540380745,/studio/rotor_avg_rpm.mean_rpm,1247.60791015625
3.822871327,1758897560.541871327,/studio/rotor_avg_rpm.mean_rpm,1239.75390625
3.823916436,1758897560.542916436,/studio/rotor_avg_rpm.mean_rpm,1250.6448059082031
3.82478228,1758897560.543782280,/studio/rotor_avg_rpm.mean_rpm,1244.9898986816406
3.825548304,1758897560.544548304,/studio/rotor_avg_rpm.mean_rpm,1247.60791015625
3.827173296,1758897560.546173296,/studio/rotor_avg_rpm.mean_rpm,1251.3254699707031
3.827178402,1758897560.546178402,/studio/rotor_avg_rpm.mean_rpm,1240.1203918457031
3.828078751,1758897560.547078751,/studio/rotor_avg_rpm.mean_rpm,1251.4040222167969
3.829771736,1758897560.548771736,/studio/rotor_avg_rpm.mean_rpm,1240.09423828125
3.830613439,1758897560.549613439,/studio/rotor_avg_rpm.mean_rpm,1243.1311340332031
3.831583148,1758897560.550583148,/studio/rotor_avg_rpm.mean_rpm,1257.7395935058594
3.8332038610000003,1758897560.552203861,/studio/rotor_avg_rpm.mean_rpm,1249.8331909179688
3.833205607,1758897560.552205607,/studio/rotor_avg_rpm.mean_rpm,1250.9851379394531
3.834260368,1758897560.553260368,/studio/rotor_avg_rpm.mean_rpm,1252.8439025878906
3.8364074180000003,1758897560.555407418,/studio/rotor_avg_rpm.mean_rpm,1248.733642578125
3.836409053,1758897560.555409053,/studio/rotor_avg_rpm.mean_rpm,1245.7491455078125
3.837489419,1758897560.556489419,/studio/rotor_avg_rpm.mean_rpm,1242.3981018066406
3.839043182,1758897560.558043182,/studio/rotor_avg_rpm.mean_rpm,1253.9434814453125
3.840670231,1758897560.559670231,/studio/rotor_avg_rpm.mean_rpm,1245.7491455078125
3.840672869,1758897560.559672869,/studio/rotor_avg_rpm.mean_rpm,1248.3671264648438
3.841507852,1758897560.560507852,/studio/rotor_avg_rpm.mean_rpm,1258.0798950195312
3.8430935440000003,1758897560.562093544,/studio/rotor_avg_rpm.mean_rpm,1248.7336730957031
3.843102609,1758897560.562102609,/studio/rotor_avg_rpm.mean_rpm,1258.8391418457031
3.844130589,1758897560.563130589,/studio/rotor_avg_rpm.mean_rpm,1250.5923767089844
3.8450773060000003,1758897560.564077306,/studio/rotor_avg_rpm.mean_rpm,1258.0798950195312
3.846370255,1758897560.565370255,/studio/rotor_avg_rpm.mean_rpm,1242.7645874023438
3.847301745,1758897560.566301745,/studio/rotor_avg_rpm.mean_rpm,1247.9744262695312
3.848196355,1758897560.567196355,/studio/rotor_avg_rpm.mean_rpm,1250.2259216308594
3.84963832,1758897560.568638320,/studio/rotor_avg_rpm.mean_rpm,1246.1156311035156
3.850688663,1758897560.569688663,/studio/rotor_avg_rpm.mean_rpm,1250.985107421875
3.851638505,1758897560.570638505,/studio/rotor_avg_rpm.mean_rpm,1250.2520751953125
3.853016307,1758897560.572016307,/studio/rotor_avg_rpm.mean_rpm,1251.744384765625
3.853972029,1758897560.572972029,/studio/rotor_avg_rpm.mean_rpm,1233.365966796875
3.8549760280000003,1758897560.573976028,/studio/rotor_avg_rpm.mean_rpm,1241.6388854980469
3.8562956,1758897560.575295600,/studio/rotor_avg_rpm.mean_rpm,1245.7491455078125
3.856306165,1758897560.575306165,/studio/rotor_avg_rpm.mean_rpm,1241.6388549804688
3.857277723,1758897560.576277723,/studio/rotor_avg_rpm.mean_rpm,1243.8903503417969
3.8583532480000002,1758897560.577353248,/studio/rotor_avg_rpm.mean_rpm,1249.4667053222656
3.859746148,1758897560.578746148,/studio/rotor_avg_rpm.mean_rpm,1246.8748779296875
3.861427415,1758897560.580427415,/studio/rotor_avg_rpm.mean_rpm,1243.4976501464844
3.8614315560000003,1758897560.580431556,/studio/rotor_avg_rpm.mean_rpm,1252.8439025878906
3.863230588,1758897560.582230588,/studio/rotor_avg_rpm.mean_rpm,1241.6388854980469
3.863280173,1758897560.582280173,/studio/rotor_avg_rpm.mean_rpm,1245.7752990722656
3.864630364,1758897560.583630364,/studio/rotor_avg_rpm.mean_rpm,1237.1620788574219
3.865620323,1758897560.584620323,/studio/rotor_avg_rpm.mean_rpm,1247.2675476074219
3.86676035,1758897560.585760350,/studio/rotor_avg_rpm.mean_rpm,1242.00537109375
3.8681120140000003,1758897560.587112014,/studio/rotor_avg_rpm.mean_rpm,1241.9791870117188
3.8689589,1758897560.587958900,/studio/rotor_avg_rpm.mean_rpm,1246.9010314941406
3.870117421,1758897560.589117421,/studio/rotor_avg_rpm.mean_rpm,1253.2103881835938
3.87129667,1758897560.590296670,/studio/rotor_avg_rpm.mean_rpm,1244.5971984863281
3.871299928,1758897560.590299928,/studio/rotor_avg_rpm.mean_rpm,1250.985107421875
3.872305019,1758897560.591305019,/studio/rotor_avg_rpm.mean_rpm,1239.3612060546875
3.873383682,1758897560.592383682,/studio/rotor_avg_rpm.mean_rpm,1249.8855590820312
3.8747090870000003,1758897560.593709087,/studio/rotor_avg_rpm.mean_rpm,1240.5392761230469
3.875662191,1758897560.594662191,/studio/rotor_avg_rpm.mean_rpm,1257.3206787109375
3.876726645,1758897560.595726645,/studio/rotor_avg_rpm.mean_rpm,1246.8748168945312
3.87802799,1758897560.597027990,/studio/rotor_avg_rpm.mean_rpm,1250.985107421875
3.878954066,1758897560.597954066,/studio/rotor_avg_rpm.mean_rpm,1234.1513671875
3.880041714,1758897560.599041714,/studio/rotor_avg_rpm.mean_rpm,1246.5083618164062
3.881398414,1758897560.600398414,/studio/rotor_avg_rpm.mean_rpm,1242.00537109375
3.881402604,1758897560.600402604,/studio/rotor_avg_rpm.mean_rpm,1253.6031188964844
3.882292235,1758897560.601292235,/studio/rotor_avg_rpm.mean_rpm,1242.0315551757812
3.883398206,1758897560.602398206,/studio/rotor_avg_rpm.mean_rpm,1249.4667053222656
3.884824318,1758897560.603824318,/studio/rotor_avg_rpm.mean_rpm,1240.1466064453125
3.88577075,1758897560.604770750,/studio/rotor_avg_rpm.mean_rpm,1250.2259216308594
3.8871347480000003,1758897560.606134748,/studio/rotor_avg_rpm.mean_rpm,1234.1513977050781
3.887975468,1758897560.606975468,/studio/rotor_avg_rpm.mean_rpm,1250.5662536621094
3.889425411,1758897560.608425411,/studio/rotor_avg_rpm.mean_rpm,1244.2830505371094
3.889428403,1758897560.608428403,/studio/rotor_avg_rpm.mean_rpm,1248.7074279785156
3.89045635,1758897560.609456350,/studio/rotor_avg_rpm.mean_rpm,1242.7384033203125
3.891433686,1758897560.610433686,/studio/rotor_avg_rpm.mean_rpm,1251.325439453125
3.892236647,1758897560.611236647,/studio/rotor_avg_rpm.mean_rpm,1239.4135437011719
3.894019038,1758897560.613019038,/studio/rotor_avg_rpm.mean_rpm,1246.8486938476562
3.8953515850000002,1758897560.614351585,/studio/rotor_avg_rpm.mean_rpm,1244.2568664550781
3.895354428,1758897560.614354428,/studio/rotor_avg_rpm.mean_rpm,1245.7752990722656
3.896426812,1758897560.615426812,/studio/rotor_avg_rpm.mean_rpm,1236.7693786621094
3.897419696,1758897560.616419696,/studio/rotor_avg_rpm.mean_rpm,1240.879638671875
3.898450785,1758897560.617450785,/studio/rotor_avg_rpm.mean_rpm,1236.7432250976562
3.900207954,1758897560.619207954,/studio/rotor_avg_rpm.mean_rpm,1235.3033142089844
3.901502136,1758897560.620502136,/studio/rotor_avg_rpm.mean_rpm,1232.9994812011719
3.90150957,1758897560.620509570,/studio/rotor_avg_rpm.mean_rpm,1240.5131530761719
3.902442621,1758897560.621442621,/studio/rotor_avg_rpm.mean_rpm,1246.8748474121094
3.921094897,1758897560.640094897,/studio/rotor_avg_rpm.mean_rpm,1241.6388549804688
3.921099723,1758897560.640099723,/studio/rotor_avg_rpm.mean_rpm,1252.0846557617188
3.921102699,1758897560.640102699,/studio/rotor_avg_rpm.mean_rpm,1246.1156005859375
3.921106055,1758897560.640106055,/studio/rotor_avg_rpm.mean_rpm,1253.6031188964844
3.921112664,1758897560.640112664,/studio/rotor_avg_rpm.mean_rpm,1243.8641662597656
3.9211229320000003,1758897560.640122932,/studio/rotor_avg_rpm.mean_rpm,1249.1263427734375
3.921132506,1758897560.640132506,/studio/rotor_avg_rpm.mean_rpm,1236.7693481445312
3.921135549,1758897560.640135549,/studio/rotor_avg_rpm.mean_rpm,1239.0208740234375
3.9211568740000002,1758897560.640156874,/studio/rotor_avg_rpm.mean_rpm,1233.4183349609375
3.9211595470000002,1758897560.640159547,/studio/rotor_avg_rpm.mean_rpm,1244.6495666503906
3.921161369,1758897560.640161369,/studio/rotor_avg_rpm.mean_rpm,1236.7955627441406
3.921176039,1758897560.640176039,/studio/rotor_avg_rpm.mean_rpm,1240.879638671875
3.921179246,1758897560.640179246,/studio/rotor_avg_rpm.mean_rpm,1235.6698303222656
3.921182289,1758897560.640182289,/studio/rotor_avg_rpm.mean_rpm,1246.8486938476562
3.921185898,1758897560.640185898,/studio/rotor_avg_rpm.mean_rpm,1236.7431640625
3.921187645,1758897560.640187645,/studio/rotor_avg_rpm.mean_rpm,1238.6543579101562
3.9211892760000002,1758897560.640189276,/studio/rotor_avg_rpm.mean_rpm,1234.8844299316406
3.924723014,1758897560.643723014,/studio/rotor_avg_rpm.mean_rpm,1234.5440979003906
3.924725987,1758897560.643725987,/studio/rotor_avg_rpm.mean_rpm,1242.7122192382812
3.92472798,1758897560.643727980,/studio/rotor_avg_rpm.mean_rpm,1230.0411071777344
3.92473004,1758897560.643730040,/studio/rotor_avg_rpm.mean_rpm,1244.230712890625
3.924734411,1758897560.643734411,/studio/rotor_avg_rpm.mean_rpm,1239.8062744140625
3.926127557,1758897560.645127557,/studio/rotor_avg_rpm.mean_rpm,1250.2258911132812
3.927375214,1758897560.646375214,/studio/rotor_avg_rpm.mean_rpm,1244.6233825683594
3.928789982,1758897560.647789982,/studio/rotor_avg_rpm.mean_rpm,1250.9850769042969
3.928797259,1758897560.647797259,/studio/rotor_avg_rpm.mean_rpm,1234.1513977050781
3.9303512510000003,1758897560.649351251,/studio/rotor_avg_rpm.mean_rpm,1247.9482421875
3.9313813150000003,1758897560.650381315,/studio/rotor_avg_rpm.mean_rpm,1242.0054016113281
3.932140903,1758897560.651140903,/studio/rotor_avg_rpm.mean_rpm,1243.9165344238281
3.933789925,1758897560.652789925,/studio/rotor_avg_rpm.mean_rpm,1248.733642578125
3.933792251,1758897560.652792251,/studio/rotor_avg_rpm.mean_rpm,1234.9105834960938
3.934681789,1758897560.653681789,/studio/rotor_avg_rpm.mean_rpm,1247.60791015625
3.935466666,1758897560.654466666,/studio/rotor_avg_rpm.mean_rpm,1242.7384338378906
3.937097541,1758897560.656097541,/studio/rotor_avg_rpm.mean_rpm,1254.3623657226562
3.93911112,1758897560.658111120,/studio/rotor_avg_rpm.mean_rpm,1243.5238037109375
3.939123466,1758897560.658123466,/studio/rotor_avg_rpm.mean_rpm,1239.0208740234375
3.940580433,1758897560.659580433,/studio/rotor_avg_rpm.mean_rpm,1243.4976501464844
3.941623279,1758897560.660623279,/studio/rotor_avg_rpm.mean_rpm,1247.267578125
3.94162638,1758897560.660626380,/studio/rotor_avg_rpm.mean_rpm,1239.0209045410156
3.942909391,1758897560.661909391,/studio/rotor_avg_rpm.mean_rpm,1233.4183654785156
3.943918832,1758897560.662918832,/studio/rotor_avg_rpm.mean_rpm,1244.9898986816406
3.944880809,1758897560.663880809,/studio/rotor_avg_rpm.mean_rpm,1230.433837890625
3.946184472,1758897560.665184472,/studio/rotor_avg_rpm.mean_rpm,1238.2616271972656
3.947167962,1758897560.666167962,/studio/rotor_avg_rpm.mean_rpm,1239.3611755371094
3.94818692,1758897560.667186920,/studio/rotor_avg_rpm.mean_rpm,1245.3825988769531
3.94949614,1758897560.668496140,/studio/rotor_avg_rpm.mean_rpm,1245.3302612304688
3.949501352,1758897560.668501352,/studio/rotor_avg_rpm.mean_rpm,1234.5440979003906
3.950748877,1758897560.669748877,/studio/rotor_avg_rpm.mean_rpm,1245.3564147949219
3.951693471,1758897560.670693471,/studio/rotor_avg_rpm.mean_rpm,1244.6495666503906
3.952777447,1758897560.671777447,/studio/rotor_avg_rpm.mean_rpm,1235.2509155273438
3.953788404,1758897560.672788404,/studio/rotor_avg_rpm.mean_rpm,1244.2306823730469
3.9546713970000003,1758897560.673671397,/studio/rotor_avg_rpm.mean_rpm,1234.9106140136719
3.956072423,1758897560.675072423,/studio/rotor_avg_rpm.mean_rpm,1226.2712097167969
3.957131856,1758897560.676131856,/studio/rotor_avg_rpm.mean_rpm,1242.3719177246094
3.958095533,1758897560.677095533,/studio/rotor_avg_rpm.mean_rpm,1244.6233825683594
3.959654812,1758897560.678654812,/studio/rotor_avg_rpm.mean_rpm,1232.2926025390625
3.960409922,1758897560.679409922,/studio/rotor_avg_rpm.mean_rpm,1248.3671264648438
3.961555199,1758897560.680555199,/studio/rotor_avg_rpm.mean_rpm,1242.7384338378906
3.962781055,1758897560.681781055,/studio/rotor_avg_rpm.mean_rpm,1233.0518493652344
3.962787464,1758897560.681787464,/studio/rotor_avg_rpm.mean_rpm,1246.8486938476562
3.964127766,1758897560.683127766,/studio/rotor_avg_rpm.mean_rpm,1241.6388549804688
3.965479427,1758897560.684479427,/studio/rotor_avg_rpm.mean_rpm,1233.7586669921875
3.966564184,1758897560.685564184,/studio/rotor_avg_rpm.mean_rpm,1255.4618835449219
3.966574995,1758897560.685574995,/studio/rotor_avg_rpm.mean_rpm,1244.2568359375
3.967994601,1758897560.686994601,/studio/rotor_avg_rpm.mean_rpm,1234.9106140136719
3.968814394,1758897560.687814394,/studio/rotor_avg_rpm.mean_rpm,1252.5035705566406
3.96989082,1758897560.688890820,/studio/rotor_avg_rpm.mean_rpm,1233.0518188476562
3.971237195,1758897560.690237195,/studio/rotor_avg_rpm.mean_rpm,1236.0101623535156
3.9724652750000002,1758897560.691465275,/studio/rotor_avg_rpm.mean_rpm,1249.1263732910156
3.97348764,1758897560.692487640,/studio/rotor_avg_rpm.mean_rpm,1231.89990234375
3.974556518,1758897560.693556518,/studio/rotor_avg_rpm.mean_rpm,1234.8843994140625
3.974566314,1758897560.693566314,/studio/rotor_avg_rpm.mean_rpm,1255.4618835449219
3.975438831,1758897560.694438831,/studio/rotor_avg_rpm.mean_rpm,1234.9106140136719
3.9769868170000002,1758897560.695986817,/studio/rotor_avg_rpm.mean_rpm,1236.7693786621094
3.9778943940000002,1758897560.696894394,/studio/rotor_avg_rpm.mean_rpm,1250.985107421875
3.979330528,1758897560.698330528,/studio/rotor_avg_rpm.mean_rpm,1232.2926025390625
3.980346619,1758897560.699346619,/studio/rotor_avg_rpm.mean_rpm,1238.2616577148438
3.9813115750000003,1758897560.700311575,/studio/rotor_avg_rpm.mean_rpm,1245.01611328125
3.9826909500000003,1758897560.701690950,/studio/rotor_avg_rpm.mean_rpm,1239.7800903320312
3.982693049,1758897560.701693049,/studio/rotor_avg_rpm.mean_rpm,1239.0209045410156
3.983699256,1758897560.702699256,/studio/rotor_avg_rpm.mean_rpm,1235.6436157226562
3.984654758,1758897560.703654758,/studio/rotor_avg_rpm.mean_rpm,1245.3825988769531
3.985935152,1758897560.704935152,/studio/rotor_avg_rpm.mean_rpm,1236.7693786621094
3.987042261,1758897560.706042261,/studio/rotor_avg_rpm.mean_rpm,1242.3980712890625
3.987944843,1758897560.706944843,/studio/rotor_avg_rpm.mean_rpm,1247.6079406738281
3.9887220660000002,1758897560.707722066,/studio/rotor_avg_rpm.mean_rpm,1232.6591186523438
3.990395119,1758897560.709395119,/studio/rotor_avg_rpm.mean_rpm,1240.879638671875
3.991512,1758897560.710512000,/studio/rotor_avg_rpm.mean_rpm,1242.3718872070312
3.993065836,1758897560.712065836,/studio/rotor_avg_rpm.mean_rpm,1240.1465759277344
3.993071239,1758897560.712071239,/studio/rotor_avg_rpm.mean_rpm,1247.6340942382812
3.993998765,1758897560.712998765,/studio/rotor_avg_rpm.mean_rpm,1244.230712890625
3.995970577,1758897560.714970577,/studio/rotor_avg_rpm.mean_rpm,1240.1203918457031
3.995973845,1758897560.714973845,/studio/rotor_avg_rpm.mean_rpm,1242.3980712890625
3.997923194,1758897560.716923194,/studio/rotor_avg_rpm.mean_rpm,1244.2306823730469
3.997926463,1758897560.716926463,/studio/rotor_avg_rpm.mean_rpm,1240.1466064453125
3.998833392,1758897560.717833392,/studio/rotor_avg_rpm.mean_rpm,1246.1156311035156
4.001566276,1758897560.720566276,/studio/rotor_avg_rpm.mean_rpm,1237.1358642578125
4.004945335,1758897560.723945335,/studio/rotor_avg_rpm.mean_rpm,1244.2568664550781
4.004950191,1758897560.723950191,/studio/rotor_avg_rpm.mean_rpm,1244.2568969726562
4.004953329,1758897560.723953329,/studio/rotor_avg_rpm.mean_rpm,1244.2568664550781
4.004958115,1758897560.723958115,/studio/rotor_avg_rpm.mean_rpm,1248.7336730957031
4.016410638,1758897560.735410638,/studio/rotor_avg_rpm.mean_rpm,1243.9165344238281
4.016432482,1758897560.735432482,/studio/rotor_avg_rpm.mean_rpm,1243.4976501464844
4.016440408,1758897560.735440408,/studio/rotor_avg_rpm.mean_rpm,1247.6078796386719
4.016447207,1758897560.735447207,/studio/rotor_avg_rpm.mean_rpm,1237.5024108886719
4.016449697,1758897560.735449697,/studio/rotor_avg_rpm.mean_rpm,1245.01611328125
4.016453059,1758897560.735453059,/studio/rotor_avg_rpm.mean_rpm,1243.1049499511719
4.016456008,1758897560.735456008,/studio/rotor_avg_rpm.mean_rpm,1234.8843994140625
4.016458613,1758897560.735458613,/studio/rotor_avg_rpm.mean_rpm,1247.9743957519531
4.016461091,1758897560.735461091,/studio/rotor_avg_rpm.mean_rpm,1247.6340942382812
4.016463094,1758897560.735463094,/studio/rotor_avg_rpm.mean_rpm,1234.1513977050781
4.016465067,1758897560.735465067,/studio/rotor_avg_rpm.mean_rpm,1246.1156311035156
4.016482236,1758897560.735482236,/studio/rotor_avg_rpm.mean_rpm,1241.6388854980469
4.01717105,1758897560.736171050,/studio/rotor_avg_rpm.mean_rpm,1240.1466064453125
4.018525687,1758897560.737525687,/studio/rotor_avg_rpm.mean_rpm,1247.2675476074219
4.019305663,1758897560.738305663,/studio/rotor_avg_rpm.mean_rpm,1238.2616577148438
4.021005866,1758897560.740005866,/studio/rotor_avg_rpm.mean_rpm,1236.4028930664062
4.021010359,1758897560.740010359,/studio/rotor_avg_rpm.mean_rpm,1236.7693786621094
4.023902178,1758897560.742902178,/studio/rotor_avg_rpm.mean_rpm,1236.7694091796875
4.023908475,1758897560.742908475,/studio/rotor_avg_rpm.mean_rpm,1245.3564453125
4.023911027,1758897560.742911027,/studio/rotor_avg_rpm.mean_rpm,1237.1620788574219
4.024811952,1758897560.743811952,/studio/rotor_avg_rpm.mean_rpm,1250.9851379394531
4.026153882,1758897560.745153882,/studio/rotor_avg_rpm.mean_rpm,1235.2771301269531
4.027387453,1758897560.746387453,/studio/rotor_avg_rpm.mean_rpm,1252.5035705566406
4.028356887,1758897560.747356887,/studio/rotor_avg_rpm.mean_rpm,1245.3826293945312
4.029737838,1758897560.748737838,/studio/rotor_avg_rpm.mean_rpm,1248.3671264648438
4.031247851,1758897560.750247851,/studio/rotor_avg_rpm.mean_rpm,1235.9839782714844
4.031251282,1758897560.750251282,/studio/rotor_avg_rpm.mean_rpm,1248.3671264648438
4.03517311,1758897560.754173110,/studio/rotor_avg_rpm.mean_rpm,1236.7693786621094
4.035176274,1758897560.754176274,/studio/rotor_avg_rpm.mean_rpm,1252.8439025878906
4.035189231,1758897560.754189231,/studio/rotor_avg_rpm.mean_rpm,1255.4618835449219
4.035211954,1758897560.754211954,/studio/rotor_avg_rpm.mean_rpm,1240.1204223632812
4.036326175,1758897560.755326175,/studio/rotor_avg_rpm.mean_rpm,1237.5286254882812
4.037793892,1758897560.756793892,/studio/rotor_avg_rpm.mean_rpm,1256.9803771972656
4.037797971,1758897560.756797971,/studio/rotor_avg_rpm.mean_rpm,1240.879638671875
4.040133671,1758897560.759133671,/studio/rotor_avg_rpm.mean_rpm,1243.1573181152344
4.04119377,1758897560.760193770,/studio/rotor_avg_rpm.mean_rpm,1232.2926025390625
4.041195222,1758897560.760195222,/studio/rotor_avg_rpm.mean_rpm,1233.7848815917969
4.042860019,1758897560.761860019,/studio/rotor_avg_rpm.mean_rpm,1244.2568969726562
4.042862181,1758897560.761862181,/studio/rotor_avg_rpm.mean_rpm,1251.3516540527344
4.044481579,1758897560.763481579,/studio/rotor_avg_rpm.mean_rpm,1250.9851379394531
4.046528693,1758897560.765528693,/studio/rotor_avg_rpm.mean_rpm,1233.4183349609375
4.04653136,1758897560.765531360,/studio/rotor_avg_rpm.mean_rpm,1257.3207092285156
4.04784131,1758897560.766841310,/studio/rotor_avg_rpm.mean_rpm,1234.9105834960938
4.047844349,1758897560.766844349,/studio/rotor_avg_rpm.mean_rpm,1247.6341247558594
4.04861501,1758897560.767615010,/studio/rotor_avg_rpm.mean_rpm,1234.9106140136719
4.050215914,1758897560.769215914,/studio/rotor_avg_rpm.mean_rpm,1245.01611328125
4.051169938,1758897560.770169938,/studio/rotor_avg_rpm.mean_rpm,1237.5286254882812
4.053379617,1758897560.772379617,/studio/rotor_avg_rpm.mean_rpm,1252.1108703613281
4.053382703,1758897560.772382703,/studio/rotor_avg_rpm.mean_rpm,1250.2521057128906
4.054592266,1758897560.773592266,/studio/rotor_avg_rpm.mean_rpm,1236.7431945800781
4.055577745,1758897560.774577745,/studio/rotor_avg_rpm.mean_rpm,1243.890380859375
4.056676355,1758897560.775676355,/studio/rotor_avg_rpm.mean_rpm,1230.4076232910156
4.057943185,1758897560.776943185,/studio/rotor_avg_rpm.mean_rpm,1251.7443237304688
4.057951052,1758897560.776951052,/studio/rotor_avg_rpm.mean_rpm,1246.482177734375
4.059611873,1758897560.778611873,/studio/rotor_avg_rpm.mean_rpm,1248.733642578125
4.062122655,1758897560.781122655,/studio/rotor_avg_rpm.mean_rpm,1240.1465759277344
4.06212783,1758897560.781127830,/studio/rotor_avg_rpm.mean_rpm,1238.2616577148438
4.063895333,1758897560.782895333,/studio/rotor_avg_rpm.mean_rpm,1242.3718872070312
4.06389886,1758897560.782898860,/studio/rotor_avg_rpm.mean_rpm,1236.4290771484375
4.066233757,1758897560.785233757,/studio/rotor_avg_rpm.mean_rpm,1246.8748779296875
4.066236541,1758897560.785236541,/studio/rotor_avg_rpm.mean_rpm,1242.7645874023438
4.066239168,1758897560.785239168,/studio/rotor_avg_rpm.mean_rpm,1246.1156616210938
4.06735095,1758897560.786350950,/studio/rotor_avg_rpm.mean_rpm,1240.1466064453125
4.067995002,1758897560.786995002,/studio/rotor_avg_rpm.mean_rpm,1245.3564147949219
4.069216132,1758897560.788216132,/studio/rotor_avg_rpm.mean_rpm,1228.9154052734375
4.070266305,1758897560.789266305,/studio/rotor_avg_rpm.mean_rpm,1238.2354736328125
4.071175413,1758897560.790175413,/studio/rotor_avg_rpm.mean_rpm,1242.7645874023438
4.072988464,1758897560.791988464,/studio/rotor_avg_rpm.mean_rpm,1245.0160827636719
4.072991918,1758897560.791991918,/studio/rotor_avg_rpm.mean_rpm,1243.5238342285156
4.074508142,1758897560.793508142,/studio/rotor_avg_rpm.mean_rpm,1240.8796691894531
4.076406908,1758897560.795406908,/studio/rotor_avg_rpm.mean_rpm,1245.7491455078125
4.076409585,1758897560.795409585,/studio/rotor_avg_rpm.mean_rpm,1236.3766784667969
4.077848445,1758897560.796848445,/studio/rotor_avg_rpm.mean_rpm,1256.9803466796875
4.079656683,1758897560.798656683,/studio/rotor_avg_rpm.mean_rpm,1240.1204223632812
4.079661536,1758897560.798661536,/studio/rotor_avg_rpm.mean_rpm,1249.1263732910156
4.08113759,1758897560.800137590,/studio/rotor_avg_rpm.mean_rpm,1242.3980712890625
4.081141067,1758897560.800141067,/studio/rotor_avg_rpm.mean_rpm,1239.3873901367188
4.083898615,1758897560.802898615,/studio/rotor_avg_rpm.mean_rpm,1239.41357421875
4.083901316,1758897560.802901316,/studio/rotor_avg_rpm.mean_rpm,1248.7860107421875
4.085077918,1758897560.804077918,/studio/rotor_avg_rpm.mean_rpm,1237.5286254882812
4.085080355,1758897560.804080355,/studio/rotor_avg_rpm.mean_rpm,1252.8439025878906
4.086161719,1758897560.805161719,/studio/rotor_avg_rpm.mean_rpm,1228.9153747558594
4.087485482,1758897560.806485482,/studio/rotor_avg_rpm.mean_rpm,1242.3719177246094
4.088180732,1758897560.807180732,/studio/rotor_avg_rpm.mean_rpm,1238.2616577148438
4.089671,1758897560.808671000,/studio/rotor_avg_rpm.mean_rpm,1235.6698303222656
4.091218159,1758897560.810218159,/studio/rotor_avg_rpm.mean_rpm,1239.7800903320312
4.091221482,1758897560.810221482,/studio/rotor_avg_rpm.mean_rpm,1246.9010620117188
4.093879956,1758897560.812879956,/studio/rotor_avg_rpm.mean_rpm,1237.5285949707031
4.093886654,1758897560.812886654,/studio/rotor_avg_rpm.mean_rpm,1246.1156005859375
4.095364722,1758897560.814364722,/studio/rotor_avg_rpm.mean_rpm,1246.1156311035156
4.095366313,1758897560.814366313,/studio/rotor_avg_rpm.mean_rpm,1242.7646179199219
4.096409539,1758897560.815409539,/studio/rotor_avg_rpm.mean_rpm,1231.89990234375
4.097795114,1758897560.816795114,/studio/rotor_avg_rpm.mean_rpm,1242.7384338378906
4.099983042,1758897560.818983042,/studio/rotor_avg_rpm.mean_rpm,1236.0625305175781
4.099987377,1758897560.818987377,/studio/rotor_avg_rpm.mean_rpm,1231.1668701171875
4.101286577,1758897560.820286577,/studio/rotor_avg_rpm.mean_rpm,1244.9898986816406
4.101290567,1758897560.820290567,/studio/rotor_avg_rpm.mean_rpm,1239.7800903320312
4.103320877,1758897560.822320877,/studio/rotor_avg_rpm.mean_rpm,1239.3612060546875
4.103329735,1758897560.822329735,/studio/rotor_avg_rpm.mean_rpm,1244.9898681640625
4.104452892,1758897560.823452892,/studio/rotor_avg_rpm.mean_rpm,1233.025634765625
4.105196827,1758897560.824196827,/studio/rotor_avg_rpm.mean_rpm,1229.6484375
4.106664763,1758897560.825664763,/studio/rotor_avg_rpm.mean_rpm,1239.0208740234375
4.108512617,1758897560.827512617,/studio/rotor_avg_rpm.mean_rpm,1246.5083618164062
4.10851665,1758897560.827516650,/studio/rotor_avg_rpm.mean_rpm,1243.9165344238281
4.109973433,1758897560.828973433,/studio/rotor_avg_rpm.mean_rpm,1242.3980712890625
4.111137894,1758897560.830137894,/studio/rotor_avg_rpm.mean_rpm,1238.2616577148438
4.113242492,1758897560.832242492,/studio/rotor_avg_rpm.mean_rpm,1247.2675476074219
4.11325029,1758897560.832250290,/studio/rotor_avg_rpm.mean_rpm,1231.1668395996094
4.114535271,1758897560.833535271,/studio/rotor_avg_rpm.mean_rpm,1236.4028625488281
4.11454183,1758897560.833541830,/studio/rotor_avg_rpm.mean_rpm,1237.5286254882812
4.115415814,1758897560.834415814,/studio/rotor_avg_rpm.mean_rpm,1234.5440979003906
4.116543724,1758897560.835543724,/studio/rotor_avg_rpm.mean_rpm,1236.0363464355469
4.117688753,1758897560.836688753,/studio/rotor_avg_rpm.mean_rpm,1224.4386291503906
4.119145126,1758897560.838145126,/studio/rotor_avg_rpm.mean_rpm,1241.2200012207031
4.120211252,1758897560.839211252,/studio/rotor_avg_rpm.mean_rpm,1241.2200012207031
4.120216053,1758897560.839216053,/studio/rotor_avg_rpm.mean_rpm,1242.0054016113281
4.121251482,1758897560.840251482,/studio/rotor_avg_rpm.mean_rpm,1250.644775390625
4.122131557,1758897560.841131557,/studio/rotor_avg_rpm.mean_rpm,1241.6388854980469
4.123530391,1758897560.842530391,/studio/rotor_avg_rpm.mean_rpm,1245.0160827636719
4.124594742,1758897560.843594742,/studio/rotor_avg_rpm.mean_rpm,1242.7384338378906
4.125848407,1758897560.844848407,/studio/rotor_avg_rpm.mean_rpm,1240.9058227539062
4.128268419,1758897560.847268419,/studio/rotor_avg_rpm.mean_rpm,1242.3719177246094
4.128271153,1758897560.847271153,/studio/rotor_avg_rpm.mean_rpm,1228.9415893554688
4.128279076,1758897560.847279076,/studio/rotor_avg_rpm.mean_rpm,1239.0208740234375
4.12937587,1758897560.848375870,/studio/rotor_avg_rpm.mean_rpm,1244.5971984863281
4.131378083,1758897560.850378083,/studio/rotor_avg_rpm.mean_rpm,1243.4976501464844
4.132984657,1758897560.851984657,/studio/rotor_avg_rpm.mean_rpm,1246.5083312988281
4.132986323,1758897560.851986323,/studio/rotor_avg_rpm.mean_rpm,1237.5286254882812
4.133956386,1758897560.852956386,/studio/rotor_avg_rpm.mean_rpm,1239.0470581054688
4.13518011,1758897560.854180110,/studio/rotor_avg_rpm.mean_rpm,1239.3612365722656
4.136320262,1758897560.855320262,/studio/rotor_avg_rpm.mean_rpm,1240.1204223632812
4.137260004,1758897560.856260004,/studio/rotor_avg_rpm.mean_rpm,1236.0101623535156
4.138176291,1758897560.857176291,/studio/rotor_avg_rpm.mean_rpm,1229.30810546875
4.138178331,1758897560.857178331,/studio/rotor_avg_rpm.mean_rpm,1243.8379821777344
4.139620806,1758897560.858620806,/studio/rotor_avg_rpm.mean_rpm,1250.5662231445312
4.140783407,1758897560.859783407,/studio/rotor_avg_rpm.mean_rpm,1248.733642578125
4.141715115,1758897560.860715115,/studio/rotor_avg_rpm.mean_rpm,1240.1204528808594
4.143901293,1758897560.862901293,/studio/rotor_avg_rpm.mean_rpm,1241.6388854980469
4.143902875,1758897560.862902875,/studio/rotor_avg_rpm.mean_rpm,1242.3981018066406
4.145226905,1758897560.864226905,/studio/rotor_avg_rpm.mean_rpm,1251.7443542480469
4.146312273,1758897560.865312273,/studio/rotor_avg_rpm.mean_rpm,1241.9792175292969
4.147330345,1758897560.866330345,/studio/rotor_avg_rpm.mean_rpm,1240.879638671875
4.148135459,1758897560.867135459,/studio/rotor_avg_rpm.mean_rpm,1239.0208740234375
4.149582654,1758897560.868582654,/studio/rotor_avg_rpm.mean_rpm,1246.5083312988281
4.149584854,1758897560.868584854,/studio/rotor_avg_rpm.mean_rpm,1244.2568664550781
4.150736198,1758897560.869736198,/studio/rotor_avg_rpm.mean_rpm,1240.1204223632812
4.151826676,1758897560.870826676,/studio/rotor_avg_rpm.mean_rpm,1232.2664489746094
4.15287504,1758897560.871875040,/studio/rotor_avg_rpm.mean_rpm,1240.539306640625
4.153866008,1758897560.872866008,/studio/rotor_avg_rpm.mean_rpm,1240.1204223632812
4.154919266,1758897560.873919266,/studio/rotor_avg_rpm.mean_rpm,1240.1204223632812
4.156270849,1758897560.875270849,/studio/rotor_avg_rpm.mean_rpm,1247.267578125
4.157846044,1758897560.876846044,/studio/rotor_avg_rpm.mean_rpm,1240.1466064453125
4.157850634,1758897560.876850634,/studio/rotor_avg_rpm.mean_rpm,1240.8796691894531
4.159633962,1758897560.878633962,/studio/rotor_avg_rpm.mean_rpm,1241.9792175292969
4.159645204,1758897560.878645204,/studio/rotor_avg_rpm.mean_rpm,1247.267578125
4.160563745,1758897560.879563745,/studio/rotor_avg_rpm.mean_rpm,1230.774169921875
4.161883994,1758897560.880883994,/studio/rotor_avg_rpm.mean_rpm,1233.3921813964844
4.163008158,1758897560.882008158,/studio/rotor_avg_rpm.mean_rpm,1250.2258911132812
4.164350474,1758897560.883350474,/studio/rotor_avg_rpm.mean_rpm,1244.2568664550781
4.16435199,1758897560.883351990,/studio/rotor_avg_rpm.mean_rpm,1248.7336120605469
4.165930147,1758897560.884930147,/studio/rotor_avg_rpm.mean_rpm,1248.3671264648438
4.166927446,1758897560.885927446,/studio/rotor_avg_rpm.mean_rpm,1252.8439025878906
4.1681112670000005,1758897560.887111267,/studio/rotor_avg_rpm.mean_rpm,1236.4028625488281
4.169004483,1758897560.888004483,/studio/rotor_avg_rpm.mean_rpm,1250.985107421875
4.170064555,1758897560.889064555,/studio/rotor_avg_rpm.mean_rpm,1248.0006103515625
4.171213031,1758897560.890213031,/studio/rotor_avg_rpm.mean_rpm,1243.4976501464844
4.172761907,1758897560.891761907,/studio/rotor_avg_rpm.mean_rpm,1252.8439025878906
4.172765126,1758897560.891765126,/studio/rotor_avg_rpm.mean_rpm,1237.1620788574219
4.173748155,1758897560.892748155,/studio/rotor_avg_rpm.mean_rpm,1239.3873901367188
4.174715665,1758897560.893715665,/studio/rotor_avg_rpm.mean_rpm,1250.985107421875
4.176073509,1758897560.895073509,/studio/rotor_avg_rpm.mean_rpm,1246.1156311035156
4.177832081,1758897560.896832081,/studio/rotor_avg_rpm.mean_rpm,1236.4028930664062
4.177834036,1758897560.896834036,/studio/rotor_avg_rpm.mean_rpm,1245.7491149902344
4.178765954,1758897560.897765954,/studio/rotor_avg_rpm.mean_rpm,1245.7753295898438
4.179858891,1758897560.898858891,/studio/rotor_avg_rpm.mean_rpm,1230.4076538085938
4.181133015,1758897560.900133015,/studio/rotor_avg_rpm.mean_rpm,1238.2354736328125
4.182516586,1758897560.901516586,/studio/rotor_avg_rpm.mean_rpm,1235.6436462402344
4.184419643,1758897560.903419643,/studio/rotor_avg_rpm.mean_rpm,1225.9308471679688
4.184427277,1758897560.903427277,/studio/rotor_avg_rpm.mean_rpm,1249.4666748046875
4.185487764,1758897560.904487764,/studio/rotor_avg_rpm.mean_rpm,1245.3564453125
4.186616537,1758897560.905616537,/studio/rotor_avg_rpm.mean_rpm,1238.2616577148438
4.187833384,1758897560.906833384,/studio/rotor_avg_rpm.mean_rpm,1246.0894775390625
4.187834707,1758897560.906834707,/studio/rotor_avg_rpm.mean_rpm,1235.2771301269531
4.188722292,1758897560.907722292,/studio/rotor_avg_rpm.mean_rpm,1238.2616271972656
4.190020921,1758897560.909020921,/studio/rotor_avg_rpm.mean_rpm,1248.3671569824219
4.191183854,1758897560.910183854,/studio/rotor_avg_rpm.mean_rpm,1230.433837890625
4.192210125,1758897560.911210125,/studio/rotor_avg_rpm.mean_rpm,1231.5072021484375
4.193257139,1758897560.912257139,/studio/rotor_avg_rpm.mean_rpm,1245.01611328125
4.194623698,1758897560.913623698,/studio/rotor_avg_rpm.mean_rpm,1231.5333862304688
4.195428561,1758897560.914428561,/studio/rotor_avg_rpm.mean_rpm,1244.2568969726562
4.196571433,1758897560.915571433,/studio/rotor_avg_rpm.mean_rpm,1250.5662536621094
4.197782272,1758897560.916782272,/studio/rotor_avg_rpm.mean_rpm,1231.89990234375
4.197795342,1758897560.916795342,/studio/rotor_avg_rpm.mean_rpm,1233.7848815917969
4.198720304,1758897560.917720304,/studio/rotor_avg_rpm.mean_rpm,1239.0470581054688
4.199964257,1758897560.918964257,/studio/rotor_avg_rpm.mean_rpm,1238.2616577148438
4.201296385,1758897560.920296385,/studio/rotor_avg_rpm.mean_rpm,1235.3033447265625
4.202155984,1758897560.921155984,/studio/rotor_avg_rpm.mean_rpm,1235.2509460449219
4.203241948,1758897560.922241948,/studio/rotor_avg_rpm.mean_rpm,1245.7753295898438
4.204451389,1758897560.923451389,/studio/rotor_avg_rpm.mean_rpm,1236.0101623535156
4.205301451,1758897560.924301451,/studio/rotor_avg_rpm.mean_rpm,1246.5083618164062
4.20674875,1758897560.925748750,/studio/rotor_avg_rpm.mean_rpm,1244.2568664550781
4.206757127,1758897560.925757127,/studio/rotor_avg_rpm.mean_rpm,1227.4231262207031
4.207758075,1758897560.926758075,/studio/rotor_avg_rpm.mean_rpm,1232.2926025390625
4.208661423,1758897560.927661423,/studio/rotor_avg_rpm.mean_rpm,1241.6388854980469
4.211157323,1758897560.930157323,/studio/rotor_avg_rpm.mean_rpm,1245.3564147949219
4.211165451,1758897560.930165451,/studio/rotor_avg_rpm.mean_rpm,1238.2878112792969
4.212664248,1758897560.931664248,/studio/rotor_avg_rpm.mean_rpm,1237.1620788574219
4.213678665,1758897560.932678665,/studio/rotor_avg_rpm.mean_rpm,1234.9105834960938
4.214636752,1758897560.933636752,/studio/rotor_avg_rpm.mean_rpm,1240.1727905273438
4.216452239,1758897560.935452239,/studio/rotor_avg_rpm.mean_rpm,1239.3873901367188
4.218102804,1758897560.937102804,/studio/rotor_avg_rpm.mean_rpm,1245.0160827636719
4.218108037,1758897560.937108037,/studio/rotor_avg_rpm.mean_rpm,1244.6233825683594
4.218111273,1758897560.937111273,/studio/rotor_avg_rpm.mean_rpm,1225.5643615722656
4.219221216,1758897560.938221216,/studio/rotor_avg_rpm.mean_rpm,1237.5285949707031
4.220308448,1758897560.939308448,/studio/rotor_avg_rpm.mean_rpm,1239.0208740234375
4.22140369,1758897560.940403690,/studio/rotor_avg_rpm.mean_rpm,1233.0518493652344
4.222308335,1758897560.941308335,/studio/rotor_avg_rpm.mean_rpm,1239.0209045410156
4.223731483,1758897560.942731483,/studio/rotor_avg_rpm.mean_rpm,1237.1620788574219
4.224680254,1758897560.943680254,/studio/rotor_avg_rpm.mean_rpm,1224.4385986328125
4.226183798,1758897560.945183798,/studio/rotor_avg_rpm.mean_rpm,1233.7848510742188
4.226185753,1758897560.945185753,/studio/rotor_avg_rpm.mean_rpm,1241.6650695800781
4.227123319,1758897560.946123319,/studio/rotor_avg_rpm.mean_rpm,1237.8951110839844
4.228112692,1758897560.947112692,/studio/rotor_avg_rpm.mean_rpm,1225.5381774902344
4.229550351,1758897560.948550351,/studio/rotor_avg_rpm.mean_rpm,1236.4028625488281
4.230531225,1758897560.949531225,/studio/rotor_avg_rpm.mean_rpm,1244.2830505371094
4.231492639,1758897560.950492639,/studio/rotor_avg_rpm.mean_rpm,1236.0101623535156
4.232902794,1758897560.951902794,/studio/rotor_avg_rpm.mean_rpm,1239.0208740234375
4.232904986,1758897560.951904986,/studio/rotor_avg_rpm.mean_rpm,1239.0208435058594
4.235388767,1758897560.954388767,/studio/rotor_avg_rpm.mean_rpm,1227.0566101074219
4.235395054,1758897560.954395054,/studio/rotor_avg_rpm.mean_rpm,1239.3612060546875
4.237734352,1758897560.956734352,/studio/rotor_avg_rpm.mean_rpm,1240.879638671875
4.237736143,1758897560.956736143,/studio/rotor_avg_rpm.mean_rpm,1253.6031188964844
4.239450734,1758897560.958450734,/studio/rotor_avg_rpm.mean_rpm,1227.4231262207031
4.239456027,1758897560.958456027,/studio/rotor_avg_rpm.mean_rpm,1233.7848510742188
4.241067427,1758897560.960067427,/studio/rotor_avg_rpm.mean_rpm,1234.8844299316406
4.241081917,1758897560.960081917,/studio/rotor_avg_rpm.mean_rpm,1234.1252136230469
4.243100772,1758897560.962100772,/studio/rotor_avg_rpm.mean_rpm,1234.5440979003906
4.24310685,1758897560.962106850,/studio/rotor_avg_rpm.mean_rpm,1233.0518493652344
4.244840525,1758897560.963840525,/studio/rotor_avg_rpm.mean_rpm,1242.3980712890625
4.246598426,1758897560.965598426,/studio/rotor_avg_rpm.mean_rpm,1252.5035705566406
4.246632202,1758897560.965632202,/studio/rotor_avg_rpm.mean_rpm,1237.5024108886719
4.247844947,1758897560.966844947,/studio/rotor_avg_rpm.mean_rpm,1228.1823425292969
4.248804723,1758897560.967804723,/studio/rotor_avg_rpm.mean_rpm,1225.5381774902344
4.249901487,1758897560.968901487,/studio/rotor_avg_rpm.mean_rpm,1253.6031188964844
4.251324168,1758897560.970324168,/studio/rotor_avg_rpm.mean_rpm,1233.0518493652344
4.251326109,1758897560.970326109,/studio/rotor_avg_rpm.mean_rpm,1232.2926025390625
4.252297887,1758897560.971297887,/studio/rotor_avg_rpm.mean_rpm,1226.2712097167969
4.253469169,1758897560.972469169,/studio/rotor_avg_rpm.mean_rpm,1230.7742004394531
4.254416808,1758897560.973416808,/studio/rotor_avg_rpm.mean_rpm,1236.036376953125
4.255216202,1758897560.974216202,/studio/rotor_avg_rpm.mean_rpm,1228.9154052734375
4.256802193,1758897560.975802193,/studio/rotor_avg_rpm.mean_rpm,1237.9213256835938
4.257713468,1758897560.976713468,/studio/rotor_avg_rpm.mean_rpm,1239.3612365722656
4.258544585,1758897560.977544585,/studio/rotor_avg_rpm.mean_rpm,1228.1823425292969
4.260107205,1758897560.979107205,/studio/rotor_avg_rpm.mean_rpm,1238.6543579101562
4.260118692,1758897560.979118692,/studio/rotor_avg_rpm.mean_rpm,1240.539306640625
4.2610412140000005,1758897560.980041214,/studio/rotor_avg_rpm.mean_rpm,1244.2568664550781
4.261981769,1758897560.980981769,/studio/rotor_avg_rpm.mean_rpm,1240.879638671875
4.263315637,1758897560.982315637,/studio/rotor_avg_rpm.mean_rpm,1227.0566101074219
4.264380164,1758897560.983380164,/studio/rotor_avg_rpm.mean_rpm,1236.4028625488281
4.266121078,1758897560.985121078,/studio/rotor_avg_rpm.mean_rpm,1243.4976501464844
4.267880564,1758897560.986880564,/studio/rotor_avg_rpm.mean_rpm,1249.4667053222656
4.267882329,1758897560.986882329,/studio/rotor_avg_rpm.mean_rpm,1228.9154052734375
4.268748991,1758897560.987748991,/studio/rotor_avg_rpm.mean_rpm,1221.0875854492188
4.26875044,1758897560.987750440,/studio/rotor_avg_rpm.mean_rpm,1243.4714660644531
4.270167997,1758897560.989167997,/studio/rotor_avg_rpm.mean_rpm,1234.8843994140625
4.271176693,1758897560.990176693,/studio/rotor_avg_rpm.mean_rpm,1227.7896423339844
4.272103645,1758897560.991103645,/studio/rotor_avg_rpm.mean_rpm,1229.6484375
4.273471402,1758897560.992471402,/studio/rotor_avg_rpm.mean_rpm,1253.6031188964844
4.274438416,1758897560.993438416,/studio/rotor_avg_rpm.mean_rpm,1225.5381469726562
4.275239706,1758897560.994239706,/studio/rotor_avg_rpm.mean_rpm,1236.4028625488281
4.27678757,1758897560.995787570,/studio/rotor_avg_rpm.mean_rpm,1252.5035705566406
4.277861186,1758897560.996861186,/studio/rotor_avg_rpm.mean_rpm,1233.7848815917969
4.280133016,1758897560.999133016,/studio/rotor_avg_rpm.mean_rpm,1227.0304260253906
4.280135096,1758897560.999135096,/studio/rotor_avg_rpm.mean_rpm,1237.8951721191406
4.280139374,1758897560.999139374,/studio/rotor_avg_rpm.mean_rpm,1237.5285949707031
4.2810927880000005,1758897561.000092788,/studio/rotor_avg_rpm.mean_rpm,1240.1204528808594
4.283471875,1758897561.002471875,/studio/rotor_avg_rpm.mean_rpm,1234.8844299316406
4.2834744,1758897561.002474400,/studio/rotor_avg_rpm.mean_rpm,1234.8843994140625
4.284506082,1758897561.003506082,/studio/rotor_avg_rpm.mean_rpm,1239.7800903320312
4.285838,1758897561.004838000,/studio/rotor_avg_rpm.mean_rpm,1246.1156311035156
4.28933541,1758897561.008335410,/studio/rotor_avg_rpm.mean_rpm,1228.9153747558594
4.289338522,1758897561.008338522,/studio/rotor_avg_rpm.mean_rpm,1234.1513977050781
4.289340388,1758897561.008340388,/studio/rotor_avg_rpm.mean_rpm,1220.6686706542969
4.293002706,1758897561.012002706,/studio/rotor_avg_rpm.mean_rpm,1243.1573181152344
4.293005427,1758897561.012005427,/studio/rotor_avg_rpm.mean_rpm,1236.0363464355469
4.293015047,1758897561.012015047,/studio/rotor_avg_rpm.mean_rpm,1238.287841796875
4.293018372,1758897561.012018372,/studio/rotor_avg_rpm.mean_rpm,1222.1871337890625
4.2943671,1758897561.013367100,/studio/rotor_avg_rpm.mean_rpm,1233.7848815917969
4.295322433,1758897561.014322433,/studio/rotor_avg_rpm.mean_rpm,1234.1775817871094
4.296391637,1758897561.015391637,/studio/rotor_avg_rpm.mean_rpm,1244.2568969726562
4.297621167,1758897561.016621167,/studio/rotor_avg_rpm.mean_rpm,1226.6900939941406
4.299175635,1758897561.018175635,/studio/rotor_avg_rpm.mean_rpm,1238.9946899414062
4.299180633,1758897561.018180633,/studio/rotor_avg_rpm.mean_rpm,1232.2926330566406
4.30098146,1758897561.019981460,/studio/rotor_avg_rpm.mean_rpm,1230.4076538085938
4.3009836,1758897561.019983600,/studio/rotor_avg_rpm.mean_rpm,1234.9106140136719
4.301909302,1758897561.020909302,/studio/rotor_avg_rpm.mean_rpm,1243.4976806640625
4.30313937,1758897561.022139370,/studio/rotor_avg_rpm.mean_rpm,1231.89990234375
4.304393266,1758897561.023393266,/studio/rotor_avg_rpm.mean_rpm,1237.5024108886719
4.305741273,1758897561.024741273,/studio/rotor_avg_rpm.mean_rpm,1225.1978454589844
4.306713141,1758897561.025713141,/studio/rotor_avg_rpm.mean_rpm,1231.1930541992188
4.30768807,1758897561.026688070,/studio/rotor_avg_rpm.mean_rpm,1237.50244140625
4.308453538,1758897561.027453538,/studio/rotor_avg_rpm.mean_rpm,1226.3235778808594
4.310147163,1758897561.029147163,/studio/rotor_avg_rpm.mean_rpm,1229.6746215820312
4.310149906,1758897561.029149906,/studio/rotor_avg_rpm.mean_rpm,1231.5333862304688
4.311172414,1758897561.030172414,/studio/rotor_avg_rpm.mean_rpm,1249.4667053222656
4.313636418,1758897561.032636418,/studio/rotor_avg_rpm.mean_rpm,1223.2866821289062
4.33192158,1758897561.050921580,/studio/rotor_avg_rpm.mean_rpm,1232.2664184570312
4.3319258529999995,1758897561.050925853,/studio/rotor_avg_rpm.mean_rpm,1229.6745910644531
4.331933629,1758897561.050933629,/studio/rotor_avg_rpm.mean_rpm,1243.1573486328125
4.331939557,1758897561.050939557,/studio/rotor_avg_rpm.mean_rpm,1225.9046630859375
4.331944787,1758897561.050944787,/studio/rotor_avg_rpm.mean_rpm,1245.0160827636719
4.331955432,1758897561.050955432,/studio/rotor_avg_rpm.mean_rpm,1224.8051452636719
4.331958585,1758897561.050958585,/studio/rotor_avg_rpm.mean_rpm,1237.1359252929688
4.331960195,1758897561.050960195,/studio/rotor_avg_rpm.mean_rpm,1234.5440673828125
4.331963751,1758897561.050963751,/studio/rotor_avg_rpm.mean_rpm,1243.4976806640625
4.331965876,1758897561.050965876,/studio/rotor_avg_rpm.mean_rpm,1228.1561584472656
4.33197072,1758897561.050970720,/studio/rotor_avg_rpm.mean_rpm,1222.9201965332031
4.331973563,1758897561.050973563,/studio/rotor_avg_rpm.mean_rpm,1244.9898986816406
4.33197738,1758897561.050977380,/studio/rotor_avg_rpm.mean_rpm,1226.6900634765625
4.331979663,1758897561.050979663,/studio/rotor_avg_rpm.mean_rpm,1232.2926025390625
4.331982989,1758897561.050982989,/studio/rotor_avg_rpm.mean_rpm,1232.2926330566406
4.331984962,1758897561.050984962,/studio/rotor_avg_rpm.mean_rpm,1234.1513977050781
4.331989611,1758897561.050989611,/studio/rotor_avg_rpm.mean_rpm,1225.1454162597656
4.334693624,1758897561.053693624,/studio/rotor_avg_rpm.mean_rpm,1237.5024108886719
4.334696402,1758897561.053696402,/studio/rotor_avg_rpm.mean_rpm,1232.6329345703125
4.334698125,1758897561.053698125,/studio/rotor_avg_rpm.mean_rpm,1238.2616577148438
4.334710691,1758897561.053710691,/studio/rotor_avg_rpm.mean_rpm,1219.1764221191406
4.33471261,1758897561.053712610,/studio/rotor_avg_rpm.mean_rpm,1227.4231262207031
4.336026275,1758897561.055026275,/studio/rotor_avg_rpm.mean_rpm,1228.9415588378906
4.33689317,1758897561.055893170,/studio/rotor_avg_rpm.mean_rpm,1242.3981018066406
4.337947961,1758897561.056947961,/studio/rotor_avg_rpm.mean_rpm,1226.6376953125
4.338948272,1758897561.057948272,/studio/rotor_avg_rpm.mean_rpm,1240.879638671875
4.3401004610000005,1758897561.059100461,/studio/rotor_avg_rpm.mean_rpm,1224.7789611816406
4.341117448,1758897561.060117448,/studio/rotor_avg_rpm.mean_rpm,1227.3969421386719
4.342524544,1758897561.061524544,/studio/rotor_avg_rpm.mean_rpm,1240.1204223632812
4.342526516,1758897561.061526516,/studio/rotor_avg_rpm.mean_rpm,1224.7789306640625
4.343546055,1758897561.062546055,/studio/rotor_avg_rpm.mean_rpm,1240.5131225585938
4.344486002,1758897561.063486002,/studio/rotor_avg_rpm.mean_rpm,1240.1204528808594
4.345286627,1758897561.064286627,/studio/rotor_avg_rpm.mean_rpm,1220.6948547363281
4.348843225,1758897561.067843225,/studio/rotor_avg_rpm.mean_rpm,1237.9212951660156
4.348846444,1758897561.067846444,/studio/rotor_avg_rpm.mean_rpm,1241.9792175292969
4.348851471,1758897561.067851471,/studio/rotor_avg_rpm.mean_rpm,1222.5536499023438
4.350238892,1758897561.069238892,/studio/rotor_avg_rpm.mean_rpm,1218.8099060058594
4.351375809,1758897561.070375809,/studio/rotor_avg_rpm.mean_rpm,1221.8206176757812
4.352827375,1758897561.071827375,/studio/rotor_avg_rpm.mean_rpm,1228.9415893554688
4.352830041,1758897561.071830041,/studio/rotor_avg_rpm.mean_rpm,1237.8689575195312
4.354388634,1758897561.073388634,/studio/rotor_avg_rpm.mean_rpm,1239.3874206542969
4.354400957,1758897561.073400957,/studio/rotor_avg_rpm.mean_rpm,1223.3128662109375
4.356326361,1758897561.075326361,/studio/rotor_avg_rpm.mean_rpm,1219.5429382324219
4.35634363,1758897561.075343630,/studio/rotor_avg_rpm.mean_rpm,1231.9522705078125
4.357529043,1758897561.076529043,/studio/rotor_avg_rpm.mean_rpm,1228.522705078125
4.358518545,1758897561.077518545,/studio/rotor_avg_rpm.mean_rpm,1225.5381469726562
4.359836843,1758897561.078836843,/studio/rotor_avg_rpm.mean_rpm,1230.7742004394531
4.360908617,1758897561.079908617,/studio/rotor_avg_rpm.mean_rpm,1228.9415588378906
4.361878026,1758897561.080878026,/studio/rotor_avg_rpm.mean_rpm,1232.2926330566406
4.362924369,1758897561.081924369,/studio/rotor_avg_rpm.mean_rpm,1230.8003540039062
4.364169685,1758897561.083169685,/studio/rotor_avg_rpm.mean_rpm,1242.3980712890625
4.365130843,1758897561.084130843,/studio/rotor_avg_rpm.mean_rpm,1226.6639099121094
4.366184915,1758897561.085184915,/studio/rotor_avg_rpm.mean_rpm,1232.2926330566406
4.367844253,1758897561.086844253,/studio/rotor_avg_rpm.mean_rpm,1234.4917297363281
4.367846328,1758897561.086846328,/studio/rotor_avg_rpm.mean_rpm,1222.2133178710938
4.369610839,1758897561.088610839,/studio/rotor_avg_rpm.mean_rpm,1224.8051147460938
4.369614764,1758897561.088614764,/studio/rotor_avg_rpm.mean_rpm,1238.628173828125
4.3711405580000005,1758897561.090140558,/studio/rotor_avg_rpm.mean_rpm,1221.4279174804688
4.373130078,1758897561.092130078,/studio/rotor_avg_rpm.mean_rpm,1228.1561889648438
4.373132299,1758897561.092132299,/studio/rotor_avg_rpm.mean_rpm,1228.2085266113281
4.374293872,1758897561.093293872,/studio/rotor_avg_rpm.mean_rpm,1233.3921508789062
4.374296063,1758897561.093296063,/studio/rotor_avg_rpm.mean_rpm,1228.5488891601562
4.376362424,1758897561.095362424,/studio/rotor_avg_rpm.mean_rpm,1220.6948547363281
4.376366684,1758897561.095366684,/studio/rotor_avg_rpm.mean_rpm,1229.674560546875
4.377379631,1758897561.096379631,/studio/rotor_avg_rpm.mean_rpm,1221.0875854492188
4.378890102,1758897561.097890102,/studio/rotor_avg_rpm.mean_rpm,1220.6686706542969
4.379955882,1758897561.098955882,/studio/rotor_avg_rpm.mean_rpm,1231.9260864257812
4.380834573,1758897561.099834573,/studio/rotor_avg_rpm.mean_rpm,1213.9403991699219
4.38219184,1758897561.101191840,/studio/rotor_avg_rpm.mean_rpm,1218.8099060058594
4.382198524,1758897561.101198524,/studio/rotor_avg_rpm.mean_rpm,1235.6698608398438
4.383283202,1758897561.102283202,/studio/rotor_avg_rpm.mean_rpm,1220.6686706542969
4.384199983,1758897561.103199983,/studio/rotor_avg_rpm.mean_rpm,1222.1609497070312
4.385655499,1758897561.104655499,/studio/rotor_avg_rpm.mean_rpm,1228.182373046875
4.387176307,1758897561.106176307,/studio/rotor_avg_rpm.mean_rpm,1216.9511413574219
4.387855167,1758897561.106855167,/studio/rotor_avg_rpm.mean_rpm,1233.3921813964844
4.388790529,1758897561.107790529,/studio/rotor_avg_rpm.mean_rpm,1231.5333862304688
4.389955709,1758897561.108955709,/studio/rotor_avg_rpm.mean_rpm,1223.6793823242188
4.390930814,1758897561.109930814,/studio/rotor_avg_rpm.mean_rpm,1223.2866821289062
4.39170558,1758897561.110705580,/studio/rotor_avg_rpm.mean_rpm,1221.4278564453125
4.393227316,1758897561.112227316,/studio/rotor_avg_rpm.mean_rpm,1244.6233825683594
4.394127245,1758897561.113127245,/studio/rotor_avg_rpm.mean_rpm,1238.628173828125
4.395356054,1758897561.114356054,/studio/rotor_avg_rpm.mean_rpm,1222.1871337890625
4.395360701,1758897561.114360701,/studio/rotor_avg_rpm.mean_rpm,1231.1406860351562
4.396482334,1758897561.115482334,/studio/rotor_avg_rpm.mean_rpm,1242.00537109375
4.39738684,1758897561.116386840,/studio/rotor_avg_rpm.mean_rpm,1226.2973937988281
4.39822175,1758897561.117221750,/studio/rotor_avg_rpm.mean_rpm,1233.3921508789062
4.399810317,1758897561.118810317,/studio/rotor_avg_rpm.mean_rpm,1236.7694091796875
4.400912537,1758897561.119912537,/studio/rotor_avg_rpm.mean_rpm,1228.9154052734375
4.402270486,1758897561.121270486,/studio/rotor_avg_rpm.mean_rpm,1228.9415588378906
4.402279013,1758897561.121279013,/studio/rotor_avg_rpm.mean_rpm,1234.1513671875
4.403234839,1758897561.122234839,/studio/rotor_avg_rpm.mean_rpm,1244.6233825683594
4.404249223,1758897561.123249223,/studio/rotor_avg_rpm.mean_rpm,1240.9057922363281
4.405613761,1758897561.124613761,/studio/rotor_avg_rpm.mean_rpm,1230.8003540039062
4.406640147,1758897561.125640147,/studio/rotor_avg_rpm.mean_rpm,1227.8158264160156
4.40769068,1758897561.126690680,/studio/rotor_avg_rpm.mean_rpm,1231.9260864257812
4.408463996,1758897561.127463996,/studio/rotor_avg_rpm.mean_rpm,1234.9105834960938
4.409968798,1758897561.128968798,/studio/rotor_avg_rpm.mean_rpm,1223.7055969238281
4.410919269,1758897561.129919269,/studio/rotor_avg_rpm.mean_rpm,1228.5488586425781
4.412613717,1758897561.131613717,/studio/rotor_avg_rpm.mean_rpm,1233.8110656738281
4.412616701,1758897561.131616701,/studio/rotor_avg_rpm.mean_rpm,1239.3873901367188
4.414096592,1758897561.133096592,/studio/rotor_avg_rpm.mean_rpm,1238.628173828125
4.415647274,1758897561.134647274,/studio/rotor_avg_rpm.mean_rpm,1214.6734619140625
4.415648567,1758897561.134648567,/studio/rotor_avg_rpm.mean_rpm,1225.5381774902344
4.417473726,1758897561.136473726,/studio/rotor_avg_rpm.mean_rpm,1233.3921508789062
4.417489074,1758897561.136489074,/studio/rotor_avg_rpm.mean_rpm,1233.0518188476562
4.418676863,1758897561.137676863,/studio/rotor_avg_rpm.mean_rpm,1234.8844299316406
4.419790701,1758897561.138790701,/studio/rotor_avg_rpm.mean_rpm,1229.3080749511719
4.420759782,1758897561.139759782,/studio/rotor_avg_rpm.mean_rpm,1226.2712097167969
4.421538124,1758897561.140538124,/studio/rotor_avg_rpm.mean_rpm,1228.182373046875
4.42319178,1758897561.142191780,/studio/rotor_avg_rpm.mean_rpm,1232.6329650878906
4.424237503,1758897561.143237503,/studio/rotor_avg_rpm.mean_rpm,1236.3766479492188
4.424960173,1758897561.143960173,/studio/rotor_avg_rpm.mean_rpm,1233.4183654785156
4.426701218,1758897561.145701218,/studio/rotor_avg_rpm.mean_rpm,1231.8999328613281
4.426703169,1758897561.145703169,/studio/rotor_avg_rpm.mean_rpm,1230.7741394042969
4.428094531,1758897561.147094531,/studio/rotor_avg_rpm.mean_rpm,1224.7789306640625
4.429131706,1758897561.148131706,/studio/rotor_avg_rpm.mean_rpm,1224.0458984375
4.430139253,1758897561.149139253,/studio/rotor_avg_rpm.mean_rpm,1228.9154357910156
4.43154317,1758897561.150543170,/studio/rotor_avg_rpm.mean_rpm,1227.4231262207031
4.431544393,1758897561.150544393,/studio/rotor_avg_rpm.mean_rpm,1237.1096801757812
4.432463934,1758897561.151463934,/studio/rotor_avg_rpm.mean_rpm,1242.00537109375
4.433413397,1758897561.152413397,/studio/rotor_avg_rpm.mean_rpm,1240.1466064453125
4.43425534,1758897561.153255340,/studio/rotor_avg_rpm.mean_rpm,1239.3874206542969
4.435756555,1758897561.154756555,/studio/rotor_avg_rpm.mean_rpm,1232.6591491699219
4.437435695,1758897561.156435695,/studio/rotor_avg_rpm.mean_rpm,1222.1871337890625
4.437437228,1758897561.156437228,/studio/rotor_avg_rpm.mean_rpm,1231.9522705078125
4.438292369,1758897561.157292369,/studio/rotor_avg_rpm.mean_rpm,1224.8051452636719
4.439508107,1758897561.158508107,/studio/rotor_avg_rpm.mean_rpm,1233.3921508789062
4.441249364,1758897561.160249364,/studio/rotor_avg_rpm.mean_rpm,1233.7586669921875
4.443059087,1758897561.162059087,/studio/rotor_avg_rpm.mean_rpm,1223.2866821289062
4.443063965,1758897561.162063965,/studio/rotor_avg_rpm.mean_rpm,1232.2926025390625
4.444174299,1758897561.163174299,/studio/rotor_avg_rpm.mean_rpm,1236.7693481445312
4.445008948,1758897561.164008948,/studio/rotor_avg_rpm.mean_rpm,1234.1775817871094
4.44634097,1758897561.165340970,/studio/rotor_avg_rpm.mean_rpm,1237.5286254882812
4.446343126,1758897561.165343126,/studio/rotor_avg_rpm.mean_rpm,1230.7742004394531
4.447362611,1758897561.166362611,/studio/rotor_avg_rpm.mean_rpm,1248.7074584960938
4.448401699,1758897561.167401699,/studio/rotor_avg_rpm.mean_rpm,1230.7742004394531
4.4517134590000005,1758897561.170713459,/studio/rotor_avg_rpm.mean_rpm,1225.5381469726562
4.451720113,1758897561.170720113,/studio/rotor_avg_rpm.mean_rpm,1231.5334167480469
4.451723197,1758897561.170723197,/studio/rotor_avg_rpm.mean_rpm,1231.5334167480469
4.452914748,1758897561.171914748,/studio/rotor_avg_rpm.mean_rpm,1219.5953063964844
4.454127855,1758897561.173127855,/studio/rotor_avg_rpm.mean_rpm,1236.4290771484375
4.455123256,1758897561.174123256,/studio/rotor_avg_rpm.mean_rpm,1236.4028625488281
4.456204408,1758897561.175204408,/studio/rotor_avg_rpm.mean_rpm,1217.3438415527344
4.457529454,1758897561.176529454,/studio/rotor_avg_rpm.mean_rpm,1233.0256652832031
4.457583679,1758897561.176583679,/studio/rotor_avg_rpm.mean_rpm,1230.4076538085938
4.458418496,1758897561.177418496,/studio/rotor_avg_rpm.mean_rpm,1219.5691223144531
4.459506797,1758897561.178506797,/studio/rotor_avg_rpm.mean_rpm,1237.1359252929688
4.460775792,1758897561.179775792,/studio/rotor_avg_rpm.mean_rpm,1227.4231262207031
4.46173208,1758897561.180732080,/studio/rotor_avg_rpm.mean_rpm,1225.5643310546875
4.462816121,1758897561.181816121,/studio/rotor_avg_rpm.mean_rpm,1221.8206176757812
4.464080592,1758897561.183080592,/studio/rotor_avg_rpm.mean_rpm,1225.1978454589844
4.464978681,1758897561.183978681,/studio/rotor_avg_rpm.mean_rpm,1239.0208740234375
4.466437462,1758897561.185437462,/studio/rotor_avg_rpm.mean_rpm,1225.5381469726562
4.467593055,1758897561.186593055,/studio/rotor_avg_rpm.mean_rpm,1228.5488891601562
4.4675955,1758897561.186595500,/studio/rotor_avg_rpm.mean_rpm,1217.3176574707031
4.468378201,1758897561.187378201,/studio/rotor_avg_rpm.mean_rpm,1230.4076538085938
4.46961802,1758897561.188618020,/studio/rotor_avg_rpm.mean_rpm,1227.7896423339844
4.470810995,1758897561.189810995,/studio/rotor_avg_rpm.mean_rpm,1219.9356384277344
4.471578286,1758897561.190578286,/studio/rotor_avg_rpm.mean_rpm,1230.4076232910156
4.473011637,1758897561.192011637,/studio/rotor_avg_rpm.mean_rpm,1216.2181091308594
4.474196309,1758897561.193196309,/studio/rotor_avg_rpm.mean_rpm,1237.162109375
4.475009781,1758897561.194009781,/studio/rotor_avg_rpm.mean_rpm,1218.8360900878906
4.476487263,1758897561.195487263,/studio/rotor_avg_rpm.mean_rpm,1231.9260864257812
4.476493486,1758897561.195493486,/studio/rotor_avg_rpm.mean_rpm,1221.0613708496094
4.477417149,1758897561.196417149,/studio/rotor_avg_rpm.mean_rpm,1218.8360900878906
4.478384156,1758897561.197384156,/studio/rotor_avg_rpm.mean_rpm,1229.6484375
4.479858776,1758897561.198858776,/studio/rotor_avg_rpm.mean_rpm,1229.6484375
4.480744715,1758897561.199744715,/studio/rotor_avg_rpm.mean_rpm,1239.3612060546875
4.482074617,1758897561.201074617,/studio/rotor_avg_rpm.mean_rpm,1227.4231262207031
4.483198941,1758897561.202198941,/studio/rotor_avg_rpm.mean_rpm,1226.6900939941406
4.484095256,1758897561.203095256,/studio/rotor_avg_rpm.mean_rpm,1232.6329345703125
4.485471226,1758897561.204471226,/studio/rotor_avg_rpm.mean_rpm,1231.1930847167969
4.485472819,1758897561.204472819,/studio/rotor_avg_rpm.mean_rpm,1220.668701171875
4.48654532,1758897561.205545320,/studio/rotor_avg_rpm.mean_rpm,1231.1668701171875
4.487547698,1758897561.206547698,/studio/rotor_avg_rpm.mean_rpm,1221.4278869628906
4.488879933,1758897561.207879933,/studio/rotor_avg_rpm.mean_rpm,1235.3032836914062
4.4899066340000005,1758897561.208906634,/studio/rotor_avg_rpm.mean_rpm,1214.6734313964844
4.4908747810000005,1758897561.209874781,/studio/rotor_avg_rpm.mean_rpm,1234.9106140136719
4.492218649,1758897561.211218649,/studio/rotor_avg_rpm.mean_rpm,1213.2335815429688
4.493195574,1758897561.212195574,/studio/rotor_avg_rpm.mean_rpm,1228.182373046875
4.4941858660000005,1758897561.213185866,/studio/rotor_avg_rpm.mean_rpm,1220.668701171875
4.495476913,1758897561.214476913,/studio/rotor_avg_rpm.mean_rpm,1233.0256652832031
4.495485928,1758897561.214485928,/studio/rotor_avg_rpm.mean_rpm,1229.2819213867188
4.496561149,1758897561.215561149,/studio/rotor_avg_rpm.mean_rpm,1222.5536499023438
4.497524175,1758897561.216524175,/studio/rotor_avg_rpm.mean_rpm,1235.6698303222656
4.498423495,1758897561.217423495,/studio/rotor_avg_rpm.mean_rpm,1223.2866821289062
4.499852515,1758897561.218852515,/studio/rotor_avg_rpm.mean_rpm,1221.4541015625
4.500844772,1758897561.219844772,/studio/rotor_avg_rpm.mean_rpm,1227.8158569335938
4.502233083,1758897561.221233083,/studio/rotor_avg_rpm.mean_rpm,1219.9356689453125
4.503193417,1758897561.222193417,/studio/rotor_avg_rpm.mean_rpm,1226.6639404296875
4.504182331,1758897561.223182331,/studio/rotor_avg_rpm.mean_rpm,1218.4695739746094
4.505530236,1758897561.224530236,/studio/rotor_avg_rpm.mean_rpm,1230.8003540039062
4.50556878,1758897561.224568780,/studio/rotor_avg_rpm.mean_rpm,1222.9463500976562
4.506589466,1758897561.225589466,/studio/rotor_avg_rpm.mean_rpm,1214.725830078125
4.507654878,1758897561.226654878,/studio/rotor_avg_rpm.mean_rpm,1231.5333557128906
4.508463193,1758897561.227463193,/studio/rotor_avg_rpm.mean_rpm,1222.1871337890625
4.5098318410000005,1758897561.228831841,/studio/rotor_avg_rpm.mean_rpm,1239.0208740234375
4.510698219,1758897561.229698219,/studio/rotor_avg_rpm.mean_rpm,1220.69482421875
4.512064969,1758897561.231064969,/studio/rotor_avg_rpm.mean_rpm,1217.317626953125
4.513145758,1758897561.232145758,/studio/rotor_avg_rpm.mean_rpm,1221.4278869628906
4.514110906,1758897561.233110906,/studio/rotor_avg_rpm.mean_rpm,1235.2771301269531
4.515441569,1758897561.234441569,/studio/rotor_avg_rpm.mean_rpm,1226.6900939941406
4.516547383,1758897561.235547383,/studio/rotor_avg_rpm.mean_rpm,1224.8051452636719
4.516553996,1758897561.235553996,/studio/rotor_avg_rpm.mean_rpm,1225.5381469726562
4.522133603,1758897561.241133603,/studio/rotor_avg_rpm.mean_rpm,1219.9618530273438
4.537015391,1758897561.256015391,/studio/rotor_avg_rpm.mean_rpm,1230.774169921875
4.5370193610000005,1758897561.256019361,/studio/rotor_avg_rpm.mean_rpm,1221.0875854492188
4.537021586,1758897561.256021586,/studio/rotor_avg_rpm.mean_rpm,1218.8099060058594
4.537024753,1758897561.256024753,/studio/rotor_avg_rpm.mean_rpm,1230.8003234863281
4.537028052,1758897561.256028052,/studio/rotor_avg_rpm.mean_rpm,1222.1871337890625
4.537029572,1758897561.256029572,/studio/rotor_avg_rpm.mean_rpm,1214.6996459960938
4.537031636,1758897561.256031636,/studio/rotor_avg_rpm.mean_rpm,1239.0470581054688
4.537033008,1758897561.256033008,/studio/rotor_avg_rpm.mean_rpm,1225.5643310546875
4.537035086,1758897561.256035086,/studio/rotor_avg_rpm.mean_rpm,1214.6996459960938
4.537036842,1758897561.256036842,/studio/rotor_avg_rpm.mean_rpm,1228.9153747558594
4.537039298,1758897561.256039298,/studio/rotor_avg_rpm.mean_rpm,1226.6377258300781
4.5370413030000005,1758897561.256041303,/studio/rotor_avg_rpm.mean_rpm,1224.0721130371094
4.537044358,1758897561.256044358,/studio/rotor_avg_rpm.mean_rpm,1222.920166015625
4.537047133,1758897561.256047133,/studio/rotor_avg_rpm.mean_rpm,1231.5333862304688
4.537059752,1758897561.256059752,/studio/rotor_avg_rpm.mean_rpm,1230.774169921875
4.537061371,1758897561.256061371,/studio/rotor_avg_rpm.mean_rpm,1211.3486328125
4.537063765,1758897561.256063765,/studio/rotor_avg_rpm.mean_rpm,1233.81103515625
4.538763671,1758897561.257763671,/studio/rotor_avg_rpm.mean_rpm,1233.0518188476562
4.538765177,1758897561.257765177,/studio/rotor_avg_rpm.mean_rpm,1212.814697265625
4.538766517,1758897561.257766517,/studio/rotor_avg_rpm.mean_rpm,1236.7694091796875
4.538769135,1758897561.257769135,/studio/rotor_avg_rpm.mean_rpm,1209.8563537597656
4.540655615,1758897561.259655615,/studio/rotor_avg_rpm.mean_rpm,1216.9511413574219
4.5406582140000005,1758897561.259658214,/studio/rotor_avg_rpm.mean_rpm,1234.1513977050781
4.541589846,1758897561.260589846,/studio/rotor_avg_rpm.mean_rpm,1223.3128662109375
4.542591621,1758897561.261591621,/studio/rotor_avg_rpm.mean_rpm,1225.1978149414062
4.544117633,1758897561.263117633,/studio/rotor_avg_rpm.mean_rpm,1219.5691528320312
4.545889988,1758897561.264889988,/studio/rotor_avg_rpm.mean_rpm,1223.2866821289062
4.545892221,1758897561.264892221,/studio/rotor_avg_rpm.mean_rpm,1222.920166015625
4.54702165,1758897561.266021650,/studio/rotor_avg_rpm.mean_rpm,1221.4278869628906
4.548020038,1758897561.267020038,/studio/rotor_avg_rpm.mean_rpm,1218.78369140625
4.549076264,1758897561.268076264,/studio/rotor_avg_rpm.mean_rpm,1218.8360900878906
4.550117846,1758897561.269117846,/studio/rotor_avg_rpm.mean_rpm,1224.8051452636719
4.551151098,1758897561.270151098,/studio/rotor_avg_rpm.mean_rpm,1230.4338684082031
4.552741201,1758897561.271741201,/studio/rotor_avg_rpm.mean_rpm,1220.6948547363281
4.55274461,1758897561.271744610,/studio/rotor_avg_rpm.mean_rpm,1228.9415588378906
4.554064778,1758897561.273064778,/studio/rotor_avg_rpm.mean_rpm,1218.076904296875
4.555215794,1758897561.274215794,/studio/rotor_avg_rpm.mean_rpm,1222.1871337890625
4.556209979,1758897561.275209979,/studio/rotor_avg_rpm.mean_rpm,1231.5595703125
4.557405685,1758897561.276405685,/studio/rotor_avg_rpm.mean_rpm,1223.6794128417969
4.558201421,1758897561.277201421,/studio/rotor_avg_rpm.mean_rpm,1227.056640625
4.559600069,1758897561.278600069,/studio/rotor_avg_rpm.mean_rpm,1217.3176574707031
4.56078934,1758897561.279789340,/studio/rotor_avg_rpm.mean_rpm,1222.2133178710938
4.560792394,1758897561.279792394,/studio/rotor_avg_rpm.mean_rpm,1233.0518188476562
4.562820513,1758897561.281820513,/studio/rotor_avg_rpm.mean_rpm,1224.0459289550781
4.562825635,1758897561.281825635,/studio/rotor_avg_rpm.mean_rpm,1224.8051452636719
4.564046195,1758897561.283046195,/studio/rotor_avg_rpm.mean_rpm,1218.8099060058594
4.564802055,1758897561.283802055,/studio/rotor_avg_rpm.mean_rpm,1223.6793823242188
4.566539508,1758897561.285539508,/studio/rotor_avg_rpm.mean_rpm,1222.1871032714844
4.567300235,1758897561.286300235,/studio/rotor_avg_rpm.mean_rpm,1239.3874206542969
4.568808464,1758897561.287808464,/studio/rotor_avg_rpm.mean_rpm,1221.4540710449219
4.5688105960000005,1758897561.287810596,/studio/rotor_avg_rpm.mean_rpm,1240.8796081542969
4.569822548,1758897561.288822548,/studio/rotor_avg_rpm.mean_rpm,1222.1871337890625
4.570760669,1758897561.289760669,/studio/rotor_avg_rpm.mean_rpm,1227.056640625
4.572195943,1758897561.291195943,/studio/rotor_avg_rpm.mean_rpm,1228.522705078125
4.573092003,1758897561.292092003,/studio/rotor_avg_rpm.mean_rpm,1215.4588623046875
4.574069276,1758897561.293069276,/studio/rotor_avg_rpm.mean_rpm,1231.1930541992188
4.575627651,1758897561.294627651,/studio/rotor_avg_rpm.mean_rpm,1220.328369140625
4.577356227,1758897561.296356227,/studio/rotor_avg_rpm.mean_rpm,1222.5536499023438
4.5773605150000005,1758897561.296360515,/studio/rotor_avg_rpm.mean_rpm,1241.2461853027344
4.579125012,1758897561.298125012,/studio/rotor_avg_rpm.mean_rpm,1219.2026062011719
4.579126389,1758897561.298126389,/studio/rotor_avg_rpm.mean_rpm,1226.3235778808594
4.580629686,1758897561.299629686,/studio/rotor_avg_rpm.mean_rpm,1228.2085266113281
4.581501717,1758897561.300501717,/studio/rotor_avg_rpm.mean_rpm,1229.6484069824219
4.582626946,1758897561.301626946,/studio/rotor_avg_rpm.mean_rpm,1219.9356079101562
4.583816761,1758897561.302816761,/studio/rotor_avg_rpm.mean_rpm,1233.4183349609375
4.583819624,1758897561.302819624,/studio/rotor_avg_rpm.mean_rpm,1219.9356384277344
4.584869726,1758897561.303869726,/studio/rotor_avg_rpm.mean_rpm,1227.7896423339844
4.585959506,1758897561.304959506,/studio/rotor_avg_rpm.mean_rpm,1217.3176574707031
4.587261521,1758897561.306261521,/studio/rotor_avg_rpm.mean_rpm,1224.0458984375
4.588044253,1758897561.307044253,/studio/rotor_avg_rpm.mean_rpm,1216.2181091308594
4.589256023,1758897561.308256023,/studio/rotor_avg_rpm.mean_rpm,1222.1871032714844
4.590701384,1758897561.309701384,/studio/rotor_avg_rpm.mean_rpm,1215.4850463867188
4.591596357,1758897561.310596357,/studio/rotor_avg_rpm.mean_rpm,1218.8098754882812
4.5927648130000005,1758897561.311764813,/studio/rotor_avg_rpm.mean_rpm,1219.5691223144531
4.5940801780000005,1758897561.313080178,/studio/rotor_avg_rpm.mean_rpm,1219.909423828125
4.594082098,1758897561.313082098,/studio/rotor_avg_rpm.mean_rpm,1224.4385986328125
4.595056745,1758897561.314056745,/studio/rotor_avg_rpm.mean_rpm,1210.5893859863281
4.596086672,1758897561.315086672,/studio/rotor_avg_rpm.mean_rpm,1230.7742004394531
4.597250428,1758897561.316250428,/studio/rotor_avg_rpm.mean_rpm,1213.9403991699219
4.598310971,1758897561.317310971,/studio/rotor_avg_rpm.mean_rpm,1221.4541015625
4.599421957,1758897561.318421957,/studio/rotor_avg_rpm.mean_rpm,1217.3438415527344
4.600843264,1758897561.319843264,/studio/rotor_avg_rpm.mean_rpm,1224.8051452636719
4.60176602,1758897561.320766020,/studio/rotor_avg_rpm.mean_rpm,1221.4279174804688
4.602791172,1758897561.321791172,/studio/rotor_avg_rpm.mean_rpm,1225.9046630859375
4.603967922,1758897561.322967922,/studio/rotor_avg_rpm.mean_rpm,1234.9106140136719
4.603998316,1758897561.322998316,/studio/rotor_avg_rpm.mean_rpm,1220.6948547363281
4.605038953,1758897561.324038953,/studio/rotor_avg_rpm.mean_rpm,1224.8051452636719
4.606132917,1758897561.325132917,/studio/rotor_avg_rpm.mean_rpm,1224.8051147460938
4.607344439,1758897561.326344439,/studio/rotor_avg_rpm.mean_rpm,1221.4279174804688
4.608654949,1758897561.327654949,/studio/rotor_avg_rpm.mean_rpm,1225.1978454589844
4.60991706,1758897561.328917060,/studio/rotor_avg_rpm.mean_rpm,1226.2974243164062
4.611506541,1758897561.330506541,/studio/rotor_avg_rpm.mean_rpm,1222.5536193847656
4.61151374,1758897561.330513740,/studio/rotor_avg_rpm.mean_rpm,1219.5691528320312
4.612603858,1758897561.331603858,/studio/rotor_avg_rpm.mean_rpm,1221.8206176757812
4.613922295,1758897561.332922295,/studio/rotor_avg_rpm.mean_rpm,1228.5226745605469
4.613931385,1758897561.332931385,/studio/rotor_avg_rpm.mean_rpm,1230.0149536132812
4.6151025830000005,1758897561.334102583,/studio/rotor_avg_rpm.mean_rpm,1210.1966857910156
4.616261884,1758897561.335261884,/studio/rotor_avg_rpm.mean_rpm,1230.8003540039062
4.617278525,1758897561.336278525,/studio/rotor_avg_rpm.mean_rpm,1218.1030578613281
4.618022702,1758897561.337022702,/studio/rotor_avg_rpm.mean_rpm,1221.4278869628906
4.620785673,1758897561.339785673,/studio/rotor_avg_rpm.mean_rpm,1231.5333862304688
4.620789134,1758897561.339789134,/studio/rotor_avg_rpm.mean_rpm,1222.1871032714844
4.6216637810000005,1758897561.340663781,/studio/rotor_avg_rpm.mean_rpm,1213.5739135742188
4.623389972,1758897561.342389972,/studio/rotor_avg_rpm.mean_rpm,1225.5381469726562
4.623395361,1758897561.342395361,/studio/rotor_avg_rpm.mean_rpm,1226.6638793945312
4.624333472,1758897561.343333472,/studio/rotor_avg_rpm.mean_rpm,1224.4124145507812
4.625883145,1758897561.344883145,/studio/rotor_avg_rpm.mean_rpm,1217.7103576660156
4.625885526,1758897561.344885526,/studio/rotor_avg_rpm.mean_rpm,1226.3235778808594
4.627296991,1758897561.346296991,/studio/rotor_avg_rpm.mean_rpm,1222.9463500976562
4.628264801,1758897561.347264801,/studio/rotor_avg_rpm.mean_rpm,1219.1764221191406
4.629709729,1758897561.348709729,/studio/rotor_avg_rpm.mean_rpm,1234.1513671875
4.630602356,1758897561.349602356,/studio/rotor_avg_rpm.mean_rpm,1211.3486022949219
4.631971659,1758897561.350971659,/studio/rotor_avg_rpm.mean_rpm,1226.29736328125
4.631973532,1758897561.350973532,/studio/rotor_avg_rpm.mean_rpm,1219.9356384277344
4.632965879,1758897561.351965879,/studio/rotor_avg_rpm.mean_rpm,1225.5381774902344
4.634010169,1758897561.353010169,/studio/rotor_avg_rpm.mean_rpm,1218.0768432617188
4.635183288,1758897561.354183288,/studio/rotor_avg_rpm.mean_rpm,1226.2974243164062
4.63629166,1758897561.355291660,/studio/rotor_avg_rpm.mean_rpm,1228.9153747558594
4.637317049,1758897561.356317049,/studio/rotor_avg_rpm.mean_rpm,1219.5691223144531
4.638940528,1758897561.357940528,/studio/rotor_avg_rpm.mean_rpm,1233.025634765625
4.639824461,1758897561.358824461,/studio/rotor_avg_rpm.mean_rpm,1231.1668395996094
4.64077787,1758897561.359777870,/studio/rotor_avg_rpm.mean_rpm,1233.3921508789062
4.642222078,1758897561.361222078,/studio/rotor_avg_rpm.mean_rpm,1219.9356689453125
4.642227546,1758897561.361227546,/studio/rotor_avg_rpm.mean_rpm,1238.287841796875
4.643942637,1758897561.362942637,/studio/rotor_avg_rpm.mean_rpm,1228.2085266113281
4.645874578,1758897561.364874578,/studio/rotor_avg_rpm.mean_rpm,1229.2819213867188
4.645877404,1758897561.364877404,/studio/rotor_avg_rpm.mean_rpm,1215.8253479003906
4.64716772,1758897561.366167720,/studio/rotor_avg_rpm.mean_rpm,1226.29736328125
4.647173031,1758897561.366173031,/studio/rotor_avg_rpm.mean_rpm,1214.3069458007812
4.6484740890000005,1758897561.367474089,/studio/rotor_avg_rpm.mean_rpm,1232.6591186523438
4.649723985,1758897561.368723985,/studio/rotor_avg_rpm.mean_rpm,1226.6900634765625
4.650798212,1758897561.369798212,/studio/rotor_avg_rpm.mean_rpm,1225.171630859375
4.652078186,1758897561.371078186,/studio/rotor_avg_rpm.mean_rpm,1228.9154052734375
4.6520871790000005,1758897561.371087179,/studio/rotor_avg_rpm.mean_rpm,1221.0614013671875
4.653354517,1758897561.372354517,/studio/rotor_avg_rpm.mean_rpm,1222.2133178710938
4.65515085,1758897561.374150850,/studio/rotor_avg_rpm.mean_rpm,1222.1609497070312
4.6564299810000005,1758897561.375429981,/studio/rotor_avg_rpm.mean_rpm,1224.0721130371094
4.6564367220000005,1758897561.375436722,/studio/rotor_avg_rpm.mean_rpm,1227.4231262207031
4.657370982,1758897561.376370982,/studio/rotor_avg_rpm.mean_rpm,1234.91064453125
4.65885224,1758897561.377852240,/studio/rotor_avg_rpm.mean_rpm,1219.9356689453125
4.65992134,1758897561.378921340,/studio/rotor_avg_rpm.mean_rpm,1236.7432250976562
4.660942627,1758897561.379942627,/studio/rotor_avg_rpm.mean_rpm,1209.8563537597656
4.660946713,1758897561.379946713,/studio/rotor_avg_rpm.mean_rpm,1228.8891906738281
4.662266563,1758897561.381266563,/studio/rotor_avg_rpm.mean_rpm,1234.1513671875
4.663393772,1758897561.382393772,/studio/rotor_avg_rpm.mean_rpm,1224.8051147460938
4.664367919,1758897561.383367919,/studio/rotor_avg_rpm.mean_rpm,1238.287841796875
4.665563692,1758897561.384563692,/studio/rotor_avg_rpm.mean_rpm,1216.2181091308594
4.6664757980000005,1758897561.385475798,/studio/rotor_avg_rpm.mean_rpm,1224.4124450683594
4.667311543,1758897561.386311543,/studio/rotor_avg_rpm.mean_rpm,1231.5333557128906
4.668845211,1758897561.387845211,/studio/rotor_avg_rpm.mean_rpm,1232.2664184570312
4.66998926,1758897561.388989260,/studio/rotor_avg_rpm.mean_rpm,1224.4124450683594
4.671013293,1758897561.390013293,/studio/rotor_avg_rpm.mean_rpm,1234.5179138183594
4.67228594,1758897561.391285940,/studio/rotor_avg_rpm.mean_rpm,1219.9356689453125
4.672289667,1758897561.391289667,/studio/rotor_avg_rpm.mean_rpm,1223.6794128417969
4.673497103,1758897561.392497103,/studio/rotor_avg_rpm.mean_rpm,1234.8844299316406
4.674384793,1758897561.393384793,/studio/rotor_avg_rpm.mean_rpm,1215.4588928222656
4.675536576,1758897561.394536576,/studio/rotor_avg_rpm.mean_rpm,1234.5179443359375
4.676576695,1758897561.395576695,/studio/rotor_avg_rpm.mean_rpm,1225.1978454589844
4.6784551,1758897561.397455100,/studio/rotor_avg_rpm.mean_rpm,1226.2973937988281
4.678462296,1758897561.397462296,/studio/rotor_avg_rpm.mean_rpm,1236.0101623535156
4.679940015,1758897561.398940015,/studio/rotor_avg_rpm.mean_rpm,1230.4076538085938
4.680792253,1758897561.399792253,/studio/rotor_avg_rpm.mean_rpm,1221.4540710449219
4.682607214,1758897561.401607214,/studio/rotor_avg_rpm.mean_rpm,1232.2926025390625
4.682613258,1758897561.401613258,/studio/rotor_avg_rpm.mean_rpm,1230.433837890625
4.683974815,1758897561.402974815,/studio/rotor_avg_rpm.mean_rpm,1214.3069458007812
4.684838266,1758897561.403838266,/studio/rotor_avg_rpm.mean_rpm,1227.0565795898438
4.685940289,1758897561.404940289,/studio/rotor_avg_rpm.mean_rpm,1221.0875854492188
4.68724963,1758897561.406249630,/studio/rotor_avg_rpm.mean_rpm,1239.7800598144531
4.687251941,1758897561.406251941,/studio/rotor_avg_rpm.mean_rpm,1227.4231262207031
4.688216478,1758897561.407216478,/studio/rotor_avg_rpm.mean_rpm,1220.6948852539062
4.6893226420000005,1758897561.408322642,/studio/rotor_avg_rpm.mean_rpm,1230.4076232910156
4.690497239,1758897561.409497239,/studio/rotor_avg_rpm.mean_rpm,1217.3438415527344
4.691257624,1758897561.410257624,/studio/rotor_avg_rpm.mean_rpm,1221.0614013671875
4.692680962,1758897561.411680962,/studio/rotor_avg_rpm.mean_rpm,1225.5643615722656
4.693877179,1758897561.412877179,/studio/rotor_avg_rpm.mean_rpm,1223.6793823242188
4.694897294,1758897561.413897294,/studio/rotor_avg_rpm.mean_rpm,1240.1466064453125
4.695993705,1758897561.414993705,/studio/rotor_avg_rpm.mean_rpm,1219.1764221191406
4.69722425,1758897561.416224250,/studio/rotor_avg_rpm.mean_rpm,1226.29736328125
4.698347517,1758897561.417347517,/studio/rotor_avg_rpm.mean_rpm,1227.8158264160156
4.698361357,1758897561.417361357,/studio/rotor_avg_rpm.mean_rpm,1215.8254089355469
4.699454778,1758897561.418454778,/studio/rotor_avg_rpm.mean_rpm,1236.4028625488281
4.700670435,1758897561.419670435,/studio/rotor_avg_rpm.mean_rpm,1223.6794128417969
4.701984974,1758897561.420984974,/studio/rotor_avg_rpm.mean_rpm,1233.025634765625
4.703112578,1758897561.422112578,/studio/rotor_avg_rpm.mean_rpm,1216.5846252441406
4.704202704,1758897561.423202704,/studio/rotor_avg_rpm.mean_rpm,1218.0768737792969
4.704209041,1758897561.423209041,/studio/rotor_avg_rpm.mean_rpm,1237.1359252929688
4.705346587,1758897561.424346587,/studio/rotor_avg_rpm.mean_rpm,1228.5750732421875
4.706494269,1758897561.425494269,/studio/rotor_avg_rpm.mean_rpm,1230.433837890625
4.707374672,1758897561.426374672,/studio/rotor_avg_rpm.mean_rpm,1230.0149536132812
4.708843606,1758897561.427843606,/studio/rotor_avg_rpm.mean_rpm,1236.3766784667969
4.709779149,1758897561.428779149,/studio/rotor_avg_rpm.mean_rpm,1217.6841735839844
4.710830474,1758897561.429830474,/studio/rotor_avg_rpm.mean_rpm,1228.9153747558594
4.712202487,1758897561.431202487,/studio/rotor_avg_rpm.mean_rpm,1230.4076538085938
4.712222588,1758897561.431222588,/studio/rotor_avg_rpm.mean_rpm,1229.6484375
4.713181922,1758897561.432181922,/studio/rotor_avg_rpm.mean_rpm,1227.4231262207031
4.71401383,1758897561.433013830,/studio/rotor_avg_rpm.mean_rpm,1222.5536499023438
4.715516115,1758897561.434516115,/studio/rotor_avg_rpm.mean_rpm,1225.1716613769531
4.716496688,1758897561.435496688,/studio/rotor_avg_rpm.mean_rpm,1226.29736328125
4.717534562,1758897561.436534562,/studio/rotor_avg_rpm.mean_rpm,1242.3719177246094
4.7188712,1758897561.437871200,/studio/rotor_avg_rpm.mean_rpm,1221.4541015625
4.72001139,1758897561.439011390,/studio/rotor_avg_rpm.mean_rpm,1228.5488586425781
4.720865617,1758897561.439865617,/studio/rotor_avg_rpm.mean_rpm,1229.6484375
4.723235345,1758897561.442235345,/studio/rotor_avg_rpm.mean_rpm,1213.2073669433594
4.742476746,1758897561.461476746,/studio/rotor_avg_rpm.mean_rpm,1233.0518188476562
4.742481531,1758897561.461481531,/studio/rotor_avg_rpm.mean_rpm,1234.1251831054688
4.742483858,1758897561.461483858,/studio/rotor_avg_rpm.mean_rpm,1234.1513671875
4.742488022,1758897561.461488022,/studio/rotor_avg_rpm.mean_rpm,1218.4434204101562
4.742490524,1758897561.461490524,/studio/rotor_avg_rpm.mean_rpm,1227.0566101074219
4.742492916,1758897561.461492916,/studio/rotor_avg_rpm.mean_rpm,1233.8110656738281
4.742494925,1758897561.461494925,/studio/rotor_avg_rpm.mean_rpm,1220.3283386230469
4.742497344,1758897561.461497344,/studio/rotor_avg_rpm.mean_rpm,1225.5381774902344
4.742501272,1758897561.461501272,/studio/rotor_avg_rpm.mean_rpm,1231.5333862304688
4.742521321,1758897561.461521321,/studio/rotor_avg_rpm.mean_rpm,1233.3921813964844
4.742524494,1758897561.461524494,/studio/rotor_avg_rpm.mean_rpm,1230.0411071777344
4.74252651,1758897561.461526510,/studio/rotor_avg_rpm.mean_rpm,1218.0768432617188
4.742530802,1758897561.461530802,/studio/rotor_avg_rpm.mean_rpm,1233.7848510742188
4.7425328350000004,1758897561.461532835,/studio/rotor_avg_rpm.mean_rpm,1239.0208740234375
4.742534944,1758897561.461534944,/studio/rotor_avg_rpm.mean_rpm,1219.5691528320312
4.742537797,1758897561.461537797,/studio/rotor_avg_rpm.mean_rpm,1220.2760009765625
4.74254004,1758897561.461540040,/studio/rotor_avg_rpm.mean_rpm,1230.433837890625
4.744780541,1758897561.463780541,/studio/rotor_avg_rpm.mean_rpm,1230.7742004394531
4.744785174,1758897561.463785174,/studio/rotor_avg_rpm.mean_rpm,1240.1204223632812
4.744787916,1758897561.463787916,/studio/rotor_avg_rpm.mean_rpm,1219.20263671875
4.744790876,1758897561.463790876,/studio/rotor_avg_rpm.mean_rpm,1223.6794128417969
4.744792964,1758897561.463792964,/studio/rotor_avg_rpm.mean_rpm,1238.6282043457031
4.744794716,1758897561.463794716,/studio/rotor_avg_rpm.mean_rpm,1221.0613708496094
4.747547613,1758897561.466547613,/studio/rotor_avg_rpm.mean_rpm,1225.5381469726562
4.747548889,1758897561.466548889,/studio/rotor_avg_rpm.mean_rpm,1226.29736328125
4.747555654,1758897561.466555654,/studio/rotor_avg_rpm.mean_rpm,1228.9153747558594
4.748399486,1758897561.467399486,/studio/rotor_avg_rpm.mean_rpm,1233.3921813964844
4.749592183,1758897561.468592183,/studio/rotor_avg_rpm.mean_rpm,1221.4541015625
4.750547006,1758897561.469547006,/studio/rotor_avg_rpm.mean_rpm,1226.2973937988281
4.752038265,1758897561.471038265,/studio/rotor_avg_rpm.mean_rpm,1228.9154052734375
4.753049249,1758897561.472049249,/studio/rotor_avg_rpm.mean_rpm,1219.9356689453125
4.753944195,1758897561.472944195,/studio/rotor_avg_rpm.mean_rpm,1222.1871337890625
4.755188534,1758897561.474188534,/studio/rotor_avg_rpm.mean_rpm,1227.8157958984375
4.756325987,1758897561.475325987,/studio/rotor_avg_rpm.mean_rpm,1238.2616577148438
4.757826727,1758897561.476826727,/studio/rotor_avg_rpm.mean_rpm,1218.8099060058594
4.75782849,1758897561.476828490,/studio/rotor_avg_rpm.mean_rpm,1216.951171875
4.759569782,1758897561.478569782,/studio/rotor_avg_rpm.mean_rpm,1231.1668701171875
4.759572105,1758897561.478572105,/studio/rotor_avg_rpm.mean_rpm,1221.4279174804688
4.760465245,1758897561.479465245,/studio/rotor_avg_rpm.mean_rpm,1221.4279479980469
4.762100629,1758897561.481100629,/studio/rotor_avg_rpm.mean_rpm,1222.9463500976562
4.763107856,1758897561.482107856,/studio/rotor_avg_rpm.mean_rpm,1239.0470275878906
4.764274552,1758897561.483274552,/studio/rotor_avg_rpm.mean_rpm,1224.7789611816406
4.767894107,1758897561.486894107,/studio/rotor_avg_rpm.mean_rpm,1227.4231262207031
4.767896346,1758897561.486896346,/studio/rotor_avg_rpm.mean_rpm,1218.8361206054688
4.767898144,1758897561.486898144,/studio/rotor_avg_rpm.mean_rpm,1224.7789611816406
4.767901204,1758897561.486901204,/studio/rotor_avg_rpm.mean_rpm,1233.0518493652344
4.768681872,1758897561.487681872,/studio/rotor_avg_rpm.mean_rpm,1216.5584106445312
4.769724322,1758897561.488724322,/studio/rotor_avg_rpm.mean_rpm,1230.7742004394531
4.770818034,1758897561.489818034,/studio/rotor_avg_rpm.mean_rpm,1222.1871337890625
4.772251118,1758897561.491251118,/studio/rotor_avg_rpm.mean_rpm,1228.5488586425781
4.775826008,1758897561.494826008,/studio/rotor_avg_rpm.mean_rpm,1223.6794128417969
4.775827657,1758897561.494827657,/studio/rotor_avg_rpm.mean_rpm,1216.2181396484375
4.775829847,1758897561.494829847,/studio/rotor_avg_rpm.mean_rpm,1238.287841796875
4.775845204,1758897561.494845204,/studio/rotor_avg_rpm.mean_rpm,1216.9511413574219
4.777124748,1758897561.496124748,/studio/rotor_avg_rpm.mean_rpm,1220.3021850585938
4.777988705,1758897561.496988705,/studio/rotor_avg_rpm.mean_rpm,1235.6698303222656
4.779141403,1758897561.498141403,/studio/rotor_avg_rpm.mean_rpm,1216.5845947265625
4.780483899,1758897561.499483899,/studio/rotor_avg_rpm.mean_rpm,1227.4231262207031
4.780486402,1758897561.499486402,/studio/rotor_avg_rpm.mean_rpm,1221.4278869628906
4.781441764,1758897561.500441764,/studio/rotor_avg_rpm.mean_rpm,1224.0458984375
4.782430093,1758897561.501430093,/studio/rotor_avg_rpm.mean_rpm,1236.4028930664062
4.783894243,1758897561.502894243,/studio/rotor_avg_rpm.mean_rpm,1216.9249267578125
4.785674529,1758897561.504674529,/studio/rotor_avg_rpm.mean_rpm,1242.0054016113281
4.78568179,1758897561.504681790,/studio/rotor_avg_rpm.mean_rpm,1222.1871337890625
4.787090259,1758897561.506090259,/studio/rotor_avg_rpm.mean_rpm,1212.1078796386719
4.788949551,1758897561.507949551,/studio/rotor_avg_rpm.mean_rpm,1237.5286254882812
4.788951732,1758897561.507951732,/studio/rotor_avg_rpm.mean_rpm,1219.5953063964844
4.79039902,1758897561.509399020,/studio/rotor_avg_rpm.mean_rpm,1222.1871337890625
4.794684583,1758897561.513684583,/studio/rotor_avg_rpm.mean_rpm,1219.9356384277344
4.794687562,1758897561.513687562,/studio/rotor_avg_rpm.mean_rpm,1224.0458984375
4.794694498,1758897561.513694498,/studio/rotor_avg_rpm.mean_rpm,1219.9356384277344
4.794698488,1758897561.513698488,/studio/rotor_avg_rpm.mean_rpm,1222.1609497070312
4.79539718,1758897561.514397180,/studio/rotor_avg_rpm.mean_rpm,1217.3438415527344
4.796618707,1758897561.515618707,/studio/rotor_avg_rpm.mean_rpm,1236.7694091796875
4.7966200180000005,1758897561.515620018,/studio/rotor_avg_rpm.mean_rpm,1221.0352172851562
4.797554164,1758897561.516554164,/studio/rotor_avg_rpm.mean_rpm,1211.3486328125
4.798856122,1758897561.517856122,/studio/rotor_avg_rpm.mean_rpm,1223.3128662109375
4.799899873,1758897561.518899873,/studio/rotor_avg_rpm.mean_rpm,1229.3080749511719
4.801245129,1758897561.520245129,/studio/rotor_avg_rpm.mean_rpm,1221.4540710449219
4.8021417500000005,1758897561.521141750,/studio/rotor_avg_rpm.mean_rpm,1227.0566101074219
4.803149831,1758897561.522149831,/studio/rotor_avg_rpm.mean_rpm,1209.4636535644531
4.8038590590000005,1758897561.522859059,/studio/rotor_avg_rpm.mean_rpm,1232.3187866210938
4.805477919,1758897561.524477919,/studio/rotor_avg_rpm.mean_rpm,1222.5536499023438
4.8064549240000005,1758897561.525454924,/studio/rotor_avg_rpm.mean_rpm,1225.5643615722656
4.807682629,1758897561.526682629,/studio/rotor_avg_rpm.mean_rpm,1220.6948547363281
4.807689205,1758897561.526689205,/studio/rotor_avg_rpm.mean_rpm,1236.0101928710938
4.808731998,1758897561.527731998,/studio/rotor_avg_rpm.mean_rpm,1217.3176574707031
4.809927329,1758897561.528927329,/studio/rotor_avg_rpm.mean_rpm,1225.5643615722656
4.810643678,1758897561.529643678,/studio/rotor_avg_rpm.mean_rpm,1212.0816650390625
4.8121194240000005,1758897561.531119424,/studio/rotor_avg_rpm.mean_rpm,1227.056640625
4.813029665,1758897561.532029665,/studio/rotor_avg_rpm.mean_rpm,1228.522705078125
4.813806417,1758897561.532806417,/studio/rotor_avg_rpm.mean_rpm,1208.7306213378906
4.815141486,1758897561.534141486,/studio/rotor_avg_rpm.mean_rpm,1230.8003540039062
4.816457981,1758897561.535457981,/studio/rotor_avg_rpm.mean_rpm,1221.8467712402344
4.817805738,1758897561.536805738,/studio/rotor_avg_rpm.mean_rpm,1226.6639099121094
4.817812996,1758897561.536812996,/studio/rotor_avg_rpm.mean_rpm,1219.9618530273438
4.818687923,1758897561.537687923,/studio/rotor_avg_rpm.mean_rpm,1227.4492797851562
4.819629993,1758897561.538629993,/studio/rotor_avg_rpm.mean_rpm,1220.7210388183594
4.820776583,1758897561.539776583,/studio/rotor_avg_rpm.mean_rpm,1225.5643310546875
4.821724774,1758897561.540724774,/studio/rotor_avg_rpm.mean_rpm,1219.5953369140625
4.823042884,1758897561.542042884,/studio/rotor_avg_rpm.mean_rpm,1230.774169921875
4.823854739,1758897561.542854739,/studio/rotor_avg_rpm.mean_rpm,1219.20263671875
4.8254803840000005,1758897561.544480384,/studio/rotor_avg_rpm.mean_rpm,1222.9463195800781
4.827196896,1758897561.546196896,/studio/rotor_avg_rpm.mean_rpm,1218.8098754882812
4.827211882,1758897561.546211882,/studio/rotor_avg_rpm.mean_rpm,1227.4231262207031
4.829019971,1758897561.548019971,/studio/rotor_avg_rpm.mean_rpm,1221.7944030761719
4.82902237,1758897561.548022370,/studio/rotor_avg_rpm.mean_rpm,1218.8360595703125
4.830349094,1758897561.549349094,/studio/rotor_avg_rpm.mean_rpm,1230.0411682128906
4.831459352,1758897561.550459352,/studio/rotor_avg_rpm.mean_rpm,1221.4278564453125
4.832547379,1758897561.551547379,/studio/rotor_avg_rpm.mean_rpm,1218.8360900878906
4.833689529,1758897561.552689529,/studio/rotor_avg_rpm.mean_rpm,1220.3283386230469
4.833712017,1758897561.552712017,/studio/rotor_avg_rpm.mean_rpm,1217.3438110351562
4.834644067,1758897561.553644067,/studio/rotor_avg_rpm.mean_rpm,1221.4541015625
4.835919376,1758897561.554919376,/studio/rotor_avg_rpm.mean_rpm,1224.0458984375
4.836940211,1758897561.555940211,/studio/rotor_avg_rpm.mean_rpm,1221.8206176757812
4.838133437,1758897561.557133437,/studio/rotor_avg_rpm.mean_rpm,1228.1561584472656
4.839280706,1758897561.558280706,/studio/rotor_avg_rpm.mean_rpm,1217.317626953125
4.840305038,1758897561.559305038,/studio/rotor_avg_rpm.mean_rpm,1224.0720520019531
4.841752715,1758897561.560752715,/studio/rotor_avg_rpm.mean_rpm,1221.7944030761719
4.841754875,1758897561.560754875,/studio/rotor_avg_rpm.mean_rpm,1208.7044372558594
4.842962039,1758897561.561962039,/studio/rotor_avg_rpm.mean_rpm,1223.70556640625
4.843822234,1758897561.562822234,/studio/rotor_avg_rpm.mean_rpm,1236.7693786621094
4.845339256,1758897561.564339256,/studio/rotor_avg_rpm.mean_rpm,1217.6841430664062
4.846299786,1758897561.565299786,/studio/rotor_avg_rpm.mean_rpm,1229.7008056640625
4.847214957,1758897561.566214957,/studio/rotor_avg_rpm.mean_rpm,1222.5536499023438
4.848591363,1758897561.567591363,/studio/rotor_avg_rpm.mean_rpm,1225.5643615722656
4.849560661,1758897561.568560661,/studio/rotor_avg_rpm.mean_rpm,1220.6686706542969
4.850526546,1758897561.569526546,/studio/rotor_avg_rpm.mean_rpm,1222.9463500976562
4.851935133,1758897561.570935133,/studio/rotor_avg_rpm.mean_rpm,1212.8146667480469
4.851942038,1758897561.570942038,/studio/rotor_avg_rpm.mean_rpm,1229.3080749511719
4.85535274,1758897561.574352740,/studio/rotor_avg_rpm.mean_rpm,1225.5643615722656
4.85535454,1758897561.574354540,/studio/rotor_avg_rpm.mean_rpm,1223.2866821289062
4.855393535,1758897561.574393535,/studio/rotor_avg_rpm.mean_rpm,1218.4433898925781
4.856199043,1758897561.575199043,/studio/rotor_avg_rpm.mean_rpm,1221.8205871582031
4.857079169,1758897561.576079169,/studio/rotor_avg_rpm.mean_rpm,1234.1513671875
4.858486195,1758897561.577486195,/studio/rotor_avg_rpm.mean_rpm,1219.5691223144531
4.860488259,1758897561.579488259,/studio/rotor_avg_rpm.mean_rpm,1219.9617919921875
4.860490639,1758897561.579490639,/studio/rotor_avg_rpm.mean_rpm,1219.2026062011719
4.861825981,1758897561.580825981,/studio/rotor_avg_rpm.mean_rpm,1212.8408508300781
4.861836514,1758897561.580836514,/studio/rotor_avg_rpm.mean_rpm,1230.8003540039062
4.862842738,1758897561.581842738,/studio/rotor_avg_rpm.mean_rpm,1225.9308776855469
4.864292101,1758897561.583292101,/studio/rotor_avg_rpm.mean_rpm,1229.6484375
4.865391646,1758897561.584391646,/studio/rotor_avg_rpm.mean_rpm,1208.7044067382812
4.866947184,1758897561.585947184,/studio/rotor_avg_rpm.mean_rpm,1229.674560546875
4.866949171,1758897561.585949171,/studio/rotor_avg_rpm.mean_rpm,1225.9308471679688
4.869010265,1758897561.588010265,/studio/rotor_avg_rpm.mean_rpm,1219.9094543457031
4.869023746,1758897561.588023746,/studio/rotor_avg_rpm.mean_rpm,1224.831298828125
4.870389468,1758897561.589389468,/studio/rotor_avg_rpm.mean_rpm,1210.9820861816406
4.87121391,1758897561.590213910,/studio/rotor_avg_rpm.mean_rpm,1222.2133178710938
4.872289135,1758897561.591289135,/studio/rotor_avg_rpm.mean_rpm,1224.0458679199219
4.8737262690000005,1758897561.592726269,/studio/rotor_avg_rpm.mean_rpm,1225.5381774902344
4.87452545,1758897561.593525450,/studio/rotor_avg_rpm.mean_rpm,1211.715087890625
4.876920911,1758897561.595920911,/studio/rotor_avg_rpm.mean_rpm,1224.0458984375
4.876931247,1758897561.595931247,/studio/rotor_avg_rpm.mean_rpm,1227.0566101074219
4.876933192,1758897561.595933192,/studio/rotor_avg_rpm.mean_rpm,1210.5893859863281
4.879150953,1758897561.598150953,/studio/rotor_avg_rpm.mean_rpm,1235.6697998046875
4.879198558,1758897561.598198558,/studio/rotor_avg_rpm.mean_rpm,1220.3545227050781
4.88050647,1758897561.599506470,/studio/rotor_avg_rpm.mean_rpm,1218.8099060058594
4.882275249,1758897561.601275249,/studio/rotor_avg_rpm.mean_rpm,1220.6948852539062
4.882277092,1758897561.601277092,/studio/rotor_avg_rpm.mean_rpm,1230.774169921875
4.883224135,1758897561.602224135,/studio/rotor_avg_rpm.mean_rpm,1218.0768737792969
4.884438697,1758897561.603438697,/studio/rotor_avg_rpm.mean_rpm,1221.4541015625
4.885492398,1758897561.604492398,/studio/rotor_avg_rpm.mean_rpm,1222.9463500976562
4.887170175,1758897561.606170175,/studio/rotor_avg_rpm.mean_rpm,1214.6996154785156
4.887172389,1758897561.606172389,/studio/rotor_avg_rpm.mean_rpm,1228.9154052734375
4.889097528,1758897561.608097528,/studio/rotor_avg_rpm.mean_rpm,1219.9618225097656
4.889105244,1758897561.608105244,/studio/rotor_avg_rpm.mean_rpm,1233.3921508789062
4.890266403,1758897561.609266403,/studio/rotor_avg_rpm.mean_rpm,1206.4790954589844
4.891173843,1758897561.610173843,/studio/rotor_avg_rpm.mean_rpm,1223.6793823242188
4.892519288,1758897561.611519288,/studio/rotor_avg_rpm.mean_rpm,1227.8158569335938
4.893710333,1758897561.612710333,/studio/rotor_avg_rpm.mean_rpm,1213.5739440917969
4.894734674,1758897561.613734674,/studio/rotor_avg_rpm.mean_rpm,1237.5286254882812
4.895816743,1758897561.614816743,/studio/rotor_avg_rpm.mean_rpm,1217.7103576660156
4.896969086,1758897561.615969086,/studio/rotor_avg_rpm.mean_rpm,1216.19189453125
4.896973379,1758897561.615973379,/studio/rotor_avg_rpm.mean_rpm,1230.0411682128906
4.898315305,1758897561.617315305,/studio/rotor_avg_rpm.mean_rpm,1222.9463500976562
4.899126784,1758897561.618126784,/studio/rotor_avg_rpm.mean_rpm,1215.4588928222656
4.900369342,1758897561.619369342,/studio/rotor_avg_rpm.mean_rpm,1222.1871337890625
4.901303596,1758897561.620303596,/studio/rotor_avg_rpm.mean_rpm,1226.3235778808594
4.902394148,1758897561.621394148,/studio/rotor_avg_rpm.mean_rpm,1227.3969421386719
4.9036943,1758897561.622694300,/studio/rotor_avg_rpm.mean_rpm,1224.4385986328125
4.904592503,1758897561.623592503,/studio/rotor_avg_rpm.mean_rpm,1215.8254089355469
4.90572392,1758897561.624723920,/studio/rotor_avg_rpm.mean_rpm,1215.4326782226562
4.907361194,1758897561.626361194,/studio/rotor_avg_rpm.mean_rpm,1216.9511413574219
4.907365102,1758897561.626365102,/studio/rotor_avg_rpm.mean_rpm,1228.182373046875
4.909040283,1758897561.628040283,/studio/rotor_avg_rpm.mean_rpm,1229.6746215820312
4.909041911,1758897561.628041911,/studio/rotor_avg_rpm.mean_rpm,1230.0411071777344
4.910378085,1758897561.629378085,/studio/rotor_avg_rpm.mean_rpm,1223.70556640625
4.911241767,1758897561.630241767,/studio/rotor_avg_rpm.mean_rpm,1224.8051452636719
4.912376003,1758897561.631376003,/studio/rotor_avg_rpm.mean_rpm,1226.6377563476562
4.91373926,1758897561.632739260,/studio/rotor_avg_rpm.mean_rpm,1218.0768737792969
4.914530358,1758897561.633530358,/studio/rotor_avg_rpm.mean_rpm,1219.5691223144531
4.915632722,1758897561.634632722,/studio/rotor_avg_rpm.mean_rpm,1224.4386291503906
4.917066436,1758897561.636066436,/studio/rotor_avg_rpm.mean_rpm,1216.2181091308594
4.917069834,1758897561.636069834,/studio/rotor_avg_rpm.mean_rpm,1221.4540710449219
4.9181227970000005,1758897561.637122797,/studio/rotor_avg_rpm.mean_rpm,1219.5691223144531
4.919187079,1758897561.638187079,/studio/rotor_avg_rpm.mean_rpm,1218.8099365234375
4.920315175,1758897561.639315175,/studio/rotor_avg_rpm.mean_rpm,1213.6001281738281
4.921689572,1758897561.640689572,/studio/rotor_avg_rpm.mean_rpm,1225.5905151367188
4.922952546,1758897561.641952546,/studio/rotor_avg_rpm.mean_rpm,1222.5536804199219
4.923860058,1758897561.642860058,/studio/rotor_avg_rpm.mean_rpm,1221.8206176757812
4.925165376,1758897561.644165376,/studio/rotor_avg_rpm.mean_rpm,1216.9511108398438
4.9251681860000005,1758897561.644168186,/studio/rotor_avg_rpm.mean_rpm,1221.0875854492188
4.926140857,1758897561.645140857,/studio/rotor_avg_rpm.mean_rpm,1210.5893859863281
4.931648083,1758897561.650648083,/studio/rotor_avg_rpm.mean_rpm,1220.3283386230469
4.94694993,1758897561.665949930,/studio/rotor_avg_rpm.mean_rpm,1222.1871337890625
4.94695352,1758897561.665953520,/studio/rotor_avg_rpm.mean_rpm,1218.0768737792969
4.946957477,1758897561.665957477,/studio/rotor_avg_rpm.mean_rpm,1211.3224182128906
4.946960407,1758897561.665960407,/studio/rotor_avg_rpm.mean_rpm,1221.8206176757812
4.946963167,1758897561.665963167,/studio/rotor_avg_rpm.mean_rpm,1210.6156005859375
4.94696514,1758897561.665965140,/studio/rotor_avg_rpm.mean_rpm,1237.5024108886719
4.946975774,1758897561.665975774,/studio/rotor_avg_rpm.mean_rpm,1222.920166015625
4.946977649,1758897561.665977649,/studio/rotor_avg_rpm.mean_rpm,1224.8313293457031
4.946980241,1758897561.665980241,/studio/rotor_avg_rpm.mean_rpm,1217.3176574707031
4.946982443,1758897561.665982443,/studio/rotor_avg_rpm.mean_rpm,1219.9356689453125
4.946985402,1758897561.665985402,/studio/rotor_avg_rpm.mean_rpm,1212.0554504394531
4.946991275,1758897561.665991275,/studio/rotor_avg_rpm.mean_rpm,1234.5440979003906
4.946999184,1758897561.665999184,/studio/rotor_avg_rpm.mean_rpm,1214.3331298828125
4.947004364,1758897561.666004364,/studio/rotor_avg_rpm.mean_rpm,1225.5381774902344
4.947016475,1758897561.666016475,/studio/rotor_avg_rpm.mean_rpm,1216.5846252441406
4.947039639,1758897561.666039639,/studio/rotor_avg_rpm.mean_rpm,1218.1030578613281
4.947040955,1758897561.666040955,/studio/rotor_avg_rpm.mean_rpm,1212.814697265625
4.948431789,1758897561.667431789,/studio/rotor_avg_rpm.mean_rpm,1218.8099060058594
4.948434002,1758897561.667434002,/studio/rotor_avg_rpm.mean_rpm,1214.6996459960938
4.948436287,1758897561.667436287,/studio/rotor_avg_rpm.mean_rpm,1224.8051452636719
4.949457121,1758897561.668457121,/studio/rotor_avg_rpm.mean_rpm,1226.3236083984375
4.949458559,1758897561.668458559,/studio/rotor_avg_rpm.mean_rpm,1209.1233215332031
4.950320976,1758897561.669320976,/studio/rotor_avg_rpm.mean_rpm,1218.0506896972656
4.952047178,1758897561.671047178,/studio/rotor_avg_rpm.mean_rpm,1228.1823425292969
4.95304346,1758897561.672043460,/studio/rotor_avg_rpm.mean_rpm,1217.7103576660156
4.954068489,1758897561.673068489,/studio/rotor_avg_rpm.mean_rpm,1208.7306213378906
4.954076977,1758897561.673076977,/studio/rotor_avg_rpm.mean_rpm,1222.9463806152344
4.955372807,1758897561.674372807,/studio/rotor_avg_rpm.mean_rpm,1227.4231262207031
4.956476286,1758897561.675476286,/studio/rotor_avg_rpm.mean_rpm,1215.4588928222656
4.957858721,1758897561.676858721,/studio/rotor_avg_rpm.mean_rpm,1213.2073669433594
4.959563298,1758897561.678563298,/studio/rotor_avg_rpm.mean_rpm,1222.1609497070312
4.959567572,1758897561.678567572,/studio/rotor_avg_rpm.mean_rpm,1216.5845947265625
4.960314379,1758897561.679314379,/studio/rotor_avg_rpm.mean_rpm,1215.0923767089844
4.962193726,1758897561.681193726,/studio/rotor_avg_rpm.mean_rpm,1229.6484375
4.96219992,1758897561.681199920,/studio/rotor_avg_rpm.mean_rpm,1215.8254089355469
4.963172488,1758897561.682172488,/studio/rotor_avg_rpm.mean_rpm,1211.7151489257812
4.9639677980000005,1758897561.682967798,/studio/rotor_avg_rpm.mean_rpm,1224.0458984375
4.965360913,1758897561.684360913,/studio/rotor_avg_rpm.mean_rpm,1214.725830078125
4.966516963,1758897561.685516963,/studio/rotor_avg_rpm.mean_rpm,1217.7103576660156
4.967471005,1758897561.686471005,/studio/rotor_avg_rpm.mean_rpm,1226.6639099121094
4.968721891,1758897561.687721891,/studio/rotor_avg_rpm.mean_rpm,1210.222900390625
4.9705555530000005,1758897561.689555553,/studio/rotor_avg_rpm.mean_rpm,1210.9559326171875
4.97055766,1758897561.689557660,/studio/rotor_avg_rpm.mean_rpm,1229.6745910644531
4.9722554500000005,1758897561.691255450,/studio/rotor_avg_rpm.mean_rpm,1210.5893859863281
4.972257688,1758897561.691257688,/studio/rotor_avg_rpm.mean_rpm,1219.5691223144531
4.973577502,1758897561.692577502,/studio/rotor_avg_rpm.mean_rpm,1214.6996459960938
4.974458222,1758897561.693458222,/studio/rotor_avg_rpm.mean_rpm,1219.5429382324219
4.97551418,1758897561.694514180,/studio/rotor_avg_rpm.mean_rpm,1222.5536499023438
4.97684928,1758897561.695849280,/studio/rotor_avg_rpm.mean_rpm,1217.7103576660156
4.977783052,1758897561.696783052,/studio/rotor_avg_rpm.mean_rpm,1216.5584106445312
4.978901652,1758897561.697901652,/studio/rotor_avg_rpm.mean_rpm,1218.8360900878906
4.980213293,1758897561.699213293,/studio/rotor_avg_rpm.mean_rpm,1215.8254089355469
4.980216071,1758897561.699216071,/studio/rotor_avg_rpm.mean_rpm,1215.4588317871094
4.9811678950000005,1758897561.700167895,/studio/rotor_avg_rpm.mean_rpm,1209.8301391601562
4.982520855,1758897561.701520855,/studio/rotor_avg_rpm.mean_rpm,1231.5334167480469
4.9838256990000005,1758897561.702825699,/studio/rotor_avg_rpm.mean_rpm,1209.0971069335938
4.984751482,1758897561.703751482,/studio/rotor_avg_rpm.mean_rpm,1207.9714050292969
4.985804133,1758897561.704804133,/studio/rotor_avg_rpm.mean_rpm,1211.3486022949219
4.98683091,1758897561.705830910,/studio/rotor_avg_rpm.mean_rpm,1224.0458984375
4.9881880690000004,1758897561.707188069,/studio/rotor_avg_rpm.mean_rpm,1216.5583801269531
4.9881914290000005,1758897561.707191429,/studio/rotor_avg_rpm.mean_rpm,1206.8456420898438
4.989173828,1758897561.708173828,/studio/rotor_avg_rpm.mean_rpm,1213.2073974609375
4.990211528,1758897561.709211528,/studio/rotor_avg_rpm.mean_rpm,1212.0816345214844
4.991194245,1758897561.710194245,/studio/rotor_avg_rpm.mean_rpm,1215.066162109375
4.99255066,1758897561.711550660,/studio/rotor_avg_rpm.mean_rpm,1217.317626953125
4.993511179,1758897561.712511179,/studio/rotor_avg_rpm.mean_rpm,1222.1871032714844
4.994701043,1758897561.713701043,/studio/rotor_avg_rpm.mean_rpm,1209.4898071289062
4.995794969,1758897561.714794969,/studio/rotor_avg_rpm.mean_rpm,1212.0816345214844
4.9969983970000005,1758897561.715998397,/studio/rotor_avg_rpm.mean_rpm,1209.8301391601562
4.998070064,1758897561.717070064,/studio/rotor_avg_rpm.mean_rpm,1221.4278869628906
4.99919047,1758897561.718190470,/studio/rotor_avg_rpm.mean_rpm,1214.3331298828125
5.000302337,1758897561.719302337,/studio/rotor_avg_rpm.mean_rpm,1213.9666137695312
5.001396962,1758897561.720396962,/studio/rotor_avg_rpm.mean_rpm,1215.7991943359375
5.001399184,1758897561.720399184,/studio/rotor_avg_rpm.mean_rpm,1210.9820861816406
5.002505961,1758897561.721505961,/studio/rotor_avg_rpm.mean_rpm,1218.8099365234375
5.003750912,1758897561.722750912,/studio/rotor_avg_rpm.mean_rpm,1224.0721130371094
5.004707591,1758897561.723707591,/studio/rotor_avg_rpm.mean_rpm,1205.74609375
5.005749098,1758897561.724749098,/studio/rotor_avg_rpm.mean_rpm,1218.8360900878906
5.006896815,1758897561.725896815,/studio/rotor_avg_rpm.mean_rpm,1223.3128356933594
5.008272972,1758897561.727272972,/studio/rotor_avg_rpm.mean_rpm,1227.4231262207031
5.009607966,1758897561.728607966,/studio/rotor_avg_rpm.mean_rpm,1209.8563537597656
5.009613355,1758897561.728613355,/studio/rotor_avg_rpm.mean_rpm,1216.5584411621094
5.010417357,1758897561.729417357,/studio/rotor_avg_rpm.mean_rpm,1213.9665832519531
5.011410302,1758897561.730410302,/studio/rotor_avg_rpm.mean_rpm,1227.423095703125
5.012924192,1758897561.731924192,/studio/rotor_avg_rpm.mean_rpm,1218.4433898925781
5.013587122,1758897561.732587122,/studio/rotor_avg_rpm.mean_rpm,1217.3176879882812
5.015358981,1758897561.734358981,/studio/rotor_avg_rpm.mean_rpm,1214.6996765136719
5.016266972,1758897561.735266972,/studio/rotor_avg_rpm.mean_rpm,1224.8313293457031
5.017330007,1758897561.736330007,/studio/rotor_avg_rpm.mean_rpm,1215.4588623046875
5.017341801,1758897561.736341801,/studio/rotor_avg_rpm.mean_rpm,1224.0458984375
5.018560531,1758897561.737560531,/studio/rotor_avg_rpm.mean_rpm,1212.1078491210938
5.019777928,1758897561.738777928,/studio/rotor_avg_rpm.mean_rpm,1215.4588928222656
5.020823101,1758897561.739823101,/studio/rotor_avg_rpm.mean_rpm,1212.1078491210938
5.021924193,1758897561.740924193,/studio/rotor_avg_rpm.mean_rpm,1218.0768737792969
5.022865617,1758897561.741865617,/studio/rotor_avg_rpm.mean_rpm,1220.6948547363281
5.023735427,1758897561.742735427,/studio/rotor_avg_rpm.mean_rpm,1218.8360900878906
5.025112424,1758897561.744112424,/studio/rotor_avg_rpm.mean_rpm,1224.8051452636719
5.026097685,1758897561.745097685,/studio/rotor_avg_rpm.mean_rpm,1215.4588623046875
5.027059224,1758897561.746059224,/studio/rotor_avg_rpm.mean_rpm,1224.8051452636719
5.028398454,1758897561.747398454,/studio/rotor_avg_rpm.mean_rpm,1223.7055969238281
5.028401854,1758897561.747401854,/studio/rotor_avg_rpm.mean_rpm,1215.8253479003906
5.030361401,1758897561.749361401,/studio/rotor_avg_rpm.mean_rpm,1225.5643615722656
5.031186803,1758897561.750186803,/studio/rotor_avg_rpm.mean_rpm,1218.0768737792969
5.032010728,1758897561.751010728,/studio/rotor_avg_rpm.mean_rpm,1210.222900390625
5.033510045,1758897561.752510045,/studio/rotor_avg_rpm.mean_rpm,1233.3921508789062
5.033519542,1758897561.752519542,/studio/rotor_avg_rpm.mean_rpm,1207.2383422851562
5.034791141,1758897561.753791141,/studio/rotor_avg_rpm.mean_rpm,1226.6638793945312
5.036861898,1758897561.755861898,/studio/rotor_avg_rpm.mean_rpm,1221.4540710449219
5.036864948,1758897561.755864948,/studio/rotor_avg_rpm.mean_rpm,1218.8360900878906
5.038510345,1758897561.757510345,/studio/rotor_avg_rpm.mean_rpm,1224.8051452636719
5.038513351,1758897561.757513351,/studio/rotor_avg_rpm.mean_rpm,1222.5798034667969
5.040392633,1758897561.759392633,/studio/rotor_avg_rpm.mean_rpm,1222.9463500976562
5.042124999,1758897561.761124999,/studio/rotor_avg_rpm.mean_rpm,1212.0816650390625
5.042135659,1758897561.761135659,/studio/rotor_avg_rpm.mean_rpm,1228.9153747558594
5.043659538,1758897561.762659538,/studio/rotor_avg_rpm.mean_rpm,1224.0458984375
5.043662263,1758897561.762662263,/studio/rotor_avg_rpm.mean_rpm,1230.0149536132812
5.045807623,1758897561.764807623,/studio/rotor_avg_rpm.mean_rpm,1217.317626953125
5.045809541,1758897561.764809541,/studio/rotor_avg_rpm.mean_rpm,1218.0506591796875
5.046751832,1758897561.765751832,/studio/rotor_avg_rpm.mean_rpm,1231.5333862304688
5.047809674,1758897561.766809674,/studio/rotor_avg_rpm.mean_rpm,1214.3331298828125
5.049139938,1758897561.768139938,/studio/rotor_avg_rpm.mean_rpm,1236.0101928710938
5.050221344,1758897561.769221344,/studio/rotor_avg_rpm.mean_rpm,1217.3438110351562
5.051311462,1758897561.770311462,/studio/rotor_avg_rpm.mean_rpm,1221.7944030761719
5.0524458,1758897561.771445800,/studio/rotor_avg_rpm.mean_rpm,1223.70556640625
5.053713654,1758897561.772713654,/studio/rotor_avg_rpm.mean_rpm,1230.8003540039062
5.053749717,1758897561.772749717,/studio/rotor_avg_rpm.mean_rpm,1225.5381774902344
5.055127545,1758897561.774127545,/studio/rotor_avg_rpm.mean_rpm,1222.1871337890625
5.056055011,1758897561.775055011,/studio/rotor_avg_rpm.mean_rpm,1207.9714050292969
5.056874283,1758897561.775874283,/studio/rotor_avg_rpm.mean_rpm,1222.1871337890625
5.058400621,1758897561.777400621,/studio/rotor_avg_rpm.mean_rpm,1214.3069458007812
5.059345131,1758897561.778345131,/studio/rotor_avg_rpm.mean_rpm,1234.1775512695312
5.060322009,1758897561.779322009,/studio/rotor_avg_rpm.mean_rpm,1220.3021545410156
5.061665456,1758897561.780665456,/studio/rotor_avg_rpm.mean_rpm,1214.725830078125
5.061680357,1758897561.780680357,/studio/rotor_avg_rpm.mean_rpm,1220.6948547363281
5.062669465,1758897561.781669465,/studio/rotor_avg_rpm.mean_rpm,1206.08642578125
5.064085755,1758897561.783085755,/studio/rotor_avg_rpm.mean_rpm,1239.3873901367188
5.065953544,1758897561.784953544,/studio/rotor_avg_rpm.mean_rpm,1218.443359375
5.065959675,1758897561.784959675,/studio/rotor_avg_rpm.mean_rpm,1218.8360595703125
5.066838909,1758897561.785838909,/studio/rotor_avg_rpm.mean_rpm,1211.7413024902344
5.068281355,1758897561.787281355,/studio/rotor_avg_rpm.mean_rpm,1214.725830078125
5.069303474,1758897561.788303474,/studio/rotor_avg_rpm.mean_rpm,1229.3080749511719
5.070153931,1758897561.789153931,/studio/rotor_avg_rpm.mean_rpm,1213.9403991699219
5.072046237,1758897561.791046237,/studio/rotor_avg_rpm.mean_rpm,1225.9046936035156
5.072050047,1758897561.791050047,/studio/rotor_avg_rpm.mean_rpm,1221.4279174804688
5.073491827,1758897561.792491827,/studio/rotor_avg_rpm.mean_rpm,1229.2819213867188
5.075308997,1758897561.794308997,/studio/rotor_avg_rpm.mean_rpm,1224.0982360839844
5.075312155,1758897561.794312155,/studio/rotor_avg_rpm.mean_rpm,1216.19189453125
5.076218868,1758897561.795218868,/studio/rotor_avg_rpm.mean_rpm,1213.9666137695312
5.077304102,1758897561.796304102,/studio/rotor_avg_rpm.mean_rpm,1225.9046630859375
5.077306201,1758897561.796306201,/studio/rotor_avg_rpm.mean_rpm,1219.9356384277344
5.07858165,1758897561.797581650,/studio/rotor_avg_rpm.mean_rpm,1228.9415588378906
5.079682938,1758897561.798682938,/studio/rotor_avg_rpm.mean_rpm,1214.3593139648438
5.080377016,1758897561.799377016,/studio/rotor_avg_rpm.mean_rpm,1220.6948547363281
5.082042721,1758897561.801042721,/studio/rotor_avg_rpm.mean_rpm,1233.3921508789062
5.082965488,1758897561.801965488,/studio/rotor_avg_rpm.mean_rpm,1219.9356079101562
5.083951638,1758897561.802951638,/studio/rotor_avg_rpm.mean_rpm,1236.0363464355469
5.085195223,1758897561.804195223,/studio/rotor_avg_rpm.mean_rpm,1210.58935546875
5.086228049,1758897561.805228049,/studio/rotor_avg_rpm.mean_rpm,1219.5953063964844
5.087287003,1758897561.806287003,/studio/rotor_avg_rpm.mean_rpm,1226.6900939941406
5.088500578,1758897561.807500578,/studio/rotor_avg_rpm.mean_rpm,1219.5691223144531
5.089509278,1758897561.808509278,/studio/rotor_avg_rpm.mean_rpm,1216.5845947265625
5.090397837,1758897561.809397837,/studio/rotor_avg_rpm.mean_rpm,1209.0971374511719
5.090399398,1758897561.809399398,/studio/rotor_avg_rpm.mean_rpm,1221.4541015625
5.092080964,1758897561.811080964,/studio/rotor_avg_rpm.mean_rpm,1214.6996459960938
5.093633626,1758897561.812633626,/studio/rotor_avg_rpm.mean_rpm,1226.2973937988281
5.095372534,1758897561.814372534,/studio/rotor_avg_rpm.mean_rpm,1216.5583801269531
5.09539389,1758897561.814393890,/studio/rotor_avg_rpm.mean_rpm,1218.8360595703125
5.096854629,1758897561.815854629,/studio/rotor_avg_rpm.mean_rpm,1211.6889343261719
5.096865525,1758897561.815865525,/studio/rotor_avg_rpm.mean_rpm,1216.5845947265625
5.097760328,1758897561.816760328,/studio/rotor_avg_rpm.mean_rpm,1212.8146667480469
5.098849764,1758897561.817849764,/studio/rotor_avg_rpm.mean_rpm,1221.4279174804688
5.100140316,1758897561.819140316,/studio/rotor_avg_rpm.mean_rpm,1222.579833984375
5.101053461,1758897561.820053461,/studio/rotor_avg_rpm.mean_rpm,1217.317626953125
5.10218377,1758897561.821183770,/studio/rotor_avg_rpm.mean_rpm,1224.0458984375
5.103578117,1758897561.822578117,/studio/rotor_avg_rpm.mean_rpm,1214.6734619140625
5.105502972,1758897561.824502972,/studio/rotor_avg_rpm.mean_rpm,1214.6996459960938
5.105504754,1758897561.824504754,/studio/rotor_avg_rpm.mean_rpm,1225.9308471679688
5.106844422,1758897561.825844422,/studio/rotor_avg_rpm.mean_rpm,1210.9559020996094
5.106846987,1758897561.825846987,/studio/rotor_avg_rpm.mean_rpm,1215.7991943359375
5.108714616,1758897561.827714616,/studio/rotor_avg_rpm.mean_rpm,1219.5691223144531
5.108717503,1758897561.827717503,/studio/rotor_avg_rpm.mean_rpm,1214.6996459960938
5.110124876,1758897561.829124876,/studio/rotor_avg_rpm.mean_rpm,1217.317626953125
5.111103832,1758897561.830103832,/studio/rotor_avg_rpm.mean_rpm,1218.8360900878906
5.112217256,1758897561.831217256,/studio/rotor_avg_rpm.mean_rpm,1206.1126098632812
5.113509032,1758897561.832509032,/studio/rotor_avg_rpm.mean_rpm,1228.9153442382812
5.114448782,1758897561.833448782,/studio/rotor_avg_rpm.mean_rpm,1216.5584106445312
5.115576908,1758897561.834576908,/studio/rotor_avg_rpm.mean_rpm,1222.5536193847656
5.116800261,1758897561.835800261,/studio/rotor_avg_rpm.mean_rpm,1216.9511413574219
5.116802488,1758897561.835802488,/studio/rotor_avg_rpm.mean_rpm,1218.8360900878906
5.117740858,1758897561.836740858,/studio/rotor_avg_rpm.mean_rpm,1211.3486328125
5.118831655,1758897561.837831655,/studio/rotor_avg_rpm.mean_rpm,1221.8206176757812
5.120227207,1758897561.839227207,/studio/rotor_avg_rpm.mean_rpm,1216.5845947265625
5.122207768,1758897561.841207768,/studio/rotor_avg_rpm.mean_rpm,1218.0768737792969
5.122245499,1758897561.841245499,/studio/rotor_avg_rpm.mean_rpm,1210.2228698730469
5.123736826,1758897561.842736826,/studio/rotor_avg_rpm.mean_rpm,1222.1871032714844
5.123738457,1758897561.842738457,/studio/rotor_avg_rpm.mean_rpm,1216.5845947265625
5.12541413,1758897561.844414130,/studio/rotor_avg_rpm.mean_rpm,1225.9308471679688
5.126755566,1758897561.845755566,/studio/rotor_avg_rpm.mean_rpm,1213.2335815429688
5.126757724,1758897561.845757724,/studio/rotor_avg_rpm.mean_rpm,1212.0816345214844
5.127582528,1758897561.846582528,/studio/rotor_avg_rpm.mean_rpm,1216.2181091308594
5.128624113,1758897561.847624113,/studio/rotor_avg_rpm.mean_rpm,1211.3486022949219
5.130125847,1758897561.849125847,/studio/rotor_avg_rpm.mean_rpm,1222.1871643066406
5.15212875,1758897561.871128750,/studio/rotor_avg_rpm.mean_rpm,1208.7306213378906
5.152131746,1758897561.871131746,/studio/rotor_avg_rpm.mean_rpm,1221.0875854492188
5.15213591,1758897561.871135910,/studio/rotor_avg_rpm.mean_rpm,1215.8515319824219
5.152138382,1758897561.871138382,/studio/rotor_avg_rpm.mean_rpm,1210.2228698730469
5.152145249,1758897561.871145249,/studio/rotor_avg_rpm.mean_rpm,1225.1978454589844
5.152151013,1758897561.871151013,/studio/rotor_avg_rpm.mean_rpm,1213.60009765625
5.152153677,1758897561.871153677,/studio/rotor_avg_rpm.mean_rpm,1219.9356384277344
5.152158659,1758897561.871158659,/studio/rotor_avg_rpm.mean_rpm,1219.20263671875
5.1521614190000005,1758897561.871161419,/studio/rotor_avg_rpm.mean_rpm,1215.8515625
5.152163167,1758897561.871163167,/studio/rotor_avg_rpm.mean_rpm,1228.1823425292969
5.152165666,1758897561.871165666,/studio/rotor_avg_rpm.mean_rpm,1217.317626953125
5.152167319,1758897561.871167319,/studio/rotor_avg_rpm.mean_rpm,1208.7305908203125
5.152168945,1758897561.871168945,/studio/rotor_avg_rpm.mean_rpm,1217.7103576660156
5.152179213,1758897561.871179213,/studio/rotor_avg_rpm.mean_rpm,1218.0768737792969
5.152181071,1758897561.871181071,/studio/rotor_avg_rpm.mean_rpm,1216.5846252441406
5.15218301,1758897561.871183010,/studio/rotor_avg_rpm.mean_rpm,1215.4326782226562
5.152184457,1758897561.871184457,/studio/rotor_avg_rpm.mean_rpm,1214.7257995605469
5.154487757,1758897561.873487757,/studio/rotor_avg_rpm.mean_rpm,1199.7508850097656
5.154490622,1758897561.873490622,/studio/rotor_avg_rpm.mean_rpm,1222.9463195800781
5.154492152,1758897561.873492152,/studio/rotor_avg_rpm.mean_rpm,1217.7103576660156
5.1544935689999996,1758897561.873493569,/studio/rotor_avg_rpm.mean_rpm,1213.2073669433594
5.154557583,1758897561.873557583,/studio/rotor_avg_rpm.mean_rpm,1218.8360900878906
5.154561802,1758897561.873561802,/studio/rotor_avg_rpm.mean_rpm,1214.6996459960938
5.154566646,1758897561.873566646,/studio/rotor_avg_rpm.mean_rpm,1205.3533935546875
5.155958842,1758897561.874958842,/studio/rotor_avg_rpm.mean_rpm,1236.7693786621094
5.155968325,1758897561.874968325,/studio/rotor_avg_rpm.mean_rpm,1214.3593139648438
5.156732126,1758897561.875732126,/studio/rotor_avg_rpm.mean_rpm,1205.3533935546875
5.15832551,1758897561.877325510,/studio/rotor_avg_rpm.mean_rpm,1225.5643310546875
5.159315417,1758897561.878315417,/studio/rotor_avg_rpm.mean_rpm,1214.725830078125
5.160734088,1758897561.879734088,/studio/rotor_avg_rpm.mean_rpm,1206.8718566894531
5.160736425,1758897561.879736425,/studio/rotor_avg_rpm.mean_rpm,1214.6996459960938
5.16163828,1758897561.880638280,/studio/rotor_avg_rpm.mean_rpm,1227.4231262207031
5.162872562,1758897561.881872562,/studio/rotor_avg_rpm.mean_rpm,1203.8611450195312
5.16474171,1758897561.883741710,/studio/rotor_avg_rpm.mean_rpm,1216.2181091308594
5.16475671,1758897561.883756710,/studio/rotor_avg_rpm.mean_rpm,1221.0875854492188
5.167537706,1758897561.886537706,/studio/rotor_avg_rpm.mean_rpm,1213.5739440917969
5.167540142,1758897561.886540142,/studio/rotor_avg_rpm.mean_rpm,1207.6048889160156
5.168527812,1758897561.887527812,/studio/rotor_avg_rpm.mean_rpm,1222.1871643066406
5.169545512,1758897561.888545512,/studio/rotor_avg_rpm.mean_rpm,1203.1280822753906
5.170380223,1758897561.889380223,/studio/rotor_avg_rpm.mean_rpm,1216.2180786132812
