elapsed time,timestamp,topic,value
0.0008774340000000001,1758897556.719877434,/xwing/active_reference/path.poses[0].pose.position.y,2.599999993564592
0.0042293650000000006,1758897556.723229365,/xwing/active_reference/path.poses[0].pose.position.y,2.5999999915574312
0.007602136000000001,1758897556.726602136,/xwing/active_reference/path.poses[0].pose.position.y,2.5999999903270496
0.010961952,1758897556.729961952,/xwing/active_reference/path.poses[0].pose.position.y,2.5999999887109424
0.018347971,1758897556.737347971,/xwing/active_reference/path.poses[0].pose.position.y,2.5999999817452295
0.032962401,1758897556.751962401,/xwing/active_reference/path.poses[0].pose.position.y,2.5999999767085393
0.032969789,1758897556.751969789,/xwing/active_reference/path.poses[0].pose.position.y,2.5999999700505434
0.032975152,1758897556.751975152,/xwing/active_reference/path.poses[0].pose.position.y,2.5999999633858653
0.032977887000000004,1758897556.751977887,/xwing/active_reference/path.poses[0].pose.position.y,2.5999999567168923
0.032981856000000004,1758897556.751981856,/xwing/active_reference/path.poses[0].pose.position.y,2.599999950055555
0.034196514000000004,1758897556.753196514,/xwing/active_reference/path.poses[0].pose.position.y,2.5999999263818565
0.037710874000000005,1758897556.756710874,/xwing/active_reference/path.poses[0].pose.position.y,2.5999999096188566
0.040957912,1758897556.759957912,/xwing/active_reference/path.poses[0].pose.position.y,2.5999998872852497
0.044237956,1758897556.763237956,/xwing/active_reference/path.poses[0].pose.position.y,2.5999998590675597
0.047751254,1758897556.766751254,/xwing/active_reference/path.poses[0].pose.position.y,2.5999998426116386
0.050968047,1758897556.769968047,/xwing/active_reference/path.poses[0].pose.position.y,2.5999998202780317
0.054244685,1758897556.773244685,/xwing/active_reference/path.poses[0].pose.position.y,2.5999997514722835
0.057357242,1758897556.776357242,/xwing/active_reference/path.poses[0].pose.position.y,2.599999703802447
0.060822457,1758897556.779822457,/xwing/active_reference/path.poses[0].pose.position.y,2.599999639814981
0.064148869,1758897556.783148869,/xwing/active_reference/path.poses[0].pose.position.y,2.5999995758229333
0.067671729,1758897556.786671729,/xwing/active_reference/path.poses[0].pose.position.y,2.599999511807974
0.071021072,1758897556.790021072,/xwing/active_reference/path.poses[0].pose.position.y,2.599999447811344
0.07414007900000001,1758897556.793140079,/xwing/active_reference/path.poses[0].pose.position.y,2.5999992716517126
0.077477191,1758897556.796477191,/xwing/active_reference/path.poses[0].pose.position.y,2.5999991512605907
0.080583785,1758897556.799583785,/xwing/active_reference/path.poses[0].pose.position.y,2.5999989890786086
0.08408076,1758897556.803080760,/xwing/active_reference/path.poses[0].pose.position.y,2.5999987838400798
0.08754234100000001,1758897556.806542341,/xwing/active_reference/path.poses[0].pose.position.y,2.599998664319843
0.09097197500000001,1758897556.809971975,/xwing/active_reference/path.poses[0].pose.position.y,2.5999985025094383
0.093904214,1758897556.812904214,/xwing/active_reference/path.poses[0].pose.position.y,2.599998089997209
0.09743828700000001,1758897556.816438287,/xwing/active_reference/path.poses[0].pose.position.y,2.599997818711608
0.100773786,1758897556.819773786,/xwing/active_reference/path.poses[0].pose.position.y,2.5999974463969777
0.104087648,1758897556.823087648,/xwing/active_reference/path.poses[0].pose.position.y,2.5999969743594993
0.10742257100000001,1758897556.826422571,/xwing/active_reference/path.poses[0].pose.position.y,2.599996701714405
0.110825978,1758897556.829825978,/xwing/active_reference/path.poses[0].pose.position.y,2.5999963295863724
0.114488272,1758897556.833488272,/xwing/active_reference/path.poses[0].pose.position.y,2.5999954403761256
0.11759002,1758897556.836590020,/xwing/active_reference/path.poses[0].pose.position.y,2.5999948758837754
0.12075553900000001,1758897556.839755539,/xwing/active_reference/path.poses[0].pose.position.y,2.599994088189852
0.124069097,1758897556.843069097,/xwing/active_reference/path.poses[0].pose.position.y,2.599993075432462
0.127399226,1758897556.846399226,/xwing/active_reference/path.poses[0].pose.position.y,2.5999925120685323
0.13090825,1758897556.849908250,/xwing/active_reference/path.poses[0].pose.position.y,2.599991724374609
0.134040824,1758897556.853040824,/xwing/active_reference/path.poses[0].pose.position.y,2.5999903970495644
0.137427546,1758897556.856427546,/xwing/active_reference/path.poses[0].pose.position.y,2.5999888387093573
0.14070971000000002,1758897556.859709710,/xwing/active_reference/path.poses[0].pose.position.y,2.599987280480723
0.144083291,1758897556.863083291,/xwing/active_reference/path.poses[0].pose.position.y,2.5999852576620825
0.14740349700000002,1758897556.866403497,/xwing/active_reference/path.poses[0].pose.position.y,2.599984163130871
0.150680014,1758897556.869680014,/xwing/active_reference/path.poses[0].pose.position.y,2.599982606241113
0.154128635,1758897556.873128635,/xwing/active_reference/path.poses[0].pose.position.y,2.599979229602558
0.15747188,1758897556.876471880,/xwing/active_reference/path.poses[0].pose.position.y,2.5999772025921137
0.160731872,1758897556.879731872,/xwing/active_reference/path.poses[0].pose.position.y,2.5999742931771435
0.164052329,1758897556.883052329,/xwing/active_reference/path.poses[0].pose.position.y,2.599970505314618
0.16739619,1758897556.886396190,/xwing/active_reference/path.poses[0].pose.position.y,2.599968477054604
0.170676563,1758897556.889676563,/xwing/active_reference/path.poses[0].pose.position.y,2.5999655682644187
0.17416630200000002,1758897556.893166302,/xwing/active_reference/path.poses[0].pose.position.y,2.5999611068764628
0.17747094400000002,1758897556.896470944,/xwing/active_reference/path.poses[0].pose.position.y,2.5999559421802503
0.18082536500000002,1758897556.899825365,/xwing/active_reference/path.poses[0].pose.position.y,2.5999507752645723
0.184060029,1758897556.903060029,/xwing/active_reference/path.poses[0].pose.position.y,2.5999440987424447
0.18738163300000002,1758897556.906381633,/xwing/active_reference/path.poses[0].pose.position.y,2.59994043514473
0.190669152,1758897556.909669152,/xwing/active_reference/path.poses[0].pose.position.y,2.599935278216647
0.19403008700000002,1758897556.913030087,/xwing/active_reference/path.poses[0].pose.position.y,2.599925022612482
0.197348888,1758897556.916348888,/xwing/active_reference/path.poses[0].pose.position.y,2.599918855177917
0.20066683700000001,1758897556.919666837,/xwing/active_reference/path.poses[0].pose.position.y,2.5999100674803652
0.203984415,1758897556.922984415,/xwing/active_reference/path.poses[0].pose.position.y,2.5999012785242828
0.207344306,1758897556.926344306,/xwing/active_reference/path.poses[0].pose.position.y,2.599892488309668
0.210765429,1758897556.929765429,/xwing/active_reference/path.poses[0].pose.position.y,2.5998837018706484
0.214102276,1758897556.933102276,/xwing/active_reference/path.poses[0].pose.position.y,2.599866723242834
0.217667195,1758897556.936667195,/xwing/active_reference/path.poses[0].pose.position.y,2.5998567301215303
0.240461162,1758897556.959461162,/xwing/active_reference/path.poses[0].pose.position.y,2.5998423382129197
0.24046450100000002,1758897556.959464501,/xwing/active_reference/path.poses[0].pose.position.y,2.5998279421817347
0.24046660700000003,1758897556.959466607,/xwing/active_reference/path.poses[0].pose.position.y,2.5998135430586182
0.24047030700000002,1758897556.959470307,/xwing/active_reference/path.poses[0].pose.position.y,2.599799158364514
0.24047308900000003,1758897556.959473089,/xwing/active_reference/path.poses[0].pose.position.y,2.599779137461478
0.24047478100000003,1758897556.959474781,/xwing/active_reference/path.poses[0].pose.position.y,2.599756340387681
0.24132286000000003,1758897556.960322860,/xwing/active_reference/path.poses[0].pose.position.y,2.599733538416904
0.24405858200000002,1758897556.963058582,/xwing/active_reference/path.poses[0].pose.position.y,2.5997036521485275
0.247284141,1758897556.966284141,/xwing/active_reference/path.poses[0].pose.position.y,2.5996879312106973
0.25067257600000004,1758897556.969672576,/xwing/active_reference/path.poses[0].pose.position.y,2.5996651112843274
0.254117673,1758897556.973117673,/xwing/active_reference/path.poses[0].pose.position.y,2.5996232891976434
0.257304865,1758897556.976304865,/xwing/active_reference/path.poses[0].pose.position.y,2.599599180365231
0.26066974800000003,1758897556.979669748,/xwing/active_reference/path.poses[0].pose.position.y,2.599564107270394
0.264015932,1758897556.983015932,/xwing/active_reference/path.poses[0].pose.position.y,2.599517899302183
0.26733833900000004,1758897556.986338339,/xwing/active_reference/path.poses[0].pose.position.y,2.5994940614401005
0.270609931,1758897556.989609931,/xwing/active_reference/path.poses[0].pose.position.y,2.5994590209620623
0.27396717000000004,1758897556.992967170,/xwing/active_reference/path.poses[0].pose.position.y,2.599395790015664
0.27740664600000003,1758897556.996406646,/xwing/active_reference/path.poses[0].pose.position.y,2.5993600796694714
0.280611838,1758897556.999611838,/xwing/active_reference/path.poses[0].pose.position.y,2.599307677965081
0.283909055,1758897557.002909055,/xwing/active_reference/path.poses[0].pose.position.y,2.5992383821734464
0.28744008600000004,1758897557.006440086,/xwing/active_reference/path.poses[0].pose.position.y,2.5992027919629854
0.290821176,1758897557.009821176,/xwing/active_reference/path.poses[0].pose.position.y,2.5991503414534542
0.294007326,1758897557.013007326,/xwing/active_reference/path.poses[0].pose.position.y,2.5990574356649607
0.29732139300000004,1758897557.016321393,/xwing/active_reference/path.poses[0].pose.position.y,2.5990056355800464
0.30076284200000003,1758897557.019762842,/xwing/active_reference/path.poses[0].pose.position.y,2.5989290703613945
0.30379499000000004,1758897557.022794990,/xwing/active_reference/path.poses[0].pose.position.y,2.5988271478827163
0.307241607,1758897557.026241607,/xwing/active_reference/path.poses[0].pose.position.y,2.5987758960628837
0.310859661,1758897557.029859661,/xwing/active_reference/path.poses[0].pose.position.y,2.5986993418095334
0.31401781700000003,1758897557.033017817,/xwing/active_reference/path.poses[0].pose.position.y,2.598565410150585
0.317443853,1758897557.036443853,/xwing/active_reference/path.poses[0].pose.position.y,2.5984921887266044
0.320696178,1758897557.039696178,/xwing/active_reference/path.poses[0].pose.position.y,2.5983828304269956
0.324017971,1758897557.043017971,/xwing/active_reference/path.poses[0].pose.position.y,2.59823651289113
0.327321846,1758897557.046321846,/xwing/active_reference/path.poses[0].pose.position.y,2.598163980683676
0.330853677,1758897557.049853677,/xwing/active_reference/path.poses[0].pose.position.y,2.5980546302160734
0.33398064,1758897557.052980640,/xwing/active_reference/path.poses[0].pose.position.y,2.5978655481749704
0.337448173,1758897557.056448173,/xwing/active_reference/path.poses[0].pose.position.y,2.5977641235712223
0.340761374,1758897557.059761374,/xwing/active_reference/path.poses[0].pose.position.y,2.5976109888667955
0.34408004400000003,1758897557.063080044,/xwing/active_reference/path.poses[0].pose.position.y,2.597457843197547
0.347205346,1758897557.066205346,/xwing/active_reference/path.poses[0].pose.position.y,2.597304642704188
0.350745811,1758897557.069745811,/xwing/active_reference/path.poses[0].pose.position.y,2.5971515737886937
0.35402326900000003,1758897557.073023269,/xwing/active_reference/path.poses[0].pose.position.y,2.5968902956856237
0.35741177700000004,1758897557.076411777,/xwing/active_reference/path.poses[0].pose.position.y,2.596751565997701
0.360696197,1758897557.079696197,/xwing/active_reference/path.poses[0].pose.position.y,2.5965412261124055
0.36398168200000003,1758897557.082981682,/xwing/active_reference/path.poses[0].pose.position.y,2.5962571210932435
0.367250228,1758897557.086250228,/xwing/active_reference/path.poses[0].pose.position.y,2.596120275091068
0.37054589400000004,1758897557.089545894,/xwing/active_reference/path.poses[0].pose.position.y,2.5959097845109134
0.37402123200000004,1758897557.093021232,/xwing/active_reference/path.poses[0].pose.position.y,2.5956529282354004
0.37729671200000003,1758897557.096296712,/xwing/active_reference/path.poses[0].pose.position.y,2.595368529347423
0.38061071,1758897557.099610710,/xwing/active_reference/path.poses[0].pose.position.y,2.5950841508201905
0.384044113,1758897557.103044113,/xwing/active_reference/path.poses[0].pose.position.y,2.594699678869899
0.387287619,1758897557.106287619,/xwing/active_reference/path.poses[0].pose.position.y,2.5945153326834904
0.39068091000000005,1758897557.109680910,/xwing/active_reference/path.poses[0].pose.position.y,2.594231076320729
0.394011543,1758897557.113011543,/xwing/active_reference/path.poses[0].pose.position.y,2.593888467054242
0.397283231,1758897557.116283231,/xwing/active_reference/path.poses[0].pose.position.y,2.5935100860141778
0.40057205500000004,1758897557.119572055,/xwing/active_reference/path.poses[0].pose.position.y,2.5931318674507637
0.40370959100000003,1758897557.122709591,/xwing/active_reference/path.poses[0].pose.position.y,2.5926184141550745
0.407165429,1758897557.126165429,/xwing/active_reference/path.poses[0].pose.position.y,2.5923755657211447
0.41035728800000004,1758897557.129357288,/xwing/active_reference/path.poses[0].pose.position.y,2.5919973471577307
0.414228715,1758897557.133228715,/xwing/active_reference/path.poses[0].pose.position.y,2.5913685510666764
0.417201776,1758897557.136201776,/xwing/active_reference/path.poses[0].pose.position.y,2.5910510096703008
0.420796867,1758897557.139796867,/xwing/active_reference/path.poses[0].pose.position.y,2.590555266043994
0.442346065,1758897557.161346065,/xwing/active_reference/path.poses[0].pose.position.y,2.590059486926305
0.442348956,1758897557.161348956,/xwing/active_reference/path.poses[0].pose.position.y,2.589564027231056
0.44235089400000005,1758897557.161350894,/xwing/active_reference/path.poses[0].pose.position.y,2.589068425570278
0.44235383800000005,1758897557.161353838,/xwing/active_reference/path.poses[0].pose.position.y,2.5884839921823057
0.442355867,1758897557.161355867,/xwing/active_reference/path.poses[0].pose.position.y,2.5878430212880406
0.442359535,1758897557.161359535,/xwing/active_reference/path.poses[0].pose.position.y,2.5872024174756825
0.44390557100000005,1758897557.162905571,/xwing/active_reference/path.poses[0].pose.position.y,2.586322155063514
0.447152152,1758897557.166152152,/xwing/active_reference/path.poses[0].pose.position.y,2.5859202462609607
0.45050225200000005,1758897557.169502252,/xwing/active_reference/path.poses[0].pose.position.y,2.5852800095305093
0.45405790300000004,1758897557.173057903,/xwing/active_reference/path.poses[0].pose.position.y,2.5842210256144953
0.457248723,1758897557.176248723,/xwing/active_reference/path.poses[0].pose.position.y,2.583712818957721
0.460558607,1758897557.179558607,/xwing/active_reference/path.poses[0].pose.position.y,2.5828958344405657
0.463887649,1758897557.182887649,/xwing/active_reference/path.poses[0].pose.position.y,2.581770306340618
0.467435044,1758897557.186435044,/xwing/active_reference/path.poses[0].pose.position.y,2.5812598740467614
0.470526302,1758897557.189526302,/xwing/active_reference/path.poses[0].pose.position.y,2.58044206955805
0.47408844600000005,1758897557.193088446,/xwing/active_reference/path.poses[0].pose.position.y,2.579495870018942
0.47738757400000004,1758897557.196387574,/xwing/active_reference/path.poses[0].pose.position.y,2.578464233879179
0.48028436900000004,1758897557.199284369,/xwing/active_reference/path.poses[0].pose.position.y,2.577432671607105
0.48396943000000003,1758897557.202969430,/xwing/active_reference/path.poses[0].pose.position.y,2.576400666128899
0.48723631100000003,1758897557.206236311,/xwing/active_reference/path.poses[0].pose.position.y,2.575369177724514
0.49075582500000003,1758897557.209755825,/xwing/active_reference/path.poses[0].pose.position.y,2.5743376893201284
0.49394729200000004,1758897557.212947292,/xwing/active_reference/path.poses[0].pose.position.y,2.5726530772075993
0.497214841,1758897557.216214841,/xwing/active_reference/path.poses[0].pose.position.y,2.5718675293831486
0.5005300030000001,1758897557.219530003,/xwing/active_reference/path.poses[0].pose.position.y,2.57058171065877
0.504165877,1758897557.223165877,/xwing/active_reference/path.poses[0].pose.position.y,2.5692954313646057
0.507187267,1758897557.226187267,/xwing/active_reference/path.poses[0].pose.position.y,2.5680074940192177
0.511230709,1758897557.230230709,/xwing/active_reference/path.poses[0].pose.position.y,2.5667225043204507
0.5141659660000001,1758897557.233165966,/xwing/active_reference/path.poses[0].pose.position.y,2.564641233797193
0.517141317,1758897557.236141317,/xwing/active_reference/path.poses[0].pose.position.y,2.563672645155765
0.520542226,1758897557.239542226,/xwing/active_reference/path.poses[0].pose.position.y,2.562085605336742
0.524084518,1758897557.243084518,/xwing/active_reference/path.poses[0].pose.position.y,2.5598737502706728
0.5271620450000001,1758897557.246162045,/xwing/active_reference/path.poses[0].pose.position.y,2.5589110711223055
0.531266568,1758897557.250266568,/xwing/active_reference/path.poses[0].pose.position.y,2.5573235767268927
0.533667584,1758897557.252667584,/xwing/active_reference/path.poses[0].pose.position.y,2.5547606578516824
0.537072308,1758897557.256072308,/xwing/active_reference/path.poses[0].pose.position.y,2.5535946404178897
0.540710063,1758897557.259710063,/xwing/active_reference/path.poses[0].pose.position.y,2.551655950795796
0.543740915,1758897557.262740915,/xwing/active_reference/path.poses[0].pose.position.y,2.548923630928919
0.547118948,1758897557.266118948,/xwing/active_reference/path.poses[0].pose.position.y,2.5477785715516084
0.5504061100000001,1758897557.269406110,/xwing/active_reference/path.poses[0].pose.position.y,2.5458409922901226
0.553740094,1758897557.272740094,/xwing/active_reference/path.poses[0].pose.position.y,2.542735730556386
0.5570919240000001,1758897557.276091924,/xwing/active_reference/path.poses[0].pose.position.y,2.5413211522713315
0.560460154,1758897557.279460154,/xwing/active_reference/path.poses[0].pose.position.y,2.53897885506826
0.5637858530000001,1758897557.282785853,/xwing/active_reference/path.poses[0].pose.position.y,2.535685671156602
0.567039049,1758897557.286039049,/xwing/active_reference/path.poses[0].pose.position.y,2.5342900635986076
0.5704599180000001,1758897557.289459918,/xwing/active_reference/path.poses[0].pose.position.y,2.53194474450981
0.5739967930000001,1758897557.292996793,/xwing/active_reference/path.poses[0].pose.position.y,2.5281901921678887
0.5772923400000001,1758897557.296292340,/xwing/active_reference/path.poses[0].pose.position.y,2.5265260293384
0.5806420990000001,1758897557.299642099,/xwing/active_reference/path.poses[0].pose.position.y,2.5237147993718168
0.5837600540000001,1758897557.302760054,/xwing/active_reference/path.poses[0].pose.position.y,2.5197480516770567
0.587071676,1758897557.306071676,/xwing/active_reference/path.poses[0].pose.position.y,2.5180945526886958
0.59053683,1758897557.309536830,/xwing/active_reference/path.poses[0].pose.position.y,2.515284932358509
0.593781911,1758897557.312781911,/xwing/active_reference/path.poses[0].pose.position.y,2.5107939636497902
0.597112372,1758897557.316112372,/xwing/active_reference/path.poses[0].pose.position.y,2.5088385068873023
0.600232426,1758897557.319232426,/xwing/active_reference/path.poses[0].pose.position.y,2.505501729426805
0.603596872,1758897557.322596872,/xwing/active_reference/path.poses[0].pose.position.y,2.5007712020112813
0.607141986,1758897557.326141986,/xwing/active_reference/path.poses[0].pose.position.y,2.498824589143209
0.610420308,1758897557.329420308,/xwing/active_reference/path.poses[0].pose.position.y,2.495487094610191
0.614140349,1758897557.333140349,/xwing/active_reference/path.poses[0].pose.position.y,2.4918078594350157
0.6170679880000001,1758897557.336067988,/xwing/active_reference/path.poses[0].pose.position.y,2.4878767239205963
0.620400739,1758897557.339400739,/xwing/active_reference/path.poses[0].pose.position.y,2.483952345837229
0.6236945570000001,1758897557.342694557,/xwing/active_reference/path.poses[0].pose.position.y,2.4800220550016907
0.627263211,1758897557.346263211,/xwing/active_reference/path.poses[0].pose.position.y,2.4760869776524914
0.648303831,1758897557.367303831,/xwing/active_reference/path.poses[0].pose.position.y,2.472153871220682
0.648305531,1758897557.367305531,/xwing/active_reference/path.poses[0].pose.position.y,2.467858561438454
0.648371334,1758897557.367371334,/xwing/active_reference/path.poses[0].pose.position.y,2.4632628122858096
0.6483749360000001,1758897557.367374936,/xwing/active_reference/path.poses[0].pose.position.y,2.45866805005138
0.6483769380000001,1758897557.367376938,/xwing/active_reference/path.poses[0].pose.position.y,2.4540759195988557
0.651528914,1758897557.370528914,/xwing/active_reference/path.poses[0].pose.position.y,2.449473262018709
0.6515305760000001,1758897557.370530576,/xwing/active_reference/path.poses[0].pose.position.y,2.4448834343753525
0.653737678,1758897557.372737678,/xwing/active_reference/path.poses[0].pose.position.y,2.4398930314814202
0.656909839,1758897557.375909839,/xwing/active_reference/path.poses[0].pose.position.y,2.4343934759442623
0.6614282340000001,1758897557.380428234,/xwing/active_reference/path.poses[0].pose.position.y,2.429236760739113
0.663691946,1758897557.382691946,/xwing/active_reference/path.poses[0].pose.position.y,2.4216012222213283
0.6670321290000001,1758897557.386032129,/xwing/active_reference/path.poses[0].pose.position.y,2.4185884985028934
0.670295765,1758897557.389295765,/xwing/active_reference/path.poses[0].pose.position.y,2.413261316525322
0.673715053,1758897557.392715053,/xwing/active_reference/path.poses[0].pose.position.y,2.407502915732391
0.677035676,1758897557.396035676,/xwing/active_reference/path.poses[0].pose.position.y,2.4013716831146334
0.680113415,1758897557.399113415,/xwing/active_reference/path.poses[0].pose.position.y,2.3952487863408645
0.6836530230000001,1758897557.402653023,/xwing/active_reference/path.poses[0].pose.position.y,2.386422882471711
0.6870170830000001,1758897557.406017083,/xwing/active_reference/path.poses[0].pose.position.y,2.3829955344066005
0.690223574,1758897557.409223574,/xwing/active_reference/path.poses[0].pose.position.y,2.376852456115807
0.693600132,1758897557.412600132,/xwing/active_reference/path.poses[0].pose.position.y,2.3702739978010188
0.696858673,1758897557.415858673,/xwing/active_reference/path.poses[0].pose.position.y,2.3629697441040154
0.7003331540000001,1758897557.419333154,/xwing/active_reference/path.poses[0].pose.position.y,2.3562797310979042
0.7036272170000001,1758897557.422627217,/xwing/active_reference/path.poses[0].pose.position.y,2.346157284997742
0.7067970800000001,1758897557.425797080,/xwing/active_reference/path.poses[0].pose.position.y,2.342288971478669
0.710315715,1758897557.429315715,/xwing/active_reference/path.poses[0].pose.position.y,2.3352898340791803
0.7136426520000001,1758897557.432642652,/xwing/active_reference/path.poses[0].pose.position.y,2.3242360686489145
0.7167385810000001,1758897557.435738581,/xwing/active_reference/path.poses[0].pose.position.y,2.3198639039687525
0.721445262,1758897557.440445262,/xwing/active_reference/path.poses[0].pose.position.y,2.3119295923859933
0.723716444,1758897557.442716444,/xwing/active_reference/path.poses[0].pose.position.y,2.300373490235388
0.727027442,1758897557.446027442,/xwing/active_reference/path.poses[0].pose.position.y,2.2960632413601028
0.730041299,1758897557.449041299,/xwing/active_reference/path.poses[0].pose.position.y,2.288123817463179
0.733651397,1758897557.452651397,/xwing/active_reference/path.poses[0].pose.position.y,2.2756121381658074
0.736937179,1758897557.455937179,/xwing/active_reference/path.poses[0].pose.position.y,2.2707434768706762
0.7401670220000001,1758897557.459167022,/xwing/active_reference/path.poses[0].pose.position.y,2.2618049140279006
0.743621761,1758897557.462621761,/xwing/active_reference/path.poses[0].pose.position.y,2.2488130771422328
0.7468431510000001,1758897557.465843151,/xwing/active_reference/path.poses[0].pose.position.y,2.243941857769448
0.750274701,1758897557.469274701,/xwing/active_reference/path.poses[0].pose.position.y,2.2350084110819806
0.7536474590000001,1758897557.472647459,/xwing/active_reference/path.poses[0].pose.position.y,2.2209303390321136
0.756955045,1758897557.475955045,/xwing/active_reference/path.poses[0].pose.position.y,2.2155515926395895
0.76030684,1758897557.479306840,/xwing/active_reference/path.poses[0].pose.position.y,2.2055613685170217
0.76361893,1758897557.482618930,/xwing/active_reference/path.poses[0].pose.position.y,2.1909367844675796
0.7670051290000001,1758897557.486005129,/xwing/active_reference/path.poses[0].pose.position.y,2.1855959367135562
0.77034855,1758897557.489348550,/xwing/active_reference/path.poses[0].pose.position.y,2.1756085728655923
0.7735865940000001,1758897557.492586594,/xwing/active_reference/path.poses[0].pose.position.y,2.1598694118006962
0.776892471,1758897557.495892471,/xwing/active_reference/path.poses[0].pose.position.y,2.153966863213927
0.7802324620000001,1758897557.499232462,/xwing/active_reference/path.poses[0].pose.position.y,2.142875758395005
0.783646543,1758897557.502646543,/xwing/active_reference/path.poses[0].pose.position.y,2.126561152223125
0.7870919890000001,1758897557.506091989,/xwing/active_reference/path.poses[0].pose.position.y,2.120680841440504
0.790433685,1758897557.509433685,/xwing/active_reference/path.poses[0].pose.position.y,2.1095722640611796
0.793779982,1758897557.512779982,/xwing/active_reference/path.poses[0].pose.position.y,2.092132473374429
0.7969251390000001,1758897557.515925139,/xwing/active_reference/path.poses[0].pose.position.y,2.0856802977505366
0.800384583,1758897557.519384583,/xwing/active_reference/path.poses[0].pose.position.y,2.0734489426835414
0.8036620440000001,1758897557.522662044,/xwing/active_reference/path.poses[0].pose.position.y,2.0553674281075005
0.807121081,1758897557.526121081,/xwing/active_reference/path.poses[0].pose.position.y,2.048964325121791
0.8103013160000001,1758897557.529301316,/xwing/active_reference/path.poses[0].pose.position.y,2.0367215781923607
0.8136599040000001,1758897557.532659904,/xwing/active_reference/path.poses[0].pose.position.y,2.01741036961977
0.8169073240000001,1758897557.535907324,/xwing/active_reference/path.poses[0].pose.position.y,2.010479450077925
0.8202737510000001,1758897557.539273751,/xwing/active_reference/path.poses[0].pose.position.y,1.9970729479121603
0.8232266330000001,1758897557.542226633,/xwing/active_reference/path.poses[0].pose.position.y,1.977184138737613
0.827161443,1758897557.546161443,/xwing/active_reference/path.poses[0].pose.position.y,1.9702397704260401
0.8302150540000001,1758897557.549215054,/xwing/active_reference/path.poses[0].pose.position.y,1.9568227013697752
0.852697833,1758897557.571697833,/xwing/active_reference/path.poses[0].pose.position.y,1.9428252007497802
0.8527015950000001,1758897557.571701595,/xwing/active_reference/path.poses[0].pose.position.y,1.928207340847256
0.852720209,1758897557.571720209,/xwing/active_reference/path.poses[0].pose.position.y,1.913595759195227
0.852722395,1758897557.571722395,/xwing/active_reference/path.poses[0].pose.position.y,1.8989810384179504
0.8527249,1758897557.571724900,/xwing/active_reference/path.poses[0].pose.position.y,1.8843715495160864
0.8527284140000001,1758897557.571728414,/xwing/active_reference/path.poses[0].pose.position.y,1.8697453186129023
0.8535838640000001,1758897557.572583864,/xwing/active_reference/path.poses[0].pose.position.y,1.8545565347584394
0.8568796420000001,1758897557.575879642,/xwing/active_reference/path.poses[0].pose.position.y,1.8370290176415789
0.860149802,1758897557.579149802,/xwing/active_reference/path.poses[0].pose.position.y,1.8229005363158461
0.863239288,1758897557.582239288,/xwing/active_reference/path.poses[0].pose.position.y,1.7990472561555182
0.866881289,1758897557.585881289,/xwing/active_reference/path.poses[0].pose.position.y,1.791277384270435
0.8700444530000001,1758897557.589044453,/xwing/active_reference/path.poses[0].pose.position.y,1.7754431555600176
0.8735713530000001,1758897557.592571353,/xwing/active_reference/path.poses[0].pose.position.y,1.7505809835540052
0.876790029,1758897557.595790029,/xwing/active_reference/path.poses[0].pose.position.y,1.7420313192593184
0.880083448,1758897557.599083448,/xwing/active_reference/path.poses[0].pose.position.y,1.7250258091323496
0.883518998,1758897557.602518998,/xwing/active_reference/path.poses[0].pose.position.y,1.6994681978675146
0.886838396,1758897557.605838396,/xwing/active_reference/path.poses[0].pose.position.y,1.6909904204466182
0.890230183,1758897557.609230183,/xwing/active_reference/path.poses[0].pose.position.y,1.6739288629265248
0.8934933580000001,1758897557.612493358,/xwing/active_reference/path.poses[0].pose.position.y,1.6469886718369235
0.896849903,1758897557.615849903,/xwing/active_reference/path.poses[0].pose.position.y,1.6382097916520533
0.900294903,1758897557.619294903,/xwing/active_reference/path.poses[0].pose.position.y,1.6200163147768647
0.903589894,1758897557.622589894,/xwing/active_reference/path.poses[0].pose.position.y,1.5923144469728487
0.9068123650000001,1758897557.625812365,/xwing/active_reference/path.poses[0].pose.position.y,1.5836293610264873
0.9100882320000001,1758897557.629088232,/xwing/active_reference/path.poses[0].pose.position.y,1.565438489546813
0.9133800940000001,1758897557.632380094,/xwing/active_reference/path.poses[0].pose.position.y,1.5368391068541984
0.9167150650000001,1758897557.635715065,/xwing/active_reference/path.poses[0].pose.position.y,1.5273491259613405
0.9202361440000001,1758897557.639236144,/xwing/active_reference/path.poses[0].pose.position.y,1.5080216827454118
0.923458679,1758897557.642458679,/xwing/active_reference/path.poses[0].pose.position.y,1.4886914707531467
0.926670184,1758897557.645670184,/xwing/active_reference/path.poses[0].pose.position.y,1.4693543368200408
0.9300380130000001,1758897557.649038013,/xwing/active_reference/path.poses[0].pose.position.y,1.4500172028869347
0.933674266,1758897557.652674266,/xwing/active_reference/path.poses[0].pose.position.y,1.4195259735930443
0.936749456,1758897557.655749456,/xwing/active_reference/path.poses[0].pose.position.y,1.4097629592946073
0.940169578,1758897557.659169578,/xwing/active_reference/path.poses[0].pose.position.y,1.389337551759217
0.943331145,1758897557.662331145,/xwing/active_reference/path.poses[0].pose.position.y,1.3583038599636614
0.946826432,1758897557.665826432,/xwing/active_reference/path.poses[0].pose.position.y,1.3484852742836577
0.950063489,1758897557.669063489,/xwing/active_reference/path.poses[0].pose.position.y,1.328058404343489
0.9534645350000001,1758897557.672464535,/xwing/active_reference/path.poses[0].pose.position.y,1.2959575218255595
0.956788881,1758897557.675788881,/xwing/active_reference/path.poses[0].pose.position.y,1.2857253529805737
0.960093217,1758897557.679093217,/xwing/active_reference/path.poses[0].pose.position.y,1.2642781865256627
0.963393598,1758897557.682393598,/xwing/active_reference/path.poses[0].pose.position.y,1.2312121412652346
0.966886796,1758897557.685886796,/xwing/active_reference/path.poses[0].pose.position.y,1.2213869249557314
0.9700537490000001,1758897557.689053749,/xwing/active_reference/path.poses[0].pose.position.y,1.199921330461478
0.9733477260000001,1758897557.692347726,/xwing/active_reference/path.poses[0].pose.position.y,1.1662216325090138
0.9767187730000001,1758897557.695718773,/xwing/active_reference/path.poses[0].pose.position.y,1.155664951836624
0.9800362210000001,1758897557.699036221,/xwing/active_reference/path.poses[0].pose.position.y,1.1332658717523976
0.983320759,1758897557.702320759,/xwing/active_reference/path.poses[0].pose.position.y,1.0986684950491563
0.986647221,1758897557.705647221,/xwing/active_reference/path.poses[0].pose.position.y,1.0884083953827486
0.9899268950000001,1758897557.708926895,/xwing/active_reference/path.poses[0].pose.position.y,1.0660157278608138
0.9932480220000001,1758897557.712248022,/xwing/active_reference/path.poses[0].pose.position.y,1.0309186567069495
0.9966107620000001,1758897557.715610762,/xwing/active_reference/path.poses[0].pose.position.y,1.0200721375704735
1.000158164,1758897557.719158164,/xwing/active_reference/path.poses[0].pose.position.y,0.9968367272712121
1.003434813,1758897557.722434813,/xwing/active_reference/path.poses[0].pose.position.y,0.9608547019842927
1.006676616,1758897557.725676616,/xwing/active_reference/path.poses[0].pose.position.y,0.9503925279805866
1.010195348,1758897557.729195348,/xwing/active_reference/path.poses[0].pose.position.y,0.9271354878686584
1.013389053,1758897557.732389053,/xwing/active_reference/path.poses[0].pose.position.y,0.8906126644412639
1.016725704,1758897557.735725704,/xwing/active_reference/path.poses[0].pose.position.y,0.8796095750051401
1.019801365,1758897557.738801365,/xwing/active_reference/path.poses[0].pose.position.y,0.8556324885540707
1.023404867,1758897557.742404867,/xwing/active_reference/path.poses[0].pose.position.y,0.8184479177790664
1.026774241,1758897557.745774241,/xwing/active_reference/path.poses[0].pose.position.y,0.8076662979227929
1.030059576,1758897557.749059576,/xwing/active_reference/path.poses[0].pose.position.y,0.7836874946532751
1.033241066,1758897557.752241066,/xwing/active_reference/path.poses[0].pose.position.y,0.7457772871216365
1.03681144,1758897557.755811440,/xwing/active_reference/path.poses[0].pose.position.y,0.7348339712304727
1.057115497,1758897557.776115497,/xwing/active_reference/path.poses[0].pose.position.y,0.7102436552548512
1.057122318,1758897557.776122318,/xwing/active_reference/path.poses[0].pose.position.y,0.685632202985862
1.057124073,1758897557.776124073,/xwing/active_reference/path.poses[0].pose.position.y,0.6610489324413631
1.057125557,1758897557.776125557,/xwing/active_reference/path.poses[0].pose.position.y,0.6364251506679093
1.057130479,1758897557.776130479,/xwing/active_reference/path.poses[0].pose.position.y,0.6116332490873343
1.057131904,1758897557.776131904,/xwing/active_reference/path.poses[0].pose.position.y,0.5865243525833592
1.060052486,1758897557.779052486,/xwing/active_reference/path.poses[0].pose.position.y,0.5614064725743737
1.063540892,1758897557.782540892,/xwing/active_reference/path.poses[0].pose.position.y,0.5224288410353942
1.066766439,1758897557.785766439,/xwing/active_reference/path.poses[0].pose.position.y,0.5112641410085105
1.071044023,1758897557.790044023,/xwing/active_reference/path.poses[0].pose.position.y,0.4861498544015291
1.0733566940000001,1758897557.792356694,/xwing/active_reference/path.poses[0].pose.position.y,0.44671946037062404
1.076800124,1758897557.795800124,/xwing/active_reference/path.poses[0].pose.position.y,0.4354466437237513
1.079953264,1758897557.798953264,/xwing/active_reference/path.poses[0].pose.position.y,0.4100108249786736
1.083458864,1758897557.802458864,/xwing/active_reference/path.poses[0].pose.position.y,0.37029355391197577
1.086746379,1758897557.805746379,/xwing/active_reference/path.poses[0].pose.position.y,0.35911003051044676
1.090041204,1758897557.809041204,/xwing/active_reference/path.poses[0].pose.position.y,0.33361225318696724
1.093336504,1758897557.812336504,/xwing/active_reference/path.poses[0].pose.position.y,0.2936445218972507
1.096603352,1758897557.815603352,/xwing/active_reference/path.poses[0].pose.position.y,0.2824378050932816
1.099719751,1758897557.818719751,/xwing/active_reference/path.poses[0].pose.position.y,0.25677151993679853
1.102985027,1758897557.821985027,/xwing/active_reference/path.poses[0].pose.position.y,0.2165427513505595
1.10645933,1758897557.825459330,/xwing/active_reference/path.poses[0].pose.position.y,0.20544262516230535
1.109903837,1758897557.828903837,/xwing/active_reference/path.poses[0].pose.position.y,0.17976163785193056
1.113165,1758897557.832165000,/xwing/active_reference/path.poses[0].pose.position.y,0.13923052492648266
1.116495741,1758897557.835495741,/xwing/active_reference/path.poses[0].pose.position.y,0.12833036899352054
1.119756653,1758897557.838756653,/xwing/active_reference/path.poses[0].pose.position.y,0.10258831012157667
1.123288513,1758897557.842288513,/xwing/active_reference/path.poses[0].pose.position.y,0.07686467923937575
1.126377504,1758897557.845377504,/xwing/active_reference/path.poses[0].pose.position.y,0.04667041804553221
1.12981487,1758897557.848814870,/xwing/active_reference/path.poses[0].pose.position.y,0.02536397630471934
1.133205915,1758897557.852205915,/xwing/active_reference/path.poses[0].pose.position.y,-0.01513351960575622
1.136565187,1758897557.855565187,/xwing/active_reference/path.poses[0].pose.position.y,-0.026000947908990244
1.1399063360000001,1758897557.858906336,/xwing/active_reference/path.poses[0].pose.position.y,-0.0516399947342871
1.14322706,1758897557.862227060,/xwing/active_reference/path.poses[0].pose.position.y,-0.09228031832981318
1.146541771,1758897557.865541771,/xwing/active_reference/path.poses[0].pose.position.y,-0.10296953183247007
1.149931302,1758897557.868931302,/xwing/active_reference/path.poses[0].pose.position.y,-0.12862878858360557
1.153935509,1758897557.872935509,/xwing/active_reference/path.poses[0].pose.position.y,-0.16899137240251275
1.156541021,1758897557.875541021,/xwing/active_reference/path.poses[0].pose.position.y,-0.17966708758074415
1.159877833,1758897557.878877833,/xwing/active_reference/path.poses[0].pose.position.y,-0.20507973336666044
1.163186163,1758897557.882186163,/xwing/active_reference/path.poses[0].pose.position.y,-0.2305178755723132
1.166550351,1758897557.885550351,/xwing/active_reference/path.poses[0].pose.position.y,-0.255950554259451
1.169981069,1758897557.888981069,/xwing/active_reference/path.poses[0].pose.position.y,-0.2813941599836187
1.172979131,1758897557.891979131,/xwing/active_reference/path.poses[0].pose.position.y,-0.3214893698981939
1.176580945,1758897557.895580945,/xwing/active_reference/path.poses[0].pose.position.y,-0.3317493831717966
1.179949798,1758897557.898949798,/xwing/active_reference/path.poses[0].pose.position.y,-0.35681525782500784
1.183158177,1758897557.902158177,/xwing/active_reference/path.poses[0].pose.position.y,-0.381879337828355
1.186533718,1758897557.905533718,/xwing/active_reference/path.poses[0].pose.position.y,-0.41173692761896685
1.18962961,1758897557.908629610,/xwing/active_reference/path.poses[0].pose.position.y,-0.43204877478192566
1.19316572,1758897557.912165720,/xwing/active_reference/path.poses[0].pose.position.y,-0.4715798721015071
1.196359473,1758897557.915359473,/xwing/active_reference/path.poses[0].pose.position.y,-0.48142786579861535
1.199643564,1758897557.918643564,/xwing/active_reference/path.poses[0].pose.position.y,-0.5059951117673923
1.203134354,1758897557.922134354,/xwing/active_reference/path.poses[0].pose.position.y,-0.5453396221092313
1.206356933,1758897557.925356933,/xwing/active_reference/path.poses[0].pose.position.y,-0.5550891710282178
1.209654175,1758897557.928654175,/xwing/active_reference/path.poses[0].pose.position.y,-0.5796599328819276
1.213014581,1758897557.932014581,/xwing/active_reference/path.poses[0].pose.position.y,-0.618418430293101
1.21628015,1758897557.935280150,/xwing/active_reference/path.poses[0].pose.position.y,-0.6278584886666828
1.219677916,1758897557.938677916,/xwing/active_reference/path.poses[0].pose.position.y,-0.6517632630253111
1.223102581,1758897557.942102581,/xwing/active_reference/path.poses[0].pose.position.y,-0.6756646145926508
1.226362109,1758897557.945362109,/xwing/active_reference/path.poses[0].pose.position.y,-0.7044194842070316
1.229800877,1758897557.948800877,/xwing/active_reference/path.poses[0].pose.position.y,-0.7234707405186187
1.233181412,1758897557.952181412,/xwing/active_reference/path.poses[0].pose.position.y,-0.7611452373419036
1.236446503,1758897557.955446503,/xwing/active_reference/path.poses[0].pose.position.y,-0.7702551049090663
1.239780428,1758897557.958780428,/xwing/active_reference/path.poses[0].pose.position.y,-0.7933401681880206
1.261182657,1758897557.980182657,/xwing/active_reference/path.poses[0].pose.position.y,-0.8164765500013346
1.261184887,1758897557.980184887,/xwing/active_reference/path.poses[0].pose.position.y,-0.8395665795900655
1.261187085,1758897557.980187085,/xwing/active_reference/path.poses[0].pose.position.y,-0.8626946842204183
1.261188824,1758897557.980188824,/xwing/active_reference/path.poses[0].pose.position.y,-0.8855000470237299
1.261193606,1758897557.980193606,/xwing/active_reference/path.poses[0].pose.position.y,-0.9077039486525911
1.261197433,1758897557.980197433,/xwing/active_reference/path.poses[0].pose.position.y,-0.9299142124309163
1.263169194,1758897557.982169194,/xwing/active_reference/path.poses[0].pose.position.y,-0.9657919637949725
1.266461035,1758897557.985461035,/xwing/active_reference/path.poses[0].pose.position.y,-0.9743490548238602
1.269737921,1758897557.988737921,/xwing/active_reference/path.poses[0].pose.position.y,-0.9965736334384792
1.27318048,1758897557.992180480,/xwing/active_reference/path.poses[0].pose.position.y,-1.0184141405939455
1.276428656,1758897557.995428656,/xwing/active_reference/path.poses[0].pose.position.y,-1.0442247833623157
1.279667842,1758897557.998667842,/xwing/active_reference/path.poses[0].pose.position.y,-1.060799673821529
1.283066072,1758897558.002066072,/xwing/active_reference/path.poses[0].pose.position.y,-1.0951769434237255
1.2863814740000001,1758897558.005381474,/xwing/active_reference/path.poses[0].pose.position.y,-1.1031836897577851
1.289769915,1758897558.008769915,/xwing/active_reference/path.poses[0].pose.position.y,-1.1244136300090952
1.293275385,1758897558.012275385,/xwing/active_reference/path.poses[0].pose.position.y,-1.157685489236787
1.296450398,1758897558.015450398,/xwing/active_reference/path.poses[0].pose.position.y,-1.1652442424053862
1.299727502,1758897558.018727502,/xwing/active_reference/path.poses[0].pose.position.y,-1.185287935968178
1.303030335,1758897558.022030335,/xwing/active_reference/path.poses[0].pose.position.y,-1.217942956069725
1.306274093,1758897558.025274093,/xwing/active_reference/path.poses[0].pose.position.y,-1.2253968661865844
1.309554962,1758897558.028554962,/xwing/active_reference/path.poses[0].pose.position.y,-1.245467847666952
1.313028255,1758897558.032028255,/xwing/active_reference/path.poses[0].pose.position.y,-1.2769727156652226
1.31641195,1758897558.035411950,/xwing/active_reference/path.poses[0].pose.position.y,-1.2839250715916857
1.319658979,1758897558.038658979,/xwing/active_reference/path.poses[0].pose.position.y,-1.3027481911172885
1.323257162,1758897558.042257162,/xwing/active_reference/path.poses[0].pose.position.y,-1.3334932936148893
1.326362428,1758897558.045362428,/xwing/active_reference/path.poses[0].pose.position.y,-1.340398473803193
1.329574556,1758897558.048574556,/xwing/active_reference/path.poses[0].pose.position.y,-1.359225636963495
1.333155295,1758897558.052155295,/xwing/active_reference/path.poses[0].pose.position.y,-1.3889246457580207
1.336373517,1758897558.055373517,/xwing/active_reference/path.poses[0].pose.position.y,-1.3951101389218463
1.3398425600000001,1758897558.058842560,/xwing/active_reference/path.poses[0].pose.position.y,-1.4126079306022172
1.343220502,1758897558.062220502,/xwing/active_reference/path.poses[0].pose.position.y,-1.4412814563359253
1.346431447,1758897558.065431447,/xwing/active_reference/path.poses[0].pose.position.y,-1.4476047668479426
1.3497079300000001,1758897558.068707930,/xwing/active_reference/path.poses[0].pose.position.y,-1.4651063171832641
1.35297677,1758897558.071976770,/xwing/active_reference/path.poses[0].pose.position.y,-1.492450671996513
1.356381484,1758897558.075381484,/xwing/active_reference/path.poses[0].pose.position.y,-1.4982165591429781
1.3594452320000001,1758897558.078445232,/xwing/active_reference/path.poses[0].pose.position.y,-1.5143036837483874
1.363098211,1758897558.082098211,/xwing/active_reference/path.poses[0].pose.position.y,-1.5303931119443466
1.366055065,1758897558.085055065,/xwing/active_reference/path.poses[0].pose.position.y,-1.5504251353665046
1.3696727800000001,1758897558.088672780,/xwing/active_reference/path.poses[0].pose.position.y,-1.5625731201315403
1.372783245,1758897558.091783245,/xwing/active_reference/path.poses[0].pose.position.y,-1.5876255191647655
1.376056356,1758897558.095056356,/xwing/active_reference/path.poses[0].pose.position.y,-1.5927698198102191
1.3796352010000001,1758897558.098635201,/xwing/active_reference/path.poses[0].pose.position.y,-1.6073718158113635
1.383176798,1758897558.102176798,/xwing/active_reference/path.poses[0].pose.position.y,-1.6219717214831109
1.386334581,1758897558.105334581,/xwing/active_reference/path.poses[0].pose.position.y,-1.6402683746930482
1.389346314,1758897558.108346314,/xwing/active_reference/path.poses[0].pose.position.y,-1.651185119967685
1.392832657,1758897558.111832657,/xwing/active_reference/path.poses[0].pose.position.y,-1.6737759373949785
1.396202613,1758897558.115202613,/xwing/active_reference/path.poses[0].pose.position.y,-1.6782998533825024
1.399499231,1758897558.118499231,/xwing/active_reference/path.poses[0].pose.position.y,-1.691334818082006
1.4031443270000001,1758897558.122144327,/xwing/active_reference/path.poses[0].pose.position.y,-1.712945245485058
1.4061977460000001,1758897558.125197746,/xwing/active_reference/path.poses[0].pose.position.y,-1.7174150163782202
1.409771758,1758897558.128771758,/xwing/active_reference/path.poses[0].pose.position.y,-1.7304537152221626
1.412934817,1758897558.131934817,/xwing/active_reference/path.poses[0].pose.position.y,-1.7505428108851955
1.416356724,1758897558.135356724,/xwing/active_reference/path.poses[0].pose.position.y,-1.7543954511381592
1.419489632,1758897558.138489632,/xwing/active_reference/path.poses[0].pose.position.y,-1.765813588004995
1.423068778,1758897558.142068778,/xwing/active_reference/path.poses[0].pose.position.y,-1.7772341772208144
1.426240418,1758897558.145240418,/xwing/active_reference/path.poses[0].pose.position.y,-1.7916515368943817
1.429525606,1758897558.148525606,/xwing/active_reference/path.poses[0].pose.position.y,-1.8000606415585527
1.4328741470000002,1758897558.151874147,/xwing/active_reference/path.poses[0].pose.position.y,-1.817450789476305
1.436375536,1758897558.155375536,/xwing/active_reference/path.poses[0].pose.position.y,-1.8207100195930688
1.439622451,1758897558.158622451,/xwing/active_reference/path.poses[0].pose.position.y,-1.8304493496488128
1.443035229,1758897558.162035229,/xwing/active_reference/path.poses[0].pose.position.y,-1.8467036526385807
1.44645993,1758897558.165459930,/xwing/active_reference/path.poses[0].pose.position.y,-1.849928707220202
1.466928398,1758897558.185928398,/xwing/active_reference/path.poses[0].pose.position.y,-1.8596771042546574
1.466931014,1758897558.185931014,/xwing/active_reference/path.poses[0].pose.position.y,-1.868891877032814
1.466932215,1758897558.185932215,/xwing/active_reference/path.poses[0].pose.position.y,-1.8769114614581166
1.466933958,1758897558.185933958,/xwing/active_reference/path.poses[0].pose.position.y,-1.884925878625413
1.466939736,1758897558.185939736,/xwing/active_reference/path.poses[0].pose.position.y,-1.8929431664916017
1.466948702,1758897558.185948702,/xwing/active_reference/path.poses[0].pose.position.y,-1.900962750916904
1.469480715,1758897558.188480715,/xwing/active_reference/path.poses[0].pose.position.y,-1.9089863543206556
1.472829218,1758897558.191829218,/xwing/active_reference/path.poses[0].pose.position.y,-1.920725565040915
1.476141756,1758897558.195141756,/xwing/active_reference/path.poses[0].pose.position.y,-1.9227575994324835
1.480444716,1758897558.199444716,/xwing/active_reference/path.poses[0].pose.position.y,-1.9290221799900389
1.483024353,1758897558.202024353,/xwing/active_reference/path.poses[0].pose.position.y,-1.939517962479144
1.48621669,1758897558.205216690,/xwing/active_reference/path.poses[0].pose.position.y,-1.9415190794786463
1.489649382,1758897558.208649382,/xwing/active_reference/path.poses[0].pose.position.y,-1.9477841081143479
1.49293118,1758897558.211931180,/xwing/active_reference/path.poses[0].pose.position.y,-1.9565707870685909
1.496229655,1758897558.215229655,/xwing/active_reference/path.poses[0].pose.position.y,-1.9579792050192215
1.499525644,1758897558.218525644,/xwing/active_reference/path.poses[0].pose.position.y,-1.9624462858006333
1.502900403,1758897558.221900403,/xwing/active_reference/path.poses[0].pose.position.y,-1.9669149659664993
1.506121454,1758897558.225121454,/xwing/active_reference/path.poses[0].pose.position.y,-1.9713804473634564
1.5093156200000002,1758897558.228315620,/xwing/active_reference/path.poses[0].pose.position.y,-1.9758488076524316
1.5131253949999999,1758897558.232125395,/xwing/active_reference/path.poses[0].pose.position.y,-1.9816344853908976
1.5159788220000001,1758897558.234978822,/xwing/active_reference/path.poses[0].pose.position.y,-1.9824585750674009
1.5194758720000001,1758897558.238475872,/xwing/active_reference/path.poses[0].pose.position.y,-1.985113383573018
1.523163581,1758897558.242163581,/xwing/active_reference/path.poses[0].pose.position.y,-1.9896110802061553
1.525997275,1758897558.244997275,/xwing/active_reference/path.poses[0].pose.position.y,-1.990425852763566
1.529388891,1758897558.248388891,/xwing/active_reference/path.poses[0].pose.position.y,-1.993083133157922
1.533135185,1758897558.252135185,/xwing/active_reference/path.poses[0].pose.position.y,-1.9958065837501353
1.536102981,1758897558.255102981,/xwing/active_reference/path.poses[0].pose.position.y,-1.9960604062961032
1.5394276960000002,1758897558.258427696,/xwing/active_reference/path.poses[0].pose.position.y,-1.9968903137764122
1.5427897110000002,1758897558.261789711,/xwing/active_reference/path.poses[0].pose.position.y,-1.997721828105195
1.5463294900000002,1758897558.265329490,/xwing/active_reference/path.poses[0].pose.position.y,-1.9985531638952587
1.549502097,1758897558.268502097,/xwing/active_reference/path.poses[0].pose.position.y,-1.9993842616336965
1.552841474,1758897558.271841474,/xwing/active_reference/path.poses[0].pose.position.y,-1.9990170304778787
1.5559798759999999,1758897558.274979876,/xwing/active_reference/path.poses[0].pose.position.y,-1.998719084325135
1.5593114319999999,1758897558.278311432,/xwing/active_reference/path.poses[0].pose.position.y,-1.9977227421114314
1.562859654,1758897558.281859654,/xwing/active_reference/path.poses[0].pose.position.y,-1.9967251150317122
1.566150481,1758897558.285150481,/xwing/active_reference/path.poses[0].pose.position.y,-1.9957289155808995
1.569413025,1758897558.288413025,/xwing/active_reference/path.poses[0].pose.position.y,-1.9947317167898522
1.572807439,1758897558.291807439,/xwing/active_reference/path.poses[0].pose.position.y,-1.9912529131146097
1.576104492,1758897558.295104492,/xwing/active_reference/path.poses[0].pose.position.y,-1.9904293430481368
1.579440005,1758897558.298440005,/xwing/active_reference/path.poses[0].pose.position.y,-1.9876092211366931
1.582616226,1758897558.301616226,/xwing/active_reference/path.poses[0].pose.position.y,-1.98278709728425
1.586300338,1758897558.305300338,/xwing/active_reference/path.poses[0].pose.position.y,-1.9819701884462562
1.589455595,1758897558.308455595,/xwing/active_reference/path.poses[0].pose.position.y,-1.9791528925105306
1.592784047,1758897558.311784047,/xwing/active_reference/path.poses[0].pose.position.y,-1.972544576349564
1.5961033709999999,1758897558.315103371,/xwing/active_reference/path.poses[0].pose.position.y,-1.9712347318800765
1.5995175650000002,1758897558.318517565,/xwing/active_reference/path.poses[0].pose.position.y,-1.9666120241417435
1.602792919,1758897558.321792919,/xwing/active_reference/path.poses[0].pose.position.y,-1.9586655239645292
1.606215046,1758897558.325215046,/xwing/active_reference/path.poses[0].pose.position.y,-1.957357004242925
1.609217864,1758897558.328217864,/xwing/active_reference/path.poses[0].pose.position.y,-1.9527306534479134
1.61269758,1758897558.331697580,/xwing/active_reference/path.poses[0].pose.position.y,-1.9430397185644046
1.616128019,1758897558.335128019,/xwing/active_reference/path.poses[0].pose.position.y,-1.9412263772370966
1.6191795880000002,1758897558.338179588,/xwing/active_reference/path.poses[0].pose.position.y,-1.9348306113922205
1.6230297280000001,1758897558.342029728,/xwing/active_reference/path.poses[0].pose.position.y,-1.923806560095854
1.6260767760000001,1758897558.345076776,/xwing/active_reference/path.poses[0].pose.position.y,-1.9220207353288994
1.629447512,1758897558.348447512,/xwing/active_reference/path.poses[0].pose.position.y,-1.9156254280933627
1.632742367,1758897558.351742367,/xwing/active_reference/path.poses[0].pose.position.y,-1.902877938725446
1.636022937,1758897558.355022937,/xwing/active_reference/path.poses[0].pose.position.y,-1.9006374346165593
1.639445268,1758897558.358445268,/xwing/active_reference/path.poses[0].pose.position.y,-1.8924908893458725
1.642685936,1758897558.361685936,/xwing/active_reference/path.poses[0].pose.position.y,-1.8784114705288475
1.646111722,1758897558.365111722,/xwing/active_reference/path.poses[0].pose.position.y,-1.8761977988044984
1.6492912940000002,1758897558.368291294,/xwing/active_reference/path.poses[0].pose.position.y,-1.8680530034719336
1.6541087920000002,1758897558.373108792,/xwing/active_reference/path.poses[0].pose.position.y,-1.8594959221499612
1.67133764,1758897558.390337640,/xwing/active_reference/path.poses[0].pose.position.y,-1.849656861719916
1.671340259,1758897558.390340259,/xwing/active_reference/path.poses[0].pose.position.y,-1.839817801289871
1.671342894,1758897558.390342894,/xwing/active_reference/path.poses[0].pose.position.y,-1.829980149760868
1.671344655,1758897558.390344655,/xwing/active_reference/path.poses[0].pose.position.y,-1.8201424982318655
1.6713466060000002,1758897558.390346606,/xwing/active_reference/path.poses[0].pose.position.y,-1.810294279945044
1.672699619,1758897558.391699619,/xwing/active_reference/path.poses[0].pose.position.y,-1.7916155602908628
1.676194013,1758897558.395194013,/xwing/active_reference/path.poses[0].pose.position.y,-1.7886060457963195
1.67910708,1758897558.398107080,/xwing/active_reference/path.poses[0].pose.position.y,-1.7771378658697743
1.68280235,1758897558.401802350,/xwing/active_reference/path.poses[0].pose.position.y,-1.7656713282430896
1.686118478,1758897558.405118478,/xwing/active_reference/path.poses[0].pose.position.y,-1.7501647329593375
1.68938406,1758897558.408384060,/xwing/active_reference/path.poses[0].pose.position.y,-1.7427226511410443
1.692713817,1758897558.411713817,/xwing/active_reference/path.poses[0].pose.position.y,-1.7308676834664223
1.695781766,1758897558.414781766,/xwing/active_reference/path.poses[0].pose.position.y,-1.7178710695070125
1.6993026960000002,1758897558.418302696,/xwing/active_reference/path.poses[0].pose.position.y,-1.7048502098732867
1.7026195990000002,1758897558.421619599,/xwing/active_reference/path.poses[0].pose.position.y,-1.6820872517941312
1.705942333,1758897558.424942333,/xwing/active_reference/path.poses[0].pose.position.y,-1.6787991653464827
1.709535968,1758897558.428535968,/xwing/active_reference/path.poses[0].pose.position.y,-1.665779238238692
1.712865561,1758897558.431865561,/xwing/active_reference/path.poses[0].pose.position.y,-1.6524235790267383
1.715999646,1758897558.434999646,/xwing/active_reference/path.poses[0].pose.position.y,-1.632854659105112
1.719296988,1758897558.438296988,/xwing/active_reference/path.poses[0].pose.position.y,-1.6234396198406666
1.722833102,1758897558.441833102,/xwing/active_reference/path.poses[0].pose.position.y,-1.5980336453767163
1.725722876,1758897558.444722876,/xwing/active_reference/path.poses[0].pose.position.y,-1.5944276427927917
1.729498141,1758897558.448498141,/xwing/active_reference/path.poses[0].pose.position.y,-1.5799455213363163
1.7328037250000001,1758897558.451803725,/xwing/active_reference/path.poses[0].pose.position.y,-1.55317185245665
1.736079416,1758897558.455079416,/xwing/active_reference/path.poses[0].pose.position.y,-1.5492964604190345
1.73942702,1758897558.458427020,/xwing/active_reference/path.poses[0].pose.position.y,-1.5334371113506797
1.7429640320000002,1758897558.461964032,/xwing/active_reference/path.poses[0].pose.position.y,-1.5053178028292116
1.745990166,1758897558.464990166,/xwing/active_reference/path.poses[0].pose.position.y,-1.5017081909020304
1.74917096,1758897558.468170960,/xwing/active_reference/path.poses[0].pose.position.y,-1.4858442985839246
1.7528414780000001,1758897558.471841478,/xwing/active_reference/path.poses[0].pose.position.y,-1.4563914675174898
1.755950721,1758897558.474950721,/xwing/active_reference/path.poses[0].pose.position.y,-1.4525870568099162
1.7592196150000001,1758897558.478219615,/xwing/active_reference/path.poses[0].pose.position.y,-1.435420005979285
1.762853588,1758897558.481853588,/xwing/active_reference/path.poses[0].pose.position.y,-1.4051551402633782
1.765988894,1758897558.484988894,/xwing/active_reference/path.poses[0].pose.position.y,-1.401197474209866
1.76930162,1758897558.488301620,/xwing/active_reference/path.poses[0].pose.position.y,-1.3840794650899353
1.7726533670000002,1758897558.491653367,/xwing/active_reference/path.poses[0].pose.position.y,-1.3527057527845994
1.775928066,1758897558.494928066,/xwing/active_reference/path.poses[0].pose.position.y,-1.3484649145450216
1.7792581850000002,1758897558.498258185,/xwing/active_reference/path.poses[0].pose.position.y,-1.3302095639978422
1.7825774060000001,1758897558.501577406,/xwing/active_reference/path.poses[0].pose.position.y,-1.297861239751024
1.786119217,1758897558.505119217,/xwing/active_reference/path.poses[0].pose.position.y,-1.2936674783466686
1.789205045,1758897558.508205045,/xwing/active_reference/path.poses[0].pose.position.y,-1.2754082047298871
1.792565663,1758897558.511565663,/xwing/active_reference/path.poses[0].pose.position.y,-1.2569147163999148
1.7960893320000002,1758897558.515089332,/xwing/active_reference/path.poses[0].pose.position.y,-1.230392847975788
1.799324012,1758897558.518324012,/xwing/active_reference/path.poses[0].pose.position.y,-1.2183891425146027
1.8026887340000002,1758897558.521688734,/xwing/active_reference/path.poses[0].pose.position.y,-1.1840230499192441
1.805918802,1758897558.524918802,/xwing/active_reference/path.poses[0].pose.position.y,-1.1798456279336145
1.809001639,1758897558.528001639,/xwing/active_reference/path.poses[0].pose.position.y,-1.1605690404558227
1.812538611,1758897558.531538611,/xwing/active_reference/path.poses[0].pose.position.y,-1.1411182539079496
1.816039071,1758897558.535039071,/xwing/active_reference/path.poses[0].pose.position.y,-1.1209550593436644
1.819361588,1758897558.538361588,/xwing/active_reference/path.poses[0].pose.position.y,-1.1008091759573695
1.8226627560000002,1758897558.541662756,/xwing/active_reference/path.poses[0].pose.position.y,-1.064636026948322
1.825876734,1758897558.544876734,/xwing/active_reference/path.poses[0].pose.position.y,-1.0605174091847793
1.829191628,1758897558.548191628,/xwing/active_reference/path.poses[0].pose.position.y,-1.0403643128076552
1.83263761,1758897558.551637610,/xwing/active_reference/path.poses[0].pose.position.y,-1.00344066965418
1.8359670380000002,1758897558.554967038,/xwing/active_reference/path.poses[0].pose.position.y,-0.9992041331329669
1.8392048920000001,1758897558.558204892,/xwing/active_reference/path.poses[0].pose.position.y,-0.9783368736765049
1.842515163,1758897558.561515163,/xwing/active_reference/path.poses[0].pose.position.y,-0.9574591499449375
1.845811361,1758897558.564811361,/xwing/active_reference/path.poses[0].pose.position.y,-0.9284148069418857
1.8492098060000002,1758897558.568209806,/xwing/active_reference/path.poses[0].pose.position.y,-0.9156947331031412
1.852632748,1758897558.571632748,/xwing/active_reference/path.poses[0].pose.position.y,-0.8776967369598874
1.856071937,1758897558.575071937,/xwing/active_reference/path.poses[0].pose.position.y,-0.8732481149002456
1.876679942,1758897558.595679942,/xwing/active_reference/path.poses[0].pose.position.y,-0.8517287700562993
1.876683415,1758897558.595683415,/xwing/active_reference/path.poses[0].pose.position.y,-0.8303108445753709
1.876685856,1758897558.595685856,/xwing/active_reference/path.poses[0].pose.position.y,-0.8088483560409951
1.876693036,1758897558.595693036,/xwing/active_reference/path.poses[0].pose.position.y,-0.7873874041636348
1.8766946130000002,1758897558.595694613,/xwing/active_reference/path.poses[0].pose.position.y,-0.7658528277129127
1.87669602,1758897558.595696020,/xwing/active_reference/path.poses[0].pose.position.y,-0.7439515843586759
1.879294892,1758897558.598294892,/xwing/active_reference/path.poses[0].pose.position.y,-0.7220628828760808
1.882728797,1758897558.601728797,/xwing/active_reference/path.poses[0].pose.position.y,-0.682515226122038
1.885979869,1758897558.604979869,/xwing/active_reference/path.poses[0].pose.position.y,-0.6782494220299207
1.890147475,1758897558.609147475,/xwing/active_reference/path.poses[0].pose.position.y,-0.6563732624189672
1.892555229,1758897558.611555229,/xwing/active_reference/path.poses[0].pose.position.y,-0.6343931958500295
1.8956988090000002,1758897558.614698809,/xwing/active_reference/path.poses[0].pose.position.y,-0.6122324055796213
1.899077031,1758897558.618077031,/xwing/active_reference/path.poses[0].pose.position.y,-0.5900668509139997
1.902327195,1758897558.621327195,/xwing/active_reference/path.poses[0].pose.position.y,-0.5678885911944748
1.9055747090000001,1758897558.624574709,/xwing/active_reference/path.poses[0].pose.position.y,-0.5457039789479985
1.908981566,1758897558.627981566,/xwing/active_reference/path.poses[0].pose.position.y,-0.5235130141745706
1.9127623740000002,1758897558.631762374,/xwing/active_reference/path.poses[0].pose.position.y,-0.48294136170196833
1.915540482,1758897558.634540482,/xwing/active_reference/path.poses[0].pose.position.y,-0.478973513685815
1.918956957,1758897558.637956957,/xwing/active_reference/path.poses[0].pose.position.y,-0.4566685508950503
1.922339896,1758897558.641339896,/xwing/active_reference/path.poses[0].pose.position.y,-0.43436358810428566
1.925604886,1758897558.644604886,/xwing/active_reference/path.poses[0].pose.position.y,-0.4120394492457828
1.928984492,1758897558.647984492,/xwing/active_reference/path.poses[0].pose.position.y,-0.3897089183647006
1.932273103,1758897558.651273103,/xwing/active_reference/path.poses[0].pose.position.y,-0.3673951395617495
1.935515143,1758897558.654515143,/xwing/active_reference/path.poses[0].pose.position.y,-0.33573915239538715
1.938918862,1758897558.657918862,/xwing/active_reference/path.poses[0].pose.position.y,-0.322769368211652
1.942309281,1758897558.661309281,/xwing/active_reference/path.poses[0].pose.position.y,-0.30045808019417697
1.945544022,1758897558.664544022,/xwing/active_reference/path.poses[0].pose.position.y,-0.26837072548290103
1.948960001,1758897558.667960001,/xwing/active_reference/path.poses[0].pose.position.y,-0.2558211252410631
1.952255369,1758897558.671255369,/xwing/active_reference/path.poses[0].pose.position.y,-0.2335139819405438
1.955793876,1758897558.674793876,/xwing/active_reference/path.poses[0].pose.position.y,-0.2113568610926496
1.9590401610000001,1758897558.678040161,/xwing/active_reference/path.poses[0].pose.position.y,-0.18914735183836576
1.96236539,1758897558.681365390,/xwing/active_reference/path.poses[0].pose.position.y,-0.16697911829820705
1.9656733960000001,1758897558.684673396,/xwing/active_reference/path.poses[0].pose.position.y,-0.1448140598129811
1.969257077,1758897558.688257077,/xwing/active_reference/path.poses[0].pose.position.y,-0.12259820044883185
1.972541705,1758897558.691541705,/xwing/active_reference/path.poses[0].pose.position.y,-0.08240180332186915
1.975842653,1758897558.694842653,/xwing/active_reference/path.poses[0].pose.position.y,-0.07860994221937916
1.9792236760000002,1758897558.698223676,/xwing/active_reference/path.poses[0].pose.position.y,-0.05668207050882599
1.982540782,1758897558.701540782,/xwing/active_reference/path.poses[0].pose.position.y,-0.034807516944461686
1.985825312,1758897558.704825312,/xwing/active_reference/path.poses[0].pose.position.y,-0.012917281572394775
1.989081373,1758897558.708081373,/xwing/active_reference/path.poses[0].pose.position.y,0.00899020378814501
1.992772277,1758897558.711772277,/xwing/active_reference/path.poses[0].pose.position.y,0.048848657345625913
1.995755194,1758897558.714755194,/xwing/active_reference/path.poses[0].pose.position.y,0.05234512137336145
1.999214671,1758897558.718214671,/xwing/active_reference/path.poses[0].pose.position.y,0.07384760499767343
2.002521389,1758897558.721521389,/xwing/active_reference/path.poses[0].pose.position.y,0.11338537377650322
2.005722119,1758897558.724722119,/xwing/active_reference/path.poses[0].pose.position.y,0.11689724072947108
2.009111118,1758897558.728111118,/xwing/active_reference/path.poses[0].pose.position.y,0.13839972435378303
2.012459703,1758897558.731459703,/xwing/active_reference/path.poses[0].pose.position.y,0.15984877496764244
2.015730267,1758897558.734730267,/xwing/active_reference/path.poses[0].pose.position.y,0.18085615160021234
2.019172157,1758897558.738172157,/xwing/active_reference/path.poses[0].pose.position.y,0.20187556511955068
2.022410075,1758897558.741410075,/xwing/active_reference/path.poses[0].pose.position.y,0.22288745558465875
2.025731167,1758897558.744731167,/xwing/active_reference/path.poses[0].pose.position.y,0.25322793329528565
2.029077238,1758897558.748077238,/xwing/active_reference/path.poses[0].pose.position.y,0.26492477801248937
2.032391242,1758897558.751391242,/xwing/active_reference/path.poses[0].pose.position.y,0.2858570920802779
2.035705795,1758897558.754705795,/xwing/active_reference/path.poses[0].pose.position.y,0.30627721215529335
2.039084399,1758897558.758084399,/xwing/active_reference/path.poses[0].pose.position.y,0.3266987942565189
2.042324602,1758897558.761324602,/xwing/active_reference/path.poses[0].pose.position.y,0.34711452825290445
2.045624518,1758897558.764624518,/xwing/active_reference/path.poses[0].pose.position.y,0.36753026224929
2.048991619,1758897558.767991619,/xwing/active_reference/path.poses[0].pose.position.y,0.38796646461261547
2.052301766,1758897558.771301766,/xwing/active_reference/path.poses[0].pose.position.y,0.42510363427363274
2.05577891,1758897558.774778910,/xwing/active_reference/path.poses[0].pose.position.y,0.4280420318905283
2.059126138,1758897558.778126138,/xwing/active_reference/path.poses[0].pose.position.y,0.4478306346005597
2.080420686,1758897558.799420686,/xwing/active_reference/path.poses[0].pose.position.y,0.4675471554065691
2.080423008,1758897558.799423008,/xwing/active_reference/path.poses[0].pose.position.y,0.48726226284191143
2.080424175,1758897558.799424175,/xwing/active_reference/path.poses[0].pose.position.y,0.507009877802597
2.080425504,1758897558.799425504,/xwing/active_reference/path.poses[0].pose.position.y,0.5266608963207274
2.080426788,1758897558.799426788,/xwing/active_reference/path.poses[0].pose.position.y,0.5456310555308848
2.080506032,1758897558.799506032,/xwing/active_reference/path.poses[0].pose.position.y,0.5646175296489845
2.082277917,1758897558.801277917,/xwing/active_reference/path.poses[0].pose.position.y,0.5999868904926913
2.08537956,1758897558.804379560,/xwing/active_reference/path.poses[0].pose.position.y,0.6026108715201122
2.088981621,1758897558.807981621,/xwing/active_reference/path.poses[0].pose.position.y,0.6216123009704925
2.092221606,1758897558.811221606,/xwing/active_reference/path.poses[0].pose.position.y,0.6405384408829007
2.095673168,1758897558.814673168,/xwing/active_reference/path.poses[0].pose.position.y,0.658682207448559
2.099079967,1758897558.818079967,/xwing/active_reference/path.poses[0].pose.position.y,0.6768624177347222
2.102282444,1758897558.821282444,/xwing/active_reference/path.poses[0].pose.position.y,0.6950400248979923
2.105872663,1758897558.824872663,/xwing/active_reference/path.poses[0].pose.position.y,0.7132072195696896
2.109001725,1758897558.828001725,/xwing/active_reference/path.poses[0].pose.position.y,0.7313887314172994
2.112375056,1758897558.831375056,/xwing/active_reference/path.poses[0].pose.position.y,0.7494842440701237
2.115630621,1758897558.834630621,/xwing/active_reference/path.poses[0].pose.position.y,0.7668115738460426
2.119077145,1758897558.838077145,/xwing/active_reference/path.poses[0].pose.position.y,0.7841277415027158
2.122289879,1758897558.841289879,/xwing/active_reference/path.poses[0].pose.position.y,0.8014513505722195
2.125609074,1758897558.844609074,/xwing/active_reference/path.poses[0].pose.position.y,0.8187786803481384
2.129000575,1758897558.848000575,/xwing/active_reference/path.poses[0].pose.position.y,0.836097328475755
2.132364623,1758897558.851364623,/xwing/active_reference/path.poses[0].pose.position.y,0.8533291633353067
2.135600073,1758897558.854600073,/xwing/active_reference/path.poses[0].pose.position.y,0.8697598102319163
2.139069212,1758897558.858069212,/xwing/active_reference/path.poses[0].pose.position.y,0.8861810453302177
2.142223425,1758897558.861223425,/xwing/active_reference/path.poses[0].pose.position.y,0.9170752732770148
2.145636697,1758897558.864636697,/xwing/active_reference/path.poses[0].pose.position.y,0.9190517509217452
2.148877233,1758897558.867877233,/xwing/active_reference/path.poses[0].pose.position.y,0.9354906331418744
2.152236715,1758897558.871236715,/xwing/active_reference/path.poses[0].pose.position.y,0.9518286598777076
2.155720605,1758897558.874720605,/xwing/active_reference/path.poses[0].pose.position.y,0.9673508785321255
2.1591826100000002,1758897558.878182610,/xwing/active_reference/path.poses[0].pose.position.y,0.9829075416230708
2.162457996,1758897558.881457996,/xwing/active_reference/path.poses[0].pose.position.y,0.9984075380603745
2.165585308,1758897558.884585308,/xwing/active_reference/path.poses[0].pose.position.y,1.0139142011628126
2.168890662,1758897558.887890662,/xwing/active_reference/path.poses[0].pose.position.y,1.029430864262952
2.17198172,1758897558.890981720,/xwing/active_reference/path.poses[0].pose.position.y,1.044865210650762
2.175564268,1758897558.894564268,/xwing/active_reference/path.poses[0].pose.position.y,1.0665817219466005
2.178905793,1758897558.897905793,/xwing/active_reference/path.poses[0].pose.position.y,1.0740507891045012
2.182337933,1758897558.901337933,/xwing/active_reference/path.poses[0].pose.position.y,1.0886524601263963
2.185565247,1758897558.904565247,/xwing/active_reference/path.poses[0].pose.position.y,1.110412857938831
2.188891732,1758897558.907891732,/xwing/active_reference/path.poses[0].pose.position.y,1.117840128414259
2.192246756,1758897558.911246756,/xwing/active_reference/path.poses[0].pose.position.y,1.1323840770473645
2.195511256,1758897558.914511256,/xwing/active_reference/path.poses[0].pose.position.y,1.1460247702892703
2.198875697,1758897558.917875697,/xwing/active_reference/path.poses[0].pose.position.y,1.1596879713111146
2.202208163,1758897558.921208163,/xwing/active_reference/path.poses[0].pose.position.y,1.1733638941216198
2.205517815,1758897558.924517815,/xwing/active_reference/path.poses[0].pose.position.y,1.1870339453373584
2.208829225,1758897558.927829225,/xwing/active_reference/path.poses[0].pose.position.y,1.2006991035574581
2.212183742,1758897558.931183742,/xwing/active_reference/path.poses[0].pose.position.y,1.2142939272521331
2.215528029,1758897558.934528029,/xwing/active_reference/path.poses[0].pose.position.y,1.2334259724989771
2.218643396,1758897558.937643396,/xwing/active_reference/path.poses[0].pose.position.y,1.2398054507542342
2.222416225,1758897558.941416225,/xwing/active_reference/path.poses[0].pose.position.y,1.2641139191210615
2.225473515,1758897558.944473515,/xwing/active_reference/path.poses[0].pose.position.y,1.2653032824300614
2.229012837,1758897558.948012837,/xwing/active_reference/path.poses[0].pose.position.y,1.2780467215374653
2.232258129,1758897558.951258129,/xwing/active_reference/path.poses[0].pose.position.y,1.2907323699983873
2.23546843,1758897558.954468430,/xwing/active_reference/path.poses[0].pose.position.y,1.302577765713823
2.238899125,1758897558.957899125,/xwing/active_reference/path.poses[0].pose.position.y,1.3144172251627921
2.242320425,1758897558.961320425,/xwing/active_reference/path.poses[0].pose.position.y,1.337033552363176
2.245190301,1758897558.964190301,/xwing/active_reference/path.poses[0].pose.position.y,1.3381063205175308
2.248833346,1758897558.967833346,/xwing/active_reference/path.poses[0].pose.position.y,1.3499542603471666
2.252421677,1758897558.971421677,/xwing/active_reference/path.poses[0].pose.position.y,1.3717433749288825
2.255467411,1758897558.974467411,/xwing/active_reference/path.poses[0].pose.position.y,1.3726984915695455
2.258705509,1758897558.977705509,/xwing/active_reference/path.poses[0].pose.position.y,1.3836905734669385
2.26219288,1758897558.981192880,/xwing/active_reference/path.poses[0].pose.position.y,1.394647338808185
2.265675496,1758897558.984675496,/xwing/active_reference/path.poses[0].pose.position.y,1.4055915471516909
2.2857228960000002,1758897559.004722896,/xwing/active_reference/path.poses[0].pose.position.y,1.4165538061794491
2.2857241950000002,1758897559.004724195,/xwing/active_reference/path.poses[0].pose.position.y,1.4274592066632286
2.285725184,1758897559.004725184,/xwing/active_reference/path.poses[0].pose.position.y,1.4375691554185615
2.285767661,1758897559.004767661,/xwing/active_reference/path.poses[0].pose.position.y,1.4476682511551202
2.285770001,1758897559.004770001,/xwing/active_reference/path.poses[0].pose.position.y,1.457779646979623
2.285773451,1758897559.004773451,/xwing/active_reference/path.poses[0].pose.position.y,1.4678881486657858
2.288616651,1758897559.007616651,/xwing/active_reference/path.poses[0].pose.position.y,1.4779886914715146
2.292151901,1758897559.011151901,/xwing/active_reference/path.poses[0].pose.position.y,1.4880739410956154
2.2953487470000002,1758897559.014348747,/xwing/active_reference/path.poses[0].pose.position.y,1.5022111052346465
2.299254491,1758897559.018254491,/xwing/active_reference/path.poses[0].pose.position.y,1.5066133948901614
2.302209501,1758897559.021209501,/xwing/active_reference/path.poses[0].pose.position.y,1.5159003986977804
2.305531523,1758897559.024531523,/xwing/active_reference/path.poses[0].pose.position.y,1.5251780995536748
2.308803521,1758897559.027803521,/xwing/active_reference/path.poses[0].pose.position.y,1.534458458395776
2.312074386,1758897559.031074386,/xwing/active_reference/path.poses[0].pose.position.y,1.5437116095089458
2.3155620580000003,1758897559.034562058,/xwing/active_reference/path.poses[0].pose.position.y,1.5521938231901287
2.318842717,1758897559.037842717,/xwing/active_reference/path.poses[0].pose.position.y,1.5606827243964325
2.3220710589999998,1758897559.041071059,/xwing/active_reference/path.poses[0].pose.position.y,1.5691777051710285
2.325381739,1758897559.044381739,/xwing/active_reference/path.poses[0].pose.position.y,1.5776714700319663
2.32871256,1758897559.047712560,/xwing/active_reference/path.poses[0].pose.position.y,1.5861609791950995
2.332026802,1758897559.051026802,/xwing/active_reference/path.poses[0].pose.position.y,1.5946266617970168
2.335553108,1758897559.054553108,/xwing/active_reference/path.poses[0].pose.position.y,1.6023607881194553
2.338779378,1758897559.057779378,/xwing/active_reference/path.poses[0].pose.position.y,1.610099901340941
2.342081533,1758897559.061081533,/xwing/active_reference/path.poses[0].pose.position.y,1.617844001461474
2.345166852,1758897559.064166852,/xwing/active_reference/path.poses[0].pose.position.y,1.6255803441834888
2.34864343,1758897559.067643430,/xwing/active_reference/path.poses[0].pose.position.y,1.6333189033050803
2.351748255,1758897559.070748255,/xwing/active_reference/path.poses[0].pose.position.y,1.6410338347947713
2.355297884,1758897559.074297884,/xwing/active_reference/path.poses[0].pose.position.y,1.6519309527850334
2.358964717,1758897559.077964717,/xwing/active_reference/path.poses[0].pose.position.y,1.6554528216360087
2.362002402,1758897559.081002402,/xwing/active_reference/path.poses[0].pose.position.y,1.6621253067723232
2.365331608,1758897559.084331608,/xwing/active_reference/path.poses[0].pose.position.y,1.669143388809169
2.368738184,1758897559.087738184,/xwing/active_reference/path.poses[0].pose.position.y,1.6761644891595562
2.372400202,1758897559.091400202,/xwing/active_reference/path.poses[0].pose.position.y,1.6891938165127693
2.375501514,1758897559.094501514,/xwing/active_reference/path.poses[0].pose.position.y,1.6898252034400418
2.378737363,1758897559.097737363,/xwing/active_reference/path.poses[0].pose.position.y,1.6958861540300836
2.382376788,1758897559.101376788,/xwing/active_reference/path.poses[0].pose.position.y,1.7082768950329468
2.385521286,1758897559.104521286,/xwing/active_reference/path.poses[0].pose.position.y,1.7088864472538006
2.38860644,1758897559.107606440,/xwing/active_reference/path.poses[0].pose.position.y,1.7152398919319087
2.392152462,1758897559.111152462,/xwing/active_reference/path.poses[0].pose.position.y,1.7215490320473399
2.395348018,1758897559.114348018,/xwing/active_reference/path.poses[0].pose.position.y,1.7301769702261858
2.398667919,1758897559.117667919,/xwing/active_reference/path.poses[0].pose.position.y,1.7327229124815047
2.402312399,1758897559.121312399,/xwing/active_reference/path.poses[0].pose.position.y,1.7384481078089924
2.405382147,1758897559.124382147,/xwing/active_reference/path.poses[0].pose.position.y,1.7441683873992213
2.408638838,1758897559.127638838,/xwing/active_reference/path.poses[0].pose.position.y,1.7498915345028514
2.412048018,1758897559.131048018,/xwing/active_reference/path.poses[0].pose.position.y,1.755599830436836
2.415349836,1758897559.134349836,/xwing/active_reference/path.poses[0].pose.position.y,1.7607348785825077
2.418714794,1758897559.137714794,/xwing/active_reference/path.poses[0].pose.position.y,1.765860376567107
2.421973916,1758897559.140973916,/xwing/active_reference/path.poses[0].pose.position.y,1.7709928535155668
2.425501279,1758897559.144501279,/xwing/active_reference/path.poses[0].pose.position.y,1.7761234938945898
2.428769715,1758897559.147769715,/xwing/active_reference/path.poses[0].pose.position.y,1.7812548689013874
2.432217185,1758897559.151217185,/xwing/active_reference/path.poses[0].pose.position.y,1.786378689806292
2.435511321,1758897559.154511321,/xwing/active_reference/path.poses[0].pose.position.y,1.7909592832467724
2.438736157,1758897559.157736157,/xwing/active_reference/path.poses[0].pose.position.y,1.7955362701789253
2.442092696,1758897559.161092696,/xwing/active_reference/path.poses[0].pose.position.y,1.8001168636194058
2.445384779,1758897559.164384779,/xwing/active_reference/path.poses[0].pose.position.y,1.8046974570598864
2.448798016,1758897559.167798016,/xwing/active_reference/path.poses[0].pose.position.y,1.8092787062291538
2.452044618,1758897559.171044618,/xwing/active_reference/path.poses[0].pose.position.y,1.8138543380883705
2.455371595,1758897559.174371595,/xwing/active_reference/path.poses[0].pose.position.y,1.8179203509048507
2.458652442,1758897559.177652442,/xwing/active_reference/path.poses[0].pose.position.y,1.8220067505773694
2.4619787950000003,1758897559.180978795,/xwing/active_reference/path.poses[0].pose.position.y,1.8260651911330354
2.465176828,1758897559.184176828,/xwing/active_reference/path.poses[0].pose.position.y,1.8324637515211215
2.468559926,1758897559.187559926,/xwing/active_reference/path.poses[0].pose.position.y,1.8341934306355887
2.474350845,1758897559.193350845,/xwing/active_reference/path.poses[0].pose.position.y,1.8382611908968722
2.489929801,1758897559.208929801,/xwing/active_reference/path.poses[0].pose.position.y,1.8418584708934909
2.489934947,1758897559.208934947,/xwing/active_reference/path.poses[0].pose.position.y,1.8454521338887568
2.489937355,1758897559.208937355,/xwing/active_reference/path.poses[0].pose.position.y,1.8490465689952442
2.489976553,1758897559.208976553,/xwing/active_reference/path.poses[0].pose.position.y,1.8526407467313246
2.489979563,1758897559.208979563,/xwing/active_reference/path.poses[0].pose.position.y,1.8562362113194408
2.491806429,1758897559.210806429,/xwing/active_reference/path.poses[0].pose.position.y,1.8598306464259282
2.495278693,1758897559.214278693,/xwing/active_reference/path.poses[0].pose.position.y,1.8629952069267164
2.498603861,1758897559.217603861,/xwing/active_reference/path.poses[0].pose.position.y,1.8661527397397026
2.50189083,1758897559.220890830,/xwing/active_reference/path.poses[0].pose.position.y,1.8693125342336667
2.505290568,1758897559.224290568,/xwing/active_reference/path.poses[0].pose.position.y,1.8724727810638264
2.5086204739999998,1758897559.227620474,/xwing/active_reference/path.poses[0].pose.position.y,1.8756291830363239
2.511675266,1758897559.230675266,/xwing/active_reference/path.poses[0].pose.position.y,1.8787887513621904
2.514958349,1758897559.233958349,/xwing/active_reference/path.poses[0].pose.position.y,1.8815637101716904
2.518515833,1758897559.237515833,/xwing/active_reference/path.poses[0].pose.position.y,1.8843110677516197
2.5219573950000003,1758897559.240957395,/xwing/active_reference/path.poses[0].pose.position.y,1.8870718579110308
2.525257734,1758897559.244257734,/xwing/active_reference/path.poses[0].pose.position.y,1.8898504264844622
2.528554542,1758897559.247554542,/xwing/active_reference/path.poses[0].pose.position.y,1.8925892899332484
2.5318356040000003,1758897559.250835604,/xwing/active_reference/path.poses[0].pose.position.y,1.895347709637457
2.535184803,1758897559.254184803,/xwing/active_reference/path.poses[0].pose.position.y,1.8977675765954327
2.538533189,1758897559.257533189,/xwing/active_reference/path.poses[0].pose.position.y,1.9001431858688898
2.541822332,1758897559.260822332,/xwing/active_reference/path.poses[0].pose.position.y,1.902537476435962
2.54516353,1758897559.264163530,/xwing/active_reference/path.poses[0].pose.position.y,1.904958160757317
2.548531487,1758897559.267531487,/xwing/active_reference/path.poses[0].pose.position.y,1.9073248578540027
2.551759324,1758897559.270759324,/xwing/active_reference/path.poses[0].pose.position.y,1.9097181200929862
2.555354392,1758897559.274354392,/xwing/active_reference/path.poses[0].pose.position.y,1.9118347627756305
2.558614617,1758897559.277614617,/xwing/active_reference/path.poses[0].pose.position.y,1.9138567135519549
2.561946202,1758897559.280946202,/xwing/active_reference/path.poses[0].pose.position.y,1.9159143857538794
2.565171813,1758897559.284171813,/xwing/active_reference/path.poses[0].pose.position.y,1.9179857856110967
2.568316383,1758897559.287316383,/xwing/active_reference/path.poses[0].pose.position.y,1.9200375534451535
2.572462802,1758897559.291462802,/xwing/active_reference/path.poses[0].pose.position.y,1.9220972921758317
2.575091769,1758897559.294091769,/xwing/active_reference/path.poses[0].pose.position.y,1.9238830605497896
2.5784898800000002,1758897559.297489880,/xwing/active_reference/path.poses[0].pose.position.y,1.9256321956201237
2.582270069,1758897559.301270069,/xwing/active_reference/path.poses[0].pose.position.y,1.9273948234056573
2.584863107,1758897559.303863107,/xwing/active_reference/path.poses[0].pose.position.y,1.9291887240264183
2.588372721,1758897559.307372721,/xwing/active_reference/path.poses[0].pose.position.y,1.9309145305704738
2.591711594,1758897559.310711594,/xwing/active_reference/path.poses[0].pose.position.y,1.9326753929540186
2.595061335,1758897559.314061335,/xwing/active_reference/path.poses[0].pose.position.y,1.9341976343243743
2.598362876,1758897559.317362876,/xwing/active_reference/path.poses[0].pose.position.y,1.9356673494374645
2.601640831,1758897559.320640831,/xwing/active_reference/path.poses[0].pose.position.y,1.9371590563652779
2.604955029,1758897559.323955029,/xwing/active_reference/path.poses[0].pose.position.y,1.9386991239342064
2.608318296,1758897559.327318296,/xwing/active_reference/path.poses[0].pose.position.y,1.9401409756315549
2.611704085,1758897559.330704085,/xwing/active_reference/path.poses[0].pose.position.y,1.9416333230976612
2.6149523720000003,1758897559.333952372,/xwing/active_reference/path.poses[0].pose.position.y,1.9429328559336216
2.618465903,1758897559.337465903,/xwing/active_reference/path.poses[0].pose.position.y,1.9441451248758463
2.6214822570000003,1758897559.340482257,/xwing/active_reference/path.poses[0].pose.position.y,1.945393451415216
2.625241278,1758897559.344241278,/xwing/active_reference/path.poses[0].pose.position.y,1.9474213557310716
2.628426589,1758897559.347426589,/xwing/active_reference/path.poses[0].pose.position.y,1.9478919834258168
2.6315750749999998,1758897559.350575075,/xwing/active_reference/path.poses[0].pose.position.y,1.9491412046946441
2.635137808,1758897559.354137808,/xwing/active_reference/path.poses[0].pose.position.y,1.950218925768942
2.638267465,1758897559.357267465,/xwing/active_reference/path.poses[0].pose.position.y,1.951223357176844
2.641566031,1758897559.360566031,/xwing/active_reference/path.poses[0].pose.position.y,1.9522592257233706
2.644878065,1758897559.363878065,/xwing/active_reference/path.poses[0].pose.position.y,1.9533352062793221
2.6482551240000003,1758897559.367255124,/xwing/active_reference/path.poses[0].pose.position.y,1.9543319266909576
2.6515986060000003,1758897559.370598606,/xwing/active_reference/path.poses[0].pose.position.y,1.9553658674884178
2.655133805,1758897559.374133805,/xwing/active_reference/path.poses[0].pose.position.y,1.9562585220373012
2.658453297,1758897559.377453297,/xwing/active_reference/path.poses[0].pose.position.y,1.957073109513974
2.66175637,1758897559.380756370,/xwing/active_reference/path.poses[0].pose.position.y,1.9579194845865489
2.665155405,1758897559.384155405,/xwing/active_reference/path.poses[0].pose.position.y,1.9587954633743916
2.668223997,1758897559.387223997,/xwing/active_reference/path.poses[0].pose.position.y,1.9596147825924388
2.6716667689999998,1758897559.390666769,/xwing/active_reference/path.poses[0].pose.position.y,1.9604615823084706
2.675267228,1758897559.394267228,/xwing/active_reference/path.poses[0].pose.position.y,1.9611808216842797
2.695517888,1758897559.414517888,/xwing/active_reference/path.poses[0].pose.position.y,1.9618372549670409
2.695520729,1758897559.414520729,/xwing/active_reference/path.poses[0].pose.position.y,1.9625208887942358
2.695522407,1758897559.414522407,/xwing/active_reference/path.poses[0].pose.position.y,1.9632038377156358
2.695524073,1758897559.414524073,/xwing/active_reference/path.poses[0].pose.position.y,1.9638874226209884
2.695527113,1758897559.414527113,/xwing/active_reference/path.poses[0].pose.position.y,1.9645703715423886
2.695529358,1758897559.414529358,/xwing/active_reference/path.poses[0].pose.position.y,1.9651223408230085
2.69881453,1758897559.417814530,/xwing/active_reference/path.poses[0].pose.position.y,2.2890994874009944
2.701615328,1758897559.420615328,/xwing/active_reference/path.poses[0].pose.position.y,2.2890994874009944
2.70513279,1758897559.424132790,/xwing/active_reference/path.poses[0].pose.position.y,2.2890994874009944
2.708924648,1758897559.427924648,/xwing/active_reference/path.poses[0].pose.position.y,2.2890994874009944
2.7114736329999998,1758897559.430473633,/xwing/active_reference/path.poses[0].pose.position.y,2.2890994874009944
2.71512999,1758897559.434129990,/xwing/active_reference/path.poses[0].pose.position.y,2.2890994874009944
2.7182927709999998,1758897559.437292771,/xwing/active_reference/path.poses[0].pose.position.y,2.2890994874009944
2.721414879,1758897559.440414879,/xwing/active_reference/path.poses[0].pose.position.y,2.2890994874009944
2.72508404,1758897559.444084040,/xwing/active_reference/path.poses[0].pose.position.y,2.2890994874009944
2.7283577660000002,1758897559.447357766,/xwing/active_reference/path.poses[0].pose.position.y,2.2890994874009944
2.7317842800000003,1758897559.450784280,/xwing/active_reference/path.poses[0].pose.position.y,2.2890994874009944
2.735099325,1758897559.454099325,/xwing/active_reference/path.poses[0].pose.position.y,2.2890994874009944
2.738460496,1758897559.457460496,/xwing/active_reference/path.poses[0].pose.position.y,2.2890994874009944
2.741717571,1758897559.460717571,/xwing/active_reference/path.poses[0].pose.position.y,2.2890994874009944
2.745085408,1758897559.464085408,/xwing/active_reference/path.poses[0].pose.position.y,2.2890994874009944
2.748426757,1758897559.467426757,/xwing/active_reference/path.poses[0].pose.position.y,2.2890994874009944
2.751712559,1758897559.470712559,/xwing/active_reference/path.poses[0].pose.position.y,2.2890994874009944
2.755128562,1758897559.474128562,/xwing/active_reference/path.poses[0].pose.position.y,2.2890994874009944
2.758292634,1758897559.477292634,/xwing/active_reference/path.poses[0].pose.position.y,2.2890994874009944
2.761556477,1758897559.480556477,/xwing/active_reference/path.poses[0].pose.position.y,2.2890994874009944
2.765053113,1758897559.484053113,/xwing/active_reference/path.poses[0].pose.position.y,2.2890994874009944
2.768429906,1758897559.487429906,/xwing/active_reference/path.poses[0].pose.position.y,2.2890994874009944
2.771665765,1758897559.490665765,/xwing/active_reference/path.poses[0].pose.position.y,2.2890994874009944
2.775040832,1758897559.494040832,/xwing/active_reference/path.poses[0].pose.position.y,2.2890994874009944
2.778500367,1758897559.497500367,/xwing/active_reference/path.poses[0].pose.position.y,2.2890994874009944
2.7817830199999998,1758897559.500783020,/xwing/active_reference/path.poses[0].pose.position.y,2.2890994874009944
2.785069591,1758897559.504069591,/xwing/active_reference/path.poses[0].pose.position.y,2.2890994874009944
2.788290094,1758897559.507290094,/xwing/active_reference/path.poses[0].pose.position.y,2.2890994874009944
2.791757787,1758897559.510757787,/xwing/active_reference/path.poses[0].pose.position.y,2.2890994874009944
2.795073737,1758897559.514073737,/xwing/active_reference/path.poses[0].pose.position.y,2.2890994874009944
2.7983774930000003,1758897559.517377493,/xwing/active_reference/path.poses[0].pose.position.y,2.2890994874009944
2.801642219,1758897559.520642219,/xwing/active_reference/path.poses[0].pose.position.y,2.2890994874009944
2.804921475,1758897559.523921475,/xwing/active_reference/path.poses[0].pose.position.y,2.2890994874009944
2.808355471,1758897559.527355471,/xwing/active_reference/path.poses[0].pose.position.y,2.2890994874009944
2.812017822,1758897559.531017822,/xwing/active_reference/path.poses[0].pose.position.y,2.2890994874009944
2.81501311,1758897559.534013110,/xwing/active_reference/path.poses[0].pose.position.y,2.2890994874009944
2.818378762,1758897559.537378762,/xwing/active_reference/path.poses[0].pose.position.y,2.2890994874009944
2.821530472,1758897559.540530472,/xwing/active_reference/path.poses[0].pose.position.y,2.2890994874009944
2.82480174,1758897559.543801740,/xwing/active_reference/path.poses[0].pose.position.y,2.2890994874009944
2.828402397,1758897559.547402397,/xwing/active_reference/path.poses[0].pose.position.y,2.2890994874009944
2.8316096120000003,1758897559.550609612,/xwing/active_reference/path.poses[0].pose.position.y,2.2890994874009944
2.8350512,1758897559.554051200,/xwing/active_reference/path.poses[0].pose.position.y,2.2890994874009944
2.838263828,1758897559.557263828,/xwing/active_reference/path.poses[0].pose.position.y,2.2890994874009944
2.841675859,1758897559.560675859,/xwing/active_reference/path.poses[0].pose.position.y,2.2890994874009944
2.844898728,1758897559.563898728,/xwing/active_reference/path.poses[0].pose.position.y,2.2890994874009944
2.84827384,1758897559.567273840,/xwing/active_reference/path.poses[0].pose.position.y,2.2890994874009944
2.851655719,1758897559.570655719,/xwing/active_reference/path.poses[0].pose.position.y,2.2890994874009944
2.8551996930000003,1758897559.574199693,/xwing/active_reference/path.poses[0].pose.position.y,2.2890994874009944
2.858304878,1758897559.577304878,/xwing/active_reference/path.poses[0].pose.position.y,2.2890994874009944
2.861321791,1758897559.580321791,/xwing/active_reference/path.poses[0].pose.position.y,2.2890994874009944
2.865306129,1758897559.584306129,/xwing/active_reference/path.poses[0].pose.position.y,2.2890994874009944
2.867931874,1758897559.586931874,/xwing/active_reference/path.poses[0].pose.position.y,2.2890994874009944
2.871607768,1758897559.590607768,/xwing/active_reference/path.poses[0].pose.position.y,2.2890994874009944
2.8749550800000003,1758897559.593955080,/xwing/active_reference/path.poses[0].pose.position.y,2.2890994874009944
2.878158506,1758897559.597158506,/xwing/active_reference/path.poses[0].pose.position.y,2.2890994874009944
2.900037247,1758897559.619037247,/xwing/active_reference/path.poses[0].pose.position.y,2.2890994874009944
2.900040475,1758897559.619040475,/xwing/active_reference/path.poses[0].pose.position.y,2.2890994874009944
2.90004418,1758897559.619044180,/xwing/active_reference/path.poses[0].pose.position.y,2.2890994874009944
2.90004536,1758897559.619045360,/xwing/active_reference/path.poses[0].pose.position.y,2.2890994874009944
2.9000898040000003,1758897559.619089804,/xwing/active_reference/path.poses[0].pose.position.y,2.2890994874009944
2.9000941940000002,1758897559.619094194,/xwing/active_reference/path.poses[0].pose.position.y,2.2890994874009944
2.901302652,1758897559.620302652,/xwing/active_reference/path.poses[0].pose.position.y,2.2890994874009944
2.904747088,1758897559.623747088,/xwing/active_reference/path.poses[0].pose.position.y,2.2890994874009944
2.9079962200000002,1758897559.626996220,/xwing/active_reference/path.poses[0].pose.position.y,2.2890994874009944
2.911457187,1758897559.630457187,/xwing/active_reference/path.poses[0].pose.position.y,2.2890994874009944
2.914834166,1758897559.633834166,/xwing/active_reference/path.poses[0].pose.position.y,2.2890994874009944
2.91816758,1758897559.637167580,/xwing/active_reference/path.poses[0].pose.position.y,2.2890994874009944
2.92148648,1758897559.640486480,/xwing/active_reference/path.poses[0].pose.position.y,2.2890994874009944
2.9248399640000002,1758897559.643839964,/xwing/active_reference/path.poses[0].pose.position.y,2.2890994874009944
2.928129134,1758897559.647129134,/xwing/active_reference/path.poses[0].pose.position.y,2.2890994874009944
2.9314629610000003,1758897559.650462961,/xwing/active_reference/path.poses[0].pose.position.y,2.2890994874009944
2.934809811,1758897559.653809811,/xwing/active_reference/path.poses[0].pose.position.y,2.2890994874009944
2.9381202660000003,1758897559.657120266,/xwing/active_reference/path.poses[0].pose.position.y,2.2890994874009944
2.941545907,1758897559.660545907,/xwing/active_reference/path.poses[0].pose.position.y,2.2890994874009944
2.944839166,1758897559.663839166,/xwing/active_reference/path.poses[0].pose.position.y,2.2890994874009944
2.94811183,1758897559.667111830,/xwing/active_reference/path.poses[0].pose.position.y,2.2890994874009944
2.951554105,1758897559.670554105,/xwing/active_reference/path.poses[0].pose.position.y,2.2890994874009944
2.954803269,1758897559.673803269,/xwing/active_reference/path.poses[0].pose.position.y,2.2890994874009944
2.9581082,1758897559.677108200,/xwing/active_reference/path.poses[0].pose.position.y,2.2890994874009944
2.961356549,1758897559.680356549,/xwing/active_reference/path.poses[0].pose.position.y,2.2890994874009944
2.964591779,1758897559.683591779,/xwing/active_reference/path.poses[0].pose.position.y,2.2890994874009944
2.967933124,1758897559.686933124,/xwing/active_reference/path.poses[0].pose.position.y,2.2890994874009944
2.971865673,1758897559.690865673,/xwing/active_reference/path.poses[0].pose.position.y,2.2890994874009944
2.9744453550000003,1758897559.693445355,/xwing/active_reference/path.poses[0].pose.position.y,2.2890994874009944
2.977943952,1758897559.696943952,/xwing/active_reference/path.poses[0].pose.position.y,2.2890994874009944
2.981660466,1758897559.700660466,/xwing/active_reference/path.poses[0].pose.position.y,2.2890994874009944
2.984781804,1758897559.703781804,/xwing/active_reference/path.poses[0].pose.position.y,2.2890994874009944
2.9879011330000003,1758897559.706901133,/xwing/active_reference/path.poses[0].pose.position.y,2.2890994874009944
2.991244372,1758897559.710244372,/xwing/active_reference/path.poses[0].pose.position.y,2.2890994874009944
2.9945228960000003,1758897559.713522896,/xwing/active_reference/path.poses[0].pose.position.y,2.2890994874009944
2.998087635,1758897559.717087635,/xwing/active_reference/path.poses[0].pose.position.y,2.2890994874009944
3.00138442,1758897559.720384420,/xwing/active_reference/path.poses[0].pose.position.y,2.2890994874009944
3.004633678,1758897559.723633678,/xwing/active_reference/path.poses[0].pose.position.y,2.2890994874009944
3.008146135,1758897559.727146135,/xwing/active_reference/path.poses[0].pose.position.y,2.2890994874009944
3.011395131,1758897559.730395131,/xwing/active_reference/path.poses[0].pose.position.y,2.2890994874009944
3.014700846,1758897559.733700846,/xwing/active_reference/path.poses[0].pose.position.y,2.2890994874009944
3.018185085,1758897559.737185085,/xwing/active_reference/path.poses[0].pose.position.y,2.2890994874009944
3.021511293,1758897559.740511293,/xwing/active_reference/path.poses[0].pose.position.y,2.2890994874009944
3.024755657,1758897559.743755657,/xwing/active_reference/path.poses[0].pose.position.y,2.2890994874009944
3.028078328,1758897559.747078328,/xwing/active_reference/path.poses[0].pose.position.y,2.2890994874009944
3.031384586,1758897559.750384586,/xwing/active_reference/path.poses[0].pose.position.y,2.2890994874009944
3.035129482,1758897559.754129482,/xwing/active_reference/path.poses[0].pose.position.y,2.2890994874009944
3.038223843,1758897559.757223843,/xwing/active_reference/path.poses[0].pose.position.y,2.2890994874009944
3.041508304,1758897559.760508304,/xwing/active_reference/path.poses[0].pose.position.y,2.2890994874009944
3.044871955,1758897559.763871955,/xwing/active_reference/path.poses[0].pose.position.y,2.2890994874009944
3.048109143,1758897559.767109143,/xwing/active_reference/path.poses[0].pose.position.y,2.2890994874009944
3.053774655,1758897559.772774655,/xwing/active_reference/path.poses[0].pose.position.y,2.2890994874009944
3.054786542,1758897559.773786542,/xwing/active_reference/path.poses[0].pose.position.y,2.2890994874009944
3.058163059,1758897559.777163059,/xwing/active_reference/path.poses[0].pose.position.y,2.2890994874009944
3.061476476,1758897559.780476476,/xwing/active_reference/path.poses[0].pose.position.y,2.2890994874009944
3.064746455,1758897559.783746455,/xwing/active_reference/path.poses[0].pose.position.y,2.2890994874009944
3.068083615,1758897559.787083615,/xwing/active_reference/path.poses[0].pose.position.y,2.2890994874009944
3.071367382,1758897559.790367382,/xwing/active_reference/path.poses[0].pose.position.y,2.2890994874009944
3.0745120950000002,1758897559.793512095,/xwing/active_reference/path.poses[0].pose.position.y,2.2890994874009944
3.077913381,1758897559.796913381,/xwing/active_reference/path.poses[0].pose.position.y,2.2890994874009944
3.081453309,1758897559.800453309,/xwing/active_reference/path.poses[0].pose.position.y,2.2890994874009944
3.084934439,1758897559.803934439,/xwing/active_reference/path.poses[0].pose.position.y,2.2890994874009944
3.1052799110000002,1758897559.824279911,/xwing/active_reference/path.poses[0].pose.position.y,2.2890994874009944
3.105283051,1758897559.824283051,/xwing/active_reference/path.poses[0].pose.position.y,2.2890994874009944
3.105289612,1758897559.824289612,/xwing/active_reference/path.poses[0].pose.position.y,2.2890994874009944
3.105293691,1758897559.824293691,/xwing/active_reference/path.poses[0].pose.position.y,2.2890994874009944
3.105298687,1758897559.824298687,/xwing/active_reference/path.poses[0].pose.position.y,2.2890994874009944
3.105301261,1758897559.824301261,/xwing/active_reference/path.poses[0].pose.position.y,2.2890994874009944
3.108006141,1758897559.827006141,/xwing/active_reference/path.poses[0].pose.position.y,2.2890994874009944
3.111328401,1758897559.830328401,/xwing/active_reference/path.poses[0].pose.position.y,2.2890994874009944
3.114722453,1758897559.833722453,/xwing/active_reference/path.poses[0].pose.position.y,2.2890994874009944
3.118638127,1758897559.837638127,/xwing/active_reference/path.poses[0].pose.position.y,2.2890994874009944
3.121303465,1758897559.840303465,/xwing/active_reference/path.poses[0].pose.position.y,2.2890994874009944
3.124681073,1758897559.843681073,/xwing/active_reference/path.poses[0].pose.position.y,2.2890994874009944
3.128002217,1758897559.847002217,/xwing/active_reference/path.poses[0].pose.position.y,2.2890994874009944
3.131350147,1758897559.850350147,/xwing/active_reference/path.poses[0].pose.position.y,2.2890994874009944
3.134638789,1758897559.853638789,/xwing/active_reference/path.poses[0].pose.position.y,2.2890994874009944
3.138167958,1758897559.857167958,/xwing/active_reference/path.poses[0].pose.position.y,2.2890994874009944
3.141246551,1758897559.860246551,/xwing/active_reference/path.poses[0].pose.position.y,2.2890994874009944
3.144751032,1758897559.863751032,/xwing/active_reference/path.poses[0].pose.position.y,2.2890994874009944
3.1480192000000002,1758897559.867019200,/xwing/active_reference/path.poses[0].pose.position.y,2.2890994874009944
3.1512234709999998,1758897559.870223471,/xwing/active_reference/path.poses[0].pose.position.y,2.2890994874009944
3.154606331,1758897559.873606331,/xwing/active_reference/path.poses[0].pose.position.y,2.2890994874009944
3.15775482,1758897559.876754820,/xwing/active_reference/path.poses[0].pose.position.y,2.2890994874009944
3.161099964,1758897559.880099964,/xwing/active_reference/path.poses[0].pose.position.y,2.2890994874009944
3.164381531,1758897559.883381531,/xwing/active_reference/path.poses[0].pose.position.y,2.2890994874009944
3.167804974,1758897559.886804974,/xwing/active_reference/path.poses[0].pose.position.y,2.2890994874009944
3.171212246,1758897559.890212246,/xwing/active_reference/path.poses[0].pose.position.y,2.2890994874009944
3.174550373,1758897559.893550373,/xwing/active_reference/path.poses[0].pose.position.y,2.2890994874009944
3.177603485,1758897559.896603485,/xwing/active_reference/path.poses[0].pose.position.y,2.2890994874009944
3.181222065,1758897559.900222065,/xwing/active_reference/path.poses[0].pose.position.y,2.2890994874009944
3.18459214,1758897559.903592140,/xwing/active_reference/path.poses[0].pose.position.y,2.2890994874009944
3.187951583,1758897559.906951583,/xwing/active_reference/path.poses[0].pose.position.y,2.2890994874009944
3.191561122,1758897559.910561122,/xwing/active_reference/path.poses[0].pose.position.y,2.2890994874009944
3.194396597,1758897559.913396597,/xwing/active_reference/path.poses[0].pose.position.y,2.2890994874009944
3.197852953,1758897559.916852953,/xwing/active_reference/path.poses[0].pose.position.y,2.2890994874009944
3.201192927,1758897559.920192927,/xwing/active_reference/path.poses[0].pose.position.y,2.2890994874009944
3.204422883,1758897559.923422883,/xwing/active_reference/path.poses[0].pose.position.y,2.2890994874009944
3.207816474,1758897559.926816474,/xwing/active_reference/path.poses[0].pose.position.y,2.2890994874009944
3.211218533,1758897559.930218533,/xwing/active_reference/path.poses[0].pose.position.y,2.2890994874009944
3.214503262,1758897559.933503262,/xwing/active_reference/path.poses[0].pose.position.y,2.2890994874009944
3.217777781,1758897559.936777781,/xwing/active_reference/path.poses[0].pose.position.y,2.2890994874009944
3.221230565,1758897559.940230565,/xwing/active_reference/path.poses[0].pose.position.y,2.2890994874009944
3.224348063,1758897559.943348063,/xwing/active_reference/path.poses[0].pose.position.y,2.2890994874009944
3.227854954,1758897559.946854954,/xwing/active_reference/path.poses[0].pose.position.y,2.2890994874009944
3.231390633,1758897559.950390633,/xwing/active_reference/path.poses[0].pose.position.y,2.2890994874009944
3.2347537,1758897559.953753700,/xwing/active_reference/path.poses[0].pose.position.y,2.2890994874009944
3.237996538,1758897559.956996538,/xwing/active_reference/path.poses[0].pose.position.y,2.2890994874009944
3.241215066,1758897559.960215066,/xwing/active_reference/path.poses[0].pose.position.y,2.2890994874009944
3.244622067,1758897559.963622067,/xwing/active_reference/path.poses[0].pose.position.y,2.2890994874009944
3.247992567,1758897559.966992567,/xwing/active_reference/path.poses[0].pose.position.y,2.2890994874009944
3.251252549,1758897559.970252549,/xwing/active_reference/path.poses[0].pose.position.y,2.2890994874009944
3.254584089,1758897559.973584089,/xwing/active_reference/path.poses[0].pose.position.y,2.2890994874009944
3.257652317,1758897559.976652317,/xwing/active_reference/path.poses[0].pose.position.y,2.2890994874009944
3.260881277,1758897559.979881277,/xwing/active_reference/path.poses[0].pose.position.y,2.2890994874009944
3.26450514,1758897559.983505140,/xwing/active_reference/path.poses[0].pose.position.y,2.2890994874009944
3.26784287,1758897559.986842870,/xwing/active_reference/path.poses[0].pose.position.y,2.2890994874009944
3.270931089,1758897559.989931089,/xwing/active_reference/path.poses[0].pose.position.y,2.2890994874009944
3.274267737,1758897559.993267737,/xwing/active_reference/path.poses[0].pose.position.y,2.2890994874009944
3.277663603,1758897559.996663603,/xwing/active_reference/path.poses[0].pose.position.y,2.2890994874009944
3.280933475,1758897559.999933475,/xwing/active_reference/path.poses[0].pose.position.y,2.2890994874009944
3.284384235,1758897560.003384235,/xwing/active_reference/path.poses[0].pose.position.y,2.2890994874009944
3.287803625,1758897560.006803625,/xwing/active_reference/path.poses[0].pose.position.y,2.2890994874009944
3.309115985,1758897560.028115985,/xwing/active_reference/path.poses[0].pose.position.y,2.2890994874009944
3.309119143,1758897560.028119143,/xwing/active_reference/path.poses[0].pose.position.y,2.2890994874009944
3.309121691,1758897560.028121691,/xwing/active_reference/path.poses[0].pose.position.y,2.2890994874009944
3.309124147,1758897560.028124147,/xwing/active_reference/path.poses[0].pose.position.y,2.2890994874009944
3.309126932,1758897560.028126932,/xwing/active_reference/path.poses[0].pose.position.y,2.2890994874009944
3.309129721,1758897560.028129721,/xwing/active_reference/path.poses[0].pose.position.y,2.2890994874009944
3.311653345,1758897560.030653345,/xwing/active_reference/path.poses[0].pose.position.y,2.2890994874009944
3.314534602,1758897560.033534602,/xwing/active_reference/path.poses[0].pose.position.y,2.2890994874009944
3.317760384,1758897560.036760384,/xwing/active_reference/path.poses[0].pose.position.y,2.2890994874009944
3.321455065,1758897560.040455065,/xwing/active_reference/path.poses[0].pose.position.y,2.2890994874009944
3.324139783,1758897560.043139783,/xwing/active_reference/path.poses[0].pose.position.y,2.2890994874009944
3.327611771,1758897560.046611771,/xwing/active_reference/path.poses[0].pose.position.y,2.2890994874009944
3.331148617,1758897560.050148617,/xwing/active_reference/path.poses[0].pose.position.y,2.2890994874009944
3.334331785,1758897560.053331785,/xwing/active_reference/path.poses[0].pose.position.y,2.2890994874009944
3.3375721990000002,1758897560.056572199,/xwing/active_reference/path.poses[0].pose.position.y,2.2890994874009944
3.340894993,1758897560.059894993,/xwing/active_reference/path.poses[0].pose.position.y,2.2890994874009944
3.3444144700000003,1758897560.063414470,/xwing/active_reference/path.poses[0].pose.position.y,2.2890994874009944
3.347686964,1758897560.066686964,/xwing/active_reference/path.poses[0].pose.position.y,2.2890994874009944
3.351115949,1758897560.070115949,/xwing/active_reference/path.poses[0].pose.position.y,2.2890994874009944
3.354392275,1758897560.073392275,/xwing/active_reference/path.poses[0].pose.position.y,2.2890994874009944
3.357749602,1758897560.076749602,/xwing/active_reference/path.poses[0].pose.position.y,2.2890994874009944
3.361014549,1758897560.080014549,/xwing/active_reference/path.poses[0].pose.position.y,2.2890994874009944
3.364423175,1758897560.083423175,/xwing/active_reference/path.poses[0].pose.position.y,2.2890994874009944
3.367728318,1758897560.086728318,/xwing/active_reference/path.poses[0].pose.position.y,2.2890994874009944
3.371094519,1758897560.090094519,/xwing/active_reference/path.poses[0].pose.position.y,2.2890994874009944
3.374401902,1758897560.093401902,/xwing/active_reference/path.poses[0].pose.position.y,2.2890994874009944
3.377667733,1758897560.096667733,/xwing/active_reference/path.poses[0].pose.position.y,2.2890994874009944
3.381300956,1758897560.100300956,/xwing/active_reference/path.poses[0].pose.position.y,2.2890994874009944
3.384258075,1758897560.103258075,/xwing/active_reference/path.poses[0].pose.position.y,2.2890994874009944
3.387623978,1758897560.106623978,/xwing/active_reference/path.poses[0].pose.position.y,2.2890994874009944
3.39133803,1758897560.110338030,/xwing/active_reference/path.poses[0].pose.position.y,2.2890994874009944
3.395117374,1758897560.114117374,/xwing/active_reference/path.poses[0].pose.position.y,2.2890994874009944
3.397753766,1758897560.116753766,/xwing/active_reference/path.poses[0].pose.position.y,2.2890994874009944
3.40097915,1758897560.119979150,/xwing/active_reference/path.poses[0].pose.position.y,2.2890994874009944
3.404674103,1758897560.123674103,/xwing/active_reference/path.poses[0].pose.position.y,2.2890994874009944
3.407696908,1758897560.126696908,/xwing/active_reference/path.poses[0].pose.position.y,2.2890994874009944
3.411039402,1758897560.130039402,/xwing/active_reference/path.poses[0].pose.position.y,2.2890994874009944
3.41433872,1758897560.133338720,/xwing/active_reference/path.poses[0].pose.position.y,2.2890994874009944
3.417651714,1758897560.136651714,/xwing/active_reference/path.poses[0].pose.position.y,2.2890994874009944
3.42112901,1758897560.140129010,/xwing/active_reference/path.poses[0].pose.position.y,2.2890994874009944
3.424489045,1758897560.143489045,/xwing/active_reference/path.poses[0].pose.position.y,2.2890994874009944
3.427633369,1758897560.146633369,/xwing/active_reference/path.poses[0].pose.position.y,2.2890994874009944
3.431134056,1758897560.150134056,/xwing/active_reference/path.poses[0].pose.position.y,2.2890994874009944
3.434118809,1758897560.153118809,/xwing/active_reference/path.poses[0].pose.position.y,2.2890994874009944
3.437514404,1758897560.156514404,/xwing/active_reference/path.poses[0].pose.position.y,2.2890994874009944
3.441001166,1758897560.160001166,/xwing/active_reference/path.poses[0].pose.position.y,2.2890994874009944
3.444262936,1758897560.163262936,/xwing/active_reference/path.poses[0].pose.position.y,2.2890994874009944
3.447643261,1758897560.166643261,/xwing/active_reference/path.poses[0].pose.position.y,2.2890994874009944
3.451054248,1758897560.170054248,/xwing/active_reference/path.poses[0].pose.position.y,2.2890994874009944
3.45431152,1758897560.173311520,/xwing/active_reference/path.poses[0].pose.position.y,2.2890994874009944
3.457691445,1758897560.176691445,/xwing/active_reference/path.poses[0].pose.position.y,2.2890994874009944
3.460921499,1758897560.179921499,/xwing/active_reference/path.poses[0].pose.position.y,2.2890994874009944
3.464376751,1758897560.183376751,/xwing/active_reference/path.poses[0].pose.position.y,2.2890994874009944
3.467679444,1758897560.186679444,/xwing/active_reference/path.poses[0].pose.position.y,2.2890994874009944
3.470985888,1758897560.189985888,/xwing/active_reference/path.poses[0].pose.position.y,2.2890994874009944
3.4744461380000002,1758897560.193446138,/xwing/active_reference/path.poses[0].pose.position.y,2.2890994874009944
3.47768244,1758897560.196682440,/xwing/active_reference/path.poses[0].pose.position.y,2.2890994874009944
3.481021932,1758897560.200021932,/xwing/active_reference/path.poses[0].pose.position.y,2.2890994874009944
3.48429037,1758897560.203290370,/xwing/active_reference/path.poses[0].pose.position.y,2.2890994874009944
3.487747272,1758897560.206747272,/xwing/active_reference/path.poses[0].pose.position.y,2.2890994874009944
3.491183111,1758897560.210183111,/xwing/active_reference/path.poses[0].pose.position.y,2.2890994874009944
3.494487294,1758897560.213487294,/xwing/active_reference/path.poses[0].pose.position.y,2.2890994874009944
3.5148637860000003,1758897560.233863786,/xwing/active_reference/path.poses[0].pose.position.y,2.2890994874009944
3.514865928,1758897560.233865928,/xwing/active_reference/path.poses[0].pose.position.y,2.2890994874009944
3.5148676290000003,1758897560.233867629,/xwing/active_reference/path.poses[0].pose.position.y,2.2890994874009944
3.514913553,1758897560.233913553,/xwing/active_reference/path.poses[0].pose.position.y,2.2890994874009944
3.514916348,1758897560.233916348,/xwing/active_reference/path.poses[0].pose.position.y,2.2890994874009944
3.514918323,1758897560.233918323,/xwing/active_reference/path.poses[0].pose.position.y,2.2890994874009944
3.5175393550000003,1758897560.236539355,/xwing/active_reference/path.poses[0].pose.position.y,2.2890994874009944
3.520904784,1758897560.239904784,/xwing/active_reference/path.poses[0].pose.position.y,2.2890994874009944
3.524238614,1758897560.243238614,/xwing/active_reference/path.poses[0].pose.position.y,2.2890994874009944
3.528122836,1758897560.247122836,/xwing/active_reference/path.poses[0].pose.position.y,2.2890994874009944
3.53114039,1758897560.250140390,/xwing/active_reference/path.poses[0].pose.position.y,2.2890994874009944
3.5344386610000003,1758897560.253438661,/xwing/active_reference/path.poses[0].pose.position.y,2.2890994874009944
3.5376397170000002,1758897560.256639717,/xwing/active_reference/path.poses[0].pose.position.y,2.2890994874009944
3.540969887,1758897560.259969887,/xwing/active_reference/path.poses[0].pose.position.y,2.2890994874009944
3.544305696,1758897560.263305696,/xwing/active_reference/path.poses[0].pose.position.y,2.2890994874009944
3.547585624,1758897560.266585624,/xwing/active_reference/path.poses[0].pose.position.y,2.2890994874009944
3.550901408,1758897560.269901408,/xwing/active_reference/path.poses[0].pose.position.y,2.2890994874009944
3.554236229,1758897560.273236229,/xwing/active_reference/path.poses[0].pose.position.y,2.2890994874009944
3.5574866590000003,1758897560.276486659,/xwing/active_reference/path.poses[0].pose.position.y,2.2890994874009944
3.560831506,1758897560.279831506,/xwing/active_reference/path.poses[0].pose.position.y,2.2890994874009944
3.564159266,1758897560.283159266,/xwing/active_reference/path.poses[0].pose.position.y,2.2890994874009944
3.567473554,1758897560.286473554,/xwing/active_reference/path.poses[0].pose.position.y,2.2890994874009944
3.5706839930000003,1758897560.289683993,/xwing/active_reference/path.poses[0].pose.position.y,2.2890994874009944
3.574149017,1758897560.293149017,/xwing/active_reference/path.poses[0].pose.position.y,2.2890994874009944
3.577471714,1758897560.296471714,/xwing/active_reference/path.poses[0].pose.position.y,2.2890994874009944
3.58066757,1758897560.299667570,/xwing/active_reference/path.poses[0].pose.position.y,2.2890994874009944
3.584305364,1758897560.303305364,/xwing/active_reference/path.poses[0].pose.position.y,2.2890994874009944
3.587589038,1758897560.306589038,/xwing/active_reference/path.poses[0].pose.position.y,2.2890994874009944
3.590585837,1758897560.309585837,/xwing/active_reference/path.poses[0].pose.position.y,2.2890994874009944
3.594175735,1758897560.313175735,/xwing/active_reference/path.poses[0].pose.position.y,2.2890994874009944
3.597375414,1758897560.316375414,/xwing/active_reference/path.poses[0].pose.position.y,2.2890994874009944
3.60073663,1758897560.319736630,/xwing/active_reference/path.poses[0].pose.position.y,2.2890994874009944
3.6041319769999998,1758897560.323131977,/xwing/active_reference/path.poses[0].pose.position.y,2.2890994874009944
3.607450313,1758897560.326450313,/xwing/active_reference/path.poses[0].pose.position.y,2.2890994874009944
3.610987283,1758897560.329987283,/xwing/active_reference/path.poses[0].pose.position.y,2.2890994874009944
3.614095736,1758897560.333095736,/xwing/active_reference/path.poses[0].pose.position.y,2.2890994874009944
3.617727722,1758897560.336727722,/xwing/active_reference/path.poses[0].pose.position.y,2.2890994874009944
3.62098281,1758897560.339982810,/xwing/active_reference/path.poses[0].pose.position.y,2.2890994874009944
3.624228886,1758897560.343228886,/xwing/active_reference/path.poses[0].pose.position.y,2.2890994874009944
3.627405375,1758897560.346405375,/xwing/active_reference/path.poses[0].pose.position.y,2.2890994874009944
3.630798147,1758897560.349798147,/xwing/active_reference/path.poses[0].pose.position.y,2.2890994874009944
3.633906085,1758897560.352906085,/xwing/active_reference/path.poses[0].pose.position.y,2.2890994874009944
3.637349266,1758897560.356349266,/xwing/active_reference/path.poses[0].pose.position.y,2.2890994874009944
3.6406509060000003,1758897560.359650906,/xwing/active_reference/path.poses[0].pose.position.y,2.2890994874009944
3.6438764580000003,1758897560.362876458,/xwing/active_reference/path.poses[0].pose.position.y,2.2890994874009944
3.6473283260000002,1758897560.366328326,/xwing/active_reference/path.poses[0].pose.position.y,2.2890994874009944
3.650674912,1758897560.369674912,/xwing/active_reference/path.poses[0].pose.position.y,2.2890994874009944
3.653999019,1758897560.372999019,/xwing/active_reference/path.poses[0].pose.position.y,2.2890994874009944
3.657368759,1758897560.376368759,/xwing/active_reference/path.poses[0].pose.position.y,2.2890994874009944
3.660677947,1758897560.379677947,/xwing/active_reference/path.poses[0].pose.position.y,2.2890994874009944
3.663953959,1758897560.382953959,/xwing/active_reference/path.poses[0].pose.position.y,2.2890994874009944
3.667291805,1758897560.386291805,/xwing/active_reference/path.poses[0].pose.position.y,2.2890994874009944
3.670740575,1758897560.389740575,/xwing/active_reference/path.poses[0].pose.position.y,2.2890994874009944
3.6740011089999998,1758897560.393001109,/xwing/active_reference/path.poses[0].pose.position.y,2.2890994874009944
3.677440749,1758897560.396440749,/xwing/active_reference/path.poses[0].pose.position.y,2.2890994874009944
3.680732993,1758897560.399732993,/xwing/active_reference/path.poses[0].pose.position.y,2.2890994874009944
3.684037372,1758897560.403037372,/xwing/active_reference/path.poses[0].pose.position.y,2.2890994874009944
3.687386021,1758897560.406386021,/xwing/active_reference/path.poses[0].pose.position.y,2.2890994874009944
3.690752105,1758897560.409752105,/xwing/active_reference/path.poses[0].pose.position.y,2.2890994874009944
3.69403977,1758897560.413039770,/xwing/active_reference/path.poses[0].pose.position.y,2.2890994874009944
3.697387448,1758897560.416387448,/xwing/active_reference/path.poses[0].pose.position.y,2.2890994874009944
3.718973874,1758897560.437973874,/xwing/active_reference/path.poses[0].pose.position.y,2.2890994874009944
3.718978933,1758897560.437978933,/xwing/active_reference/path.poses[0].pose.position.y,2.2890994874009944
3.718981501,1758897560.437981501,/xwing/active_reference/path.poses[0].pose.position.y,2.2890994874009944
3.7189846109999998,1758897560.437984611,/xwing/active_reference/path.poses[0].pose.position.y,2.2890994874009944
3.71898836,1758897560.437988360,/xwing/active_reference/path.poses[0].pose.position.y,2.2890994874009944
3.718991559,1758897560.437991559,/xwing/active_reference/path.poses[0].pose.position.y,2.2890994874009944
3.720631109,1758897560.439631109,/xwing/active_reference/path.poses[0].pose.position.y,2.22153679273824
3.72423767,1758897560.443237670,/xwing/active_reference/path.poses[0].pose.position.y,2.22153679273824
3.727327084,1758897560.446327084,/xwing/active_reference/path.poses[0].pose.position.y,2.22153679273824
3.730811394,1758897560.449811394,/xwing/active_reference/path.poses[0].pose.position.y,2.22153679273824
3.734145,1758897560.453145000,/xwing/active_reference/path.poses[0].pose.position.y,2.22153679273824
3.737424441,1758897560.456424441,/xwing/active_reference/path.poses[0].pose.position.y,2.22153679273824
3.740725302,1758897560.459725302,/xwing/active_reference/path.poses[0].pose.position.y,2.22153679273824
3.744027214,1758897560.463027214,/xwing/active_reference/path.poses[0].pose.position.y,2.22153679273824
3.747304686,1758897560.466304686,/xwing/active_reference/path.poses[0].pose.position.y,2.22153679273824
3.750839172,1758897560.469839172,/xwing/active_reference/path.poses[0].pose.position.y,2.22153679273824
3.753712189,1758897560.472712189,/xwing/active_reference/path.poses[0].pose.position.y,2.22153679273824
3.757449134,1758897560.476449134,/xwing/active_reference/path.poses[0].pose.position.y,2.22153679273824
3.760723527,1758897560.479723527,/xwing/active_reference/path.poses[0].pose.position.y,2.22153679273824
3.763963229,1758897560.482963229,/xwing/active_reference/path.poses[0].pose.position.y,2.22153679273824
3.767202983,1758897560.486202983,/xwing/active_reference/path.poses[0].pose.position.y,2.22153679273824
3.770421103,1758897560.489421103,/xwing/active_reference/path.poses[0].pose.position.y,2.22153679273824
3.773950328,1758897560.492950328,/xwing/active_reference/path.poses[0].pose.position.y,2.22153679273824
3.77729144,1758897560.496291440,/xwing/active_reference/path.poses[0].pose.position.y,2.22153679273824
3.780549923,1758897560.499549923,/xwing/active_reference/path.poses[0].pose.position.y,2.22153679273824
3.784164047,1758897560.503164047,/xwing/active_reference/path.poses[0].pose.position.y,2.22153679273824
3.787256631,1758897560.506256631,/xwing/active_reference/path.poses[0].pose.position.y,2.22153679273824
3.790687394,1758897560.509687394,/xwing/active_reference/path.poses[0].pose.position.y,2.22153679273824
3.79401972,1758897560.513019720,/xwing/active_reference/path.poses[0].pose.position.y,2.22153679273824
3.797283541,1758897560.516283541,/xwing/active_reference/path.poses[0].pose.position.y,2.22153679273824
3.801085138,1758897560.520085138,/xwing/active_reference/path.poses[0].pose.position.y,2.22153679273824
3.803966139,1758897560.522966139,/xwing/active_reference/path.poses[0].pose.position.y,2.22153679273824
3.807286446,1758897560.526286446,/xwing/active_reference/path.poses[0].pose.position.y,2.22153679273824
3.8105308840000003,1758897560.529530884,/xwing/active_reference/path.poses[0].pose.position.y,2.22153679273824
3.814121988,1758897560.533121988,/xwing/active_reference/path.poses[0].pose.position.y,2.22153679273824
3.817202311,1758897560.536202311,/xwing/active_reference/path.poses[0].pose.position.y,2.22153679273824
3.8204991980000003,1758897560.539499198,/xwing/active_reference/path.poses[0].pose.position.y,2.22153679273824
3.823912053,1758897560.542912053,/xwing/active_reference/path.poses[0].pose.position.y,2.22153679273824
3.8271886999999998,1758897560.546188700,/xwing/active_reference/path.poses[0].pose.position.y,2.22153679273824
3.8305784650000003,1758897560.549578465,/xwing/active_reference/path.poses[0].pose.position.y,2.22153679273824
3.83413115,1758897560.553131150,/xwing/active_reference/path.poses[0].pose.position.y,2.22153679273824
3.837361891,1758897560.556361891,/xwing/active_reference/path.poses[0].pose.position.y,2.22153679273824
3.840637683,1758897560.559637683,/xwing/active_reference/path.poses[0].pose.position.y,2.22153679273824
3.843955536,1758897560.562955536,/xwing/active_reference/path.poses[0].pose.position.y,2.22153679273824
3.847273176,1758897560.566273176,/xwing/active_reference/path.poses[0].pose.position.y,2.22153679273824
3.850567997,1758897560.569567997,/xwing/active_reference/path.poses[0].pose.position.y,2.22153679273824
3.853930755,1758897560.572930755,/xwing/active_reference/path.poses[0].pose.position.y,2.22153679273824
3.857280665,1758897560.576280665,/xwing/active_reference/path.poses[0].pose.position.y,2.22153679273824
3.860595429,1758897560.579595429,/xwing/active_reference/path.poses[0].pose.position.y,2.22153679273824
3.863863781,1758897560.582863781,/xwing/active_reference/path.poses[0].pose.position.y,2.22153679273824
3.867310019,1758897560.586310019,/xwing/active_reference/path.poses[0].pose.position.y,2.22153679273824
3.87051666,1758897560.589516660,/xwing/active_reference/path.poses[0].pose.position.y,2.22153679273824
3.873872475,1758897560.592872475,/xwing/active_reference/path.poses[0].pose.position.y,2.22153679273824
3.877195819,1758897560.596195819,/xwing/active_reference/path.poses[0].pose.position.y,2.22153679273824
3.880498972,1758897560.599498972,/xwing/active_reference/path.poses[0].pose.position.y,2.22153679273824
3.883847241,1758897560.602847241,/xwing/active_reference/path.poses[0].pose.position.y,2.22153679273824
3.88712714,1758897560.606127140,/xwing/active_reference/path.poses[0].pose.position.y,2.22153679273824
3.890429799,1758897560.609429799,/xwing/active_reference/path.poses[0].pose.position.y,2.22153679273824
3.893944227,1758897560.612944227,/xwing/active_reference/path.poses[0].pose.position.y,2.22153679273824
3.8973457380000003,1758897560.616345738,/xwing/active_reference/path.poses[0].pose.position.y,2.22153679273824
3.900313997,1758897560.619313997,/xwing/active_reference/path.poses[0].pose.position.y,2.22153679273824
3.904150725,1758897560.623150725,/xwing/active_reference/path.poses[0].pose.position.y,2.22153679273824
3.924412777,1758897560.643412777,/xwing/active_reference/path.poses[0].pose.position.y,2.22153679273824
3.9244187960000003,1758897560.643418796,/xwing/active_reference/path.poses[0].pose.position.y,2.22153679273824
3.924422412,1758897560.643422412,/xwing/active_reference/path.poses[0].pose.position.y,2.22153679273824
3.924424672,1758897560.643424672,/xwing/active_reference/path.poses[0].pose.position.y,2.22153679273824
3.924429794,1758897560.643429794,/xwing/active_reference/path.poses[0].pose.position.y,2.22153679273824
3.924447754,1758897560.643447754,/xwing/active_reference/path.poses[0].pose.position.y,2.22153679273824
3.927297256,1758897560.646297256,/xwing/active_reference/path.poses[0].pose.position.y,2.22153679273824
3.930578263,1758897560.649578263,/xwing/active_reference/path.poses[0].pose.position.y,2.22153679273824
3.9338021420000002,1758897560.652802142,/xwing/active_reference/path.poses[0].pose.position.y,2.22153679273824
3.937091274,1758897560.656091274,/xwing/active_reference/path.poses[0].pose.position.y,2.22153679273824
3.940630782,1758897560.659630782,/xwing/active_reference/path.poses[0].pose.position.y,2.22153679273824
3.943816801,1758897560.662816801,/xwing/active_reference/path.poses[0].pose.position.y,2.22153679273824
3.9471120280000003,1758897560.666112028,/xwing/active_reference/path.poses[0].pose.position.y,2.22153679273824
3.950464599,1758897560.669464599,/xwing/active_reference/path.poses[0].pose.position.y,2.22153679273824
3.953768048,1758897560.672768048,/xwing/active_reference/path.poses[0].pose.position.y,2.22153679273824
3.957120004,1758897560.676120004,/xwing/active_reference/path.poses[0].pose.position.y,2.22153679273824
3.960386172,1758897560.679386172,/xwing/active_reference/path.poses[0].pose.position.y,2.22153679273824
3.9640410800000003,1758897560.683041080,/xwing/active_reference/path.poses[0].pose.position.y,2.22153679273824
3.967154457,1758897560.686154457,/xwing/active_reference/path.poses[0].pose.position.y,2.22153679273824
3.970429965,1758897560.689429965,/xwing/active_reference/path.poses[0].pose.position.y,2.22153679273824
3.973605812,1758897560.692605812,/xwing/active_reference/path.poses[0].pose.position.y,2.22153679273824
3.976993941,1758897560.695993941,/xwing/active_reference/path.poses[0].pose.position.y,2.22153679273824
3.980352835,1758897560.699352835,/xwing/active_reference/path.poses[0].pose.position.y,2.22153679273824
3.983691657,1758897560.702691657,/xwing/active_reference/path.poses[0].pose.position.y,2.22153679273824
3.98706611,1758897560.706066110,/xwing/active_reference/path.poses[0].pose.position.y,2.22153679273824
3.990384858,1758897560.709384858,/xwing/active_reference/path.poses[0].pose.position.y,2.22153679273824
3.993889211,1758897560.712889211,/xwing/active_reference/path.poses[0].pose.position.y,2.22153679273824
3.997187061,1758897560.716187061,/xwing/active_reference/path.poses[0].pose.position.y,2.22153679273824
4.001584623,1758897560.720584623,/xwing/active_reference/path.poses[0].pose.position.y,2.22153679273824
4.004956779,1758897560.723956779,/xwing/active_reference/path.poses[0].pose.position.y,2.22153679273824
4.016482779,1758897560.735482779,/xwing/active_reference/path.poses[0].pose.position.y,2.22153679273824
4.016497285,1758897560.735497285,/xwing/active_reference/path.poses[0].pose.position.y,2.22153679273824
4.016499126,1758897560.735499126,/xwing/active_reference/path.poses[0].pose.position.y,2.22153679273824
4.017172808,1758897560.736172808,/xwing/active_reference/path.poses[0].pose.position.y,2.22153679273824
4.020928497,1758897560.739928497,/xwing/active_reference/path.poses[0].pose.position.y,2.22153679273824
4.023783814,1758897560.742783814,/xwing/active_reference/path.poses[0].pose.position.y,2.22153679273824
4.027290261,1758897560.746290261,/xwing/active_reference/path.poses[0].pose.position.y,2.22153679273824
4.030375337,1758897560.749375337,/xwing/active_reference/path.poses[0].pose.position.y,2.22153679273824
4.033712476,1758897560.752712476,/xwing/active_reference/path.poses[0].pose.position.y,2.22153679273824
4.037026518,1758897560.756026518,/xwing/active_reference/path.poses[0].pose.position.y,2.22153679273824
4.04024183,1758897560.759241830,/xwing/active_reference/path.poses[0].pose.position.y,2.22153679273824
4.043701357,1758897560.762701357,/xwing/active_reference/path.poses[0].pose.position.y,2.22153679273824
4.047120769,1758897560.766120769,/xwing/active_reference/path.poses[0].pose.position.y,2.22153679273824
4.05022299,1758897560.769222990,/xwing/active_reference/path.poses[0].pose.position.y,2.22153679273824
4.053503355,1758897560.772503355,/xwing/active_reference/path.poses[0].pose.position.y,2.22153679273824
4.05676826,1758897560.775768260,/xwing/active_reference/path.poses[0].pose.position.y,2.22153679273824
4.060386197,1758897560.779386197,/xwing/active_reference/path.poses[0].pose.position.y,2.22153679273824
4.063762535,1758897560.782762535,/xwing/active_reference/path.poses[0].pose.position.y,2.22153679273824
4.067359291,1758897560.786359291,/xwing/active_reference/path.poses[0].pose.position.y,2.22153679273824
4.070278446,1758897560.789278446,/xwing/active_reference/path.poses[0].pose.position.y,2.22153679273824
4.073654734,1758897560.792654734,/xwing/active_reference/path.poses[0].pose.position.y,2.22153679273824
4.076986827,1758897560.795986827,/xwing/active_reference/path.poses[0].pose.position.y,2.22153679273824
4.080306299,1758897560.799306299,/xwing/active_reference/path.poses[0].pose.position.y,2.22153679273824
4.083763003,1758897560.802763003,/xwing/active_reference/path.poses[0].pose.position.y,2.22153679273824
4.08718637,1758897560.806186370,/xwing/active_reference/path.poses[0].pose.position.y,2.22153679273824
4.090319849,1758897560.809319849,/xwing/active_reference/path.poses[0].pose.position.y,2.22153679273824
4.093804768,1758897560.812804768,/xwing/active_reference/path.poses[0].pose.position.y,2.22153679273824
4.096990413,1758897560.815990413,/xwing/active_reference/path.poses[0].pose.position.y,2.22153679273824
4.100122145,1758897560.819122145,/xwing/active_reference/path.poses[0].pose.position.y,2.22153679273824
4.103363059,1758897560.822363059,/xwing/active_reference/path.poses[0].pose.position.y,2.22153679273824
4.107227279,1758897560.826227279,/xwing/active_reference/path.poses[0].pose.position.y,2.22153679273824
4.110070715,1758897560.829070715,/xwing/active_reference/path.poses[0].pose.position.y,2.22153679273824
4.113357758,1758897560.832357758,/xwing/active_reference/path.poses[0].pose.position.y,2.22153679273824
4.117107528,1758897560.836107528,/xwing/active_reference/path.poses[0].pose.position.y,2.22153679273824
4.120261051,1758897560.839261051,/xwing/active_reference/path.poses[0].pose.position.y,2.22153679273824
4.12357172,1758897560.842571720,/xwing/active_reference/path.poses[0].pose.position.y,2.22153679273824
4.12705142,1758897560.846051420,/xwing/active_reference/path.poses[0].pose.position.y,2.22153679273824
4.130314886,1758897560.849314886,/xwing/active_reference/path.poses[0].pose.position.y,2.22153679273824
4.133833759,1758897560.852833759,/xwing/active_reference/path.poses[0].pose.position.y,2.22153679273824
4.137085473,1758897560.856085473,/xwing/active_reference/path.poses[0].pose.position.y,2.22153679273824
4.140425212,1758897560.859425212,/xwing/active_reference/path.poses[0].pose.position.y,2.22153679273824
4.143776263,1758897560.862776263,/xwing/active_reference/path.poses[0].pose.position.y,2.22153679273824
4.147223672,1758897560.866223672,/xwing/active_reference/path.poses[0].pose.position.y,2.22153679273824
4.15040831,1758897560.869408310,/xwing/active_reference/path.poses[0].pose.position.y,2.22153679273824
4.153771824,1758897560.872771824,/xwing/active_reference/path.poses[0].pose.position.y,2.22153679273824
4.157006462,1758897560.876006462,/xwing/active_reference/path.poses[0].pose.position.y,2.22153679273824
4.160493911,1758897560.879493911,/xwing/active_reference/path.poses[0].pose.position.y,2.22153679273824
4.163656278,1758897560.882656278,/xwing/active_reference/path.poses[0].pose.position.y,2.22153679273824
4.167344483,1758897560.886344483,/xwing/active_reference/path.poses[0].pose.position.y,2.22153679273824
4.170388602,1758897560.889388602,/xwing/active_reference/path.poses[0].pose.position.y,2.22153679273824
4.173692351,1758897560.892692351,/xwing/active_reference/path.poses[0].pose.position.y,2.22153679273824
4.176951193,1758897560.895951193,/xwing/active_reference/path.poses[0].pose.position.y,2.22153679273824
4.180320406,1758897560.899320406,/xwing/active_reference/path.poses[0].pose.position.y,2.22153679273824
4.183659658,1758897560.902659658,/xwing/active_reference/path.poses[0].pose.position.y,2.22153679273824
4.187036032,1758897560.906036032,/xwing/active_reference/path.poses[0].pose.position.y,2.22153679273824
4.190097096,1758897560.909097096,/xwing/active_reference/path.poses[0].pose.position.y,2.22153679273824
4.193430331,1758897560.912430331,/xwing/active_reference/path.poses[0].pose.position.y,2.22153679273824
4.196652347,1758897560.915652347,/xwing/active_reference/path.poses[0].pose.position.y,2.22153679273824
4.200063545,1758897560.919063545,/xwing/active_reference/path.poses[0].pose.position.y,2.22153679273824
4.203351268,1758897560.922351268,/xwing/active_reference/path.poses[0].pose.position.y,2.22153679273824
4.206847452,1758897560.925847452,/xwing/active_reference/path.poses[0].pose.position.y,2.22153679273824
4.210458416,1758897560.929458416,/xwing/active_reference/path.poses[0].pose.position.y,2.22153679273824
4.213688612,1758897560.932688612,/xwing/active_reference/path.poses[0].pose.position.y,2.22153679273824
4.217317117,1758897560.936317117,/xwing/active_reference/path.poses[0].pose.position.y,2.22153679273824
4.220406309,1758897560.939406309,/xwing/active_reference/path.poses[0].pose.position.y,2.22153679273824
4.223689786,1758897560.942689786,/xwing/active_reference/path.poses[0].pose.position.y,2.22153679273824
4.227036904,1758897560.946036904,/xwing/active_reference/path.poses[0].pose.position.y,2.22153679273824
4.230417321,1758897560.949417321,/xwing/active_reference/path.poses[0].pose.position.y,2.22153679273824
4.233721324,1758897560.952721324,/xwing/active_reference/path.poses[0].pose.position.y,2.22153679273824
4.236862052,1758897560.955862052,/xwing/active_reference/path.poses[0].pose.position.y,2.22153679273824
4.240274101,1758897560.959274101,/xwing/active_reference/path.poses[0].pose.position.y,2.22153679273824
4.24358893,1758897560.962588930,/xwing/active_reference/path.poses[0].pose.position.y,2.22153679273824
4.24669006,1758897560.965690060,/xwing/active_reference/path.poses[0].pose.position.y,2.22153679273824
4.250003489,1758897560.969003489,/xwing/active_reference/path.poses[0].pose.position.y,2.22153679273824
4.253473102,1758897560.972473102,/xwing/active_reference/path.poses[0].pose.position.y,2.22153679273824
4.25692605,1758897560.975926050,/xwing/active_reference/path.poses[0].pose.position.y,2.22153679273824
4.260132289,1758897560.979132289,/xwing/active_reference/path.poses[0].pose.position.y,2.22153679273824
4.263434588,1758897560.982434588,/xwing/active_reference/path.poses[0].pose.position.y,2.22153679273824
4.266890585,1758897560.985890585,/xwing/active_reference/path.poses[0].pose.position.y,2.22153679273824
4.27022924,1758897560.989229240,/xwing/active_reference/path.poses[0].pose.position.y,2.22153679273824
4.273474107,1758897560.992474107,/xwing/active_reference/path.poses[0].pose.position.y,2.22153679273824
4.276790373,1758897560.995790373,/xwing/active_reference/path.poses[0].pose.position.y,2.22153679273824
4.28014542,1758897560.999145420,/xwing/active_reference/path.poses[0].pose.position.y,2.22153679273824
4.283416266,1758897561.002416266,/xwing/active_reference/path.poses[0].pose.position.y,2.22153679273824
4.286884768,1758897561.005884768,/xwing/active_reference/path.poses[0].pose.position.y,2.22153679273824
4.290150658,1758897561.009150658,/xwing/active_reference/path.poses[0].pose.position.y,2.22153679273824
4.293433702,1758897561.012433702,/xwing/active_reference/path.poses[0].pose.position.y,2.22153679273824
4.296804289,1758897561.015804289,/xwing/active_reference/path.poses[0].pose.position.y,2.22153679273824
4.299898922,1758897561.018898922,/xwing/active_reference/path.poses[0].pose.position.y,2.22153679273824
4.303265139,1758897561.022265139,/xwing/active_reference/path.poses[0].pose.position.y,2.22153679273824
4.306707358,1758897561.025707358,/xwing/active_reference/path.poses[0].pose.position.y,2.22153679273824
4.310112448,1758897561.029112448,/xwing/active_reference/path.poses[0].pose.position.y,2.22153679273824
4.31370346,1758897561.032703460,/xwing/active_reference/path.poses[0].pose.position.y,2.22153679273824
4.334419781,1758897561.053419781,/xwing/active_reference/path.poses[0].pose.position.y,2.22153679273824
4.3344353380000005,1758897561.053435338,/xwing/active_reference/path.poses[0].pose.position.y,2.22153679273824
4.334439017,1758897561.053439017,/xwing/active_reference/path.poses[0].pose.position.y,2.22153679273824
4.334442313,1758897561.053442313,/xwing/active_reference/path.poses[0].pose.position.y,2.22153679273824
4.33444375,1758897561.053443750,/xwing/active_reference/path.poses[0].pose.position.y,2.22153679273824
4.334445336,1758897561.053445336,/xwing/active_reference/path.poses[0].pose.position.y,2.22153679273824
4.336854448,1758897561.055854448,/xwing/active_reference/path.poses[0].pose.position.y,2.22153679273824
4.34003626,1758897561.059036260,/xwing/active_reference/path.poses[0].pose.position.y,2.22153679273824
4.343541884,1758897561.062541884,/xwing/active_reference/path.poses[0].pose.position.y,2.22153679273824
4.347805359,1758897561.066805359,/xwing/active_reference/path.poses[0].pose.position.y,2.22153679273824
4.350217904,1758897561.069217904,/xwing/active_reference/path.poses[0].pose.position.y,2.22153679273824
4.353577922,1758897561.072577922,/xwing/active_reference/path.poses[0].pose.position.y,2.22153679273824
4.356863653,1758897561.075863653,/xwing/active_reference/path.poses[0].pose.position.y,2.22153679273824
4.359958708,1758897561.078958708,/xwing/active_reference/path.poses[0].pose.position.y,2.22153679273824
4.363474065,1758897561.082474065,/xwing/active_reference/path.poses[0].pose.position.y,2.22153679273824
4.366820143,1758897561.085820143,/xwing/active_reference/path.poses[0].pose.position.y,2.22153679273824
4.370159298,1758897561.089159298,/xwing/active_reference/path.poses[0].pose.position.y,2.22153679273824
4.373246522,1758897561.092246522,/xwing/active_reference/path.poses[0].pose.position.y,2.22153679273824
4.376458314,1758897561.095458314,/xwing/active_reference/path.poses[0].pose.position.y,2.22153679273824
4.379969949,1758897561.098969949,/xwing/active_reference/path.poses[0].pose.position.y,2.22153679273824
4.383284319,1758897561.102284319,/xwing/active_reference/path.poses[0].pose.position.y,2.22153679273824
4.386696809,1758897561.105696809,/xwing/active_reference/path.poses[0].pose.position.y,2.22153679273824
4.389957923,1758897561.108957923,/xwing/active_reference/path.poses[0].pose.position.y,2.22153679273824
4.393225263,1758897561.112225263,/xwing/active_reference/path.poses[0].pose.position.y,2.22153679273824
4.396492439,1758897561.115492439,/xwing/active_reference/path.poses[0].pose.position.y,2.22153679273824
4.399813057,1758897561.118813057,/xwing/active_reference/path.poses[0].pose.position.y,2.22153679273824
4.403249079,1758897561.122249079,/xwing/active_reference/path.poses[0].pose.position.y,2.22153679273824
4.406623664,1758897561.125623664,/xwing/active_reference/path.poses[0].pose.position.y,2.22153679273824
4.409954384,1758897561.128954384,/xwing/active_reference/path.poses[0].pose.position.y,2.22153679273824
4.4134587100000005,1758897561.132458710,/xwing/active_reference/path.poses[0].pose.position.y,2.22153679273824
4.416669548,1758897561.135669548,/xwing/active_reference/path.poses[0].pose.position.y,2.22153679273824
4.419791657,1758897561.138791657,/xwing/active_reference/path.poses[0].pose.position.y,2.22153679273824
4.423195303,1758897561.142195303,/xwing/active_reference/path.poses[0].pose.position.y,2.22153679273824
4.426669589,1758897561.145669589,/xwing/active_reference/path.poses[0].pose.position.y,2.22153679273824
4.430024094,1758897561.149024094,/xwing/active_reference/path.poses[0].pose.position.y,2.22153679273824
4.433411672,1758897561.152411672,/xwing/active_reference/path.poses[0].pose.position.y,2.22153679273824
4.436670185,1758897561.155670185,/xwing/active_reference/path.poses[0].pose.position.y,2.22153679273824
4.440330445,1758897561.159330445,/xwing/active_reference/path.poses[0].pose.position.y,2.22153679273824
4.443173064,1758897561.162173064,/xwing/active_reference/path.poses[0].pose.position.y,2.22153679273824
4.446464533,1758897561.165464533,/xwing/active_reference/path.poses[0].pose.position.y,2.22153679273824
4.4499674030000005,1758897561.168967403,/xwing/active_reference/path.poses[0].pose.position.y,2.22153679273824
4.453039095,1758897561.172039095,/xwing/active_reference/path.poses[0].pose.position.y,2.22153679273824
4.456652278,1758897561.175652278,/xwing/active_reference/path.poses[0].pose.position.y,2.22153679273824
4.459943503,1758897561.178943503,/xwing/active_reference/path.poses[0].pose.position.y,2.22153679273824
4.463280172,1758897561.182280172,/xwing/active_reference/path.poses[0].pose.position.y,2.22153679273824
4.466490597,1758897561.185490597,/xwing/active_reference/path.poses[0].pose.position.y,2.22153679273824
4.469725717,1758897561.188725717,/xwing/active_reference/path.poses[0].pose.position.y,2.22153679273824
4.473028238,1758897561.192028238,/xwing/active_reference/path.poses[0].pose.position.y,2.22153679273824
4.476508209,1758897561.195508209,/xwing/active_reference/path.poses[0].pose.position.y,2.22153679273824
4.479861018,1758897561.198861018,/xwing/active_reference/path.poses[0].pose.position.y,2.22153679273824
4.483201234,1758897561.202201234,/xwing/active_reference/path.poses[0].pose.position.y,2.22153679273824
4.48654701,1758897561.205547010,/xwing/active_reference/path.poses[0].pose.position.y,2.22153679273824
4.489883353,1758897561.208883353,/xwing/active_reference/path.poses[0].pose.position.y,2.22153679273824
4.493169561,1758897561.212169561,/xwing/active_reference/path.poses[0].pose.position.y,2.22153679273824
4.496555875,1758897561.215555875,/xwing/active_reference/path.poses[0].pose.position.y,2.22153679273824
4.499908582,1758897561.218908582,/xwing/active_reference/path.poses[0].pose.position.y,2.22153679273824
4.503189584,1758897561.222189584,/xwing/active_reference/path.poses[0].pose.position.y,2.22153679273824
4.506571156,1758897561.225571156,/xwing/active_reference/path.poses[0].pose.position.y,2.22153679273824
4.509850151,1758897561.228850151,/xwing/active_reference/path.poses[0].pose.position.y,2.22153679273824
4.513157284,1758897561.232157284,/xwing/active_reference/path.poses[0].pose.position.y,2.22153679273824
4.516551647,1758897561.235551647,/xwing/active_reference/path.poses[0].pose.position.y,2.22153679273824
4.522135734,1758897561.241135734,/xwing/active_reference/path.poses[0].pose.position.y,2.22153679273824
4.53809812,1758897561.257098120,/xwing/active_reference/path.poses[0].pose.position.y,2.22153679273824
4.538102105,1758897561.257102105,/xwing/active_reference/path.poses[0].pose.position.y,2.22153679273824
4.538104114,1758897561.257104114,/xwing/active_reference/path.poses[0].pose.position.y,2.22153679273824
4.538106143,1758897561.257106143,/xwing/active_reference/path.poses[0].pose.position.y,2.22153679273824
4.538108054,1758897561.257108054,/xwing/active_reference/path.poses[0].pose.position.y,2.22153679273824
4.539883712,1758897561.258883712,/xwing/active_reference/path.poses[0].pose.position.y,2.22153679273824
4.543215789,1758897561.262215789,/xwing/active_reference/path.poses[0].pose.position.y,2.22153679273824
4.546770521,1758897561.265770521,/xwing/active_reference/path.poses[0].pose.position.y,2.22153679273824
4.550002081,1758897561.269002081,/xwing/active_reference/path.poses[0].pose.position.y,2.22153679273824
4.553222034,1758897561.272222034,/xwing/active_reference/path.poses[0].pose.position.y,2.22153679273824
4.55632105,1758897561.275321050,/xwing/active_reference/path.poses[0].pose.position.y,2.22153679273824
4.5597572,1758897561.278757200,/xwing/active_reference/path.poses[0].pose.position.y,2.22153679273824
4.562942408,1758897561.281942408,/xwing/active_reference/path.poses[0].pose.position.y,2.22153679273824
4.566521972,1758897561.285521972,/xwing/active_reference/path.poses[0].pose.position.y,2.22153679273824
4.569818855,1758897561.288818855,/xwing/active_reference/path.poses[0].pose.position.y,2.22153679273824
4.573093656,1758897561.292093656,/xwing/active_reference/path.poses[0].pose.position.y,2.22153679273824
4.57650187,1758897561.295501870,/xwing/active_reference/path.poses[0].pose.position.y,2.22153679273824
4.57989484,1758897561.298894840,/xwing/active_reference/path.poses[0].pose.position.y,2.22153679273824
4.583209397,1758897561.302209397,/xwing/active_reference/path.poses[0].pose.position.y,2.22153679273824
4.586547805,1758897561.305547805,/xwing/active_reference/path.poses[0].pose.position.y,2.22153679273824
4.58986652,1758897561.308866520,/xwing/active_reference/path.poses[0].pose.position.y,2.22153679273824
4.593330888,1758897561.312330888,/xwing/active_reference/path.poses[0].pose.position.y,2.22153679273824
4.596503831,1758897561.315503831,/xwing/active_reference/path.poses[0].pose.position.y,2.22153679273824
4.599821984,1758897561.318821984,/xwing/active_reference/path.poses[0].pose.position.y,2.22153679273824
4.602890801,1758897561.321890801,/xwing/active_reference/path.poses[0].pose.position.y,2.22153679273824
4.60624464,1758897561.325244640,/xwing/active_reference/path.poses[0].pose.position.y,2.22153679273824
4.60985911,1758897561.328859110,/xwing/active_reference/path.poses[0].pose.position.y,2.22153679273824
4.613210937,1758897561.332210937,/xwing/active_reference/path.poses[0].pose.position.y,2.22153679273824
4.616498597,1758897561.335498597,/xwing/active_reference/path.poses[0].pose.position.y,2.22153679273824
4.620084221,1758897561.339084221,/xwing/active_reference/path.poses[0].pose.position.y,2.22153679273824
4.623296067,1758897561.342296067,/xwing/active_reference/path.poses[0].pose.position.y,2.22153679273824
4.62647724,1758897561.345477240,/xwing/active_reference/path.poses[0].pose.position.y,2.22153679273824
4.629742548,1758897561.348742548,/xwing/active_reference/path.poses[0].pose.position.y,2.22153679273824
4.63297723,1758897561.351977230,/xwing/active_reference/path.poses[0].pose.position.y,2.22153679273824
4.636317136,1758897561.355317136,/xwing/active_reference/path.poses[0].pose.position.y,2.22153679273824
4.63976509,1758897561.358765090,/xwing/active_reference/path.poses[0].pose.position.y,2.22153679273824
4.643163088,1758897561.362163088,/xwing/active_reference/path.poses[0].pose.position.y,2.22153679273824
4.646412638,1758897561.365412638,/xwing/active_reference/path.poses[0].pose.position.y,2.22153679273824
4.649719207,1758897561.368719207,/xwing/active_reference/path.poses[0].pose.position.y,2.22153679273824
4.653114115,1758897561.372114115,/xwing/active_reference/path.poses[0].pose.position.y,2.22153679273824
4.656407274,1758897561.375407274,/xwing/active_reference/path.poses[0].pose.position.y,2.22153679273824
4.65978295,1758897561.378782950,/xwing/active_reference/path.poses[0].pose.position.y,2.22153679273824
4.66314979,1758897561.382149790,/xwing/active_reference/path.poses[0].pose.position.y,2.22153679273824
4.666445907,1758897561.385445907,/xwing/active_reference/path.poses[0].pose.position.y,2.22153679273824
4.669778335,1758897561.388778335,/xwing/active_reference/path.poses[0].pose.position.y,2.22153679273824
4.673132035,1758897561.392132035,/xwing/active_reference/path.poses[0].pose.position.y,2.22153679273824
4.6764415150000005,1758897561.395441515,/xwing/active_reference/path.poses[0].pose.position.y,2.22153679273824
4.679898475,1758897561.398898475,/xwing/active_reference/path.poses[0].pose.position.y,2.22153679273824
4.683140675,1758897561.402140675,/xwing/active_reference/path.poses[0].pose.position.y,2.22153679273824
4.686409803,1758897561.405409803,/xwing/active_reference/path.poses[0].pose.position.y,2.22153679273824
4.689734335,1758897561.408734335,/xwing/active_reference/path.poses[0].pose.position.y,2.22153679273824
4.693078571,1758897561.412078571,/xwing/active_reference/path.poses[0].pose.position.y,2.22153679273824
4.696399014,1758897561.415399014,/xwing/active_reference/path.poses[0].pose.position.y,2.22153679273824
4.699457807,1758897561.418457807,/xwing/active_reference/path.poses[0].pose.position.y,2.22153679273824
4.70310594,1758897561.422105940,/xwing/active_reference/path.poses[0].pose.position.y,2.22153679273824
4.706448765,1758897561.425448765,/xwing/active_reference/path.poses[0].pose.position.y,2.22153679273824
4.709738003,1758897561.428738003,/xwing/active_reference/path.poses[0].pose.position.y,2.22153679273824
4.713114699,1758897561.432114699,/xwing/active_reference/path.poses[0].pose.position.y,2.22153679273824
4.716416037,1758897561.435416037,/xwing/active_reference/path.poses[0].pose.position.y,2.22153679273824
4.7199101290000005,1758897561.438910129,/xwing/active_reference/path.poses[0].pose.position.y,2.22153679273824
4.723239061,1758897561.442239061,/xwing/active_reference/path.poses[0].pose.position.y,2.22153679273824
4.7444250740000005,1758897561.463425074,/xwing/active_reference/path.poses[0].pose.position.y,2.22153679273824
4.744428966,1758897561.463428966,/xwing/active_reference/path.poses[0].pose.position.y,2.22153679273824
4.744433552,1758897561.463433552,/xwing/active_reference/path.poses[0].pose.position.y,2.22153679273824
4.744436008,1758897561.463436008,/xwing/active_reference/path.poses[0].pose.position.y,2.22153679273824
4.744437899,1758897561.463437899,/xwing/active_reference/path.poses[0].pose.position.y,2.22153679273824
4.744439844,1758897561.463439844,/xwing/active_reference/path.poses[0].pose.position.y,2.22153679273824
4.747398625,1758897561.466398625,/xwing/active_reference/path.poses[0].pose.position.y,2.22153679273824
4.749596468,1758897561.468596468,/xwing/active_reference/path.poses[0].pose.position.y,2.22153679273824
4.7530259390000005,1758897561.472025939,/xwing/active_reference/path.poses[0].pose.position.y,2.22153679273824
4.7563151040000005,1758897561.475315104,/xwing/active_reference/path.poses[0].pose.position.y,2.22153679273824
4.759590157,1758897561.478590157,/xwing/active_reference/path.poses[0].pose.position.y,2.22153679273824
4.763114268,1758897561.482114268,/xwing/active_reference/path.poses[0].pose.position.y,2.22153679273824
4.766597867,1758897561.485597867,/xwing/active_reference/path.poses[0].pose.position.y,2.22153679273824
4.769626726,1758897561.488626726,/xwing/active_reference/path.poses[0].pose.position.y,2.22153679273824
4.773173381,1758897561.492173381,/xwing/active_reference/path.poses[0].pose.position.y,2.22153679273824
4.776293732,1758897561.495293732,/xwing/active_reference/path.poses[0].pose.position.y,2.22153679273824
4.779639854,1758897561.498639854,/xwing/active_reference/path.poses[0].pose.position.y,2.22153679273824
4.7830474810000005,1758897561.502047481,/xwing/active_reference/path.poses[0].pose.position.y,2.22153679273824
4.786284345,1758897561.505284345,/xwing/active_reference/path.poses[0].pose.position.y,2.22153679273824
4.789621376,1758897561.508621376,/xwing/active_reference/path.poses[0].pose.position.y,2.22153679273824
4.793098446,1758897561.512098446,/xwing/active_reference/path.poses[0].pose.position.y,2.22153679273824
4.796408223,1758897561.515408223,/xwing/active_reference/path.poses[0].pose.position.y,2.22153679273824
4.799748327,1758897561.518748327,/xwing/active_reference/path.poses[0].pose.position.y,2.22153679273824
4.803061353,1758897561.522061353,/xwing/active_reference/path.poses[0].pose.position.y,2.22153679273824
4.80633851,1758897561.525338510,/xwing/active_reference/path.poses[0].pose.position.y,2.22153679273824
4.809704692,1758897561.528704692,/xwing/active_reference/path.poses[0].pose.position.y,2.22153679273824
4.813094228,1758897561.532094228,/xwing/active_reference/path.poses[0].pose.position.y,2.22153679273824
4.816358671,1758897561.535358671,/xwing/active_reference/path.poses[0].pose.position.y,2.22153679273824
4.819726715,1758897561.538726715,/xwing/active_reference/path.poses[0].pose.position.y,2.22153679273824
4.822997004,1758897561.541997004,/xwing/active_reference/path.poses[0].pose.position.y,2.22153679273824
4.826287969,1758897561.545287969,/xwing/active_reference/path.poses[0].pose.position.y,2.22153679273824
4.829592479,1758897561.548592479,/xwing/active_reference/path.poses[0].pose.position.y,2.22153679273824
4.832648346,1758897561.551648346,/xwing/active_reference/path.poses[0].pose.position.y,2.22153679273824
4.836025998,1758897561.555025998,/xwing/active_reference/path.poses[0].pose.position.y,2.22153679273824
4.839392505,1758897561.558392505,/xwing/active_reference/path.poses[0].pose.position.y,2.22153679273824
4.842947044,1758897561.561947044,/xwing/active_reference/path.poses[0].pose.position.y,2.22153679273824
4.8462535550000005,1758897561.565253555,/xwing/active_reference/path.poses[0].pose.position.y,2.22153679273824
4.84951435,1758897561.568514350,/xwing/active_reference/path.poses[0].pose.position.y,2.22153679273824
4.853207155,1758897561.572207155,/xwing/active_reference/path.poses[0].pose.position.y,2.22153679273824
4.856173698,1758897561.575173698,/xwing/active_reference/path.poses[0].pose.position.y,2.22153679273824
4.859560357,1758897561.578560357,/xwing/active_reference/path.poses[0].pose.position.y,2.22153679273824
4.862968738,1758897561.581968738,/xwing/active_reference/path.poses[0].pose.position.y,2.22153679273824
4.866252166,1758897561.585252166,/xwing/active_reference/path.poses[0].pose.position.y,2.22153679273824
4.869556639,1758897561.588556639,/xwing/active_reference/path.poses[0].pose.position.y,2.22153679273824
4.8729966860000005,1758897561.591996686,/xwing/active_reference/path.poses[0].pose.position.y,2.22153679273824
4.8763775250000005,1758897561.595377525,/xwing/active_reference/path.poses[0].pose.position.y,2.22153679273824
4.879578158,1758897561.598578158,/xwing/active_reference/path.poses[0].pose.position.y,2.22153679273824
4.883121548,1758897561.602121548,/xwing/active_reference/path.poses[0].pose.position.y,2.22153679273824
4.886173009,1758897561.605173009,/xwing/active_reference/path.poses[0].pose.position.y,2.22153679273824
4.889546232,1758897561.608546232,/xwing/active_reference/path.poses[0].pose.position.y,2.22153679273824
4.89262329,1758897561.611623290,/xwing/active_reference/path.poses[0].pose.position.y,2.22153679273824
4.895921144,1758897561.614921144,/xwing/active_reference/path.poses[0].pose.position.y,2.22153679273824
4.899527535,1758897561.618527535,/xwing/active_reference/path.poses[0].pose.position.y,2.22153679273824
4.9029717,1758897561.621971700,/xwing/active_reference/path.poses[0].pose.position.y,2.22153679273824
4.906176407,1758897561.625176407,/xwing/active_reference/path.poses[0].pose.position.y,2.22153679273824
4.909609982,1758897561.628609982,/xwing/active_reference/path.poses[0].pose.position.y,2.22153679273824
4.912925443,1758897561.631925443,/xwing/active_reference/path.poses[0].pose.position.y,2.22153679273824
4.91625884,1758897561.635258840,/xwing/active_reference/path.poses[0].pose.position.y,2.22153679273824
4.919267464,1758897561.638267464,/xwing/active_reference/path.poses[0].pose.position.y,2.22153679273824
4.922910724,1758897561.641910724,/xwing/active_reference/path.poses[0].pose.position.y,2.22153679273824
4.92612164,1758897561.645121640,/xwing/active_reference/path.poses[0].pose.position.y,2.22153679273824
4.931712258,1758897561.650712258,/xwing/active_reference/path.poses[0].pose.position.y,2.22153679273824
4.948366428,1758897561.667366428,/xwing/active_reference/path.poses[0].pose.position.y,2.22153679273824
4.94836882,1758897561.667368820,/xwing/active_reference/path.poses[0].pose.position.y,2.22153679273824
4.948372138,1758897561.667372138,/xwing/active_reference/path.poses[0].pose.position.y,2.22153679273824
4.948375444,1758897561.667375444,/xwing/active_reference/path.poses[0].pose.position.y,2.22153679273824
4.948377789,1758897561.667377789,/xwing/active_reference/path.poses[0].pose.position.y,2.22153679273824
4.949401006,1758897561.668401006,/xwing/active_reference/path.poses[0].pose.position.y,2.22153679273824
4.952948503,1758897561.671948503,/xwing/active_reference/path.poses[0].pose.position.y,2.22153679273824
4.9562408300000005,1758897561.675240830,/xwing/active_reference/path.poses[0].pose.position.y,2.22153679273824
4.95952864,1758897561.678528640,/xwing/active_reference/path.poses[0].pose.position.y,2.22153679273824
4.96289595,1758897561.681895950,/xwing/active_reference/path.poses[0].pose.position.y,2.22153679273824
4.966230715,1758897561.685230715,/xwing/active_reference/path.poses[0].pose.position.y,2.22153679273824
4.969514855,1758897561.688514855,/xwing/active_reference/path.poses[0].pose.position.y,2.22153679273824
4.972819854,1758897561.691819854,/xwing/active_reference/path.poses[0].pose.position.y,2.22153679273824
4.976157228,1758897561.695157228,/xwing/active_reference/path.poses[0].pose.position.y,2.22153679273824
4.979470153,1758897561.698470153,/xwing/active_reference/path.poses[0].pose.position.y,2.22153679273824
4.983076632,1758897561.702076632,/xwing/active_reference/path.poses[0].pose.position.y,2.22153679273824
4.985957903,1758897561.704957903,/xwing/active_reference/path.poses[0].pose.position.y,2.22153679273824
4.989293074,1758897561.708293074,/xwing/active_reference/path.poses[0].pose.position.y,2.22153679273824
4.992564211,1758897561.711564211,/xwing/active_reference/path.poses[0].pose.position.y,2.22153679273824
4.995897196,1758897561.714897196,/xwing/active_reference/path.poses[0].pose.position.y,2.22153679273824
4.999323275,1758897561.718323275,/xwing/active_reference/path.poses[0].pose.position.y,2.22153679273824
5.003064983,1758897561.722064983,/xwing/active_reference/path.poses[0].pose.position.y,2.22153679273824
5.005839361,1758897561.724839361,/xwing/active_reference/path.poses[0].pose.position.y,2.22153679273824
5.009615893,1758897561.728615893,/xwing/active_reference/path.poses[0].pose.position.y,2.22153679273824
5.012738576,1758897561.731738576,/xwing/active_reference/path.poses[0].pose.position.y,2.22153679273824
5.016216872,1758897561.735216872,/xwing/active_reference/path.poses[0].pose.position.y,2.22153679273824
5.019513504,1758897561.738513504,/xwing/active_reference/path.poses[0].pose.position.y,2.22153679273824
5.022755975,1758897561.741755975,/xwing/active_reference/path.poses[0].pose.position.y,2.22153679273824
5.026049001,1758897561.745049001,/xwing/active_reference/path.poses[0].pose.position.y,2.22153679273824
5.029746312,1758897561.748746312,/xwing/active_reference/path.poses[0].pose.position.y,2.22153679273824
5.032770164,1758897561.751770164,/xwing/active_reference/path.poses[0].pose.position.y,2.22153679273824
5.036106419,1758897561.755106419,/xwing/active_reference/path.poses[0].pose.position.y,2.22153679273824
5.039390528,1758897561.758390528,/xwing/active_reference/path.poses[0].pose.position.y,2.22153679273824
5.042741487,1758897561.761741487,/xwing/active_reference/path.poses[0].pose.position.y,2.22153679273824
5.045843278,1758897561.764843278,/xwing/active_reference/path.poses[0].pose.position.y,2.22153679273824
5.049209448,1758897561.768209448,/xwing/active_reference/path.poses[0].pose.position.y,2.22153679273824
5.052907512,1758897561.771907512,/xwing/active_reference/path.poses[0].pose.position.y,2.22153679273824
5.056016089,1758897561.775016089,/xwing/active_reference/path.poses[0].pose.position.y,2.22153679273824
5.059330432,1758897561.778330432,/xwing/active_reference/path.poses[0].pose.position.y,2.22153679273824
5.06266531,1758897561.781665310,/xwing/active_reference/path.poses[0].pose.position.y,2.22153679273824
5.065965063,1758897561.784965063,/xwing/active_reference/path.poses[0].pose.position.y,2.22153679273824
5.069288647,1758897561.788288647,/xwing/active_reference/path.poses[0].pose.position.y,2.22153679273824
5.072682642,1758897561.791682642,/xwing/active_reference/path.poses[0].pose.position.y,2.22153679273824
5.076163004,1758897561.795163004,/xwing/active_reference/path.poses[0].pose.position.y,2.22153679273824
5.079486739,1758897561.798486739,/xwing/active_reference/path.poses[0].pose.position.y,2.22153679273824
5.082830829,1758897561.801830829,/xwing/active_reference/path.poses[0].pose.position.y,2.22153679273824
5.086102312,1758897561.805102312,/xwing/active_reference/path.poses[0].pose.position.y,2.22153679273824
5.089419598,1758897561.808419598,/xwing/active_reference/path.poses[0].pose.position.y,2.22153679273824
5.092683823,1758897561.811683823,/xwing/active_reference/path.poses[0].pose.position.y,2.22153679273824
5.0959953,1758897561.814995300,/xwing/active_reference/path.poses[0].pose.position.y,2.22153679273824
5.099472877,1758897561.818472877,/xwing/active_reference/path.poses[0].pose.position.y,2.22153679273824
5.102747461,1758897561.821747461,/xwing/active_reference/path.poses[0].pose.position.y,2.22153679273824
5.106029752,1758897561.825029752,/xwing/active_reference/path.poses[0].pose.position.y,2.22153679273824
5.109297182,1758897561.828297182,/xwing/active_reference/path.poses[0].pose.position.y,2.22153679273824
5.112792541,1758897561.831792541,/xwing/active_reference/path.poses[0].pose.position.y,2.22153679273824
5.116130316,1758897561.835130316,/xwing/active_reference/path.poses[0].pose.position.y,2.22153679273824
5.11942247,1758897561.838422470,/xwing/active_reference/path.poses[0].pose.position.y,2.22153679273824
5.122698315,1758897561.841698315,/xwing/active_reference/path.poses[0].pose.position.y,2.22153679273824
5.125981803,1758897561.844981803,/xwing/active_reference/path.poses[0].pose.position.y,2.22153679273824
5.129278785,1758897561.848278785,/xwing/active_reference/path.poses[0].pose.position.y,2.22153679273824
5.132909451,1758897561.851909451,/xwing/active_reference/path.poses[0].pose.position.y,2.22153679273824
5.15313783,1758897561.872137830,/xwing/active_reference/path.poses[0].pose.position.y,2.22153679273824
5.153141581,1758897561.872141581,/xwing/active_reference/path.poses[0].pose.position.y,2.22153679273824
5.153144173,1758897561.872144173,/xwing/active_reference/path.poses[0].pose.position.y,2.22153679273824
5.153147328,1758897561.872147328,/xwing/active_reference/path.poses[0].pose.position.y,2.22153679273824
5.153150011,1758897561.872150011,/xwing/active_reference/path.poses[0].pose.position.y,2.22153679273824
5.1531521,1758897561.872152100,/xwing/active_reference/path.poses[0].pose.position.y,2.22153679273824
5.1559409370000004,1758897561.874940937,/xwing/active_reference/path.poses[0].pose.position.y,2.22153679273824
5.159249766,1758897561.878249766,/xwing/active_reference/path.poses[0].pose.position.y,2.22153679273824
5.162546336,1758897561.881546336,/xwing/active_reference/path.poses[0].pose.position.y,2.22153679273824
5.165914704,1758897561.884914704,/xwing/active_reference/path.poses[0].pose.position.y,2.22153679273824
5.16948957,1758897561.888489570,/xwing/active_reference/path.poses[0].pose.position.y,2.22153679273824
