elapsed time,timestamp,topic,value
0.008072457,1758893479.561072457,/mocap/xwing/pose.pose.position.x,0.020356893928821052
0.020034505,1758893479.573034505,/mocap/xwing/pose.pose.position.x,0.020399046391449866
0.028035570000000003,1758893479.581035570,/mocap/xwing/pose.pose.position.x,0.020410565709893008
0.040074251000000005,1758893479.593074251,/mocap/xwing/pose.pose.position.x,0.02052471480839471
0.050071835,1758893479.603071835,/mocap/xwing/pose.pose.position.x,0.020578473438309593
0.058042275000000004,1758893479.611042275,/mocap/xwing/pose.pose.position.x,0.020694730353001692
0.070074115,1758893479.623074115,/mocap/xwing/pose.pose.position.x,0.02031545434950251
0.08003449600000001,1758893479.633034496,/mocap/xwing/pose.pose.position.x,0.020439470053753066
0.090033494,1758893479.643033494,/mocap/xwing/pose.pose.position.x,0.020497673116406774
0.1000336,1758893479.653033600,/mocap/xwing/pose.pose.position.x,0.021317464249475025
0.110035188,1758893479.663035188,/mocap/xwing/pose.pose.position.x,0.021415790679452727
0.12003490500000001,1758893479.673034905,/mocap/xwing/pose.pose.position.x,0.021506465711340118
0.130034424,1758893479.683034424,/mocap/xwing/pose.pose.position.x,0.021578307851234765
0.14003658400000002,1758893479.693036584,/mocap/xwing/pose.pose.position.x,0.021658446442473528
0.14803639400000002,1758893479.701036394,/mocap/xwing/pose.pose.position.x,0.021748369542785445
0.158050941,1758893479.711050941,/mocap/xwing/pose.pose.position.x,0.02184967563115071
0.170035117,1758893479.723035117,/mocap/xwing/pose.pose.position.x,0.02196570814943425
0.18003448600000002,1758893479.733034486,/mocap/xwing/pose.pose.position.x,0.022030683376457243
0.19003323900000002,1758893479.743033239,/mocap/xwing/pose.pose.position.x,0.02214392114114237
0.20003272400000002,1758893479.753032724,/mocap/xwing/pose.pose.position.x,0.022238123016791365
0.210036053,1758893479.763036053,/mocap/xwing/pose.pose.position.x,0.02226691930362291
0.218034251,1758893479.771034251,/mocap/xwing/pose.pose.position.x,0.02238743756128752
0.228059421,1758893479.781059421,/mocap/xwing/pose.pose.position.x,0.02244596511585235
0.238032775,1758893479.791032775,/mocap/xwing/pose.pose.position.x,0.022507453668542243
0.250036541,1758893479.803036541,/mocap/xwing/pose.pose.position.x,0.022585717088522465
0.260036883,1758893479.813036883,/mocap/xwing/pose.pose.position.x,0.022914784442082316
0.270034308,1758893479.823034308,/mocap/xwing/pose.pose.position.x,0.0227644625045845
0.280059373,1758893479.833059373,/mocap/xwing/pose.pose.position.x,0.02311101902975492
0.288064462,1758893479.841064462,/mocap/xwing/pose.pose.position.x,0.02318015968260004
0.300068118,1758893479.853068118,/mocap/xwing/pose.pose.position.x,0.02325225517893954
0.308105267,1758893479.861105267,/mocap/xwing/pose.pose.position.x,0.023389853984769646
0.320033752,1758893479.873033752,/mocap/xwing/pose.pose.position.x,0.023429005512551226
0.330036816,1758893479.883036816,/mocap/xwing/pose.pose.position.x,0.023520875904334836
0.34003624400000004,1758893479.893036244,/mocap/xwing/pose.pose.position.x,0.023659946673282205
0.350060439,1758893479.903060439,/mocap/xwing/pose.pose.position.x,0.023743479677762823
0.36003564600000004,1758893479.913035646,/mocap/xwing/pose.pose.position.x,0.023817498410285857
0.370034456,1758893479.923034456,/mocap/xwing/pose.pose.position.x,0.02394118542417651
0.380033294,1758893479.933033294,/mocap/xwing/pose.pose.position.x,0.02408125126426351
0.390036072,1758893479.943036072,/mocap/xwing/pose.pose.position.x,0.024152502492831362
0.39803361400000004,1758893479.951033614,/mocap/xwing/pose.pose.position.x,0.02427507500905447
0.41003463100000004,1758893479.963034631,/mocap/xwing/pose.pose.position.x,0.024424796215452804
0.42003295,1758893479.973032950,/mocap/xwing/pose.pose.position.x,0.024509157911775444
0.430032956,1758893479.983032956,/mocap/xwing/pose.pose.position.x,0.024603162337472204
0.440036713,1758893479.993036713,/mocap/xwing/pose.pose.position.x,0.02479300930124048
0.448065945,1758893480.001065945,/mocap/xwing/pose.pose.position.x,0.024897005088600987
0.46003535300000004,1758893480.013035353,/mocap/xwing/pose.pose.position.x,0.025024251857191575
0.47003391400000005,1758893480.023033914,/mocap/xwing/pose.pose.position.x,0.02488050730129056
0.480034002,1758893480.033034002,/mocap/xwing/pose.pose.position.x,0.024979580712969962
0.490035086,1758893480.043035086,/mocap/xwing/pose.pose.position.x,0.025126359814519477
0.500033991,1758893480.053033991,/mocap/xwing/pose.pose.position.x,0.02528513664441839
0.510035262,1758893480.063035262,/mocap/xwing/pose.pose.position.x,0.025391133624824657
0.520040244,1758893480.073040244,/mocap/xwing/pose.pose.position.x,0.025529987632889824
0.5300353640000001,1758893480.083035364,/mocap/xwing/pose.pose.position.x,0.02567648372238426
0.540033785,1758893480.093033785,/mocap/xwing/pose.pose.position.x,0.025785851354292767
0.550034252,1758893480.103034252,/mocap/xwing/pose.pose.position.x,0.025936688151207827
0.560035504,1758893480.113035504,/mocap/xwing/pose.pose.position.x,0.02575383043353779
0.570032882,1758893480.123032882,/mocap/xwing/pose.pose.position.x,0.025888157913612455
0.580037664,1758893480.133037664,/mocap/xwing/pose.pose.position.x,0.02605228873967241
0.590033813,1758893480.143033813,/mocap/xwing/pose.pose.position.x,0.02617953666335335
0.598031832,1758893480.151031832,/mocap/xwing/pose.pose.position.x,0.02636071649049802
0.610075079,1758893480.163075079,/mocap/xwing/pose.pose.position.x,0.026518483514836367
0.620051248,1758893480.173051248,/mocap/xwing/pose.pose.position.x,0.026602969660262498
0.630070408,1758893480.183070408,/mocap/xwing/pose.pose.position.x,0.026768156772000926
0.640035372,1758893480.193035372,/mocap/xwing/pose.pose.position.x,0.026923064437215913
0.6500337580000001,1758893480.203033758,/mocap/xwing/pose.pose.position.x,0.027051843764845714
0.660061635,1758893480.213061635,/mocap/xwing/pose.pose.position.x,0.027209976349031686
0.670032026,1758893480.223032026,/mocap/xwing/pose.pose.position.x,0.02739518941941237
0.680069212,1758893480.233069212,/mocap/xwing/pose.pose.position.x,0.02751211296729189
0.6900611550000001,1758893480.243061155,/mocap/xwing/pose.pose.position.x,0.02767804218764804
0.7000631310000001,1758893480.253063131,/mocap/xwing/pose.pose.position.x,0.027851808507632286
0.710034051,1758893480.263034051,/mocap/xwing/pose.pose.position.x,0.02801883971931095
0.7180621030000001,1758893480.271062103,/mocap/xwing/pose.pose.position.x,0.028182864155265386
0.7300335830000001,1758893480.283033583,/mocap/xwing/pose.pose.position.x,0.028397057094681478
0.7400316680000001,1758893480.293031668,/mocap/xwing/pose.pose.position.x,0.02862058528517195
0.7500327520000001,1758893480.303032752,/mocap/xwing/pose.pose.position.x,0.028817613965948483
0.760035864,1758893480.313035864,/mocap/xwing/pose.pose.position.x,0.029053990226836603
0.770033037,1758893480.323033037,/mocap/xwing/pose.pose.position.x,0.02931469860898409
0.780036434,1758893480.333036434,/mocap/xwing/pose.pose.position.x,0.029604574457833963
0.790038965,1758893480.343038965,/mocap/xwing/pose.pose.position.x,0.029890088713725702
0.800033642,1758893480.353033642,/mocap/xwing/pose.pose.position.x,0.030244273493739614
0.8100319090000001,1758893480.363031909,/mocap/xwing/pose.pose.position.x,0.030632735132837246
0.820033823,1758893480.373033823,/mocap/xwing/pose.pose.position.x,0.03104337110720565
0.828033518,1758893480.381033518,/mocap/xwing/pose.pose.position.x,0.03147918335885873
0.840035123,1758893480.393035123,/mocap/xwing/pose.pose.position.x,0.03198142450418177
0.8500326,1758893480.403032600,/mocap/xwing/pose.pose.position.x,0.0325451994612303
0.8600397590000001,1758893480.413039759,/mocap/xwing/pose.pose.position.x,0.03315739081542373
0.8680338310000001,1758893480.421033831,/mocap/xwing/pose.pose.position.x,0.03384716846419993
0.8800368040000001,1758893480.433036804,/mocap/xwing/pose.pose.position.x,0.034648954521445605
0.89006722,1758893480.443067220,/mocap/xwing/pose.pose.position.x,0.03550438870460393
0.8980385710000001,1758893480.451038571,/mocap/xwing/pose.pose.position.x,0.03642647547747221
0.910039515,1758893480.463039515,/mocap/xwing/pose.pose.position.x,0.03811796011724386
0.920047303,1758893480.473047303,/mocap/xwing/pose.pose.position.x,0.03926329822361963
0.930035436,1758893480.483035436,/mocap/xwing/pose.pose.position.x,0.04050296362517394
0.9380327490000001,1758893480.491032749,/mocap/xwing/pose.pose.position.x,0.04189708796533522
0.9500388110000001,1758893480.503038811,/mocap/xwing/pose.pose.position.x,0.04344690120832412
0.958036662,1758893480.511036662,/mocap/xwing/pose.pose.position.x,0.04484826214641611
0.9700366500000001,1758893480.523036650,/mocap/xwing/pose.pose.position.x,0.04664301710538513
0.9800352940000001,1758893480.533035294,/mocap/xwing/pose.pose.position.x,0.048582344284697675
0.9880328290000001,1758893480.541032829,/mocap/xwing/pose.pose.position.x,0.05077765456140044
1.000033583,1758893480.553033583,/mocap/xwing/pose.pose.position.x,0.053034400583474285
1.010068661,1758893480.563068661,/mocap/xwing/pose.pose.position.x,0.05546967040077008
1.02006179,1758893480.573061790,/mocap/xwing/pose.pose.position.x,0.05804971745316779
1.030037164,1758893480.583037164,/mocap/xwing/pose.pose.position.x,0.06104547784434976
1.040038003,1758893480.593038003,/mocap/xwing/pose.pose.position.x,0.06398042147474674
1.050033191,1758893480.603033191,/mocap/xwing/pose.pose.position.x,0.06730746247801515
1.060052018,1758893480.613052018,/mocap/xwing/pose.pose.position.x,0.07084985127156239
1.068049965,1758893480.621049965,/mocap/xwing/pose.pose.position.x,0.07433333596370396
1.080046097,1758893480.633046097,/mocap/xwing/pose.pose.position.x,0.07842520214504688
1.090047657,1758893480.643047657,/mocap/xwing/pose.pose.position.x,0.08256986152415628
1.100044882,1758893480.653044882,/mocap/xwing/pose.pose.position.x,0.08728174895640088
1.11004461,1758893480.663044610,/mocap/xwing/pose.pose.position.x,0.09244971930052263
1.12004439,1758893480.673044390,/mocap/xwing/pose.pose.position.x,0.09769307601930678
1.130043802,1758893480.683043802,/mocap/xwing/pose.pose.position.x,0.10316457063635316
1.140049007,1758893480.693049007,/mocap/xwing/pose.pose.position.x,0.10902420294124392
1.150046685,1758893480.703046685,/mocap/xwing/pose.pose.position.x,0.11521641022308397
1.158059785,1758893480.711059785,/mocap/xwing/pose.pose.position.x,0.1219232148888901
1.168077748,1758893480.721077748,/mocap/xwing/pose.pose.position.x,0.1287431652197168
1.180042173,1758893480.733042173,/mocap/xwing/pose.pose.position.x,0.13554399468396808
1.190041803,1758893480.743041803,/mocap/xwing/pose.pose.position.x,0.14322875564219473
1.200039414,1758893480.753039414,/mocap/xwing/pose.pose.position.x,0.15107608772901845
1.20804791,1758893480.761047910,/mocap/xwing/pose.pose.position.x,0.15976977905907724
1.220045411,1758893480.773045411,/mocap/xwing/pose.pose.position.x,0.16872117705015424
1.230041671,1758893480.783041671,/mocap/xwing/pose.pose.position.x,0.17794104218515994
1.240043059,1758893480.793043059,/mocap/xwing/pose.pose.position.x,0.1879006576645956
1.2480419870000001,1758893480.801041987,/mocap/xwing/pose.pose.position.x,0.1978547193580397
1.260048515,1758893480.813048515,/mocap/xwing/pose.pose.position.x,0.20857196043754125
1.270041828,1758893480.823041828,/mocap/xwing/pose.pose.position.x,0.21965734439659956
1.278038621,1758893480.831038621,/mocap/xwing/pose.pose.position.x,0.23115356720657942
1.290046897,1758893480.843046897,/mocap/xwing/pose.pose.position.x,0.24298988088939869
1.300041858,1758893480.853041858,/mocap/xwing/pose.pose.position.x,0.2556370933016994
1.308044272,1758893480.861044272,/mocap/xwing/pose.pose.position.x,0.2686664819146654
1.320044561,1758893480.873044561,/mocap/xwing/pose.pose.position.x,0.282273353700523
1.328041813,1758893480.881041813,/mocap/xwing/pose.pose.position.x,0.29698587914785646
1.340042255,1758893480.893042255,/mocap/xwing/pose.pose.position.x,0.31133098400707415
1.350042466,1758893480.903042466,/mocap/xwing/pose.pose.position.x,0.32639716246515676
1.360095308,1758893480.913095308,/mocap/xwing/pose.pose.position.x,0.34215327407971224
1.370081586,1758893480.923081586,/mocap/xwing/pose.pose.position.x,0.3582290275609605
1.378084196,1758893480.931084196,/mocap/xwing/pose.pose.position.x,0.3747660958331987
1.390081304,1758893480.943081304,/mocap/xwing/pose.pose.position.x,0.3919710309140014
1.400047574,1758893480.953047574,/mocap/xwing/pose.pose.position.x,0.40965775182351616
1.410041177,1758893480.963041177,/mocap/xwing/pose.pose.position.x,0.4278436038268433
1.420045054,1758893480.973045054,/mocap/xwing/pose.pose.position.x,0.4465821537465868
1.430042152,1758893480.983042152,/mocap/xwing/pose.pose.position.x,0.46588115212988546
1.438042662,1758893480.991042662,/mocap/xwing/pose.pose.position.x,0.48563402609520895
1.450046057,1758893481.003046057,/mocap/xwing/pose.pose.position.x,0.5058018957595825
1.45806193,1758893481.011061930,/mocap/xwing/pose.pose.position.x,0.5266112448870645
1.468082919,1758893481.021082919,/mocap/xwing/pose.pose.position.x,0.5482729295365837
1.480081677,1758893481.033081677,/mocap/xwing/pose.pose.position.x,0.5702377362320302
1.488083419,1758893481.041083419,/mocap/xwing/pose.pose.position.x,0.5925087782260792
1.498080263,1758893481.051080263,/mocap/xwing/pose.pose.position.x,0.6153441527242297
1.508078172,1758893481.061078172,/mocap/xwing/pose.pose.position.x,0.6385765343386132
1.5180447940000001,1758893481.071044794,/mocap/xwing/pose.pose.position.x,0.6624201840229396
1.530070877,1758893481.083070877,/mocap/xwing/pose.pose.position.x,0.6867322660242029
1.540045628,1758893481.093045628,/mocap/xwing/pose.pose.position.x,0.7115009551714668
1.55004577,1758893481.103045770,/mocap/xwing/pose.pose.position.x,0.7366735646662977
1.558075219,1758893481.111075219,/mocap/xwing/pose.pose.position.x,0.7618711556525146
1.570071393,1758893481.123071393,/mocap/xwing/pose.pose.position.x,0.7878352559440318
1.580050581,1758893481.133050581,/mocap/xwing/pose.pose.position.x,0.814217176036152
1.5900480680000002,1758893481.143048068,/mocap/xwing/pose.pose.position.x,0.8409055779395228
1.598043508,1758893481.151043508,/mocap/xwing/pose.pose.position.x,0.8676872060015948
1.610060941,1758893481.163060941,/mocap/xwing/pose.pose.position.x,0.8950906080661217
1.618044404,1758893481.171044404,/mocap/xwing/pose.pose.position.x,0.9226714580810247
1.628076428,1758893481.181076428,/mocap/xwing/pose.pose.position.x,0.9505516558915831
1.6400834,1758893481.193083400,/mocap/xwing/pose.pose.position.x,0.9787652321403458
1.650082468,1758893481.203082468,/mocap/xwing/pose.pose.position.x,1.00727260306167
1.6600852640000001,1758893481.213085264,/mocap/xwing/pose.pose.position.x,1.0358611353938754
1.670081648,1758893481.223081648,/mocap/xwing/pose.pose.position.x,1.0651434032230798
1.68006984,1758893481.233069840,/mocap/xwing/pose.pose.position.x,1.094013054936537
1.688080947,1758893481.241080947,/mocap/xwing/pose.pose.position.x,1.1230687374106643
1.698016327,1758893481.251016327,/mocap/xwing/pose.pose.position.x,1.1522485160904703
1.7080501319999999,1758893481.261050132,/mocap/xwing/pose.pose.position.x,1.1814780144095904
1.72004841,1758893481.273048410,/mocap/xwing/pose.pose.position.x,1.2108059167152876
1.72804759,1758893481.281047590,/mocap/xwing/pose.pose.position.x,1.2402132919243527
1.7400486970000002,1758893481.293048697,/mocap/xwing/pose.pose.position.x,1.2694351735946319
1.750045721,1758893481.303045721,/mocap/xwing/pose.pose.position.x,1.2986293784438598
1.758052919,1758893481.311052919,/mocap/xwing/pose.pose.position.x,1.3275649316539169
1.770046524,1758893481.323046524,/mocap/xwing/pose.pose.position.x,1.3564649890706584
1.78004621,1758893481.333046210,/mocap/xwing/pose.pose.position.x,1.3854008582486856
1.788045531,1758893481.341045531,/mocap/xwing/pose.pose.position.x,1.4139510860608573
1.80004593,1758893481.353045930,/mocap/xwing/pose.pose.position.x,1.4423042138697881
1.810045627,1758893481.363045627,/mocap/xwing/pose.pose.position.x,1.4702677542517548
1.820047812,1758893481.373047812,/mocap/xwing/pose.pose.position.x,1.4982269490970608
1.830124936,1758893481.383124936,/mocap/xwing/pose.pose.position.x,1.526143393472562
1.838084889,1758893481.391084889,/mocap/xwing/pose.pose.position.x,1.5528002031785249
1.850045019,1758893481.403045019,/mocap/xwing/pose.pose.position.x,1.5794278331846285
1.858063042,1758893481.411063042,/mocap/xwing/pose.pose.position.x,1.6052976994510308
1.868046426,1758893481.421046426,/mocap/xwing/pose.pose.position.x,1.6308492501588236
1.880045192,1758893481.433045192,/mocap/xwing/pose.pose.position.x,1.6558615531020169
1.888089904,1758893481.441089904,/mocap/xwing/pose.pose.position.x,1.6808953763848087
1.900056411,1758893481.453056411,/mocap/xwing/pose.pose.position.x,1.7042106333218614
1.908041211,1758893481.461041211,/mocap/xwing/pose.pose.position.x,1.7272479877987532
1.920053437,1758893481.473053437,/mocap/xwing/pose.pose.position.x,1.7493369679562671
1.93008568,1758893481.483085680,/mocap/xwing/pose.pose.position.x,1.77225094408752
1.9400470420000002,1758893481.493047042,/mocap/xwing/pose.pose.position.x,1.7935231773692981
1.950050342,1758893481.503050342,/mocap/xwing/pose.pose.position.x,1.8141567775444518
1.9600540180000001,1758893481.513054018,/mocap/xwing/pose.pose.position.x,1.833724398502446
1.970048093,1758893481.523048093,/mocap/xwing/pose.pose.position.x,1.8507861140952913
1.980046484,1758893481.533046484,/mocap/xwing/pose.pose.position.x,1.8689597997940222
1.988044946,1758893481.541044946,/mocap/xwing/pose.pose.position.x,1.886275199580576
1.9980450790000002,1758893481.551045079,/mocap/xwing/pose.pose.position.x,1.90389941762496
2.010051829,1758893481.563051829,/mocap/xwing/pose.pose.position.x,1.9190648711609868
2.020044813,1758893481.573044813,/mocap/xwing/pose.pose.position.x,1.9330129742948376
2.03004505,1758893481.583045050,/mocap/xwing/pose.pose.position.x,1.9450537959358214
2.040052047,1758893481.593052047,/mocap/xwing/pose.pose.position.x,1.9569222882442037
2.050050614,1758893481.603050614,/mocap/xwing/pose.pose.position.x,1.9679964771948555
2.060053496,1758893481.613053496,/mocap/xwing/pose.pose.position.x,1.9777035196319734
2.070075583,1758893481.623075583,/mocap/xwing/pose.pose.position.x,1.9835007642479083
2.080053892,1758893481.633053892,/mocap/xwing/pose.pose.position.x,1.9908926214211993
2.08804366,1758893481.641043660,/mocap/xwing/pose.pose.position.x,1.9983852312251613
2.100045513,1758893481.653045513,/mocap/xwing/pose.pose.position.x,2.0034114064892066
2.108041922,1758893481.661041922,/mocap/xwing/pose.pose.position.x,2.0073500193545084
2.120049456,1758893481.673049456,/mocap/xwing/pose.pose.position.x,2.0117344863504947
2.130084751,1758893481.683084751,/mocap/xwing/pose.pose.position.x,2.012737362056314
2.140050117,1758893481.693050117,/mocap/xwing/pose.pose.position.x,2.0131544438424713
2.150045719,1758893481.703045719,/mocap/xwing/pose.pose.position.x,2.011976532560517
2.160065607,1758893481.713065607,/mocap/xwing/pose.pose.position.x,2.009516944658488
2.17004615,1758893481.723046150,/mocap/xwing/pose.pose.position.x,2.00649135321505
2.17804773,1758893481.731047730,/mocap/xwing/pose.pose.position.x,2.0022316602546555
2.190047204,1758893481.743047204,/mocap/xwing/pose.pose.position.x,1.9966478037648043
2.200046183,1758893481.753046183,/mocap/xwing/pose.pose.position.x,1.98957821052946
2.210046539,1758893481.763046539,/mocap/xwing/pose.pose.position.x,1.981489871950065
2.220047718,1758893481.773047718,/mocap/xwing/pose.pose.position.x,1.9717929493612372
2.230045501,1758893481.783045501,/mocap/xwing/pose.pose.position.x,1.9609611034381986
2.238048658,1758893481.791048658,/mocap/xwing/pose.pose.position.x,1.9485416206652761
2.248049376,1758893481.801049376,/mocap/xwing/pose.pose.position.x,1.935194712468284
2.25805968,1758893481.811059680,/mocap/xwing/pose.pose.position.x,1.9205653806884544
2.270051291,1758893481.823051291,/mocap/xwing/pose.pose.position.x,1.9044143341028723
2.280047155,1758893481.833047155,/mocap/xwing/pose.pose.position.x,1.8870172999022254
2.288048115,1758893481.841048115,/mocap/xwing/pose.pose.position.x,1.869741256627151
2.30004806,1758893481.853048060,/mocap/xwing/pose.pose.position.x,1.8501571157562116
2.310051429,1758893481.863051429,/mocap/xwing/pose.pose.position.x,1.8305424314853989
2.318049296,1758893481.871049296,/mocap/xwing/pose.pose.position.x,1.8085118470578565
2.330050982,1758893481.883050982,/mocap/xwing/pose.pose.position.x,1.785306577768295
2.338042993,1758893481.891042993,/mocap/xwing/pose.pose.position.x,1.7609020762328425
2.348045743,1758893481.901045743,/mocap/xwing/pose.pose.position.x,1.7352509282008193
2.360074052,1758893481.913074052,/mocap/xwing/pose.pose.position.x,1.7085542456980123
2.368045842,1758893481.921045842,/mocap/xwing/pose.pose.position.x,1.6806293711050029
2.380040075,1758893481.933040075,/mocap/xwing/pose.pose.position.x,1.651581222617195
2.388044704,1758893481.941044704,/mocap/xwing/pose.pose.position.x,1.621412603342309
2.398043093,1758893481.951043093,/mocap/xwing/pose.pose.position.x,1.590166510102753
2.410042525,1758893481.963042525,/mocap/xwing/pose.pose.position.x,1.55791634967863
2.420041937,1758893481.973041937,/mocap/xwing/pose.pose.position.x,1.5246454234201885
2.430038265,1758893481.983038265,/mocap/xwing/pose.pose.position.x,1.4903294785075616
2.438038714,1758893481.991038714,/mocap/xwing/pose.pose.position.x,1.454980687556165
2.45006598,1758893482.003065980,/mocap/xwing/pose.pose.position.x,1.418613149996698
2.460046368,1758893482.013046368,/mocap/xwing/pose.pose.position.x,1.3812659932532807
2.470042401,1758893482.023042401,/mocap/xwing/pose.pose.position.x,1.3427725442514433
2.480043017,1758893482.033043017,/mocap/xwing/pose.pose.position.x,1.303967734527798
2.490045495,1758893482.043045495,/mocap/xwing/pose.pose.position.x,1.2641648552085119
2.500043978,1758893482.053043978,/mocap/xwing/pose.pose.position.x,1.2232918619492323
2.508047352,1758893482.061047352,/mocap/xwing/pose.pose.position.x,1.1818148086608904
2.520044059,1758893482.073044059,/mocap/xwing/pose.pose.position.x,1.1393884596244832
2.528042755,1758893482.081042755,/mocap/xwing/pose.pose.position.x,1.0963526825925807
2.538043302,1758893482.091043302,/mocap/xwing/pose.pose.position.x,1.0523949585898362
2.5500465390000002,1758893482.103046539,/mocap/xwing/pose.pose.position.x,1.0073812672194844
2.560043737,1758893482.113043737,/mocap/xwing/pose.pose.position.x,0.9621056106509505
2.570081916,1758893482.123081916,/mocap/xwing/pose.pose.position.x,0.9163363668201386
2.578077174,1758893482.131077174,/mocap/xwing/pose.pose.position.x,0.8698319956924728
2.590045578,1758893482.143045578,/mocap/xwing/pose.pose.position.x,0.8229782652037538
2.60004128,1758893482.153041280,/mocap/xwing/pose.pose.position.x,0.7751898952993436
2.610040341,1758893482.163040341,/mocap/xwing/pose.pose.position.x,0.7268114802796657
2.620039314,1758893482.173039314,/mocap/xwing/pose.pose.position.x,0.677581161670221
2.630045513,1758893482.183045513,/mocap/xwing/pose.pose.position.x,0.6281107153229089
2.638038876,1758893482.191038876,/mocap/xwing/pose.pose.position.x,0.5784957159394007
2.650040802,1758893482.203040802,/mocap/xwing/pose.pose.position.x,0.528356109203747
2.660048639,1758893482.213048639,/mocap/xwing/pose.pose.position.x,0.478284630080915
2.670042815,1758893482.223042815,/mocap/xwing/pose.pose.position.x,0.42747703261139414
2.680042486,1758893482.233042486,/mocap/xwing/pose.pose.position.x,0.37644801137487643
2.690041207,1758893482.243041207,/mocap/xwing/pose.pose.position.x,0.3251616338656266
2.700044587,1758893482.253044587,/mocap/xwing/pose.pose.position.x,0.27317081217390815
2.708042095,1758893482.261042095,/mocap/xwing/pose.pose.position.x,0.22130774119465607
2.7180675020000002,1758893482.271067502,/mocap/xwing/pose.pose.position.x,0.16963187138336153
2.730063442,1758893482.283063442,/mocap/xwing/pose.pose.position.x,0.11768411064963169
2.740043387,1758893482.293043387,/mocap/xwing/pose.pose.position.x,0.06536898773896825
2.7500358350000003,1758893482.303035835,/mocap/xwing/pose.pose.position.x,0.013090880461969445
2.760039378,1758893482.313039378,/mocap/xwing/pose.pose.position.x,-0.03916332552029552
2.770037576,1758893482.323037576,/mocap/xwing/pose.pose.position.x,-0.09163855228496968
2.7800336960000003,1758893482.333033696,/mocap/xwing/pose.pose.position.x,-0.14402789386876655
2.790035378,1758893482.343035378,/mocap/xwing/pose.pose.position.x,-0.1962030710868464
2.80003528,1758893482.353035280,/mocap/xwing/pose.pose.position.x,-0.2482909736481993
2.810032921,1758893482.363032921,/mocap/xwing/pose.pose.position.x,-0.3003744795344725
2.820032226,1758893482.373032226,/mocap/xwing/pose.pose.position.x,-0.3522457835564734
2.830033506,1758893482.383033506,/mocap/xwing/pose.pose.position.x,-0.40404608159075267
2.8400323590000003,1758893482.393032359,/mocap/xwing/pose.pose.position.x,-0.4554391589658706
2.850031572,1758893482.403031572,/mocap/xwing/pose.pose.position.x,-0.506577836182805
2.860035142,1758893482.413035142,/mocap/xwing/pose.pose.position.x,-0.5574115081650809
2.870033067,1758893482.423033067,/mocap/xwing/pose.pose.position.x,-0.6077842012444282
2.878032133,1758893482.431032133,/mocap/xwing/pose.pose.position.x,-0.6579576333857505
2.8900330480000003,1758893482.443033048,/mocap/xwing/pose.pose.position.x,-0.7078140037138044
2.900033871,1758893482.453033871,/mocap/xwing/pose.pose.position.x,-0.7571132962447312
2.91003318,1758893482.463033180,/mocap/xwing/pose.pose.position.x,-0.8058136592316221
2.920033103,1758893482.473033103,/mocap/xwing/pose.pose.position.x,-0.8541949301608511
2.928032558,1758893482.481032558,/mocap/xwing/pose.pose.position.x,-0.9021269887635032
2.9400330830000003,1758893482.493033083,/mocap/xwing/pose.pose.position.x,-0.9491634577383895
2.950059281,1758893482.503059281,/mocap/xwing/pose.pose.position.x,-0.9957397871090573
2.9600594620000003,1758893482.513059462,/mocap/xwing/pose.pose.position.x,-1.0418444853266515
2.968044142,1758893482.521044142,/mocap/xwing/pose.pose.position.x,-1.0872262710369645
2.978033414,1758893482.531033414,/mocap/xwing/pose.pose.position.x,-1.1318720220848977
2.990034711,1758893482.543034711,/mocap/xwing/pose.pose.position.x,-1.1758039059995535
3.000032793,1758893482.553032793,/mocap/xwing/pose.pose.position.x,-1.2190890117733815
3.010032126,1758893482.563032126,/mocap/xwing/pose.pose.position.x,-1.2614525543711637
3.020033367,1758893482.573033367,/mocap/xwing/pose.pose.position.x,-1.3027642988670336
3.030031745,1758893482.583031745,/mocap/xwing/pose.pose.position.x,-1.3438381105565655
3.038033056,1758893482.591033056,/mocap/xwing/pose.pose.position.x,-1.384062746788174
3.048041952,1758893482.601041952,/mocap/xwing/pose.pose.position.x,-1.4247695586438567
3.060040446,1758893482.613040446,/mocap/xwing/pose.pose.position.x,-1.4632696669327363
3.068037995,1758893482.621037995,/mocap/xwing/pose.pose.position.x,-1.5056163128494195
3.078034085,1758893482.631034085,/mocap/xwing/pose.pose.position.x,-1.542075135628679
3.090032787,1758893482.643032787,/mocap/xwing/pose.pose.position.x,-1.5774656993801863
3.100032311,1758893482.653032311,/mocap/xwing/pose.pose.position.x,-1.6121083932483014
3.110037698,1758893482.663037698,/mocap/xwing/pose.pose.position.x,-1.6458527957943343
3.120032661,1758893482.673032661,/mocap/xwing/pose.pose.position.x,-1.6782836641691026
3.13003196,1758893482.683031960,/mocap/xwing/pose.pose.position.x,-1.7101759663147278
3.140036686,1758893482.693036686,/mocap/xwing/pose.pose.position.x,-1.7377238348835147
3.150035184,1758893482.703035184,/mocap/xwing/pose.pose.position.x,-1.766898513860291
3.160042138,1758893482.713042138,/mocap/xwing/pose.pose.position.x,-1.7954988320658156
3.170033655,1758893482.723033655,/mocap/xwing/pose.pose.position.x,-1.8224750570612795
3.178039139,1758893482.731039139,/mocap/xwing/pose.pose.position.x,-1.8491299561368248
3.190033604,1758893482.743033604,/mocap/xwing/pose.pose.position.x,-1.8741334779819574
3.19803273,1758893482.751032730,/mocap/xwing/pose.pose.position.x,-1.8983734263686305
3.210032793,1758893482.763032793,/mocap/xwing/pose.pose.position.x,-1.9213700183500342
3.220034961,1758893482.773034961,/mocap/xwing/pose.pose.position.x,-1.9429874861341339
3.230032611,1758893482.783032611,/mocap/xwing/pose.pose.position.x,-1.9636172224788055
3.240033058,1758893482.793033058,/mocap/xwing/pose.pose.position.x,-1.983181955882434
3.248037914,1758893482.801037914,/mocap/xwing/pose.pose.position.x,-2.0016822776094076
3.260052698,1758893482.813052698,/mocap/xwing/pose.pose.position.x,-2.018745704775249
3.270035229,1758893482.823035229,/mocap/xwing/pose.pose.position.x,-2.0332216058235604
3.278034514,1758893482.831034514,/mocap/xwing/pose.pose.position.x,-2.0495579434733524
3.290033738,1758893482.843033738,/mocap/xwing/pose.pose.position.x,-2.0629945910874254
3.300033579,1758893482.853033579,/mocap/xwing/pose.pose.position.x,-2.075305394251031
3.3100335530000002,1758893482.863033553,/mocap/xwing/pose.pose.position.x,-2.086376374190217
3.320032978,1758893482.873032978,/mocap/xwing/pose.pose.position.x,-2.096294107555867
3.328034344,1758893482.881034344,/mocap/xwing/pose.pose.position.x,-2.1047866202230003
3.340033566,1758893482.893033566,/mocap/xwing/pose.pose.position.x,-2.111897128908261
3.350032838,1758893482.903032838,/mocap/xwing/pose.pose.position.x,-2.117750036848657
3.360036877,1758893482.913036877,/mocap/xwing/pose.pose.position.x,-2.122225185589796
3.370033419,1758893482.923033419,/mocap/xwing/pose.pose.position.x,-2.1249169523578493
3.380034665,1758893482.933034665,/mocap/xwing/pose.pose.position.x,-2.127246678831335
3.390034468,1758893482.943034468,/mocap/xwing/pose.pose.position.x,-2.127647746563426
3.400032751,1758893482.953032751,/mocap/xwing/pose.pose.position.x,-2.1270552816129418
3.408033596,1758893482.961033596,/mocap/xwing/pose.pose.position.x,-2.124956504633554
3.420032651,1758893482.973032651,/mocap/xwing/pose.pose.position.x,-2.12168988079038
3.430032821,1758893482.983032821,/mocap/xwing/pose.pose.position.x,-2.117206258153934
3.440032759,1758893482.993032759,/mocap/xwing/pose.pose.position.x,-2.111295799982037
3.4500329990000003,1758893483.003032999,/mocap/xwing/pose.pose.position.x,-2.1040755016290027
3.458042699,1758893483.011042699,/mocap/xwing/pose.pose.position.x,-2.0956898011783327
3.468073318,1758893483.021073318,/mocap/xwing/pose.pose.position.x,-2.086044479010936
3.478192193,1758893483.031192193,/mocap/xwing/pose.pose.position.x,-2.07484101193918
3.490043627,1758893483.043043627,/mocap/xwing/pose.pose.position.x,-2.0626088711090143
3.500036207,1758893483.053036207,/mocap/xwing/pose.pose.position.x,-2.0491085740221604
3.510032917,1758893483.063032917,/mocap/xwing/pose.pose.position.x,-2.034256337673658
3.520061027,1758893483.073061027,/mocap/xwing/pose.pose.position.x,-2.018233218211158
3.530061482,1758893483.083061482,/mocap/xwing/pose.pose.position.x,-2.001055337383908
3.538034237,1758893483.091034237,/mocap/xwing/pose.pose.position.x,-1.9825563204864687
3.550043852,1758893483.103043852,/mocap/xwing/pose.pose.position.x,-1.9627890502761365
3.560039094,1758893483.113039094,/mocap/xwing/pose.pose.position.x,-1.9419756520677816
3.570033241,1758893483.123033241,/mocap/xwing/pose.pose.position.x,-1.919987281215446
3.5800331610000002,1758893483.133033161,/mocap/xwing/pose.pose.position.x,-1.8966648068560545
3.590034296,1758893483.143034296,/mocap/xwing/pose.pose.position.x,-1.8722199774210384
3.598034046,1758893483.151034046,/mocap/xwing/pose.pose.position.x,-1.846862233643088
3.608067922,1758893483.161067922,/mocap/xwing/pose.pose.position.x,-1.8196565628492696
3.618032837,1758893483.171032837,/mocap/xwing/pose.pose.position.x,-1.7918260736314648
3.628044286,1758893483.181044286,/mocap/xwing/pose.pose.position.x,-1.762883286785648
3.640036379,1758893483.193036379,/mocap/xwing/pose.pose.position.x,-1.7332657053660887
3.6500743250000003,1758893483.203074325,/mocap/xwing/pose.pose.position.x,-1.7024393784167386
3.65807979,1758893483.211079790,/mocap/xwing/pose.pose.position.x,-1.6703945446350021
3.6680706,1758893483.221070600,/mocap/xwing/pose.pose.position.x,-1.6370726319053122
3.678080457,1758893483.231080457,/mocap/xwing/pose.pose.position.x,-1.6032182993780237
3.690071488,1758893483.243071488,/mocap/xwing/pose.pose.position.x,-1.5682287421319516
3.698071894,1758893483.251071894,/mocap/xwing/pose.pose.position.x,-1.532210106249361
3.708073493,1758893483.261073493,/mocap/xwing/pose.pose.position.x,-1.4953945371906407
3.720072552,1758893483.273072552,/mocap/xwing/pose.pose.position.x,-1.4576913779506073
3.730071822,1758893483.283071822,/mocap/xwing/pose.pose.position.x,-1.41902552599195
3.7380773830000003,1758893483.291077383,/mocap/xwing/pose.pose.position.x,-1.3795210080889568
3.750072353,1758893483.303072353,/mocap/xwing/pose.pose.position.x,-1.339246305960363
3.758038735,1758893483.311038735,/mocap/xwing/pose.pose.position.x,-1.2981349843535492
3.768037593,1758893483.321037593,/mocap/xwing/pose.pose.position.x,-1.2562846204694647
3.778037986,1758893483.331037986,/mocap/xwing/pose.pose.position.x,-1.2134918032184492
3.790034479,1758893483.343034479,/mocap/xwing/pose.pose.position.x,-1.1701714076655136
3.800033715,1758893483.353033715,/mocap/xwing/pose.pose.position.x,-1.1261373963807133
3.810044747,1758893483.363044747,/mocap/xwing/pose.pose.position.x,-1.0813956280697503
3.820037792,1758893483.373037792,/mocap/xwing/pose.pose.position.x,-1.0359808799741113
3.828036727,1758893483.381036727,/mocap/xwing/pose.pose.position.x,-0.9899986471504977
3.838037472,1758893483.391037472,/mocap/xwing/pose.pose.position.x,-0.9434640168457437
3.850092661,1758893483.403092661,/mocap/xwing/pose.pose.position.x,-0.8962663364635777
3.8580400690000003,1758893483.411040069,/mocap/xwing/pose.pose.position.x,-0.8485332391716947
3.868036864,1758893483.421036864,/mocap/xwing/pose.pose.position.x,-0.8003840730890103
3.8800333570000003,1758893483.433033357,/mocap/xwing/pose.pose.position.x,-0.75182556416449
3.890036937,1758893483.443036937,/mocap/xwing/pose.pose.position.x,-0.7027119088432108
3.900034271,1758893483.453034271,/mocap/xwing/pose.pose.position.x,-0.6533689058133493
3.910039862,1758893483.463039862,/mocap/xwing/pose.pose.position.x,-0.6037738990645631
3.920032955,1758893483.473032955,/mocap/xwing/pose.pose.position.x,-0.5537525189429005
3.930080228,1758893483.483080228,/mocap/xwing/pose.pose.position.x,-0.5030845894153178
3.9400339200000003,1758893483.493033920,/mocap/xwing/pose.pose.position.x,-0.4523167604154548
3.95005576,1758893483.503055760,/mocap/xwing/pose.pose.position.x,-0.4016283301288486
3.96003817,1758893483.513038170,/mocap/xwing/pose.pose.position.x,-0.35102952224352024
3.968033108,1758893483.521033108,/mocap/xwing/pose.pose.position.x,-0.29963128521347826
3.9780333370000003,1758893483.531033337,/mocap/xwing/pose.pose.position.x,-0.24830463478881926
3.990048786,1758893483.543048786,/mocap/xwing/pose.pose.position.x,-0.19689794972508567
4.000032982,1758893483.553032982,/mocap/xwing/pose.pose.position.x,-0.1451628031223653
4.010032968,1758893483.563032968,/mocap/xwing/pose.pose.position.x,-0.0934693848143547
4.018032922,1758893483.571032922,/mocap/xwing/pose.pose.position.x,-0.04193529910851477
4.030036473,1758893483.583036473,/mocap/xwing/pose.pose.position.x,0.009910887443803671
4.040036076,1758893483.593036076,/mocap/xwing/pose.pose.position.x,0.06147329442366763
4.048032428,1758893483.601032428,/mocap/xwing/pose.pose.position.x,0.11275593411140189
4.060037109,1758893483.613037109,/mocap/xwing/pose.pose.position.x,0.16403367654834414
4.07004016,1758893483.623040160,/mocap/xwing/pose.pose.position.x,0.21553917909959056
4.080035442,1758893483.633035442,/mocap/xwing/pose.pose.position.x,0.26667614275585433
4.09003309,1758893483.643033090,/mocap/xwing/pose.pose.position.x,0.3173960688381966
4.098034462,1758893483.651034462,/mocap/xwing/pose.pose.position.x,0.3681928240256178
4.11003322,1758893483.663033220,/mocap/xwing/pose.pose.position.x,0.41826720337695233
4.120034845,1758893483.673034845,/mocap/xwing/pose.pose.position.x,0.46824825266802517
4.130039136,1758893483.683039136,/mocap/xwing/pose.pose.position.x,0.517838420276514
4.140035782,1758893483.693035782,/mocap/xwing/pose.pose.position.x,0.5672745189197244
4.150034179,1758893483.703034179,/mocap/xwing/pose.pose.position.x,0.6162427955541638
4.158044651,1758893483.711044651,/mocap/xwing/pose.pose.position.x,0.6644441675205743
4.170042784,1758893483.723042784,/mocap/xwing/pose.pose.position.x,0.7121175910779495
4.178052882,1758893483.731052882,/mocap/xwing/pose.pose.position.x,0.7596188015803008
4.188077253,1758893483.741077253,/mocap/xwing/pose.pose.position.x,0.8064423972498076
4.200041712,1758893483.753041712,/mocap/xwing/pose.pose.position.x,0.8524838325503737
4.210041126,1758893483.763041126,/mocap/xwing/pose.pose.position.x,0.8982431098356157
4.220044172,1758893483.773044172,/mocap/xwing/pose.pose.position.x,0.9433215808678925
4.230041775,1758893483.783041775,/mocap/xwing/pose.pose.position.x,0.987579004342286
4.240039525,1758893483.793039525,/mocap/xwing/pose.pose.position.x,1.0314000684262519
4.248039143,1758893483.801039143,/mocap/xwing/pose.pose.position.x,1.0744056227633707
4.25807219,1758893483.811072190,/mocap/xwing/pose.pose.position.x,1.1163656809834894
4.270039237,1758893483.823039237,/mocap/xwing/pose.pose.position.x,1.1578949125238986
4.280038469,1758893483.833038469,/mocap/xwing/pose.pose.position.x,1.1984224849074072
4.290067174,1758893483.843067174,/mocap/xwing/pose.pose.position.x,1.2385118394145394
4.300034244,1758893483.853034244,/mocap/xwing/pose.pose.position.x,1.2770214867974687
4.310033109,1758893483.863033109,/mocap/xwing/pose.pose.position.x,1.3157061390260851
4.320033733,1758893483.873033733,/mocap/xwing/pose.pose.position.x,1.3529228086759726
4.330033968,1758893483.883033968,/mocap/xwing/pose.pose.position.x,1.3892068256923056
4.340033384,1758893483.893033384,/mocap/xwing/pose.pose.position.x,1.424114986170608
4.348035594,1758893483.901035594,/mocap/xwing/pose.pose.position.x,1.458426628372131
4.360038253,1758893483.913038253,/mocap/xwing/pose.pose.position.x,1.4919351178484395
4.37003685,1758893483.923036850,/mocap/xwing/pose.pose.position.x,1.5244908131145662
4.380034149,1758893483.933034149,/mocap/xwing/pose.pose.position.x,1.5563667709369642
4.388066444,1758893483.941066444,/mocap/xwing/pose.pose.position.x,1.5866180322018824
4.400073079,1758893483.953073079,/mocap/xwing/pose.pose.position.x,1.6161165904778043
4.410072163,1758893483.963072163,/mocap/xwing/pose.pose.position.x,1.642815963802038
4.420073226,1758893483.973073226,/mocap/xwing/pose.pose.position.x,1.6699619736550744
4.430073245,1758893483.983073245,/mocap/xwing/pose.pose.position.x,1.6956143898121985
4.440072319,1758893483.993072319,/mocap/xwing/pose.pose.position.x,1.7221606246894121
4.450071556,1758893484.003071556,/mocap/xwing/pose.pose.position.x,1.7454160567936576
4.458045081,1758893484.011045081,/mocap/xwing/pose.pose.position.x,1.7684612226735725
4.468041068,1758893484.021041068,/mocap/xwing/pose.pose.position.x,1.7900249312754684
4.480071626,1758893484.033071626,/mocap/xwing/pose.pose.position.x,1.8103158213021504
4.490037945,1758893484.043037945,/mocap/xwing/pose.pose.position.x,1.8297463837108592
4.498038767,1758893484.051038767,/mocap/xwing/pose.pose.position.x,1.8473563255741754
4.508062165,1758893484.061062165,/mocap/xwing/pose.pose.position.x,1.8641686937616047
4.520057636,1758893484.073057636,/mocap/xwing/pose.pose.position.x,1.8797833797509418
4.528059708,1758893484.081059708,/mocap/xwing/pose.pose.position.x,1.8939391189492372
4.540033674,1758893484.093033674,/mocap/xwing/pose.pose.position.x,1.9072812085579038
4.5480316,1758893484.101031600,/mocap/xwing/pose.pose.position.x,1.9190401245237165
4.558039122,1758893484.111039122,/mocap/xwing/pose.pose.position.x,1.9292323085007972
4.57003601,1758893484.123036010,/mocap/xwing/pose.pose.position.x,1.9383983842848826
4.580032674,1758893484.133032674,/mocap/xwing/pose.pose.position.x,1.946705831003567
4.590033286,1758893484.143033286,/mocap/xwing/pose.pose.position.x,1.9533381050764382
4.600032116,1758893484.153032116,/mocap/xwing/pose.pose.position.x,1.9583133873945122
4.610033038,1758893484.163033038,/mocap/xwing/pose.pose.position.x,1.9630141408880941
4.620033568,1758893484.173033568,/mocap/xwing/pose.pose.position.x,1.9660758634345175
4.62806082,1758893484.181060820,/mocap/xwing/pose.pose.position.x,1.9677443028376738
4.640032765,1758893484.193032765,/mocap/xwing/pose.pose.position.x,1.968050525508177
4.650032306,1758893484.203032306,/mocap/xwing/pose.pose.position.x,1.9676191509103567
4.660036332,1758893484.213036332,/mocap/xwing/pose.pose.position.x,1.9656707183786188
4.670034466,1758893484.223034466,/mocap/xwing/pose.pose.position.x,1.9623878358767823
4.680059823,1758893484.233059823,/mocap/xwing/pose.pose.position.x,1.957930248395259
4.688032055,1758893484.241032055,/mocap/xwing/pose.pose.position.x,1.95218910942859
4.700033367,1758893484.253033367,/mocap/xwing/pose.pose.position.x,1.9450767477539679
4.71003497,1758893484.263034970,/mocap/xwing/pose.pose.position.x,1.9366281791107973
4.720032948,1758893484.273032948,/mocap/xwing/pose.pose.position.x,1.9269456612898779
4.730032868,1758893484.283032868,/mocap/xwing/pose.pose.position.x,1.91607547769303
4.740033787,1758893484.293033787,/mocap/xwing/pose.pose.position.x,1.9039416170158434
4.750032562,1758893484.303032562,/mocap/xwing/pose.pose.position.x,1.890909242892798
4.760040874,1758893484.313040874,/mocap/xwing/pose.pose.position.x,1.8761807008879696
4.768070363,1758893484.321070363,/mocap/xwing/pose.pose.position.x,1.8601861302537317
4.7780748630000005,1758893484.331074863,/mocap/xwing/pose.pose.position.x,1.8432936166422795
4.7900712500000004,1758893484.343071250,/mocap/xwing/pose.pose.position.x,1.825225224963944
4.79807256,1758893484.351072560,/mocap/xwing/pose.pose.position.x,1.8056684858665444
4.810038085,1758893484.363038085,/mocap/xwing/pose.pose.position.x,1.7846180918123478
4.820036107,1758893484.373036107,/mocap/xwing/pose.pose.position.x,1.76226834596237
4.830033622,1758893484.383033622,/mocap/xwing/pose.pose.position.x,1.7391755561083475
4.840042922,1758893484.393042922,/mocap/xwing/pose.pose.position.x,1.7146537615322106
4.848034982,1758893484.401034982,/mocap/xwing/pose.pose.position.x,1.6888410787522856
4.860041039,1758893484.413041039,/mocap/xwing/pose.pose.position.x,1.6619966060827391
4.870033828,1758893484.423033828,/mocap/xwing/pose.pose.position.x,1.634011742219577
4.8780321230000006,1758893484.431032123,/mocap/xwing/pose.pose.position.x,1.60485420221382
4.890035328,1758893484.443035328,/mocap/xwing/pose.pose.position.x,1.574561470989345
4.89803133,1758893484.451031330,/mocap/xwing/pose.pose.position.x,1.5432718426608236
4.910033183,1758893484.463033183,/mocap/xwing/pose.pose.position.x,1.510880660925309
4.920038452,1758893484.473038452,/mocap/xwing/pose.pose.position.x,1.477230043698887
4.928069596,1758893484.481069596,/mocap/xwing/pose.pose.position.x,1.4420727902265196
4.9400330530000005,1758893484.493033053,/mocap/xwing/pose.pose.position.x,1.4066647671882837
4.948058491,1758893484.501058491,/mocap/xwing/pose.pose.position.x,1.3702559975777575
4.960040663,1758893484.513040663,/mocap/xwing/pose.pose.position.x,1.3334996238818166
4.970033458,1758893484.523033458,/mocap/xwing/pose.pose.position.x,1.295540017791235
4.978031646,1758893484.531031646,/mocap/xwing/pose.pose.position.x,1.2563936860655034
4.9900344190000006,1758893484.543034419,/mocap/xwing/pose.pose.position.x,1.2164777238622113
5.000032529,1758893484.553032529,/mocap/xwing/pose.pose.position.x,1.1755746704640075
5.008059994,1758893484.561059994,/mocap/xwing/pose.pose.position.x,1.1338794296383
5.018061171,1758893484.571061171,/mocap/xwing/pose.pose.position.x,1.0915094772331513
5.030053587,1758893484.583053587,/mocap/xwing/pose.pose.position.x,1.0484524672808218
5.040037013,1758893484.593037013,/mocap/xwing/pose.pose.position.x,1.0040918103698495
5.050033306,1758893484.603033306,/mocap/xwing/pose.pose.position.x,0.9595068479062556
5.0600377,1758893484.613037700,/mocap/xwing/pose.pose.position.x,0.9143959666863349
5.068036312,1758893484.621036312,/mocap/xwing/pose.pose.position.x,0.868890043008418
5.080036099,1758893484.633036099,/mocap/xwing/pose.pose.position.x,0.8223402278473133
5.088033456,1758893484.641033456,/mocap/xwing/pose.pose.position.x,0.7750633907470417
5.100033671,1758893484.653033671,/mocap/xwing/pose.pose.position.x,0.7278038901071381
5.110034385,1758893484.663034385,/mocap/xwing/pose.pose.position.x,0.6799763578710327
5.120036301,1758893484.673036301,/mocap/xwing/pose.pose.position.x,0.6315045837633775
5.130033853,1758893484.683033853,/mocap/xwing/pose.pose.position.x,0.5831010461746833
5.140041286,1758893484.693041286,/mocap/xwing/pose.pose.position.x,0.5337348980445739
5.150036688,1758893484.703036688,/mocap/xwing/pose.pose.position.x,0.48423886230598145
5.160039447,1758893484.713039447,/mocap/xwing/pose.pose.position.x,0.43435414112647236
5.170036455,1758893484.723036455,/mocap/xwing/pose.pose.position.x,0.3840769145618235
5.180035577,1758893484.733035577,/mocap/xwing/pose.pose.position.x,0.33418343485040825
5.190033451,1758893484.743033451,/mocap/xwing/pose.pose.position.x,0.2832800656681229
5.198032094,1758893484.751032094,/mocap/xwing/pose.pose.position.x,0.23251170187849382
5.21003346,1758893484.763033460,/mocap/xwing/pose.pose.position.x,0.1815333355485029
5.220032129,1758893484.773032129,/mocap/xwing/pose.pose.position.x,0.1298238655059195
5.230033107,1758893484.783033107,/mocap/xwing/pose.pose.position.x,0.07813218241150821
5.240043614,1758893484.793043614,/mocap/xwing/pose.pose.position.x,0.02686939501873279
5.250071576,1758893484.803071576,/mocap/xwing/pose.pose.position.x,-0.024659918343489375
5.26005354,1758893484.813053540,/mocap/xwing/pose.pose.position.x,-0.07627261193737865
5.270037869,1758893484.823037869,/mocap/xwing/pose.pose.position.x,-0.12777421230033217
5.280034323,1758893484.833034323,/mocap/xwing/pose.pose.position.x,-0.17918578209733244
5.290034795,1758893484.843034795,/mocap/xwing/pose.pose.position.x,-0.23060190190001856
5.298033483,1758893484.851033483,/mocap/xwing/pose.pose.position.x,-0.2821007190695279
5.310033211,1758893484.863033211,/mocap/xwing/pose.pose.position.x,-0.33300475206860003
5.320035428,1758893484.873035428,/mocap/xwing/pose.pose.position.x,-0.38391883096588275
5.328035144,1758893484.881035144,/mocap/xwing/pose.pose.position.x,-0.43544516523132304
5.340037224,1758893484.893037224,/mocap/xwing/pose.pose.position.x,-0.4859029067936144
5.350035197,1758893484.903035197,/mocap/xwing/pose.pose.position.x,-0.536123766602984
5.358060643,1758893484.911060643,/mocap/xwing/pose.pose.position.x,-0.586156121588096
5.368035185,1758893484.921035185,/mocap/xwing/pose.pose.position.x,-0.6359895155690967
5.378033541,1758893484.931033541,/mocap/xwing/pose.pose.position.x,-0.6852207189205234
5.388035687,1758893484.941035687,/mocap/xwing/pose.pose.position.x,-0.7342128046101979
5.400089293,1758893484.953089293,/mocap/xwing/pose.pose.position.x,-0.782841420399667
5.408040192,1758893484.961040192,/mocap/xwing/pose.pose.position.x,-0.8311538891420887
5.41804106,1758893484.971041060,/mocap/xwing/pose.pose.position.x,-0.8787526588943759
5.430034521,1758893484.983034521,/mocap/xwing/pose.pose.position.x,-0.9260729703806013
5.440035244,1758893484.993035244,/mocap/xwing/pose.pose.position.x,-0.9728349343319271
5.450035252,1758893485.003035252,/mocap/xwing/pose.pose.position.x,-1.018861874509429
5.45803346,1758893485.011033460,/mocap/xwing/pose.pose.position.x,-1.0643404955633693
5.4680368900000005,1758893485.021036890,/mocap/xwing/pose.pose.position.x,-1.1093154947346147
5.480033171,1758893485.033033171,/mocap/xwing/pose.pose.position.x,-1.153677021600034
5.49003572,1758893485.043035720,/mocap/xwing/pose.pose.position.x,-1.197197607457422
5.498032715,1758893485.051032715,/mocap/xwing/pose.pose.position.x,-1.240949568965592
5.510034296,1758893485.063034296,/mocap/xwing/pose.pose.position.x,-1.2820766207155805
5.518072782,1758893485.071072782,/mocap/xwing/pose.pose.position.x,-1.3252423322382592
5.528072986,1758893485.081072986,/mocap/xwing/pose.pose.position.x,-1.3655136930738665
5.540034843,1758893485.093034843,/mocap/xwing/pose.pose.position.x,-1.4087780668934573
5.548056093,1758893485.101056093,/mocap/xwing/pose.pose.position.x,-1.4480269925485683
5.560038617,1758893485.113038617,/mocap/xwing/pose.pose.position.x,-1.4861952883851526
5.570035986,1758893485.123035986,/mocap/xwing/pose.pose.position.x,-1.5233783106806633
5.578034489,1758893485.131034489,/mocap/xwing/pose.pose.position.x,-1.5597775847320474
5.590036728,1758893485.143036728,/mocap/xwing/pose.pose.position.x,-1.5954660514530663
5.600036729,1758893485.153036729,/mocap/xwing/pose.pose.position.x,-1.6253570130869648
5.610036451,1758893485.163036451,/mocap/xwing/pose.pose.position.x,-1.658718708127215
5.61803327,1758893485.171033270,/mocap/xwing/pose.pose.position.x,-1.690949994213994
5.630038118,1758893485.183038118,/mocap/xwing/pose.pose.position.x,-1.7226095511972384
5.640036978,1758893485.193036978,/mocap/xwing/pose.pose.position.x,-1.7524801010472861
5.648033606,1758893485.201033606,/mocap/xwing/pose.pose.position.x,-1.780856925017132
5.658037128,1758893485.211037128,/mocap/xwing/pose.pose.position.x,-1.8095239813432906
5.6700715,1758893485.223071500,/mocap/xwing/pose.pose.position.x,-1.8367355979994162
5.680035758,1758893485.233035758,/mocap/xwing/pose.pose.position.x,-1.8629109990940071
5.690034198,1758893485.243034198,/mocap/xwing/pose.pose.position.x,-1.8881698702065266
5.698033396,1758893485.251033396,/mocap/xwing/pose.pose.position.x,-1.9136335125850452
5.710036054,1758893485.263036054,/mocap/xwing/pose.pose.position.x,-1.9361733151601666
5.720059157,1758893485.273059157,/mocap/xwing/pose.pose.position.x,-1.957794030648397
5.728055336,1758893485.281055336,/mocap/xwing/pose.pose.position.x,-1.9782321324121346
5.740035561,1758893485.293035561,/mocap/xwing/pose.pose.position.x,-1.9976073118562472
5.7500351940000005,1758893485.303035194,/mocap/xwing/pose.pose.position.x,-2.015692083099173
5.760037454,1758893485.313037454,/mocap/xwing/pose.pose.position.x,-2.0327955541775005
5.770039108,1758893485.323039108,/mocap/xwing/pose.pose.position.x,-2.048585973679135
5.778040924,1758893485.331040924,/mocap/xwing/pose.pose.position.x,-2.06291174046514
5.790038024,1758893485.343038024,/mocap/xwing/pose.pose.position.x,-2.076078519166763
5.800035912,1758893485.353035912,/mocap/xwing/pose.pose.position.x,-2.087962981176821
5.808034319,1758893485.361034319,/mocap/xwing/pose.pose.position.x,-2.0987239853924793
5.820034069,1758893485.373034069,/mocap/xwing/pose.pose.position.x,-2.1093389902418775
5.8300339,1758893485.383033900,/mocap/xwing/pose.pose.position.x,-2.1168608843214516
5.840033565,1758893485.393033565,/mocap/xwing/pose.pose.position.x,-2.1231101721347434
5.850034851,1758893485.403034851,/mocap/xwing/pose.pose.position.x,-2.128337202556246
5.860035705,1758893485.413035705,/mocap/xwing/pose.pose.position.x,-2.1322490485322008
5.870034641,1758893485.423034641,/mocap/xwing/pose.pose.position.x,-2.1345560480557118
5.880033583,1758893485.433033583,/mocap/xwing/pose.pose.position.x,-2.136085439818688
5.888044194,1758893485.441044194,/mocap/xwing/pose.pose.position.x,-2.13804390813173
5.898035358,1758893485.451035358,/mocap/xwing/pose.pose.position.x,-2.136152410704976
5.9080361230000005,1758893485.461036123,/mocap/xwing/pose.pose.position.x,-2.1337974670613895
5.918032728,1758893485.471032728,/mocap/xwing/pose.pose.position.x,-2.1299180692505675
5.928049014,1758893485.481049014,/mocap/xwing/pose.pose.position.x,-2.124569103828995
5.940034195,1758893485.493034195,/mocap/xwing/pose.pose.position.x,-2.118125096232162
5.95003351,1758893485.503033510,/mocap/xwing/pose.pose.position.x,-2.1104815623463966
5.958033815,1758893485.511033815,/mocap/xwing/pose.pose.position.x,-2.1013910568108174
5.970035417,1758893485.523035417,/mocap/xwing/pose.pose.position.x,-2.09086318068675
5.980033498,1758893485.533033498,/mocap/xwing/pose.pose.position.x,-2.079053868710677
5.990034784000001,1758893485.543034784,/mocap/xwing/pose.pose.position.x,-2.065403141972431
6.000032855,1758893485.553032855,/mocap/xwing/pose.pose.position.x,-2.051275916748328
-0.0019350319999998922,1758893479.551064968,/xwing/agiros_pilot/telemetry.reference.pose.position.x,1.3338080396975976e-14
-0.0019350319999998922,1758893479.551064968,/xwing/agiros_pilot/telemetry.reference.pose.position.x,1.3338080396975976e-14
-0.0018892559999998948,1758893479.551110744,/xwing/agiros_pilot/telemetry.reference.pose.position.x,1.3338080396975976e-14
0.00807235,1758893479.561072350,/xwing/agiros_pilot/telemetry.reference.pose.position.x,1.3338080396975976e-14
0.00807235,1758893479.561072350,/xwing/agiros_pilot/telemetry.reference.pose.position.x,1.3338080396975976e-14
0.008101913,1758893479.561101913,/xwing/agiros_pilot/telemetry.reference.pose.position.x,1.3338080396975976e-14
0.011432144,1758893479.564432144,/xwing/agiros_pilot/telemetry.reference.pose.position.x,1.3338080396975976e-14
0.020034525,1758893479.573034525,/xwing/agiros_pilot/telemetry.reference.pose.position.x,1.3338080396975976e-14
0.020034525,1758893479.573034525,/xwing/agiros_pilot/telemetry.reference.pose.position.x,1.3338080396975976e-14
0.028035614,1758893479.581035614,/xwing/agiros_pilot/telemetry.reference.pose.position.x,1.3338080396975976e-14
0.028035614,1758893479.581035614,/xwing/agiros_pilot/telemetry.reference.pose.position.x,1.3338080396975976e-14
0.028089973,1758893479.581089973,/xwing/agiros_pilot/telemetry.reference.pose.position.x,1.3338080396975976e-14
0.031413767,1758893479.584413767,/xwing/agiros_pilot/telemetry.reference.pose.position.x,1.3338080396975976e-14
0.040074322,1758893479.593074322,/xwing/agiros_pilot/telemetry.reference.pose.position.x,1.3338080396975976e-14
0.040074322,1758893479.593074322,/xwing/agiros_pilot/telemetry.reference.pose.position.x,1.3338080396975976e-14
0.041402075,1758893479.594402075,/xwing/agiros_pilot/telemetry.reference.pose.position.x,1.3338080396975976e-14
0.050071928,1758893479.603071928,/xwing/agiros_pilot/telemetry.reference.pose.position.x,1.3338080396975976e-14
0.050071928,1758893479.603071928,/xwing/agiros_pilot/telemetry.reference.pose.position.x,1.3338080396975976e-14
0.058042261000000005,1758893479.611042261,/xwing/agiros_pilot/telemetry.reference.pose.position.x,1.3338080396975976e-14
0.058042261000000005,1758893479.611042261,/xwing/agiros_pilot/telemetry.reference.pose.position.x,1.3338080396975976e-14
0.058061096000000006,1758893479.611061096,/xwing/agiros_pilot/telemetry.reference.pose.position.x,1.3338080396975976e-14
0.061386082,1758893479.614386082,/xwing/agiros_pilot/telemetry.reference.pose.position.x,1.3338080396975976e-14
0.07007405500000001,1758893479.623074055,/xwing/agiros_pilot/telemetry.reference.pose.position.x,1.3338080396975976e-14
0.07007405500000001,1758893479.623074055,/xwing/agiros_pilot/telemetry.reference.pose.position.x,1.3338080396975976e-14
0.07137486600000001,1758893479.624374866,/xwing/agiros_pilot/telemetry.reference.pose.position.x,1.3338080396975976e-14
0.08003446800000001,1758893479.633034468,/xwing/agiros_pilot/telemetry.reference.pose.position.x,1.3338080396975976e-14
0.08003446800000001,1758893479.633034468,/xwing/agiros_pilot/telemetry.reference.pose.position.x,1.3338080396975976e-14
0.08136842000000001,1758893479.634368420,/xwing/agiros_pilot/telemetry.reference.pose.position.x,1.3338080396975976e-14
0.090033504,1758893479.643033504,/xwing/agiros_pilot/telemetry.reference.pose.position.x,1.3338080396975976e-14
0.090033504,1758893479.643033504,/xwing/agiros_pilot/telemetry.reference.pose.position.x,1.3338080396975976e-14
0.091354582,1758893479.644354582,/xwing/agiros_pilot/telemetry.reference.pose.position.x,1.3338080396975976e-14
0.100033495,1758893479.653033495,/xwing/agiros_pilot/telemetry.reference.pose.position.x,1.3338080396975976e-14
0.100033495,1758893479.653033495,/xwing/agiros_pilot/telemetry.reference.pose.position.x,1.3338080396975976e-14
0.10134527400000001,1758893479.654345274,/xwing/agiros_pilot/telemetry.reference.pose.position.x,1.3338080396975976e-14
0.11003515400000001,1758893479.663035154,/xwing/agiros_pilot/telemetry.reference.pose.position.x,1.3338080396975976e-14
0.11003515400000001,1758893479.663035154,/xwing/agiros_pilot/telemetry.reference.pose.position.x,1.3338080396975976e-14
0.111337397,1758893479.664337397,/xwing/agiros_pilot/telemetry.reference.pose.position.x,1.3338080396975976e-14
0.12003490600000001,1758893479.673034906,/xwing/agiros_pilot/telemetry.reference.pose.position.x,1.3338080396975976e-14
0.12003490600000001,1758893479.673034906,/xwing/agiros_pilot/telemetry.reference.pose.position.x,1.3338080396975976e-14
0.12132379700000001,1758893479.674323797,/xwing/agiros_pilot/telemetry.reference.pose.position.x,1.3338080396975976e-14
0.13003442,1758893479.683034420,/xwing/agiros_pilot/telemetry.reference.pose.position.x,1.3338080396975976e-14
0.13003442,1758893479.683034420,/xwing/agiros_pilot/telemetry.reference.pose.position.x,1.3338080396975976e-14
0.13131472800000002,1758893479.684314728,/xwing/agiros_pilot/telemetry.reference.pose.position.x,1.3338080396975976e-14
0.140036556,1758893479.693036556,/xwing/agiros_pilot/telemetry.reference.pose.position.x,1.3338080396975976e-14
0.140036556,1758893479.693036556,/xwing/agiros_pilot/telemetry.reference.pose.position.x,1.3338080396975976e-14
0.148036453,1758893479.701036453,/xwing/agiros_pilot/telemetry.reference.pose.position.x,1.3338080396975976e-14
0.148036453,1758893479.701036453,/xwing/agiros_pilot/telemetry.reference.pose.position.x,1.3338080396975976e-14
0.148036453,1758893479.701036453,/xwing/agiros_pilot/telemetry.reference.pose.position.x,1.3338080396975976e-14
0.158050987,1758893479.711050987,/xwing/agiros_pilot/telemetry.reference.pose.position.x,1.3338080396975976e-14
0.158050987,1758893479.711050987,/xwing/agiros_pilot/telemetry.reference.pose.position.x,1.3338080396975976e-14
0.158050987,1758893479.711050987,/xwing/agiros_pilot/telemetry.reference.pose.position.x,1.3338080396975976e-14
0.161285374,1758893479.714285374,/xwing/agiros_pilot/telemetry.reference.pose.position.x,1.3338080396975976e-14
0.17003509700000002,1758893479.723035097,/xwing/agiros_pilot/telemetry.reference.pose.position.x,1.3338080396975976e-14
0.17003509700000002,1758893479.723035097,/xwing/agiros_pilot/telemetry.reference.pose.position.x,1.3338080396975976e-14
0.171274635,1758893479.724274635,/xwing/agiros_pilot/telemetry.reference.pose.position.x,1.3338080396975976e-14
0.180034372,1758893479.733034372,/xwing/agiros_pilot/telemetry.reference.pose.position.x,1.3338080396975976e-14
0.180034372,1758893479.733034372,/xwing/agiros_pilot/telemetry.reference.pose.position.x,1.3338080396975976e-14
0.181266996,1758893479.734266996,/xwing/agiros_pilot/telemetry.reference.pose.position.x,1.3338080396975976e-14
0.184592697,1758893479.737592697,/xwing/agiros_pilot/telemetry.reference.pose.position.x,1.3338080396975976e-14
0.18792388200000001,1758893479.740923882,/xwing/agiros_pilot/telemetry.reference.pose.position.x,1.3338080396975976e-14
0.19125292000000002,1758893479.744252920,/xwing/agiros_pilot/telemetry.reference.pose.position.x,1.3338080396975976e-14
0.194582674,1758893479.747582674,/xwing/agiros_pilot/telemetry.reference.pose.position.x,1.3338080396975976e-14
0.20003268400000002,1758893479.753032684,/xwing/agiros_pilot/telemetry.reference.pose.position.x,1.3338080396975976e-14
0.201245043,1758893479.754245043,/xwing/agiros_pilot/telemetry.reference.pose.position.x,1.3338080396975976e-14
0.21003601300000002,1758893479.763036013,/xwing/agiros_pilot/telemetry.reference.pose.position.x,1.3338080396975976e-14
0.21003601300000002,1758893479.763036013,/xwing/agiros_pilot/telemetry.reference.pose.position.x,1.3338080396975976e-14
0.21803424100000002,1758893479.771034241,/xwing/agiros_pilot/telemetry.reference.pose.position.x,1.3338080396975976e-14
0.21803424100000002,1758893479.771034241,/xwing/agiros_pilot/telemetry.reference.pose.position.x,1.3338080396975976e-14
0.21803424100000002,1758893479.771034241,/xwing/agiros_pilot/telemetry.reference.pose.position.x,1.3338080396975976e-14
0.22805950400000002,1758893479.781059504,/xwing/agiros_pilot/telemetry.reference.pose.position.x,1.3338080396975976e-14
0.22805950400000002,1758893479.781059504,/xwing/agiros_pilot/telemetry.reference.pose.position.x,1.3338080396975976e-14
0.22805950400000002,1758893479.781059504,/xwing/agiros_pilot/telemetry.reference.pose.position.x,1.3338080396975976e-14
0.23803279100000002,1758893479.791032791,/xwing/agiros_pilot/telemetry.reference.pose.position.x,1.3338080396975976e-14
0.23803279100000002,1758893479.791032791,/xwing/agiros_pilot/telemetry.reference.pose.position.x,1.3338080396975976e-14
0.23803279100000002,1758893479.791032791,/xwing/agiros_pilot/telemetry.reference.pose.position.x,1.3338080396975976e-14
0.24120590400000003,1758893479.794205904,/xwing/agiros_pilot/telemetry.reference.pose.position.x,1.3338080396975976e-14
0.250036451,1758893479.803036451,/xwing/agiros_pilot/telemetry.reference.pose.position.x,1.3338080396975976e-14
0.250036451,1758893479.803036451,/xwing/agiros_pilot/telemetry.reference.pose.position.x,1.3338080396975976e-14
0.25119445,1758893479.804194450,/xwing/agiros_pilot/telemetry.reference.pose.position.x,1.3338080396975976e-14
0.26003691900000003,1758893479.813036919,/xwing/agiros_pilot/telemetry.reference.pose.position.x,1.3338080396975976e-14
0.26003691900000003,1758893479.813036919,/xwing/agiros_pilot/telemetry.reference.pose.position.x,1.3338080396975976e-14
0.261189434,1758893479.814189434,/xwing/agiros_pilot/telemetry.reference.pose.position.x,1.3338080396975976e-14
0.270034286,1758893479.823034286,/xwing/agiros_pilot/telemetry.reference.pose.position.x,1.3338080396975976e-14
0.270034286,1758893479.823034286,/xwing/agiros_pilot/telemetry.reference.pose.position.x,1.3338080396975976e-14
0.27117440400000004,1758893479.824174404,/xwing/agiros_pilot/telemetry.reference.pose.position.x,1.3338080396975976e-14
0.28005931100000003,1758893479.833059311,/xwing/agiros_pilot/telemetry.reference.pose.position.x,1.3338080396975976e-14
0.28005931100000003,1758893479.833059311,/xwing/agiros_pilot/telemetry.reference.pose.position.x,1.3338080396975976e-14
0.288064453,1758893479.841064453,/xwing/agiros_pilot/telemetry.reference.pose.position.x,1.3338080396975976e-14
0.288064453,1758893479.841064453,/xwing/agiros_pilot/telemetry.reference.pose.position.x,1.3338080396975976e-14
0.288064453,1758893479.841064453,/xwing/agiros_pilot/telemetry.reference.pose.position.x,1.3338080396975976e-14
0.291152927,1758893479.844152927,/xwing/agiros_pilot/telemetry.reference.pose.position.x,1.3338080396975976e-14
0.300068113,1758893479.853068113,/xwing/agiros_pilot/telemetry.reference.pose.position.x,1.3338080396975976e-14
0.300068113,1758893479.853068113,/xwing/agiros_pilot/telemetry.reference.pose.position.x,1.3338080396975976e-14
0.308105204,1758893479.861105204,/xwing/agiros_pilot/telemetry.reference.pose.position.x,1.3338080396975976e-14
0.308105204,1758893479.861105204,/xwing/agiros_pilot/telemetry.reference.pose.position.x,1.3338080396975976e-14
0.308105204,1758893479.861105204,/xwing/agiros_pilot/telemetry.reference.pose.position.x,1.3338080396975976e-14
0.311134312,1758893479.864134312,/xwing/agiros_pilot/telemetry.reference.pose.position.x,1.3338080396975976e-14
0.320033762,1758893479.873033762,/xwing/agiros_pilot/telemetry.reference.pose.position.x,1.3338080396975976e-14
0.320033762,1758893479.873033762,/xwing/agiros_pilot/telemetry.reference.pose.position.x,1.3338080396975976e-14
0.32112619600000003,1758893479.874126196,/xwing/agiros_pilot/telemetry.reference.pose.position.x,1.3338080396975976e-14
0.33003685200000005,1758893479.883036852,/xwing/agiros_pilot/telemetry.reference.pose.position.x,1.3338080396975976e-14
0.33003685200000005,1758893479.883036852,/xwing/agiros_pilot/telemetry.reference.pose.position.x,1.3338080396975976e-14
0.331115219,1758893479.884115219,/xwing/agiros_pilot/telemetry.reference.pose.position.x,1.3338080396975976e-14
0.340036127,1758893479.893036127,/xwing/agiros_pilot/telemetry.reference.pose.position.x,1.3338080396975976e-14
0.340036127,1758893479.893036127,/xwing/agiros_pilot/telemetry.reference.pose.position.x,1.3338080396975976e-14
0.341104004,1758893479.894104004,/xwing/agiros_pilot/telemetry.reference.pose.position.x,1.3338080396975976e-14
0.35006043600000003,1758893479.903060436,/xwing/agiros_pilot/telemetry.reference.pose.position.x,1.3338080396975976e-14
0.35006043600000003,1758893479.903060436,/xwing/agiros_pilot/telemetry.reference.pose.position.x,1.3338080396975976e-14
0.351095411,1758893479.904095411,/xwing/agiros_pilot/telemetry.reference.pose.position.x,1.3338080396975976e-14
0.360035631,1758893479.913035631,/xwing/agiros_pilot/telemetry.reference.pose.position.x,1.3338080396975976e-14
0.360035631,1758893479.913035631,/xwing/agiros_pilot/telemetry.reference.pose.position.x,1.3338080396975976e-14
0.36109277900000003,1758893479.914092779,/xwing/agiros_pilot/telemetry.reference.pose.position.x,1.3338080396975976e-14
0.37003443,1758893479.923034430,/xwing/agiros_pilot/telemetry.reference.pose.position.x,1.3338080396975976e-14
0.37003443,1758893479.923034430,/xwing/agiros_pilot/telemetry.reference.pose.position.x,1.3338080396975976e-14
0.371073935,1758893479.924073935,/xwing/agiros_pilot/telemetry.reference.pose.position.x,1.3338080396975976e-14
0.380033228,1758893479.933033228,/xwing/agiros_pilot/telemetry.reference.pose.position.x,1.3338080396975976e-14
0.380033228,1758893479.933033228,/xwing/agiros_pilot/telemetry.reference.pose.position.x,1.3338080396975976e-14
0.38106558,1758893479.934065580,/xwing/agiros_pilot/telemetry.reference.pose.position.x,1.3338080396975976e-14
0.384405109,1758893479.937405109,/xwing/agiros_pilot/telemetry.reference.pose.position.x,1.3338080396975976e-14
0.387733194,1758893479.940733194,/xwing/agiros_pilot/telemetry.reference.pose.position.x,1.3338080396975976e-14
0.391059849,1758893479.944059849,/xwing/agiros_pilot/telemetry.reference.pose.position.x,1.3338080396975976e-14
0.394385788,1758893479.947385788,/xwing/agiros_pilot/telemetry.reference.pose.position.x,1.3338080396975976e-14
0.397712919,1758893479.950712919,/xwing/agiros_pilot/telemetry.reference.pose.position.x,1.3338080396975976e-14
0.40104458000000004,1758893479.954044580,/xwing/agiros_pilot/telemetry.reference.pose.position.x,1.3338080396975976e-14
0.41003463,1758893479.963034630,/xwing/agiros_pilot/telemetry.reference.pose.position.x,1.3338080396975976e-14
0.41003463,1758893479.963034630,/xwing/agiros_pilot/telemetry.reference.pose.position.x,1.3338080396975976e-14
0.411033127,1758893479.964033127,/xwing/agiros_pilot/telemetry.reference.pose.position.x,1.3338080396975976e-14
0.42003295100000004,1758893479.973032951,/xwing/agiros_pilot/telemetry.reference.pose.position.x,1.3338080396975976e-14
0.42003295100000004,1758893479.973032951,/xwing/agiros_pilot/telemetry.reference.pose.position.x,1.3338080396975976e-14
0.42102620300000004,1758893479.974026203,/xwing/agiros_pilot/telemetry.reference.pose.position.x,1.3338080396975976e-14
0.43003294200000003,1758893479.983032942,/xwing/agiros_pilot/telemetry.reference.pose.position.x,1.3338080396975976e-14
0.43003294200000003,1758893479.983032942,/xwing/agiros_pilot/telemetry.reference.pose.position.x,1.3338080396975976e-14
0.43101451100000004,1758893479.984014511,/xwing/agiros_pilot/telemetry.reference.pose.position.x,1.3338080396975976e-14
0.440036747,1758893479.993036747,/xwing/agiros_pilot/telemetry.reference.pose.position.x,1.3338080396975976e-14
0.440036747,1758893479.993036747,/xwing/agiros_pilot/telemetry.reference.pose.position.x,1.3338080396975976e-14
0.448065969,1758893480.001065969,/xwing/agiros_pilot/telemetry.reference.pose.position.x,1.3338080396975976e-14
0.448065969,1758893480.001065969,/xwing/agiros_pilot/telemetry.reference.pose.position.x,1.3338080396975976e-14
0.448065969,1758893480.001065969,/xwing/agiros_pilot/telemetry.reference.pose.position.x,1.3338080396975976e-14
0.450997087,1758893480.003997087,/xwing/agiros_pilot/telemetry.reference.pose.position.x,1.3338080396975976e-14
0.460035297,1758893480.013035297,/xwing/agiros_pilot/telemetry.reference.pose.position.x,1.3338080396975976e-14
0.460035297,1758893480.013035297,/xwing/agiros_pilot/telemetry.reference.pose.position.x,1.3338080396975976e-14
0.46098420300000004,1758893480.013984203,/xwing/agiros_pilot/telemetry.reference.pose.position.x,1.3338080396975976e-14
0.47003385700000005,1758893480.023033857,/xwing/agiros_pilot/telemetry.reference.pose.position.x,1.3338080396975976e-14
0.47003385700000005,1758893480.023033857,/xwing/agiros_pilot/telemetry.reference.pose.position.x,1.3338080396975976e-14
0.470974895,1758893480.023974895,/xwing/agiros_pilot/telemetry.reference.pose.position.x,1.3338080396975976e-14
0.480034086,1758893480.033034086,/xwing/agiros_pilot/telemetry.reference.pose.position.x,1.3338080396975976e-14
0.480034086,1758893480.033034086,/xwing/agiros_pilot/telemetry.reference.pose.position.x,1.3338080396975976e-14
0.480964157,1758893480.033964157,/xwing/agiros_pilot/telemetry.reference.pose.position.x,1.3338080396975976e-14
0.49003503000000004,1758893480.043035030,/xwing/agiros_pilot/telemetry.reference.pose.position.x,1.3338080396975976e-14
0.49003503000000004,1758893480.043035030,/xwing/agiros_pilot/telemetry.reference.pose.position.x,1.3338080396975976e-14
0.49095389600000006,1758893480.043953896,/xwing/agiros_pilot/telemetry.reference.pose.position.x,1.3338080396975976e-14
0.5000340670000001,1758893480.053034067,/xwing/agiros_pilot/telemetry.reference.pose.position.x,1.3338080396975976e-14
0.5000340670000001,1758893480.053034067,/xwing/agiros_pilot/telemetry.reference.pose.position.x,1.3338080396975976e-14
0.500943872,1758893480.053943872,/xwing/agiros_pilot/telemetry.reference.pose.position.x,1.3338080396975976e-14
0.51003525,1758893480.063035250,/xwing/agiros_pilot/telemetry.reference.pose.position.x,1.3338080396975976e-14
0.51003525,1758893480.063035250,/xwing/agiros_pilot/telemetry.reference.pose.position.x,1.3338080396975976e-14
0.5109331340000001,1758893480.063933134,/xwing/agiros_pilot/telemetry.reference.pose.position.x,1.3338080396975976e-14
0.5200402470000001,1758893480.073040247,/xwing/agiros_pilot/telemetry.reference.pose.position.x,1.3338080396975976e-14
0.5200402470000001,1758893480.073040247,/xwing/agiros_pilot/telemetry.reference.pose.position.x,1.3338080396975976e-14
0.52093837,1758893480.073938370,/xwing/agiros_pilot/telemetry.reference.pose.position.x,3.2774412870189284e-10
0.530035469,1758893480.083035469,/xwing/agiros_pilot/telemetry.reference.pose.position.x,3.4650760340579947e-9
0.530035469,1758893480.083035469,/xwing/agiros_pilot/telemetry.reference.pose.position.x,3.4650760340579947e-9
0.530913803,1758893480.083913803,/xwing/agiros_pilot/telemetry.reference.pose.position.x,3.76798857046988e-9
0.540033791,1758893480.093033791,/xwing/agiros_pilot/telemetry.reference.pose.position.x,7.376734383742267e-9
0.540033791,1758893480.093033791,/xwing/agiros_pilot/telemetry.reference.pose.position.x,7.376734383742267e-9
0.5409028260000001,1758893480.093902826,/xwing/agiros_pilot/telemetry.reference.pose.position.x,1.6476085695643594e-8
0.550034258,1758893480.103034258,/xwing/agiros_pilot/telemetry.reference.pose.position.x,1.12087925269257e-7
0.550034258,1758893480.103034258,/xwing/agiros_pilot/telemetry.reference.pose.position.x,1.12087925269257e-7
0.550892803,1758893480.103892803,/xwing/agiros_pilot/telemetry.reference.pose.position.x,1.210774353033192e-7
0.56003544,1758893480.113035440,/xwing/agiros_pilot/telemetry.reference.pose.position.x,2.1961510797940396e-7
0.56003544,1758893480.113035440,/xwing/agiros_pilot/telemetry.reference.pose.position.x,2.1961510797940396e-7
0.5608823030000001,1758893480.113882303,/xwing/agiros_pilot/telemetry.reference.pose.position.x,2.7861195005221223e-7
0.570032808,1758893480.123032808,/xwing/agiros_pilot/telemetry.reference.pose.position.x,9.160834587105403e-7
0.570032808,1758893480.123032808,/xwing/agiros_pilot/telemetry.reference.pose.position.x,9.160834587105403e-7
0.5708746640000001,1758893480.123874664,/xwing/agiros_pilot/telemetry.reference.pose.position.x,9.747315018859585e-7
0.5800375670000001,1758893480.133037567,/xwing/agiros_pilot/telemetry.reference.pose.position.x,0.0000016220996423316082
0.5800375670000001,1758893480.133037567,/xwing/agiros_pilot/telemetry.reference.pose.position.x,0.0000016220996423316082
0.580864641,1758893480.133864641,/xwing/agiros_pilot/telemetry.reference.pose.position.x,0.0000018303682173274173
0.590033743,1758893480.143033743,/xwing/agiros_pilot/telemetry.reference.pose.position.x,0.000004139273624415576
0.590033743,1758893480.143033743,/xwing/agiros_pilot/telemetry.reference.pose.position.x,0.000004139273624415576
0.5908529490000001,1758893480.143852949,/xwing/agiros_pilot/telemetry.reference.pose.position.x,0.000004345560976299577
0.594182941,1758893480.147182941,/xwing/agiros_pilot/telemetry.reference.pose.position.x,0.000005184098649106283
0.597512457,1758893480.150512457,/xwing/agiros_pilot/telemetry.reference.pose.position.x,0.000006022516247785001
0.60084388,1758893480.153843880,/xwing/agiros_pilot/telemetry.reference.pose.position.x,0.000007211805330699158
0.6041738720000001,1758893480.157173872,/xwing/agiros_pilot/telemetry.reference.pose.position.x,0.00000941355016755431
0.61007497,1758893480.163074970,/xwing/agiros_pilot/telemetry.reference.pose.position.x,0.00001331527469372327
0.6108331410000001,1758893480.163833141,/xwing/agiros_pilot/telemetry.reference.pose.position.x,0.000013816566924066177
0.620051357,1758893480.173051357,/xwing/agiros_pilot/telemetry.reference.pose.position.x,0.00001996016135899168
0.620051357,1758893480.173051357,/xwing/agiros_pilot/telemetry.reference.pose.position.x,0.00001996016135899168
0.620824787,1758893480.173824787,/xwing/agiros_pilot/telemetry.reference.pose.position.x,0.000021064701565880812
0.630070421,1758893480.183070421,/xwing/agiros_pilot/telemetry.reference.pose.position.x,0.000034268451468147654
0.630070421,1758893480.183070421,/xwing/agiros_pilot/telemetry.reference.pose.position.x,0.000034268451468147654
0.630822632,1758893480.183822632,/xwing/agiros_pilot/telemetry.reference.pose.position.x,0.00003534268832164186
0.640035364,1758893480.193035364,/xwing/agiros_pilot/telemetry.reference.pose.position.x,0.00004856002529218899
0.640035364,1758893480.193035364,/xwing/agiros_pilot/telemetry.reference.pose.position.x,0.00004856002529218899
0.640804264,1758893480.193804264,/xwing/agiros_pilot/telemetry.reference.pose.position.x,0.000050639765020413847
0.650033686,1758893480.203033686,/xwing/agiros_pilot/telemetry.reference.pose.position.x,0.00007560373544500683
0.650033686,1758893480.203033686,/xwing/agiros_pilot/telemetry.reference.pose.position.x,0.00007560373544500683
0.6507944790000001,1758893480.203794479,/xwing/agiros_pilot/telemetry.reference.pose.position.x,0.00007766154923501164
0.6600615710000001,1758893480.213061571,/xwing/agiros_pilot/telemetry.reference.pose.position.x,0.00010287111829116309
0.6600615710000001,1758893480.213061571,/xwing/agiros_pilot/telemetry.reference.pose.position.x,0.00010287111829116309
0.660783741,1758893480.213783741,/xwing/agiros_pilot/telemetry.reference.pose.position.x,0.00010623774077970004
0.670031998,1758893480.223031998,/xwing/agiros_pilot/telemetry.reference.pose.position.x,0.00014935140414396166
0.670031998,1758893480.223031998,/xwing/agiros_pilot/telemetry.reference.pose.position.x,0.00014935140414396166
0.6707730030000001,1758893480.223773003,/xwing/agiros_pilot/telemetry.reference.pose.position.x,0.0001528058322371848
0.680069181,1758893480.233069181,/xwing/agiros_pilot/telemetry.reference.pose.position.x,0.00019637165731408934
0.680069181,1758893480.233069181,/xwing/agiros_pilot/telemetry.reference.pose.position.x,0.00019637165731408934
0.680959913,1758893480.233959913,/xwing/agiros_pilot/telemetry.reference.pose.position.x,0.00020303772649697216
0.6900610660000001,1758893480.243061066,/xwing/agiros_pilot/telemetry.reference.pose.position.x,0.0002711490377705767
0.6900610660000001,1758893480.243061066,/xwing/agiros_pilot/telemetry.reference.pose.position.x,0.0002711490377705767
0.6909310550000001,1758893480.243931055,/xwing/agiros_pilot/telemetry.reference.pose.position.x,0.0002776598746143506
0.700063202,1758893480.253063202,/xwing/agiros_pilot/telemetry.reference.pose.position.x,0.0003462947554376233
0.700063202,1758893480.253063202,/xwing/agiros_pilot/telemetry.reference.pose.position.x,0.0003462947554376233
0.7007436490000001,1758893480.253743649,/xwing/agiros_pilot/telemetry.reference.pose.position.x,0.00035402919786672806
0.7100341050000001,1758893480.263034105,/xwing/agiros_pilot/telemetry.reference.pose.position.x,0.00045963116637931566
0.7100341050000001,1758893480.263034105,/xwing/agiros_pilot/telemetry.reference.pose.position.x,0.00045963116637931566
0.718062136,1758893480.271062136,/xwing/agiros_pilot/telemetry.reference.pose.position.x,0.0005508834948561254
0.718062136,1758893480.271062136,/xwing/agiros_pilot/telemetry.reference.pose.position.x,0.0005508834948561254
0.718062136,1758893480.271062136,/xwing/agiros_pilot/telemetry.reference.pose.position.x,0.0005508834948561254
0.72072241,1758893480.273722410,/xwing/agiros_pilot/telemetry.reference.pose.position.x,0.0005849020412040735
0.730033609,1758893480.283033609,/xwing/agiros_pilot/telemetry.reference.pose.position.x,0.0007386692594330758
0.730033609,1758893480.283033609,/xwing/agiros_pilot/telemetry.reference.pose.position.x,0.0007386692594330758
0.730714771,1758893480.283714771,/xwing/agiros_pilot/telemetry.reference.pose.position.x,0.0007499181185123061
0.740031693,1758893480.293031693,/xwing/agiros_pilot/telemetry.reference.pose.position.x,0.0009040686949296405
0.740031693,1758893480.293031693,/xwing/agiros_pilot/telemetry.reference.pose.position.x,0.0009040686949296405
0.7407047480000001,1758893480.293704748,/xwing/agiros_pilot/telemetry.reference.pose.position.x,0.0009196397535566579
0.750032637,1758893480.303032637,/xwing/agiros_pilot/telemetry.reference.pose.position.x,0.0011354392922472102
0.750032637,1758893480.303032637,/xwing/agiros_pilot/telemetry.reference.pose.position.x,0.0011354392922472102
0.7506935330000001,1758893480.303693533,/xwing/agiros_pilot/telemetry.reference.pose.position.x,0.0011507290458830912
0.760035965,1758893480.313035965,/xwing/agiros_pilot/telemetry.reference.pose.position.x,0.0013672630112495465
0.760035965,1758893480.313035965,/xwing/agiros_pilot/telemetry.reference.pose.position.x,0.0013672630112495465
0.7606858940000001,1758893480.313685894,/xwing/agiros_pilot/telemetry.reference.pose.position.x,0.001387696299695687
0.7700330940000001,1758893480.323033094,/xwing/agiros_pilot/telemetry.reference.pose.position.x,0.0016815653655544293
0.7700330940000001,1758893480.323033094,/xwing/agiros_pilot/telemetry.reference.pose.position.x,0.0016815653655544293
0.770673248,1758893480.323673248,/xwing/agiros_pilot/telemetry.reference.pose.position.x,0.0017016913301464642
0.7800364230000001,1758893480.333036423,/xwing/agiros_pilot/telemetry.reference.pose.position.x,0.0019965561888241118
0.7800364230000001,1758893480.333036423,/xwing/agiros_pilot/telemetry.reference.pose.position.x,0.0019965561888241118
0.7806634640000001,1758893480.333663464,/xwing/agiros_pilot/telemetry.reference.pose.position.x,0.0020226645554946724
0.790039036,1758893480.343039036,/xwing/agiros_pilot/telemetry.reference.pose.position.x,0.0024130392364654376
0.790039036,1758893480.343039036,/xwing/agiros_pilot/telemetry.reference.pose.position.x,0.0024130392364654376
0.7906529640000001,1758893480.343652964,/xwing/agiros_pilot/telemetry.reference.pose.position.x,0.0024386016106771077
0.793982241,1758893480.346982241,/xwing/agiros_pilot/telemetry.reference.pose.position.x,0.0025772241324214817
0.7973136630000001,1758893480.350313663,/xwing/agiros_pilot/telemetry.reference.pose.position.x,0.0027159359983864014
0.800642464,1758893480.353642464,/xwing/agiros_pilot/telemetry.reference.pose.position.x,0.0028625878924002784
0.8039731710000001,1758893480.356973171,/xwing/agiros_pilot/telemetry.reference.pose.position.x,0.0030422345287886145
0.807303879,1758893480.360303879,/xwing/agiros_pilot/telemetry.reference.pose.position.x,0.00322188116517695
0.8106338710000001,1758893480.363633871,/xwing/agiros_pilot/telemetry.reference.pose.position.x,0.0034014892231895404
0.820033762,1758893480.373033762,/xwing/agiros_pilot/telemetry.reference.pose.position.x,0.003909154659431816
0.820033762,1758893480.373033762,/xwing/agiros_pilot/telemetry.reference.pose.position.x,0.003909154659431816
0.8206264710000001,1758893480.373626471,/xwing/agiros_pilot/telemetry.reference.pose.position.x,0.003949777948339659
0.8280334210000001,1758893480.381033421,/xwing/agiros_pilot/telemetry.reference.pose.position.x,0.004457438333094269
0.8280334210000001,1758893480.381033421,/xwing/agiros_pilot/telemetry.reference.pose.position.x,0.004457438333094269
0.8306162090000001,1758893480.383616209,/xwing/agiros_pilot/telemetry.reference.pose.position.x,0.004634458481420361
0.8400351730000001,1758893480.393035173,/xwing/agiros_pilot/telemetry.reference.pose.position.x,0.00528082629736118
0.8400351730000001,1758893480.393035173,/xwing/agiros_pilot/telemetry.reference.pose.position.x,0.00528082629736118
0.8406028480000001,1758893480.393602848,/xwing/agiros_pilot/telemetry.reference.pose.position.x,0.005329440775293684
0.850032541,1758893480.403032541,/xwing/agiros_pilot/telemetry.reference.pose.position.x,0.006136980135524042
0.850032541,1758893480.403032541,/xwing/agiros_pilot/telemetry.reference.pose.position.x,0.006136980135524042
0.8505968780000001,1758893480.403596878,/xwing/agiros_pilot/telemetry.reference.pose.position.x,0.006185308766043251
0.8600396840000001,1758893480.413039684,/xwing/agiros_pilot/telemetry.reference.pose.position.x,0.006994994603907898
0.8600396840000001,1758893480.413039684,/xwing/agiros_pilot/telemetry.reference.pose.position.x,0.006994994603907898
0.8680338590000001,1758893480.421033859,/xwing/agiros_pilot/telemetry.reference.pose.position.x,0.007837747290368681
0.8680338590000001,1758893480.421033859,/xwing/agiros_pilot/telemetry.reference.pose.position.x,0.007837747290368681
0.8680338590000001,1758893480.421033859,/xwing/agiros_pilot/telemetry.reference.pose.position.x,0.007837747290368681
0.870576832,1758893480.423576832,/xwing/agiros_pilot/telemetry.reference.pose.position.x,0.008105829609300706
0.8800368040000001,1758893480.433036804,/xwing/agiros_pilot/telemetry.reference.pose.position.x,0.009104214437982878
0.8800368040000001,1758893480.433036804,/xwing/agiros_pilot/telemetry.reference.pose.position.x,0.009104214437982878
0.880567524,1758893480.433567524,/xwing/agiros_pilot/telemetry.reference.pose.position.x,0.009172178744871067
0.8900673120000001,1758893480.443067312,/xwing/agiros_pilot/telemetry.reference.pose.position.x,0.010388727625356156
0.8900673120000001,1758893480.443067312,/xwing/agiros_pilot/telemetry.reference.pose.position.x,0.010388727625356156
0.898038599,1758893480.451038599,/xwing/agiros_pilot/telemetry.reference.pose.position.x,0.01140953563815923
0.898038599,1758893480.451038599,/xwing/agiros_pilot/telemetry.reference.pose.position.x,0.01140953563815923
0.898038599,1758893480.451038599,/xwing/agiros_pilot/telemetry.reference.pose.position.x,0.01140953563815923
0.9005443780000001,1758893480.453544378,/xwing/agiros_pilot/telemetry.reference.pose.position.x,0.011744702389802842
0.9100393980000001,1758893480.463039398,/xwing/agiros_pilot/telemetry.reference.pose.position.x,0.013204320434064335
0.9100393980000001,1758893480.463039398,/xwing/agiros_pilot/telemetry.reference.pose.position.x,0.013204320434064335
0.910532925,1758893480.463532925,/xwing/agiros_pilot/telemetry.reference.pose.position.x,0.013280187586647419
0.920047256,1758893480.473047256,/xwing/agiros_pilot/telemetry.reference.pose.position.x,0.014744479154057055
0.920047256,1758893480.473047256,/xwing/agiros_pilot/telemetry.reference.pose.position.x,0.014744479154057055
0.920524094,1758893480.473524094,/xwing/agiros_pilot/telemetry.reference.pose.position.x,0.014831529206254463
0.930035326,1758893480.483035326,/xwing/agiros_pilot/telemetry.reference.pose.position.x,0.01656787307241006
0.930035326,1758893480.483035326,/xwing/agiros_pilot/telemetry.reference.pose.position.x,0.01656787307241006
0.9305121630000001,1758893480.483512163,/xwing/agiros_pilot/telemetry.reference.pose.position.x,0.01665492312460747
0.938032839,1758893480.491032839,/xwing/agiros_pilot/telemetry.reference.pose.position.x,0.018027876547864988
0.938032839,1758893480.491032839,/xwing/agiros_pilot/telemetry.reference.pose.position.x,0.018027876547864988
0.9405038090000001,1758893480.493503809,/xwing/agiros_pilot/telemetry.reference.pose.position.x,0.018495542875377136
0.9500388830000001,1758893480.503038883,/xwing/agiros_pilot/telemetry.reference.pose.position.x,0.02054266655357765
0.9500388830000001,1758893480.503038883,/xwing/agiros_pilot/telemetry.reference.pose.position.x,0.02054266655357765
0.958036634,1758893480.511036634,/xwing/agiros_pilot/telemetry.reference.pose.position.x,0.022259736135385375
0.958036634,1758893480.511036634,/xwing/agiros_pilot/telemetry.reference.pose.position.x,0.022259736135385375
0.958036634,1758893480.511036634,/xwing/agiros_pilot/telemetry.reference.pose.position.x,0.022259736135385375
0.960483524,1758893480.513483524,/xwing/agiros_pilot/telemetry.reference.pose.position.x,0.02280268599393305
0.970036718,1758893480.523036718,/xwing/agiros_pilot/telemetry.reference.pose.position.x,0.025193402625283426
0.970036718,1758893480.523036718,/xwing/agiros_pilot/telemetry.reference.pose.position.x,0.025193402625283426
0.9704746930000001,1758893480.523474693,/xwing/agiros_pilot/telemetry.reference.pose.position.x,0.025303007218654628
0.980035278,1758893480.533035278,/xwing/agiros_pilot/telemetry.reference.pose.position.x,0.027697418407043258
0.980035278,1758893480.533035278,/xwing/agiros_pilot/telemetry.reference.pose.position.x,0.027697418407043258
0.9880327910000001,1758893480.541032791,/xwing/agiros_pilot/telemetry.reference.pose.position.x,0.03001138025931386
0.9880327910000001,1758893480.541032791,/xwing/agiros_pilot/telemetry.reference.pose.position.x,0.03001138025931386
0.9880327910000001,1758893480.541032791,/xwing/agiros_pilot/telemetry.reference.pose.position.x,0.03001138025931386
0.990453455,1758893480.543453455,/xwing/agiros_pilot/telemetry.reference.pose.position.x,0.03071176347795515
1.00003359,1758893480.553033590,/xwing/agiros_pilot/telemetry.reference.pose.position.x,0.03348557762018892
1.00003359,1758893480.553033590,/xwing/agiros_pilot/telemetry.reference.pose.position.x,0.03348557762018892
1.00044367,1758893480.553443670,/xwing/agiros_pilot/telemetry.reference.pose.position.x,0.033621733526856115
1.003774378,1758893480.556774378,/xwing/agiros_pilot/telemetry.reference.pose.position.x,0.03472760446647278
1.007103655,1758893480.560103655,/xwing/agiros_pilot/telemetry.reference.pose.position.x,0.03583300044362432
1.01043317,1758893480.563433170,/xwing/agiros_pilot/telemetry.reference.pose.position.x,0.036938475581186715
1.013763163,1758893480.566763163,/xwing/agiros_pilot/telemetry.reference.pose.position.x,0.03804410903957082
1.020061705,1758893480.573061705,/xwing/agiros_pilot/telemetry.reference.pose.position.x,0.040138783933726205
1.020426723,1758893480.573426723,/xwing/agiros_pilot/telemetry.reference.pose.position.x,0.040276899591764774
1.030037138,1758893480.583037138,/xwing/agiros_pilot/telemetry.reference.pose.position.x,0.043913283693578296
1.030037138,1758893480.583037138,/xwing/agiros_pilot/telemetry.reference.pose.position.x,0.043913283693578296
1.030415508,1758893480.583415508,/xwing/agiros_pilot/telemetry.reference.pose.position.x,0.04405645126334133
1.040038082,1758893480.593038082,/xwing/agiros_pilot/telemetry.reference.pose.position.x,0.047699943074714285
1.040038082,1758893480.593038082,/xwing/agiros_pilot/telemetry.reference.pose.position.x,0.047699943074714285
1.040404055,1758893480.593404055,/xwing/agiros_pilot/telemetry.reference.pose.position.x,0.047856743546547675
1.050033304,1758893480.603033304,/xwing/agiros_pilot/telemetry.reference.pose.position.x,0.05198238358329469
1.050033304,1758893480.603033304,/xwing/agiros_pilot/telemetry.reference.pose.position.x,0.05198238358329469
1.050393316,1758893480.603393316,/xwing/agiros_pilot/telemetry.reference.pose.position.x,0.05213663030151515
1.06005213,1758893480.613052130,/xwing/agiros_pilot/telemetry.reference.pose.position.x,0.056278387677338504
1.06005213,1758893480.613052130,/xwing/agiros_pilot/telemetry.reference.pose.position.x,0.056278387677338504
1.068049881,1758893480.621049881,/xwing/agiros_pilot/telemetry.reference.pose.position.x,0.060135328182910786
1.068049881,1758893480.621049881,/xwing/agiros_pilot/telemetry.reference.pose.position.x,0.060135328182910786
1.068049881,1758893480.621049881,/xwing/agiros_pilot/telemetry.reference.pose.position.x,0.060135328182910786
1.070374701,1758893480.623374701,/xwing/agiros_pilot/telemetry.reference.pose.position.x,0.06125647967701827
1.08004615,1758893480.633046150,/xwing/agiros_pilot/telemetry.reference.pose.position.x,0.06592391383349636
1.08004615,1758893480.633046150,/xwing/agiros_pilot/telemetry.reference.pose.position.x,0.06592391383349636
1.080363247,1758893480.633363247,/xwing/agiros_pilot/telemetry.reference.pose.position.x,0.06609508056446661
1.090047571,1758893480.643047571,/xwing/agiros_pilot/telemetry.reference.pose.position.x,0.07132261548573018
1.090047571,1758893480.643047571,/xwing/agiros_pilot/telemetry.reference.pose.position.x,0.07132261548573018
1.090352985,1758893480.643352985,/xwing/agiros_pilot/telemetry.reference.pose.position.x,0.07148747607398048
1.100044939,1758893480.653044939,/xwing/agiros_pilot/telemetry.reference.pose.position.x,0.07672261969964035
1.100044939,1758893480.653044939,/xwing/agiros_pilot/telemetry.reference.pose.position.x,0.07672261969964035
1.10034487,1758893480.653344870,/xwing/agiros_pilot/telemetry.reference.pose.position.x,0.0769028923627374
1.110044691,1758893480.663044691,/xwing/agiros_pilot/telemetry.reference.pose.position.x,0.08273295041157727
1.110044691,1758893480.663044691,/xwing/agiros_pilot/telemetry.reference.pose.position.x,0.08273295041157727
1.110333654,1758893480.663333654,/xwing/agiros_pilot/telemetry.reference.pose.position.x,0.08290663122848795
1.120044443,1758893480.673044443,/xwing/agiros_pilot/telemetry.reference.pose.position.x,0.08874694962737129
1.120044443,1758893480.673044443,/xwing/agiros_pilot/telemetry.reference.pose.position.x,0.08874694962737129
1.120335552,1758893480.673335552,/xwing/agiros_pilot/telemetry.reference.pose.position.x,0.08894081991369607
1.130043718,1758893480.683043718,/xwing/agiros_pilot/telemetry.reference.pose.position.x,0.09540617960973101
1.130043718,1758893480.683043718,/xwing/agiros_pilot/telemetry.reference.pose.position.x,0.09540617960973101
1.130317423,1758893480.683317423,/xwing/agiros_pilot/telemetry.reference.pose.position.x,0.09558845896165635
1.140048954,1758893480.693048954,/xwing/agiros_pilot/telemetry.reference.pose.position.x,0.10207356081263147
1.140048954,1758893480.693048954,/xwing/agiros_pilot/telemetry.reference.pose.position.x,0.10207356081263147
1.140303823,1758893480.693303823,/xwing/agiros_pilot/telemetry.reference.pose.position.x,0.10226075850885355
1.150046799,1758893480.703046799,/xwing/agiros_pilot/telemetry.reference.pose.position.x,0.10941682385601476
1.150046799,1758893480.703046799,/xwing/agiros_pilot/telemetry.reference.pose.position.x,0.10941682385601476
1.150294516,1758893480.703294516,/xwing/agiros_pilot/telemetry.reference.pose.position.x,0.1095987681089378
1.158059809,1758893480.711059809,/xwing/agiros_pilot/telemetry.reference.pose.position.x,0.11530225638391739
1.158059809,1758893480.711059809,/xwing/agiros_pilot/telemetry.reference.pose.position.x,0.11530225638391739
1.168077681,1758893480.721077681,/xwing/agiros_pilot/telemetry.reference.pose.position.x,0.12324295142052537
1.168077681,1758893480.721077681,/xwing/agiros_pilot/telemetry.reference.pose.position.x,0.12324295142052537
1.168077681,1758893480.721077681,/xwing/agiros_pilot/telemetry.reference.pose.position.x,0.12324295142052537
1.170273516,1758893480.723273516,/xwing/agiros_pilot/telemetry.reference.pose.position.x,0.1250139333692603
1.1800422400000001,1758893480.733042240,/xwing/agiros_pilot/telemetry.reference.pose.position.x,0.13289667276904274
1.1800422400000001,1758893480.733042240,/xwing/agiros_pilot/telemetry.reference.pose.position.x,0.13289667276904274
1.180266354,1758893480.733266354,/xwing/agiros_pilot/telemetry.reference.pose.position.x,0.1330943239648371
1.1900417540000001,1758893480.743041754,/xwing/agiros_pilot/telemetry.reference.pose.position.x,0.14171549064437383
1.1900417540000001,1758893480.743041754,/xwing/agiros_pilot/telemetry.reference.pose.position.x,0.14171549064437383
1.190253469,1758893480.743253469,/xwing/agiros_pilot/telemetry.reference.pose.position.x,0.14190220794423064
1.2000393599999999,1758893480.753039360,/xwing/agiros_pilot/telemetry.reference.pose.position.x,0.15053665728265883
1.2000393599999999,1758893480.753039360,/xwing/agiros_pilot/telemetry.reference.pose.position.x,0.15053665728265883
1.200247499,1758893480.753247499,/xwing/agiros_pilot/telemetry.reference.pose.position.x,0.1507365879061188
1.203573915,1758893480.756573915,/xwing/agiros_pilot/telemetry.reference.pose.position.x,0.15393181363179287
1.206903669,1758893480.759903669,/xwing/agiros_pilot/telemetry.reference.pose.position.x,0.15713024557594168
1.21023843,1758893480.763238430,/xwing/agiros_pilot/telemetry.reference.pose.position.x,0.16033348684780255
1.213564131,1758893480.766564131,/xwing/agiros_pilot/telemetry.reference.pose.position.x,0.1635280255266606
1.216893408,1758893480.769893408,/xwing/agiros_pilot/telemetry.reference.pose.position.x,0.16672599943959873
1.2202229230000001,1758893480.773222923,/xwing/agiros_pilot/telemetry.reference.pose.position.x,0.1699433859327565
1.2300417160000001,1758893480.783041716,/xwing/agiros_pilot/telemetry.reference.pose.position.x,0.18017700336526737
1.2300417160000001,1758893480.783041716,/xwing/agiros_pilot/telemetry.reference.pose.position.x,0.18017700336526737
1.230216,1758893480.783216000,/xwing/agiros_pilot/telemetry.reference.pose.position.x,0.18035865050955424
1.240043137,1758893480.793043137,/xwing/agiros_pilot/telemetry.reference.pose.position.x,0.19060562044922766
1.240043137,1758893480.793043137,/xwing/agiros_pilot/telemetry.reference.pose.position.x,0.19060562044922766
1.2402050230000001,1758893480.793205023,/xwing/agiros_pilot/telemetry.reference.pose.position.x,0.19078802983995677
1.24804208,1758893480.801042080,/xwing/agiros_pilot/telemetry.reference.pose.position.x,0.1996186323180959
1.24804208,1758893480.801042080,/xwing/agiros_pilot/telemetry.reference.pose.position.x,0.1996186323180959
1.250194046,1758893480.803194046,/xwing/agiros_pilot/telemetry.reference.pose.position.x,0.20204341458719888
1.260048601,1758893480.813048601,/xwing/agiros_pilot/telemetry.reference.pose.position.x,0.21315256016697387
1.260048601,1758893480.813048601,/xwing/agiros_pilot/telemetry.reference.pose.position.x,0.21315256016697387
1.260186169,1758893480.813186169,/xwing/agiros_pilot/telemetry.reference.pose.position.x,0.21331955342329637
1.270041916,1758893480.823041916,/xwing/agiros_pilot/telemetry.reference.pose.position.x,0.2252834481024283
1.270041916,1758893480.823041916,/xwing/agiros_pilot/telemetry.reference.pose.position.x,0.2252834481024283
1.278038713,1758893480.831038713,/xwing/agiros_pilot/telemetry.reference.pose.position.x,0.23499076319829085
1.278038713,1758893480.831038713,/xwing/agiros_pilot/telemetry.reference.pose.position.x,0.23499076319829085
1.278038713,1758893480.831038713,/xwing/agiros_pilot/telemetry.reference.pose.position.x,0.23499076319829085
1.280165169,1758893480.833165169,/xwing/agiros_pilot/telemetry.reference.pose.position.x,0.23758791302685148
1.290046904,1758893480.843046904,/xwing/agiros_pilot/telemetry.reference.pose.position.x,0.2504672438380995
1.290046904,1758893480.843046904,/xwing/agiros_pilot/telemetry.reference.pose.position.x,0.2504672438380995
1.290137503,1758893480.843137503,/xwing/agiros_pilot/telemetry.reference.pose.position.x,0.25058532586353616
1.300041887,1758893480.853041887,/xwing/agiros_pilot/telemetry.reference.pose.position.x,0.26349910516399855
1.300041887,1758893480.853041887,/xwing/agiros_pilot/telemetry.reference.pose.position.x,0.26349910516399855
1.308044168,1758893480.861044168,/xwing/agiros_pilot/telemetry.reference.pose.position.x,0.2746607263014878
1.308044168,1758893480.861044168,/xwing/agiros_pilot/telemetry.reference.pose.position.x,0.2746607263014878
1.308044168,1758893480.861044168,/xwing/agiros_pilot/telemetry.reference.pose.position.x,0.2746607263014878
1.3101362920000001,1758893480.863136292,/xwing/agiros_pilot/telemetry.reference.pose.position.x,0.27757882978979276
1.320044491,1758893480.873044491,/xwing/agiros_pilot/telemetry.reference.pose.position.x,0.29140409674909773
1.320044491,1758893480.873044491,/xwing/agiros_pilot/telemetry.reference.pose.position.x,0.29140409674909773
1.328041765,1758893480.881041765,/xwing/agiros_pilot/telemetry.reference.pose.position.x,0.3033034537637263
1.328041765,1758893480.881041765,/xwing/agiros_pilot/telemetry.reference.pose.position.x,0.3033034537637263
1.328041765,1758893480.881041765,/xwing/agiros_pilot/telemetry.reference.pose.position.x,0.3033034537637263
1.330129597,1758893480.883129597,/xwing/agiros_pilot/telemetry.reference.pose.position.x,0.30640999370878497
1.340042326,1758893480.893042326,/xwing/agiros_pilot/telemetry.reference.pose.position.x,0.32116453848086673
1.340042326,1758893480.893042326,/xwing/agiros_pilot/telemetry.reference.pose.position.x,0.32116453848086673
1.340103838,1758893480.893103838,/xwing/agiros_pilot/telemetry.reference.pose.position.x,0.3212618706012704
1.350042555,1758893480.903042555,/xwing/agiros_pilot/telemetry.reference.pose.position.x,0.33698817591580194
1.350042555,1758893480.903042555,/xwing/agiros_pilot/telemetry.reference.pose.position.x,0.33698817591580194
1.350096914,1758893480.903096914,/xwing/agiros_pilot/telemetry.reference.pose.position.x,0.33707419034778663
1.360095236,1758893480.913095236,/xwing/agiros_pilot/telemetry.reference.pose.position.x,0.35290502972386123
1.360095236,1758893480.913095236,/xwing/agiros_pilot/telemetry.reference.pose.position.x,0.35290502972386123
1.360095236,1758893480.913095236,/xwing/agiros_pilot/telemetry.reference.pose.position.x,0.35290502972386123
1.370081636,1758893480.923081636,/xwing/agiros_pilot/telemetry.reference.pose.position.x,0.369658063092584
1.370081636,1758893480.923081636,/xwing/agiros_pilot/telemetry.reference.pose.position.x,0.369658063092584
1.370081636,1758893480.923081636,/xwing/agiros_pilot/telemetry.reference.pose.position.x,0.369658063092584
1.378084156,1758893480.931084156,/xwing/agiros_pilot/telemetry.reference.pose.position.x,0.38308296795390234
1.378084156,1758893480.931084156,/xwing/agiros_pilot/telemetry.reference.pose.position.x,0.38308296795390234
1.3800654140000002,1758893480.933065414,/xwing/agiros_pilot/telemetry.reference.pose.position.x,0.3864141068101907
1.390081379,1758893480.943081379,/xwing/agiros_pilot/telemetry.reference.pose.position.x,0.4041745628382453
1.390081379,1758893480.943081379,/xwing/agiros_pilot/telemetry.reference.pose.position.x,0.4041745628382453
1.390081379,1758893480.943081379,/xwing/agiros_pilot/telemetry.reference.pose.position.x,0.4041745628382453
1.4000475140000002,1758893480.953047514,/xwing/agiros_pilot/telemetry.reference.pose.position.x,0.42185233377187614
1.4000475140000002,1758893480.953047514,/xwing/agiros_pilot/telemetry.reference.pose.position.x,0.42185233377187614
1.4000475140000002,1758893480.953047514,/xwing/agiros_pilot/telemetry.reference.pose.position.x,0.42185233377187614
1.410041067,1758893480.963041067,/xwing/agiros_pilot/telemetry.reference.pose.position.x,0.44052807458868576
1.410041067,1758893480.963041067,/xwing/agiros_pilot/telemetry.reference.pose.position.x,0.44052807458868576
1.410041067,1758893480.963041067,/xwing/agiros_pilot/telemetry.reference.pose.position.x,0.44052807458868576
1.413365099,1758893480.966365099,/xwing/agiros_pilot/telemetry.reference.pose.position.x,0.44673995497965724
1.41669223,1758893480.969692230,/xwing/agiros_pilot/telemetry.reference.pose.position.x,0.45295762754141355
1.420022938,1758893480.973022938,/xwing/agiros_pilot/telemetry.reference.pose.position.x,0.4591852865143214
1.4233615130000001,1758893480.976361513,/xwing/agiros_pilot/telemetry.reference.pose.position.x,0.4657411526060918
1.4300422400000001,1758893480.983042240,/xwing/agiros_pilot/telemetry.reference.pose.position.x,0.478859907427023
1.4300422400000001,1758893480.983042240,/xwing/agiros_pilot/telemetry.reference.pose.position.x,0.478859907427023
1.438042614,1758893480.991042614,/xwing/agiros_pilot/telemetry.reference.pose.position.x,0.49457001544497975
1.438042614,1758893480.991042614,/xwing/agiros_pilot/telemetry.reference.pose.position.x,0.49457001544497975
1.440004322,1758893480.993004322,/xwing/agiros_pilot/telemetry.reference.pose.position.x,0.4984236846259254
1.450046036,1758893481.003046036,/xwing/agiros_pilot/telemetry.reference.pose.position.x,0.5190828365352291
1.450046036,1758893481.003046036,/xwing/agiros_pilot/telemetry.reference.pose.position.x,0.5190828365352291
1.450046036,1758893481.003046036,/xwing/agiros_pilot/telemetry.reference.pose.position.x,0.5190828365352291
1.458061907,1758893481.011061907,/xwing/agiros_pilot/telemetry.reference.pose.position.x,0.5355741548870669
1.458061907,1758893481.011061907,/xwing/agiros_pilot/telemetry.reference.pose.position.x,0.5355741548870669
1.4680828780000001,1758893481.021082878,/xwing/agiros_pilot/telemetry.reference.pose.position.x,0.5569338200449043
1.4680828780000001,1758893481.021082878,/xwing/agiros_pilot/telemetry.reference.pose.position.x,0.5569338200449043
1.4680828780000001,1758893481.021082878,/xwing/agiros_pilot/telemetry.reference.pose.position.x,0.5569338200449043
1.469971869,1758893481.022971869,/xwing/agiros_pilot/telemetry.reference.pose.position.x,0.5609935322266931
1.48008177,1758893481.033081770,/xwing/agiros_pilot/telemetry.reference.pose.position.x,0.5827295327033523
1.48008177,1758893481.033081770,/xwing/agiros_pilot/telemetry.reference.pose.position.x,0.5827295327033523
1.48008177,1758893481.033081770,/xwing/agiros_pilot/telemetry.reference.pose.position.x,0.5827295327033523
1.488083336,1758893481.041083336,/xwing/agiros_pilot/telemetry.reference.pose.position.x,0.6006406159255094
1.488083336,1758893481.041083336,/xwing/agiros_pilot/telemetry.reference.pose.position.x,0.6006406159255094
1.48995373,1758893481.042953730,/xwing/agiros_pilot/telemetry.reference.pose.position.x,0.6048273936698503
1.498080227,1758893481.051080227,/xwing/agiros_pilot/telemetry.reference.pose.position.x,0.6230181290957085
1.498080227,1758893481.051080227,/xwing/agiros_pilot/telemetry.reference.pose.position.x,0.6230181290957085
1.499942753,1758893481.052942753,/xwing/agiros_pilot/telemetry.reference.pose.position.x,0.6271872951554652
1.508078072,1758893481.061078072,/xwing/agiros_pilot/telemetry.reference.pose.position.x,0.6460943723480406
1.508078072,1758893481.061078072,/xwing/agiros_pilot/telemetry.reference.pose.position.x,0.6460943723480406
1.518044683,1758893481.071044683,/xwing/agiros_pilot/telemetry.reference.pose.position.x,0.6692622875388969
1.518044683,1758893481.071044683,/xwing/agiros_pilot/telemetry.reference.pose.position.x,0.6692622875388969
1.518044683,1758893481.071044683,/xwing/agiros_pilot/telemetry.reference.pose.position.x,0.6692622875388969
1.519924137,1758893481.072924137,/xwing/agiros_pilot/telemetry.reference.pose.position.x,0.6736311767442057
1.530070993,1758893481.083070993,/xwing/agiros_pilot/telemetry.reference.pose.position.x,0.6980467578071791
1.530070993,1758893481.083070993,/xwing/agiros_pilot/telemetry.reference.pose.position.x,0.6980467578071791
1.530070993,1758893481.083070993,/xwing/agiros_pilot/telemetry.reference.pose.position.x,0.6980467578071791
1.540045712,1758893481.093045712,/xwing/agiros_pilot/telemetry.reference.pose.position.x,0.7220577710905316
1.540045712,1758893481.093045712,/xwing/agiros_pilot/telemetry.reference.pose.position.x,0.7220577710905316
1.540045712,1758893481.093045712,/xwing/agiros_pilot/telemetry.reference.pose.position.x,0.7220577710905316
1.550045702,1758893481.103045702,/xwing/agiros_pilot/telemetry.reference.pose.position.x,0.7469003121479546
1.550045702,1758893481.103045702,/xwing/agiros_pilot/telemetry.reference.pose.position.x,0.7469003121479546
1.550045702,1758893481.103045702,/xwing/agiros_pilot/telemetry.reference.pose.position.x,0.7469003121479546
1.558075163,1758893481.111075163,/xwing/agiros_pilot/telemetry.reference.pose.position.x,0.7668475523961936
1.558075163,1758893481.111075163,/xwing/agiros_pilot/telemetry.reference.pose.position.x,0.7668475523961936
1.559884045,1758893481.112884045,/xwing/agiros_pilot/telemetry.reference.pose.position.x,0.7713412786199417
1.570071432,1758893481.123071432,/xwing/agiros_pilot/telemetry.reference.pose.position.x,0.7973761607654383
1.570071432,1758893481.123071432,/xwing/agiros_pilot/telemetry.reference.pose.position.x,0.7973761607654383
1.570071432,1758893481.123071432,/xwing/agiros_pilot/telemetry.reference.pose.position.x,0.7973761607654383
1.58005068,1758893481.133050680,/xwing/agiros_pilot/telemetry.reference.pose.position.x,0.8228905906182289
1.58005068,1758893481.133050680,/xwing/agiros_pilot/telemetry.reference.pose.position.x,0.8228905906182289
1.58005068,1758893481.133050680,/xwing/agiros_pilot/telemetry.reference.pose.position.x,0.8228905906182289
1.5900480479999999,1758893481.143048048,/xwing/agiros_pilot/telemetry.reference.pose.position.x,0.8491055579508114
1.5900480479999999,1758893481.143048048,/xwing/agiros_pilot/telemetry.reference.pose.position.x,0.8491055579508114
1.5900480479999999,1758893481.143048048,/xwing/agiros_pilot/telemetry.reference.pose.position.x,0.8491055579508114
1.598043415,1758893481.151043415,/xwing/agiros_pilot/telemetry.reference.pose.position.x,0.8700709049292087
1.598043415,1758893481.151043415,/xwing/agiros_pilot/telemetry.reference.pose.position.x,0.8700709049292087
1.599843714,1758893481.152843714,/xwing/agiros_pilot/telemetry.reference.pose.position.x,0.874791624626059
1.610060904,1758893481.163060904,/xwing/agiros_pilot/telemetry.reference.pose.position.x,0.902175582375011
1.610060904,1758893481.163060904,/xwing/agiros_pilot/telemetry.reference.pose.position.x,0.902175582375011
1.610060904,1758893481.163060904,/xwing/agiros_pilot/telemetry.reference.pose.position.x,0.902175582375011
1.61317465,1758893481.166174650,/xwing/agiros_pilot/telemetry.reference.pose.position.x,0.9105235851353688
1.616502974,1758893481.169502974,/xwing/agiros_pilot/telemetry.reference.pose.position.x,0.9194468713937604
1.6198270049999999,1758893481.172827005,/xwing/agiros_pilot/telemetry.reference.pose.position.x,0.9283586519821913
1.62315962,1758893481.176159620,/xwing/agiros_pilot/telemetry.reference.pose.position.x,0.9374552185144478
1.6264865130000001,1758893481.179486513,/xwing/agiros_pilot/telemetry.reference.pose.position.x,0.9465443608088503
1.629811975,1758893481.182811975,/xwing/agiros_pilot/telemetry.reference.pose.position.x,0.9556295949153665
1.640083286,1758893481.193083286,/xwing/agiros_pilot/telemetry.reference.pose.position.x,0.9836950748252915
1.640083286,1758893481.193083286,/xwing/agiros_pilot/telemetry.reference.pose.position.x,0.9836950748252915
1.640083286,1758893481.193083286,/xwing/agiros_pilot/telemetry.reference.pose.position.x,0.9836950748252915
1.650082561,1758893481.203082561,/xwing/agiros_pilot/telemetry.reference.pose.position.x,1.0114368519421937
1.650082561,1758893481.203082561,/xwing/agiros_pilot/telemetry.reference.pose.position.x,1.0114368519421937
1.650082561,1758893481.203082561,/xwing/agiros_pilot/telemetry.reference.pose.position.x,1.0114368519421937
1.660085175,1758893481.213085175,/xwing/agiros_pilot/telemetry.reference.pose.position.x,1.0391910947208425
1.660085175,1758893481.213085175,/xwing/agiros_pilot/telemetry.reference.pose.position.x,1.0391910947208425
1.660085175,1758893481.213085175,/xwing/agiros_pilot/telemetry.reference.pose.position.x,1.0391910947208425
1.670081589,1758893481.223081589,/xwing/agiros_pilot/telemetry.reference.pose.position.x,1.0672551222663242
1.670081589,1758893481.223081589,/xwing/agiros_pilot/telemetry.reference.pose.position.x,1.0672551222663242
1.670081589,1758893481.223081589,/xwing/agiros_pilot/telemetry.reference.pose.position.x,1.0672551222663242
1.680069897,1758893481.233069897,/xwing/agiros_pilot/telemetry.reference.pose.position.x,1.0952982610844246
1.680069897,1758893481.233069897,/xwing/agiros_pilot/telemetry.reference.pose.position.x,1.0952982610844246
1.680069897,1758893481.233069897,/xwing/agiros_pilot/telemetry.reference.pose.position.x,1.0952982610844246
1.688080999,1758893481.241080999,/xwing/agiros_pilot/telemetry.reference.pose.position.x,1.1179717763629315
1.688080999,1758893481.241080999,/xwing/agiros_pilot/telemetry.reference.pose.position.x,1.1179717763629315
1.68975136,1758893481.242751360,/xwing/agiros_pilot/telemetry.reference.pose.position.x,1.1226993335201951
1.6980163780000002,1758893481.251016378,/xwing/agiros_pilot/telemetry.reference.pose.position.x,1.1460914968678548
1.6980163780000002,1758893481.251016378,/xwing/agiros_pilot/telemetry.reference.pose.position.x,1.1460914968678548
1.699742529,1758893481.252742529,/xwing/agiros_pilot/telemetry.reference.pose.position.x,1.1509769541642565
1.708050224,1758893481.261050224,/xwing/agiros_pilot/telemetry.reference.pose.position.x,1.1745865611987274
1.708050224,1758893481.261050224,/xwing/agiros_pilot/telemetry.reference.pose.position.x,1.1745865611987274
1.709731552,1758893481.262731552,/xwing/agiros_pilot/telemetry.reference.pose.position.x,1.1793653159978068
1.7200484010000001,1758893481.273048401,/xwing/agiros_pilot/telemetry.reference.pose.position.x,1.2086884116827372
1.7200484010000001,1758893481.273048401,/xwing/agiros_pilot/telemetry.reference.pose.position.x,1.2086884116827372
1.7200484010000001,1758893481.273048401,/xwing/agiros_pilot/telemetry.reference.pose.position.x,1.2086884116827372
1.728047583,1758893481.281047583,/xwing/agiros_pilot/telemetry.reference.pose.position.x,1.231427721147558
1.728047583,1758893481.281047583,/xwing/agiros_pilot/telemetry.reference.pose.position.x,1.231427721147558
1.729719135,1758893481.282719135,/xwing/agiros_pilot/telemetry.reference.pose.position.x,1.2361794513093374
1.7330462670000002,1758893481.286046267,/xwing/agiros_pilot/telemetry.reference.pose.position.x,1.2456375021448287
1.74004862,1758893481.293048620,/xwing/agiros_pilot/telemetry.reference.pose.position.x,1.2655424156469819
1.74004862,1758893481.293048620,/xwing/agiros_pilot/telemetry.reference.pose.position.x,1.2655424156469819
1.75004575,1758893481.303045750,/xwing/agiros_pilot/telemetry.reference.pose.position.x,1.2938443624902085
1.75004575,1758893481.303045750,/xwing/agiros_pilot/telemetry.reference.pose.position.x,1.2938443624902085
1.75004575,1758893481.303045750,/xwing/agiros_pilot/telemetry.reference.pose.position.x,1.2938443624902085
1.758053038,1758893481.311053038,/xwing/agiros_pilot/telemetry.reference.pose.position.x,1.3165130535476546
1.758053038,1758893481.311053038,/xwing/agiros_pilot/telemetry.reference.pose.position.x,1.3165130535476546
1.759685013,1758893481.312685013,/xwing/agiros_pilot/telemetry.reference.pose.position.x,1.321133187246872
1.770046446,1758893481.323046446,/xwing/agiros_pilot/telemetry.reference.pose.position.x,1.3502210772656384
1.770046446,1758893481.323046446,/xwing/agiros_pilot/telemetry.reference.pose.position.x,1.3502210772656384
1.770046446,1758893481.323046446,/xwing/agiros_pilot/telemetry.reference.pose.position.x,1.3502210772656384
1.780046198,1758893481.333046198,/xwing/agiros_pilot/telemetry.reference.pose.position.x,1.3782842910122608
1.780046198,1758893481.333046198,/xwing/agiros_pilot/telemetry.reference.pose.position.x,1.3782842910122608
1.780046198,1758893481.333046198,/xwing/agiros_pilot/telemetry.reference.pose.position.x,1.3782842910122608
1.788045618,1758893481.341045618,/xwing/agiros_pilot/telemetry.reference.pose.position.x,1.4004349876416333
1.788045618,1758893481.341045618,/xwing/agiros_pilot/telemetry.reference.pose.position.x,1.4004349876416333
1.789653036,1758893481.342653036,/xwing/agiros_pilot/telemetry.reference.pose.position.x,1.4048859889731553
1.792983505,1758893481.345983505,/xwing/agiros_pilot/telemetry.reference.pose.position.x,1.414108183811487
1.80004594,1758893481.353045940,/xwing/agiros_pilot/telemetry.reference.pose.position.x,1.4336613711026063
1.80004594,1758893481.353045940,/xwing/agiros_pilot/telemetry.reference.pose.position.x,1.4336613711026063
1.810045692,1758893481.363045692,/xwing/agiros_pilot/telemetry.reference.pose.position.x,1.4608397438356202
1.810045692,1758893481.363045692,/xwing/agiros_pilot/telemetry.reference.pose.position.x,1.4608397438356202
1.810045692,1758893481.363045692,/xwing/agiros_pilot/telemetry.reference.pose.position.x,1.4608397438356202
1.812964413,1758893481.365964413,/xwing/agiros_pilot/telemetry.reference.pose.position.x,1.4687725472068842
1.8162936900000002,1758893481.369293690,/xwing/agiros_pilot/telemetry.reference.pose.position.x,1.4778212048017485
1.819623205,1758893481.372623205,/xwing/agiros_pilot/telemetry.reference.pose.position.x,1.4868705103955815
1.822953674,1758893481.375953674,/xwing/agiros_pilot/telemetry.reference.pose.position.x,1.4957296756369323
1.826282713,1758893481.379282713,/xwing/agiros_pilot/telemetry.reference.pose.position.x,1.5045613397243398
1.829613659,1758893481.382613659,/xwing/agiros_pilot/telemetry.reference.pose.position.x,1.513398063849898
1.832945797,1758893481.385945797,/xwing/agiros_pilot/telemetry.reference.pose.position.x,1.5222379504993004
1.838084909,1758893481.391084909,/xwing/agiros_pilot/telemetry.reference.pose.position.x,1.5358715907917926
1.839606258,1758893481.392606258,/xwing/agiros_pilot/telemetry.reference.pose.position.x,1.5399076037218038
1.850044939,1758893481.403044939,/xwing/agiros_pilot/telemetry.reference.pose.position.x,1.5668057320273008
1.850044939,1758893481.403044939,/xwing/agiros_pilot/telemetry.reference.pose.position.x,1.5668057320273008
1.850044939,1758893481.403044939,/xwing/agiros_pilot/telemetry.reference.pose.position.x,1.5668057320273008
1.858062956,1758893481.411062956,/xwing/agiros_pilot/telemetry.reference.pose.position.x,1.5874431832428992
1.858062956,1758893481.411062956,/xwing/agiros_pilot/telemetry.reference.pose.position.x,1.5874431832428992
1.859592649,1758893481.412592649,/xwing/agiros_pilot/telemetry.reference.pose.position.x,1.5913804382830206
1.8680464950000002,1758893481.421046495,/xwing/agiros_pilot/telemetry.reference.pose.position.x,1.6123889274628884
1.8680464950000002,1758893481.421046495,/xwing/agiros_pilot/telemetry.reference.pose.position.x,1.6123889274628884
1.8695735660000001,1758893481.422573566,/xwing/agiros_pilot/telemetry.reference.pose.position.x,1.6161771699571812
1.880045149,1758893481.433045149,/xwing/agiros_pilot/telemetry.reference.pose.position.x,1.6421481424387951
1.880045149,1758893481.433045149,/xwing/agiros_pilot/telemetry.reference.pose.position.x,1.6421481424387951
1.880045149,1758893481.433045149,/xwing/agiros_pilot/telemetry.reference.pose.position.x,1.6421481424387951
1.888089869,1758893481.441089869,/xwing/agiros_pilot/telemetry.reference.pose.position.x,1.6612417935562833
1.888089869,1758893481.441089869,/xwing/agiros_pilot/telemetry.reference.pose.position.x,1.6612417935562833
1.8895580500000002,1758893481.442558050,/xwing/agiros_pilot/telemetry.reference.pose.position.x,1.66472643298434
1.900056335,1758893481.453056335,/xwing/agiros_pilot/telemetry.reference.pose.position.x,1.6896352093451326
1.900056335,1758893481.453056335,/xwing/agiros_pilot/telemetry.reference.pose.position.x,1.6896352093451326
1.900056335,1758893481.453056335,/xwing/agiros_pilot/telemetry.reference.pose.position.x,1.6896352093451326
1.908041212,1758893481.461041212,/xwing/agiros_pilot/telemetry.reference.pose.position.x,1.7076192262699756
1.908041212,1758893481.461041212,/xwing/agiros_pilot/telemetry.reference.pose.position.x,1.7076192262699756
1.909539196,1758893481.462539196,/xwing/agiros_pilot/telemetry.reference.pose.position.x,1.7109930753141602
1.9200534550000001,1758893481.473053455,/xwing/agiros_pilot/telemetry.reference.pose.position.x,1.7346651072070596
1.9200534550000001,1758893481.473053455,/xwing/agiros_pilot/telemetry.reference.pose.position.x,1.7346651072070596
1.9200534550000001,1758893481.473053455,/xwing/agiros_pilot/telemetry.reference.pose.position.x,1.7346651072070596
1.922866079,1758893481.475866079,/xwing/agiros_pilot/telemetry.reference.pose.position.x,1.7406204642258023
1.930085632,1758893481.483085632,/xwing/agiros_pilot/telemetry.reference.pose.position.x,1.7559069070404625
1.930085632,1758893481.483085632,/xwing/agiros_pilot/telemetry.reference.pose.position.x,1.7559069070404625
1.9400469990000002,1758893481.493046999,/xwing/agiros_pilot/telemetry.reference.pose.position.x,1.7769900482454717
1.9400469990000002,1758893481.493046999,/xwing/agiros_pilot/telemetry.reference.pose.position.x,1.7769900482454717
1.9400469990000002,1758893481.493046999,/xwing/agiros_pilot/telemetry.reference.pose.position.x,1.7769900482454717
1.950050327,1758893481.503050327,/xwing/agiros_pilot/telemetry.reference.pose.position.x,1.7966883065102717
1.950050327,1758893481.503050327,/xwing/agiros_pilot/telemetry.reference.pose.position.x,1.7966883065102717
1.950050327,1758893481.503050327,/xwing/agiros_pilot/telemetry.reference.pose.position.x,1.7966883065102717
1.960054132,1758893481.513054132,/xwing/agiros_pilot/telemetry.reference.pose.position.x,1.816376870766068
1.960054132,1758893481.513054132,/xwing/agiros_pilot/telemetry.reference.pose.position.x,1.816376870766068
1.960054132,1758893481.513054132,/xwing/agiros_pilot/telemetry.reference.pose.position.x,1.816376870766068
1.970048162,1758893481.523048162,/xwing/agiros_pilot/telemetry.reference.pose.position.x,1.834447745521706
1.970048162,1758893481.523048162,/xwing/agiros_pilot/telemetry.reference.pose.position.x,1.834447745521706
1.970048162,1758893481.523048162,/xwing/agiros_pilot/telemetry.reference.pose.position.x,1.834447745521706
1.980046484,1758893481.533046484,/xwing/agiros_pilot/telemetry.reference.pose.position.x,1.8525162628406273
1.980046484,1758893481.533046484,/xwing/agiros_pilot/telemetry.reference.pose.position.x,1.8525162628406273
1.980046484,1758893481.533046484,/xwing/agiros_pilot/telemetry.reference.pose.position.x,1.8525162628406273
1.98804495,1758893481.541044950,/xwing/agiros_pilot/telemetry.reference.pose.position.x,1.865593464727976
1.98804495,1758893481.541044950,/xwing/agiros_pilot/telemetry.reference.pose.position.x,1.865593464727976
1.9894528120000001,1758893481.542452812,/xwing/agiros_pilot/telemetry.reference.pose.position.x,1.8678952674329001
1.998045179,1758893481.551045179,/xwing/agiros_pilot/telemetry.reference.pose.position.x,1.8819434753385322
1.998045179,1758893481.551045179,/xwing/agiros_pilot/telemetry.reference.pose.position.x,1.8819434753385322
1.9994444580000001,1758893481.552444458,/xwing/agiros_pilot/telemetry.reference.pose.position.x,1.8842312450379735
2.010051939,1758893481.563051939,/xwing/agiros_pilot/telemetry.reference.pose.position.x,1.8997153734964316
2.010051939,1758893481.563051939,/xwing/agiros_pilot/telemetry.reference.pose.position.x,1.8997153734964316
2.010051939,1758893481.563051939,/xwing/agiros_pilot/telemetry.reference.pose.position.x,1.8997153734964316
2.01276252,1758893481.565762520,/xwing/agiros_pilot/telemetry.reference.pose.position.x,1.903646452550538
2.020044777,1758893481.573044777,/xwing/agiros_pilot/telemetry.reference.pose.position.x,1.914196618806312
2.020044777,1758893481.573044777,/xwing/agiros_pilot/telemetry.reference.pose.position.x,1.914196618806312
2.022751543,1758893481.575751543,/xwing/agiros_pilot/telemetry.reference.pose.position.x,1.91759333741027
2.026082489,1758893481.579082489,/xwing/agiros_pilot/telemetry.reference.pose.position.x,1.9217733387857567
2.029412004,1758893481.582412004,/xwing/agiros_pilot/telemetry.reference.pose.position.x,1.925951545013562
2.032742474,1758893481.585742474,/xwing/agiros_pilot/telemetry.reference.pose.position.x,1.930130948006488
2.036073896,1758893481.589073896,/xwing/agiros_pilot/telemetry.reference.pose.position.x,1.934311547764535
2.040052149,1758893481.593052149,/xwing/agiros_pilot/telemetry.reference.pose.position.x,1.9392906956602407
2.050050709,1758893481.603050709,/xwing/agiros_pilot/telemetry.reference.pose.position.x,1.9497865833933337
2.050050709,1758893481.603050709,/xwing/agiros_pilot/telemetry.reference.pose.position.x,1.9497865833933337
2.050050709,1758893481.603050709,/xwing/agiros_pilot/telemetry.reference.pose.position.x,1.9497865833933337
2.06005356,1758893481.613053560,/xwing/agiros_pilot/telemetry.reference.pose.position.x,1.9602729467699902
2.06005356,1758893481.613053560,/xwing/agiros_pilot/telemetry.reference.pose.position.x,1.9602729467699902
2.06005356,1758893481.613053560,/xwing/agiros_pilot/telemetry.reference.pose.position.x,1.9602729467699902
2.070075485,1758893481.623075485,/xwing/agiros_pilot/telemetry.reference.pose.position.x,1.9686489115476253
2.070075485,1758893481.623075485,/xwing/agiros_pilot/telemetry.reference.pose.position.x,1.9686489115476253
2.070075485,1758893481.623075485,/xwing/agiros_pilot/telemetry.reference.pose.position.x,1.9686489115476253
2.08005378,1758893481.633053780,/xwing/agiros_pilot/telemetry.reference.pose.position.x,1.9769738189088655
2.08005378,1758893481.633053780,/xwing/agiros_pilot/telemetry.reference.pose.position.x,1.9769738189088655
2.08005378,1758893481.633053780,/xwing/agiros_pilot/telemetry.reference.pose.position.x,1.9769738189088655
2.088043663,1758893481.641043663,/xwing/agiros_pilot/telemetry.reference.pose.position.x,1.9818796473115994
2.088043663,1758893481.641043663,/xwing/agiros_pilot/telemetry.reference.pose.position.x,1.9818796473115994
2.089355204,1758893481.642355204,/xwing/agiros_pilot/telemetry.reference.pose.position.x,1.9826849398051376
2.100045416,1758893481.653045416,/xwing/agiros_pilot/telemetry.reference.pose.position.x,1.9892356566574827
2.100045416,1758893481.653045416,/xwing/agiros_pilot/telemetry.reference.pose.position.x,1.9892356566574827
2.100045416,1758893481.653045416,/xwing/agiros_pilot/telemetry.reference.pose.position.x,1.9892356566574827
2.108041975,1758893481.661041975,/xwing/agiros_pilot/telemetry.reference.pose.position.x,1.9923187029860732
2.108041975,1758893481.661041975,/xwing/agiros_pilot/telemetry.reference.pose.position.x,1.9923187029860732
2.109333727,1758893481.662333727,/xwing/agiros_pilot/telemetry.reference.pose.position.x,1.9928167335468452
2.12004945,1758893481.673049450,/xwing/agiros_pilot/telemetry.reference.pose.position.x,1.9969337482301381
2.12004945,1758893481.673049450,/xwing/agiros_pilot/telemetry.reference.pose.position.x,1.9969337482301381
2.12004945,1758893481.673049450,/xwing/agiros_pilot/telemetry.reference.pose.position.x,1.9969337482301381
2.122656319,1758893481.675656319,/xwing/agiros_pilot/telemetry.reference.pose.position.x,1.9973287137176734
2.130084726,1758893481.683084726,/xwing/agiros_pilot/telemetry.reference.pose.position.x,1.9984541883559699
2.130084726,1758893481.683084726,/xwing/agiros_pilot/telemetry.reference.pose.position.x,1.9984541883559699
2.140050146,1758893481.693050146,/xwing/agiros_pilot/telemetry.reference.pose.position.x,1.999949205123306
2.140050146,1758893481.693050146,/xwing/agiros_pilot/telemetry.reference.pose.position.x,1.999949205123306
2.140050146,1758893481.693050146,/xwing/agiros_pilot/telemetry.reference.pose.position.x,1.999949205123306
2.142632696,1758893481.695632696,/xwing/agiros_pilot/telemetry.reference.pose.position.x,1.9997246221345335
2.150045607,1758893481.703045607,/xwing/agiros_pilot/telemetry.reference.pose.position.x,1.9990799827062729
2.150045607,1758893481.703045607,/xwing/agiros_pilot/telemetry.reference.pose.position.x,1.9990799827062729
2.160065624,1758893481.713065624,/xwing/agiros_pilot/telemetry.reference.pose.position.x,1.998189892036373
2.160065624,1758893481.713065624,/xwing/agiros_pilot/telemetry.reference.pose.position.x,1.998189892036373
2.160065624,1758893481.713065624,/xwing/agiros_pilot/telemetry.reference.pose.position.x,1.998189892036373
2.170046064,1758893481.723046064,/xwing/agiros_pilot/telemetry.reference.pose.position.x,1.9949091433162676
2.170046064,1758893481.723046064,/xwing/agiros_pilot/telemetry.reference.pose.position.x,1.9949091433162676
2.170046064,1758893481.723046064,/xwing/agiros_pilot/telemetry.reference.pose.position.x,1.9949091433162676
2.17804763,1758893481.731047630,/xwing/agiros_pilot/telemetry.reference.pose.position.x,1.9922788858499993
2.17804763,1758893481.731047630,/xwing/agiros_pilot/telemetry.reference.pose.position.x,1.9922788858499993
2.179263088,1758893481.732263088,/xwing/agiros_pilot/telemetry.reference.pose.position.x,1.9918793431497508
2.182593081,1758893481.735593081,/xwing/agiros_pilot/telemetry.reference.pose.position.x,1.9901493912988553
2.190047237,1758893481.743047237,/xwing/agiros_pilot/telemetry.reference.pose.position.x,1.9858810827962368
2.190047237,1758893481.743047237,/xwing/agiros_pilot/telemetry.reference.pose.position.x,1.9858810827962368
2.1925830570000002,1758893481.745583057,/xwing/agiros_pilot/telemetry.reference.pose.position.x,1.9844290524353267
2.200046274,1758893481.753046274,/xwing/agiros_pilot/telemetry.reference.pose.position.x,1.9801413096453835
2.200046274,1758893481.753046274,/xwing/agiros_pilot/telemetry.reference.pose.position.x,1.9801413096453835
2.202572557,1758893481.755572557,/xwing/agiros_pilot/telemetry.reference.pose.position.x,1.9780760676977642
2.210046503,1758893481.763046503,/xwing/agiros_pilot/telemetry.reference.pose.position.x,1.9719661012411787
2.210046503,1758893481.763046503,/xwing/agiros_pilot/telemetry.reference.pose.position.x,1.9719661012411787
2.220047686,1758893481.773047686,/xwing/agiros_pilot/telemetry.reference.pose.position.x,1.963775522154211
2.220047686,1758893481.773047686,/xwing/agiros_pilot/telemetry.reference.pose.position.x,1.963775522154211
2.220047686,1758893481.773047686,/xwing/agiros_pilot/telemetry.reference.pose.position.x,1.963775522154211
2.222553226,1758893481.775553226,/xwing/agiros_pilot/telemetry.reference.pose.position.x,1.9611138877151877
2.2258915630000002,1758893481.778891563,/xwing/agiros_pilot/telemetry.reference.pose.position.x,1.9575675745155303
2.229222271,1758893481.782222271,/xwing/agiros_pilot/telemetry.reference.pose.position.x,1.9540293660168007
2.232546303,1758893481.785546303,/xwing/agiros_pilot/telemetry.reference.pose.position.x,1.9504982491313823
2.235874388,1758893481.788874388,/xwing/agiros_pilot/telemetry.reference.pose.position.x,1.9469628266235963
2.239203665,1758893481.792203665,/xwing/agiros_pilot/telemetry.reference.pose.position.x,1.9434261377562905
2.242533657,1758893481.795533657,/xwing/agiros_pilot/telemetry.reference.pose.position.x,1.9392684842422296
2.248049471,1758893481.801049471,/xwing/agiros_pilot/telemetry.reference.pose.position.x,1.9320651744776172
2.24919388,1758893481.802193880,/xwing/agiros_pilot/telemetry.reference.pose.position.x,1.930570647273375
2.258059713,1758893481.811059713,/xwing/agiros_pilot/telemetry.reference.pose.position.x,1.9189924204781779
2.258059713,1758893481.811059713,/xwing/agiros_pilot/telemetry.reference.pose.position.x,1.9189924204781779
2.259185049,1758893481.812185049,/xwing/agiros_pilot/telemetry.reference.pose.position.x,1.9175228020606732
2.262513372,1758893481.815513372,/xwing/agiros_pilot/telemetry.reference.pose.position.x,1.9125664357651815
2.270051214,1758893481.823051214,/xwing/agiros_pilot/telemetry.reference.pose.position.x,1.9009023454408238
2.270051214,1758893481.823051214,/xwing/agiros_pilot/telemetry.reference.pose.position.x,1.9009023454408238
2.272502872,1758893481.825502872,/xwing/agiros_pilot/telemetry.reference.pose.position.x,1.8971086384315445
2.280047152,1758893481.833047152,/xwing/agiros_pilot/telemetry.reference.pose.position.x,1.885420494583444
2.280047152,1758893481.833047152,/xwing/agiros_pilot/telemetry.reference.pose.position.x,1.885420494583444
2.288048002,1758893481.841048002,/xwing/agiros_pilot/telemetry.reference.pose.position.x,1.8711330340222811
2.288048002,1758893481.841048002,/xwing/agiros_pilot/telemetry.reference.pose.position.x,1.8711330340222811
2.289156172,1758893481.842156172,/xwing/agiros_pilot/telemetry.reference.pose.position.x,1.8691541283458915
2.300048086,1758893481.853048086,/xwing/agiros_pilot/telemetry.reference.pose.position.x,1.8496898939834272
2.300048086,1758893481.853048086,/xwing/agiros_pilot/telemetry.reference.pose.position.x,1.8496898939834272
2.300048086,1758893481.853048086,/xwing/agiros_pilot/telemetry.reference.pose.position.x,1.8496898939834272
2.310051414,1758893481.863051414,/xwing/agiros_pilot/telemetry.reference.pose.position.x,1.8294825977636762
2.310051414,1758893481.863051414,/xwing/agiros_pilot/telemetry.reference.pose.position.x,1.8294825977636762
2.310051414,1758893481.863051414,/xwing/agiros_pilot/telemetry.reference.pose.position.x,1.8294825977636762
2.318049404,1758893481.871049404,/xwing/agiros_pilot/telemetry.reference.pose.position.x,1.8133262005239361
2.318049404,1758893481.871049404,/xwing/agiros_pilot/telemetry.reference.pose.position.x,1.8133262005239361
2.319125149,1758893481.872125149,/xwing/agiros_pilot/telemetry.reference.pose.position.x,1.8111531347531824
2.330050919,1758893481.883050919,/xwing/agiros_pilot/telemetry.reference.pose.position.x,1.7867734001572984
2.330050919,1758893481.883050919,/xwing/agiros_pilot/telemetry.reference.pose.position.x,1.7867734001572984
2.330050919,1758893481.883050919,/xwing/agiros_pilot/telemetry.reference.pose.position.x,1.7867734001572984
2.338042948,1758893481.891042948,/xwing/agiros_pilot/telemetry.reference.pose.position.x,1.7687951819405587
2.338042948,1758893481.891042948,/xwing/agiros_pilot/telemetry.reference.pose.position.x,1.7687951819405587
2.3391036720000002,1758893481.892103672,/xwing/agiros_pilot/telemetry.reference.pose.position.x,1.7664090630047788
2.348045799,1758893481.901045799,/xwing/agiros_pilot/telemetry.reference.pose.position.x,1.7444898733787262
2.348045799,1758893481.901045799,/xwing/agiros_pilot/telemetry.reference.pose.position.x,1.7444898733787262
2.34910557,1758893481.902105570,/xwing/agiros_pilot/telemetry.reference.pose.position.x,1.7418686750563086
2.352429602,1758893481.905429602,/xwing/agiros_pilot/telemetry.reference.pose.position.x,1.733647134671349
2.360074017,1758893481.913074017,/xwing/agiros_pilot/telemetry.reference.pose.position.x,1.714720991787947
2.360074017,1758893481.913074017,/xwing/agiros_pilot/telemetry.reference.pose.position.x,1.714720991787947
2.36804578,1758893481.921045780,/xwing/agiros_pilot/telemetry.reference.pose.position.x,1.6932697946859645
2.36804578,1758893481.921045780,/xwing/agiros_pilot/telemetry.reference.pose.position.x,1.6932697946859645
2.369073603,1758893481.922073603,/xwing/agiros_pilot/telemetry.reference.pose.position.x,1.6905040299202434
2.372402641,1758893481.925402641,/xwing/agiros_pilot/telemetry.reference.pose.position.x,1.6815459289172832
2.380040142,1758893481.933040142,/xwing/agiros_pilot/telemetry.reference.pose.position.x,1.6609832049411337
2.380040142,1758893481.933040142,/xwing/agiros_pilot/telemetry.reference.pose.position.x,1.6609832049411337
2.388044807,1758893481.941044807,/xwing/agiros_pilot/telemetry.reference.pose.position.x,1.6377580476625087
2.388044807,1758893481.941044807,/xwing/agiros_pilot/telemetry.reference.pose.position.x,1.6377580476625087
2.389058325,1758893481.942058325,/xwing/agiros_pilot/telemetry.reference.pose.position.x,1.6348173750113073
2.398043129,1758893481.951043129,/xwing/agiros_pilot/telemetry.reference.pose.position.x,1.608748391510831
2.398043129,1758893481.951043129,/xwing/agiros_pilot/telemetry.reference.pose.position.x,1.608748391510831
2.399045202,1758893481.952045202,/xwing/agiros_pilot/telemetry.reference.pose.position.x,1.6058409233496924
2.402374241,1758893481.955374241,/xwing/agiros_pilot/telemetry.reference.pose.position.x,1.595697236340541
2.410042498,1758893481.963042498,/xwing/agiros_pilot/telemetry.reference.pose.position.x,1.571890653651982
2.410042498,1758893481.963042498,/xwing/agiros_pilot/telemetry.reference.pose.position.x,1.571890653651982
2.412363741,1758893481.965363741,/xwing/agiros_pilot/telemetry.reference.pose.position.x,1.5646842086979724
2.420042011,1758893481.973042011,/xwing/agiros_pilot/telemetry.reference.pose.position.x,1.540836028730034
2.420042011,1758893481.973042011,/xwing/agiros_pilot/telemetry.reference.pose.position.x,1.540836028730034
2.422359917,1758893481.975359917,/xwing/agiros_pilot/telemetry.reference.pose.position.x,1.5331878521632107
2.430038187,1758893481.983038187,/xwing/agiros_pilot/telemetry.reference.pose.position.x,1.5078525789339845
2.430038187,1758893481.983038187,/xwing/agiros_pilot/telemetry.reference.pose.position.x,1.5078525789339845
2.4323472710000003,1758893481.985347271,/xwing/agiros_pilot/telemetry.reference.pose.position.x,1.5002335098072943
2.4356734490000003,1758893481.988673449,/xwing/agiros_pilot/telemetry.reference.pose.position.x,1.4892584315020332
2.439003679,1758893481.992003679,/xwing/agiros_pilot/telemetry.reference.pose.position.x,1.4782699795080623
2.44233391,1758893481.995333910,/xwing/agiros_pilot/telemetry.reference.pose.position.x,1.466843932267517
2.445661518,1758893481.998661518,/xwing/agiros_pilot/telemetry.reference.pose.position.x,1.4552433881455558
2.450066063,1758893482.003066063,/xwing/agiros_pilot/telemetry.reference.pose.position.x,1.4398884800629366
2.45232341,1758893482.005323410,/xwing/agiros_pilot/telemetry.reference.pose.position.x,1.4320190273333577
2.460046265,1758893482.013046265,/xwing/agiros_pilot/telemetry.reference.pose.position.x,1.405085657974638
2.460046265,1758893482.013046265,/xwing/agiros_pilot/telemetry.reference.pose.position.x,1.405085657974638
2.462313625,1758893482.015313625,/xwing/agiros_pilot/telemetry.reference.pose.position.x,1.3967785823042915
2.47004244,1758893482.023042440,/xwing/agiros_pilot/telemetry.reference.pose.position.x,1.368462023733774
2.47004244,1758893482.023042440,/xwing/agiros_pilot/telemetry.reference.pose.position.x,1.368462023733774
2.480042908,1758893482.033042908,/xwing/agiros_pilot/telemetry.reference.pose.position.x,1.3318134383670643
2.480042908,1758893482.033042908,/xwing/agiros_pilot/telemetry.reference.pose.position.x,1.3318134383670643
2.480042908,1758893482.033042908,/xwing/agiros_pilot/telemetry.reference.pose.position.x,1.3318134383670643
2.490045521,1758893482.043045521,/xwing/agiros_pilot/telemetry.reference.pose.position.x,1.2934829602742155
2.490045521,1758893482.043045521,/xwing/agiros_pilot/telemetry.reference.pose.position.x,1.2934829602742155
2.490045521,1758893482.043045521,/xwing/agiros_pilot/telemetry.reference.pose.position.x,1.2934829602742155
2.492282602,1758893482.045282602,/xwing/agiros_pilot/telemetry.reference.pose.position.x,1.2849103599036857
2.500044081,1758893482.053044081,/xwing/agiros_pilot/telemetry.reference.pose.position.x,1.2551591296054985
2.500044081,1758893482.053044081,/xwing/agiros_pilot/telemetry.reference.pose.position.x,1.2551591296054985
2.508047316,1758893482.061047316,/xwing/agiros_pilot/telemetry.reference.pose.position.x,1.2232213050165528
2.508047316,1758893482.061047316,/xwing/agiros_pilot/telemetry.reference.pose.position.x,1.2232213050165528
2.508935663,1758893482.061935663,/xwing/agiros_pilot/telemetry.reference.pose.position.x,1.219676252156138
2.512263271,1758893482.065263271,/xwing/agiros_pilot/telemetry.reference.pose.position.x,1.206397051197251
2.520044062,1758893482.073044062,/xwing/agiros_pilot/telemetry.reference.pose.position.x,1.1753385978828466
2.520044062,1758893482.073044062,/xwing/agiros_pilot/telemetry.reference.pose.position.x,1.1753385978828466
2.528042767,1758893482.081042767,/xwing/agiros_pilot/telemetry.reference.pose.position.x,1.1422312023562466
2.528042767,1758893482.081042767,/xwing/agiros_pilot/telemetry.reference.pose.position.x,1.1422312023562466
2.528916809,1758893482.081916809,/xwing/agiros_pilot/telemetry.reference.pose.position.x,1.1386134578034872
2.538043234,1758893482.091043234,/xwing/agiros_pilot/telemetry.reference.pose.position.x,1.100838323123982
2.538043234,1758893482.091043234,/xwing/agiros_pilot/telemetry.reference.pose.position.x,1.100838323123982
2.538902971,1758893482.091902971,/xwing/agiros_pilot/telemetry.reference.pose.position.x,1.0972797887930357
2.542232487,1758893482.095232487,/xwing/agiros_pilot/telemetry.reference.pose.position.x,1.08318881840101
2.550046656,1758893482.103046656,/xwing/agiros_pilot/telemetry.reference.pose.position.x,1.049766691214027
2.550046656,1758893482.103046656,/xwing/agiros_pilot/telemetry.reference.pose.position.x,1.049766691214027
2.5522401070000003,1758893482.105240107,/xwing/agiros_pilot/telemetry.reference.pose.position.x,1.0403850414773304
2.560043785,1758893482.113043785,/xwing/agiros_pilot/telemetry.reference.pose.position.x,1.007000685468853
2.560043785,1758893482.113043785,/xwing/agiros_pilot/telemetry.reference.pose.position.x,1.007000685468853
2.562213156,1758893482.115213156,/xwing/agiros_pilot/telemetry.reference.pose.position.x,0.9974460432189217
2.570081923,1758893482.123081923,/xwing/agiros_pilot/telemetry.reference.pose.position.x,0.9627893322818151
2.570081923,1758893482.123081923,/xwing/agiros_pilot/telemetry.reference.pose.position.x,0.9627893322818151
2.57807729,1758893482.131077290,/xwing/agiros_pilot/telemetry.reference.pose.position.x,0.9275750309463444
2.57807729,1758893482.131077290,/xwing/agiros_pilot/telemetry.reference.pose.position.x,0.9275750309463444
2.578861687,1758893482.131861687,/xwing/agiros_pilot/telemetry.reference.pose.position.x,0.9241202806438634
2.590045664,1758893482.143045664,/xwing/agiros_pilot/telemetry.reference.pose.position.x,0.8736946248951756
2.590045664,1758893482.143045664,/xwing/agiros_pilot/telemetry.reference.pose.position.x,0.8736946248951756
2.590045664,1758893482.143045664,/xwing/agiros_pilot/telemetry.reference.pose.position.x,0.8736946248951756
2.592188808,1758893482.145188808,/xwing/agiros_pilot/telemetry.reference.pose.position.x,0.8640066848437266
2.600041363,1758893482.153041363,/xwing/agiros_pilot/telemetry.reference.pose.position.x,0.8285041546112935
2.600041363,1758893482.153041363,/xwing/agiros_pilot/telemetry.reference.pose.position.x,0.8285041546112935
2.6100404,1758893482.163040400,/xwing/agiros_pilot/telemetry.reference.pose.position.x,0.7822575371486744
2.6100404,1758893482.163040400,/xwing/agiros_pilot/telemetry.reference.pose.position.x,0.7822575371486744
2.6100404,1758893482.163040400,/xwing/agiros_pilot/telemetry.reference.pose.position.x,0.7822575371486744
2.612163517,1758893482.165163517,/xwing/agiros_pilot/telemetry.reference.pose.position.x,0.7724378912700263
2.620039198,1758893482.173039198,/xwing/agiros_pilot/telemetry.reference.pose.position.x,0.7360072556514371
2.620039198,1758893482.173039198,/xwing/agiros_pilot/telemetry.reference.pose.position.x,0.7360072556514371
2.622153017,1758893482.175153017,/xwing/agiros_pilot/telemetry.reference.pose.position.x,0.7260340482139234
2.6300456260000002,1758893482.183045626,/xwing/agiros_pilot/telemetry.reference.pose.position.x,0.6887959409489276
2.6300456260000002,1758893482.183045626,/xwing/agiros_pilot/telemetry.reference.pose.position.x,0.6887959409489276
2.638038847,1758893482.191038847,/xwing/agiros_pilot/telemetry.reference.pose.position.x,0.6510831333073662
2.638038847,1758893482.191038847,/xwing/agiros_pilot/telemetry.reference.pose.position.x,0.6510831333073662
2.63880274,1758893482.191802740,/xwing/agiros_pilot/telemetry.reference.pose.position.x,0.6474790100691761
2.642130587,1758893482.195130587,/xwing/agiros_pilot/telemetry.reference.pose.position.x,0.6316043110149171
2.645465109,1758893482.198465109,/xwing/agiros_pilot/telemetry.reference.pose.position.x,0.6156015559606578
2.6488013,1758893482.201801300,/xwing/agiros_pilot/telemetry.reference.pose.position.x,0.5995907915194846
2.6521248550000003,1758893482.205124855,/xwing/agiros_pilot/telemetry.reference.pose.position.x,0.583640669579232
2.660048697,1758893482.213048697,/xwing/agiros_pilot/telemetry.reference.pose.position.x,0.545609065743177
2.660048697,1758893482.213048697,/xwing/agiros_pilot/telemetry.reference.pose.position.x,0.545609065743177
2.662112686,1758893482.215112686,/xwing/agiros_pilot/telemetry.reference.pose.position.x,0.5355613121672599
2.6700427270000002,1758893482.223042727,/xwing/agiros_pilot/telemetry.reference.pose.position.x,0.49695690744407867
2.6700427270000002,1758893482.223042727,/xwing/agiros_pilot/telemetry.reference.pose.position.x,0.49695690744407867
2.680042479,1758893482.233042479,/xwing/agiros_pilot/telemetry.reference.pose.position.x,0.4482738139129218
2.680042479,1758893482.233042479,/xwing/agiros_pilot/telemetry.reference.pose.position.x,0.4482738139129218
2.680042479,1758893482.233042479,/xwing/agiros_pilot/telemetry.reference.pose.position.x,0.4482738139129218
2.682095263,1758893482.235095263,/xwing/agiros_pilot/telemetry.reference.pose.position.x,0.4381643149739559
2.690041277,1758893482.243041277,/xwing/agiros_pilot/telemetry.reference.pose.position.x,0.39903198272797985
2.690041277,1758893482.243041277,/xwing/agiros_pilot/telemetry.reference.pose.position.x,0.39903198272797985
2.692084524,1758893482.245084524,/xwing/agiros_pilot/telemetry.reference.pose.position.x,0.38896945010231926
2.700044605,1758893482.253044605,/xwing/agiros_pilot/telemetry.reference.pose.position.x,0.3497653443143693
2.700044605,1758893482.253044605,/xwing/agiros_pilot/telemetry.reference.pose.position.x,0.3497653443143693
2.708042118,1758893482.261042118,/xwing/agiros_pilot/telemetry.reference.pose.position.x,0.31002580485401504
2.708042118,1758893482.261042118,/xwing/agiros_pilot/telemetry.reference.pose.position.x,0.31002580485401504
2.708734247,1758893482.261734247,/xwing/agiros_pilot/telemetry.reference.pose.position.x,0.30658662398550185
2.718067619,1758893482.271067619,/xwing/agiros_pilot/telemetry.reference.pose.position.x,0.2602092166621508
2.718067619,1758893482.271067619,/xwing/agiros_pilot/telemetry.reference.pose.position.x,0.2602092166621508
2.718723986,1758893482.271723986,/xwing/agiros_pilot/telemetry.reference.pose.position.x,0.2569477406266644
2.722053501,1758893482.275053501,/xwing/agiros_pilot/telemetry.reference.pose.position.x,0.24033802886527247
2.730063412,1758893482.283063412,/xwing/agiros_pilot/telemetry.reference.pose.position.x,0.2002832889489586
2.730063412,1758893482.283063412,/xwing/agiros_pilot/telemetry.reference.pose.position.x,0.2002832889489586
2.732043955,1758893482.285043955,/xwing/agiros_pilot/telemetry.reference.pose.position.x,0.19037929072045465
2.740043375,1758893482.293043375,/xwing/agiros_pilot/telemetry.reference.pose.position.x,0.15037595717465346
2.740043375,1758893482.293043375,/xwing/agiros_pilot/telemetry.reference.pose.position.x,0.15037595717465346
2.7420332160000003,1758893482.295033216,/xwing/agiros_pilot/telemetry.reference.pose.position.x,0.1403875981548878
2.750035736,1758893482.303035736,/xwing/agiros_pilot/telemetry.reference.pose.position.x,0.10021754417712181
2.750035736,1758893482.303035736,/xwing/agiros_pilot/telemetry.reference.pose.position.x,0.10021754417712181
2.752023909,1758893482.305023909,/xwing/agiros_pilot/telemetry.reference.pose.position.x,0.09023756264515129
2.760039303,1758893482.313039303,/xwing/agiros_pilot/telemetry.reference.pose.position.x,0.05000255693009861
2.760039303,1758893482.313039303,/xwing/agiros_pilot/telemetry.reference.pose.position.x,0.05000255693009861
2.762012217,1758893482.315012217,/xwing/agiros_pilot/telemetry.reference.pose.position.x,0.040086645345633144
2.770037624,1758893482.323037624,/xwing/agiros_pilot/telemetry.reference.pose.position.x,-0.00024924587426922054
2.770037624,1758893482.323037624,/xwing/agiros_pilot/telemetry.reference.pose.position.x,-0.00024924587426922054
2.772009584,1758893482.325009584,/xwing/agiros_pilot/telemetry.reference.pose.position.x,-0.01016036426884492
2.7800338,1758893482.333033800,/xwing/agiros_pilot/telemetry.reference.pose.position.x,-0.050489973409057406
2.7800338,1758893482.333033800,/xwing/agiros_pilot/telemetry.reference.pose.position.x,-0.050489973409057406
2.781997892,1758893482.334997892,/xwing/agiros_pilot/telemetry.reference.pose.position.x,-0.06034907975998356
2.79003546,1758893482.343035460,/xwing/agiros_pilot/telemetry.reference.pose.position.x,-0.10069506098144779
2.79003546,1758893482.343035460,/xwing/agiros_pilot/telemetry.reference.pose.position.x,-0.10069506098144779
2.791990015,1758893482.344990015,/xwing/agiros_pilot/telemetry.reference.pose.position.x,-0.11050629597354447
2.800035212,1758893482.353035212,/xwing/agiros_pilot/telemetry.reference.pose.position.x,-0.15088967601905942
2.800035212,1758893482.353035212,/xwing/agiros_pilot/telemetry.reference.pose.position.x,-0.15088967601905942
2.801971886,1758893482.354971886,/xwing/agiros_pilot/telemetry.reference.pose.position.x,-0.16057430074641427
2.810032818,1758893482.363032818,/xwing/agiros_pilot/telemetry.reference.pose.position.x,-0.20088418158254237
2.810032818,1758893482.363032818,/xwing/agiros_pilot/telemetry.reference.pose.position.x,-0.20088418158254237
2.811963531,1758893482.364963531,/xwing/agiros_pilot/telemetry.reference.pose.position.x,-0.21053900012767593
2.820032331,1758893482.373032331,/xwing/agiros_pilot/telemetry.reference.pose.position.x,-0.2508868211215628
2.820032331,1758893482.373032331,/xwing/agiros_pilot/telemetry.reference.pose.position.x,-0.2508868211215628
2.821952316,1758893482.374952316,/xwing/agiros_pilot/telemetry.reference.pose.position.x,-0.2604272012573315
2.830033514,1758893482.383033514,/xwing/agiros_pilot/telemetry.reference.pose.position.x,-0.3005825700269679
2.830033514,1758893482.383033514,/xwing/agiros_pilot/telemetry.reference.pose.position.x,-0.3005825700269679
2.840032312,1758893482.393032312,/xwing/agiros_pilot/telemetry.reference.pose.position.x,-0.3502645113074209
2.840032312,1758893482.393032312,/xwing/agiros_pilot/telemetry.reference.pose.position.x,-0.3502645113074209
2.840032312,1758893482.393032312,/xwing/agiros_pilot/telemetry.reference.pose.position.x,-0.3502645113074209
2.8419368,1758893482.394936800,/xwing/agiros_pilot/telemetry.reference.pose.position.x,-0.3596436840744894
2.845265362,1758893482.398265362,/xwing/agiros_pilot/telemetry.reference.pose.position.x,-0.37603610157587175
2.848603222,1758893482.401603222,/xwing/agiros_pilot/telemetry.reference.pose.position.x,-0.3924743112327268
2.851927969,1758893482.404927969,/xwing/agiros_pilot/telemetry.reference.pose.position.x,-0.40884794220878706
2.855254862,1758893482.408254862,/xwing/agiros_pilot/telemetry.reference.pose.position.x,-0.42523214060534104
2.860035154,1758893482.413035154,/xwing/agiros_pilot/telemetry.reference.pose.position.x,-0.4487713307480201
2.861918661,1758893482.414918661,/xwing/agiros_pilot/telemetry.reference.pose.position.x,-0.45794047170328694
2.870032999,1758893482.423032999,/xwing/agiros_pilot/telemetry.reference.pose.position.x,-0.49744205945917963
2.870032999,1758893482.423032999,/xwing/agiros_pilot/telemetry.reference.pose.position.x,-0.49744205945917963
2.878032181,1758893482.431032181,/xwing/agiros_pilot/telemetry.reference.pose.position.x,-0.5363830529009719
2.878032181,1758893482.431032181,/xwing/agiros_pilot/telemetry.reference.pose.position.x,-0.5363830529009719
2.878564808,1758893482.431564808,/xwing/agiros_pilot/telemetry.reference.pose.position.x,-0.5389759466850308
2.881892416,1758893482.434892416,/xwing/agiros_pilot/telemetry.reference.pose.position.x,-0.5550437257017039
2.89003298,1758893482.443032980,/xwing/agiros_pilot/telemetry.reference.pose.position.x,-0.5941112266721477
2.89003298,1758893482.443032980,/xwing/agiros_pilot/telemetry.reference.pose.position.x,-0.5941112266721477
2.900033924,1758893482.453033924,/xwing/agiros_pilot/telemetry.reference.pose.position.x,-0.6421031970369313
2.900033924,1758893482.453033924,/xwing/agiros_pilot/telemetry.reference.pose.position.x,-0.6421031970369313
2.900033924,1758893482.453033924,/xwing/agiros_pilot/telemetry.reference.pose.position.x,-0.6421031970369313
2.901879284,1758893482.454879284,/xwing/agiros_pilot/telemetry.reference.pose.position.x,-0.6508097868819974
2.910033199,1758893482.463033199,/xwing/agiros_pilot/telemetry.reference.pose.position.x,-0.689280765267173
2.910033199,1758893482.463033199,/xwing/agiros_pilot/telemetry.reference.pose.position.x,-0.689280765267173
2.911864731,1758893482.464864731,/xwing/agiros_pilot/telemetry.reference.pose.position.x,-0.6979221119325215
2.92003319,1758893482.473033190,/xwing/agiros_pilot/telemetry.reference.pose.position.x,-0.7364575178422426
2.92003319,1758893482.473033190,/xwing/agiros_pilot/telemetry.reference.pose.position.x,-0.7364575178422426
2.92803261,1758893482.481032610,/xwing/agiros_pilot/telemetry.reference.pose.position.x,-0.7734556939815354
2.92803261,1758893482.481032610,/xwing/agiros_pilot/telemetry.reference.pose.position.x,-0.7734556939815354
2.928514454,1758893482.481514454,/xwing/agiros_pilot/telemetry.reference.pose.position.x,-0.7756842739164873
2.940033171,1758893482.493033171,/xwing/agiros_pilot/telemetry.reference.pose.position.x,-0.828954857689062
2.940033171,1758893482.493033171,/xwing/agiros_pilot/telemetry.reference.pose.position.x,-0.828954857689062
2.940033171,1758893482.493033171,/xwing/agiros_pilot/telemetry.reference.pose.position.x,-0.828954857689062
2.941832516,1758893482.494832516,/xwing/agiros_pilot/telemetry.reference.pose.position.x,-0.8370886749733298
2.950059387,1758893482.503059387,/xwing/agiros_pilot/telemetry.reference.pose.position.x,-0.874277690371628
2.950059387,1758893482.503059387,/xwing/agiros_pilot/telemetry.reference.pose.position.x,-0.874277690371628
2.951823923,1758893482.504823923,/xwing/agiros_pilot/telemetry.reference.pose.position.x,-0.8822541554201065
2.960059378,1758893482.513059378,/xwing/agiros_pilot/telemetry.reference.pose.position.x,-0.9194736939908301
2.960059378,1758893482.513059378,/xwing/agiros_pilot/telemetry.reference.pose.position.x,-0.9194736939908301
2.968044254,1758893482.521044254,/xwing/agiros_pilot/telemetry.reference.pose.position.x,-0.9546417919787904
2.968044254,1758893482.521044254,/xwing/agiros_pilot/telemetry.reference.pose.position.x,-0.9546417919787904
2.968473885,1758893482.521473885,/xwing/agiros_pilot/telemetry.reference.pose.position.x,-0.9565340290745566
2.978033516,1758893482.531033516,/xwing/agiros_pilot/telemetry.reference.pose.position.x,-0.9986378795694734
2.978033516,1758893482.531033516,/xwing/agiros_pilot/telemetry.reference.pose.position.x,-0.9986378795694734
2.978463385,1758893482.531463385,/xwing/agiros_pilot/telemetry.reference.pose.position.x,-1.0005311667413193
2.981793377,1758893482.534793377,/xwing/agiros_pilot/telemetry.reference.pose.position.x,-1.0149679089026378
2.9900347920000003,1758893482.543034792,/xwing/agiros_pilot/telemetry.reference.pose.position.x,-1.050217418299203
2.9900347920000003,1758893482.543034792,/xwing/agiros_pilot/telemetry.reference.pose.position.x,-1.050217418299203
2.9917838310000002,1758893482.544783831,/xwing/agiros_pilot/telemetry.reference.pose.position.x,-1.057698264219682
3.000032875,1758893482.553032875,/xwing/agiros_pilot/telemetry.reference.pose.position.x,-1.0929742188302178
3.000032875,1758893482.553032875,/xwing/agiros_pilot/telemetry.reference.pose.position.x,-1.0929742188302178
3.001772139,1758893482.554772139,/xwing/agiros_pilot/telemetry.reference.pose.position.x,-1.1001731949656184
3.01003215,1758893482.563032150,/xwing/agiros_pilot/telemetry.reference.pose.position.x,-1.1343621638773314
3.01003215,1758893482.563032150,/xwing/agiros_pilot/telemetry.reference.pose.position.x,-1.1343621638773314
3.011763069,1758893482.564763069,/xwing/agiros_pilot/telemetry.reference.pose.position.x,-1.1415266007166742
3.020033333,1758893482.573033333,/xwing/agiros_pilot/telemetry.reference.pose.position.x,-1.1757512775556362
3.020033333,1758893482.573033333,/xwing/agiros_pilot/telemetry.reference.pose.position.x,-1.1757512775556362
3.021752092,1758893482.574752092,/xwing/agiros_pilot/telemetry.reference.pose.position.x,-1.1826101846383015
3.030031654,1758893482.583031654,/xwing/agiros_pilot/telemetry.reference.pose.position.x,-1.2156507264970486
3.030031654,1758893482.583031654,/xwing/agiros_pilot/telemetry.reference.pose.position.x,-1.2156507264970486
3.038032982,1758893482.591032982,/xwing/agiros_pilot/telemetry.reference.pose.position.x,-1.2475809417410826
3.038032982,1758893482.591032982,/xwing/agiros_pilot/telemetry.reference.pose.position.x,-1.2475809417410826
3.038404915,1758893482.591404915,/xwing/agiros_pilot/telemetry.reference.pose.position.x,-1.2490651829741186
3.048042032,1758893482.601042032,/xwing/agiros_pilot/telemetry.reference.pose.position.x,-1.286246156719047
3.048042032,1758893482.601042032,/xwing/agiros_pilot/telemetry.reference.pose.position.x,-1.286246156719047
3.048392031,1758893482.601392031,/xwing/agiros_pilot/telemetry.reference.pose.position.x,-1.2875873698659068
3.051722738,1758893482.604722738,/xwing/agiros_pilot/telemetry.reference.pose.position.x,-1.300350821951485
3.055059883,1758893482.608059883,/xwing/agiros_pilot/telemetry.reference.pose.position.x,-1.3131389421262765
3.058386776,1758893482.611386776,/xwing/agiros_pilot/telemetry.reference.pose.position.x,-1.3258877760849135
3.061712954,1758893482.614712954,/xwing/agiros_pilot/telemetry.reference.pose.position.x,-1.3383436612115842
3.06803796,1758893482.621037960,/xwing/agiros_pilot/telemetry.reference.pose.position.x,-1.3615173068170585
3.068372461,1758893482.621372461,/xwing/agiros_pilot/telemetry.reference.pose.position.x,-1.362742857150071
3.078034136,1758893482.631034136,/xwing/agiros_pilot/telemetry.reference.pose.position.x,-1.3981414328414365
3.078034136,1758893482.631034136,/xwing/agiros_pilot/telemetry.reference.pose.position.x,-1.3981414328414365
3.078364107,1758893482.631364107,/xwing/agiros_pilot/telemetry.reference.pose.position.x,-1.399350386270438
3.08169243,1758893482.634692430,/xwing/agiros_pilot/telemetry.reference.pose.position.x,-1.4112422098669115
3.090032789,1758893482.643032789,/xwing/agiros_pilot/telemetry.reference.pose.position.x,-1.4403193533216072
3.090032789,1758893482.643032789,/xwing/agiros_pilot/telemetry.reference.pose.position.x,-1.4403193533216072
3.091684076,1758893482.644684076,/xwing/agiros_pilot/telemetry.reference.pose.position.x,-1.4460762653211277
3.100032303,1758893482.653032303,/xwing/agiros_pilot/telemetry.reference.pose.position.x,-1.4751725767359385
3.100032303,1758893482.653032303,/xwing/agiros_pilot/telemetry.reference.pose.position.x,-1.4751725767359385
3.101674768,1758893482.654674768,/xwing/agiros_pilot/telemetry.reference.pose.position.x,-1.4805927389561409
3.110037777,1758893482.663037777,/xwing/agiros_pilot/telemetry.reference.pose.position.x,-1.5081907982097396
3.110037777,1758893482.663037777,/xwing/agiros_pilot/telemetry.reference.pose.position.x,-1.5081907982097396
3.111663553,1758893482.664663553,/xwing/agiros_pilot/telemetry.reference.pose.position.x,-1.513555885476333
3.120032761,1758893482.673032761,/xwing/agiros_pilot/telemetry.reference.pose.position.x,-1.5411656769187647
3.120032761,1758893482.673032761,/xwing/agiros_pilot/telemetry.reference.pose.position.x,-1.5411656769187647
3.121653292,1758893482.674653292,/xwing/agiros_pilot/telemetry.reference.pose.position.x,-1.5461980371462234
3.1300320360000002,1758893482.683032036,/xwing/agiros_pilot/telemetry.reference.pose.position.x,-1.5722171978750135
3.1300320360000002,1758893482.683032036,/xwing/agiros_pilot/telemetry.reference.pose.position.x,-1.5722171978750135
3.131643745,1758893482.684643745,/xwing/agiros_pilot/telemetry.reference.pose.position.x,-1.577222164056803
3.140036795,1758893482.693036795,/xwing/agiros_pilot/telemetry.reference.pose.position.x,-1.6032758493521004
3.140036795,1758893482.693036795,/xwing/agiros_pilot/telemetry.reference.pose.position.x,-1.6032758493521004
3.141633007,1758893482.694633007,/xwing/agiros_pilot/telemetry.reference.pose.position.x,-1.6079094297973529
3.150035116,1758893482.703035116,/xwing/agiros_pilot/telemetry.reference.pose.position.x,-1.632299572959585
3.150035116,1758893482.703035116,/xwing/agiros_pilot/telemetry.reference.pose.position.x,-1.632299572959585
3.151623222,1758893482.704623222,/xwing/agiros_pilot/telemetry.reference.pose.position.x,-1.6369096221523896
3.160042021,1758893482.713042021,/xwing/agiros_pilot/telemetry.reference.pose.position.x,-1.66133690844769
3.160042021,1758893482.713042021,/xwing/agiros_pilot/telemetry.reference.pose.position.x,-1.66133690844769
3.161612246,1758893482.714612246,/xwing/agiros_pilot/telemetry.reference.pose.position.x,-1.6655656466301705
3.170033667,1758893482.723033667,/xwing/agiros_pilot/telemetry.reference.pose.position.x,-1.6882451926492366
3.170033667,1758893482.723033667,/xwing/agiros_pilot/telemetry.reference.pose.position.x,-1.6882451926492366
3.178039047,1758893482.731039047,/xwing/agiros_pilot/telemetry.reference.pose.position.x,-1.7098043092531148
3.178039047,1758893482.731039047,/xwing/agiros_pilot/telemetry.reference.pose.position.x,-1.7098043092531148
3.178263161,1758893482.731263161,/xwing/agiros_pilot/telemetry.reference.pose.position.x,-1.71040786435356
3.181598875,1758893482.734598875,/xwing/agiros_pilot/telemetry.reference.pose.position.x,-1.7190422840047437
3.190033648,1758893482.743033648,/xwing/agiros_pilot/telemetry.reference.pose.position.x,-1.7399306555088503
3.190033648,1758893482.743033648,/xwing/agiros_pilot/telemetry.reference.pose.position.x,-1.7399306555088503
3.198032829,1758893482.751032829,/xwing/agiros_pilot/telemetry.reference.pose.position.x,-1.7597403042265358
3.198032829,1758893482.751032829,/xwing/agiros_pilot/telemetry.reference.pose.position.x,-1.7597403042265358
3.198243591,1758893482.751243591,/xwing/agiros_pilot/telemetry.reference.pose.position.x,-1.760262247818871
3.201572153,1758893482.754572153,/xwing/agiros_pilot/telemetry.reference.pose.position.x,-1.7681522506466611
3.210032675,1758893482.763032675,/xwing/agiros_pilot/telemetry.reference.pose.position.x,-1.7872187533417097
3.210032675,1758893482.763032675,/xwing/agiros_pilot/telemetry.reference.pose.position.x,-1.7872187533417097
3.211563322,1758893482.764563322,/xwing/agiros_pilot/telemetry.reference.pose.position.x,-1.7906681967081701
3.220035049,1758893482.773035049,/xwing/agiros_pilot/telemetry.reference.pose.position.x,-1.8097492168794582
3.220035049,1758893482.773035049,/xwing/agiros_pilot/telemetry.reference.pose.position.x,-1.8097492168794582
3.221553537,1758893482.774553537,/xwing/agiros_pilot/telemetry.reference.pose.position.x,-1.8128241813114871
3.230032656,1758893482.783032656,/xwing/agiros_pilot/telemetry.reference.pose.position.x,-1.8299945432302611
3.230032656,1758893482.783032656,/xwing/agiros_pilot/telemetry.reference.pose.position.x,-1.8299945432302611
3.231546137,1758893482.784546137,/xwing/agiros_pilot/telemetry.reference.pose.position.x,-1.8330593688252554
3.240033123,1758893482.793033123,/xwing/agiros_pilot/telemetry.reference.pose.position.x,-1.8502351331976108
3.240033123,1758893482.793033123,/xwing/agiros_pilot/telemetry.reference.pose.position.x,-1.8502351331976108
3.248038027,1758893482.801038027,/xwing/agiros_pilot/telemetry.reference.pose.position.x,-1.8645745944458763
3.248038027,1758893482.801038027,/xwing/agiros_pilot/telemetry.reference.pose.position.x,-1.8645745944458763
3.248198483,1758893482.801198483,/xwing/agiros_pilot/telemetry.reference.pose.position.x,-1.8648620243020215
3.25152323,1758893482.804523230,/xwing/agiros_pilot/telemetry.reference.pose.position.x,-1.8708177588398345
3.254852745,1758893482.807852745,/xwing/agiros_pilot/telemetry.reference.pose.position.x,-1.8767820351267153
3.258188459,1758893482.811188459,/xwing/agiros_pilot/telemetry.reference.pose.position.x,-1.882757415687385
3.26152179,1758893482.814521790,/xwing/agiros_pilot/telemetry.reference.pose.position.x,-1.8883631749102072
3.26484749,1758893482.817847490,/xwing/agiros_pilot/telemetry.reference.pose.position.x,-1.8935284098679788
3.27003524,1758893482.823035240,/xwing/agiros_pilot/telemetry.reference.pose.position.x,-1.9015856431783342
3.278034422,1758893482.831034422,/xwing/agiros_pilot/telemetry.reference.pose.position.x,-1.9140093866773802
3.278034422,1758893482.831034422,/xwing/agiros_pilot/telemetry.reference.pose.position.x,-1.9140093866773802
3.278164837,1758893482.831164837,/xwing/agiros_pilot/telemetry.reference.pose.position.x,-1.914211937650346
3.281491491,1758893482.834491491,/xwing/agiros_pilot/telemetry.reference.pose.position.x,-1.919014617450539
3.290033791,1758893482.843033791,/xwing/agiros_pilot/telemetry.reference.pose.position.x,-1.9302135345498475
3.290033791,1758893482.843033791,/xwing/agiros_pilot/telemetry.reference.pose.position.x,-1.9302135345498475
3.291482899,1758893482.844482899,/xwing/agiros_pilot/telemetry.reference.pose.position.x,-1.9321133089820002
3.300033543,1758893482.853033543,/xwing/agiros_pilot/telemetry.reference.pose.position.x,-1.9433119889178843
3.300033543,1758893482.853033543,/xwing/agiros_pilot/telemetry.reference.pose.position.x,-1.9433119889178843
3.3014878960000003,1758893482.854487896,/xwing/agiros_pilot/telemetry.reference.pose.position.x,-1.9448616791800377
3.310033533,1758893482.863033533,/xwing/agiros_pilot/telemetry.reference.pose.position.x,-1.9539675067318993
3.310033533,1758893482.863033533,/xwing/agiros_pilot/telemetry.reference.pose.position.x,-1.9539675067318993
3.311463568,1758893482.864463568,/xwing/agiros_pilot/telemetry.reference.pose.position.x,-1.9554912841404886
3.320033047,1758893482.873033047,/xwing/agiros_pilot/telemetry.reference.pose.position.x,-1.9646113352334298
3.320033047,1758893482.873033047,/xwing/agiros_pilot/telemetry.reference.pose.position.x,-1.9646113352334298
3.328034374,1758893482.881034374,/xwing/agiros_pilot/telemetry.reference.pose.position.x,-1.9711517665789418
3.328034374,1758893482.881034374,/xwing/agiros_pilot/telemetry.reference.pose.position.x,-1.9711517665789418
3.328114006,1758893482.881114006,/xwing/agiros_pilot/telemetry.reference.pose.position.x,-1.9712168590720704
3.331444714,1758893482.884444714,/xwing/agiros_pilot/telemetry.reference.pose.position.x,-1.9739394402966475
3.340033504,1758893482.893033504,/xwing/agiros_pilot/telemetry.reference.pose.position.x,-1.9809486813777641
3.340033504,1758893482.893033504,/xwing/agiros_pilot/telemetry.reference.pose.position.x,-1.9809486813777641
3.34143469,1758893482.894434690,/xwing/agiros_pilot/telemetry.reference.pose.position.x,-1.9817434605331705
3.3500327800000003,1758893482.903032780,/xwing/agiros_pilot/telemetry.reference.pose.position.x,-1.9866204591177232
3.3500327800000003,1758893482.903032780,/xwing/agiros_pilot/telemetry.reference.pose.position.x,-1.9866204591177232
3.351424667,1758893482.904424667,/xwing/agiros_pilot/telemetry.reference.pose.position.x,-1.9874099640878204
3.360036823,1758893482.913036823,/xwing/agiros_pilot/telemetry.reference.pose.position.x,-1.992282642839118
3.360036823,1758893482.913036823,/xwing/agiros_pilot/telemetry.reference.pose.position.x,-1.992282642839118
3.361413691,1758893482.914413691,/xwing/agiros_pilot/telemetry.reference.pose.position.x,-1.992717163777
3.370033476,1758893482.923033476,/xwing/agiros_pilot/telemetry.reference.pose.position.x,-1.995437452952443
3.370033476,1758893482.923033476,/xwing/agiros_pilot/telemetry.reference.pose.position.x,-1.995437452952443
3.371403191,1758893482.924403191,/xwing/agiros_pilot/telemetry.reference.pose.position.x,-1.9958697166386996
3.380034658,1758893482.933034658,/xwing/agiros_pilot/telemetry.reference.pose.position.x,-1.998581896585347
3.380034658,1758893482.933034658,/xwing/agiros_pilot/telemetry.reference.pose.position.x,-1.998581896585347
3.381393883,1758893482.934393883,/xwing/agiros_pilot/telemetry.reference.pose.position.x,-1.9986677403866977
3.39003441,1758893482.943034410,/xwing/agiros_pilot/telemetry.reference.pose.position.x,-1.9992134455620623
3.39003441,1758893482.943034410,/xwing/agiros_pilot/telemetry.reference.pose.position.x,-1.9992134455620623
3.391383621,1758893482.944383621,/xwing/agiros_pilot/telemetry.reference.pose.position.x,-1.9992986569410913
3.400032732,1758893482.953032732,/xwing/agiros_pilot/telemetry.reference.pose.position.x,-1.9998336427301646
3.400032732,1758893482.953032732,/xwing/agiros_pilot/telemetry.reference.pose.position.x,-1.9998336427301646
3.408033583,1758893482.961033583,/xwing/agiros_pilot/telemetry.reference.pose.position.x,-1.9983180275191466
3.408033583,1758893482.961033583,/xwing/agiros_pilot/telemetry.reference.pose.position.x,-1.9983180275191466
3.408033583,1758893482.961033583,/xwing/agiros_pilot/telemetry.reference.pose.position.x,-1.9983180275191466
3.411362144,1758893482.964362144,/xwing/agiros_pilot/telemetry.reference.pose.position.x,-1.997687492208311
3.420032713,1758893482.973032713,/xwing/agiros_pilot/telemetry.reference.pose.position.x,-1.9960337710174558
3.420032713,1758893482.973032713,/xwing/agiros_pilot/telemetry.reference.pose.position.x,-1.9960337710174558
3.42135379,1758893482.974353790,/xwing/agiros_pilot/telemetry.reference.pose.position.x,-1.9954504596036395
3.430032703,1758893482.983032703,/xwing/agiros_pilot/telemetry.reference.pose.position.x,-1.9916183531091924
3.430032703,1758893482.983032703,/xwing/agiros_pilot/telemetry.reference.pose.position.x,-1.9916183531091924
3.431353065,1758893482.984353065,/xwing/agiros_pilot/telemetry.reference.pose.position.x,-1.991035357510977
3.440032694,1758893482.993032694,/xwing/agiros_pilot/telemetry.reference.pose.position.x,-1.9871917447674476
3.440032694,1758893482.993032694,/xwing/agiros_pilot/telemetry.reference.pose.position.x,-1.9871917447674476
3.441333506,1758893482.994333506,/xwing/agiros_pilot/telemetry.reference.pose.position.x,-1.986290884108958
3.450032923,1758893483.003032923,/xwing/agiros_pilot/telemetry.reference.pose.position.x,-1.9802662133415503
3.450032923,1758893483.003032923,/xwing/agiros_pilot/telemetry.reference.pose.position.x,-1.9802662133415503
3.458042595,1758893483.011042595,/xwing/agiros_pilot/telemetry.reference.pose.position.x,-1.9747192166733016
3.458042595,1758893483.011042595,/xwing/agiros_pilot/telemetry.reference.pose.position.x,-1.9747192166733016
3.458042595,1758893483.011042595,/xwing/agiros_pilot/telemetry.reference.pose.position.x,-1.9747192166733016
3.461313459,1758893483.014313459,/xwing/agiros_pilot/telemetry.reference.pose.position.x,-1.9721236785848717
3.464643929,1758893483.017643929,/xwing/agiros_pilot/telemetry.reference.pose.position.x,-1.9689870995009813
3.467972967,1758893483.020972967,/xwing/agiros_pilot/telemetry.reference.pose.position.x,-1.965851867648425
3.471302959,1758893483.024302959,/xwing/agiros_pilot/telemetry.reference.pose.position.x,-1.9627157376416458
3.478192303,1758893483.031192303,/xwing/agiros_pilot/telemetry.reference.pose.position.x,-1.9562274715375512
3.478192303,1758893483.031192303,/xwing/agiros_pilot/telemetry.reference.pose.position.x,-1.9562274715375512
3.481294844,1758893483.034294844,/xwing/agiros_pilot/telemetry.reference.pose.position.x,-1.9529829528362155
3.490043613,1758893483.043043613,/xwing/agiros_pilot/telemetry.reference.pose.position.x,-1.9425837310984315
3.490043613,1758893483.043043613,/xwing/agiros_pilot/telemetry.reference.pose.position.x,-1.9425837310984315
3.491283867,1758893483.044283867,/xwing/agiros_pilot/telemetry.reference.pose.position.x,-1.941109504324213
3.500036213,1758893483.053036213,/xwing/agiros_pilot/telemetry.reference.pose.position.x,-1.9306942870184611
3.500036213,1758893483.053036213,/xwing/agiros_pilot/telemetry.reference.pose.position.x,-1.9306942870184611
3.501273129,1758893483.054273129,/xwing/agiros_pilot/telemetry.reference.pose.position.x,-1.9289223885913636
3.510032866,1758893483.063032866,/xwing/agiros_pilot/telemetry.reference.pose.position.x,-1.9163739460104063
3.510032866,1758893483.063032866,/xwing/agiros_pilot/telemetry.reference.pose.position.x,-1.9163739460104063
3.511271212,1758893483.064271212,/xwing/agiros_pilot/telemetry.reference.pose.position.x,-1.9145999983561375
3.520060989,1758893483.073060989,/xwing/agiros_pilot/telemetry.reference.pose.position.x,-1.901990994643699
3.520060989,1758893483.073060989,/xwing/agiros_pilot/telemetry.reference.pose.position.x,-1.901990994643699
3.521253321,1758893483.074253321,/xwing/agiros_pilot/telemetry.reference.pose.position.x,-1.8999965117319726
3.530061457,1758893483.083061457,/xwing/agiros_pilot/telemetry.reference.pose.position.x,-1.8852626231715195
3.530061457,1758893483.083061457,/xwing/agiros_pilot/telemetry.reference.pose.position.x,-1.8852626231715195
3.538034174,1758893483.091034174,/xwing/agiros_pilot/telemetry.reference.pose.position.x,-1.8719261887447776
3.538034174,1758893483.091034174,/xwing/agiros_pilot/telemetry.reference.pose.position.x,-1.8719261887447776
3.538034174,1758893483.091034174,/xwing/agiros_pilot/telemetry.reference.pose.position.x,-1.8719261887447776
3.541232082,1758893483.094232082,/xwing/agiros_pilot/telemetry.reference.pose.position.x,-1.866283234005977
3.550043795,1758893483.103043795,/xwing/agiros_pilot/telemetry.reference.pose.position.x,-1.849463624408251
3.550043795,1758893483.103043795,/xwing/agiros_pilot/telemetry.reference.pose.position.x,-1.849463624408251
3.551222536,1758893483.104222536,/xwing/agiros_pilot/telemetry.reference.pose.position.x,-1.847213667703493
3.5600390170000002,1758893483.113039017,/xwing/agiros_pilot/telemetry.reference.pose.position.x,-1.8303731602485704
3.5600390170000002,1758893483.113039017,/xwing/agiros_pilot/telemetry.reference.pose.position.x,-1.8303731602485704
3.561211559,1758893483.114211559,/xwing/agiros_pilot/telemetry.reference.pose.position.x,-1.8278639462444755
3.570033285,1758893483.123033285,/xwing/agiros_pilot/telemetry.reference.pose.position.x,-1.80898565682489
3.570033285,1758893483.123033285,/xwing/agiros_pilot/telemetry.reference.pose.position.x,-1.80898565682489
3.571202013,1758893483.124202013,/xwing/agiros_pilot/telemetry.reference.pose.position.x,-1.8064846061847775
3.580033276,1758893483.133033276,/xwing/agiros_pilot/telemetry.reference.pose.position.x,-1.7875756800694125
3.580033276,1758893483.133033276,/xwing/agiros_pilot/telemetry.reference.pose.position.x,-1.7875756800694125
3.5811919899999998,1758893483.134191990,/xwing/agiros_pilot/telemetry.reference.pose.position.x,-1.784834429475005
3.59003422,1758893483.143034220,/xwing/agiros_pilot/telemetry.reference.pose.position.x,-1.763915754414346
3.59003422,1758893483.143034220,/xwing/agiros_pilot/telemetry.reference.pose.position.x,-1.763915754414346
3.598034117,1758893483.151034117,/xwing/agiros_pilot/telemetry.reference.pose.position.x,-1.7449898444462886
3.598034117,1758893483.151034117,/xwing/agiros_pilot/telemetry.reference.pose.position.x,-1.7449898444462886
3.598034117,1758893483.151034117,/xwing/agiros_pilot/telemetry.reference.pose.position.x,-1.7449898444462886
3.608067963,1758893483.161067963,/xwing/agiros_pilot/telemetry.reference.pose.position.x,-1.7194759648504134
3.608067963,1758893483.161067963,/xwing/agiros_pilot/telemetry.reference.pose.position.x,-1.7194759648504134
3.608067963,1758893483.161067963,/xwing/agiros_pilot/telemetry.reference.pose.position.x,-1.7194759648504134
3.618032906,1758893483.171032906,/xwing/agiros_pilot/telemetry.reference.pose.position.x,-1.693710754067082
3.618032906,1758893483.171032906,/xwing/agiros_pilot/telemetry.reference.pose.position.x,-1.693710754067082
3.618032906,1758893483.171032906,/xwing/agiros_pilot/telemetry.reference.pose.position.x,-1.693710754067082
3.62804434,1758893483.181044340,/xwing/agiros_pilot/telemetry.reference.pose.position.x,-1.6661070273706653
3.62804434,1758893483.181044340,/xwing/agiros_pilot/telemetry.reference.pose.position.x,-1.6661070273706653
3.62804434,1758893483.181044340,/xwing/agiros_pilot/telemetry.reference.pose.position.x,-1.6661070273706653
3.631148312,1758893483.184148312,/xwing/agiros_pilot/telemetry.reference.pose.position.x,-1.657419414252297
3.640036318,1758893483.193036318,/xwing/agiros_pilot/telemetry.reference.pose.position.x,-1.6325330601580834
3.640036318,1758893483.193036318,/xwing/agiros_pilot/telemetry.reference.pose.position.x,-1.6325330601580834
3.641131851,1758893483.194131851,/xwing/agiros_pilot/telemetry.reference.pose.position.x,-1.6292409288057237
3.6500742170000002,1758893483.203074217,/xwing/agiros_pilot/telemetry.reference.pose.position.x,-1.6023686827484975
3.6500742170000002,1758893483.203074217,/xwing/agiros_pilot/telemetry.reference.pose.position.x,-1.6023686827484975
3.658079836,1758893483.211079836,/xwing/agiros_pilot/telemetry.reference.pose.position.x,-1.5783114060238985
3.658079836,1758893483.211079836,/xwing/agiros_pilot/telemetry.reference.pose.position.x,-1.5783114060238985
3.658079836,1758893483.211079836,/xwing/agiros_pilot/telemetry.reference.pose.position.x,-1.5783114060238985
3.661112282,1758893483.214112282,/xwing/agiros_pilot/telemetry.reference.pose.position.x,-1.568975436207686
3.664443228,1758893483.217443228,/xwing/agiros_pilot/telemetry.reference.pose.position.x,-1.5583040573097389
3.667772028,1758893483.220772028,/xwing/agiros_pilot/telemetry.reference.pose.position.x,-1.5476395528237938
3.67110202,1758893483.224102020,/xwing/agiros_pilot/telemetry.reference.pose.position.x,-1.5369712292200697
3.674433681,1758893483.227433681,/xwing/agiros_pilot/telemetry.reference.pose.position.x,-1.5262975588514551
3.678080532,1758893483.231080532,/xwing/agiros_pilot/telemetry.reference.pose.position.x,-1.5146141137420857
3.681097242,1758893483.234097242,/xwing/agiros_pilot/telemetry.reference.pose.position.x,-1.504738132346827
3.690071556,1758893483.243071556,/xwing/agiros_pilot/telemetry.reference.pose.position.x,-1.4742771682650502
3.690071556,1758893483.243071556,/xwing/agiros_pilot/telemetry.reference.pose.position.x,-1.4742771682650502
3.6980719300000002,1758893483.251071930,/xwing/agiros_pilot/telemetry.reference.pose.position.x,-1.4471219887871376
3.6980719300000002,1758893483.251071930,/xwing/agiros_pilot/telemetry.reference.pose.position.x,-1.4471219887871376
3.6980719300000002,1758893483.251071930,/xwing/agiros_pilot/telemetry.reference.pose.position.x,-1.4471219887871376
3.708073589,1758893483.261073589,/xwing/agiros_pilot/telemetry.reference.pose.position.x,-1.4117027609871247
3.708073589,1758893483.261073589,/xwing/agiros_pilot/telemetry.reference.pose.position.x,-1.4117027609871247
3.708073589,1758893483.261073589,/xwing/agiros_pilot/telemetry.reference.pose.position.x,-1.4117027609871247
3.7110686040000003,1758893483.264068604,/xwing/agiros_pilot/telemetry.reference.pose.position.x,-1.4009920052956935
3.720072481,1758893483.273072481,/xwing/agiros_pilot/telemetry.reference.pose.position.x,-1.3687777856336163
3.720072481,1758893483.273072481,/xwing/agiros_pilot/telemetry.reference.pose.position.x,-1.3687777856336163
3.721052143,1758893483.274052143,/xwing/agiros_pilot/telemetry.reference.pose.position.x,-1.3651049174035867
3.730071756,1758893483.283071756,/xwing/agiros_pilot/telemetry.reference.pose.position.x,-1.33128932285254
3.730071756,1758893483.283071756,/xwing/agiros_pilot/telemetry.reference.pose.position.x,-1.33128932285254
3.731047127,1758893483.284047127,/xwing/agiros_pilot/telemetry.reference.pose.position.x,-1.3276325440915149
3.738077375,1758893483.291077375,/xwing/agiros_pilot/telemetry.reference.pose.position.x,-1.3012753122835607
3.738077375,1758893483.291077375,/xwing/agiros_pilot/telemetry.reference.pose.position.x,-1.3012753122835607
3.741034243,1758893483.294034243,/xwing/agiros_pilot/telemetry.reference.pose.position.x,-1.2900186676950056
3.750072453,1758893483.303072453,/xwing/agiros_pilot/telemetry.reference.pose.position.x,-1.2546560376534899
3.750072453,1758893483.303072453,/xwing/agiros_pilot/telemetry.reference.pose.position.x,-1.2546560376534899
3.751023981,1758893483.304023981,/xwing/agiros_pilot/telemetry.reference.pose.position.x,-1.2509331154847256
3.7580387330000002,1758893483.311038733,/xwing/agiros_pilot/telemetry.reference.pose.position.x,-1.2234874086319607
3.7580387330000002,1758893483.311038733,/xwing/agiros_pilot/telemetry.reference.pose.position.x,-1.2234874086319607
3.768037531,1758893483.321037531,/xwing/agiros_pilot/telemetry.reference.pose.position.x,-1.1831302601640783
3.768037531,1758893483.321037531,/xwing/agiros_pilot/telemetry.reference.pose.position.x,-1.1831302601640783
3.768037531,1758893483.321037531,/xwing/agiros_pilot/telemetry.reference.pose.position.x,-1.1831302601640783
3.7780379980000003,1758893483.331037998,/xwing/agiros_pilot/telemetry.reference.pose.position.x,-1.1424669727101908
3.7780379980000003,1758893483.331037998,/xwing/agiros_pilot/telemetry.reference.pose.position.x,-1.1424669727101908
3.7780379980000003,1758893483.331037998,/xwing/agiros_pilot/telemetry.reference.pose.position.x,-1.1424669727101908
3.780992004,1758893483.333992004,/xwing/agiros_pilot/telemetry.reference.pose.position.x,-1.1303117060878178
3.790034506,1758893483.343034506,/xwing/agiros_pilot/telemetry.reference.pose.position.x,-1.092247875580023
3.790034506,1758893483.343034506,/xwing/agiros_pilot/telemetry.reference.pose.position.x,-1.092247875580023
3.790982935,1758893483.343982935,/xwing/agiros_pilot/telemetry.reference.pose.position.x,-1.088255524016229
3.8000337809999998,1758893483.353033781,/xwing/agiros_pilot/telemetry.reference.pose.position.x,-1.050150494371127
3.8000337809999998,1758893483.353033781,/xwing/agiros_pilot/telemetry.reference.pose.position.x,-1.050150494371127
3.800977442,1758893483.353977442,/xwing/agiros_pilot/telemetry.reference.pose.position.x,-1.046053025346684
3.8100447390000003,1758893483.363044739,/xwing/agiros_pilot/telemetry.reference.pose.position.x,-1.0066819175981747
3.8100447390000003,1758893483.363044739,/xwing/agiros_pilot/telemetry.reference.pose.position.x,-1.0066819175981747
3.810961935,1758893483.363961935,/xwing/agiros_pilot/telemetry.reference.pose.position.x,-1.0026993599081715
3.820037815,1758893483.373037815,/xwing/agiros_pilot/telemetry.reference.pose.position.x,-0.9632849196061134
3.820037815,1758893483.373037815,/xwing/agiros_pilot/telemetry.reference.pose.position.x,-0.9632849196061134
3.828036758,1758893483.381036758,/xwing/agiros_pilot/telemetry.reference.pose.position.x,-0.9275792763527997
3.828036758,1758893483.381036758,/xwing/agiros_pilot/telemetry.reference.pose.position.x,-0.9275792763527997
3.828036758,1758893483.381036758,/xwing/agiros_pilot/telemetry.reference.pose.position.x,-0.9275792763527997
3.838037464,1758893483.391037464,/xwing/agiros_pilot/telemetry.reference.pose.position.x,-0.8829381761470323
3.838037464,1758893483.391037464,/xwing/agiros_pilot/telemetry.reference.pose.position.x,-0.8829381761470323
3.838037464,1758893483.391037464,/xwing/agiros_pilot/telemetry.reference.pose.position.x,-0.8829381761470323
3.840934727,1758893483.393934727,/xwing/agiros_pilot/telemetry.reference.pose.position.x,-0.8699008493174024
3.850092623,1758893483.403092623,/xwing/agiros_pilot/telemetry.reference.pose.position.x,-0.8280106698847163
3.850092623,1758893483.403092623,/xwing/agiros_pilot/telemetry.reference.pose.position.x,-0.8280106698847163
3.858040068,1758893483.411040068,/xwing/agiros_pilot/telemetry.reference.pose.position.x,-0.7916573533553586
3.858040068,1758893483.411040068,/xwing/agiros_pilot/telemetry.reference.pose.position.x,-0.7916573533553586
3.858040068,1758893483.411040068,/xwing/agiros_pilot/telemetry.reference.pose.position.x,-0.7916573533553586
3.8680369590000003,1758893483.421036959,/xwing/agiros_pilot/telemetry.reference.pose.position.x,-0.74513366974831
3.8680369590000003,1758893483.421036959,/xwing/agiros_pilot/telemetry.reference.pose.position.x,-0.74513366974831
3.8680369590000003,1758893483.421036959,/xwing/agiros_pilot/telemetry.reference.pose.position.x,-0.74513366974831
3.870902988,1758893483.423902988,/xwing/agiros_pilot/telemetry.reference.pose.position.x,-0.7317404868675159
3.874234173,1758893483.427234173,/xwing/agiros_pilot/telemetry.reference.pose.position.x,-0.7161735996526042
3.8775634500000002,1758893483.430563450,/xwing/agiros_pilot/telemetry.reference.pose.position.x,-0.7006156256281961
3.880893204,1758893483.433893204,/xwing/agiros_pilot/telemetry.reference.pose.position.x,-0.6849766615159706
3.890037033,1758893483.443037033,/xwing/agiros_pilot/telemetry.reference.pose.position.x,-0.6414512844504742
3.890037033,1758893483.443037033,/xwing/agiros_pilot/telemetry.reference.pose.position.x,-0.6414512844504742
3.890881989,1758893483.443881989,/xwing/agiros_pilot/telemetry.reference.pose.position.x,-0.6374292272873505
3.900034163,1758893483.453034163,/xwing/agiros_pilot/telemetry.reference.pose.position.x,-0.5938606736559047
3.900034163,1758893483.453034163,/xwing/agiros_pilot/telemetry.reference.pose.position.x,-0.5938606736559047
3.9008719650000003,1758893483.453871965,/xwing/agiros_pilot/telemetry.reference.pose.position.x,-0.5898097508758364
3.904202673,1758893483.457202673,/xwing/agiros_pilot/telemetry.reference.pose.position.x,-0.5737052001537101
3.910039875,1758893483.463039875,/xwing/agiros_pilot/telemetry.reference.pose.position.x,-0.5454813121558703
3.910865995,1758893483.463865995,/xwing/agiros_pilot/telemetry.reference.pose.position.x,-0.5414868763468388
3.920032951,1758893483.473032951,/xwing/agiros_pilot/telemetry.reference.pose.position.x,-0.49716023298907497
3.920032951,1758893483.473032951,/xwing/agiros_pilot/telemetry.reference.pose.position.x,-0.49716023298907497
3.920858356,1758893483.473858356,/xwing/agiros_pilot/telemetry.reference.pose.position.x,-0.49311740255672987
3.930080149,1758893483.483080149,/xwing/agiros_pilot/telemetry.reference.pose.position.x,-0.4479491072671062
3.930080149,1758893483.483080149,/xwing/agiros_pilot/telemetry.reference.pose.position.x,-0.4479491072671062
3.930845472,1758893483.483845472,/xwing/agiros_pilot/telemetry.reference.pose.position.x,-0.44420055565306005
3.940033886,1758893483.493033886,/xwing/agiros_pilot/telemetry.reference.pose.position.x,-0.3991934392457378
3.940033886,1758893483.493033886,/xwing/agiros_pilot/telemetry.reference.pose.position.x,-0.3991934392457378
3.9408316350000003,1758893483.493831635,/xwing/agiros_pilot/telemetry.reference.pose.position.x,-0.3952458252552471
3.950055811,1758893483.503055811,/xwing/agiros_pilot/telemetry.reference.pose.position.x,-0.3496005061643641
3.950055811,1758893483.503055811,/xwing/agiros_pilot/telemetry.reference.pose.position.x,-0.3496005061643641
3.950824711,1758893483.503824711,/xwing/agiros_pilot/telemetry.reference.pose.position.x,-0.3457956480892498
3.960038158,1758893483.513038158,/xwing/agiros_pilot/telemetry.reference.pose.position.x,-0.300201520048334
3.960038158,1758893483.513038158,/xwing/agiros_pilot/telemetry.reference.pose.position.x,-0.300201520048334
3.968033049,1758893483.521033049,/xwing/agiros_pilot/telemetry.reference.pose.position.x,-0.2603358619914337
3.968033049,1758893483.521033049,/xwing/agiros_pilot/telemetry.reference.pose.position.x,-0.2603358619914337
3.968033049,1758893483.521033049,/xwing/agiros_pilot/telemetry.reference.pose.position.x,-0.2603358619914337
3.978033278,1758893483.531033278,/xwing/agiros_pilot/telemetry.reference.pose.position.x,-0.21047079887335213
3.978033278,1758893483.531033278,/xwing/agiros_pilot/telemetry.reference.pose.position.x,-0.21047079887335213
3.978033278,1758893483.531033278,/xwing/agiros_pilot/telemetry.reference.pose.position.x,-0.21047079887335213
3.980791542,1758893483.533791542,/xwing/agiros_pilot/telemetry.reference.pose.position.x,-0.196696640326783
3.990048859,1758893483.543048859,/xwing/agiros_pilot/telemetry.reference.pose.position.x,-0.15030133531858472
3.990048859,1758893483.543048859,/xwing/agiros_pilot/telemetry.reference.pose.position.x,-0.15030133531858472
3.99078438,1758893483.543784380,/xwing/agiros_pilot/telemetry.reference.pose.position.x,-0.14661509044503232
4.000032875,1758893483.553032875,/xwing/agiros_pilot/telemetry.reference.pose.position.x,-0.10026342758053569
4.000032875,1758893483.553032875,/xwing/agiros_pilot/telemetry.reference.pose.position.x,-0.10026342758053569
4.000772211,1758893483.553772211,/xwing/agiros_pilot/telemetry.reference.pose.position.x,-0.09654868064599435
4.010032866,1758893483.563032866,/xwing/agiros_pilot/telemetry.reference.pose.position.x,-0.050019109400765704
4.010032866,1758893483.563032866,/xwing/agiros_pilot/telemetry.reference.pose.position.x,-0.050019109400765704
4.018033001,1758893483.571033001,/xwing/agiros_pilot/telemetry.reference.pose.position.x,-0.00982293610552737
4.018033001,1758893483.571033001,/xwing/agiros_pilot/telemetry.reference.pose.position.x,-0.00982293610552737
4.018033001,1758893483.571033001,/xwing/agiros_pilot/telemetry.reference.pose.position.x,-0.00982293610552737
4.020753357,1758893483.573753357,/xwing/agiros_pilot/telemetry.reference.pose.position.x,0.0038453201096021053
4.030036423,1758893483.583036423,/xwing/agiros_pilot/telemetry.reference.pose.position.x,0.050487495744333144
4.030036423,1758893483.583036423,/xwing/agiros_pilot/telemetry.reference.pose.position.x,0.050487495744333144
4.030741426,1758893483.583741426,/xwing/agiros_pilot/telemetry.reference.pose.position.x,0.054029742337509123
4.040036175,1758893483.593036175,/xwing/agiros_pilot/telemetry.reference.pose.position.x,0.10073000474348033
4.040036175,1758893483.593036175,/xwing/agiros_pilot/telemetry.reference.pose.position.x,0.10073000474348033
4.048032495,1758893483.601032495,/xwing/agiros_pilot/telemetry.reference.pose.position.x,0.14080552072859323
4.048032495,1758893483.601032495,/xwing/agiros_pilot/telemetry.reference.pose.position.x,0.14080552072859323
4.048032495,1758893483.601032495,/xwing/agiros_pilot/telemetry.reference.pose.position.x,0.14080552072859323
4.05072138,1758893483.603721380,/xwing/agiros_pilot/telemetry.reference.pose.position.x,0.15428152386762845
4.060037109,1758893483.613037109,/xwing/agiros_pilot/telemetry.reference.pose.position.x,0.20096833250145468
4.060037109,1758893483.613037109,/xwing/agiros_pilot/telemetry.reference.pose.position.x,0.20096833250145468
4.060711834,1758893483.613711834,/xwing/agiros_pilot/telemetry.reference.pose.position.x,0.20433277386670767
4.070040199,1758893483.623040199,/xwing/agiros_pilot/telemetry.reference.pose.position.x,0.25084766180200374
4.070040199,1758893483.623040199,/xwing/agiros_pilot/telemetry.reference.pose.position.x,0.25084766180200374
4.070702526,1758893483.623702526,/xwing/agiros_pilot/telemetry.reference.pose.position.x,0.2541502830432309
4.074030849,1758893483.627030849,/xwing/agiros_pilot/telemetry.reference.pose.position.x,0.2707466086470936
4.077361557,1758893483.630361557,/xwing/agiros_pilot/telemetry.reference.pose.position.x,0.28735482273634594
4.080700371,1758893483.633700371,/xwing/agiros_pilot/telemetry.reference.pose.position.x,0.3039764234906436
4.084022734,1758893483.637022734,/xwing/agiros_pilot/telemetry.reference.pose.position.x,0.32041694977799795
4.090033028,1758893483.643033028,/xwing/agiros_pilot/telemetry.reference.pose.position.x,0.3501585520153799
4.098034355,1758893483.651034355,/xwing/agiros_pilot/telemetry.reference.pose.position.x,0.38975267201563923
4.098034355,1758893483.651034355,/xwing/agiros_pilot/telemetry.reference.pose.position.x,0.38975267201563923
4.098034355,1758893483.651034355,/xwing/agiros_pilot/telemetry.reference.pose.position.x,0.38975267201563923
4.100672457,1758893483.653672457,/xwing/agiros_pilot/telemetry.reference.pose.position.x,0.4027726375658622
4.110033247,1758893483.663033247,/xwing/agiros_pilot/telemetry.reference.pose.position.x,0.4486217445660743
4.110033247,1758893483.663033247,/xwing/agiros_pilot/telemetry.reference.pose.position.x,0.4486217445660743
4.110669586,1758893483.663669586,/xwing/agiros_pilot/telemetry.reference.pose.position.x,0.4517385309392485
4.120034906,1758893483.673034906,/xwing/agiros_pilot/telemetry.reference.pose.position.x,0.49760687500918427
4.120034906,1758893483.673034906,/xwing/agiros_pilot/telemetry.reference.pose.position.x,0.49760687500918427
4.120653126,1758893483.673653126,/xwing/agiros_pilot/telemetry.reference.pose.position.x,0.500596073292826
4.130039188,1758893483.683039188,/xwing/agiros_pilot/telemetry.reference.pose.position.x,0.5459793197372551
4.130039188,1758893483.683039188,/xwing/agiros_pilot/telemetry.reference.pose.position.x,0.5459793197372551
4.130642387,1758893483.683642387,/xwing/agiros_pilot/telemetry.reference.pose.position.x,0.548895891915278
4.140035841,1758893483.693035841,/xwing/agiros_pilot/telemetry.reference.pose.position.x,0.5943112764412554
4.140035841,1758893483.693035841,/xwing/agiros_pilot/telemetry.reference.pose.position.x,0.5943112764412554
4.140631649,1758893483.693631649,/xwing/agiros_pilot/telemetry.reference.pose.position.x,0.597147371489406
4.150034163,1758893483.703034163,/xwing/agiros_pilot/telemetry.reference.pose.position.x,0.6419041063489175
4.150034163,1758893483.703034163,/xwing/agiros_pilot/telemetry.reference.pose.position.x,0.6419041063489175
4.15804455,1758893483.711044550,/xwing/agiros_pilot/telemetry.reference.pose.position.x,0.680034206960269
4.15804455,1758893483.711044550,/xwing/agiros_pilot/telemetry.reference.pose.position.x,0.680034206960269
4.15804455,1758893483.711044550,/xwing/agiros_pilot/telemetry.reference.pose.position.x,0.680034206960269
4.16061208,1758893483.713612080,/xwing/agiros_pilot/telemetry.reference.pose.position.x,0.6922015737925945
4.170042727,1758893483.723042727,/xwing/agiros_pilot/telemetry.reference.pose.position.x,0.7362717300898917
4.170042727,1758893483.723042727,/xwing/agiros_pilot/telemetry.reference.pose.position.x,0.7362717300898917
4.170603249,1758893483.723603249,/xwing/agiros_pilot/telemetry.reference.pose.position.x,0.7388910939492002
4.178052876,1758893483.731052876,/xwing/agiros_pilot/telemetry.reference.pose.position.x,0.7737037877594731
4.178052876,1758893483.731052876,/xwing/agiros_pilot/telemetry.reference.pose.position.x,0.7737037877594731
4.180594656,1758893483.733594656,/xwing/agiros_pilot/telemetry.reference.pose.position.x,0.7855217633033339
4.188077185,1758893483.741077185,/xwing/agiros_pilot/telemetry.reference.pose.position.x,0.8197484533482543
4.188077185,1758893483.741077185,/xwing/agiros_pilot/telemetry.reference.pose.position.x,0.8197484533482543
4.190583918,1758893483.743583918,/xwing/agiros_pilot/telemetry.reference.pose.position.x,0.8312147871212691
4.200041744,1758893483.753041744,/xwing/agiros_pilot/telemetry.reference.pose.position.x,0.8744709899257703
4.200041744,1758893483.753041744,/xwing/agiros_pilot/telemetry.reference.pose.position.x,0.8744709899257703
4.200572702,1758893483.753572702,/xwing/agiros_pilot/telemetry.reference.pose.position.x,0.876841078376594
4.203902218,1758893483.756902218,/xwing/agiros_pilot/telemetry.reference.pose.position.x,0.8917033528335995
4.210041019,1758893483.763041019,/xwing/agiros_pilot/telemetry.reference.pose.position.x,0.9191057046215677
4.210562918,1758893483.763562918,/xwing/agiros_pilot/telemetry.reference.pose.position.x,0.9214353515092429
4.220044109,1758893483.773044109,/xwing/agiros_pilot/telemetry.reference.pose.position.x,0.9637506289565249
4.220044109,1758893483.773044109,/xwing/agiros_pilot/telemetry.reference.pose.position.x,0.9637506289565249
4.220550987,1758893483.773550987,/xwing/agiros_pilot/telemetry.reference.pose.position.x,0.9659515433440857
4.223881456,1758893483.776881456,/xwing/agiros_pilot/telemetry.reference.pose.position.x,0.9804127724503126
4.230041716,1758893483.783041716,/xwing/agiros_pilot/telemetry.reference.pose.position.x,1.0071612324436328
4.230546209,1758893483.783546209,/xwing/agiros_pilot/telemetry.reference.pose.position.x,1.0093517944587216
4.233879301,1758893483.786879301,/xwing/agiros_pilot/telemetry.reference.pose.position.x,1.0238244111746677
4.24003956,1758893483.793039560,/xwing/agiros_pilot/telemetry.reference.pose.position.x,1.0505660391930236
4.240531895,1758893483.793531895,/xwing/agiros_pilot/telemetry.reference.pose.position.x,1.0526384891626652
4.248039219,1758893483.801039219,/xwing/agiros_pilot/telemetry.reference.pose.position.x,1.0842400894745656
4.248039219,1758893483.801039219,/xwing/agiros_pilot/telemetry.reference.pose.position.x,1.0842400894745656
4.258072111,1758893483.811072111,/xwing/agiros_pilot/telemetry.reference.pose.position.x,1.1264729065072474
4.258072111,1758893483.811072111,/xwing/agiros_pilot/telemetry.reference.pose.position.x,1.1264729065072474
4.258072111,1758893483.811072111,/xwing/agiros_pilot/telemetry.reference.pose.position.x,1.1264729065072474
4.260513279,1758893483.813513279,/xwing/agiros_pilot/telemetry.reference.pose.position.x,1.1366735812255226
4.270039293,1758893483.823039293,/xwing/agiros_pilot/telemetry.reference.pose.position.x,1.1754076770705597
4.270039293,1758893483.823039293,/xwing/agiros_pilot/telemetry.reference.pose.position.x,1.1754076770705597
4.270505878,1758893483.823505878,/xwing/agiros_pilot/telemetry.reference.pose.position.x,1.177304877059766
4.273831818,1758893483.826831818,/xwing/agiros_pilot/telemetry.reference.pose.position.x,1.1908286071821101
4.27716181,1758893483.830161810,/xwing/agiros_pilot/telemetry.reference.pose.position.x,1.2043688178357865
4.280491325,1758893483.833491325,/xwing/agiros_pilot/telemetry.reference.pose.position.x,1.2178297982702586
4.28382251,1758893483.836822510,/xwing/agiros_pilot/telemetry.reference.pose.position.x,1.230863290763863
4.287160131,1758893483.840160131,/xwing/agiros_pilot/telemetry.reference.pose.position.x,1.2439219696514932
4.290483448,1758893483.843483448,/xwing/agiros_pilot/telemetry.reference.pose.position.x,1.2569246787746218
4.300034258,1758893483.853034258,/xwing/agiros_pilot/telemetry.reference.pose.position.x,1.2942853318603849
4.300034258,1758893483.853034258,/xwing/agiros_pilot/telemetry.reference.pose.position.x,1.2942853318603849
4.3004719940000005,1758893483.853471994,/xwing/agiros_pilot/telemetry.reference.pose.position.x,1.2959264576988696
4.310033056,1758893483.863033056,/xwing/agiros_pilot/telemetry.reference.pose.position.x,1.3317720069226837
4.310033056,1758893483.863033056,/xwing/agiros_pilot/telemetry.reference.pose.position.x,1.3317720069226837
4.310470078,1758893483.863470078,/xwing/agiros_pilot/telemetry.reference.pose.position.x,1.3334104511830012
4.3200337619999996,1758893483.873033762,/xwing/agiros_pilot/telemetry.reference.pose.position.x,1.3692579170868606
4.3200337619999996,1758893483.873033762,/xwing/agiros_pilot/telemetry.reference.pose.position.x,1.3692579170868606
4.320453379,1758893483.873453379,/xwing/agiros_pilot/telemetry.reference.pose.position.x,1.3707585483571139
4.330033991,1758893483.883033991,/xwing/agiros_pilot/telemetry.reference.pose.position.x,1.405020688677482
4.330033991,1758893483.883033991,/xwing/agiros_pilot/telemetry.reference.pose.position.x,1.405020688677482
4.330446455,1758893483.883446455,/xwing/agiros_pilot/telemetry.reference.pose.position.x,1.4064957410056287
4.340033266,1758893483.893033266,/xwing/agiros_pilot/telemetry.reference.pose.position.x,1.44077180719925
4.340033266,1758893483.893033266,/xwing/agiros_pilot/telemetry.reference.pose.position.x,1.44077180719925
4.348035547,1758893483.901035547,/xwing/agiros_pilot/telemetry.reference.pose.position.x,1.4679334606739383
4.348035547,1758893483.901035547,/xwing/agiros_pilot/telemetry.reference.pose.position.x,1.4679334606739383
4.348035547,1758893483.901035547,/xwing/agiros_pilot/telemetry.reference.pose.position.x,1.4679334606739383
4.350425217,1758893483.903425217,/xwing/agiros_pilot/telemetry.reference.pose.position.x,1.4760445693849618
4.360038254,1758893483.913038254,/xwing/agiros_pilot/telemetry.reference.pose.position.x,1.5086639282424779
4.360038254,1758893483.913038254,/xwing/agiros_pilot/telemetry.reference.pose.position.x,1.5086639282424779
4.360411856,1758893483.913411856,/xwing/agiros_pilot/telemetry.reference.pose.position.x,1.5098608397544013
4.370036814,1758893483.923036814,/xwing/agiros_pilot/telemetry.reference.pose.position.x,1.5406963967016587
4.370036814,1758893483.923036814,/xwing/agiros_pilot/telemetry.reference.pose.position.x,1.5406963967016587
4.37040374,1758893483.923403740,/xwing/agiros_pilot/telemetry.reference.pose.position.x,1.54187192115402
4.380034182,1758893483.933034182,/xwing/agiros_pilot/telemetry.reference.pose.position.x,1.57271585741412
4.380034182,1758893483.933034182,/xwing/agiros_pilot/telemetry.reference.pose.position.x,1.57271585741412
4.380392525,1758893483.933392525,/xwing/agiros_pilot/telemetry.reference.pose.position.x,1.5737926960262194
4.388066504,1758893483.941066504,/xwing/agiros_pilot/telemetry.reference.pose.position.x,1.596853377601497
4.388066504,1758893483.941066504,/xwing/agiros_pilot/telemetry.reference.pose.position.x,1.596853377601497
4.390383932,1758893483.943383932,/xwing/agiros_pilot/telemetry.reference.pose.position.x,1.6038173638354332
4.400073025,1758893483.953073025,/xwing/agiros_pilot/telemetry.reference.pose.position.x,1.6329160611755258
4.400073025,1758893483.953073025,/xwing/agiros_pilot/telemetry.reference.pose.position.x,1.6329160611755258
4.40037224,1758893483.953372240,/xwing/agiros_pilot/telemetry.reference.pose.position.x,1.633753525993373
4.410072062,1758893483.963072062,/xwing/agiros_pilot/telemetry.reference.pose.position.x,1.660902066749782
4.410072062,1758893483.963072062,/xwing/agiros_pilot/telemetry.reference.pose.position.x,1.660902066749782
4.410362932,1758893483.963362932,/xwing/agiros_pilot/telemetry.reference.pose.position.x,1.6617161759750996
4.420073244,1758893483.973073244,/xwing/agiros_pilot/telemetry.reference.pose.position.x,1.6888759242227502
4.420073244,1758893483.973073244,/xwing/agiros_pilot/telemetry.reference.pose.position.x,1.6888759242227502
4.420352671,1758893483.973352671,/xwing/agiros_pilot/telemetry.reference.pose.position.x,1.6895984054898108
4.430073235,1758893483.983073235,/xwing/agiros_pilot/telemetry.reference.pose.position.x,1.714731753390261
4.430073235,1758893483.983073235,/xwing/agiros_pilot/telemetry.reference.pose.position.x,1.714731753390261
4.430342171,1758893483.983342171,/xwing/agiros_pilot/telemetry.reference.pose.position.x,1.7154271107872272
4.440072271,1758893483.993072271,/xwing/agiros_pilot/telemetry.reference.pose.position.x,1.7405666166353118
4.440072271,1758893483.993072271,/xwing/agiros_pilot/telemetry.reference.pose.position.x,1.7405666166353118
4.440332148,1758893483.993332148,/xwing/agiros_pilot/telemetry.reference.pose.position.x,1.7411814238673906
4.450071547,1758893484.003071547,/xwing/agiros_pilot/telemetry.reference.pose.position.x,1.764222593987053
4.450071547,1758893484.003071547,/xwing/agiros_pilot/telemetry.reference.pose.position.x,1.764222593987053
4.450324747,1758893484.003324747,/xwing/agiros_pilot/telemetry.reference.pose.position.x,1.764821608005831
4.458044979,1758893484.011044979,/xwing/agiros_pilot/telemetry.reference.pose.position.x,1.7830858951452382
4.458044979,1758893484.011044979,/xwing/agiros_pilot/telemetry.reference.pose.position.x,1.7830858951452382
4.468041155,1758893484.021041155,/xwing/agiros_pilot/telemetry.reference.pose.position.x,1.8049162198796556
4.468041155,1758893484.021041155,/xwing/agiros_pilot/telemetry.reference.pose.position.x,1.8049162198796556
4.468041155,1758893484.021041155,/xwing/agiros_pilot/telemetry.reference.pose.position.x,1.8049162198796556
4.470304939,1758893484.023304939,/xwing/agiros_pilot/telemetry.reference.pose.position.x,1.8097606661929702
4.480071518,1758893484.033071518,/xwing/agiros_pilot/telemetry.reference.pose.position.x,1.8306416261574225
4.480071518,1758893484.033071518,/xwing/agiros_pilot/telemetry.reference.pose.position.x,1.8306416261574225
4.480291578,1758893484.033291578,/xwing/agiros_pilot/telemetry.reference.pose.position.x,1.8310616726862436
4.483621809,1758893484.036621809,/xwing/agiros_pilot/telemetry.reference.pose.position.x,1.837418346483182
4.486958715,1758893484.039958715,/xwing/agiros_pilot/telemetry.reference.pose.position.x,1.8437877627533672
4.4902899000000005,1758893484.043289900,/xwing/agiros_pilot/telemetry.reference.pose.position.x,1.8501462569036262
4.493617031,1758893484.046617031,/xwing/agiros_pilot/telemetry.reference.pose.position.x,1.8564970145522712
4.498038742,1758893484.051038742,/xwing/agiros_pilot/telemetry.reference.pose.position.x,1.864937082725096
4.500277016,1758893484.053277016,/xwing/agiros_pilot/telemetry.reference.pose.position.x,1.8691412508978291
4.508062098,1758893484.061062098,/xwing/agiros_pilot/telemetry.reference.pose.position.x,1.8821638164880325
4.508062098,1758893484.061062098,/xwing/agiros_pilot/telemetry.reference.pose.position.x,1.8821638164880325
4.510269377,1758893484.063269377,/xwing/agiros_pilot/telemetry.reference.pose.position.x,1.8858560625981635
4.520057652,1758893484.073057652,/xwing/agiros_pilot/telemetry.reference.pose.position.x,1.902212761645957
4.520057652,1758893484.073057652,/xwing/agiros_pilot/telemetry.reference.pose.position.x,1.902212761645957
4.520251963,1758893484.073251963,/xwing/agiros_pilot/telemetry.reference.pose.position.x,1.9024911150033366
4.528059694,1758893484.081059694,/xwing/agiros_pilot/telemetry.reference.pose.position.x,1.913675796902065
4.528059694,1758893484.081059694,/xwing/agiros_pilot/telemetry.reference.pose.position.x,1.913675796902065
4.530243847,1758893484.083243847,/xwing/agiros_pilot/telemetry.reference.pose.position.x,1.9168046252541555
4.540033791,1758893484.093033791,/xwing/agiros_pilot/telemetry.reference.pose.position.x,1.930817689727419
4.540033791,1758893484.093033791,/xwing/agiros_pilot/telemetry.reference.pose.position.x,1.930817689727419
4.540231916,1758893484.093231916,/xwing/agiros_pilot/telemetry.reference.pose.position.x,1.9310531919283755
4.548031542,1758893484.101031542,/xwing/agiros_pilot/telemetry.reference.pose.position.x,1.9403242135915413
4.548031542,1758893484.101031542,/xwing/agiros_pilot/telemetry.reference.pose.position.x,1.9403242135915413
4.550225231,1758893484.103225231,/xwing/agiros_pilot/telemetry.reference.pose.position.x,1.9429317415710845
4.558039162,1758893484.111039162,/xwing/agiros_pilot/telemetry.reference.pose.position.x,1.952219767003272
4.558039162,1758893484.111039162,/xwing/agiros_pilot/telemetry.reference.pose.position.x,1.952219767003272
4.560215923,1758893484.113215923,/xwing/agiros_pilot/telemetry.reference.pose.position.x,1.9547509059955892
4.570035908,1758893484.123035908,/xwing/agiros_pilot/telemetry.reference.pose.position.x,1.9639992000257476
4.570035908,1758893484.123035908,/xwing/agiros_pilot/telemetry.reference.pose.position.x,1.9639992000257476
4.570203754,1758893484.123203754,/xwing/agiros_pilot/telemetry.reference.pose.position.x,1.9641572751689258
4.58003256,1758893484.133032560,/xwing/agiros_pilot/telemetry.reference.pose.position.x,1.9734027646883059
4.58003256,1758893484.133032560,/xwing/agiros_pilot/telemetry.reference.pose.position.x,1.9734027646883059
4.580192301,1758893484.133192301,/xwing/agiros_pilot/telemetry.reference.pose.position.x,1.9735133909055322
4.590033266,1758893484.143033266,/xwing/agiros_pilot/telemetry.reference.pose.position.x,1.980328626341717
4.590033266,1758893484.143033266,/xwing/agiros_pilot/telemetry.reference.pose.position.x,1.980328626341717
4.590182993,1758893484.143182993,/xwing/agiros_pilot/telemetry.reference.pose.position.x,1.9804323177811474
4.6000320640000005,1758893484.153032064,/xwing/agiros_pilot/telemetry.reference.pose.position.x,1.9872420963353707
4.6000320640000005,1758893484.153032064,/xwing/agiros_pilot/telemetry.reference.pose.position.x,1.9872420963353707
4.600172016,1758893484.153172016,/xwing/agiros_pilot/telemetry.reference.pose.position.x,1.9873038909211693
4.610033009,1758893484.163033009,/xwing/agiros_pilot/telemetry.reference.pose.position.x,1.991657935331101
4.610033009,1758893484.163033009,/xwing/agiros_pilot/telemetry.reference.pose.position.x,1.991657935331101
4.610164377,1758893484.163164377,/xwing/agiros_pilot/telemetry.reference.pose.position.x,1.9917159401296956
4.620033476,1758893484.173033476,/xwing/agiros_pilot/telemetry.reference.pose.position.x,1.9960620831902134
4.620033476,1758893484.173033476,/xwing/agiros_pilot/telemetry.reference.pose.position.x,1.9960620831902134
4.628060791,1758893484.181060791,/xwing/agiros_pilot/telemetry.reference.pose.position.x,1.9975827116108513
4.628060791,1758893484.181060791,/xwing/agiros_pilot/telemetry.reference.pose.position.x,1.9975827116108513
4.628060791,1758893484.181060791,/xwing/agiros_pilot/telemetry.reference.pose.position.x,1.9975827116108513
4.630128834,1758893484.183128834,/xwing/agiros_pilot/telemetry.reference.pose.position.x,1.9979744645860096
4.640032742,1758893484.193032742,/xwing/agiros_pilot/telemetry.reference.pose.position.x,1.9998392575648585
4.640032742,1758893484.193032742,/xwing/agiros_pilot/telemetry.reference.pose.position.x,1.9998392575648585
4.640131447,1758893484.193131447,/xwing/agiros_pilot/telemetry.reference.pose.position.x,1.999833023687686
4.650032255,1758893484.203032255,/xwing/agiros_pilot/telemetry.reference.pose.position.x,1.9992077236458174
4.650032255,1758893484.203032255,/xwing/agiros_pilot/telemetry.reference.pose.position.x,1.9992077236458174
4.650137398,1758893484.203137398,/xwing/agiros_pilot/telemetry.reference.pose.position.x,1.9992010832114382
4.660036299,1758893484.213036299,/xwing/agiros_pilot/telemetry.reference.pose.position.x,1.998563746453568
4.660036299,1758893484.213036299,/xwing/agiros_pilot/telemetry.reference.pose.position.x,1.998563746453568
4.660111401,1758893484.213111401,/xwing/agiros_pilot/telemetry.reference.pose.position.x,1.9985400453115019
4.670034382,1758893484.223034382,/xwing/agiros_pilot/telemetry.reference.pose.position.x,1.9954084848899176
4.670034382,1758893484.223034382,/xwing/agiros_pilot/telemetry.reference.pose.position.x,1.9954084848899176
4.670102093,1758893484.223102093,/xwing/agiros_pilot/telemetry.reference.pose.position.x,1.9953871162411976
4.680059883,1758893484.233059883,/xwing/agiros_pilot/telemetry.reference.pose.position.x,1.9922265123946012
4.680059883,1758893484.233059883,/xwing/agiros_pilot/telemetry.reference.pose.position.x,1.9922265123946012
4.680101368,1758893484.233101368,/xwing/agiros_pilot/telemetry.reference.pose.position.x,1.992202981413992
4.683423731,1758893484.236423731,/xwing/agiros_pilot/telemetry.reference.pose.position.x,1.9903184744324391
4.686752293,1758893484.239752293,/xwing/agiros_pilot/telemetry.reference.pose.position.x,1.988430451327347
4.690080616,1758893484.243080616,/xwing/agiros_pilot/telemetry.reference.pose.position.x,1.9865425634577754
4.693416807,1758893484.246416807,/xwing/agiros_pilot/telemetry.reference.pose.position.x,1.9846502128160195
4.696744177,1758893484.249744177,/xwing/agiros_pilot/telemetry.reference.pose.position.x,1.982762865888531
4.700073454,1758893484.253073454,/xwing/agiros_pilot/telemetry.reference.pose.position.x,1.9808530815952783
4.710035059,1758893484.263035059,/xwing/agiros_pilot/telemetry.reference.pose.position.x,1.9727102835476562
4.710035059,1758893484.263035059,/xwing/agiros_pilot/telemetry.reference.pose.position.x,1.9727102835476562
4.710061523,1758893484.263061523,/xwing/agiros_pilot/telemetry.reference.pose.position.x,1.9726886510125146
4.720032904,1758893484.273032904,/xwing/agiros_pilot/telemetry.reference.pose.position.x,1.964526740511593
4.720032904,1758893484.273032904,/xwing/agiros_pilot/telemetry.reference.pose.position.x,1.964526740511593
4.720053646,1758893484.273053646,/xwing/agiros_pilot/telemetry.reference.pose.position.x,1.9645046383717883
4.730032894,1758893484.283032894,/xwing/agiros_pilot/telemetry.reference.pose.position.x,1.9538712226975785
4.730032894,1758893484.283032894,/xwing/agiros_pilot/telemetry.reference.pose.position.x,1.9538712226975785
4.7300441,1758893484.283044100,/xwing/agiros_pilot/telemetry.reference.pose.position.x,1.9538592824611323
4.733371469,1758893484.286371469,/xwing/agiros_pilot/telemetry.reference.pose.position.x,1.9503137943793931
4.740033838,1758893484.293033838,/xwing/agiros_pilot/telemetry.reference.pose.position.x,1.943203453211551
4.740033838,1758893484.293033838,/xwing/agiros_pilot/telemetry.reference.pose.position.x,1.943203453211551
4.750032637,1758893484.303032637,/xwing/agiros_pilot/telemetry.reference.pose.position.x,1.9300950721428412
4.750032637,1758893484.303032637,/xwing/agiros_pilot/telemetry.reference.pose.position.x,1.9300950721428412
4.750032637,1758893484.303032637,/xwing/agiros_pilot/telemetry.reference.pose.position.x,1.9300950721428412
4.7600409720000005,1758893484.313040972,/xwing/agiros_pilot/telemetry.reference.pose.position.x,1.916961372703859
4.7600409720000005,1758893484.313040972,/xwing/agiros_pilot/telemetry.reference.pose.position.x,1.916961372703859
4.7600409720000005,1758893484.313040972,/xwing/agiros_pilot/telemetry.reference.pose.position.x,1.916961372703859
4.768070433,1758893484.321070433,/xwing/agiros_pilot/telemetry.reference.pose.position.x,1.904490601830834
4.768070433,1758893484.321070433,/xwing/agiros_pilot/telemetry.reference.pose.position.x,1.904490601830834
4.770001623,1758893484.323001623,/xwing/agiros_pilot/telemetry.reference.pose.position.x,1.9014912181360923
4.778074953,1758893484.331074953,/xwing/agiros_pilot/telemetry.reference.pose.position.x,1.8889523131149397
4.778074953,1758893484.331074953,/xwing/agiros_pilot/telemetry.reference.pose.position.x,1.8889523131149397
4.779992792,1758893484.332992792,/xwing/agiros_pilot/telemetry.reference.pose.position.x,1.8859725300366608
4.783320877,1758893484.336320877,/xwing/agiros_pilot/telemetry.reference.pose.position.x,1.8800108162745004
4.790071222,1758893484.343071222,/xwing/agiros_pilot/telemetry.reference.pose.position.x,1.8679186892060822
4.790071222,1758893484.343071222,/xwing/agiros_pilot/telemetry.reference.pose.position.x,1.8679186892060822
4.7980725500000005,1758893484.351072550,/xwing/agiros_pilot/telemetry.reference.pose.position.x,1.8535856342696178
4.7980725500000005,1758893484.351072550,/xwing/agiros_pilot/telemetry.reference.pose.position.x,1.8535856342696178
4.799982283,1758893484.352982283,/xwing/agiros_pilot/telemetry.reference.pose.position.x,1.8501646637677978
4.810038063,1758893484.363038063,/xwing/agiros_pilot/telemetry.reference.pose.position.x,1.8298028709301333
4.810038063,1758893484.363038063,/xwing/agiros_pilot/telemetry.reference.pose.position.x,1.8298028709301333
4.810038063,1758893484.363038063,/xwing/agiros_pilot/telemetry.reference.pose.position.x,1.8298028709301333
4.820036146,1758893484.373036146,/xwing/agiros_pilot/telemetry.reference.pose.position.x,1.8095455710441857
4.820036146,1758893484.373036146,/xwing/agiros_pilot/telemetry.reference.pose.position.x,1.8095455710441857
4.820036146,1758893484.373036146,/xwing/agiros_pilot/telemetry.reference.pose.position.x,1.8095455710441857
4.830033514,1758893484.383033514,/xwing/agiros_pilot/telemetry.reference.pose.position.x,1.7870156552743381
4.830033514,1758893484.383033514,/xwing/agiros_pilot/telemetry.reference.pose.position.x,1.7870156552743381
4.830033514,1758893484.383033514,/xwing/agiros_pilot/telemetry.reference.pose.position.x,1.7870156552743381
4.840042803,1758893484.393042803,/xwing/agiros_pilot/telemetry.reference.pose.position.x,1.76444665306647
4.840042803,1758893484.393042803,/xwing/agiros_pilot/telemetry.reference.pose.position.x,1.76444665306647
4.840042803,1758893484.393042803,/xwing/agiros_pilot/telemetry.reference.pose.position.x,1.76444665306647
4.84803507,1758893484.401035070,/xwing/agiros_pilot/telemetry.reference.pose.position.x,1.744654126932696
4.84803507,1758893484.401035070,/xwing/agiros_pilot/telemetry.reference.pose.position.x,1.744654126932696
4.849926207,1758893484.402926207,/xwing/agiros_pilot/telemetry.reference.pose.position.x,1.7399708050159521
4.860041115,1758893484.413041115,/xwing/agiros_pilot/telemetry.reference.pose.position.x,1.7149101285709225
4.860041115,1758893484.413041115,/xwing/agiros_pilot/telemetry.reference.pose.position.x,1.7149101285709225
4.860041115,1758893484.413041115,/xwing/agiros_pilot/telemetry.reference.pose.position.x,1.7149101285709225
4.870033714,1758893484.423033714,/xwing/agiros_pilot/telemetry.reference.pose.position.x,1.6879992760497995
4.870033714,1758893484.423033714,/xwing/agiros_pilot/telemetry.reference.pose.position.x,1.6879992760497995
4.870033714,1758893484.423033714,/xwing/agiros_pilot/telemetry.reference.pose.position.x,1.6879992760497995
4.878032181,1758893484.431032181,/xwing/agiros_pilot/telemetry.reference.pose.position.x,1.6664587797628498
4.878032181,1758893484.431032181,/xwing/agiros_pilot/telemetry.reference.pose.position.x,1.6664587797628498
4.879899237,1758893484.432899237,/xwing/agiros_pilot/telemetry.reference.pose.position.x,1.6614306521122268
4.890035364,1758893484.443035364,/xwing/agiros_pilot/telemetry.reference.pose.position.x,1.6320255030781337
4.890035364,1758893484.443035364,/xwing/agiros_pilot/telemetry.reference.pose.position.x,1.6320255030781337
4.890035364,1758893484.443035364,/xwing/agiros_pilot/telemetry.reference.pose.position.x,1.6320255030781337
4.893218967,1758893484.446218967,/xwing/agiros_pilot/telemetry.reference.pose.position.x,1.6227839497270575
4.896542999,1758893484.449542999,/xwing/agiros_pilot/telemetry.reference.pose.position.x,1.6131347520321049
4.899878714,1758893484.452878714,/xwing/agiros_pilot/telemetry.reference.pose.position.x,1.6034516416498008
4.903207037,1758893484.456207037,/xwing/agiros_pilot/telemetry.reference.pose.position.x,1.5931381045908164
4.910033199,1758893484.463033199,/xwing/agiros_pilot/telemetry.reference.pose.position.x,1.5719402958998672
4.910033199,1758893484.463033199,/xwing/agiros_pilot/telemetry.reference.pose.position.x,1.5719402958998672
4.920038435,1758893484.473038435,/xwing/agiros_pilot/telemetry.reference.pose.position.x,1.5408604739056977
4.920038435,1758893484.473038435,/xwing/agiros_pilot/telemetry.reference.pose.position.x,1.5408604739056977
4.920038435,1758893484.473038435,/xwing/agiros_pilot/telemetry.reference.pose.position.x,1.5408604739056977
4.928069565,1758893484.481069565,/xwing/agiros_pilot/telemetry.reference.pose.position.x,1.5143576194438724
4.928069565,1758893484.481069565,/xwing/agiros_pilot/telemetry.reference.pose.position.x,1.5143576194438724
4.929848644,1758893484.482848644,/xwing/agiros_pilot/telemetry.reference.pose.position.x,1.5084866293891257
4.940033171,1758893484.493033171,/xwing/agiros_pilot/telemetry.reference.pose.position.x,1.474869137348761
4.940033171,1758893484.493033171,/xwing/agiros_pilot/telemetry.reference.pose.position.x,1.474869137348761
4.940033171,1758893484.493033171,/xwing/agiros_pilot/telemetry.reference.pose.position.x,1.474869137348761
4.948058578,1758893484.501058578,/xwing/agiros_pilot/telemetry.reference.pose.position.x,1.4468900130611695
4.948058578,1758893484.501058578,/xwing/agiros_pilot/telemetry.reference.pose.position.x,1.4468900130611695
4.949828121,1758893484.502828121,/xwing/agiros_pilot/telemetry.reference.pose.position.x,1.4407208243721081
4.960040781,1758893484.513040781,/xwing/agiros_pilot/telemetry.reference.pose.position.x,1.405106891398414
4.960040781,1758893484.513040781,/xwing/agiros_pilot/telemetry.reference.pose.position.x,1.405106891398414
4.960040781,1758893484.513040781,/xwing/agiros_pilot/telemetry.reference.pose.position.x,1.405106891398414
4.970033381,1758893484.523033381,/xwing/agiros_pilot/telemetry.reference.pose.position.x,1.368495868192993
4.970033381,1758893484.523033381,/xwing/agiros_pilot/telemetry.reference.pose.position.x,1.368495868192993
4.970033381,1758893484.523033381,/xwing/agiros_pilot/telemetry.reference.pose.position.x,1.368495868192993
4.978031609,1758893484.531031609,/xwing/agiros_pilot/telemetry.reference.pose.position.x,1.3391918503586675
4.978031609,1758893484.531031609,/xwing/agiros_pilot/telemetry.reference.pose.position.x,1.3391918503586675
4.979795191,1758893484.532795191,/xwing/agiros_pilot/telemetry.reference.pose.position.x,1.3327304135708622
4.990034315,1758893484.543034315,/xwing/agiros_pilot/telemetry.reference.pose.position.x,1.2935259839357895
4.990034315,1758893484.543034315,/xwing/agiros_pilot/telemetry.reference.pose.position.x,1.2935259839357895
4.990034315,1758893484.543034315,/xwing/agiros_pilot/telemetry.reference.pose.position.x,1.2935259839357895
5.000032637,1758893484.553032637,/xwing/agiros_pilot/telemetry.reference.pose.position.x,1.2552048039207728
5.000032637,1758893484.553032637,/xwing/agiros_pilot/telemetry.reference.pose.position.x,1.2552048039207728
5.000032637,1758893484.553032637,/xwing/agiros_pilot/telemetry.reference.pose.position.x,1.2552048039207728
5.008059952,1758893484.561059952,/xwing/agiros_pilot/telemetry.reference.pose.position.x,1.2231708820777647
5.008059952,1758893484.561059952,/xwing/agiros_pilot/telemetry.reference.pose.position.x,1.2231708820777647
5.009770367,1758893484.562770367,/xwing/agiros_pilot/telemetry.reference.pose.position.x,1.2163452752791744
5.018061134,1758893484.571061134,/xwing/agiros_pilot/telemetry.reference.pose.position.x,1.183260015896099
5.018061134,1758893484.571061134,/xwing/agiros_pilot/telemetry.reference.pose.position.x,1.183260015896099
5.01975176,1758893484.572751760,/xwing/agiros_pilot/telemetry.reference.pose.position.x,1.1765133783425998
5.030053589,1758893484.583053589,/xwing/agiros_pilot/telemetry.reference.pose.position.x,1.133908218843434
5.030053589,1758893484.583053589,/xwing/agiros_pilot/telemetry.reference.pose.position.x,1.133908218843434
5.030053589,1758893484.583053589,/xwing/agiros_pilot/telemetry.reference.pose.position.x,1.133908218843434
5.040037128,1758893484.593037128,/xwing/agiros_pilot/telemetry.reference.pose.position.x,1.092578626093999
5.040037128,1758893484.593037128,/xwing/agiros_pilot/telemetry.reference.pose.position.x,1.092578626093999
5.040037128,1758893484.593037128,/xwing/agiros_pilot/telemetry.reference.pose.position.x,1.092578626093999
5.050033304,1758893484.603033304,/xwing/agiros_pilot/telemetry.reference.pose.position.x,1.049823796908076
5.050033304,1758893484.603033304,/xwing/agiros_pilot/telemetry.reference.pose.position.x,1.049823796908076
5.050033304,1758893484.603033304,/xwing/agiros_pilot/telemetry.reference.pose.position.x,1.049823796908076
5.060037586,1758893484.613037586,/xwing/agiros_pilot/telemetry.reference.pose.position.x,1.0070279874469261
5.060037586,1758893484.613037586,/xwing/agiros_pilot/telemetry.reference.pose.position.x,1.0070279874469261
5.060037586,1758893484.613037586,/xwing/agiros_pilot/telemetry.reference.pose.position.x,1.0070279874469261
5.068036291,1758893484.621036291,/xwing/agiros_pilot/telemetry.reference.pose.position.x,0.9717989850463383
5.068036291,1758893484.621036291,/xwing/agiros_pilot/telemetry.reference.pose.position.x,0.9717989850463383
5.069702122,1758893484.622702122,/xwing/agiros_pilot/telemetry.reference.pose.position.x,0.9644621034769053
5.0800361370000005,1758893484.633036137,/xwing/agiros_pilot/telemetry.reference.pose.position.x,0.918942014724964
5.0800361370000005,1758893484.633036137,/xwing/agiros_pilot/telemetry.reference.pose.position.x,0.918942014724964
5.0800361370000005,1758893484.633036137,/xwing/agiros_pilot/telemetry.reference.pose.position.x,0.918942014724964
5.088033411,1758893484.641033411,/xwing/agiros_pilot/telemetry.reference.pose.position.x,0.882790877429854
5.088033411,1758893484.641033411,/xwing/agiros_pilot/telemetry.reference.pose.position.x,0.882790877429854
5.089682314,1758893484.642682314,/xwing/agiros_pilot/telemetry.reference.pose.position.x,0.8753371235756079
5.093013737,1758893484.646013737,/xwing/agiros_pilot/telemetry.reference.pose.position.x,0.8602776524065242
5.096344444,1758893484.649344444,/xwing/agiros_pilot/telemetry.reference.pose.position.x,0.8452214145025596
5.099679682,1758893484.652679682,/xwing/agiros_pilot/telemetry.reference.pose.position.x,0.8301446992528415
5.103002522,1758893484.656002522,/xwing/agiros_pilot/telemetry.reference.pose.position.x,0.8148084778215345
5.1063353750000005,1758893484.659335375,/xwing/agiros_pilot/telemetry.reference.pose.position.x,0.7993936738083253
5.109662029,1758893484.662662029,/xwing/agiros_pilot/telemetry.reference.pose.position.x,0.784007540294032
5.120036337,1758893484.673036337,/xwing/agiros_pilot/telemetry.reference.pose.position.x,0.7360207542403412
5.120036337,1758893484.673036337,/xwing/agiros_pilot/telemetry.reference.pose.position.x,0.7360207542403412
5.120036337,1758893484.673036337,/xwing/agiros_pilot/telemetry.reference.pose.position.x,0.7360207542403412
5.130033943,1758893484.683033943,/xwing/agiros_pilot/telemetry.reference.pose.position.x,0.6888510601869632
5.130033943,1758893484.683033943,/xwing/agiros_pilot/telemetry.reference.pose.position.x,0.6888510601869632
5.130033943,1758893484.683033943,/xwing/agiros_pilot/telemetry.reference.pose.position.x,0.6888510601869632
5.140041325,1758893484.693041325,/xwing/agiros_pilot/telemetry.reference.pose.position.x,0.6416309192331687
5.140041325,1758893484.693041325,/xwing/agiros_pilot/telemetry.reference.pose.position.x,0.6416309192331687
5.140041325,1758893484.693041325,/xwing/agiros_pilot/telemetry.reference.pose.position.x,0.6416309192331687
5.150036785,1758893484.703036785,/xwing/agiros_pilot/telemetry.reference.pose.position.x,0.5936615568068321
5.150036785,1758893484.703036785,/xwing/agiros_pilot/telemetry.reference.pose.position.x,0.5936615568068321
5.150036785,1758893484.703036785,/xwing/agiros_pilot/telemetry.reference.pose.position.x,0.5936615568068321
5.160039398,1758893484.713039398,/xwing/agiros_pilot/telemetry.reference.pose.position.x,0.5456543311225786
5.160039398,1758893484.713039398,/xwing/agiros_pilot/telemetry.reference.pose.position.x,0.5456543311225786
5.160039398,1758893484.713039398,/xwing/agiros_pilot/telemetry.reference.pose.position.x,0.5456543311225786
5.170036528,1758893484.723036528,/xwing/agiros_pilot/telemetry.reference.pose.position.x,0.49698708436368005
5.170036528,1758893484.723036528,/xwing/agiros_pilot/telemetry.reference.pose.position.x,0.49698708436368005
5.170036528,1758893484.723036528,/xwing/agiros_pilot/telemetry.reference.pose.position.x,0.49698708436368005
5.180035564,1758893484.733035564,/xwing/agiros_pilot/telemetry.reference.pose.position.x,0.44830786449006954
5.180035564,1758893484.733035564,/xwing/agiros_pilot/telemetry.reference.pose.position.x,0.44830786449006954
5.180035564,1758893484.733035564,/xwing/agiros_pilot/telemetry.reference.pose.position.x,0.44830786449006954
5.190033409,1758893484.743033409,/xwing/agiros_pilot/telemetry.reference.pose.position.x,0.39907072993645937
5.190033409,1758893484.743033409,/xwing/agiros_pilot/telemetry.reference.pose.position.x,0.39907072993645937
5.190033409,1758893484.743033409,/xwing/agiros_pilot/telemetry.reference.pose.position.x,0.39907072993645937
5.198032114,1758893484.751032114,/xwing/agiros_pilot/telemetry.reference.pose.position.x,0.35967890880947256
5.198032114,1758893484.751032114,/xwing/agiros_pilot/telemetry.reference.pose.position.x,0.35967890880947256
5.19957349,1758893484.752573490,/xwing/agiros_pilot/telemetry.reference.pose.position.x,0.35208797842150363
5.21003339,1758893484.763033390,/xwing/agiros_pilot/telemetry.reference.pose.position.x,0.30013119975108105
5.21003339,1758893484.763033390,/xwing/agiros_pilot/telemetry.reference.pose.position.x,0.30013119975108105
5.21003339,1758893484.763033390,/xwing/agiros_pilot/telemetry.reference.pose.position.x,0.30013119975108105
5.220032188,1758893484.773032188,/xwing/agiros_pilot/telemetry.reference.pose.position.x,0.2504459013801699
5.220032188,1758893484.773032188,/xwing/agiros_pilot/telemetry.reference.pose.position.x,0.2504459013801699
5.220032188,1758893484.773032188,/xwing/agiros_pilot/telemetry.reference.pose.position.x,0.2504459013801699
5.230033133,1758893484.783033133,/xwing/agiros_pilot/telemetry.reference.pose.position.x,0.20043470435464436
5.230033133,1758893484.783033133,/xwing/agiros_pilot/telemetry.reference.pose.position.x,0.20043470435464436
5.230033133,1758893484.783033133,/xwing/agiros_pilot/telemetry.reference.pose.position.x,0.20043470435464436
5.240043613,1758893484.793043613,/xwing/agiros_pilot/telemetry.reference.pose.position.x,0.15037476039068587
5.240043613,1758893484.793043613,/xwing/agiros_pilot/telemetry.reference.pose.position.x,0.15037476039068587
5.240043613,1758893484.793043613,/xwing/agiros_pilot/telemetry.reference.pose.position.x,0.15037476039068587
5.250071499,1758893484.803071499,/xwing/agiros_pilot/telemetry.reference.pose.position.x,0.10003802658151405
5.250071499,1758893484.803071499,/xwing/agiros_pilot/telemetry.reference.pose.position.x,0.10003802658151405
5.250071499,1758893484.803071499,/xwing/agiros_pilot/telemetry.reference.pose.position.x,0.10003802658151405
5.252853605,1758893484.805853605,/xwing/agiros_pilot/telemetry.reference.pose.position.x,0.08607275442699132
5.260053608,1758893484.813053608,/xwing/agiros_pilot/telemetry.reference.pose.position.x,0.0499306590817543
5.260053608,1758893484.813053608,/xwing/agiros_pilot/telemetry.reference.pose.position.x,0.0499306590817543
5.270037863,1758893484.823037863,/xwing/agiros_pilot/telemetry.reference.pose.position.x,-0.0002504441717398417
5.270037863,1758893484.823037863,/xwing/agiros_pilot/telemetry.reference.pose.position.x,-0.0002504441717398417
5.270037863,1758893484.823037863,/xwing/agiros_pilot/telemetry.reference.pose.position.x,-0.0002504441717398417
5.280034277,1758893484.833034277,/xwing/agiros_pilot/telemetry.reference.pose.position.x,-0.0504923669769975
5.280034277,1758893484.833034277,/xwing/agiros_pilot/telemetry.reference.pose.position.x,-0.0504923669769975
5.280034277,1758893484.833034277,/xwing/agiros_pilot/telemetry.reference.pose.position.x,-0.0504923669769975
5.290034744,1758893484.843034744,/xwing/agiros_pilot/telemetry.reference.pose.position.x,-0.10069147062953464
5.290034744,1758893484.843034744,/xwing/agiros_pilot/telemetry.reference.pose.position.x,-0.10069147062953464
5.290034744,1758893484.843034744,/xwing/agiros_pilot/telemetry.reference.pose.position.x,-0.10069147062953464
5.298033449,1758893484.851033449,/xwing/agiros_pilot/telemetry.reference.pose.position.x,-0.14084237606376918
5.298033449,1758893484.851033449,/xwing/agiros_pilot/telemetry.reference.pose.position.x,-0.14084237606376918
5.299487564,1758893484.852487564,/xwing/agiros_pilot/telemetry.reference.pose.position.x,-0.14814156150129032
5.302809212,1758893484.855809212,/xwing/agiros_pilot/telemetry.reference.pose.position.x,-0.164761473224866
5.306134436,1758893484.859134436,/xwing/agiros_pilot/telemetry.reference.pose.position.x,-0.18138974616250172
5.309462997,1758893484.862462997,/xwing/agiros_pilot/telemetry.reference.pose.position.x,-0.1980347105621814
5.312793943,1758893484.865793943,/xwing/agiros_pilot/telemetry.reference.pose.position.x,-0.21469159743474958
5.320035431,1758893484.873035431,/xwing/agiros_pilot/telemetry.reference.pose.position.x,-0.2509022222070887
5.320035431,1758893484.873035431,/xwing/agiros_pilot/telemetry.reference.pose.position.x,-0.2509022222070887
5.328035089,1758893484.881035089,/xwing/agiros_pilot/telemetry.reference.pose.position.x,-0.29065242395742624
5.328035089,1758893484.881035089,/xwing/agiros_pilot/telemetry.reference.pose.position.x,-0.29065242395742624
5.329442236,1758893484.882442236,/xwing/agiros_pilot/telemetry.reference.pose.position.x,-0.29764451678759024
5.340037319,1758893484.893037319,/xwing/agiros_pilot/telemetry.reference.pose.position.x,-0.35028916862190923
5.340037319,1758893484.893037319,/xwing/agiros_pilot/telemetry.reference.pose.position.x,-0.35028916862190923
5.340037319,1758893484.893037319,/xwing/agiros_pilot/telemetry.reference.pose.position.x,-0.35028916862190923
5.350035164,1758893484.903035164,/xwing/agiros_pilot/telemetry.reference.pose.position.x,-0.3995263031755193
5.350035164,1758893484.903035164,/xwing/agiros_pilot/telemetry.reference.pose.position.x,-0.3995263031755193
5.350035164,1758893484.903035164,/xwing/agiros_pilot/telemetry.reference.pose.position.x,-0.3995263031755193
5.358060572,1758893484.911060572,/xwing/agiros_pilot/telemetry.reference.pose.position.x,-0.439049629979761
5.358060572,1758893484.911060572,/xwing/agiros_pilot/telemetry.reference.pose.position.x,-0.439049629979761
5.359432194,1758893484.912432194,/xwing/agiros_pilot/telemetry.reference.pose.position.x,-0.4458045599908956
5.36803529,1758893484.921035290,/xwing/agiros_pilot/telemetry.reference.pose.position.x,-0.48771696679282833
5.36803529,1758893484.921035290,/xwing/agiros_pilot/telemetry.reference.pose.position.x,-0.48771696679282833
5.369403812,1758893484.922403812,/xwing/agiros_pilot/telemetry.reference.pose.position.x,-0.49437910211981984
5.378033611,1758893484.931033611,/xwing/agiros_pilot/telemetry.reference.pose.position.x,-0.536390016805496
5.378033611,1758893484.931033611,/xwing/agiros_pilot/telemetry.reference.pose.position.x,-0.536390016805496
5.379558298,1758893484.932558298,/xwing/agiros_pilot/telemetry.reference.pose.position.x,-0.543812378376247
5.388035748,1758893484.941035748,/xwing/agiros_pilot/telemetry.reference.pose.position.x,-0.5845262789322989
5.388035748,1758893484.941035748,/xwing/agiros_pilot/telemetry.reference.pose.position.x,-0.5845262789322989
5.389388773,1758893484.942388773,/xwing/agiros_pilot/telemetry.reference.pose.position.x,-0.5910196033233269
5.400089237,1758893484.953089237,/xwing/agiros_pilot/telemetry.reference.pose.position.x,-0.6423641697558004
5.400089237,1758893484.953089237,/xwing/agiros_pilot/telemetry.reference.pose.position.x,-0.6423641697558004
5.400089237,1758893484.953089237,/xwing/agiros_pilot/telemetry.reference.pose.position.x,-0.6423641697558004
5.408040258,1758893484.961040258,/xwing/agiros_pilot/telemetry.reference.pose.position.x,-0.6798778732109838
5.408040258,1758893484.961040258,/xwing/agiros_pilot/telemetry.reference.pose.position.x,-0.6798778732109838
5.409364197,1758893484.962364197,/xwing/agiros_pilot/telemetry.reference.pose.position.x,-0.686124345227735
5.418040964,1758893484.971040964,/xwing/agiros_pilot/telemetry.reference.pose.position.x,-0.7270621907356811
5.418040964,1758893484.971040964,/xwing/agiros_pilot/telemetry.reference.pose.position.x,-0.7270621907356811
5.419352982,1758893484.972352982,/xwing/agiros_pilot/telemetry.reference.pose.position.x,-0.7332524186319861
5.430034611,1758893484.983034611,/xwing/agiros_pilot/telemetry.reference.pose.position.x,-0.782715162419831
5.430034611,1758893484.983034611,/xwing/agiros_pilot/telemetry.reference.pose.position.x,-0.782715162419831
5.430034611,1758893484.983034611,/xwing/agiros_pilot/telemetry.reference.pose.position.x,-0.782715162419831
5.440035316,1758893484.993035316,/xwing/agiros_pilot/telemetry.reference.pose.position.x,-0.8289645574844192
5.440035316,1758893484.993035316,/xwing/agiros_pilot/telemetry.reference.pose.position.x,-0.8289645574844192
5.440035316,1758893484.993035316,/xwing/agiros_pilot/telemetry.reference.pose.position.x,-0.8289645574844192
5.450035307,1758893485.003035307,/xwing/agiros_pilot/telemetry.reference.pose.position.x,-0.8741688371126233
5.450035307,1758893485.003035307,/xwing/agiros_pilot/telemetry.reference.pose.position.x,-0.8741688371126233
5.450035307,1758893485.003035307,/xwing/agiros_pilot/telemetry.reference.pose.position.x,-0.8741688371126233
5.458033535,1758893485.011033535,/xwing/agiros_pilot/telemetry.reference.pose.position.x,-0.9103242854278931
5.458033535,1758893485.011033535,/xwing/agiros_pilot/telemetry.reference.pose.position.x,-0.9103242854278931
5.459321234,1758893485.012321234,/xwing/agiros_pilot/telemetry.reference.pose.position.x,-0.9161452403970639
5.468036863,1758893485.021036863,/xwing/agiros_pilot/telemetry.reference.pose.position.x,-0.9546092396203167
5.468036863,1758893485.021036863,/xwing/agiros_pilot/telemetry.reference.pose.position.x,-0.9546092396203167
5.469304058,1758893485.022304058,/xwing/agiros_pilot/telemetry.reference.pose.position.x,-0.9601903939843549
5.480033133,1758893485.033033133,/xwing/agiros_pilot/telemetry.reference.pose.position.x,-1.0074391349889364
5.480033133,1758893485.033033133,/xwing/agiros_pilot/telemetry.reference.pose.position.x,-1.0074391349889364
5.480033133,1758893485.033033133,/xwing/agiros_pilot/telemetry.reference.pose.position.x,-1.0074391349889364
5.490035746,1758893485.043035746,/xwing/agiros_pilot/telemetry.reference.pose.position.x,-1.0502214972773491
5.490035746,1758893485.043035746,/xwing/agiros_pilot/telemetry.reference.pose.position.x,-1.0502214972773491
5.490035746,1758893485.043035746,/xwing/agiros_pilot/telemetry.reference.pose.position.x,-1.0502214972773491
5.498032782,1758893485.051032782,/xwing/agiros_pilot/telemetry.reference.pose.position.x,-1.0844257685239034
5.498032782,1758893485.051032782,/xwing/agiros_pilot/telemetry.reference.pose.position.x,-1.0844257685239034
5.499274466,1758893485.052274466,/xwing/agiros_pilot/telemetry.reference.pose.position.x,-1.0897365980705034
5.502605888,1758893485.055605888,/xwing/agiros_pilot/telemetry.reference.pose.position.x,-1.103624164060273
5.505932304,1758893485.058932304,/xwing/agiros_pilot/telemetry.reference.pose.position.x,-1.117392514305798
5.509264919,1758893485.062264919,/xwing/agiros_pilot/telemetry.reference.pose.position.x,-1.1311865223141082
5.51259515,1758893485.065595150,/xwing/agiros_pilot/telemetry.reference.pose.position.x,-1.1449706619521165
5.515925142,1758893485.068925142,/xwing/agiros_pilot/telemetry.reference.pose.position.x,-1.1587538147530945
5.519262526,1758893485.072262526,/xwing/agiros_pilot/telemetry.reference.pose.position.x,-1.172567559502009
5.528073046,1758893485.081073046,/xwing/agiros_pilot/telemetry.reference.pose.position.x,-1.2078346741064128
5.528073046,1758893485.081073046,/xwing/agiros_pilot/telemetry.reference.pose.position.x,-1.2078346741064128
5.529245588,1758893485.082245588,/xwing/agiros_pilot/telemetry.reference.pose.position.x,-1.2125138397372281
5.532573673,1758893485.085573673,/xwing/agiros_pilot/telemetry.reference.pose.position.x,-1.225794944462838
5.540034744,1758893485.093034744,/xwing/agiros_pilot/telemetry.reference.pose.position.x,-1.2555617946364315
5.540034744,1758893485.093034744,/xwing/agiros_pilot/telemetry.reference.pose.position.x,-1.2555617946364315
5.548056099,1758893485.101056099,/xwing/agiros_pilot/telemetry.reference.pose.position.x,-1.2863000610621436
5.548056099,1758893485.101056099,/xwing/agiros_pilot/telemetry.reference.pose.position.x,-1.2863000610621436
5.549225304,1758893485.102225304,/xwing/agiros_pilot/telemetry.reference.pose.position.x,-1.2907805169696362
5.56003854,1758893485.113038540,/xwing/agiros_pilot/telemetry.reference.pose.position.x,-1.3322089213764146
5.56003854,1758893485.113038540,/xwing/agiros_pilot/telemetry.reference.pose.position.x,-1.3322089213764146
5.56003854,1758893485.113038540,/xwing/agiros_pilot/telemetry.reference.pose.position.x,-1.3322089213764146
5.570035908,1758893485.123035908,/xwing/agiros_pilot/telemetry.reference.pose.position.x,-1.3688374150071114
5.570035908,1758893485.123035908,/xwing/agiros_pilot/telemetry.reference.pose.position.x,-1.3688374150071114
5.570035908,1758893485.123035908,/xwing/agiros_pilot/telemetry.reference.pose.position.x,-1.3688374150071114
5.578034374,1758893485.131034374,/xwing/agiros_pilot/telemetry.reference.pose.position.x,-1.3981423063627019
5.578034374,1758893485.131034374,/xwing/agiros_pilot/telemetry.reference.pose.position.x,-1.3981423063627019
5.57919285,1758893485.132192850,/xwing/agiros_pilot/telemetry.reference.pose.position.x,-1.4023867461831625
5.590036842,1758893485.143036842,/xwing/agiros_pilot/telemetry.reference.pose.position.x,-1.4403334837726605
5.590036842,1758893485.143036842,/xwing/agiros_pilot/telemetry.reference.pose.position.x,-1.4403334837726605
5.590036842,1758893485.143036842,/xwing/agiros_pilot/telemetry.reference.pose.position.x,-1.4403334837726605
5.600036833,1758893485.153036833,/xwing/agiros_pilot/telemetry.reference.pose.position.x,-1.4751875256519171
5.600036833,1758893485.153036833,/xwing/agiros_pilot/telemetry.reference.pose.position.x,-1.4751875256519171
5.600036833,1758893485.153036833,/xwing/agiros_pilot/telemetry.reference.pose.position.x,-1.4751875256519171
5.602503511,1758893485.155503511,/xwing/agiros_pilot/telemetry.reference.pose.position.x,-1.4833276037953658
5.610036346,1758893485.163036346,/xwing/agiros_pilot/telemetry.reference.pose.position.x,-1.508186077499431
5.610036346,1758893485.163036346,/xwing/agiros_pilot/telemetry.reference.pose.position.x,-1.508186077499431
5.618033382,1758893485.171033382,/xwing/agiros_pilot/telemetry.reference.pose.position.x,-1.5345764216988849
5.618033382,1758893485.171033382,/xwing/agiros_pilot/telemetry.reference.pose.position.x,-1.5345764216988849
5.61915395,1758893485.172153950,/xwing/agiros_pilot/telemetry.reference.pose.position.x,-1.538274311441221
5.630038235,1758893485.183038235,/xwing/agiros_pilot/telemetry.reference.pose.position.x,-1.5722364477449449
5.630038235,1758893485.183038235,/xwing/agiros_pilot/telemetry.reference.pose.position.x,-1.5722364477449449
5.630038235,1758893485.183038235,/xwing/agiros_pilot/telemetry.reference.pose.position.x,-1.5722364477449449
5.632472727,1758893485.185472727,/xwing/agiros_pilot/telemetry.reference.pose.position.x,-1.5797964639701296
5.6400370330000005,1758893485.193037033,/xwing/agiros_pilot/telemetry.reference.pose.position.x,-1.6032765414477612
5.6400370330000005,1758893485.193037033,/xwing/agiros_pilot/telemetry.reference.pose.position.x,-1.6032765414477612
5.648033592,1758893485.201033592,/xwing/agiros_pilot/telemetry.reference.pose.position.x,-1.6264894298919381
5.648033592,1758893485.201033592,/xwing/agiros_pilot/telemetry.reference.pose.position.x,-1.6264894298919381
5.649131271,1758893485.202131271,/xwing/agiros_pilot/telemetry.reference.pose.position.x,-1.6296758383116456
5.658037159,1758893485.211037159,/xwing/agiros_pilot/telemetry.reference.pose.position.x,-1.6555283796039468
5.658037159,1758893485.211037159,/xwing/agiros_pilot/telemetry.reference.pose.position.x,-1.6555283796039468
5.659113857,1758893485.212113857,/xwing/agiros_pilot/telemetry.reference.pose.position.x,-1.658653883605554
5.670071575,1758893485.223071575,/xwing/agiros_pilot/telemetry.reference.pose.position.x,-1.6883472833523958
5.670071575,1758893485.223071575,/xwing/agiros_pilot/telemetry.reference.pose.position.x,-1.6883472833523958
5.670071575,1758893485.223071575,/xwing/agiros_pilot/telemetry.reference.pose.position.x,-1.6883472833523958
5.680035803,1758893485.233035803,/xwing/agiros_pilot/telemetry.reference.pose.position.x,-1.7151713991729
5.680035803,1758893485.233035803,/xwing/agiros_pilot/telemetry.reference.pose.position.x,-1.7151713991729
5.680035803,1758893485.233035803,/xwing/agiros_pilot/telemetry.reference.pose.position.x,-1.7151713991729
5.682429287,1758893485.235429287,/xwing/agiros_pilot/telemetry.reference.pose.position.x,-1.7210987653758998
5.690034124,1758893485.243034124,/xwing/agiros_pilot/telemetry.reference.pose.position.x,-1.7399318363767047
5.690034124,1758893485.243034124,/xwing/agiros_pilot/telemetry.reference.pose.position.x,-1.7399318363767047
5.698033306,1758893485.251033306,/xwing/agiros_pilot/telemetry.reference.pose.position.x,-1.7597414850943898
5.698033306,1758893485.251033306,/xwing/agiros_pilot/telemetry.reference.pose.position.x,-1.7597414850943898
5.699073765,1758893485.252073765,/xwing/agiros_pilot/telemetry.reference.pose.position.x,-1.7623181387560982
5.710036013,1758893485.263036013,/xwing/agiros_pilot/telemetry.reference.pose.position.x,-1.787226275492352
5.710036013,1758893485.263036013,/xwing/agiros_pilot/telemetry.reference.pose.position.x,-1.787226275492352
5.710036013,1758893485.263036013,/xwing/agiros_pilot/telemetry.reference.pose.position.x,-1.787226275492352
5.712393496,1758893485.265393496,/xwing/agiros_pilot/telemetry.reference.pose.position.x,-1.7925390630324705
5.715724918,1758893485.268724918,/xwing/agiros_pilot/telemetry.reference.pose.position.x,-1.80004670667103
5.71905348,1758893485.272053480,/xwing/agiros_pilot/telemetry.reference.pose.position.x,-1.8075479027518953
5.722383472,1758893485.275383472,/xwing/agiros_pilot/telemetry.reference.pose.position.x,-1.8145048142503928
5.72805545,1758893485.281055450,/xwing/agiros_pilot/telemetry.reference.pose.position.x,-1.825990668205168
5.729048702,1758893485.282048702,/xwing/agiros_pilot/telemetry.reference.pose.position.x,-1.8280020203521035
5.732377264,1758893485.285377264,/xwing/agiros_pilot/telemetry.reference.pose.position.x,-1.8347424157729784
5.740035507,1758893485.293035507,/xwing/agiros_pilot/telemetry.reference.pose.position.x,-1.8502394040721442
5.740035507,1758893485.293035507,/xwing/agiros_pilot/telemetry.reference.pose.position.x,-1.8502394040721442
5.742364857,1758893485.295364857,/xwing/agiros_pilot/telemetry.reference.pose.position.x,-1.8544120484919668
5.750035259,1758893485.303035259,/xwing/agiros_pilot/telemetry.reference.pose.position.x,-1.8681523060430973
5.750035259,1758893485.303035259,/xwing/agiros_pilot/telemetry.reference.pose.position.x,-1.8681523060430973
5.752358171,1758893485.305358171,/xwing/agiros_pilot/telemetry.reference.pose.position.x,-1.8723134191016781
5.760037395,1758893485.313037395,/xwing/agiros_pilot/telemetry.reference.pose.position.x,-1.886057722702372
5.760037395,1758893485.313037395,/xwing/agiros_pilot/telemetry.reference.pose.position.x,-1.886057722702372
5.762350294,1758893485.315350294,/xwing/agiros_pilot/telemetry.reference.pose.position.x,-1.889649947544679
5.770039055,1758893485.323039055,/xwing/agiros_pilot/telemetry.reference.pose.position.x,-1.9015915678868667
5.770039055,1758893485.323039055,/xwing/agiros_pilot/telemetry.reference.pose.position.x,-1.9015915678868667
5.778040859,1758893485.331040859,/xwing/agiros_pilot/telemetry.reference.pose.position.x,-1.914019384623029
5.778040859,1758893485.331040859,/xwing/agiros_pilot/telemetry.reference.pose.position.x,-1.914019384623029
5.778994772,1758893485.331994772,/xwing/agiros_pilot/telemetry.reference.pose.position.x,-1.9155009320505179
5.782328817,1758893485.335328817,/xwing/agiros_pilot/telemetry.reference.pose.position.x,-1.9201123482510851
5.790038082,1758893485.343038082,/xwing/agiros_pilot/telemetry.reference.pose.position.x,-1.930219160732766
5.790038082,1758893485.343038082,/xwing/agiros_pilot/telemetry.reference.pose.position.x,-1.930219160732766
5.7923128340000005,1758893485.345312834,/xwing/agiros_pilot/telemetry.reference.pose.position.x,-1.9332013502452976
5.800035927,1758893485.353035927,/xwing/agiros_pilot/telemetry.reference.pose.position.x,-1.9433145293937237
5.800035927,1758893485.353035927,/xwing/agiros_pilot/telemetry.reference.pose.position.x,-1.9433145293937237
5.808034393,1758893485.361034393,/xwing/agiros_pilot/telemetry.reference.pose.position.x,-1.9518373177403983
5.808034393,1758893485.361034393,/xwing/agiros_pilot/telemetry.reference.pose.position.x,-1.9518373177403983
5.808967325,1758893485.361967325,/xwing/agiros_pilot/telemetry.reference.pose.position.x,-1.9528314059364318
5.812297318,1758893485.365297318,/xwing/agiros_pilot/telemetry.reference.pose.position.x,-1.9563796885415945
5.820034,1758893485.373034000,/xwing/agiros_pilot/telemetry.reference.pose.position.x,-1.9646121147842448
5.820034,1758893485.373034000,/xwing/agiros_pilot/telemetry.reference.pose.position.x,-1.9646121147842448
5.8222837179999996,1758893485.375283718,/xwing/agiros_pilot/telemetry.reference.pose.position.x,-1.9664510751589845
5.8300339910000005,1758893485.383033991,/xwing/agiros_pilot/telemetry.reference.pose.position.x,-1.9727862897522077
5.8300339910000005,1758893485.383033991,/xwing/agiros_pilot/telemetry.reference.pose.position.x,-1.9727862897522077
5.8322748870000005,1758893485.385274887,/xwing/agiros_pilot/telemetry.reference.pose.position.x,-1.9746180392819
5.840033504,1758893485.393033504,/xwing/agiros_pilot/telemetry.reference.pose.position.x,-1.9809486813777646
5.840033504,1758893485.393033504,/xwing/agiros_pilot/telemetry.reference.pose.position.x,-1.9809486813777646
5.84226391,1758893485.395263910,/xwing/agiros_pilot/telemetry.reference.pose.position.x,-1.9822138096743152
5.850034925,1758893485.403034925,/xwing/agiros_pilot/telemetry.reference.pose.position.x,-1.9866216762374103
5.850034925,1758893485.403034925,/xwing/agiros_pilot/telemetry.reference.pose.position.x,-1.9866216762374103
5.852259371,1758893485.405259371,/xwing/agiros_pilot/telemetry.reference.pose.position.x,-1.9878834236459417
5.860035631,1758893485.413035631,/xwing/agiros_pilot/telemetry.reference.pose.position.x,-1.9922822666305138
5.860035631,1758893485.413035631,/xwing/agiros_pilot/telemetry.reference.pose.position.x,-1.9922822666305138
5.862243864,1758893485.415243864,/xwing/agiros_pilot/telemetry.reference.pose.position.x,-1.9929791554489835
5.870034668,1758893485.423034668,/xwing/agiros_pilot/telemetry.reference.pose.position.x,-1.9954378291610473
5.870034668,1758893485.423034668,/xwing/agiros_pilot/telemetry.reference.pose.position.x,-1.9954378291610473
5.872233364,1758893485.425233364,/xwing/agiros_pilot/telemetry.reference.pose.position.x,-1.996131708310683
5.880033466,1758893485.433033466,/xwing/agiros_pilot/telemetry.reference.pose.position.x,-1.9985818212969753
5.880033466,1758893485.433033466,/xwing/agiros_pilot/telemetry.reference.pose.position.x,-1.9985818212969753
5.888044092,1758893485.441044092,/xwing/agiros_pilot/telemetry.reference.pose.position.x,-1.9990877440967623
5.888044092,1758893485.441044092,/xwing/agiros_pilot/telemetry.reference.pose.position.x,-1.9990877440967623
5.88888261,1758893485.441882610,/xwing/agiros_pilot/telemetry.reference.pose.position.x,-1.999140701937378
5.898035261,1758893485.451035261,/xwing/agiros_pilot/telemetry.reference.pose.position.x,-1.9997187509972016
5.898035261,1758893485.451035261,/xwing/agiros_pilot/telemetry.reference.pose.position.x,-1.9997187509972016
5.898876163,1758893485.451876163,/xwing/agiros_pilot/telemetry.reference.pose.position.x,-1.9997718594145608
5.908036205,1758893485.461036205,/xwing/agiros_pilot/telemetry.reference.pose.position.x,-1.9983175307145897
5.908036205,1758893485.461036205,/xwing/agiros_pilot/telemetry.reference.pose.position.x,-1.9983175307145897
5.908865187,1758893485.461865187,/xwing/agiros_pilot/telemetry.reference.pose.position.x,-1.9981604953105516
5.912193272,1758893485.465193272,/xwing/agiros_pilot/telemetry.reference.pose.position.x,-1.9975300503278173
5.915523741,1758893485.468523741,/xwing/agiros_pilot/telemetry.reference.pose.position.x,-1.9968991537045766
5.918854448,1758893485.471854448,/xwing/agiros_pilot/telemetry.reference.pose.position.x,-1.9962682119172852
5.922188255,1758893485.475188255,/xwing/agiros_pilot/telemetry.reference.pose.position.x,-1.995082008069917
5.9255127640000005,1758893485.478512764,/xwing/agiros_pilot/telemetry.reference.pose.position.x,-1.9936140971595666
5.92884371,1758893485.481843710,/xwing/agiros_pilot/telemetry.reference.pose.position.x,-1.9921433439088134
5.932174417,1758893485.485174417,/xwing/agiros_pilot/telemetry.reference.pose.position.x,-1.990672695929927
5.940034124,1758893485.493034124,/xwing/agiros_pilot/telemetry.reference.pose.position.x,-1.9871907540849052
5.940034124,1758893485.493034124,/xwing/agiros_pilot/telemetry.reference.pose.position.x,-1.9871907540849052
5.942163441,1758893485.495163441,/xwing/agiros_pilot/telemetry.reference.pose.position.x,-1.9857161231206508
5.9500334,1758893485.503033400,/xwing/agiros_pilot/telemetry.reference.pose.position.x,-1.980265883114036
5.9500334,1758893485.503033400,/xwing/agiros_pilot/telemetry.reference.pose.position.x,-1.980265883114036
5.958033773,1758893485.511033773,/xwing/agiros_pilot/telemetry.reference.pose.position.x,-1.9747253258823125
5.958033773,1758893485.511033773,/xwing/agiros_pilot/telemetry.reference.pose.position.x,-1.9747253258823125
5.958815071,1758893485.511815071,/xwing/agiros_pilot/telemetry.reference.pose.position.x,-1.9741842481004446
5.970035526,1758893485.523035526,/xwing/agiros_pilot/telemetry.reference.pose.position.x,-1.9639093846034872
5.970035526,1758893485.523035526,/xwing/agiros_pilot/telemetry.reference.pose.position.x,-1.9639093846034872
5.970035526,1758893485.523035526,/xwing/agiros_pilot/telemetry.reference.pose.position.x,-1.9639093846034872
5.972134325,1758893485.525134325,/xwing/agiros_pilot/telemetry.reference.pose.position.x,-1.9619327716980905
5.980033609,1758893485.533033609,/xwing/agiros_pilot/telemetry.reference.pose.position.x,-1.954482118471667
5.980033609,1758893485.533033609,/xwing/agiros_pilot/telemetry.reference.pose.position.x,-1.954482118471667
5.982131216,1758893485.535131216,/xwing/agiros_pilot/telemetry.reference.pose.position.x,-1.9519887991407219
5.990034792,1758893485.543034792,/xwing/agiros_pilot/telemetry.reference.pose.position.x,-1.942594216755995
5.990034792,1758893485.543034792,/xwing/agiros_pilot/telemetry.reference.pose.position.x,-1.942594216755995
5.992112848,1758893485.545112848,/xwing/agiros_pilot/telemetry.reference.pose.position.x,-1.9401241359093804
6.000032875,1758893485.553032875,/xwing/agiros_pilot/telemetry.reference.pose.position.x,-1.9306990685485261
