elapsed time,timestamp,topic,value
0.000820863,1758893479.553820863,/studio/euler_deg.meas_yaw_deg,4.628920749248492
0.004137654,1758893479.557137654,/studio/euler_deg.meas_yaw_deg,4.628920749248492
0.0074457,1758893479.560445700,/studio/euler_deg.meas_yaw_deg,4.628920749248492
0.008129117,1758893479.561129117,/studio/euler_deg.meas_yaw_deg,5.052537797633266
0.010741305000000001,1758893479.563741305,/studio/euler_deg.meas_yaw_deg,5.052537797633266
0.014148644,1758893479.567148644,/studio/euler_deg.meas_yaw_deg,5.052537797633266
0.017380898000000002,1758893479.570380898,/studio/euler_deg.meas_yaw_deg,5.052537797633266
0.020103304000000002,1758893479.573103304,/studio/euler_deg.meas_yaw_deg,4.9444193864387715
0.020758143,1758893479.573758143,/studio/euler_deg.meas_yaw_deg,4.9444193864387715
0.024089679000000003,1758893479.577089679,/studio/euler_deg.meas_yaw_deg,4.9444193864387715
0.027513318000000002,1758893479.580513318,/studio/euler_deg.meas_yaw_deg,4.9444193864387715
0.028071627000000002,1758893479.581071627,/studio/euler_deg.meas_yaw_deg,4.850900720647684
0.030770311,1758893479.583770311,/studio/euler_deg.meas_yaw_deg,4.850900720647684
0.034032549,1758893479.587032549,/studio/euler_deg.meas_yaw_deg,4.850900720647684
0.037551246,1758893479.590551246,/studio/euler_deg.meas_yaw_deg,4.850900720647684
0.040155124,1758893479.593155124,/studio/euler_deg.meas_yaw_deg,4.749553079044376
0.040791879,1758893479.593791879,/studio/euler_deg.meas_yaw_deg,4.749553079044376
0.044099039,1758893479.597099039,/studio/euler_deg.meas_yaw_deg,4.749553079044376
0.047574762,1758893479.600574762,/studio/euler_deg.meas_yaw_deg,4.749553079044376
0.050103248,1758893479.603103248,/studio/euler_deg.meas_yaw_deg,4.628920749248492
0.050756832,1758893479.603756832,/studio/euler_deg.meas_yaw_deg,4.628920749248492
0.054552253,1758893479.607552253,/studio/euler_deg.meas_yaw_deg,4.628920749248492
0.057326593,1758893479.610326593,/studio/euler_deg.meas_yaw_deg,4.628920749248492
0.058087733,1758893479.611087733,/studio/euler_deg.meas_yaw_deg,4.5360696847628414
0.060651351000000006,1758893479.613651351,/studio/euler_deg.meas_yaw_deg,4.5360696847628414
0.06408464,1758893479.617084640,/studio/euler_deg.meas_yaw_deg,4.5360696847628414
0.06766119500000001,1758893479.620661195,/studio/euler_deg.meas_yaw_deg,4.5360696847628414
0.07011360800000001,1758893479.623113608,/studio/euler_deg.meas_yaw_deg,4.4952147611143
0.070939073,1758893479.623939073,/studio/euler_deg.meas_yaw_deg,4.4952147611143
0.074201451,1758893479.627201451,/studio/euler_deg.meas_yaw_deg,4.4952147611143
0.077486835,1758893479.630486835,/studio/euler_deg.meas_yaw_deg,4.4952147611143
0.080178889,1758893479.633178889,/studio/euler_deg.meas_yaw_deg,4.376602449774016
0.080988061,1758893479.633988061,/studio/euler_deg.meas_yaw_deg,4.376602449774016
0.08420582500000001,1758893479.637205825,/studio/euler_deg.meas_yaw_deg,4.376602449774016
0.087606634,1758893479.640606634,/studio/euler_deg.meas_yaw_deg,4.376602449774016
0.090084406,1758893479.643084406,/studio/euler_deg.meas_yaw_deg,4.263394987844369
0.090847514,1758893479.643847514,/studio/euler_deg.meas_yaw_deg,4.263394987844369
0.09418288500000001,1758893479.647182885,/studio/euler_deg.meas_yaw_deg,4.263394987844369
0.09758569,1758893479.650585690,/studio/euler_deg.meas_yaw_deg,4.263394987844369
0.100074784,1758893479.653074784,/studio/euler_deg.meas_yaw_deg,4.011261668598702
0.100855792,1758893479.653855792,/studio/euler_deg.meas_yaw_deg,4.011261668598702
0.104321986,1758893479.657321986,/studio/euler_deg.meas_yaw_deg,4.011261668598702
0.10766605500000001,1758893479.660666055,/studio/euler_deg.meas_yaw_deg,4.011261668598702
0.110124858,1758893479.663124858,/studio/euler_deg.meas_yaw_deg,3.888323336102968
0.11082755700000001,1758893479.663827557,/studio/euler_deg.meas_yaw_deg,3.888323336102968
0.11428432300000001,1758893479.667284323,/studio/euler_deg.meas_yaw_deg,3.888323336102968
0.11771637200000001,1758893479.670716372,/studio/euler_deg.meas_yaw_deg,3.888323336102968
0.12012202300000001,1758893479.673122023,/studio/euler_deg.meas_yaw_deg,3.770108783124076
0.12157907000000001,1758893479.674579070,/studio/euler_deg.meas_yaw_deg,3.770108783124076
0.12410457700000001,1758893479.677104577,/studio/euler_deg.meas_yaw_deg,3.770108783124076
0.127613414,1758893479.680613414,/studio/euler_deg.meas_yaw_deg,3.770108783124076
0.13016871600000002,1758893479.683168716,/studio/euler_deg.meas_yaw_deg,3.6637618426036074
0.130914943,1758893479.683914943,/studio/euler_deg.meas_yaw_deg,3.6637618426036074
0.134212205,1758893479.687212205,/studio/euler_deg.meas_yaw_deg,3.6637618426036074
0.13748858,1758893479.690488580,/studio/euler_deg.meas_yaw_deg,3.6637618426036074
0.140132278,1758893479.693132278,/studio/euler_deg.meas_yaw_deg,3.5478051604652556
0.14077272700000001,1758893479.693772727,/studio/euler_deg.meas_yaw_deg,3.5478051604652556
0.144104607,1758893479.697104607,/studio/euler_deg.meas_yaw_deg,3.5478051604652556
0.147543641,1758893479.700543641,/studio/euler_deg.meas_yaw_deg,3.5478051604652556
0.148085338,1758893479.701085338,/studio/euler_deg.meas_yaw_deg,3.4329476306986426
0.150814774,1758893479.703814774,/studio/euler_deg.meas_yaw_deg,3.4329476306986426
0.1542075,1758893479.707207500,/studio/euler_deg.meas_yaw_deg,3.4329476306986426
0.158173225,1758893479.711173225,/studio/euler_deg.meas_yaw_deg,3.3164469669104975
0.15942999900000002,1758893479.712429999,/studio/euler_deg.meas_yaw_deg,3.3164469669104975
0.16081282900000002,1758893479.713812829,/studio/euler_deg.meas_yaw_deg,3.3164469669104975
0.164139334,1758893479.717139334,/studio/euler_deg.meas_yaw_deg,3.3164469669104975
0.167553115,1758893479.720553115,/studio/euler_deg.meas_yaw_deg,3.3164469669104975
0.170116961,1758893479.723116961,/studio/euler_deg.meas_yaw_deg,3.210326744473849
0.17087675900000002,1758893479.723876759,/studio/euler_deg.meas_yaw_deg,3.210326744473849
0.174072735,1758893479.727072735,/studio/euler_deg.meas_yaw_deg,3.210326744473849
0.177405639,1758893479.730405639,/studio/euler_deg.meas_yaw_deg,3.210326744473849
0.180121043,1758893479.733121043,/studio/euler_deg.meas_yaw_deg,3.0960787719137635
0.18092647,1758893479.733926470,/studio/euler_deg.meas_yaw_deg,3.0960787719137635
0.18428053100000003,1758893479.737280531,/studio/euler_deg.meas_yaw_deg,3.0960787719137635
0.19012947400000002,1758893479.743129474,/studio/euler_deg.meas_yaw_deg,2.9727660910223968
0.20032681200000002,1758893479.753326812,/studio/euler_deg.meas_yaw_deg,2.8698634266756864
0.201291081,1758893479.754291081,/studio/euler_deg.meas_yaw_deg,2.8698634266756864
0.201293942,1758893479.754293942,/studio/euler_deg.meas_yaw_deg,2.8698634266756864
0.20129617500000002,1758893479.754296175,/studio/euler_deg.meas_yaw_deg,2.8698634266756864
0.20129823100000002,1758893479.754298231,/studio/euler_deg.meas_yaw_deg,2.8698634266756864
0.204779271,1758893479.757779271,/studio/euler_deg.meas_yaw_deg,2.8698634266756864
0.20478130800000002,1758893479.757781308,/studio/euler_deg.meas_yaw_deg,2.8698634266756864
0.20752472200000002,1758893479.760524722,/studio/euler_deg.meas_yaw_deg,2.8698634266756864
0.210124064,1758893479.763124064,/studio/euler_deg.meas_yaw_deg,2.771538577657181
0.21074852100000002,1758893479.763748521,/studio/euler_deg.meas_yaw_deg,2.771538577657181
0.2140842,1758893479.767084200,/studio/euler_deg.meas_yaw_deg,2.771538577657181
0.21743381,1758893479.770433810,/studio/euler_deg.meas_yaw_deg,2.771538577657181
0.21812388100000002,1758893479.771123881,/studio/euler_deg.meas_yaw_deg,2.6554272866510056
0.22077084700000002,1758893479.773770847,/studio/euler_deg.meas_yaw_deg,2.6554272866510056
0.22404325900000002,1758893479.777043259,/studio/euler_deg.meas_yaw_deg,2.6554272866510056
0.227707655,1758893479.780707655,/studio/euler_deg.meas_yaw_deg,2.6554272866510056
0.22816333200000002,1758893479.781163332,/studio/euler_deg.meas_yaw_deg,2.5455107629904745
0.230659302,1758893479.783659302,/studio/euler_deg.meas_yaw_deg,2.5455107629904745
0.234066296,1758893479.787066296,/studio/euler_deg.meas_yaw_deg,2.5455107629904745
0.23745891100000002,1758893479.790458911,/studio/euler_deg.meas_yaw_deg,2.5455107629904745
0.238079337,1758893479.791079337,/studio/euler_deg.meas_yaw_deg,2.446788407626873
0.240724705,1758893479.793724705,/studio/euler_deg.meas_yaw_deg,2.446788407626873
0.24408444,1758893479.797084440,/studio/euler_deg.meas_yaw_deg,2.446788407626873
0.24745169600000003,1758893479.800451696,/studio/euler_deg.meas_yaw_deg,2.446788407626873
0.25012125,1758893479.803121250,/studio/euler_deg.meas_yaw_deg,2.327438409772465
0.250627594,1758893479.803627594,/studio/euler_deg.meas_yaw_deg,2.327438409772465
0.254088703,1758893479.807088703,/studio/euler_deg.meas_yaw_deg,2.327438409772465
0.257323815,1758893479.810323815,/studio/euler_deg.meas_yaw_deg,2.327438409772465
0.260115509,1758893479.813115509,/studio/euler_deg.meas_yaw_deg,2.157195101255217
0.2615308,1758893479.814530800,/studio/euler_deg.meas_yaw_deg,2.157195101255217
0.264062852,1758893479.817062852,/studio/euler_deg.meas_yaw_deg,2.157195101255217
0.267424938,1758893479.820424938,/studio/euler_deg.meas_yaw_deg,2.157195101255217
0.270122309,1758893479.823122309,/studio/euler_deg.meas_yaw_deg,2.123665608606922
0.27073845700000004,1758893479.823738457,/studio/euler_deg.meas_yaw_deg,2.123665608606922
0.274004209,1758893479.827004209,/studio/euler_deg.meas_yaw_deg,2.123665608606922
0.277468584,1758893479.830468584,/studio/euler_deg.meas_yaw_deg,2.123665608606922
0.28018297600000003,1758893479.833182976,/studio/euler_deg.meas_yaw_deg,1.9415677281728374
0.280610811,1758893479.833610811,/studio/euler_deg.meas_yaw_deg,1.9415677281728374
0.283989486,1758893479.836989486,/studio/euler_deg.meas_yaw_deg,1.9415677281728374
0.287486629,1758893479.840486629,/studio/euler_deg.meas_yaw_deg,1.9415677281728374
0.28815303800000003,1758893479.841153038,/studio/euler_deg.meas_yaw_deg,1.8476601806701285
0.290640756,1758893479.843640756,/studio/euler_deg.meas_yaw_deg,1.8476601806701285
0.294017038,1758893479.847017038,/studio/euler_deg.meas_yaw_deg,1.8476601806701285
0.297298373,1758893479.850298373,/studio/euler_deg.meas_yaw_deg,1.8476601806701285
0.30016992200000003,1758893479.853169922,/studio/euler_deg.meas_yaw_deg,1.7489120246145526
0.300641816,1758893479.853641816,/studio/euler_deg.meas_yaw_deg,1.7489120246145526
0.30402930100000003,1758893479.857029301,/studio/euler_deg.meas_yaw_deg,1.7489120246145526
0.30807778900000005,1758893479.861077789,/studio/euler_deg.meas_yaw_deg,1.7489120246145526
0.30821816500000004,1758893479.861218165,/studio/euler_deg.meas_yaw_deg,1.643312609840765
0.31076473400000004,1758893479.863764734,/studio/euler_deg.meas_yaw_deg,1.643312609840765
0.313943119,1758893479.866943119,/studio/euler_deg.meas_yaw_deg,1.643312609840765
0.317291682,1758893479.870291682,/studio/euler_deg.meas_yaw_deg,1.643312609840765
0.320135402,1758893479.873135402,/studio/euler_deg.meas_yaw_deg,1.5587135117823134
0.320609841,1758893479.873609841,/studio/euler_deg.meas_yaw_deg,1.5587135117823134
0.324092451,1758893479.877092451,/studio/euler_deg.meas_yaw_deg,1.5587135117823134
0.327355919,1758893479.880355919,/studio/euler_deg.meas_yaw_deg,1.5587135117823134
0.330149902,1758893479.883149902,/studio/euler_deg.meas_yaw_deg,1.4774675267865311
0.330575976,1758893479.883575976,/studio/euler_deg.meas_yaw_deg,1.4774675267865311
0.33392741200000003,1758893479.886927412,/studio/euler_deg.meas_yaw_deg,1.4774675267865311
0.337365638,1758893479.890365638,/studio/euler_deg.meas_yaw_deg,1.4774675267865311
0.34012126800000003,1758893479.893121268,/studio/euler_deg.meas_yaw_deg,1.364732631434207
0.340590124,1758893479.893590124,/studio/euler_deg.meas_yaw_deg,1.364732631434207
0.34392524500000005,1758893479.896925245,/studio/euler_deg.meas_yaw_deg,1.364732631434207
0.347425749,1758893479.900425749,/studio/euler_deg.meas_yaw_deg,1.364732631434207
0.350178545,1758893479.903178545,/studio/euler_deg.meas_yaw_deg,1.2715283011733545
0.350666166,1758893479.903666166,/studio/euler_deg.meas_yaw_deg,1.2715283011733545
0.35403616400000004,1758893479.907036164,/studio/euler_deg.meas_yaw_deg,1.2715283011733545
0.357354598,1758893479.910354598,/studio/euler_deg.meas_yaw_deg,1.2715283011733545
0.36014344600000003,1758893479.913143446,/studio/euler_deg.meas_yaw_deg,1.2006470554084583
0.360708529,1758893479.913708529,/studio/euler_deg.meas_yaw_deg,1.2006470554084583
0.36475765800000004,1758893479.917757658,/studio/euler_deg.meas_yaw_deg,1.2006470554084583
0.36722238500000004,1758893479.920222385,/studio/euler_deg.meas_yaw_deg,1.2006470554084583
0.37008646700000003,1758893479.923086467,/studio/euler_deg.meas_yaw_deg,1.1022552230099136
0.37058306500000004,1758893479.923583065,/studio/euler_deg.meas_yaw_deg,1.1022552230099136
0.37390142600000004,1758893479.926901426,/studio/euler_deg.meas_yaw_deg,1.1022552230099136
0.37725286300000005,1758893479.930252863,/studio/euler_deg.meas_yaw_deg,1.1022552230099136
0.38008034300000004,1758893479.933080343,/studio/euler_deg.meas_yaw_deg,1.0053641919700362
0.38052338100000005,1758893479.933523381,/studio/euler_deg.meas_yaw_deg,1.0053641919700362
0.383848575,1758893479.936848575,/studio/euler_deg.meas_yaw_deg,1.0053641919700362
0.387308482,1758893479.940308482,/studio/euler_deg.meas_yaw_deg,1.0053641919700362
0.390126095,1758893479.943126095,/studio/euler_deg.meas_yaw_deg,0.9345841066939127
0.39814138200000004,1758893479.951141382,/studio/euler_deg.meas_yaw_deg,0.8520554011725763
0.40468762100000005,1758893479.957687621,/studio/euler_deg.meas_yaw_deg,0.8520554011725763
0.40473911900000004,1758893479.957739119,/studio/euler_deg.meas_yaw_deg,0.8520554011725763
0.404745049,1758893479.957745049,/studio/euler_deg.meas_yaw_deg,0.8520554011725763
0.40475266400000004,1758893479.957752664,/studio/euler_deg.meas_yaw_deg,0.8520554011725763
0.408626833,1758893479.961626833,/studio/euler_deg.meas_yaw_deg,0.8520554011725763
0.40863002000000004,1758893479.961630020,/studio/euler_deg.meas_yaw_deg,0.8520554011725763
0.410078588,1758893479.963078588,/studio/euler_deg.meas_yaw_deg,0.752845007707828
0.41055486300000005,1758893479.963554863,/studio/euler_deg.meas_yaw_deg,0.752845007707828
0.4138101,1758893479.966810100,/studio/euler_deg.meas_yaw_deg,0.752845007707828
0.417099892,1758893479.970099892,/studio/euler_deg.meas_yaw_deg,0.752845007707828
0.420143182,1758893479.973143182,/studio/euler_deg.meas_yaw_deg,0.686078194615731
0.42048707500000004,1758893479.973487075,/studio/euler_deg.meas_yaw_deg,0.686078194615731
0.424026811,1758893479.977026811,/studio/euler_deg.meas_yaw_deg,0.686078194615731
0.427156272,1758893479.980156272,/studio/euler_deg.meas_yaw_deg,0.686078194615731
0.43012297600000005,1758893479.983122976,/studio/euler_deg.meas_yaw_deg,0.6087564172655803
0.43060623000000003,1758893479.983606230,/studio/euler_deg.meas_yaw_deg,0.6087564172655803
0.433886319,1758893479.986886319,/studio/euler_deg.meas_yaw_deg,0.6087564172655803
0.437121643,1758893479.990121643,/studio/euler_deg.meas_yaw_deg,0.6087564172655803
0.440165754,1758893479.993165754,/studio/euler_deg.meas_yaw_deg,0.5141355689772142
0.44050786300000006,1758893479.993507863,/studio/euler_deg.meas_yaw_deg,0.5141355689772142
0.443948008,1758893479.996948008,/studio/euler_deg.meas_yaw_deg,0.5141355689772142
0.447082009,1758893480.000082009,/studio/euler_deg.meas_yaw_deg,0.5141355689772142
0.44812319500000003,1758893480.001123195,/studio/euler_deg.meas_yaw_deg,0.44741718248508155
0.450503072,1758893480.003503072,/studio/euler_deg.meas_yaw_deg,0.44741718248508155
0.453871114,1758893480.006871114,/studio/euler_deg.meas_yaw_deg,0.44741718248508155
0.45720337200000005,1758893480.010203372,/studio/euler_deg.meas_yaw_deg,0.44741718248508155
0.460166556,1758893480.013166556,/studio/euler_deg.meas_yaw_deg,0.3755577926892857
0.46054950800000005,1758893480.013549508,/studio/euler_deg.meas_yaw_deg,0.3755577926892857
0.46392927500000003,1758893480.016929275,/studio/euler_deg.meas_yaw_deg,0.3755577926892857
0.46698725700000004,1758893480.019987257,/studio/euler_deg.meas_yaw_deg,0.3755577926892857
0.470165995,1758893480.023165995,/studio/euler_deg.meas_yaw_deg,0.4042937602608092
0.470457098,1758893480.023457098,/studio/euler_deg.meas_yaw_deg,0.4042937602608092
0.473822632,1758893480.026822632,/studio/euler_deg.meas_yaw_deg,0.4042937602608092
0.47739613200000003,1758893480.030396132,/studio/euler_deg.meas_yaw_deg,0.4042937602608092
0.480148096,1758893480.033148096,/studio/euler_deg.meas_yaw_deg,0.34414921962302203
0.48067969800000004,1758893480.033679698,/studio/euler_deg.meas_yaw_deg,0.34414921962302203
0.48388297100000005,1758893480.036882971,/studio/euler_deg.meas_yaw_deg,0.34414921962302203
0.487110615,1758893480.040110615,/studio/euler_deg.meas_yaw_deg,0.34414921962302203
0.490177501,1758893480.043177501,/studio/euler_deg.meas_yaw_deg,0.27415344718442936
0.49104184900000003,1758893480.044041849,/studio/euler_deg.meas_yaw_deg,0.27415344718442936
0.49384192200000004,1758893480.046841922,/studio/euler_deg.meas_yaw_deg,0.27415344718442936
0.497086619,1758893480.050086619,/studio/euler_deg.meas_yaw_deg,0.27415344718442936
0.500135326,1758893480.053135326,/studio/euler_deg.meas_yaw_deg,0.18633102823814363
0.500497612,1758893480.053497612,/studio/euler_deg.meas_yaw_deg,0.18633102823814363
0.50378279,1758893480.056782790,/studio/euler_deg.meas_yaw_deg,0.18633102823814363
0.507199983,1758893480.060199983,/studio/euler_deg.meas_yaw_deg,0.18633102823814363
0.5101202770000001,1758893480.063120277,/studio/euler_deg.meas_yaw_deg,0.12972206490396712
0.5104551030000001,1758893480.063455103,/studio/euler_deg.meas_yaw_deg,0.12972206490396712
0.51390218,1758893480.066902180,/studio/euler_deg.meas_yaw_deg,0.12972206490396712
0.517177601,1758893480.070177601,/studio/euler_deg.meas_yaw_deg,0.12972206490396712
0.52010164,1758893480.073101640,/studio/euler_deg.meas_yaw_deg,0.05865233042214194
0.520468432,1758893480.073468432,/studio/euler_deg.meas_yaw_deg,0.05865233042214194
0.524285557,1758893480.077285557,/studio/euler_deg.meas_yaw_deg,0.05865233042214194
0.527673213,1758893480.080673213,/studio/euler_deg.meas_yaw_deg,0.05865233042214194
0.53008253,1758893480.083082530,/studio/euler_deg.meas_yaw_deg,-0.017902342172146143
0.5306781340000001,1758893480.083678134,/studio/euler_deg.meas_yaw_deg,-0.017902342172146143
0.5346062060000001,1758893480.087606206,/studio/euler_deg.meas_yaw_deg,-0.017902342172146143
0.53703681,1758893480.090036810,/studio/euler_deg.meas_yaw_deg,-0.017902342172146143
0.5400784670000001,1758893480.093078467,/studio/euler_deg.meas_yaw_deg,-0.08247137773168638
0.540546706,1758893480.093546706,/studio/euler_deg.meas_yaw_deg,-0.08247137773168638
0.544063257,1758893480.097063257,/studio/euler_deg.meas_yaw_deg,-0.08247137773168638
0.547036082,1758893480.100036082,/studio/euler_deg.meas_yaw_deg,-0.08247137773168638
0.5500765360000001,1758893480.103076536,/studio/euler_deg.meas_yaw_deg,-0.15523081737511532
0.5503401950000001,1758893480.103340195,/studio/euler_deg.meas_yaw_deg,-0.15523081737511532
0.553725935,1758893480.106725935,/studio/euler_deg.meas_yaw_deg,-0.15523081737511532
0.5570495870000001,1758893480.110049587,/studio/euler_deg.meas_yaw_deg,-0.15523081737511532
0.560137733,1758893480.113137733,/studio/euler_deg.meas_yaw_deg,-0.17503732315516654
0.56039055,1758893480.113390550,/studio/euler_deg.meas_yaw_deg,-0.17503732315516654
0.5638654120000001,1758893480.116865412,/studio/euler_deg.meas_yaw_deg,-0.17503732315516654
0.5671198660000001,1758893480.120119866,/studio/euler_deg.meas_yaw_deg,-0.17503732315516654
0.5701200710000001,1758893480.123120071,/studio/euler_deg.meas_yaw_deg,-0.24651711173098445
0.570388772,1758893480.123388772,/studio/euler_deg.meas_yaw_deg,-0.24651711173098445
0.573735082,1758893480.126735082,/studio/euler_deg.meas_yaw_deg,-0.24651711173098445
0.5769839210000001,1758893480.129983921,/studio/euler_deg.meas_yaw_deg,-0.24651711173098445
0.5801264220000001,1758893480.133126422,/studio/euler_deg.meas_yaw_deg,-0.2998310867058058
0.580414732,1758893480.133414732,/studio/euler_deg.meas_yaw_deg,-0.2998310867058058
0.583709628,1758893480.136709628,/studio/euler_deg.meas_yaw_deg,-0.2998310867058058
0.586995532,1758893480.139995532,/studio/euler_deg.meas_yaw_deg,-0.2998310867058058
0.590111472,1758893480.143111472,/studio/euler_deg.meas_yaw_deg,-0.3665483770726728
0.590441886,1758893480.143441886,/studio/euler_deg.meas_yaw_deg,-0.3665483770726728
0.5938281160000001,1758893480.146828116,/studio/euler_deg.meas_yaw_deg,-0.3665483770726728
0.598110117,1758893480.151110117,/studio/euler_deg.meas_yaw_deg,-0.4412074030971344
0.6101961260000001,1758893480.163196126,/studio/euler_deg.meas_yaw_deg,-0.5004735261630896
0.6108060860000001,1758893480.163806086,/studio/euler_deg.meas_yaw_deg,-0.5004735261630896
0.610809228,1758893480.163809228,/studio/euler_deg.meas_yaw_deg,-0.5004735261630896
0.610812205,1758893480.163812205,/studio/euler_deg.meas_yaw_deg,-0.5004735261630896
0.6108148830000001,1758893480.163814883,/studio/euler_deg.meas_yaw_deg,-0.5004735261630896
0.614163978,1758893480.167163978,/studio/euler_deg.meas_yaw_deg,-0.5004735261630896
0.614165775,1758893480.167165775,/studio/euler_deg.meas_yaw_deg,-0.5004735261630896
0.617103732,1758893480.170103732,/studio/euler_deg.meas_yaw_deg,-0.5004735261630896
0.620217216,1758893480.173217216,/studio/euler_deg.meas_yaw_deg,-0.5431710377611939
0.620292233,1758893480.173292233,/studio/euler_deg.meas_yaw_deg,-0.5431710377611939
0.623881836,1758893480.176881836,/studio/euler_deg.meas_yaw_deg,-0.5431710377611939
0.62699002,1758893480.179990020,/studio/euler_deg.meas_yaw_deg,-0.5431710377611939
0.630165901,1758893480.183165901,/studio/euler_deg.meas_yaw_deg,-0.6246192306803283
0.63036075,1758893480.183360750,/studio/euler_deg.meas_yaw_deg,-0.6246192306803283
0.6338225590000001,1758893480.186822559,/studio/euler_deg.meas_yaw_deg,-0.6246192306803283
0.6370091680000001,1758893480.190009168,/studio/euler_deg.meas_yaw_deg,-0.6246192306803283
0.6401585710000001,1758893480.193158571,/studio/euler_deg.meas_yaw_deg,-0.6942886327022082
0.640224698,1758893480.193224698,/studio/euler_deg.meas_yaw_deg,-0.6942886327022082
0.643720203,1758893480.196720203,/studio/euler_deg.meas_yaw_deg,-0.6942886327022082
0.647010437,1758893480.200010437,/studio/euler_deg.meas_yaw_deg,-0.6942886327022082
0.6501033580000001,1758893480.203103358,/studio/euler_deg.meas_yaw_deg,-0.7219982464356296
0.6503979350000001,1758893480.203397935,/studio/euler_deg.meas_yaw_deg,-0.7219982464356296
0.653682446,1758893480.206682446,/studio/euler_deg.meas_yaw_deg,-0.7219982464356296
0.6570083630000001,1758893480.210008363,/studio/euler_deg.meas_yaw_deg,-0.7219982464356296
0.660189625,1758893480.213189625,/studio/euler_deg.meas_yaw_deg,-0.7914303668105468
0.6602202410000001,1758893480.213220241,/studio/euler_deg.meas_yaw_deg,-0.7914303668105468
0.6638643660000001,1758893480.216864366,/studio/euler_deg.meas_yaw_deg,-0.7914303668105468
0.6670352310000001,1758893480.220035231,/studio/euler_deg.meas_yaw_deg,-0.7914303668105468
0.670106262,1758893480.223106262,/studio/euler_deg.meas_yaw_deg,-0.8568225003338313
0.670519912,1758893480.223519912,/studio/euler_deg.meas_yaw_deg,-0.8568225003338313
0.6736419770000001,1758893480.226641977,/studio/euler_deg.meas_yaw_deg,-0.8568225003338313
0.676997225,1758893480.229997225,/studio/euler_deg.meas_yaw_deg,-0.8568225003338313
0.6801613740000001,1758893480.233161374,/studio/euler_deg.meas_yaw_deg,-0.8894109241395592
0.6804230870000001,1758893480.233423087,/studio/euler_deg.meas_yaw_deg,-0.8894109241395592
0.6840334370000001,1758893480.237033437,/studio/euler_deg.meas_yaw_deg,-0.8894109241395592
0.687095824,1758893480.240095824,/studio/euler_deg.meas_yaw_deg,-0.8894109241395592
0.6900984450000001,1758893480.243098445,/studio/euler_deg.meas_yaw_deg,-0.9421014495185995
0.690536255,1758893480.243536255,/studio/euler_deg.meas_yaw_deg,-0.9421014495185995
0.6936570200000001,1758893480.246657020,/studio/euler_deg.meas_yaw_deg,-0.9421014495185995
0.6971699100000001,1758893480.250169910,/studio/euler_deg.meas_yaw_deg,-0.9421014495185995
0.7001003650000001,1758893480.253100365,/studio/euler_deg.meas_yaw_deg,-1.0054304355327637
0.700519278,1758893480.253519278,/studio/euler_deg.meas_yaw_deg,-1.0054304355327637
0.703808753,1758893480.256808753,/studio/euler_deg.meas_yaw_deg,-1.0054304355327637
0.70687212,1758893480.259872120,/studio/euler_deg.meas_yaw_deg,-1.0054304355327637
0.7101162010000001,1758893480.263116201,/studio/euler_deg.meas_yaw_deg,-1.0379102863491732
0.7102296220000001,1758893480.263229622,/studio/euler_deg.meas_yaw_deg,-1.0379102863491732
0.7138035450000001,1758893480.266803545,/studio/euler_deg.meas_yaw_deg,-1.0379102863491732
0.717477707,1758893480.270477707,/studio/euler_deg.meas_yaw_deg,-1.0379102863491732
0.718129625,1758893480.271129625,/studio/euler_deg.meas_yaw_deg,-1.080811138101007
0.7202141350000001,1758893480.273214135,/studio/euler_deg.meas_yaw_deg,-1.080811138101007
0.723529685,1758893480.276529685,/studio/euler_deg.meas_yaw_deg,-1.080811138101007
0.72679472,1758893480.279794720,/studio/euler_deg.meas_yaw_deg,-1.080811138101007
0.730126649,1758893480.283126649,/studio/euler_deg.meas_yaw_deg,-1.1402057498856346
0.7303311960000001,1758893480.283331196,/studio/euler_deg.meas_yaw_deg,-1.1402057498856346
0.7335409940000001,1758893480.286540994,/studio/euler_deg.meas_yaw_deg,-1.1402057498856346
0.736918438,1758893480.289918438,/studio/euler_deg.meas_yaw_deg,-1.1402057498856346
0.740298949,1758893480.293298949,/studio/euler_deg.meas_yaw_deg,-1.169904714127361
0.7403064890000001,1758893480.293306489,/studio/euler_deg.meas_yaw_deg,-1.169904714127361
0.7434862720000001,1758893480.296486272,/studio/euler_deg.meas_yaw_deg,-1.169904714127361
0.7469078290000001,1758893480.299907829,/studio/euler_deg.meas_yaw_deg,-1.169904714127361
0.7502453570000001,1758893480.303245357,/studio/euler_deg.meas_yaw_deg,-1.197067376540183
0.750319397,1758893480.303319397,/studio/euler_deg.meas_yaw_deg,-1.197067376540183
0.7535708560000001,1758893480.306570856,/studio/euler_deg.meas_yaw_deg,-1.197067376540183
0.756839088,1758893480.309839088,/studio/euler_deg.meas_yaw_deg,-1.197067376540183
0.760144021,1758893480.313144021,/studio/euler_deg.meas_yaw_deg,-1.2414368631497534
0.7602564110000001,1758893480.313256411,/studio/euler_deg.meas_yaw_deg,-1.2414368631497534
0.7637999480000001,1758893480.316799948,/studio/euler_deg.meas_yaw_deg,-1.2414368631497534
0.766832425,1758893480.319832425,/studio/euler_deg.meas_yaw_deg,-1.2414368631497534
0.770136397,1758893480.323136397,/studio/euler_deg.meas_yaw_deg,-1.2912764731466417
0.7702417180000001,1758893480.323241718,/studio/euler_deg.meas_yaw_deg,-1.2912764731466417
0.773423623,1758893480.326423623,/studio/euler_deg.meas_yaw_deg,-1.2912764731466417
0.7767911780000001,1758893480.329791178,/studio/euler_deg.meas_yaw_deg,-1.2912764731466417
0.7801607340000001,1758893480.333160734,/studio/euler_deg.meas_yaw_deg,-1.311770444970127
0.780388431,1758893480.333388431,/studio/euler_deg.meas_yaw_deg,-1.311770444970127
0.7836709940000001,1758893480.336670994,/studio/euler_deg.meas_yaw_deg,-1.311770444970127
0.786921501,1758893480.339921501,/studio/euler_deg.meas_yaw_deg,-1.311770444970127
0.790095768,1758893480.343095768,/studio/euler_deg.meas_yaw_deg,-1.311770444970127
0.7901275510000001,1758893480.343127551,/studio/euler_deg.meas_yaw_deg,-1.3608842820458078
0.793529989,1758893480.346529989,/studio/euler_deg.meas_yaw_deg,-1.3608842820458078
0.79684083,1758893480.349840830,/studio/euler_deg.meas_yaw_deg,-1.3608842820458078
0.800078771,1758893480.353078771,/studio/euler_deg.meas_yaw_deg,-1.40011033472602
0.8101229090000001,1758893480.363122909,/studio/euler_deg.meas_yaw_deg,-1.4249950753042937
0.8146057950000001,1758893480.367605795,/studio/euler_deg.meas_yaw_deg,-1.4249950753042937
0.8146079220000001,1758893480.367607922,/studio/euler_deg.meas_yaw_deg,-1.4249950753042937
0.814610837,1758893480.367610837,/studio/euler_deg.meas_yaw_deg,-1.4249950753042937
0.814614774,1758893480.367614774,/studio/euler_deg.meas_yaw_deg,-1.4249950753042937
0.8181596090000001,1758893480.371159609,/studio/euler_deg.meas_yaw_deg,-1.4249950753042937
0.818174449,1758893480.371174449,/studio/euler_deg.meas_yaw_deg,-1.4249950753042937
0.820074407,1758893480.373074407,/studio/euler_deg.meas_yaw_deg,-1.4541131077434237
0.8201794570000001,1758893480.373179457,/studio/euler_deg.meas_yaw_deg,-1.4541131077434237
0.8235460480000001,1758893480.376546048,/studio/euler_deg.meas_yaw_deg,-1.4541131077434237
0.826653689,1758893480.379653689,/studio/euler_deg.meas_yaw_deg,-1.4541131077434237
0.8280730110000001,1758893480.381073011,/studio/euler_deg.meas_yaw_deg,-1.496641378765599
0.8301255790000001,1758893480.383125579,/studio/euler_deg.meas_yaw_deg,-1.496641378765599
0.833498854,1758893480.386498854,/studio/euler_deg.meas_yaw_deg,-1.496641378765599
0.836885812,1758893480.389885812,/studio/euler_deg.meas_yaw_deg,-1.496641378765599
0.840101803,1758893480.393101803,/studio/euler_deg.meas_yaw_deg,-1.496641378765599
0.840115995,1758893480.393115995,/studio/euler_deg.meas_yaw_deg,-1.5176617783901092
0.843499046,1758893480.396499046,/studio/euler_deg.meas_yaw_deg,-1.5176617783901092
0.846743749,1758893480.399743749,/studio/euler_deg.meas_yaw_deg,-1.5176617783901092
0.850112564,1758893480.403112564,/studio/euler_deg.meas_yaw_deg,-1.5176617783901092
0.8501326480000001,1758893480.403132648,/studio/euler_deg.meas_yaw_deg,-1.5444459647018434
0.8534576880000001,1758893480.406457688,/studio/euler_deg.meas_yaw_deg,-1.5444459647018434
0.856774994,1758893480.409774994,/studio/euler_deg.meas_yaw_deg,-1.5444459647018434
0.8600756350000001,1758893480.413075635,/studio/euler_deg.meas_yaw_deg,-1.5444459647018434
0.860171648,1758893480.413171648,/studio/euler_deg.meas_yaw_deg,-1.58902038500756
0.863522506,1758893480.416522506,/studio/euler_deg.meas_yaw_deg,-1.58902038500756
0.866759999,1758893480.419759999,/studio/euler_deg.meas_yaw_deg,-1.58902038500756
0.8680786930000001,1758893480.421078693,/studio/euler_deg.meas_yaw_deg,-1.6194759706584003
0.8700700090000001,1758893480.423070009,/studio/euler_deg.meas_yaw_deg,-1.6194759706584003
0.8734093690000001,1758893480.426409369,/studio/euler_deg.meas_yaw_deg,-1.6194759706584003
0.87667128,1758893480.429671280,/studio/euler_deg.meas_yaw_deg,-1.6194759706584003
0.879996701,1758893480.432996701,/studio/euler_deg.meas_yaw_deg,-1.6194759706584003
0.880095453,1758893480.433095453,/studio/euler_deg.meas_yaw_deg,-1.6441867667908345
0.883535928,1758893480.436535928,/studio/euler_deg.meas_yaw_deg,-1.6441867667908345
0.886758601,1758893480.439758601,/studio/euler_deg.meas_yaw_deg,-1.6441867667908345
0.8900665950000001,1758893480.443066595,/studio/euler_deg.meas_yaw_deg,-1.6441867667908345
0.890158632,1758893480.443158632,/studio/euler_deg.meas_yaw_deg,-1.676321427133744
0.893332969,1758893480.446332969,/studio/euler_deg.meas_yaw_deg,-1.676321427133744
0.8973001850000001,1758893480.450300185,/studio/euler_deg.meas_yaw_deg,-1.676321427133744
0.898129017,1758893480.451129017,/studio/euler_deg.meas_yaw_deg,-1.7080537390844457
0.900313086,1758893480.453313086,/studio/euler_deg.meas_yaw_deg,-1.7080537390844457
0.9035494230000001,1758893480.456549423,/studio/euler_deg.meas_yaw_deg,-1.7080537390844457
0.9067343590000001,1758893480.459734359,/studio/euler_deg.meas_yaw_deg,-1.7080537390844457
0.9100142550000001,1758893480.463014255,/studio/euler_deg.meas_yaw_deg,-1.7080537390844457
0.9101449810000001,1758893480.463144981,/studio/euler_deg.meas_yaw_deg,-1.9189240485215278
0.9132860800000001,1758893480.466286080,/studio/euler_deg.meas_yaw_deg,-1.9189240485215278
0.9169196740000001,1758893480.469919674,/studio/euler_deg.meas_yaw_deg,-1.9189240485215278
0.9200768340000001,1758893480.473076834,/studio/euler_deg.meas_yaw_deg,-1.9189240485215278
0.9201527770000001,1758893480.473152777,/studio/euler_deg.meas_yaw_deg,-1.9621381222939889
0.9235765560000001,1758893480.476576556,/studio/euler_deg.meas_yaw_deg,-1.9621381222939889
0.9266629110000001,1758893480.479662911,/studio/euler_deg.meas_yaw_deg,-1.9621381222939889
0.9299581410000001,1758893480.482958141,/studio/euler_deg.meas_yaw_deg,-1.9621381222939889
0.930114521,1758893480.483114521,/studio/euler_deg.meas_yaw_deg,-2.0012532156334077
0.9334460830000001,1758893480.486446083,/studio/euler_deg.meas_yaw_deg,-2.0012532156334077
0.936716458,1758893480.489716458,/studio/euler_deg.meas_yaw_deg,-2.0012532156334077
0.93811283,1758893480.491112830,/studio/euler_deg.meas_yaw_deg,-2.0266543320247785
0.939980816,1758893480.492980816,/studio/euler_deg.meas_yaw_deg,-2.0266543320247785
0.9433426300000001,1758893480.496342630,/studio/euler_deg.meas_yaw_deg,-2.0266543320247785
0.9467296890000001,1758893480.499729689,/studio/euler_deg.meas_yaw_deg,-2.0266543320247785
0.950014015,1758893480.503014015,/studio/euler_deg.meas_yaw_deg,-2.0266543320247785
0.950121603,1758893480.503121603,/studio/euler_deg.meas_yaw_deg,-2.0706781889686017
0.953286257,1758893480.506286257,/studio/euler_deg.meas_yaw_deg,-2.0706781889686017
0.9566286070000001,1758893480.509628607,/studio/euler_deg.meas_yaw_deg,-2.0706781889686017
0.9581184260000001,1758893480.511118426,/studio/euler_deg.meas_yaw_deg,-2.0495947343236565
0.9599304320000001,1758893480.512930432,/studio/euler_deg.meas_yaw_deg,-2.0495947343236565
0.963448013,1758893480.516448013,/studio/euler_deg.meas_yaw_deg,-2.0495947343236565
0.966646302,1758893480.519646302,/studio/euler_deg.meas_yaw_deg,-2.0495947343236565
0.9700197290000001,1758893480.523019729,/studio/euler_deg.meas_yaw_deg,-2.0495947343236565
0.9700997680000001,1758893480.523099768,/studio/euler_deg.meas_yaw_deg,-2.0590560404657965
0.9733900430000001,1758893480.526390043,/studio/euler_deg.meas_yaw_deg,-2.0590560404657965
0.9765949060000001,1758893480.529594906,/studio/euler_deg.meas_yaw_deg,-2.0590560404657965
0.9799564220000001,1758893480.532956422,/studio/euler_deg.meas_yaw_deg,-2.0590560404657965
0.9801367590000001,1758893480.533136759,/studio/euler_deg.meas_yaw_deg,-2.084682664836853
0.9835661280000001,1758893480.536566128,/studio/euler_deg.meas_yaw_deg,-2.084682664836853
0.9867163840000001,1758893480.539716384,/studio/euler_deg.meas_yaw_deg,-2.084682664836853
0.988101627,1758893480.541101627,/studio/euler_deg.meas_yaw_deg,-2.130137756235356
0.9899321710000001,1758893480.542932171,/studio/euler_deg.meas_yaw_deg,-2.130137756235356
0.993308834,1758893480.546308834,/studio/euler_deg.meas_yaw_deg,-2.130137756235356
0.9966402950000001,1758893480.549640295,/studio/euler_deg.meas_yaw_deg,-2.130137756235356
1.000111704,1758893480.553111704,/studio/euler_deg.meas_yaw_deg,-2.149739845221258
1.000282534,1758893480.553282534,/studio/euler_deg.meas_yaw_deg,-2.149739845221258
1.003464841,1758893480.556464841,/studio/euler_deg.meas_yaw_deg,-2.149739845221258
1.010138063,1758893480.563138063,/studio/euler_deg.meas_yaw_deg,-2.16301095675366
1.020208041,1758893480.573208041,/studio/euler_deg.meas_yaw_deg,-2.1931142017201566
1.020838027,1758893480.573838027,/studio/euler_deg.meas_yaw_deg,-2.1931142017201566
1.020840872,1758893480.573840872,/studio/euler_deg.meas_yaw_deg,-2.1931142017201566
1.020843091,1758893480.573843091,/studio/euler_deg.meas_yaw_deg,-2.1931142017201566
1.020846634,1758893480.573846634,/studio/euler_deg.meas_yaw_deg,-2.1931142017201566
1.024722563,1758893480.577722563,/studio/euler_deg.meas_yaw_deg,-2.1931142017201566
1.024725655,1758893480.577725655,/studio/euler_deg.meas_yaw_deg,-2.1931142017201566
1.026568259,1758893480.579568259,/studio/euler_deg.meas_yaw_deg,-2.1931142017201566
1.030099979,1758893480.583099979,/studio/euler_deg.meas_yaw_deg,-2.2245525372085915
1.030135669,1758893480.583135669,/studio/euler_deg.meas_yaw_deg,-2.2245525372085915
1.033257275,1758893480.586257275,/studio/euler_deg.meas_yaw_deg,-2.2245525372085915
1.03665402,1758893480.589654020,/studio/euler_deg.meas_yaw_deg,-2.2245525372085915
1.040083166,1758893480.593083166,/studio/euler_deg.meas_yaw_deg,-2.219266088383862
1.040202117,1758893480.593202117,/studio/euler_deg.meas_yaw_deg,-2.219266088383862
1.043600961,1758893480.596600961,/studio/euler_deg.meas_yaw_deg,-2.219266088383862
1.046812012,1758893480.599812012,/studio/euler_deg.meas_yaw_deg,-2.219266088383862
1.050081457,1758893480.603081457,/studio/euler_deg.meas_yaw_deg,-2.2499363176570353
1.050115988,1758893480.603115988,/studio/euler_deg.meas_yaw_deg,-2.2499363176570353
1.053348755,1758893480.606348755,/studio/euler_deg.meas_yaw_deg,-2.2499363176570353
1.056705086,1758893480.609705086,/studio/euler_deg.meas_yaw_deg,-2.2499363176570353
1.060212948,1758893480.613212948,/studio/euler_deg.meas_yaw_deg,-2.2639821866156895
1.060319762,1758893480.613319762,/studio/euler_deg.meas_yaw_deg,-2.2639821866156895
1.063362342,1758893480.616362342,/studio/euler_deg.meas_yaw_deg,-2.2639821866156895
1.066673156,1758893480.619673156,/studio/euler_deg.meas_yaw_deg,-2.2639821866156895
1.068118976,1758893480.621118976,/studio/euler_deg.meas_yaw_deg,-2.118368091285789
1.069983176,1758893480.622983176,/studio/euler_deg.meas_yaw_deg,-2.118368091285789
1.073323776,1758893480.626323776,/studio/euler_deg.meas_yaw_deg,-2.118368091285789
1.076645033,1758893480.629645033,/studio/euler_deg.meas_yaw_deg,-2.118368091285789
1.079920906,1758893480.632920906,/studio/euler_deg.meas_yaw_deg,-2.118368091285789
1.080123402,1758893480.633123402,/studio/euler_deg.meas_yaw_deg,-2.144720470314977
1.083408407,1758893480.636408407,/studio/euler_deg.meas_yaw_deg,-2.144720470314977
1.086492266,1758893480.639492266,/studio/euler_deg.meas_yaw_deg,-2.144720470314977
1.08992053,1758893480.642920530,/studio/euler_deg.meas_yaw_deg,-2.144720470314977
1.0901587130000001,1758893480.643158713,/studio/euler_deg.meas_yaw_deg,-2.1754360509837114
1.093226992,1758893480.646226992,/studio/euler_deg.meas_yaw_deg,-2.1754360509837114
1.096531258,1758893480.649531258,/studio/euler_deg.meas_yaw_deg,-2.1754360509837114
1.099816485,1758893480.652816485,/studio/euler_deg.meas_yaw_deg,-2.1754360509837114
1.100113804,1758893480.653113804,/studio/euler_deg.meas_yaw_deg,-2.1493055475410654
1.103309415,1758893480.656309415,/studio/euler_deg.meas_yaw_deg,-2.1493055475410654
1.106558293,1758893480.659558293,/studio/euler_deg.meas_yaw_deg,-2.1493055475410654
1.109941796,1758893480.662941796,/studio/euler_deg.meas_yaw_deg,-2.1493055475410654
1.110108066,1758893480.663108066,/studio/euler_deg.meas_yaw_deg,-2.190198527463663
1.113309354,1758893480.666309354,/studio/euler_deg.meas_yaw_deg,-2.190198527463663
1.116431693,1758893480.669431693,/studio/euler_deg.meas_yaw_deg,-2.190198527463663
1.119752949,1758893480.672752949,/studio/euler_deg.meas_yaw_deg,-2.190198527463663
1.120117673,1758893480.673117673,/studio/euler_deg.meas_yaw_deg,-2.216565243196051
1.123413917,1758893480.676413917,/studio/euler_deg.meas_yaw_deg,-2.216565243196051
1.127108135,1758893480.680108135,/studio/euler_deg.meas_yaw_deg,-2.216565243196051
1.12992722,1758893480.682927220,/studio/euler_deg.meas_yaw_deg,-2.216565243196051
1.130111806,1758893480.683111806,/studio/euler_deg.meas_yaw_deg,-2.2126962641073247
1.133064801,1758893480.686064801,/studio/euler_deg.meas_yaw_deg,-2.2126962641073247
1.136604149,1758893480.689604149,/studio/euler_deg.meas_yaw_deg,-2.2126962641073247
1.139920122,1758893480.692920122,/studio/euler_deg.meas_yaw_deg,-2.2126962641073247
1.140119103,1758893480.693119103,/studio/euler_deg.meas_yaw_deg,-2.2871329510590477
1.143181408,1758893480.696181408,/studio/euler_deg.meas_yaw_deg,-2.2871329510590477
1.14655248,1758893480.699552480,/studio/euler_deg.meas_yaw_deg,-2.2871329510590477
1.149726672,1758893480.702726672,/studio/euler_deg.meas_yaw_deg,-2.2871329510590477
1.150106181,1758893480.703106181,/studio/euler_deg.meas_yaw_deg,-2.2805348697183287
1.153099012,1758893480.706099012,/studio/euler_deg.meas_yaw_deg,-2.2805348697183287
1.156487946,1758893480.709487946,/studio/euler_deg.meas_yaw_deg,-2.2805348697183287
1.158128658,1758893480.711128658,/studio/euler_deg.meas_yaw_deg,-2.296951170496883
1.159867499,1758893480.712867499,/studio/euler_deg.meas_yaw_deg,-2.296951170496883
1.163106569,1758893480.716106569,/studio/euler_deg.meas_yaw_deg,-2.296951170496883
1.166430417,1758893480.719430417,/studio/euler_deg.meas_yaw_deg,-2.296951170496883
1.168157967,1758893480.721157967,/studio/euler_deg.meas_yaw_deg,-2.3171500022788853
1.16978605,1758893480.722786050,/studio/euler_deg.meas_yaw_deg,-2.3171500022788853
1.173098511,1758893480.726098511,/studio/euler_deg.meas_yaw_deg,-2.3171500022788853
1.176406598,1758893480.729406598,/studio/euler_deg.meas_yaw_deg,-2.3171500022788853
1.179853625,1758893480.732853625,/studio/euler_deg.meas_yaw_deg,-2.3171500022788853
1.180097068,1758893480.733097068,/studio/euler_deg.meas_yaw_deg,-2.310250462421024
1.183177627,1758893480.736177627,/studio/euler_deg.meas_yaw_deg,-2.310250462421024
1.1863985160000001,1758893480.739398516,/studio/euler_deg.meas_yaw_deg,-2.310250462421024
1.189770731,1758893480.742770731,/studio/euler_deg.meas_yaw_deg,-2.310250462421024
1.190120038,1758893480.743120038,/studio/euler_deg.meas_yaw_deg,-2.3237991205086117
1.193082689,1758893480.746082689,/studio/euler_deg.meas_yaw_deg,-2.3237991205086117
1.196382319,1758893480.749382319,/studio/euler_deg.meas_yaw_deg,-2.3237991205086117
1.199747293,1758893480.752747293,/studio/euler_deg.meas_yaw_deg,-2.3237991205086117
1.200097237,1758893480.753097237,/studio/euler_deg.meas_yaw_deg,-2.361381867546662
1.203013256,1758893480.756013256,/studio/euler_deg.meas_yaw_deg,-2.361381867546662
1.206522603,1758893480.759522603,/studio/euler_deg.meas_yaw_deg,-2.361381867546662
1.208117715,1758893480.761117715,/studio/euler_deg.meas_yaw_deg,-2.5550049553669236
1.220145442,1758893480.773145442,/studio/euler_deg.meas_yaw_deg,-2.4626611368650315
1.224013197,1758893480.777013197,/studio/euler_deg.meas_yaw_deg,-2.4626611368650315
1.224016882,1758893480.777016882,/studio/euler_deg.meas_yaw_deg,-2.4626611368650315
1.224022112,1758893480.777022112,/studio/euler_deg.meas_yaw_deg,-2.4626611368650315
1.224025186,1758893480.777025186,/studio/euler_deg.meas_yaw_deg,-2.4626611368650315
1.228597479,1758893480.781597479,/studio/euler_deg.meas_yaw_deg,-2.4626611368650315
1.228601333,1758893480.781601333,/studio/euler_deg.meas_yaw_deg,-2.4626611368650315
1.230115509,1758893480.783115509,/studio/euler_deg.meas_yaw_deg,-2.4116335585283823
1.2305258430000001,1758893480.783525843,/studio/euler_deg.meas_yaw_deg,-2.4116335585283823
1.233039243,1758893480.786039243,/studio/euler_deg.meas_yaw_deg,-2.4116335585283823
1.236393724,1758893480.789393724,/studio/euler_deg.meas_yaw_deg,-2.4116335585283823
1.239709541,1758893480.792709541,/studio/euler_deg.meas_yaw_deg,-2.4116335585283823
1.24014659,1758893480.793146590,/studio/euler_deg.meas_yaw_deg,-2.4683322224433075
1.243051059,1758893480.796051059,/studio/euler_deg.meas_yaw_deg,-2.4683322224433075
1.24639717,1758893480.799397170,/studio/euler_deg.meas_yaw_deg,-2.4683322224433075
1.248125485,1758893480.801125485,/studio/euler_deg.meas_yaw_deg,-2.3771855693480926
1.249681223,1758893480.802681223,/studio/euler_deg.meas_yaw_deg,-2.3771855693480926
1.252996225,1758893480.805996225,/studio/euler_deg.meas_yaw_deg,-2.3771855693480926
1.256336735,1758893480.809336735,/studio/euler_deg.meas_yaw_deg,-2.3771855693480926
1.259778951,1758893480.812778951,/studio/euler_deg.meas_yaw_deg,-2.3771855693480926
1.260130893,1758893480.813130893,/studio/euler_deg.meas_yaw_deg,-2.4312596083190963
1.2630890350000001,1758893480.816089035,/studio/euler_deg.meas_yaw_deg,-2.4312596083190963
1.266391761,1758893480.819391761,/studio/euler_deg.meas_yaw_deg,-2.4312596083190963
1.269904946,1758893480.822904946,/studio/euler_deg.meas_yaw_deg,-2.4312596083190963
1.270162195,1758893480.823162195,/studio/euler_deg.meas_yaw_deg,-2.4398412721942924
1.273457347,1758893480.826457347,/studio/euler_deg.meas_yaw_deg,-2.4398412721942924
1.276468638,1758893480.829468638,/studio/euler_deg.meas_yaw_deg,-2.4398412721942924
1.278141,1758893480.831141000,/studio/euler_deg.meas_yaw_deg,-2.4508610857020714
1.27989968,1758893480.832899680,/studio/euler_deg.meas_yaw_deg,-2.4508610857020714
1.283446845,1758893480.836446845,/studio/euler_deg.meas_yaw_deg,-2.4508610857020714
1.286202416,1758893480.839202416,/studio/euler_deg.meas_yaw_deg,-2.4508610857020714
1.289644515,1758893480.842644515,/studio/euler_deg.meas_yaw_deg,-2.4508610857020714
1.290171515,1758893480.843171515,/studio/euler_deg.meas_yaw_deg,-2.371735961356474
1.2932915600000001,1758893480.846291560,/studio/euler_deg.meas_yaw_deg,-2.371735961356474
1.296331394,1758893480.849331394,/studio/euler_deg.meas_yaw_deg,-2.371735961356474
1.2996271799999999,1758893480.852627180,/studio/euler_deg.meas_yaw_deg,-2.371735961356474
1.300141956,1758893480.853141956,/studio/euler_deg.meas_yaw_deg,-2.393690983914385
1.30294571,1758893480.855945710,/studio/euler_deg.meas_yaw_deg,-2.393690983914385
1.306455974,1758893480.859455974,/studio/euler_deg.meas_yaw_deg,-2.393690983914385
1.308158605,1758893480.861158605,/studio/euler_deg.meas_yaw_deg,-2.387102574514026
1.309859431,1758893480.862859431,/studio/euler_deg.meas_yaw_deg,-2.387102574514026
1.313116941,1758893480.866116941,/studio/euler_deg.meas_yaw_deg,-2.387102574514026
1.316447968,1758893480.869447968,/studio/euler_deg.meas_yaw_deg,-2.387102574514026
1.319818498,1758893480.872818498,/studio/euler_deg.meas_yaw_deg,-2.387102574514026
1.320120308,1758893480.873120308,/studio/euler_deg.meas_yaw_deg,-2.402203760160752
1.322918716,1758893480.875918716,/studio/euler_deg.meas_yaw_deg,-2.402203760160752
1.326485311,1758893480.879485311,/studio/euler_deg.meas_yaw_deg,-2.402203760160752
1.328189303,1758893480.881189303,/studio/euler_deg.meas_yaw_deg,-2.46702693029077
1.329719768,1758893480.882719768,/studio/euler_deg.meas_yaw_deg,-2.46702693029077
1.332907383,1758893480.885907383,/studio/euler_deg.meas_yaw_deg,-2.46702693029077
1.336208337,1758893480.889208337,/studio/euler_deg.meas_yaw_deg,-2.46702693029077
1.34012677,1758893480.893126770,/studio/euler_deg.meas_yaw_deg,-2.4475791783882705
1.340160664,1758893480.893160664,/studio/euler_deg.meas_yaw_deg,-2.4475791783882705
1.3443282970000001,1758893480.897328297,/studio/euler_deg.meas_yaw_deg,-2.4475791783882705
1.350172448,1758893480.903172448,/studio/euler_deg.meas_yaw_deg,-2.456860059709303
1.35322234,1758893480.906222340,/studio/euler_deg.meas_yaw_deg,-2.456860059709303
1.354396866,1758893480.907396866,/studio/euler_deg.meas_yaw_deg,-2.456860059709303
1.354405275,1758893480.907405275,/studio/euler_deg.meas_yaw_deg,-2.456860059709303
1.356259862,1758893480.909259862,/studio/euler_deg.meas_yaw_deg,-2.456860059709303
1.360049439,1758893480.913049439,/studio/euler_deg.meas_yaw_deg,-2.456860059709303
1.360167163,1758893480.913167163,/studio/euler_deg.meas_yaw_deg,-2.4856708611175233
1.364305397,1758893480.917305397,/studio/euler_deg.meas_yaw_deg,-2.4856708611175233
1.370223485,1758893480.923223485,/studio/euler_deg.meas_yaw_deg,-2.4934892532440553
1.373437234,1758893480.926437234,/studio/euler_deg.meas_yaw_deg,-2.4934892532440553
1.375663825,1758893480.928663825,/studio/euler_deg.meas_yaw_deg,-2.4934892532440553
1.375667291,1758893480.928667291,/studio/euler_deg.meas_yaw_deg,-2.4934892532440553
1.37739576,1758893480.930395760,/studio/euler_deg.meas_yaw_deg,-2.4934892532440553
1.378140208,1758893480.931140208,/studio/euler_deg.meas_yaw_deg,-2.471133231386568
1.3796097010000001,1758893480.932609701,/studio/euler_deg.meas_yaw_deg,-2.471133231386568
1.382858535,1758893480.935858535,/studio/euler_deg.meas_yaw_deg,-2.471133231386568
1.386290918,1758893480.939290918,/studio/euler_deg.meas_yaw_deg,-2.471133231386568
1.389621478,1758893480.942621478,/studio/euler_deg.meas_yaw_deg,-2.471133231386568
1.390195101,1758893480.943195101,/studio/euler_deg.meas_yaw_deg,-2.5098469187973205
1.392968506,1758893480.945968506,/studio/euler_deg.meas_yaw_deg,-2.5098469187973205
1.396232862,1758893480.949232862,/studio/euler_deg.meas_yaw_deg,-2.5098469187973205
1.399497628,1758893480.952497628,/studio/euler_deg.meas_yaw_deg,-2.5098469187973205
1.40014926,1758893480.953149260,/studio/euler_deg.meas_yaw_deg,-2.5378083052351266
1.402821292,1758893480.955821292,/studio/euler_deg.meas_yaw_deg,-2.5378083052351266
1.406298987,1758893480.959298987,/studio/euler_deg.meas_yaw_deg,-2.5378083052351266
1.409641277,1758893480.962641277,/studio/euler_deg.meas_yaw_deg,-2.5378083052351266
1.410103994,1758893480.963103994,/studio/euler_deg.meas_yaw_deg,-2.5129635045231935
1.413011371,1758893480.966011371,/studio/euler_deg.meas_yaw_deg,-2.5129635045231935
1.420147969,1758893480.973147969,/studio/euler_deg.meas_yaw_deg,-2.5444137067795096
1.430145291,1758893480.983145291,/studio/euler_deg.meas_yaw_deg,-2.6085027847156033
1.430642886,1758893480.983642886,/studio/euler_deg.meas_yaw_deg,-2.6085027847156033
1.430644739,1758893480.983644739,/studio/euler_deg.meas_yaw_deg,-2.6085027847156033
1.430649491,1758893480.983649491,/studio/euler_deg.meas_yaw_deg,-2.6085027847156033
1.430652729,1758893480.983652729,/studio/euler_deg.meas_yaw_deg,-2.6085027847156033
1.434338125,1758893480.987338125,/studio/euler_deg.meas_yaw_deg,-2.6085027847156033
1.434339997,1758893480.987339997,/studio/euler_deg.meas_yaw_deg,-2.6085027847156033
1.436580913,1758893480.989580913,/studio/euler_deg.meas_yaw_deg,-2.6085027847156033
1.438107063,1758893480.991107063,/studio/euler_deg.meas_yaw_deg,-2.6092028061029655
1.440078381,1758893480.993078381,/studio/euler_deg.meas_yaw_deg,-2.6092028061029655
1.442803255,1758893480.995803255,/studio/euler_deg.meas_yaw_deg,-2.6092028061029655
1.446111958,1758893480.999111958,/studio/euler_deg.meas_yaw_deg,-2.6092028061029655
1.449571655,1758893481.002571655,/studio/euler_deg.meas_yaw_deg,-2.6092028061029655
1.450106858,1758893481.003106858,/studio/euler_deg.meas_yaw_deg,-2.4996983447794903
1.452862467,1758893481.005862467,/studio/euler_deg.meas_yaw_deg,-2.4996983447794903
1.457202996,1758893481.010202996,/studio/euler_deg.meas_yaw_deg,-2.4996983447794903
1.458122113,1758893481.011122113,/studio/euler_deg.meas_yaw_deg,-2.552255004633217
1.4594814120000001,1758893481.012481412,/studio/euler_deg.meas_yaw_deg,-2.552255004633217
1.46276841,1758893481.015768410,/studio/euler_deg.meas_yaw_deg,-2.552255004633217
1.466329189,1758893481.019329189,/studio/euler_deg.meas_yaw_deg,-2.552255004633217
1.468184506,1758893481.021184506,/studio/euler_deg.meas_yaw_deg,-2.6782652268191818
1.4697308150000001,1758893481.022730815,/studio/euler_deg.meas_yaw_deg,-2.6782652268191818
1.4727884,1758893481.025788400,/studio/euler_deg.meas_yaw_deg,-2.6782652268191818
1.476118884,1758893481.029118884,/studio/euler_deg.meas_yaw_deg,-2.6782652268191818
1.479490141,1758893481.032490141,/studio/euler_deg.meas_yaw_deg,-2.6782652268191818
1.480179342,1758893481.033179342,/studio/euler_deg.meas_yaw_deg,-2.7505042780076403
1.482822816,1758893481.035822816,/studio/euler_deg.meas_yaw_deg,-2.7505042780076403
1.486643422,1758893481.039643422,/studio/euler_deg.meas_yaw_deg,-2.7505042780076403
1.4881745180000001,1758893481.041174518,/studio/euler_deg.meas_yaw_deg,-2.840235762952767
1.489492838,1758893481.042492838,/studio/euler_deg.meas_yaw_deg,-2.840235762952767
1.492752587,1758893481.045752587,/studio/euler_deg.meas_yaw_deg,-2.840235762952767
1.496335116,1758893481.049335116,/studio/euler_deg.meas_yaw_deg,-2.840235762952767
1.4981448080000002,1758893481.051144808,/studio/euler_deg.meas_yaw_deg,-2.932341982266874
1.499521989,1758893481.052521989,/studio/euler_deg.meas_yaw_deg,-2.932341982266874
1.50275091,1758893481.055750910,/studio/euler_deg.meas_yaw_deg,-2.932341982266874
1.5063180219999999,1758893481.059318022,/studio/euler_deg.meas_yaw_deg,-2.932341982266874
1.508191969,1758893481.061191969,/studio/euler_deg.meas_yaw_deg,-2.987468834312928
1.5094731270000001,1758893481.062473127,/studio/euler_deg.meas_yaw_deg,-2.987468834312928
1.512744501,1758893481.065744501,/studio/euler_deg.meas_yaw_deg,-2.987468834312928
1.516127041,1758893481.069127041,/studio/euler_deg.meas_yaw_deg,-2.987468834312928
1.518160331,1758893481.071160331,/studio/euler_deg.meas_yaw_deg,-3.177496247117364
1.519751749,1758893481.072751749,/studio/euler_deg.meas_yaw_deg,-3.177496247117364
1.522809572,1758893481.075809572,/studio/euler_deg.meas_yaw_deg,-3.177496247117364
1.5259804250000002,1758893481.078980425,/studio/euler_deg.meas_yaw_deg,-3.177496247117364
1.529465911,1758893481.082465911,/studio/euler_deg.meas_yaw_deg,-3.177496247117364
1.530153058,1758893481.083153058,/studio/euler_deg.meas_yaw_deg,-3.248344178597849
1.532855423,1758893481.085855423,/studio/euler_deg.meas_yaw_deg,-3.248344178597849
1.536770605,1758893481.089770605,/studio/euler_deg.meas_yaw_deg,-3.248344178597849
1.5396710260000002,1758893481.092671026,/studio/euler_deg.meas_yaw_deg,-3.248344178597849
1.540150514,1758893481.093150514,/studio/euler_deg.meas_yaw_deg,-3.331634419200552
1.54267577,1758893481.095675770,/studio/euler_deg.meas_yaw_deg,-3.331634419200552
1.546017004,1758893481.099017004,/studio/euler_deg.meas_yaw_deg,-3.331634419200552
1.549516506,1758893481.102516506,/studio/euler_deg.meas_yaw_deg,-3.331634419200552
1.550157251,1758893481.103157251,/studio/euler_deg.meas_yaw_deg,-3.469507782092686
1.552878207,1758893481.105878207,/studio/euler_deg.meas_yaw_deg,-3.469507782092686
1.556025735,1758893481.109025735,/studio/euler_deg.meas_yaw_deg,-3.469507782092686
1.5581643230000002,1758893481.111164323,/studio/euler_deg.meas_yaw_deg,-3.7738140806336116
1.559530139,1758893481.112530139,/studio/euler_deg.meas_yaw_deg,-3.7738140806336116
1.562795241,1758893481.115795241,/studio/euler_deg.meas_yaw_deg,-3.7738140806336116
1.56605639,1758893481.119056390,/studio/euler_deg.meas_yaw_deg,-3.7738140806336116
1.569512558,1758893481.122512558,/studio/euler_deg.meas_yaw_deg,-3.7738140806336116
1.570181139,1758893481.123181139,/studio/euler_deg.meas_yaw_deg,-3.91132936531985
1.572651875,1758893481.125651875,/studio/euler_deg.meas_yaw_deg,-3.91132936531985
1.576004609,1758893481.129004609,/studio/euler_deg.meas_yaw_deg,-3.91132936531985
1.5794088780000002,1758893481.132408878,/studio/euler_deg.meas_yaw_deg,-3.91132936531985
1.580123763,1758893481.133123763,/studio/euler_deg.meas_yaw_deg,-4.223387563804864
1.582765065,1758893481.135765065,/studio/euler_deg.meas_yaw_deg,-4.223387563804864
1.586041402,1758893481.139041402,/studio/euler_deg.meas_yaw_deg,-4.223387563804864
1.589358422,1758893481.142358422,/studio/euler_deg.meas_yaw_deg,-4.223387563804864
1.590113091,1758893481.143113091,/studio/euler_deg.meas_yaw_deg,-4.555806088030651
1.5927313889999999,1758893481.145731389,/studio/euler_deg.meas_yaw_deg,-4.555806088030651
1.595973258,1758893481.148973258,/studio/euler_deg.meas_yaw_deg,-4.555806088030651
1.598109454,1758893481.151109454,/studio/euler_deg.meas_yaw_deg,-4.741303506242016
1.599448789,1758893481.152448789,/studio/euler_deg.meas_yaw_deg,-4.741303506242016
1.602722838,1758893481.155722838,/studio/euler_deg.meas_yaw_deg,-4.741303506242016
1.606005852,1758893481.159005852,/studio/euler_deg.meas_yaw_deg,-4.741303506242016
1.609299013,1758893481.162299013,/studio/euler_deg.meas_yaw_deg,-4.741303506242016
1.6101234070000001,1758893481.163123407,/studio/euler_deg.meas_yaw_deg,-5.014735387224805
1.612616755,1758893481.165616755,/studio/euler_deg.meas_yaw_deg,-5.014735387224805
1.616030569,1758893481.169030569,/studio/euler_deg.meas_yaw_deg,-5.014735387224805
1.618094336,1758893481.171094336,/studio/euler_deg.meas_yaw_deg,-5.436701576278269
1.628183122,1758893481.181183122,/studio/euler_deg.meas_yaw_deg,-6.086726102470849
1.6334379920000002,1758893481.186437992,/studio/euler_deg.meas_yaw_deg,-6.086726102470849
1.63343944,1758893481.186439440,/studio/euler_deg.meas_yaw_deg,-6.086726102470849
1.6334675619999999,1758893481.186467562,/studio/euler_deg.meas_yaw_deg,-6.086726102470849
1.633477289,1758893481.186477289,/studio/euler_deg.meas_yaw_deg,-6.086726102470849
1.6381721200000001,1758893481.191172120,/studio/euler_deg.meas_yaw_deg,-6.086726102470849
1.6381763020000002,1758893481.191176302,/studio/euler_deg.meas_yaw_deg,-6.086726102470849
1.639687319,1758893481.192687319,/studio/euler_deg.meas_yaw_deg,-6.086726102470849
1.6401478690000002,1758893481.193147869,/studio/euler_deg.meas_yaw_deg,-6.4532324336294415
1.642631176,1758893481.195631176,/studio/euler_deg.meas_yaw_deg,-6.4532324336294415
1.6458860240000002,1758893481.198886024,/studio/euler_deg.meas_yaw_deg,-6.4532324336294415
1.6491952,1758893481.202195200,/studio/euler_deg.meas_yaw_deg,-6.4532324336294415
1.650141416,1758893481.203141416,/studio/euler_deg.meas_yaw_deg,-6.973515736943704
1.6527727570000001,1758893481.205772757,/studio/euler_deg.meas_yaw_deg,-6.973515736943704
1.655933053,1758893481.208933053,/studio/euler_deg.meas_yaw_deg,-6.973515736943704
1.6594519980000002,1758893481.212451998,/studio/euler_deg.meas_yaw_deg,-6.973515736943704
1.660162304,1758893481.213162304,/studio/euler_deg.meas_yaw_deg,-7.24369257397478
1.6626154560000002,1758893481.215615456,/studio/euler_deg.meas_yaw_deg,-7.24369257397478
1.66588552,1758893481.218885520,/studio/euler_deg.meas_yaw_deg,-7.24369257397478
1.669270944,1758893481.222270944,/studio/euler_deg.meas_yaw_deg,-7.24369257397478
1.670144369,1758893481.223144369,/studio/euler_deg.meas_yaw_deg,-7.813946348051768
1.672789764,1758893481.225789764,/studio/euler_deg.meas_yaw_deg,-7.813946348051768
1.675968545,1758893481.228968545,/studio/euler_deg.meas_yaw_deg,-7.813946348051768
1.679182193,1758893481.232182193,/studio/euler_deg.meas_yaw_deg,-7.813946348051768
1.680185737,1758893481.233185737,/studio/euler_deg.meas_yaw_deg,-8.313662760469377
1.6826683340000002,1758893481.235668334,/studio/euler_deg.meas_yaw_deg,-8.313662760469377
1.686011933,1758893481.239011933,/studio/euler_deg.meas_yaw_deg,-8.313662760469377
1.688201585,1758893481.241201585,/studio/euler_deg.meas_yaw_deg,-8.8430272320856
1.689308038,1758893481.242308038,/studio/euler_deg.meas_yaw_deg,-8.8430272320856
1.692939438,1758893481.245939438,/studio/euler_deg.meas_yaw_deg,-8.8430272320856
1.695927449,1758893481.248927449,/studio/euler_deg.meas_yaw_deg,-8.8430272320856
1.698091757,1758893481.251091757,/studio/euler_deg.meas_yaw_deg,-9.34823880540394
1.6992490500000001,1758893481.252249050,/studio/euler_deg.meas_yaw_deg,-9.34823880540394
1.702590271,1758893481.255590271,/studio/euler_deg.meas_yaw_deg,-9.34823880540394
1.705887695,1758893481.258887695,/studio/euler_deg.meas_yaw_deg,-9.34823880540394
1.7081763300000001,1758893481.261176330,/studio/euler_deg.meas_yaw_deg,-9.96710767987747
1.7092589980000001,1758893481.262258998,/studio/euler_deg.meas_yaw_deg,-9.96710767987747
1.7126901970000001,1758893481.265690197,/studio/euler_deg.meas_yaw_deg,-9.96710767987747
1.715932527,1758893481.268932527,/studio/euler_deg.meas_yaw_deg,-9.96710767987747
1.719477407,1758893481.272477407,/studio/euler_deg.meas_yaw_deg,-9.96710767987747
1.720167905,1758893481.273167905,/studio/euler_deg.meas_yaw_deg,-10.61848012382314
1.722608386,1758893481.275608386,/studio/euler_deg.meas_yaw_deg,-10.61848012382314
1.726165688,1758893481.279165688,/studio/euler_deg.meas_yaw_deg,-10.61848012382314
1.7281195180000002,1758893481.281119518,/studio/euler_deg.meas_yaw_deg,-11.263198502356694
1.729176522,1758893481.282176522,/studio/euler_deg.meas_yaw_deg,-11.263198502356694
1.732545669,1758893481.285545669,/studio/euler_deg.meas_yaw_deg,-11.263198502356694
1.7358636930000002,1758893481.288863693,/studio/euler_deg.meas_yaw_deg,-11.263198502356694
1.7394233950000002,1758893481.292423395,/studio/euler_deg.meas_yaw_deg,-11.263198502356694
1.740169001,1758893481.293169001,/studio/euler_deg.meas_yaw_deg,-11.97671258310668
1.7424452330000002,1758893481.295445233,/studio/euler_deg.meas_yaw_deg,-11.97671258310668
1.746960879,1758893481.299960879,/studio/euler_deg.meas_yaw_deg,-11.97671258310668
1.7493026660000002,1758893481.302302666,/studio/euler_deg.meas_yaw_deg,-11.97671258310668
1.750132236,1758893481.303132236,/studio/euler_deg.meas_yaw_deg,-12.723829348559319
1.7525208700000001,1758893481.305520870,/studio/euler_deg.meas_yaw_deg,-12.723829348559319
1.756586309,1758893481.309586309,/studio/euler_deg.meas_yaw_deg,-12.723829348559319
1.75814535,1758893481.311145350,/studio/euler_deg.meas_yaw_deg,-13.507285047968383
1.75940329,1758893481.312403290,/studio/euler_deg.meas_yaw_deg,-13.507285047968383
1.762725421,1758893481.315725421,/studio/euler_deg.meas_yaw_deg,-13.507285047968383
1.768915819,1758893481.321915819,/studio/euler_deg.meas_yaw_deg,-13.507285047968383
1.770112799,1758893481.323112799,/studio/euler_deg.meas_yaw_deg,-14.330207703688776
1.770484514,1758893481.323484514,/studio/euler_deg.meas_yaw_deg,-14.330207703688776
1.773016132,1758893481.326016132,/studio/euler_deg.meas_yaw_deg,-14.330207703688776
1.775951375,1758893481.328951375,/studio/euler_deg.meas_yaw_deg,-14.330207703688776
1.779191216,1758893481.332191216,/studio/euler_deg.meas_yaw_deg,-14.330207703688776
1.780102608,1758893481.333102608,/studio/euler_deg.meas_yaw_deg,-15.714316716402514
1.7831612410000002,1758893481.336161241,/studio/euler_deg.meas_yaw_deg,-15.714316716402514
1.787688498,1758893481.340688498,/studio/euler_deg.meas_yaw_deg,-15.714316716402514
1.788094492,1758893481.341094492,/studio/euler_deg.meas_yaw_deg,-16.175437171078258
1.7893030740000002,1758893481.342303074,/studio/euler_deg.meas_yaw_deg,-16.175437171078258
1.792543367,1758893481.345543367,/studio/euler_deg.meas_yaw_deg,-16.175437171078258
1.7980920340000002,1758893481.351092034,/studio/euler_deg.meas_yaw_deg,-16.175437171078258
1.799269483,1758893481.352269483,/studio/euler_deg.meas_yaw_deg,-16.175437171078258
1.8001026470000001,1758893481.353102647,/studio/euler_deg.meas_yaw_deg,-17.04401672753874
1.802579707,1758893481.355579707,/studio/euler_deg.meas_yaw_deg,-17.04401672753874
1.805883771,1758893481.358883771,/studio/euler_deg.meas_yaw_deg,-17.04401672753874
1.809187263,1758893481.362187263,/studio/euler_deg.meas_yaw_deg,-17.04401672753874
1.810140891,1758893481.363140891,/studio/euler_deg.meas_yaw_deg,-17.977466101224465
1.812434648,1758893481.365434648,/studio/euler_deg.meas_yaw_deg,-17.977466101224465
1.816251098,1758893481.369251098,/studio/euler_deg.meas_yaw_deg,-17.977466101224465
1.820122789,1758893481.373122789,/studio/euler_deg.meas_yaw_deg,-18.881050533213358
1.820473411,1758893481.373473411,/studio/euler_deg.meas_yaw_deg,-18.881050533213358
1.830329523,1758893481.383329523,/studio/euler_deg.meas_yaw_deg,-19.68397351559311
1.838185312,1758893481.391185312,/studio/euler_deg.meas_yaw_deg,-20.675438909136826
1.8418429330000001,1758893481.394842933,/studio/euler_deg.meas_yaw_deg,-20.675438909136826
1.841847856,1758893481.394847856,/studio/euler_deg.meas_yaw_deg,-20.675438909136826
1.8418509410000001,1758893481.394850941,/studio/euler_deg.meas_yaw_deg,-20.675438909136826
1.8418538130000002,1758893481.394853813,/studio/euler_deg.meas_yaw_deg,-20.675438909136826
1.8428354960000002,1758893481.395835496,/studio/euler_deg.meas_yaw_deg,-20.675438909136826
1.842838606,1758893481.395838606,/studio/euler_deg.meas_yaw_deg,-20.675438909136826
1.8428403750000002,1758893481.395840375,/studio/euler_deg.meas_yaw_deg,-20.675438909136826
1.846839581,1758893481.399839581,/studio/euler_deg.meas_yaw_deg,-20.675438909136826
1.849421553,1758893481.402421553,/studio/euler_deg.meas_yaw_deg,-20.675438909136826
1.850106559,1758893481.403106559,/studio/euler_deg.meas_yaw_deg,-21.742481720290687
1.852783557,1758893481.405783557,/studio/euler_deg.meas_yaw_deg,-21.742481720290687
1.856548439,1758893481.409548439,/studio/euler_deg.meas_yaw_deg,-21.742481720290687
1.858168773,1758893481.411168773,/studio/euler_deg.meas_yaw_deg,-23.19359944468062
1.859316722,1758893481.412316722,/studio/euler_deg.meas_yaw_deg,-23.19359944468062
1.862625629,1758893481.415625629,/studio/euler_deg.meas_yaw_deg,-23.19359944468062
1.865741367,1758893481.418741367,/studio/euler_deg.meas_yaw_deg,-23.19359944468062
1.8681057820000002,1758893481.421105782,/studio/euler_deg.meas_yaw_deg,-24.310149276837436
1.868976907,1758893481.421976907,/studio/euler_deg.meas_yaw_deg,-24.310149276837436
1.873044203,1758893481.426044203,/studio/euler_deg.meas_yaw_deg,-24.310149276837436
1.875755894,1758893481.428755894,/studio/euler_deg.meas_yaw_deg,-24.310149276837436
1.87917859,1758893481.432178590,/studio/euler_deg.meas_yaw_deg,-24.310149276837436
1.880103406,1758893481.433103406,/studio/euler_deg.meas_yaw_deg,-25.45022337551561
1.882390545,1758893481.435390545,/studio/euler_deg.meas_yaw_deg,-25.45022337551561
1.886379952,1758893481.439379952,/studio/euler_deg.meas_yaw_deg,-25.45022337551561
1.888222969,1758893481.441222969,/studio/euler_deg.meas_yaw_deg,-26.320535348433825
1.888955743,1758893481.441955743,/studio/euler_deg.meas_yaw_deg,-26.320535348433825
1.893076902,1758893481.446076902,/studio/euler_deg.meas_yaw_deg,-26.320535348433825
1.896450486,1758893481.449450486,/studio/euler_deg.meas_yaw_deg,-26.320535348433825
1.8998347720000002,1758893481.452834772,/studio/euler_deg.meas_yaw_deg,-26.320535348433825
1.900127301,1758893481.453127301,/studio/euler_deg.meas_yaw_deg,-27.442352298460126
1.902750884,1758893481.455750884,/studio/euler_deg.meas_yaw_deg,-27.442352298460126
1.906302334,1758893481.459302334,/studio/euler_deg.meas_yaw_deg,-27.442352298460126
1.90810074,1758893481.461100740,/studio/euler_deg.meas_yaw_deg,-28.60053727896227
1.909377592,1758893481.462377592,/studio/euler_deg.meas_yaw_deg,-28.60053727896227
1.912519974,1758893481.465519974,/studio/euler_deg.meas_yaw_deg,-28.60053727896227
1.916071786,1758893481.469071786,/studio/euler_deg.meas_yaw_deg,-28.60053727896227
1.9200730620000002,1758893481.473073062,/studio/euler_deg.meas_yaw_deg,-28.60053727896227
1.920130973,1758893481.473130973,/studio/euler_deg.meas_yaw_deg,-29.786247617011597
1.923104045,1758893481.476104045,/studio/euler_deg.meas_yaw_deg,-29.786247617011597
1.925888208,1758893481.478888208,/studio/euler_deg.meas_yaw_deg,-29.786247617011597
1.929085213,1758893481.482085213,/studio/euler_deg.meas_yaw_deg,-29.786247617011597
1.930169844,1758893481.483169844,/studio/euler_deg.meas_yaw_deg,-31.311293034003455
1.932774739,1758893481.485774739,/studio/euler_deg.meas_yaw_deg,-31.311293034003455
1.935902483,1758893481.488902483,/studio/euler_deg.meas_yaw_deg,-31.311293034003455
1.938881174,1758893481.491881174,/studio/euler_deg.meas_yaw_deg,-31.311293034003455
1.9401027640000001,1758893481.493102764,/studio/euler_deg.meas_yaw_deg,-32.648029991988835
1.9426363910000002,1758893481.495636391,/studio/euler_deg.meas_yaw_deg,-32.648029991988835
1.946649268,1758893481.499649268,/studio/euler_deg.meas_yaw_deg,-32.648029991988835
1.94894626,1758893481.501946260,/studio/euler_deg.meas_yaw_deg,-32.648029991988835
1.950103553,1758893481.503103553,/studio/euler_deg.meas_yaw_deg,-34.10919536279629
1.952246307,1758893481.505246307,/studio/euler_deg.meas_yaw_deg,-34.10919536279629
1.9555729460000002,1758893481.508572946,/studio/euler_deg.meas_yaw_deg,-34.10919536279629
1.959053664,1758893481.512053664,/studio/euler_deg.meas_yaw_deg,-34.10919536279629
1.960127329,1758893481.513127329,/studio/euler_deg.meas_yaw_deg,-35.46990003775582
1.962300447,1758893481.515300447,/studio/euler_deg.meas_yaw_deg,-35.46990003775582
1.965706535,1758893481.518706535,/studio/euler_deg.meas_yaw_deg,-35.46990003775582
1.9689997090000002,1758893481.521999709,/studio/euler_deg.meas_yaw_deg,-35.46990003775582
1.970112913,1758893481.523112913,/studio/euler_deg.meas_yaw_deg,-36.40915906621316
1.972445869,1758893481.525445869,/studio/euler_deg.meas_yaw_deg,-36.40915906621316
1.975650173,1758893481.528650173,/studio/euler_deg.meas_yaw_deg,-36.40915906621316
1.979010732,1758893481.532010732,/studio/euler_deg.meas_yaw_deg,-36.40915906621316
1.980164189,1758893481.533164189,/studio/euler_deg.meas_yaw_deg,-37.97969493109603
1.9822758870000001,1758893481.535275887,/studio/euler_deg.meas_yaw_deg,-37.97969493109603
1.98554183,1758893481.538541830,/studio/euler_deg.meas_yaw_deg,-37.97969493109603
1.988104641,1758893481.541104641,/studio/euler_deg.meas_yaw_deg,-39.41861322359066
1.98886464,1758893481.541864640,/studio/euler_deg.meas_yaw_deg,-39.41861322359066
1.992363032,1758893481.545363032,/studio/euler_deg.meas_yaw_deg,-39.41861322359066
1.995668592,1758893481.548668592,/studio/euler_deg.meas_yaw_deg,-39.41861322359066
1.9981058200000001,1758893481.551105820,/studio/euler_deg.meas_yaw_deg,-41.33291532974528
1.9989694290000002,1758893481.551969429,/studio/euler_deg.meas_yaw_deg,-41.33291532974528
2.002275679,1758893481.555275679,/studio/euler_deg.meas_yaw_deg,-41.33291532974528
2.005537814,1758893481.558537814,/studio/euler_deg.meas_yaw_deg,-41.33291532974528
2.008970915,1758893481.561970915,/studio/euler_deg.meas_yaw_deg,-41.33291532974528
2.010148887,1758893481.563148887,/studio/euler_deg.meas_yaw_deg,-42.783324234994616
2.012276548,1758893481.565276548,/studio/euler_deg.meas_yaw_deg,-42.783324234994616
2.015563519,1758893481.568563519,/studio/euler_deg.meas_yaw_deg,-42.783324234994616
2.018844693,1758893481.571844693,/studio/euler_deg.meas_yaw_deg,-42.783324234994616
2.020092209,1758893481.573092209,/studio/euler_deg.meas_yaw_deg,-44.073122188524486
2.022442751,1758893481.575442751,/studio/euler_deg.meas_yaw_deg,-44.073122188524486
2.025591716,1758893481.578591716,/studio/euler_deg.meas_yaw_deg,-44.073122188524486
2.030196301,1758893481.583196301,/studio/euler_deg.meas_yaw_deg,-45.36592554136318
2.040127987,1758893481.593127987,/studio/euler_deg.meas_yaw_deg,-46.78782404455258
2.0441263,1758893481.597126300,/studio/euler_deg.meas_yaw_deg,-46.78782404455258
2.044128585,1758893481.597128585,/studio/euler_deg.meas_yaw_deg,-46.78782404455258
2.044130871,1758893481.597130871,/studio/euler_deg.meas_yaw_deg,-46.78782404455258
2.044133245,1758893481.597133245,/studio/euler_deg.meas_yaw_deg,-46.78782404455258
2.046382177,1758893481.599382177,/studio/euler_deg.meas_yaw_deg,-46.78782404455258
2.046385409,1758893481.599385409,/studio/euler_deg.meas_yaw_deg,-46.78782404455258
2.048943352,1758893481.601943352,/studio/euler_deg.meas_yaw_deg,-46.78782404455258
2.050116383,1758893481.603116383,/studio/euler_deg.meas_yaw_deg,-48.20222846249337
2.052246681,1758893481.605246681,/studio/euler_deg.meas_yaw_deg,-48.20222846249337
2.055565373,1758893481.608565373,/studio/euler_deg.meas_yaw_deg,-48.20222846249337
2.058837177,1758893481.611837177,/studio/euler_deg.meas_yaw_deg,-48.20222846249337
2.060160801,1758893481.613160801,/studio/euler_deg.meas_yaw_deg,-49.57832110731653
2.062236036,1758893481.615236036,/studio/euler_deg.meas_yaw_deg,-49.57832110731653
2.065544296,1758893481.618544296,/studio/euler_deg.meas_yaw_deg,-49.57832110731653
2.068864552,1758893481.621864552,/studio/euler_deg.meas_yaw_deg,-49.57832110731653
2.070156909,1758893481.623156909,/studio/euler_deg.meas_yaw_deg,-50.44706474448475
2.072174039,1758893481.625174039,/studio/euler_deg.meas_yaw_deg,-50.44706474448475
2.075550035,1758893481.628550035,/studio/euler_deg.meas_yaw_deg,-50.44706474448475
2.078869386,1758893481.631869386,/studio/euler_deg.meas_yaw_deg,-50.44706474448475
2.080152284,1758893481.633152284,/studio/euler_deg.meas_yaw_deg,-51.79598419862226
2.082182654,1758893481.635182654,/studio/euler_deg.meas_yaw_deg,-51.79598419862226
2.085590288,1758893481.638590288,/studio/euler_deg.meas_yaw_deg,-51.79598419862226
2.088108023,1758893481.641108023,/studio/euler_deg.meas_yaw_deg,-53.46157460742998
2.088802334,1758893481.641802334,/studio/euler_deg.meas_yaw_deg,-53.46157460742998
2.092155967,1758893481.645155967,/studio/euler_deg.meas_yaw_deg,-53.46157460742998
2.095613953,1758893481.648613953,/studio/euler_deg.meas_yaw_deg,-53.46157460742998
2.098892325,1758893481.651892325,/studio/euler_deg.meas_yaw_deg,-53.46157460742998
2.100104112,1758893481.653104112,/studio/euler_deg.meas_yaw_deg,-54.81260631742308
2.102232855,1758893481.655232855,/studio/euler_deg.meas_yaw_deg,-54.81260631742308
2.105820181,1758893481.658820181,/studio/euler_deg.meas_yaw_deg,-54.81260631742308
2.108109394,1758893481.661109394,/studio/euler_deg.meas_yaw_deg,-56.16707216878461
2.108783943,1758893481.661783943,/studio/euler_deg.meas_yaw_deg,-56.16707216878461
2.1122534,1758893481.665253400,/studio/euler_deg.meas_yaw_deg,-56.16707216878461
2.115679203,1758893481.668679203,/studio/euler_deg.meas_yaw_deg,-56.16707216878461
2.118811133,1758893481.671811133,/studio/euler_deg.meas_yaw_deg,-56.16707216878461
2.120153193,1758893481.673153193,/studio/euler_deg.meas_yaw_deg,-57.924417203114174
2.122155314,1758893481.675155314,/studio/euler_deg.meas_yaw_deg,-57.924417203114174
2.125442608,1758893481.678442608,/studio/euler_deg.meas_yaw_deg,-57.924417203114174
2.129044658,1758893481.682044658,/studio/euler_deg.meas_yaw_deg,-57.924417203114174
2.130151195,1758893481.683151195,/studio/euler_deg.meas_yaw_deg,-59.19449968265035
2.132238993,1758893481.685238993,/studio/euler_deg.meas_yaw_deg,-59.19449968265035
2.135497628,1758893481.688497628,/studio/euler_deg.meas_yaw_deg,-59.19449968265035
2.138767877,1758893481.691767877,/studio/euler_deg.meas_yaw_deg,-59.19449968265035
2.140140946,1758893481.693140946,/studio/euler_deg.meas_yaw_deg,-60.62563379244145
2.14224697,1758893481.695246970,/studio/euler_deg.meas_yaw_deg,-60.62563379244145
2.145559129,1758893481.698559129,/studio/euler_deg.meas_yaw_deg,-60.62563379244145
2.148711434,1758893481.701711434,/studio/euler_deg.meas_yaw_deg,-60.62563379244145
2.150135421,1758893481.703135421,/studio/euler_deg.meas_yaw_deg,-61.97657906963632
2.152251406,1758893481.705251406,/studio/euler_deg.meas_yaw_deg,-61.97657906963632
2.155551497,1758893481.708551497,/studio/euler_deg.meas_yaw_deg,-61.97657906963632
2.158855775,1758893481.711855775,/studio/euler_deg.meas_yaw_deg,-61.97657906963632
2.160134726,1758893481.713134726,/studio/euler_deg.meas_yaw_deg,-63.3144054850121
2.162180046,1758893481.715180046,/studio/euler_deg.meas_yaw_deg,-63.3144054850121
2.165432283,1758893481.718432283,/studio/euler_deg.meas_yaw_deg,-63.3144054850121
2.168925406,1758893481.721925406,/studio/euler_deg.meas_yaw_deg,-63.3144054850121
2.170122591,1758893481.723122591,/studio/euler_deg.meas_yaw_deg,-64.74419262993925
2.17212272,1758893481.725122720,/studio/euler_deg.meas_yaw_deg,-64.74419262993925
2.175561424,1758893481.728561424,/studio/euler_deg.meas_yaw_deg,-64.74419262993925
2.178118809,1758893481.731118809,/studio/euler_deg.meas_yaw_deg,-66.22283737594867
2.178837938,1758893481.731837938,/studio/euler_deg.meas_yaw_deg,-66.22283737594867
2.182071189,1758893481.735071189,/studio/euler_deg.meas_yaw_deg,-66.22283737594867
2.185397618,1758893481.738397618,/studio/euler_deg.meas_yaw_deg,-66.22283737594867
2.188776578,1758893481.741776578,/studio/euler_deg.meas_yaw_deg,-66.22283737594867
2.190119652,1758893481.743119652,/studio/euler_deg.meas_yaw_deg,-67.70916244233057
2.192120419,1758893481.745120419,/studio/euler_deg.meas_yaw_deg,-67.70916244233057
2.195652845,1758893481.748652845,/studio/euler_deg.meas_yaw_deg,-67.70916244233057
2.198915328,1758893481.751915328,/studio/euler_deg.meas_yaw_deg,-67.70916244233057
2.200123991,1758893481.753123991,/studio/euler_deg.meas_yaw_deg,-69.13993623067292
2.202010751,1758893481.755010751,/studio/euler_deg.meas_yaw_deg,-69.13993623067292
2.206495188,1758893481.759495188,/studio/euler_deg.meas_yaw_deg,-69.13993623067292
2.208828179,1758893481.761828179,/studio/euler_deg.meas_yaw_deg,-69.13993623067292
2.210121358,1758893481.763121358,/studio/euler_deg.meas_yaw_deg,-70.59553971017522
2.212077473,1758893481.765077473,/studio/euler_deg.meas_yaw_deg,-70.59553971017522
2.216636368,1758893481.769636368,/studio/euler_deg.meas_yaw_deg,-70.59553971017522
2.219374707,1758893481.772374707,/studio/euler_deg.meas_yaw_deg,-70.59553971017522
2.220108209,1758893481.773108209,/studio/euler_deg.meas_yaw_deg,-72.13725924325259
2.221987154,1758893481.774987154,/studio/euler_deg.meas_yaw_deg,-72.13725924325259
2.22533379,1758893481.778333790,/studio/euler_deg.meas_yaw_deg,-72.13725924325259
2.229737061,1758893481.782737061,/studio/euler_deg.meas_yaw_deg,-72.13725924325259
2.230119668,1758893481.783119668,/studio/euler_deg.meas_yaw_deg,-73.6186281869122
2.23814528,1758893481.791145280,/studio/euler_deg.meas_yaw_deg,-75.05058055830064
2.248172668,1758893481.801172668,/studio/euler_deg.meas_yaw_deg,-76.58505293768741
2.251816266,1758893481.804816266,/studio/euler_deg.meas_yaw_deg,-76.58505293768741
2.2518248290000002,1758893481.804824829,/studio/euler_deg.meas_yaw_deg,-76.58505293768741
2.251828891,1758893481.804828891,/studio/euler_deg.meas_yaw_deg,-76.58505293768741
2.25183561,1758893481.804835610,/studio/euler_deg.meas_yaw_deg,-76.58505293768741
2.254913638,1758893481.807913638,/studio/euler_deg.meas_yaw_deg,-76.58505293768741
2.254916654,1758893481.807916654,/studio/euler_deg.meas_yaw_deg,-76.58505293768741
2.25491907,1758893481.807919070,/studio/euler_deg.meas_yaw_deg,-76.58505293768741
2.256228118,1758893481.809228118,/studio/euler_deg.meas_yaw_deg,-76.58505293768741
2.258132528,1758893481.811132528,/studio/euler_deg.meas_yaw_deg,-78.10686671266046
2.258946044,1758893481.811946044,/studio/euler_deg.meas_yaw_deg,-78.10686671266046
2.2619399749999998,1758893481.814939975,/studio/euler_deg.meas_yaw_deg,-78.10686671266046
2.265259622,1758893481.818259622,/studio/euler_deg.meas_yaw_deg,-78.10686671266046
2.268828983,1758893481.821828983,/studio/euler_deg.meas_yaw_deg,-78.10686671266046
2.270112669,1758893481.823112669,/studio/euler_deg.meas_yaw_deg,-79.5547419621948
2.272095554,1758893481.825095554,/studio/euler_deg.meas_yaw_deg,-79.5547419621948
2.275552297,1758893481.828552297,/studio/euler_deg.meas_yaw_deg,-79.5547419621948
2.278576866,1758893481.831576866,/studio/euler_deg.meas_yaw_deg,-79.5547419621948
2.280185212,1758893481.833185212,/studio/euler_deg.meas_yaw_deg,-81.03924125346921
2.282026853,1758893481.835026853,/studio/euler_deg.meas_yaw_deg,-81.03924125346921
2.2853988530000002,1758893481.838398853,/studio/euler_deg.meas_yaw_deg,-81.03924125346921
2.288124849,1758893481.841124849,/studio/euler_deg.meas_yaw_deg,-82.86356805239173
2.288685429,1758893481.841685429,/studio/euler_deg.meas_yaw_deg,-82.86356805239173
2.292044301,1758893481.845044301,/studio/euler_deg.meas_yaw_deg,-82.86356805239173
2.295481668,1758893481.848481668,/studio/euler_deg.meas_yaw_deg,-82.86356805239173
2.298670336,1758893481.851670336,/studio/euler_deg.meas_yaw_deg,-82.86356805239173
2.300161017,1758893481.853161017,/studio/euler_deg.meas_yaw_deg,-84.39159426346957
2.302015345,1758893481.855015345,/studio/euler_deg.meas_yaw_deg,-84.39159426346957
2.3053620820000003,1758893481.858362082,/studio/euler_deg.meas_yaw_deg,-84.39159426346957
2.308600026,1758893481.861600026,/studio/euler_deg.meas_yaw_deg,-84.39159426346957
2.310173561,1758893481.863173561,/studio/euler_deg.meas_yaw_deg,-86.31393449311234
2.311950153,1758893481.864950153,/studio/euler_deg.meas_yaw_deg,-86.31393449311234
2.315499302,1758893481.868499302,/studio/euler_deg.meas_yaw_deg,-86.31393449311234
2.31816341,1758893481.871163410,/studio/euler_deg.meas_yaw_deg,-87.7638761526267
2.318621743,1758893481.871621743,/studio/euler_deg.meas_yaw_deg,-87.7638761526267
2.322108082,1758893481.875108082,/studio/euler_deg.meas_yaw_deg,-87.7638761526267
2.325472038,1758893481.878472038,/studio/euler_deg.meas_yaw_deg,-87.7638761526267
2.328583593,1758893481.881583593,/studio/euler_deg.meas_yaw_deg,-87.7638761526267
2.330168244,1758893481.883168244,/studio/euler_deg.meas_yaw_deg,-89.28337878674857
2.33198111,1758893481.884981110,/studio/euler_deg.meas_yaw_deg,-89.28337878674857
2.335456082,1758893481.888456082,/studio/euler_deg.meas_yaw_deg,-89.28337878674857
2.338113017,1758893481.891113017,/studio/euler_deg.meas_yaw_deg,-90.81656331467244
2.3385676760000003,1758893481.891567676,/studio/euler_deg.meas_yaw_deg,-90.81656331467244
2.34196738,1758893481.894967380,/studio/euler_deg.meas_yaw_deg,-90.81656331467244
2.345258004,1758893481.898258004,/studio/euler_deg.meas_yaw_deg,-90.81656331467244
2.348110156,1758893481.901110156,/studio/euler_deg.meas_yaw_deg,-92.3277122275874
2.348559071,1758893481.901559071,/studio/euler_deg.meas_yaw_deg,-92.3277122275874
2.3520058390000003,1758893481.905005839,/studio/euler_deg.meas_yaw_deg,-92.3277122275874
2.355867071,1758893481.908867071,/studio/euler_deg.meas_yaw_deg,-92.3277122275874
2.358646686,1758893481.911646686,/studio/euler_deg.meas_yaw_deg,-92.3277122275874
2.360178019,1758893481.913178019,/studio/euler_deg.meas_yaw_deg,-93.78769317795951
2.361960136,1758893481.914960136,/studio/euler_deg.meas_yaw_deg,-93.78769317795951
2.365351339,1758893481.918351339,/studio/euler_deg.meas_yaw_deg,-93.78769317795951
2.36812304,1758893481.921123040,/studio/euler_deg.meas_yaw_deg,-95.25336690643246
2.368728981,1758893481.921728981,/studio/euler_deg.meas_yaw_deg,-95.25336690643246
2.372002556,1758893481.925002556,/studio/euler_deg.meas_yaw_deg,-95.25336690643246
2.376712869,1758893481.929712869,/studio/euler_deg.meas_yaw_deg,-95.25336690643246
2.380140846,1758893481.933140846,/studio/euler_deg.meas_yaw_deg,-96.76232844138934
2.381177005,1758893481.934177005,/studio/euler_deg.meas_yaw_deg,-96.76232844138934
2.382601789,1758893481.935601789,/studio/euler_deg.meas_yaw_deg,-96.76232844138934
2.385380499,1758893481.938380499,/studio/euler_deg.meas_yaw_deg,-96.76232844138934
2.388153042,1758893481.941153042,/studio/euler_deg.meas_yaw_deg,-98.16917219004776
2.388773683,1758893481.941773683,/studio/euler_deg.meas_yaw_deg,-98.16917219004776
2.392933436,1758893481.945933436,/studio/euler_deg.meas_yaw_deg,-98.16917219004776
2.395341203,1758893481.948341203,/studio/euler_deg.meas_yaw_deg,-98.16917219004776
2.398142079,1758893481.951142079,/studio/euler_deg.meas_yaw_deg,-99.57950670350013
2.398446307,1758893481.951446307,/studio/euler_deg.meas_yaw_deg,-99.57950670350013
2.402007246,1758893481.955007246,/studio/euler_deg.meas_yaw_deg,-99.57950670350013
2.4051680920000003,1758893481.958168092,/studio/euler_deg.meas_yaw_deg,-99.57950670350013
2.408587439,1758893481.961587439,/studio/euler_deg.meas_yaw_deg,-99.57950670350013
2.410156125,1758893481.963156125,/studio/euler_deg.meas_yaw_deg,-101.09743785581266
2.412009177,1758893481.965009177,/studio/euler_deg.meas_yaw_deg,-101.09743785581266
2.415795185,1758893481.968795185,/studio/euler_deg.meas_yaw_deg,-101.09743785581266
2.4185283,1758893481.971528300,/studio/euler_deg.meas_yaw_deg,-101.09743785581266
2.420140475,1758893481.973140475,/studio/euler_deg.meas_yaw_deg,-102.56090902211285
2.421976259,1758893481.974976259,/studio/euler_deg.meas_yaw_deg,-102.56090902211285
2.425188799,1758893481.978188799,/studio/euler_deg.meas_yaw_deg,-102.56090902211285
2.428440984,1758893481.981440984,/studio/euler_deg.meas_yaw_deg,-102.56090902211285
2.430150331,1758893481.983150331,/studio/euler_deg.meas_yaw_deg,-103.93805639186463
2.431860119,1758893481.984860119,/studio/euler_deg.meas_yaw_deg,-103.93805639186463
2.438162064,1758893481.991162064,/studio/euler_deg.meas_yaw_deg,-105.45175143892547
2.444296629,1758893481.997296629,/studio/euler_deg.meas_yaw_deg,-105.45175143892547
2.450195397,1758893482.003195397,/studio/euler_deg.meas_yaw_deg,-106.95043246852279
2.454713797,1758893482.007713797,/studio/euler_deg.meas_yaw_deg,-106.95043246852279
2.454717103,1758893482.007717103,/studio/euler_deg.meas_yaw_deg,-106.95043246852279
2.454720071,1758893482.007720071,/studio/euler_deg.meas_yaw_deg,-106.95043246852279
2.454722812,1758893482.007722812,/studio/euler_deg.meas_yaw_deg,-106.95043246852279
2.457125069,1758893482.010125069,/studio/euler_deg.meas_yaw_deg,-106.95043246852279
2.457127133,1758893482.010127133,/studio/euler_deg.meas_yaw_deg,-106.95043246852279
2.458793847,1758893482.011793847,/studio/euler_deg.meas_yaw_deg,-106.95043246852279
2.460128529,1758893482.013128529,/studio/euler_deg.meas_yaw_deg,-108.33390350725324
2.461980254,1758893482.014980254,/studio/euler_deg.meas_yaw_deg,-108.33390350725324
2.465137567,1758893482.018137567,/studio/euler_deg.meas_yaw_deg,-108.33390350725324
2.468727469,1758893482.021727469,/studio/euler_deg.meas_yaw_deg,-108.33390350725324
2.470103495,1758893482.023103495,/studio/euler_deg.meas_yaw_deg,-109.80381698852874
2.471912796,1758893482.024912796,/studio/euler_deg.meas_yaw_deg,-109.80381698852874
2.475106214,1758893482.028106214,/studio/euler_deg.meas_yaw_deg,-109.80381698852874
2.478659486,1758893482.031659486,/studio/euler_deg.meas_yaw_deg,-109.80381698852874
2.480191794,1758893482.033191794,/studio/euler_deg.meas_yaw_deg,-111.38257496620272
2.48183185,1758893482.034831850,/studio/euler_deg.meas_yaw_deg,-111.38257496620272
2.485195416,1758893482.038195416,/studio/euler_deg.meas_yaw_deg,-111.38257496620272
2.488492945,1758893482.041492945,/studio/euler_deg.meas_yaw_deg,-111.38257496620272
2.490149116,1758893482.043149116,/studio/euler_deg.meas_yaw_deg,-112.8883139473724
2.491900241,1758893482.044900241,/studio/euler_deg.meas_yaw_deg,-112.8883139473724
2.495213745,1758893482.048213745,/studio/euler_deg.meas_yaw_deg,-112.8883139473724
2.498497184,1758893482.051497184,/studio/euler_deg.meas_yaw_deg,-112.8883139473724
2.500105176,1758893482.053105176,/studio/euler_deg.meas_yaw_deg,-114.4174440694319
2.501801066,1758893482.054801066,/studio/euler_deg.meas_yaw_deg,-114.4174440694319
2.505370208,1758893482.058370208,/studio/euler_deg.meas_yaw_deg,-114.4174440694319
2.508155583,1758893482.061155583,/studio/euler_deg.meas_yaw_deg,-115.8774087274997
2.50864097,1758893482.061640970,/studio/euler_deg.meas_yaw_deg,-115.8774087274997
2.511885185,1758893482.064885185,/studio/euler_deg.meas_yaw_deg,-115.8774087274997
2.515412928,1758893482.068412928,/studio/euler_deg.meas_yaw_deg,-115.8774087274997
2.518492464,1758893482.071492464,/studio/euler_deg.meas_yaw_deg,-115.8774087274997
2.520158585,1758893482.073158585,/studio/euler_deg.meas_yaw_deg,-117.43059895246996
2.521818081,1758893482.074818081,/studio/euler_deg.meas_yaw_deg,-117.43059895246996
2.525167566,1758893482.078167566,/studio/euler_deg.meas_yaw_deg,-117.43059895246996
2.528148174,1758893482.081148174,/studio/euler_deg.meas_yaw_deg,-118.95955944675755
2.528524945,1758893482.081524945,/studio/euler_deg.meas_yaw_deg,-118.95955944675755
2.5319486060000003,1758893482.084948606,/studio/euler_deg.meas_yaw_deg,-118.95955944675755
2.535211426,1758893482.088211426,/studio/euler_deg.meas_yaw_deg,-118.95955944675755
2.538134589,1758893482.091134589,/studio/euler_deg.meas_yaw_deg,-120.4524903625284
2.538596299,1758893482.091596299,/studio/euler_deg.meas_yaw_deg,-120.4524903625284
2.541844619,1758893482.094844619,/studio/euler_deg.meas_yaw_deg,-120.4524903625284
2.545151375,1758893482.098151375,/studio/euler_deg.meas_yaw_deg,-120.4524903625284
2.548488889,1758893482.101488889,/studio/euler_deg.meas_yaw_deg,-120.4524903625284
2.550234431,1758893482.103234431,/studio/euler_deg.meas_yaw_deg,-121.78069460998098
2.551777389,1758893482.104777389,/studio/euler_deg.meas_yaw_deg,-121.78069460998098
2.5551900080000003,1758893482.108190008,/studio/euler_deg.meas_yaw_deg,-121.78069460998098
2.558422134,1758893482.111422134,/studio/euler_deg.meas_yaw_deg,-121.78069460998098
2.560156984,1758893482.113156984,/studio/euler_deg.meas_yaw_deg,-123.32198534828122
2.561745784,1758893482.114745784,/studio/euler_deg.meas_yaw_deg,-123.32198534828122
2.565094176,1758893482.118094176,/studio/euler_deg.meas_yaw_deg,-123.32198534828122
2.56830266,1758893482.121302660,/studio/euler_deg.meas_yaw_deg,-123.32198534828122
2.570147297,1758893482.123147297,/studio/euler_deg.meas_yaw_deg,-124.91675823345042
2.571856324,1758893482.124856324,/studio/euler_deg.meas_yaw_deg,-124.91675823345042
2.575108954,1758893482.128108954,/studio/euler_deg.meas_yaw_deg,-124.91675823345042
2.578218468,1758893482.131218468,/studio/euler_deg.meas_yaw_deg,-126.4157696698532
2.578506621,1758893482.131506621,/studio/euler_deg.meas_yaw_deg,-126.4157696698532
2.581754011,1758893482.134754011,/studio/euler_deg.meas_yaw_deg,-126.4157696698532
2.584998607,1758893482.137998607,/studio/euler_deg.meas_yaw_deg,-126.4157696698532
2.588505703,1758893482.141505703,/studio/euler_deg.meas_yaw_deg,-126.4157696698532
2.590148237,1758893482.143148237,/studio/euler_deg.meas_yaw_deg,-128.11340677631802
2.591802656,1758893482.144802656,/studio/euler_deg.meas_yaw_deg,-128.11340677631802
2.595004581,1758893482.148004581,/studio/euler_deg.meas_yaw_deg,-128.11340677631802
2.598303916,1758893482.151303916,/studio/euler_deg.meas_yaw_deg,-128.11340677631802
2.600099719,1758893482.153099719,/studio/euler_deg.meas_yaw_deg,-129.63648054439557
2.601632053,1758893482.154632053,/studio/euler_deg.meas_yaw_deg,-129.63648054439557
2.605046422,1758893482.158046422,/studio/euler_deg.meas_yaw_deg,-129.63648054439557
2.6084738190000003,1758893482.161473819,/studio/euler_deg.meas_yaw_deg,-129.63648054439557
2.6101219760000003,1758893482.163121976,/studio/euler_deg.meas_yaw_deg,-131.1648638083276
2.611824866,1758893482.164824866,/studio/euler_deg.meas_yaw_deg,-131.1648638083276
2.61514834,1758893482.168148340,/studio/euler_deg.meas_yaw_deg,-131.1648638083276
2.6182855160000003,1758893482.171285516,/studio/euler_deg.meas_yaw_deg,-131.1648638083276
2.620146437,1758893482.173146437,/studio/euler_deg.meas_yaw_deg,-132.51038313964946
2.621801097,1758893482.174801097,/studio/euler_deg.meas_yaw_deg,-132.51038313964946
2.624993597,1758893482.177993597,/studio/euler_deg.meas_yaw_deg,-132.51038313964946
2.628420296,1758893482.181420296,/studio/euler_deg.meas_yaw_deg,-132.51038313964946
2.630100701,1758893482.183100701,/studio/euler_deg.meas_yaw_deg,-134.0903817170876
2.631608113,1758893482.184608113,/studio/euler_deg.meas_yaw_deg,-134.0903817170876
2.6348594050000003,1758893482.187859405,/studio/euler_deg.meas_yaw_deg,-134.0903817170876
2.638090199,1758893482.191090199,/studio/euler_deg.meas_yaw_deg,-135.6587844827664
2.638306,1758893482.191306000,/studio/euler_deg.meas_yaw_deg,-135.6587844827664
2.641870057,1758893482.194870057,/studio/euler_deg.meas_yaw_deg,-135.6587844827664
2.650205223,1758893482.203205223,/studio/euler_deg.meas_yaw_deg,-137.17744092708799
2.658986188,1758893482.211986188,/studio/euler_deg.meas_yaw_deg,-137.17744092708799
2.658988969,1758893482.211988969,/studio/euler_deg.meas_yaw_deg,-137.17744092708799
2.658992385,1758893482.211992385,/studio/euler_deg.meas_yaw_deg,-137.17744092708799
2.658995526,1758893482.211995526,/studio/euler_deg.meas_yaw_deg,-137.17744092708799
2.660131767,1758893482.213131767,/studio/euler_deg.meas_yaw_deg,-138.91070415955986
2.662092427,1758893482.215092427,/studio/euler_deg.meas_yaw_deg,-138.91070415955986
2.6620966360000002,1758893482.215096636,/studio/euler_deg.meas_yaw_deg,-138.91070415955986
2.664956168,1758893482.217956168,/studio/euler_deg.meas_yaw_deg,-138.91070415955986
2.668361685,1758893482.221361685,/studio/euler_deg.meas_yaw_deg,-138.91070415955986
2.6701573720000003,1758893482.223157372,/studio/euler_deg.meas_yaw_deg,-140.51388636966925
2.671815153,1758893482.224815153,/studio/euler_deg.meas_yaw_deg,-140.51388636966925
2.6748670910000003,1758893482.227867091,/studio/euler_deg.meas_yaw_deg,-140.51388636966925
2.678457844,1758893482.231457844,/studio/euler_deg.meas_yaw_deg,-140.51388636966925
2.680151815,1758893482.233151815,/studio/euler_deg.meas_yaw_deg,-142.05881216396145
2.682043075,1758893482.235043075,/studio/euler_deg.meas_yaw_deg,-142.05881216396145
2.684993568,1758893482.237993568,/studio/euler_deg.meas_yaw_deg,-142.05881216396145
2.688260586,1758893482.241260586,/studio/euler_deg.meas_yaw_deg,-142.05881216396145
2.690102467,1758893482.243102467,/studio/euler_deg.meas_yaw_deg,-143.5725621567624
2.691690563,1758893482.244690563,/studio/euler_deg.meas_yaw_deg,-143.5725621567624
2.694999653,1758893482.247999653,/studio/euler_deg.meas_yaw_deg,-143.5725621567624
2.698220803,1758893482.251220803,/studio/euler_deg.meas_yaw_deg,-143.5725621567624
2.700110591,1758893482.253110591,/studio/euler_deg.meas_yaw_deg,-145.25395114283663
2.701584856,1758893482.254584856,/studio/euler_deg.meas_yaw_deg,-145.25395114283663
2.70494585,1758893482.257945850,/studio/euler_deg.meas_yaw_deg,-145.25395114283663
2.7081421,1758893482.261142100,/studio/euler_deg.meas_yaw_deg,-146.80741575331234
2.708217727,1758893482.261217727,/studio/euler_deg.meas_yaw_deg,-146.80741575331234
2.7116177,1758893482.264617700,/studio/euler_deg.meas_yaw_deg,-146.80741575331234
2.715054929,1758893482.268054929,/studio/euler_deg.meas_yaw_deg,-146.80741575331234
2.718163819,1758893482.271163819,/studio/euler_deg.meas_yaw_deg,-148.02821012849677
2.718208939,1758893482.271208939,/studio/euler_deg.meas_yaw_deg,-148.02821012849677
2.72161925,1758893482.274619250,/studio/euler_deg.meas_yaw_deg,-148.02821012849677
2.724839492,1758893482.277839492,/studio/euler_deg.meas_yaw_deg,-148.02821012849677
2.7282698080000003,1758893482.281269808,/studio/euler_deg.meas_yaw_deg,-148.02821012849677
2.730151972,1758893482.283151972,/studio/euler_deg.meas_yaw_deg,-149.55934405452388
2.731561192,1758893482.284561192,/studio/euler_deg.meas_yaw_deg,-149.55934405452388
2.734878564,1758893482.287878564,/studio/euler_deg.meas_yaw_deg,-149.55934405452388
2.738185545,1758893482.291185545,/studio/euler_deg.meas_yaw_deg,-149.55934405452388
2.740165426,1758893482.293165426,/studio/euler_deg.meas_yaw_deg,-151.12566238262116
2.741518867,1758893482.294518867,/studio/euler_deg.meas_yaw_deg,-151.12566238262116
2.744995624,1758893482.297995624,/studio/euler_deg.meas_yaw_deg,-151.12566238262116
2.748242881,1758893482.301242881,/studio/euler_deg.meas_yaw_deg,-151.12566238262116
2.750127478,1758893482.303127478,/studio/euler_deg.meas_yaw_deg,-152.59951672153622
2.751610624,1758893482.304610624,/studio/euler_deg.meas_yaw_deg,-152.59951672153622
2.7548887029999998,1758893482.307888703,/studio/euler_deg.meas_yaw_deg,-152.59951672153622
2.7581756840000002,1758893482.311175684,/studio/euler_deg.meas_yaw_deg,-152.59951672153622
2.7601397480000003,1758893482.313139748,/studio/euler_deg.meas_yaw_deg,-154.1268852467511
2.761645328,1758893482.314645328,/studio/euler_deg.meas_yaw_deg,-154.1268852467511
2.765654204,1758893482.318654204,/studio/euler_deg.meas_yaw_deg,-154.1268852467511
2.768461913,1758893482.321461913,/studio/euler_deg.meas_yaw_deg,-154.1268852467511
2.770128875,1758893482.323128875,/studio/euler_deg.meas_yaw_deg,-155.66726485512126
2.7714850230000003,1758893482.324485023,/studio/euler_deg.meas_yaw_deg,-155.66726485512126
2.77485079,1758893482.327850790,/studio/euler_deg.meas_yaw_deg,-155.66726485512126
2.778282903,1758893482.331282903,/studio/euler_deg.meas_yaw_deg,-155.66726485512126
2.780118958,1758893482.333118958,/studio/euler_deg.meas_yaw_deg,-157.22298214026407
2.781767672,1758893482.334767672,/studio/euler_deg.meas_yaw_deg,-157.22298214026407
2.7852858410000003,1758893482.338285841,/studio/euler_deg.meas_yaw_deg,-157.22298214026407
2.78864278,1758893482.341642780,/studio/euler_deg.meas_yaw_deg,-157.22298214026407
2.790093878,1758893482.343093878,/studio/euler_deg.meas_yaw_deg,-158.73685183417044
2.791745445,1758893482.344745445,/studio/euler_deg.meas_yaw_deg,-158.73685183417044
2.795030486,1758893482.348030486,/studio/euler_deg.meas_yaw_deg,-158.73685183417044
2.79829399,1758893482.351293990,/studio/euler_deg.meas_yaw_deg,-158.73685183417044
2.800081136,1758893482.353081136,/studio/euler_deg.meas_yaw_deg,-160.1884063548936
2.801572619,1758893482.354572619,/studio/euler_deg.meas_yaw_deg,-160.1884063548936
2.804727719,1758893482.357727719,/studio/euler_deg.meas_yaw_deg,-160.1884063548936
2.808113468,1758893482.361113468,/studio/euler_deg.meas_yaw_deg,-160.1884063548936
2.810130041,1758893482.363130041,/studio/euler_deg.meas_yaw_deg,-161.68896831380303
2.811525149,1758893482.364525149,/studio/euler_deg.meas_yaw_deg,-161.68896831380303
2.814771018,1758893482.367771018,/studio/euler_deg.meas_yaw_deg,-161.68896831380303
2.818123957,1758893482.371123957,/studio/euler_deg.meas_yaw_deg,-161.68896831380303
2.820133818,1758893482.373133818,/studio/euler_deg.meas_yaw_deg,-163.3474167771223
2.821419036,1758893482.374419036,/studio/euler_deg.meas_yaw_deg,-163.3474167771223
2.824782935,1758893482.377782935,/studio/euler_deg.meas_yaw_deg,-163.3474167771223
2.828388147,1758893482.381388147,/studio/euler_deg.meas_yaw_deg,-163.3474167771223
2.830127004,1758893482.383127004,/studio/euler_deg.meas_yaw_deg,-164.83158666898714
2.831598013,1758893482.384598013,/studio/euler_deg.meas_yaw_deg,-164.83158666898714
2.83482032,1758893482.387820320,/studio/euler_deg.meas_yaw_deg,-164.83158666898714
2.838092291,1758893482.391092291,/studio/euler_deg.meas_yaw_deg,-164.83158666898714
2.840081119,1758893482.393081119,/studio/euler_deg.meas_yaw_deg,-166.3537496022323
2.841558312,1758893482.394558312,/studio/euler_deg.meas_yaw_deg,-166.3537496022323
2.844968469,1758893482.397968469,/studio/euler_deg.meas_yaw_deg,-166.3537496022323
2.8501207490000002,1758893482.403120749,/studio/euler_deg.meas_yaw_deg,-167.8776910108666
2.860222425,1758893482.413222425,/studio/euler_deg.meas_yaw_deg,-169.3602462309308
2.862835067,1758893482.415835067,/studio/euler_deg.meas_yaw_deg,-169.3602462309308
2.862837539,1758893482.415837539,/studio/euler_deg.meas_yaw_deg,-169.3602462309308
2.862839476,1758893482.415839476,/studio/euler_deg.meas_yaw_deg,-169.3602462309308
2.862846616,1758893482.415846616,/studio/euler_deg.meas_yaw_deg,-169.3602462309308
2.866127108,1758893482.419127108,/studio/euler_deg.meas_yaw_deg,-169.3602462309308
2.86612887,1758893482.419128870,/studio/euler_deg.meas_yaw_deg,-169.3602462309308
2.868937124,1758893482.421937124,/studio/euler_deg.meas_yaw_deg,-169.3602462309308
2.870113192,1758893482.423113192,/studio/euler_deg.meas_yaw_deg,-170.84574482848095
2.8717278410000002,1758893482.424727841,/studio/euler_deg.meas_yaw_deg,-170.84574482848095
2.874804589,1758893482.427804589,/studio/euler_deg.meas_yaw_deg,-170.84574482848095
2.877980856,1758893482.430980856,/studio/euler_deg.meas_yaw_deg,-170.84574482848095
2.878075787,1758893482.431075787,/studio/euler_deg.meas_yaw_deg,-172.35510229817072
2.881449125,1758893482.434449125,/studio/euler_deg.meas_yaw_deg,-172.35510229817072
2.8846473450000003,1758893482.437647345,/studio/euler_deg.meas_yaw_deg,-172.35510229817072
2.888152579,1758893482.441152579,/studio/euler_deg.meas_yaw_deg,-172.35510229817072
2.890085124,1758893482.443085124,/studio/euler_deg.meas_yaw_deg,-173.85183139615503
2.891480406,1758893482.444480406,/studio/euler_deg.meas_yaw_deg,-173.85183139615503
2.894664384,1758893482.447664384,/studio/euler_deg.meas_yaw_deg,-173.85183139615503
2.898039173,1758893482.451039173,/studio/euler_deg.meas_yaw_deg,-173.85183139615503
2.900118398,1758893482.453118398,/studio/euler_deg.meas_yaw_deg,-175.35137982640504
2.901711825,1758893482.454711825,/studio/euler_deg.meas_yaw_deg,-175.35137982640504
2.904909784,1758893482.457909784,/studio/euler_deg.meas_yaw_deg,-175.35137982640504
2.908719068,1758893482.461719068,/studio/euler_deg.meas_yaw_deg,-175.35137982640504
2.910116184,1758893482.463116184,/studio/euler_deg.meas_yaw_deg,-176.82830223343106
2.9114600260000003,1758893482.464460026,/studio/euler_deg.meas_yaw_deg,-176.82830223343106
2.914736765,1758893482.467736765,/studio/euler_deg.meas_yaw_deg,-176.82830223343106
2.9179824720000003,1758893482.470982472,/studio/euler_deg.meas_yaw_deg,-176.82830223343106
2.920111773,1758893482.473111773,/studio/euler_deg.meas_yaw_deg,-178.28970663609292
2.921408959,1758893482.474408959,/studio/euler_deg.meas_yaw_deg,-178.28970663609292
2.9247770810000002,1758893482.477777081,/studio/euler_deg.meas_yaw_deg,-178.28970663609292
2.927960838,1758893482.480960838,/studio/euler_deg.meas_yaw_deg,-178.28970663609292
2.928109637,1758893482.481109637,/studio/euler_deg.meas_yaw_deg,-179.8295623417159
2.931462024,1758893482.484462024,/studio/euler_deg.meas_yaw_deg,-179.8295623417159
2.93477831,1758893482.487778310,/studio/euler_deg.meas_yaw_deg,-179.8295623417159
2.938089497,1758893482.491089497,/studio/euler_deg.meas_yaw_deg,-179.8295623417159
2.940118786,1758893482.493118786,/studio/euler_deg.meas_yaw_deg,178.7550313305732
2.94153655,1758893482.494536550,/studio/euler_deg.meas_yaw_deg,178.7550313305732
2.944800451,1758893482.497800451,/studio/euler_deg.meas_yaw_deg,178.7550313305732
2.9482869650000003,1758893482.501286965,/studio/euler_deg.meas_yaw_deg,178.7550313305732
2.950144588,1758893482.503144588,/studio/euler_deg.meas_yaw_deg,177.3354690583715
2.951506873,1758893482.504506873,/studio/euler_deg.meas_yaw_deg,177.3354690583715
2.954663586,1758893482.507663586,/studio/euler_deg.meas_yaw_deg,177.3354690583715
2.95797665,1758893482.510976650,/studio/euler_deg.meas_yaw_deg,177.3354690583715
2.960147673,1758893482.513147673,/studio/euler_deg.meas_yaw_deg,175.84444054546557
2.961318786,1758893482.514318786,/studio/euler_deg.meas_yaw_deg,175.84444054546557
2.964724766,1758893482.517724766,/studio/euler_deg.meas_yaw_deg,175.84444054546557
2.968024109,1758893482.521024109,/studio/euler_deg.meas_yaw_deg,175.84444054546557
2.968125354,1758893482.521125354,/studio/euler_deg.meas_yaw_deg,174.40452682133076
2.971545387,1758893482.524545387,/studio/euler_deg.meas_yaw_deg,174.40452682133076
2.974592727,1758893482.527592727,/studio/euler_deg.meas_yaw_deg,174.40452682133076
2.977968894,1758893482.530968894,/studio/euler_deg.meas_yaw_deg,174.40452682133076
2.9780807950000003,1758893482.531080795,/studio/euler_deg.meas_yaw_deg,172.9662311233915
2.981495678,1758893482.534495678,/studio/euler_deg.meas_yaw_deg,172.9662311233915
2.9846638700000003,1758893482.537663870,/studio/euler_deg.meas_yaw_deg,172.9662311233915
2.9880213860000002,1758893482.541021386,/studio/euler_deg.meas_yaw_deg,172.9662311233915
2.9900779,1758893482.543077900,/studio/euler_deg.meas_yaw_deg,171.5130510374835
2.991346128,1758893482.544346128,/studio/euler_deg.meas_yaw_deg,171.5130510374835
2.99459178,1758893482.547591780,/studio/euler_deg.meas_yaw_deg,171.5130510374835
2.9981259920000003,1758893482.551125992,/studio/euler_deg.meas_yaw_deg,171.5130510374835
3.000076266,1758893482.553076266,/studio/euler_deg.meas_yaw_deg,170.05144980255088
3.001269994,1758893482.554269994,/studio/euler_deg.meas_yaw_deg,170.05144980255088
3.00459829,1758893482.557598290,/studio/euler_deg.meas_yaw_deg,170.05144980255088
3.007900173,1758893482.560900173,/studio/euler_deg.meas_yaw_deg,170.05144980255088
3.010092754,1758893482.563092754,/studio/euler_deg.meas_yaw_deg,168.60700480365833
3.0113915,1758893482.564391500,/studio/euler_deg.meas_yaw_deg,168.60700480365833
3.014645301,1758893482.567645301,/studio/euler_deg.meas_yaw_deg,168.60700480365833
3.018031093,1758893482.571031093,/studio/euler_deg.meas_yaw_deg,168.60700480365833
3.02007808,1758893482.573078080,/studio/euler_deg.meas_yaw_deg,167.21015023828417
3.021196174,1758893482.574196174,/studio/euler_deg.meas_yaw_deg,167.21015023828417
3.024820033,1758893482.577820033,/studio/euler_deg.meas_yaw_deg,167.21015023828417
3.027923899,1758893482.580923899,/studio/euler_deg.meas_yaw_deg,167.21015023828417
3.030072709,1758893482.583072709,/studio/euler_deg.meas_yaw_deg,165.55958792095578
3.031420847,1758893482.584420847,/studio/euler_deg.meas_yaw_deg,165.55958792095578
3.03461273,1758893482.587612730,/studio/euler_deg.meas_yaw_deg,165.55958792095578
3.037983043,1758893482.590983043,/studio/euler_deg.meas_yaw_deg,165.55958792095578
3.038066429,1758893482.591066429,/studio/euler_deg.meas_yaw_deg,164.0332411210423
3.041336211,1758893482.594336211,/studio/euler_deg.meas_yaw_deg,164.0332411210423
3.04450592,1758893482.597505920,/studio/euler_deg.meas_yaw_deg,164.0332411210423
3.047994636,1758893482.600994636,/studio/euler_deg.meas_yaw_deg,164.0332411210423
3.048114223,1758893482.601114223,/studio/euler_deg.meas_yaw_deg,162.20498243690673
3.051485363,1758893482.604485363,/studio/euler_deg.meas_yaw_deg,162.20498243690673
3.060180874,1758893482.613180874,/studio/euler_deg.meas_yaw_deg,160.6772148686428
3.068018253,1758893482.621018253,/studio/euler_deg.meas_yaw_deg,160.6772148686428
3.068023882,1758893482.621023882,/studio/euler_deg.meas_yaw_deg,160.6772148686428
3.068028203,1758893482.621028203,/studio/euler_deg.meas_yaw_deg,160.6772148686428
3.068077693,1758893482.621077693,/studio/euler_deg.meas_yaw_deg,160.6772148686428
3.068094947,1758893482.621094947,/studio/euler_deg.meas_yaw_deg,158.13433499581674
3.072673742,1758893482.625673742,/studio/euler_deg.meas_yaw_deg,158.13433499581674
3.072676192,1758893482.625676192,/studio/euler_deg.meas_yaw_deg,158.13433499581674
3.076265004,1758893482.629265004,/studio/euler_deg.meas_yaw_deg,158.13433499581674
3.077874161,1758893482.630874161,/studio/euler_deg.meas_yaw_deg,158.13433499581674
3.078117495,1758893482.631117495,/studio/euler_deg.meas_yaw_deg,156.5956893037902
3.081299336,1758893482.634299336,/studio/euler_deg.meas_yaw_deg,156.5956893037902
3.084629845,1758893482.637629845,/studio/euler_deg.meas_yaw_deg,156.5956893037902
3.087948676,1758893482.640948676,/studio/euler_deg.meas_yaw_deg,156.5956893037902
3.090126521,1758893482.643126521,/studio/euler_deg.meas_yaw_deg,155.17390870587522
3.091348132,1758893482.644348132,/studio/euler_deg.meas_yaw_deg,155.17390870587522
3.094490836,1758893482.647490836,/studio/euler_deg.meas_yaw_deg,155.17390870587522
3.097818638,1758893482.650818638,/studio/euler_deg.meas_yaw_deg,155.17390870587522
3.100080251,1758893482.653080251,/studio/euler_deg.meas_yaw_deg,153.7435639157444
3.101114335,1758893482.654114335,/studio/euler_deg.meas_yaw_deg,153.7435639157444
3.104665277,1758893482.657665277,/studio/euler_deg.meas_yaw_deg,153.7435639157444
3.107801003,1758893482.660801003,/studio/euler_deg.meas_yaw_deg,153.7435639157444
3.11008718,1758893482.663087180,/studio/euler_deg.meas_yaw_deg,152.3587266203626
3.111363438,1758893482.664363438,/studio/euler_deg.meas_yaw_deg,152.3587266203626
3.11450134,1758893482.667501340,/studio/euler_deg.meas_yaw_deg,152.3587266203626
3.117754767,1758893482.670754767,/studio/euler_deg.meas_yaw_deg,152.3587266203626
3.120122939,1758893482.673122939,/studio/euler_deg.meas_yaw_deg,151.1158431030087
3.121362673,1758893482.674362673,/studio/euler_deg.meas_yaw_deg,151.1158431030087
3.124600111,1758893482.677600111,/studio/euler_deg.meas_yaw_deg,151.1158431030087
3.127835923,1758893482.680835923,/studio/euler_deg.meas_yaw_deg,151.1158431030087
3.130114861,1758893482.683114861,/studio/euler_deg.meas_yaw_deg,149.75938195994866
3.131166639,1758893482.684166639,/studio/euler_deg.meas_yaw_deg,149.75938195994866
3.134477566,1758893482.687477566,/studio/euler_deg.meas_yaw_deg,149.75938195994866
3.137815335,1758893482.690815335,/studio/euler_deg.meas_yaw_deg,149.75938195994866
3.140105465,1758893482.693105465,/studio/euler_deg.meas_yaw_deg,149.0200721138076
3.141175971,1758893482.694175971,/studio/euler_deg.meas_yaw_deg,149.0200721138076
3.144403323,1758893482.697403323,/studio/euler_deg.meas_yaw_deg,149.0200721138076
3.1477392220000002,1758893482.700739222,/studio/euler_deg.meas_yaw_deg,149.0200721138076
3.150082999,1758893482.703082999,/studio/euler_deg.meas_yaw_deg,147.86594870687583
3.15106106,1758893482.704061060,/studio/euler_deg.meas_yaw_deg,147.86594870687583
3.154509519,1758893482.707509519,/studio/euler_deg.meas_yaw_deg,147.86594870687583
3.157765783,1758893482.710765783,/studio/euler_deg.meas_yaw_deg,147.86594870687583
3.16013695,1758893482.713136950,/studio/euler_deg.meas_yaw_deg,146.5336814852124
3.1610700290000002,1758893482.714070029,/studio/euler_deg.meas_yaw_deg,146.5336814852124
3.164412831,1758893482.717412831,/studio/euler_deg.meas_yaw_deg,146.5336814852124
3.167714203,1758893482.720714203,/studio/euler_deg.meas_yaw_deg,146.5336814852124
3.170070169,1758893482.723070169,/studio/euler_deg.meas_yaw_deg,145.35312858689468
3.171108051,1758893482.724108051,/studio/euler_deg.meas_yaw_deg,145.35312858689468
3.175031525,1758893482.728031525,/studio/euler_deg.meas_yaw_deg,145.35312858689468
3.17776933,1758893482.730769330,/studio/euler_deg.meas_yaw_deg,145.35312858689468
3.178076788,1758893482.731076788,/studio/euler_deg.meas_yaw_deg,143.95476042313635
3.181033819,1758893482.734033819,/studio/euler_deg.meas_yaw_deg,143.95476042313635
3.184454274,1758893482.737454274,/studio/euler_deg.meas_yaw_deg,143.95476042313635
3.187805741,1758893482.740805741,/studio/euler_deg.meas_yaw_deg,143.95476042313635
3.190077762,1758893482.743077762,/studio/euler_deg.meas_yaw_deg,142.5704438643992
3.191070128,1758893482.744070128,/studio/euler_deg.meas_yaw_deg,142.5704438643992
3.194387177,1758893482.747387177,/studio/euler_deg.meas_yaw_deg,142.5704438643992
3.197828228,1758893482.750828228,/studio/euler_deg.meas_yaw_deg,142.5704438643992
3.198075551,1758893482.751075551,/studio/euler_deg.meas_yaw_deg,141.1095090875197
3.201015049,1758893482.754015049,/studio/euler_deg.meas_yaw_deg,141.1095090875197
3.204401956,1758893482.757401956,/studio/euler_deg.meas_yaw_deg,141.1095090875197
3.20795495,1758893482.760954950,/studio/euler_deg.meas_yaw_deg,141.1095090875197
3.210121675,1758893482.763121675,/studio/euler_deg.meas_yaw_deg,139.64416605115198
3.211201475,1758893482.764201475,/studio/euler_deg.meas_yaw_deg,139.64416605115198
3.214363975,1758893482.767363975,/studio/euler_deg.meas_yaw_deg,139.64416605115198
3.217724481,1758893482.770724481,/studio/euler_deg.meas_yaw_deg,139.64416605115198
3.220106953,1758893482.773106953,/studio/euler_deg.meas_yaw_deg,138.16699373069906
3.221377633,1758893482.774377633,/studio/euler_deg.meas_yaw_deg,138.16699373069906
3.2244947330000002,1758893482.777494733,/studio/euler_deg.meas_yaw_deg,138.16699373069906
3.227847258,1758893482.780847258,/studio/euler_deg.meas_yaw_deg,138.16699373069906
3.230071412,1758893482.783071412,/studio/euler_deg.meas_yaw_deg,136.68838422520895
3.231035762,1758893482.784035762,/studio/euler_deg.meas_yaw_deg,136.68838422520895
3.234384803,1758893482.787384803,/studio/euler_deg.meas_yaw_deg,136.68838422520895
3.237739965,1758893482.790739965,/studio/euler_deg.meas_yaw_deg,136.68838422520895
3.240073796,1758893482.793073796,/studio/euler_deg.meas_yaw_deg,135.0980829056853
3.240998401,1758893482.793998401,/studio/euler_deg.meas_yaw_deg,135.0980829056853
3.244205568,1758893482.797205568,/studio/euler_deg.meas_yaw_deg,135.0980829056853
3.247515708,1758893482.800515708,/studio/euler_deg.meas_yaw_deg,135.0980829056853
3.248073742,1758893482.801073742,/studio/euler_deg.meas_yaw_deg,133.32830187509845
3.250816942,1758893482.803816942,/studio/euler_deg.meas_yaw_deg,133.32830187509845
3.254163928,1758893482.807163928,/studio/euler_deg.meas_yaw_deg,133.32830187509845
3.260164785,1758893482.813164785,/studio/euler_deg.meas_yaw_deg,131.87176941112583
3.270086225,1758893482.823086225,/studio/euler_deg.meas_yaw_deg,130.653438524568
3.272481,1758893482.825481000,/studio/euler_deg.meas_yaw_deg,130.653438524568
3.27248678,1758893482.825486780,/studio/euler_deg.meas_yaw_deg,130.653438524568
3.272511982,1758893482.825511982,/studio/euler_deg.meas_yaw_deg,130.653438524568
3.272516271,1758893482.825516271,/studio/euler_deg.meas_yaw_deg,130.653438524568
3.275763902,1758893482.828763902,/studio/euler_deg.meas_yaw_deg,130.653438524568
3.2757657030000003,1758893482.828765703,/studio/euler_deg.meas_yaw_deg,130.653438524568
3.277500005,1758893482.830500005,/studio/euler_deg.meas_yaw_deg,130.653438524568
3.278079572,1758893482.831079572,/studio/euler_deg.meas_yaw_deg,128.68164682341524
3.2810900050000003,1758893482.834090005,/studio/euler_deg.meas_yaw_deg,128.68164682341524
3.28439552,1758893482.837395520,/studio/euler_deg.meas_yaw_deg,128.68164682341524
3.287731114,1758893482.840731114,/studio/euler_deg.meas_yaw_deg,128.68164682341524
3.29010828,1758893482.843108280,/studio/euler_deg.meas_yaw_deg,127.19261912245781
3.291052488,1758893482.844052488,/studio/euler_deg.meas_yaw_deg,127.19261912245781
3.294357526,1758893482.847357526,/studio/euler_deg.meas_yaw_deg,127.19261912245781
3.297656005,1758893482.850656005,/studio/euler_deg.meas_yaw_deg,127.19261912245781
3.300087392,1758893482.853087392,/studio/euler_deg.meas_yaw_deg,125.6030273300635
3.300989056,1758893482.853989056,/studio/euler_deg.meas_yaw_deg,125.6030273300635
3.304339445,1758893482.857339445,/studio/euler_deg.meas_yaw_deg,125.6030273300635
3.307830551,1758893482.860830551,/studio/euler_deg.meas_yaw_deg,125.6030273300635
3.310124279,1758893482.863124279,/studio/euler_deg.meas_yaw_deg,124.01868124476144
3.3109266870000003,1758893482.863926687,/studio/euler_deg.meas_yaw_deg,124.01868124476144
3.314268082,1758893482.867268082,/studio/euler_deg.meas_yaw_deg,124.01868124476144
3.317586139,1758893482.870586139,/studio/euler_deg.meas_yaw_deg,124.01868124476144
3.320137274,1758893482.873137274,/studio/euler_deg.meas_yaw_deg,122.43801533750538
3.321027241,1758893482.874027241,/studio/euler_deg.meas_yaw_deg,122.43801533750538
3.324402465,1758893482.877402465,/studio/euler_deg.meas_yaw_deg,122.43801533750538
3.327620757,1758893482.880620757,/studio/euler_deg.meas_yaw_deg,122.43801533750538
3.328117061,1758893482.881117061,/studio/euler_deg.meas_yaw_deg,120.93453346456972
3.330938536,1758893482.883938536,/studio/euler_deg.meas_yaw_deg,120.93453346456972
3.334357655,1758893482.887357655,/studio/euler_deg.meas_yaw_deg,120.93453346456972
3.337688968,1758893482.890688968,/studio/euler_deg.meas_yaw_deg,120.93453346456972
3.340088512,1758893482.893088512,/studio/euler_deg.meas_yaw_deg,119.45481723253589
3.34106337,1758893482.894063370,/studio/euler_deg.meas_yaw_deg,119.45481723253589
3.344303932,1758893482.897303932,/studio/euler_deg.meas_yaw_deg,119.45481723253589
3.347622938,1758893482.900622938,/studio/euler_deg.meas_yaw_deg,119.45481723253589
3.350078642,1758893482.903078642,/studio/euler_deg.meas_yaw_deg,117.9590879188872
3.3509149860000003,1758893482.903914986,/studio/euler_deg.meas_yaw_deg,117.9590879188872
3.354244281,1758893482.907244281,/studio/euler_deg.meas_yaw_deg,117.9590879188872
3.357819123,1758893482.910819123,/studio/euler_deg.meas_yaw_deg,117.9590879188872
3.360094003,1758893482.913094003,/studio/euler_deg.meas_yaw_deg,116.48651683128097
3.360927574,1758893482.913927574,/studio/euler_deg.meas_yaw_deg,116.48651683128097
3.364268971,1758893482.917268971,/studio/euler_deg.meas_yaw_deg,116.48651683128097
3.367607236,1758893482.920607236,/studio/euler_deg.meas_yaw_deg,116.48651683128097
3.3701272270000002,1758893482.923127227,/studio/euler_deg.meas_yaw_deg,115.11537425507272
3.370778289,1758893482.923778289,/studio/euler_deg.meas_yaw_deg,115.11537425507272
3.374318484,1758893482.927318484,/studio/euler_deg.meas_yaw_deg,115.11537425507272
3.377526274,1758893482.930526274,/studio/euler_deg.meas_yaw_deg,115.11537425507272
3.380078073,1758893482.933078073,/studio/euler_deg.meas_yaw_deg,113.63426698193783
3.380940396,1758893482.933940396,/studio/euler_deg.meas_yaw_deg,113.63426698193783
3.384233597,1758893482.937233597,/studio/euler_deg.meas_yaw_deg,113.63426698193783
3.387516835,1758893482.940516835,/studio/euler_deg.meas_yaw_deg,113.63426698193783
3.390140744,1758893482.943140744,/studio/euler_deg.meas_yaw_deg,112.20743853421018
3.390892388,1758893482.943892388,/studio/euler_deg.meas_yaw_deg,112.20743853421018
3.394489155,1758893482.947489155,/studio/euler_deg.meas_yaw_deg,112.20743853421018
3.397549006,1758893482.950549006,/studio/euler_deg.meas_yaw_deg,112.20743853421018
3.400129944,1758893482.953129944,/studio/euler_deg.meas_yaw_deg,110.72488347523934
3.400956644,1758893482.953956644,/studio/euler_deg.meas_yaw_deg,110.72488347523934
3.404221216,1758893482.957221216,/studio/euler_deg.meas_yaw_deg,110.72488347523934
3.40754676,1758893482.960546760,/studio/euler_deg.meas_yaw_deg,110.72488347523934
3.408084283,1758893482.961084283,/studio/euler_deg.meas_yaw_deg,109.2656922757482
3.410879101,1758893482.963879101,/studio/euler_deg.meas_yaw_deg,109.2656922757482
3.414198138,1758893482.967198138,/studio/euler_deg.meas_yaw_deg,109.2656922757482
3.417437832,1758893482.970437832,/studio/euler_deg.meas_yaw_deg,109.2656922757482
3.420077241,1758893482.973077241,/studio/euler_deg.meas_yaw_deg,107.79909837070976
3.420755912,1758893482.973755912,/studio/euler_deg.meas_yaw_deg,107.79909837070976
3.424182891,1758893482.977182891,/studio/euler_deg.meas_yaw_deg,107.79909837070976
3.427609992,1758893482.980609992,/studio/euler_deg.meas_yaw_deg,107.79909837070976
3.430071049,1758893482.983071049,/studio/euler_deg.meas_yaw_deg,106.28545535104686
3.430890582,1758893482.983890582,/studio/euler_deg.meas_yaw_deg,106.28545535104686
3.434238798,1758893482.987238798,/studio/euler_deg.meas_yaw_deg,106.28545535104686
3.437532249,1758893482.990532249,/studio/euler_deg.meas_yaw_deg,106.28545535104686
3.440076236,1758893482.993076236,/studio/euler_deg.meas_yaw_deg,104.78826961261127
3.440911,1758893482.993911000,/studio/euler_deg.meas_yaw_deg,104.78826961261127
3.444198601,1758893482.997198601,/studio/euler_deg.meas_yaw_deg,104.78826961261127
3.447596076,1758893483.000596076,/studio/euler_deg.meas_yaw_deg,104.78826961261127
3.450082374,1758893483.003082374,/studio/euler_deg.meas_yaw_deg,103.35760869735263
3.450851657,1758893483.003851657,/studio/euler_deg.meas_yaw_deg,103.35760869735263
3.454151457,1758893483.007151457,/studio/euler_deg.meas_yaw_deg,103.35760869735263
3.457699308,1758893483.010699308,/studio/euler_deg.meas_yaw_deg,103.35760869735263
3.458094655,1758893483.011094655,/studio/euler_deg.meas_yaw_deg,101.86398668454018
3.461103669,1758893483.014103669,/studio/euler_deg.meas_yaw_deg,101.86398668454018
3.468115482,1758893483.021115482,/studio/euler_deg.meas_yaw_deg,100.23800904171569
3.479292663,1758893483.032292663,/studio/euler_deg.meas_yaw_deg,100.23800904171569
3.479313889,1758893483.032313889,/studio/euler_deg.meas_yaw_deg,100.23800904171569
3.479323352,1758893483.032323352,/studio/euler_deg.meas_yaw_deg,100.23800904171569
3.479403971,1758893483.032403971,/studio/euler_deg.meas_yaw_deg,100.23800904171569
3.4794792020000003,1758893483.032479202,/studio/euler_deg.meas_yaw_deg,98.92529765958953
3.481341675,1758893483.034341675,/studio/euler_deg.meas_yaw_deg,98.92529765958953
3.481344586,1758893483.034344586,/studio/euler_deg.meas_yaw_deg,98.92529765958953
3.484189937,1758893483.037189937,/studio/euler_deg.meas_yaw_deg,98.92529765958953
3.487534347,1758893483.040534347,/studio/euler_deg.meas_yaw_deg,98.92529765958953
3.490106576,1758893483.043106576,/studio/euler_deg.meas_yaw_deg,97.46893084167834
3.490735889,1758893483.043735889,/studio/euler_deg.meas_yaw_deg,97.46893084167834
3.493939775,1758893483.046939775,/studio/euler_deg.meas_yaw_deg,97.46893084167834
3.497316912,1758893483.050316912,/studio/euler_deg.meas_yaw_deg,97.46893084167834
3.500090958,1758893483.053090958,/studio/euler_deg.meas_yaw_deg,95.94831000059014
3.500606888,1758893483.053606888,/studio/euler_deg.meas_yaw_deg,95.94831000059014
3.503927985,1758893483.056927985,/studio/euler_deg.meas_yaw_deg,95.94831000059014
3.507416255,1758893483.060416255,/studio/euler_deg.meas_yaw_deg,95.94831000059014
3.510117968,1758893483.063117968,/studio/euler_deg.meas_yaw_deg,94.49456702733329
3.510552066,1758893483.063552066,/studio/euler_deg.meas_yaw_deg,94.49456702733329
3.513893853,1758893483.066893853,/studio/euler_deg.meas_yaw_deg,94.49456702733329
3.517284512,1758893483.070284512,/studio/euler_deg.meas_yaw_deg,94.49456702733329
3.520168102,1758893483.073168102,/studio/euler_deg.meas_yaw_deg,93.08516919079416
3.520594885,1758893483.073594885,/studio/euler_deg.meas_yaw_deg,93.08516919079416
3.523849884,1758893483.076849884,/studio/euler_deg.meas_yaw_deg,93.08516919079416
3.527456859,1758893483.080456859,/studio/euler_deg.meas_yaw_deg,93.08516919079416
3.53011403,1758893483.083114030,/studio/euler_deg.meas_yaw_deg,91.5534987146234
3.530585292,1758893483.083585292,/studio/euler_deg.meas_yaw_deg,91.5534987146234
3.534142139,1758893483.087142139,/studio/euler_deg.meas_yaw_deg,91.5534987146234
3.537197399,1758893483.090197399,/studio/euler_deg.meas_yaw_deg,91.5534987146234
3.5380692810000003,1758893483.091069281,/studio/euler_deg.meas_yaw_deg,90.0724163879537
3.540503385,1758893483.093503385,/studio/euler_deg.meas_yaw_deg,90.0724163879537
3.543827074,1758893483.096827074,/studio/euler_deg.meas_yaw_deg,90.0724163879537
3.547384362,1758893483.100384362,/studio/euler_deg.meas_yaw_deg,90.0724163879537
3.550138397,1758893483.103138397,/studio/euler_deg.meas_yaw_deg,88.75368810471262
3.550543656,1758893483.103543656,/studio/euler_deg.meas_yaw_deg,88.75368810471262
3.553868999,1758893483.106868999,/studio/euler_deg.meas_yaw_deg,88.75368810471262
3.557234547,1758893483.110234547,/studio/euler_deg.meas_yaw_deg,88.75368810471262
3.560110763,1758893483.113110763,/studio/euler_deg.meas_yaw_deg,87.15411221531889
3.560523999,1758893483.113523999,/studio/euler_deg.meas_yaw_deg,87.15411221531889
3.563966352,1758893483.116966352,/studio/euler_deg.meas_yaw_deg,87.15411221531889
3.567202357,1758893483.120202357,/studio/euler_deg.meas_yaw_deg,87.15411221531889
3.570133089,1758893483.123133089,/studio/euler_deg.meas_yaw_deg,85.60968348463287
3.570525265,1758893483.123525265,/studio/euler_deg.meas_yaw_deg,85.60968348463287
3.57385194,1758893483.126851940,/studio/euler_deg.meas_yaw_deg,85.60968348463287
3.5771470990000003,1758893483.130147099,/studio/euler_deg.meas_yaw_deg,85.60968348463287
3.580126974,1758893483.133126974,/studio/euler_deg.meas_yaw_deg,84.19241795731257
3.5807055979999998,1758893483.133705598,/studio/euler_deg.meas_yaw_deg,84.19241795731257
3.584421442,1758893483.137421442,/studio/euler_deg.meas_yaw_deg,84.19241795731257
3.5871119780000003,1758893483.140111978,/studio/euler_deg.meas_yaw_deg,84.19241795731257
3.590081339,1758893483.143081339,/studio/euler_deg.meas_yaw_deg,82.75984017757638
3.590560392,1758893483.143560392,/studio/euler_deg.meas_yaw_deg,82.75984017757638
3.593917513,1758893483.146917513,/studio/euler_deg.meas_yaw_deg,82.75984017757638
3.597307898,1758893483.150307898,/studio/euler_deg.meas_yaw_deg,82.75984017757638
3.598083672,1758893483.151083672,/studio/euler_deg.meas_yaw_deg,81.19714608967317
3.600570653,1758893483.153570653,/studio/euler_deg.meas_yaw_deg,81.19714608967317
3.603880072,1758893483.156880072,/studio/euler_deg.meas_yaw_deg,81.19714608967317
3.607143015,1758893483.160143015,/studio/euler_deg.meas_yaw_deg,81.19714608967317
3.6081051459999998,1758893483.161105146,/studio/euler_deg.meas_yaw_deg,79.86528105128659
3.61046422,1758893483.163464220,/studio/euler_deg.meas_yaw_deg,79.86528105128659
3.613881772,1758893483.166881772,/studio/euler_deg.meas_yaw_deg,79.86528105128659
3.617174143,1758893483.170174143,/studio/euler_deg.meas_yaw_deg,79.86528105128659
3.618070094,1758893483.171070094,/studio/euler_deg.meas_yaw_deg,78.4478746346104
3.620472405,1758893483.173472405,/studio/euler_deg.meas_yaw_deg,78.4478746346104
3.6238441640000003,1758893483.176844164,/studio/euler_deg.meas_yaw_deg,78.4478746346104
3.62712623,1758893483.180126230,/studio/euler_deg.meas_yaw_deg,78.4478746346104
3.62808472,1758893483.181084720,/studio/euler_deg.meas_yaw_deg,76.82301138854551
3.630528338,1758893483.183528338,/studio/euler_deg.meas_yaw_deg,76.82301138854551
3.633796781,1758893483.186796781,/studio/euler_deg.meas_yaw_deg,76.82301138854551
3.637126466,1758893483.190126466,/studio/euler_deg.meas_yaw_deg,76.82301138854551
3.6401186770000002,1758893483.193118677,/studio/euler_deg.meas_yaw_deg,75.38050623833458
3.640669493,1758893483.193669493,/studio/euler_deg.meas_yaw_deg,75.38050623833458
3.64390366,1758893483.196903660,/studio/euler_deg.meas_yaw_deg,75.38050623833458
3.647186661,1758893483.200186661,/studio/euler_deg.meas_yaw_deg,75.38050623833458
3.650155298,1758893483.203155298,/studio/euler_deg.meas_yaw_deg,73.9444702586747
3.6505206550000002,1758893483.203520655,/studio/euler_deg.meas_yaw_deg,73.9444702586747
3.653800822,1758893483.206800822,/studio/euler_deg.meas_yaw_deg,73.9444702586747
3.657267757,1758893483.210267757,/studio/euler_deg.meas_yaw_deg,73.9444702586747
3.658129689,1758893483.211129689,/studio/euler_deg.meas_yaw_deg,72.51349452533648
3.660400501,1758893483.213400501,/studio/euler_deg.meas_yaw_deg,72.51349452533648
3.663761638,1758893483.216761638,/studio/euler_deg.meas_yaw_deg,72.51349452533648
3.6681726,1758893483.221172600,/studio/euler_deg.meas_yaw_deg,71.14638867553384
3.6704885320000002,1758893483.223488532,/studio/euler_deg.meas_yaw_deg,71.14638867553384
3.678188841,1758893483.231188841,/studio/euler_deg.meas_yaw_deg,69.67557785267961
3.684376738,1758893483.237376738,/studio/euler_deg.meas_yaw_deg,69.67557785267961
3.684379408,1758893483.237379408,/studio/euler_deg.meas_yaw_deg,69.67557785267961
3.684381878,1758893483.237381878,/studio/euler_deg.meas_yaw_deg,69.67557785267961
3.684383841,1758893483.237383841,/studio/euler_deg.meas_yaw_deg,69.67557785267961
3.6858305160000002,1758893483.238830516,/studio/euler_deg.meas_yaw_deg,69.67557785267961
3.687469289,1758893483.240469289,/studio/euler_deg.meas_yaw_deg,69.67557785267961
3.690116886,1758893483.243116886,/studio/euler_deg.meas_yaw_deg,68.28160036007387
3.690394877,1758893483.243394877,/studio/euler_deg.meas_yaw_deg,68.28160036007387
3.693658368,1758893483.246658368,/studio/euler_deg.meas_yaw_deg,68.28160036007387
3.697023099,1758893483.250023099,/studio/euler_deg.meas_yaw_deg,68.28160036007387
3.698117623,1758893483.251117623,/studio/euler_deg.meas_yaw_deg,66.87560412475169
3.700392332,1758893483.253392332,/studio/euler_deg.meas_yaw_deg,66.87560412475169
3.703753892,1758893483.256753892,/studio/euler_deg.meas_yaw_deg,66.87560412475169
3.707033786,1758893483.260033786,/studio/euler_deg.meas_yaw_deg,66.87560412475169
3.7081195730000003,1758893483.261119573,/studio/euler_deg.meas_yaw_deg,65.43264408127628
3.710333612,1758893483.263333612,/studio/euler_deg.meas_yaw_deg,65.43264408127628
3.714400102,1758893483.267400102,/studio/euler_deg.meas_yaw_deg,65.43264408127628
3.717070752,1758893483.270070752,/studio/euler_deg.meas_yaw_deg,65.43264408127628
3.720108595,1758893483.273108595,/studio/euler_deg.meas_yaw_deg,64.03052965519976
3.720398873,1758893483.273398873,/studio/euler_deg.meas_yaw_deg,64.03052965519976
3.723724054,1758893483.276724054,/studio/euler_deg.meas_yaw_deg,64.03052965519976
3.727499538,1758893483.280499538,/studio/euler_deg.meas_yaw_deg,64.03052965519976
3.730156962,1758893483.283156962,/studio/euler_deg.meas_yaw_deg,62.70183601345339
3.730456509,1758893483.283456509,/studio/euler_deg.meas_yaw_deg,62.70183601345339
3.733794805,1758893483.286794805,/studio/euler_deg.meas_yaw_deg,62.70183601345339
3.7370729330000003,1758893483.290072933,/studio/euler_deg.meas_yaw_deg,62.70183601345339
3.738120741,1758893483.291120741,/studio/euler_deg.meas_yaw_deg,61.262402349557796
3.740487588,1758893483.293487588,/studio/euler_deg.meas_yaw_deg,61.262402349557796
3.74375661,1758893483.296756610,/studio/euler_deg.meas_yaw_deg,61.262402349557796
3.747048432,1758893483.300048432,/studio/euler_deg.meas_yaw_deg,61.262402349557796
3.750150144,1758893483.303150144,/studio/euler_deg.meas_yaw_deg,59.86389105962253
3.750396499,1758893483.303396499,/studio/euler_deg.meas_yaw_deg,59.86389105962253
3.753646901,1758893483.306646901,/studio/euler_deg.meas_yaw_deg,59.86389105962253
3.756997179,1758893483.309997179,/studio/euler_deg.meas_yaw_deg,59.86389105962253
3.75809383,1758893483.311093830,/studio/euler_deg.meas_yaw_deg,58.4400842045227
3.760292992,1758893483.313292992,/studio/euler_deg.meas_yaw_deg,58.4400842045227
3.763611038,1758893483.316611038,/studio/euler_deg.meas_yaw_deg,58.4400842045227
3.76740195,1758893483.320401950,/studio/euler_deg.meas_yaw_deg,58.4400842045227
3.7681212840000002,1758893483.321121284,/studio/euler_deg.meas_yaw_deg,57.00335972682702
3.770316501,1758893483.323316501,/studio/euler_deg.meas_yaw_deg,57.00335972682702
3.773618645,1758893483.326618645,/studio/euler_deg.meas_yaw_deg,57.00335972682702
3.776968795,1758893483.329968795,/studio/euler_deg.meas_yaw_deg,57.00335972682702
3.778124075,1758893483.331124075,/studio/euler_deg.meas_yaw_deg,55.594729772714686
3.780386493,1758893483.333386493,/studio/euler_deg.meas_yaw_deg,55.594729772714686
3.783702467,1758893483.336702467,/studio/euler_deg.meas_yaw_deg,55.594729772714686
3.787056395,1758893483.340056395,/studio/euler_deg.meas_yaw_deg,55.594729772714686
3.790108037,1758893483.343108037,/studio/euler_deg.meas_yaw_deg,54.17252344699008
3.79039607,1758893483.343396070,/studio/euler_deg.meas_yaw_deg,54.17252344699008
3.793711558,1758893483.346711558,/studio/euler_deg.meas_yaw_deg,54.17252344699008
3.7969444130000003,1758893483.349944413,/studio/euler_deg.meas_yaw_deg,54.17252344699008
3.8000787650000003,1758893483.353078765,/studio/euler_deg.meas_yaw_deg,52.76042325939436
3.800385673,1758893483.353385673,/studio/euler_deg.meas_yaw_deg,52.76042325939436
3.803820334,1758893483.356820334,/studio/euler_deg.meas_yaw_deg,52.76042325939436
3.806949449,1758893483.359949449,/studio/euler_deg.meas_yaw_deg,52.76042325939436
3.810200592,1758893483.363200592,/studio/euler_deg.meas_yaw_deg,51.36969619855819
3.810348512,1758893483.363348512,/studio/euler_deg.meas_yaw_deg,51.36969619855819
3.813761719,1758893483.366761719,/studio/euler_deg.meas_yaw_deg,51.36969619855819
3.81694947,1758893483.369949470,/studio/euler_deg.meas_yaw_deg,51.36969619855819
3.820132009,1758893483.373132009,/studio/euler_deg.meas_yaw_deg,49.9076155493834
3.820431557,1758893483.373431557,/studio/euler_deg.meas_yaw_deg,49.9076155493834
3.824145614,1758893483.377145614,/studio/euler_deg.meas_yaw_deg,49.9076155493834
3.826893841,1758893483.379893841,/studio/euler_deg.meas_yaw_deg,49.9076155493834
3.828078476,1758893483.381078476,/studio/euler_deg.meas_yaw_deg,48.44568840696954
3.830368836,1758893483.383368836,/studio/euler_deg.meas_yaw_deg,48.44568840696954
3.83374833,1758893483.386748330,/studio/euler_deg.meas_yaw_deg,48.44568840696954
3.836912072,1758893483.389912072,/studio/euler_deg.meas_yaw_deg,48.44568840696954
3.838112252,1758893483.391112252,/studio/euler_deg.meas_yaw_deg,47.0689221298189
3.840289535,1758893483.393289535,/studio/euler_deg.meas_yaw_deg,47.0689221298189
3.843680914,1758893483.396680914,/studio/euler_deg.meas_yaw_deg,47.0689221298189
3.847005957,1758893483.400005957,/studio/euler_deg.meas_yaw_deg,47.0689221298189
3.850187453,1758893483.403187453,/studio/euler_deg.meas_yaw_deg,45.625476544166084
3.850358231,1758893483.403358231,/studio/euler_deg.meas_yaw_deg,45.625476544166084
3.8535799600000002,1758893483.406579960,/studio/euler_deg.meas_yaw_deg,45.625476544166084
3.856943759,1758893483.409943759,/studio/euler_deg.meas_yaw_deg,45.625476544166084
3.858095907,1758893483.411095907,/studio/euler_deg.meas_yaw_deg,44.16692770233823
3.860231267,1758893483.413231267,/studio/euler_deg.meas_yaw_deg,44.16692770233823
3.863584297,1758893483.416584297,/studio/euler_deg.meas_yaw_deg,44.16692770233823
3.866981365,1758893483.419981365,/studio/euler_deg.meas_yaw_deg,44.16692770233823
3.868120234,1758893483.421120234,/studio/euler_deg.meas_yaw_deg,42.77173067001964
3.870657433,1758893483.423657433,/studio/euler_deg.meas_yaw_deg,42.77173067001964
3.880068326,1758893483.433068326,/studio/euler_deg.meas_yaw_deg,41.374234762126925
3.888122298,1758893483.441122298,/studio/euler_deg.meas_yaw_deg,41.374234762126925
3.888129136,1758893483.441129136,/studio/euler_deg.meas_yaw_deg,41.374234762126925
3.888214046,1758893483.441214046,/studio/euler_deg.meas_yaw_deg,41.374234762126925
3.888218446,1758893483.441218446,/studio/euler_deg.meas_yaw_deg,41.374234762126925
3.8900918410000003,1758893483.443091841,/studio/euler_deg.meas_yaw_deg,39.93380524130054
3.891021072,1758893483.444021072,/studio/euler_deg.meas_yaw_deg,39.93380524130054
3.891022723,1758893483.444022723,/studio/euler_deg.meas_yaw_deg,39.93380524130054
3.893530164,1758893483.446530164,/studio/euler_deg.meas_yaw_deg,39.93380524130054
3.896814869,1758893483.449814869,/studio/euler_deg.meas_yaw_deg,39.93380524130054
3.9000698700000003,1758893483.453069870,/studio/euler_deg.meas_yaw_deg,38.45444723857787
3.900103131,1758893483.453103131,/studio/euler_deg.meas_yaw_deg,38.45444723857787
3.9034271140000003,1758893483.456427114,/studio/euler_deg.meas_yaw_deg,38.45444723857787
3.906827718,1758893483.459827718,/studio/euler_deg.meas_yaw_deg,38.45444723857787
3.910088071,1758893483.463088071,/studio/euler_deg.meas_yaw_deg,37.10257682928432
3.91013708,1758893483.463137080,/studio/euler_deg.meas_yaw_deg,37.10257682928432
3.914438993,1758893483.467438993,/studio/euler_deg.meas_yaw_deg,37.10257682928432
3.916913235,1758893483.469913235,/studio/euler_deg.meas_yaw_deg,37.10257682928432
3.920074909,1758893483.473074909,/studio/euler_deg.meas_yaw_deg,35.700470375748026
3.920206667,1758893483.473206667,/studio/euler_deg.meas_yaw_deg,35.700470375748026
3.9235767900000003,1758893483.476576790,/studio/euler_deg.meas_yaw_deg,35.700470375748026
3.9268605350000003,1758893483.479860535,/studio/euler_deg.meas_yaw_deg,35.700470375748026
3.930133798,1758893483.483133798,/studio/euler_deg.meas_yaw_deg,34.25615691408549
3.930175058,1758893483.483175058,/studio/euler_deg.meas_yaw_deg,34.25615691408549
3.933558128,1758893483.486558128,/studio/euler_deg.meas_yaw_deg,34.25615691408549
3.936822115,1758893483.489822115,/studio/euler_deg.meas_yaw_deg,34.25615691408549
3.940079203,1758893483.493079203,/studio/euler_deg.meas_yaw_deg,32.91138773705388
3.940169887,1758893483.493169887,/studio/euler_deg.meas_yaw_deg,32.91138773705388
3.94350054,1758893483.496500540,/studio/euler_deg.meas_yaw_deg,32.91138773705388
3.94680276,1758893483.499802760,/studio/euler_deg.meas_yaw_deg,32.91138773705388
3.950186896,1758893483.503186896,/studio/euler_deg.meas_yaw_deg,31.670732995916683
3.95019458,1758893483.503194580,/studio/euler_deg.meas_yaw_deg,31.670732995916683
3.953474056,1758893483.506474056,/studio/euler_deg.meas_yaw_deg,31.670732995916683
3.9568348550000003,1758893483.509834855,/studio/euler_deg.meas_yaw_deg,31.670732995916683
3.960144815,1758893483.513144815,/studio/euler_deg.meas_yaw_deg,29.928971036845503
3.960166247,1758893483.513166247,/studio/euler_deg.meas_yaw_deg,29.928971036845503
3.963447076,1758893483.516447076,/studio/euler_deg.meas_yaw_deg,29.928971036845503
3.9667496250000003,1758893483.519749625,/studio/euler_deg.meas_yaw_deg,29.928971036845503
3.9681204240000003,1758893483.521120424,/studio/euler_deg.meas_yaw_deg,28.541563105908427
3.970187929,1758893483.523187929,/studio/euler_deg.meas_yaw_deg,28.541563105908427
3.973573977,1758893483.526573977,/studio/euler_deg.meas_yaw_deg,28.541563105908427
3.976982038,1758893483.529982038,/studio/euler_deg.meas_yaw_deg,28.541563105908427
3.978123827,1758893483.531123827,/studio/euler_deg.meas_yaw_deg,27.217878630094024
3.980135219,1758893483.533135219,/studio/euler_deg.meas_yaw_deg,27.217878630094024
3.984709311,1758893483.537709311,/studio/euler_deg.meas_yaw_deg,27.217878630094024
3.98677729,1758893483.539777290,/studio/euler_deg.meas_yaw_deg,27.217878630094024
3.990106815,1758893483.543106815,/studio/euler_deg.meas_yaw_deg,25.89731126237088
3.990240004,1758893483.543240004,/studio/euler_deg.meas_yaw_deg,25.89731126237088
3.994024476,1758893483.547024476,/studio/euler_deg.meas_yaw_deg,25.89731126237088
3.99673643,1758893483.549736430,/studio/euler_deg.meas_yaw_deg,25.89731126237088
4.000062226,1758893483.553062226,/studio/euler_deg.meas_yaw_deg,25.89731126237088
4.00009038,1758893483.553090380,/studio/euler_deg.meas_yaw_deg,24.44482134989182
4.00344887,1758893483.556448870,/studio/euler_deg.meas_yaw_deg,24.44482134989182
4.006755583,1758893483.559755583,/studio/euler_deg.meas_yaw_deg,24.44482134989182
4.010119249,1758893483.563119249,/studio/euler_deg.meas_yaw_deg,23.108833307768244
4.010135132,1758893483.563135132,/studio/euler_deg.meas_yaw_deg,23.108833307768244
4.013456368,1758893483.566456368,/studio/euler_deg.meas_yaw_deg,23.108833307768244
4.016661217,1758893483.569661217,/studio/euler_deg.meas_yaw_deg,23.108833307768244
4.018079236,1758893483.571079236,/studio/euler_deg.meas_yaw_deg,21.86301793534598
4.020235927,1758893483.573235927,/studio/euler_deg.meas_yaw_deg,21.86301793534598
4.023505991,1758893483.576505991,/studio/euler_deg.meas_yaw_deg,21.86301793534598
4.02672482,1758893483.579724820,/studio/euler_deg.meas_yaw_deg,21.86301793534598
4.030051371,1758893483.583051371,/studio/euler_deg.meas_yaw_deg,21.86301793534598
4.030108955,1758893483.583108955,/studio/euler_deg.meas_yaw_deg,20.53446968279116
4.033375643,1758893483.586375643,/studio/euler_deg.meas_yaw_deg,20.53446968279116
4.036758274,1758893483.589758274,/studio/euler_deg.meas_yaw_deg,20.53446968279116
4.040117875,1758893483.593117875,/studio/euler_deg.meas_yaw_deg,18.91348962539358
4.04027377,1758893483.593273770,/studio/euler_deg.meas_yaw_deg,18.91348962539358
4.043480774,1758893483.596480774,/studio/euler_deg.meas_yaw_deg,18.91348962539358
4.046731824,1758893483.599731824,/studio/euler_deg.meas_yaw_deg,18.91348962539358
4.048066087,1758893483.601066087,/studio/euler_deg.meas_yaw_deg,17.729544847835253
4.050019751,1758893483.603019751,/studio/euler_deg.meas_yaw_deg,17.729544847835253
4.053465417,1758893483.606465417,/studio/euler_deg.meas_yaw_deg,17.729544847835253
4.056858179,1758893483.609858179,/studio/euler_deg.meas_yaw_deg,17.729544847835253
4.060155727,1758893483.613155727,/studio/euler_deg.meas_yaw_deg,16.40973237294267
4.060175799,1758893483.613175799,/studio/euler_deg.meas_yaw_deg,16.40973237294267
4.063432298,1758893483.616432298,/studio/euler_deg.meas_yaw_deg,16.40973237294267
4.066625453,1758893483.619625453,/studio/euler_deg.meas_yaw_deg,16.40973237294267
4.070031863,1758893483.623031863,/studio/euler_deg.meas_yaw_deg,16.40973237294267
4.070095242,1758893483.623095242,/studio/euler_deg.meas_yaw_deg,14.929780307457747
4.073371764,1758893483.626371764,/studio/euler_deg.meas_yaw_deg,14.929780307457747
4.080081542,1758893483.633081542,/studio/euler_deg.meas_yaw_deg,13.583887311981867
4.090120919,1758893483.643120919,/studio/euler_deg.meas_yaw_deg,12.237137422341707
4.093810767,1758893483.646810767,/studio/euler_deg.meas_yaw_deg,12.237137422341707
4.093814453,1758893483.646814453,/studio/euler_deg.meas_yaw_deg,12.237137422341707
4.093816549,1758893483.646816549,/studio/euler_deg.meas_yaw_deg,12.237137422341707
4.09382296,1758893483.646822960,/studio/euler_deg.meas_yaw_deg,12.237137422341707
4.094863106,1758893483.647863106,/studio/euler_deg.meas_yaw_deg,12.237137422341707
4.094866751,1758893483.647866751,/studio/euler_deg.meas_yaw_deg,12.237137422341707
4.096642327,1758893483.649642327,/studio/euler_deg.meas_yaw_deg,12.237137422341707
4.098151011,1758893483.651151011,/studio/euler_deg.meas_yaw_deg,10.820814754300287
4.100058867,1758893483.653058867,/studio/euler_deg.meas_yaw_deg,10.820814754300287
4.1035371210000005,1758893483.656537121,/studio/euler_deg.meas_yaw_deg,10.820814754300287
4.10660527,1758893483.659605270,/studio/euler_deg.meas_yaw_deg,10.820814754300287
4.110149342,1758893483.663149342,/studio/euler_deg.meas_yaw_deg,9.325319973966378
4.110172119,1758893483.663172119,/studio/euler_deg.meas_yaw_deg,9.325319973966378
4.113398145,1758893483.666398145,/studio/euler_deg.meas_yaw_deg,9.325319973966378
4.116712724,1758893483.669712724,/studio/euler_deg.meas_yaw_deg,9.325319973966378
4.120010216,1758893483.673010216,/studio/euler_deg.meas_yaw_deg,9.325319973966378
4.120118414,1758893483.673118414,/studio/euler_deg.meas_yaw_deg,7.883352725131448
4.123299151,1758893483.676299151,/studio/euler_deg.meas_yaw_deg,7.883352725131448
4.126643304,1758893483.679643304,/studio/euler_deg.meas_yaw_deg,7.883352725131448
4.130051127,1758893483.683051127,/studio/euler_deg.meas_yaw_deg,7.883352725131448
4.130168157,1758893483.683168157,/studio/euler_deg.meas_yaw_deg,6.5311549860063325
4.13324374,1758893483.686243740,/studio/euler_deg.meas_yaw_deg,6.5311549860063325
4.136635367,1758893483.689635367,/studio/euler_deg.meas_yaw_deg,6.5311549860063325
4.139983,1758893483.692983000,/studio/euler_deg.meas_yaw_deg,6.5311549860063325
4.140095528,1758893483.693095528,/studio/euler_deg.meas_yaw_deg,4.956944517622204
4.143484888,1758893483.696484888,/studio/euler_deg.meas_yaw_deg,4.956944517622204
4.146716313,1758893483.699716313,/studio/euler_deg.meas_yaw_deg,4.956944517622204
4.149926505,1758893483.702926505,/studio/euler_deg.meas_yaw_deg,4.956944517622204
4.150093817,1758893483.703093817,/studio/euler_deg.meas_yaw_deg,3.459070343450953
4.153230238,1758893483.706230238,/studio/euler_deg.meas_yaw_deg,3.459070343450953
4.156569719,1758893483.709569719,/studio/euler_deg.meas_yaw_deg,3.459070343450953
4.158119347,1758893483.711119347,/studio/euler_deg.meas_yaw_deg,2.157058861452429
4.160040904,1758893483.713040904,/studio/euler_deg.meas_yaw_deg,2.157058861452429
4.163356652,1758893483.716356652,/studio/euler_deg.meas_yaw_deg,2.157058861452429
4.166568948,1758893483.719568948,/studio/euler_deg.meas_yaw_deg,2.157058861452429
4.169892149,1758893483.722892149,/studio/euler_deg.meas_yaw_deg,2.157058861452429
4.170117681,1758893483.723117681,/studio/euler_deg.meas_yaw_deg,0.7941406376430143
4.173205158,1758893483.726205158,/studio/euler_deg.meas_yaw_deg,0.7941406376430143
4.177008278,1758893483.730008278,/studio/euler_deg.meas_yaw_deg,0.7941406376430143
4.178128089,1758893483.731128089,/studio/euler_deg.meas_yaw_deg,-0.6545621375314484
4.1798993,1758893483.732899300,/studio/euler_deg.meas_yaw_deg,-0.6545621375314484
4.183383038,1758893483.736383038,/studio/euler_deg.meas_yaw_deg,-0.6545621375314484
4.1872021870000005,1758893483.740202187,/studio/euler_deg.meas_yaw_deg,-0.6545621375314484
4.188149876,1758893483.741149876,/studio/euler_deg.meas_yaw_deg,-2.0243675935107692
4.190147132,1758893483.743147132,/studio/euler_deg.meas_yaw_deg,-2.0243675935107692
4.193197981,1758893483.746197981,/studio/euler_deg.meas_yaw_deg,-2.0243675935107692
4.196630449,1758893483.749630449,/studio/euler_deg.meas_yaw_deg,-2.0243675935107692
4.199887963,1758893483.752887963,/studio/euler_deg.meas_yaw_deg,-2.0243675935107692
4.200112865,1758893483.753112865,/studio/euler_deg.meas_yaw_deg,-3.3981688079266994
4.203387665,1758893483.756387665,/studio/euler_deg.meas_yaw_deg,-3.3981688079266994
4.207274042,1758893483.760274042,/studio/euler_deg.meas_yaw_deg,-3.3981688079266994
4.210128727,1758893483.763128727,/studio/euler_deg.meas_yaw_deg,-4.796535624961833
4.210832561,1758893483.763832561,/studio/euler_deg.meas_yaw_deg,-4.796535624961833
4.213978073,1758893483.766978073,/studio/euler_deg.meas_yaw_deg,-4.796535624961833
4.216569694,1758893483.769569694,/studio/euler_deg.meas_yaw_deg,-4.796535624961833
4.219860231,1758893483.772860231,/studio/euler_deg.meas_yaw_deg,-4.796535624961833
4.220113608,1758893483.773113608,/studio/euler_deg.meas_yaw_deg,-6.221609396119253
4.223151102,1758893483.776151102,/studio/euler_deg.meas_yaw_deg,-6.221609396119253
4.226476174,1758893483.779476174,/studio/euler_deg.meas_yaw_deg,-6.221609396119253
4.229975036,1758893483.782975036,/studio/euler_deg.meas_yaw_deg,-6.221609396119253
4.230111125,1758893483.783111125,/studio/euler_deg.meas_yaw_deg,-7.641784818596059
4.233527726,1758893483.786527726,/studio/euler_deg.meas_yaw_deg,-7.641784818596059
4.237252861,1758893483.790252861,/studio/euler_deg.meas_yaw_deg,-7.641784818596059
4.240134766,1758893483.793134766,/studio/euler_deg.meas_yaw_deg,-9.052357230139913
4.240191191,1758893483.793191191,/studio/euler_deg.meas_yaw_deg,-9.052357230139913
4.243402432,1758893483.796402432,/studio/euler_deg.meas_yaw_deg,-9.052357230139913
4.24812681,1758893483.801126810,/studio/euler_deg.meas_yaw_deg,-10.518129291207817
4.251051124,1758893483.804051124,/studio/euler_deg.meas_yaw_deg,-10.518129291207817
4.2510574,1758893483.804057400,/studio/euler_deg.meas_yaw_deg,-10.518129291207817
4.254649137,1758893483.807649137,/studio/euler_deg.meas_yaw_deg,-10.518129291207817
4.256533247,1758893483.809533247,/studio/euler_deg.meas_yaw_deg,-10.518129291207817
4.258184406,1758893483.811184406,/studio/euler_deg.meas_yaw_deg,-11.87256380350809
4.259828532,1758893483.812828532,/studio/euler_deg.meas_yaw_deg,-11.87256380350809
4.26313305,1758893483.816133050,/studio/euler_deg.meas_yaw_deg,-11.87256380350809
4.266543058,1758893483.819543058,/studio/euler_deg.meas_yaw_deg,-11.87256380350809
4.269822445,1758893483.822822445,/studio/euler_deg.meas_yaw_deg,-11.87256380350809
4.270096238,1758893483.823096238,/studio/euler_deg.meas_yaw_deg,-13.305809385476607
4.273142778,1758893483.826142778,/studio/euler_deg.meas_yaw_deg,-13.305809385476607
4.276415153,1758893483.829415153,/studio/euler_deg.meas_yaw_deg,-13.305809385476607
4.280077102,1758893483.833077102,/studio/euler_deg.meas_yaw_deg,-14.615267323661822
4.280278472,1758893483.833278472,/studio/euler_deg.meas_yaw_deg,-14.615267323661822
4.290102388,1758893483.843102388,/studio/euler_deg.meas_yaw_deg,-15.996501045238404
4.297223481,1758893483.850223481,/studio/euler_deg.meas_yaw_deg,-15.996501045238404
4.297242033,1758893483.850242033,/studio/euler_deg.meas_yaw_deg,-15.996501045238404
4.297244944,1758893483.850244944,/studio/euler_deg.meas_yaw_deg,-15.996501045238404
4.297248976,1758893483.850248976,/studio/euler_deg.meas_yaw_deg,-15.996501045238404
4.3000703510000005,1758893483.853070351,/studio/euler_deg.meas_yaw_deg,-17.228120192492526
4.301925982,1758893483.854925982,/studio/euler_deg.meas_yaw_deg,-17.228120192492526
4.301927459,1758893483.854927459,/studio/euler_deg.meas_yaw_deg,-17.228120192492526
4.303238233,1758893483.856238233,/studio/euler_deg.meas_yaw_deg,-17.228120192492526
4.306556466,1758893483.859556466,/studio/euler_deg.meas_yaw_deg,-17.228120192492526
4.309892181,1758893483.862892181,/studio/euler_deg.meas_yaw_deg,-17.228120192492526
4.310067242,1758893483.863067242,/studio/euler_deg.meas_yaw_deg,-18.658279816379427
4.313167417,1758893483.866167417,/studio/euler_deg.meas_yaw_deg,-18.658279816379427
4.316480216,1758893483.869480216,/studio/euler_deg.meas_yaw_deg,-18.658279816379427
4.319815399,1758893483.872815399,/studio/euler_deg.meas_yaw_deg,-18.658279816379427
4.320070105,1758893483.873070105,/studio/euler_deg.meas_yaw_deg,-19.993870812002292
4.323149378,1758893483.876149378,/studio/euler_deg.meas_yaw_deg,-19.993870812002292
4.32660383,1758893483.879603830,/studio/euler_deg.meas_yaw_deg,-19.993870812002292
4.329781466,1758893483.882781466,/studio/euler_deg.meas_yaw_deg,-19.993870812002292
4.330111368,1758893483.883111368,/studio/euler_deg.meas_yaw_deg,-21.400994328335305
4.333366506,1758893483.886366506,/studio/euler_deg.meas_yaw_deg,-21.400994328335305
4.3364151920000005,1758893483.889415192,/studio/euler_deg.meas_yaw_deg,-21.400994328335305
4.33974352,1758893483.892743520,/studio/euler_deg.meas_yaw_deg,-21.400994328335305
4.340068381,1758893483.893068381,/studio/euler_deg.meas_yaw_deg,-22.494077059314613
4.343016869,1758893483.896016869,/studio/euler_deg.meas_yaw_deg,-22.494077059314613
4.346371775,1758893483.899371775,/studio/euler_deg.meas_yaw_deg,-22.494077059314613
4.348081014,1758893483.901081014,/studio/euler_deg.meas_yaw_deg,-23.784462226845793
4.349832613,1758893483.902832613,/studio/euler_deg.meas_yaw_deg,-23.784462226845793
4.353168618,1758893483.906168618,/studio/euler_deg.meas_yaw_deg,-23.784462226845793
4.356585268,1758893483.909585268,/studio/euler_deg.meas_yaw_deg,-23.784462226845793
4.359711844,1758893483.912711844,/studio/euler_deg.meas_yaw_deg,-23.784462226845793
4.360104638,1758893483.913104638,/studio/euler_deg.meas_yaw_deg,-25.201935096392667
4.363001184,1758893483.916001184,/studio/euler_deg.meas_yaw_deg,-25.201935096392667
4.36636082,1758893483.919360820,/studio/euler_deg.meas_yaw_deg,-25.201935096392667
4.369755831,1758893483.922755831,/studio/euler_deg.meas_yaw_deg,-25.201935096392667
4.3701365580000004,1758893483.923136558,/studio/euler_deg.meas_yaw_deg,-26.613155758402804
4.37301442,1758893483.926014420,/studio/euler_deg.meas_yaw_deg,-26.613155758402804
4.376312918,1758893483.929312918,/studio/euler_deg.meas_yaw_deg,-26.613155758402804
4.379673152,1758893483.932673152,/studio/euler_deg.meas_yaw_deg,-26.613155758402804
4.380107747,1758893483.933107747,/studio/euler_deg.meas_yaw_deg,-28.015984657429705
4.383068436,1758893483.936068436,/studio/euler_deg.meas_yaw_deg,-28.015984657429705
4.38644206,1758893483.939442060,/studio/euler_deg.meas_yaw_deg,-28.015984657429705
4.388105617,1758893483.941105617,/studio/euler_deg.meas_yaw_deg,-29.419827356206817
4.389822107,1758893483.942822107,/studio/euler_deg.meas_yaw_deg,-29.419827356206817
4.393024854,1758893483.946024854,/studio/euler_deg.meas_yaw_deg,-29.419827356206817
4.396344035,1758893483.949344035,/studio/euler_deg.meas_yaw_deg,-29.419827356206817
4.399851895,1758893483.952851895,/studio/euler_deg.meas_yaw_deg,-29.419827356206817
4.400111391,1758893483.953111391,/studio/euler_deg.meas_yaw_deg,-30.795854812236918
4.404122611,1758893483.957122611,/studio/euler_deg.meas_yaw_deg,-30.795854812236918
4.406345816,1758893483.959345816,/studio/euler_deg.meas_yaw_deg,-30.795854812236918
4.4096624,1758893483.962662400,/studio/euler_deg.meas_yaw_deg,-30.795854812236918
4.410117455,1758893483.963117455,/studio/euler_deg.meas_yaw_deg,-32.192745110220514
4.413011736,1758893483.966011736,/studio/euler_deg.meas_yaw_deg,-32.192745110220514
4.416412184,1758893483.969412184,/studio/euler_deg.meas_yaw_deg,-32.192745110220514
4.419667056,1758893483.972667056,/studio/euler_deg.meas_yaw_deg,-32.192745110220514
4.420167518,1758893483.973167518,/studio/euler_deg.meas_yaw_deg,-33.50693491181577
4.423004556,1758893483.976004556,/studio/euler_deg.meas_yaw_deg,-33.50693491181577
4.4262751,1758893483.979275100,/studio/euler_deg.meas_yaw_deg,-33.50693491181577
4.429634068,1758893483.982634068,/studio/euler_deg.meas_yaw_deg,-33.50693491181577
4.430166086,1758893483.983166086,/studio/euler_deg.meas_yaw_deg,-35.1654304774742
4.433046322,1758893483.986046322,/studio/euler_deg.meas_yaw_deg,-35.1654304774742
4.436335561,1758893483.989335561,/studio/euler_deg.meas_yaw_deg,-35.1654304774742
4.439640259,1758893483.992640259,/studio/euler_deg.meas_yaw_deg,-35.1654304774742
4.440150806,1758893483.993150806,/studio/euler_deg.meas_yaw_deg,-36.929231242320206
4.442945696,1758893483.995945696,/studio/euler_deg.meas_yaw_deg,-36.929231242320206
4.446280548,1758893483.999280548,/studio/euler_deg.meas_yaw_deg,-36.929231242320206
4.44974814,1758893484.002748140,/studio/euler_deg.meas_yaw_deg,-36.929231242320206
4.450145956,1758893484.003145956,/studio/euler_deg.meas_yaw_deg,-38.237039699836835
4.452987442,1758893484.005987442,/studio/euler_deg.meas_yaw_deg,-38.237039699836835
4.45642306,1758893484.009423060,/studio/euler_deg.meas_yaw_deg,-38.237039699836835
4.458127289,1758893484.011127289,/studio/euler_deg.meas_yaw_deg,-39.71112689929055
4.459690194,1758893484.012690194,/studio/euler_deg.meas_yaw_deg,-39.71112689929055
4.462982217,1758893484.015982217,/studio/euler_deg.meas_yaw_deg,-39.71112689929055
4.466336988,1758893484.019336988,/studio/euler_deg.meas_yaw_deg,-39.71112689929055
4.468121447,1758893484.021121447,/studio/euler_deg.meas_yaw_deg,-41.22815766050658
4.469631563,1758893484.022631563,/studio/euler_deg.meas_yaw_deg,-41.22815766050658
4.472975725,1758893484.025975725,/studio/euler_deg.meas_yaw_deg,-41.22815766050658
4.476258948,1758893484.029258948,/studio/euler_deg.meas_yaw_deg,-41.22815766050658
4.479600197,1758893484.032600197,/studio/euler_deg.meas_yaw_deg,-41.22815766050658
4.480148524,1758893484.033148524,/studio/euler_deg.meas_yaw_deg,-42.68480485942332
4.482939961,1758893484.035939961,/studio/euler_deg.meas_yaw_deg,-42.68480485942332
4.487038137,1758893484.040038137,/studio/euler_deg.meas_yaw_deg,-42.68480485942332
4.490115552,1758893484.043115552,/studio/euler_deg.meas_yaw_deg,-43.96327241802601
4.498117819,1758893484.051117819,/studio/euler_deg.meas_yaw_deg,-45.498235275071806
4.503727405,1758893484.056727405,/studio/euler_deg.meas_yaw_deg,-45.498235275071806
4.50373103,1758893484.056731030,/studio/euler_deg.meas_yaw_deg,-45.498235275071806
4.503733928,1758893484.056733928,/studio/euler_deg.meas_yaw_deg,-45.498235275071806
4.503737458,1758893484.056737458,/studio/euler_deg.meas_yaw_deg,-45.498235275071806
4.50521611,1758893484.058216110,/studio/euler_deg.meas_yaw_deg,-45.498235275071806
4.506988834,1758893484.059988834,/studio/euler_deg.meas_yaw_deg,-45.498235275071806
4.508115324,1758893484.061115324,/studio/euler_deg.meas_yaw_deg,-46.93168211732163
4.509577214,1758893484.062577214,/studio/euler_deg.meas_yaw_deg,-46.93168211732163
4.512895916,1758893484.065895916,/studio/euler_deg.meas_yaw_deg,-46.93168211732163
4.516420861,1758893484.069420861,/studio/euler_deg.meas_yaw_deg,-46.93168211732163
4.519629151,1758893484.072629151,/studio/euler_deg.meas_yaw_deg,-46.93168211732163
4.520130966,1758893484.073130966,/studio/euler_deg.meas_yaw_deg,-48.41753122434728
4.522879309,1758893484.075879309,/studio/euler_deg.meas_yaw_deg,-48.41753122434728
4.526276869,1758893484.079276869,/studio/euler_deg.meas_yaw_deg,-48.41753122434728
4.528133998,1758893484.081133998,/studio/euler_deg.meas_yaw_deg,-49.804366187353644
4.529540763,1758893484.082540763,/studio/euler_deg.meas_yaw_deg,-49.804366187353644
4.532884244,1758893484.085884244,/studio/euler_deg.meas_yaw_deg,-49.804366187353644
4.536569208,1758893484.089569208,/studio/euler_deg.meas_yaw_deg,-49.804366187353644
4.539653555,1758893484.092653555,/studio/euler_deg.meas_yaw_deg,-49.804366187353644
4.540111653,1758893484.093111653,/studio/euler_deg.meas_yaw_deg,-51.35588057185078
4.542855468,1758893484.095855468,/studio/euler_deg.meas_yaw_deg,-51.35588057185078
4.546249925,1758893484.099249925,/studio/euler_deg.meas_yaw_deg,-51.35588057185078
4.548109454,1758893484.101109454,/studio/euler_deg.meas_yaw_deg,-52.704637134514655
4.549619048,1758893484.102619048,/studio/euler_deg.meas_yaw_deg,-52.704637134514655
4.552937313,1758893484.105937313,/studio/euler_deg.meas_yaw_deg,-52.704637134514655
4.55625943,1758893484.109259430,/studio/euler_deg.meas_yaw_deg,-52.704637134514655
4.558116315,1758893484.111116315,/studio/euler_deg.meas_yaw_deg,-54.01081256866036
4.559642196,1758893484.112642196,/studio/euler_deg.meas_yaw_deg,-54.01081256866036
4.562858922,1758893484.115858922,/studio/euler_deg.meas_yaw_deg,-54.01081256866036
4.566319947,1758893484.119319947,/studio/euler_deg.meas_yaw_deg,-54.01081256866036
4.569537521,1758893484.122537521,/studio/euler_deg.meas_yaw_deg,-54.01081256866036
4.570116679,1758893484.123116679,/studio/euler_deg.meas_yaw_deg,-55.35236574253629
4.572852408,1758893484.125852408,/studio/euler_deg.meas_yaw_deg,-55.35236574253629
4.576349429,1758893484.129349429,/studio/euler_deg.meas_yaw_deg,-55.35236574253629
4.579625388,1758893484.132625388,/studio/euler_deg.meas_yaw_deg,-55.35236574253629
4.580119042,1758893484.133119042,/studio/euler_deg.meas_yaw_deg,-56.76355193320002
4.582808678,1758893484.135808678,/studio/euler_deg.meas_yaw_deg,-56.76355193320002
4.586651612,1758893484.139651612,/studio/euler_deg.meas_yaw_deg,-56.76355193320002
4.589536475,1758893484.142536475,/studio/euler_deg.meas_yaw_deg,-56.76355193320002
4.590119963,1758893484.143119963,/studio/euler_deg.meas_yaw_deg,-58.092962570671276
4.592826412,1758893484.145826412,/studio/euler_deg.meas_yaw_deg,-58.092962570671276
4.596124044,1758893484.149124044,/studio/euler_deg.meas_yaw_deg,-58.092962570671276
4.599464625,1758893484.152464625,/studio/euler_deg.meas_yaw_deg,-58.092962570671276
4.600117058,1758893484.153117058,/studio/euler_deg.meas_yaw_deg,-59.3208179593958
4.602778933,1758893484.155778933,/studio/euler_deg.meas_yaw_deg,-59.3208179593958
4.606288164,1758893484.159288164,/studio/euler_deg.meas_yaw_deg,-59.3208179593958
4.609465491,1758893484.162465491,/studio/euler_deg.meas_yaw_deg,-59.3208179593958
4.610128642,1758893484.163128642,/studio/euler_deg.meas_yaw_deg,-60.88645992387382
4.612885494,1758893484.165885494,/studio/euler_deg.meas_yaw_deg,-60.88645992387382
4.616084152,1758893484.169084152,/studio/euler_deg.meas_yaw_deg,-60.88645992387382
4.619771016,1758893484.172771016,/studio/euler_deg.meas_yaw_deg,-60.88645992387382
4.6201373310000005,1758893484.173137331,/studio/euler_deg.meas_yaw_deg,-62.31634323800546
4.623141137,1758893484.176141137,/studio/euler_deg.meas_yaw_deg,-62.31634323800546
4.626081705,1758893484.179081705,/studio/euler_deg.meas_yaw_deg,-62.31634323800546
4.628156168,1758893484.181156168,/studio/euler_deg.meas_yaw_deg,-63.71448817050725
4.629488591,1758893484.182488591,/studio/euler_deg.meas_yaw_deg,-63.71448817050725
4.632746144,1758893484.185746144,/studio/euler_deg.meas_yaw_deg,-63.71448817050725
4.636155453,1758893484.189155453,/studio/euler_deg.meas_yaw_deg,-63.71448817050725
4.639491013,1758893484.192491013,/studio/euler_deg.meas_yaw_deg,-63.71448817050725
4.6401372,1758893484.193137200,/studio/euler_deg.meas_yaw_deg,-65.09166454251547
4.642813634,1758893484.195813634,/studio/euler_deg.meas_yaw_deg,-65.09166454251547
4.646122043,1758893484.199122043,/studio/euler_deg.meas_yaw_deg,-65.09166454251547
4.649470229,1758893484.202470229,/studio/euler_deg.meas_yaw_deg,-65.09166454251547
4.650112569,1758893484.203112569,/studio/euler_deg.meas_yaw_deg,-66.54794948335278
4.652818916,1758893484.205818916,/studio/euler_deg.meas_yaw_deg,-66.54794948335278
4.656331659,1758893484.209331659,/studio/euler_deg.meas_yaw_deg,-66.54794948335278
4.659635303,1758893484.212635303,/studio/euler_deg.meas_yaw_deg,-66.54794948335278
4.660124048,1758893484.213124048,/studio/euler_deg.meas_yaw_deg,-67.98650763515448
4.666241867,1758893484.219241867,/studio/euler_deg.meas_yaw_deg,-67.98650763515448
4.667125849,1758893484.220125849,/studio/euler_deg.meas_yaw_deg,-67.98650763515448
4.669509252,1758893484.222509252,/studio/euler_deg.meas_yaw_deg,-67.98650763515448
4.67011762,1758893484.223117620,/studio/euler_deg.meas_yaw_deg,-69.36324849270153
4.672759605,1758893484.225759605,/studio/euler_deg.meas_yaw_deg,-69.36324849270153
4.676339573,1758893484.229339573,/studio/euler_deg.meas_yaw_deg,-69.36324849270153
4.6795171920000005,1758893484.232517192,/studio/euler_deg.meas_yaw_deg,-69.36324849270153
4.680152763,1758893484.233152763,/studio/euler_deg.meas_yaw_deg,-70.79392191353372
4.682801211,1758893484.235801211,/studio/euler_deg.meas_yaw_deg,-70.79392191353372
4.686080203,1758893484.239080203,/studio/euler_deg.meas_yaw_deg,-70.79392191353372
4.688148896,1758893484.241148896,/studio/euler_deg.meas_yaw_deg,-72.26019026516953
4.692818668,1758893484.245818668,/studio/euler_deg.meas_yaw_deg,-72.26019026516953
4.700122934,1758893484.253122934,/studio/euler_deg.meas_yaw_deg,-73.66789419709048
4.709071654,1758893484.262071654,/studio/euler_deg.meas_yaw_deg,-73.66789419709048
4.709074606,1758893484.262074606,/studio/euler_deg.meas_yaw_deg,-73.66789419709048
4.709110622,1758893484.262110622,/studio/euler_deg.meas_yaw_deg,-73.66789419709048
4.709116706,1758893484.262116706,/studio/euler_deg.meas_yaw_deg,-73.66789419709048
4.710091466,1758893484.263091466,/studio/euler_deg.meas_yaw_deg,-75.08288891134872
4.710254813,1758893484.263254813,/studio/euler_deg.meas_yaw_deg,-75.08288891134872
4.710256862,1758893484.263256862,/studio/euler_deg.meas_yaw_deg,-75.08288891134872
4.7130295360000005,1758893484.266029536,/studio/euler_deg.meas_yaw_deg,-75.08288891134872
4.71645203,1758893484.269452030,/studio/euler_deg.meas_yaw_deg,-75.08288891134872
4.719477559,1758893484.272477559,/studio/euler_deg.meas_yaw_deg,-75.08288891134872
4.720136937,1758893484.273136937,/studio/euler_deg.meas_yaw_deg,-76.50451986120251
4.722675733,1758893484.275675733,/studio/euler_deg.meas_yaw_deg,-76.50451986120251
4.726046299,1758893484.279046299,/studio/euler_deg.meas_yaw_deg,-76.50451986120251
4.729352379,1758893484.282352379,/studio/euler_deg.meas_yaw_deg,-76.50451986120251
4.730165832,1758893484.283165832,/studio/euler_deg.meas_yaw_deg,-77.94558057508848
4.732790589,1758893484.285790589,/studio/euler_deg.meas_yaw_deg,-77.94558057508848
4.73609564,1758893484.289095640,/studio/euler_deg.meas_yaw_deg,-77.94558057508848
4.739478849,1758893484.292478849,/studio/euler_deg.meas_yaw_deg,-77.94558057508848
4.7401231169999996,1758893484.293123117,/studio/euler_deg.meas_yaw_deg,-79.45535561769766
4.743806704,1758893484.296806704,/studio/euler_deg.meas_yaw_deg,-79.45535561769766
4.746049985,1758893484.299049985,/studio/euler_deg.meas_yaw_deg,-79.45535561769766
4.749846772,1758893484.302846772,/studio/euler_deg.meas_yaw_deg,-79.45535561769766
4.750121089,1758893484.303121089,/studio/euler_deg.meas_yaw_deg,-81.02467922006898
4.752722227,1758893484.305722227,/studio/euler_deg.meas_yaw_deg,-81.02467922006898
4.756015026,1758893484.309015026,/studio/euler_deg.meas_yaw_deg,-81.02467922006898
4.759468382,1758893484.312468382,/studio/euler_deg.meas_yaw_deg,-81.02467922006898
4.76009191,1758893484.313091910,/studio/euler_deg.meas_yaw_deg,-82.47821196979945
4.762724059,1758893484.315724059,/studio/euler_deg.meas_yaw_deg,-82.47821196979945
4.766005744,1758893484.319005744,/studio/euler_deg.meas_yaw_deg,-82.47821196979945
4.7681109280000005,1758893484.321110928,/studio/euler_deg.meas_yaw_deg,-83.96877475552752
4.769383073,1758893484.322383073,/studio/euler_deg.meas_yaw_deg,-83.96877475552752
4.772646284,1758893484.325646284,/studio/euler_deg.meas_yaw_deg,-83.96877475552752
4.776000612,1758893484.329000612,/studio/euler_deg.meas_yaw_deg,-83.96877475552752
4.778147406,1758893484.331147406,/studio/euler_deg.meas_yaw_deg,-85.54065444008323
4.779438331,1758893484.332438331,/studio/euler_deg.meas_yaw_deg,-85.54065444008323
4.782772912,1758893484.335772912,/studio/euler_deg.meas_yaw_deg,-85.54065444008323
4.785965342,1758893484.338965342,/studio/euler_deg.meas_yaw_deg,-85.54065444008323
4.789426361,1758893484.342426361,/studio/euler_deg.meas_yaw_deg,-85.54065444008323
4.790103615,1758893484.343103615,/studio/euler_deg.meas_yaw_deg,-87.02630116353969
4.793501993,1758893484.346501993,/studio/euler_deg.meas_yaw_deg,-87.02630116353969
4.795980319,1758893484.348980319,/studio/euler_deg.meas_yaw_deg,-87.02630116353969
4.798102985,1758893484.351102985,/studio/euler_deg.meas_yaw_deg,-88.5279261445819
4.799350356,1758893484.352350356,/studio/euler_deg.meas_yaw_deg,-88.5279261445819
4.802611174,1758893484.355611174,/studio/euler_deg.meas_yaw_deg,-88.5279261445819
4.80605607,1758893484.359056070,/studio/euler_deg.meas_yaw_deg,-88.5279261445819
4.809355613,1758893484.362355613,/studio/euler_deg.meas_yaw_deg,-88.5279261445819
4.810072884,1758893484.363072884,/studio/euler_deg.meas_yaw_deg,-89.92514457465487
4.813222437,1758893484.366222437,/studio/euler_deg.meas_yaw_deg,-89.92514457465487
4.815955463,1758893484.368955463,/studio/euler_deg.meas_yaw_deg,-89.92514457465487
4.81941064,1758893484.372410640,/studio/euler_deg.meas_yaw_deg,-89.92514457465487
4.820095156,1758893484.373095156,/studio/euler_deg.meas_yaw_deg,-91.32250001390203
4.822601217,1758893484.375601217,/studio/euler_deg.meas_yaw_deg,-91.32250001390203
4.825965049,1758893484.378965049,/studio/euler_deg.meas_yaw_deg,-91.32250001390203
4.829256367,1758893484.382256367,/studio/euler_deg.meas_yaw_deg,-91.32250001390203
4.8300660220000005,1758893484.383066022,/studio/euler_deg.meas_yaw_deg,-92.82332537877966
4.832654346,1758893484.385654346,/studio/euler_deg.meas_yaw_deg,-92.82332537877966
4.835961213,1758893484.388961213,/studio/euler_deg.meas_yaw_deg,-92.82332537877966
4.839371936,1758893484.392371936,/studio/euler_deg.meas_yaw_deg,-92.82332537877966
4.840099092,1758893484.393099092,/studio/euler_deg.meas_yaw_deg,-94.22752070404931
4.842804758,1758893484.395804758,/studio/euler_deg.meas_yaw_deg,-94.22752070404931
4.84590952,1758893484.398909520,/studio/euler_deg.meas_yaw_deg,-94.22752070404931
4.848076336,1758893484.401076336,/studio/euler_deg.meas_yaw_deg,-95.65717609215423
4.849223568,1758893484.402223568,/studio/euler_deg.meas_yaw_deg,-95.65717609215423
4.852569807,1758893484.405569807,/studio/euler_deg.meas_yaw_deg,-95.65717609215423
4.855836503,1758893484.408836503,/studio/euler_deg.meas_yaw_deg,-95.65717609215423
4.85947599,1758893484.412475990,/studio/euler_deg.meas_yaw_deg,-95.65717609215423
4.860080943,1758893484.413080943,/studio/euler_deg.meas_yaw_deg,-97.08174389950116
4.862739805,1758893484.415739805,/studio/euler_deg.meas_yaw_deg,-97.08174389950116
4.86619489,1758893484.419194890,/studio/euler_deg.meas_yaw_deg,-97.08174389950116
4.869553456,1758893484.422553456,/studio/euler_deg.meas_yaw_deg,-97.08174389950116
4.87009977,1758893484.423099770,/studio/euler_deg.meas_yaw_deg,-98.5019103104867
4.872526855,1758893484.425526855,/studio/euler_deg.meas_yaw_deg,-98.5019103104867
4.875902753,1758893484.428902753,/studio/euler_deg.meas_yaw_deg,-98.5019103104867
4.878095483,1758893484.431095483,/studio/euler_deg.meas_yaw_deg,-99.95214707417695
4.879272708,1758893484.432272708,/studio/euler_deg.meas_yaw_deg,-99.95214707417695
4.882507794,1758893484.435507794,/studio/euler_deg.meas_yaw_deg,-99.95214707417695
4.886156963,1758893484.439156963,/studio/euler_deg.meas_yaw_deg,-99.95214707417695
4.889213032,1758893484.442213032,/studio/euler_deg.meas_yaw_deg,-99.95214707417695
4.8900783400000005,1758893484.443078340,/studio/euler_deg.meas_yaw_deg,-101.37408213628176
4.89291108,1758893484.445911080,/studio/euler_deg.meas_yaw_deg,-101.37408213628176
4.898105783,1758893484.451105783,/studio/euler_deg.meas_yaw_deg,-102.83327542629078
4.90970628,1758893484.462706280,/studio/euler_deg.meas_yaw_deg,-102.83327542629078
4.909709309,1758893484.462709309,/studio/euler_deg.meas_yaw_deg,-102.83327542629078
4.909714603,1758893484.462714603,/studio/euler_deg.meas_yaw_deg,-102.83327542629078
4.909720294,1758893484.462720294,/studio/euler_deg.meas_yaw_deg,-102.83327542629078
4.910109761,1758893484.463109761,/studio/euler_deg.meas_yaw_deg,-104.27228081298277
4.913890503,1758893484.466890503,/studio/euler_deg.meas_yaw_deg,-104.27228081298277
4.913893231,1758893484.466893231,/studio/euler_deg.meas_yaw_deg,-104.27228081298277
4.915916167,1758893484.468916167,/studio/euler_deg.meas_yaw_deg,-104.27228081298277
4.919463086,1758893484.472463086,/studio/euler_deg.meas_yaw_deg,-104.27228081298277
4.92011523,1758893484.473115230,/studio/euler_deg.meas_yaw_deg,-105.63804655245829
4.922742529,1758893484.475742529,/studio/euler_deg.meas_yaw_deg,-105.63804655245829
4.926432938,1758893484.479432938,/studio/euler_deg.meas_yaw_deg,-105.63804655245829
4.9281027,1758893484.481102700,/studio/euler_deg.meas_yaw_deg,-106.937540247344
4.930087936,1758893484.483087936,/studio/euler_deg.meas_yaw_deg,-106.937540247344
4.932696953,1758893484.485696953,/studio/euler_deg.meas_yaw_deg,-106.937540247344
4.936138634,1758893484.489138634,/studio/euler_deg.meas_yaw_deg,-106.937540247344
4.939829995,1758893484.492829995,/studio/euler_deg.meas_yaw_deg,-106.937540247344
4.940107029,1758893484.493107029,/studio/euler_deg.meas_yaw_deg,-108.48723988283324
4.944486061,1758893484.497486061,/studio/euler_deg.meas_yaw_deg,-108.48723988283324
4.945861205,1758893484.498861205,/studio/euler_deg.meas_yaw_deg,-108.48723988283324
4.948100469,1758893484.501100469,/studio/euler_deg.meas_yaw_deg,-109.94696721593652
4.949339989,1758893484.502339989,/studio/euler_deg.meas_yaw_deg,-109.94696721593652
4.952537963,1758893484.505537963,/studio/euler_deg.meas_yaw_deg,-109.94696721593652
4.958740997,1758893484.511740997,/studio/euler_deg.meas_yaw_deg,-109.94696721593652
4.95977909,1758893484.512779090,/studio/euler_deg.meas_yaw_deg,-109.94696721593652
4.960087806,1758893484.513087806,/studio/euler_deg.meas_yaw_deg,-111.53674974209497
4.962758556,1758893484.515758556,/studio/euler_deg.meas_yaw_deg,-111.53674974209497
4.966236909,1758893484.519236909,/studio/euler_deg.meas_yaw_deg,-111.53674974209497
4.969528987,1758893484.522528987,/studio/euler_deg.meas_yaw_deg,-111.53674974209497
4.9701007530000005,1758893484.523100753,/studio/euler_deg.meas_yaw_deg,-113.20041580359569
4.972435595,1758893484.525435595,/studio/euler_deg.meas_yaw_deg,-113.20041580359569
4.976125193,1758893484.529125193,/studio/euler_deg.meas_yaw_deg,-113.20041580359569
4.978115308,1758893484.531115308,/studio/euler_deg.meas_yaw_deg,-114.68641528752259
4.979413635,1758893484.532413635,/studio/euler_deg.meas_yaw_deg,-114.68641528752259
4.9824898,1758893484.535489800,/studio/euler_deg.meas_yaw_deg,-114.68641528752259
4.985778593,1758893484.538778593,/studio/euler_deg.meas_yaw_deg,-114.68641528752259
4.989322423,1758893484.542322423,/studio/euler_deg.meas_yaw_deg,-114.68641528752259
4.990117521,1758893484.543117521,/studio/euler_deg.meas_yaw_deg,-116.20686109082553
4.992423092,1758893484.545423092,/studio/euler_deg.meas_yaw_deg,-116.20686109082553
4.996208695,1758893484.549208695,/studio/euler_deg.meas_yaw_deg,-116.20686109082553
4.999153207,1758893484.552153207,/studio/euler_deg.meas_yaw_deg,-116.20686109082553
5.000073756,1758893484.553073756,/studio/euler_deg.meas_yaw_deg,-117.77376703432033
5.002456948,1758893484.555456948,/studio/euler_deg.meas_yaw_deg,-117.77376703432033
5.005836851,1758893484.558836851,/studio/euler_deg.meas_yaw_deg,-117.77376703432033
5.008145238,1758893484.561145238,/studio/euler_deg.meas_yaw_deg,-119.33866488522285
5.009898946,1758893484.562898946,/studio/euler_deg.meas_yaw_deg,-119.33866488522285
5.012544482,1758893484.565544482,/studio/euler_deg.meas_yaw_deg,-119.33866488522285
5.015948832,1758893484.568948832,/studio/euler_deg.meas_yaw_deg,-119.33866488522285
5.0181502,1758893484.571150200,/studio/euler_deg.meas_yaw_deg,-120.77328021873576
5.019111649,1758893484.572111649,/studio/euler_deg.meas_yaw_deg,-120.77328021873576
5.022480374,1758893484.575480374,/studio/euler_deg.meas_yaw_deg,-120.77328021873576
5.025694819,1758893484.578694819,/studio/euler_deg.meas_yaw_deg,-120.77328021873576
5.029300902,1758893484.582300902,/studio/euler_deg.meas_yaw_deg,-120.77328021873576
5.030245854,1758893484.583245854,/studio/euler_deg.meas_yaw_deg,-122.28628241374231
5.032503629,1758893484.585503629,/studio/euler_deg.meas_yaw_deg,-122.28628241374231
5.035739007,1758893484.588739007,/studio/euler_deg.meas_yaw_deg,-122.28628241374231
5.039059691,1758893484.592059691,/studio/euler_deg.meas_yaw_deg,-122.28628241374231
5.040083423,1758893484.593083423,/studio/euler_deg.meas_yaw_deg,-123.65028305826681
5.042480315,1758893484.595480315,/studio/euler_deg.meas_yaw_deg,-123.65028305826681
5.045740591,1758893484.598740591,/studio/euler_deg.meas_yaw_deg,-123.65028305826681
5.049043357,1758893484.602043357,/studio/euler_deg.meas_yaw_deg,-123.65028305826681
5.050070329,1758893484.603070329,/studio/euler_deg.meas_yaw_deg,-125.10183658885504
5.052434735,1758893484.605434735,/studio/euler_deg.meas_yaw_deg,-125.10183658885504
5.0557096,1758893484.608709600,/studio/euler_deg.meas_yaw_deg,-125.10183658885504
5.058945459,1758893484.611945459,/studio/euler_deg.meas_yaw_deg,-125.10183658885504
5.060085159,1758893484.613085159,/studio/euler_deg.meas_yaw_deg,-126.5529290344556
5.062618908,1758893484.615618908,/studio/euler_deg.meas_yaw_deg,-126.5529290344556
5.065804906,1758893484.618804906,/studio/euler_deg.meas_yaw_deg,-126.5529290344556
5.068071009,1758893484.621071009,/studio/euler_deg.meas_yaw_deg,-128.1702526326891
5.069168521,1758893484.622168521,/studio/euler_deg.meas_yaw_deg,-128.1702526326891
5.073264174,1758893484.626264174,/studio/euler_deg.meas_yaw_deg,-128.1702526326891
5.076024589,1758893484.629024589,/studio/euler_deg.meas_yaw_deg,-128.1702526326891
5.079547959,1758893484.632547959,/studio/euler_deg.meas_yaw_deg,-128.1702526326891
5.080084333,1758893484.633084333,/studio/euler_deg.meas_yaw_deg,-129.72398477623418
5.082732933,1758893484.635732933,/studio/euler_deg.meas_yaw_deg,-129.72398477623418
5.086052468,1758893484.639052468,/studio/euler_deg.meas_yaw_deg,-129.72398477623418
5.088068833,1758893484.641068833,/studio/euler_deg.meas_yaw_deg,-131.17676052301533
5.089305142,1758893484.642305142,/studio/euler_deg.meas_yaw_deg,-131.17676052301533
5.09257488,1758893484.645574880,/studio/euler_deg.meas_yaw_deg,-131.17676052301533
5.095890816,1758893484.648890816,/studio/euler_deg.meas_yaw_deg,-131.17676052301533
5.100066453,1758893484.653066453,/studio/euler_deg.meas_yaw_deg,-132.6703942720578
5.102525746,1758893484.655525746,/studio/euler_deg.meas_yaw_deg,-132.6703942720578
5.110120658,1758893484.663120658,/studio/euler_deg.meas_yaw_deg,-134.23624177066714
5.118795846,1758893484.671795846,/studio/euler_deg.meas_yaw_deg,-134.23624177066714
5.11879904,1758893484.671799040,/studio/euler_deg.meas_yaw_deg,-134.23624177066714
5.118805187,1758893484.671805187,/studio/euler_deg.meas_yaw_deg,-134.23624177066714
5.118806723,1758893484.671806723,/studio/euler_deg.meas_yaw_deg,-134.23624177066714
5.119111397,1758893484.672111397,/studio/euler_deg.meas_yaw_deg,-134.23624177066714
5.120076038,1758893484.673076038,/studio/euler_deg.meas_yaw_deg,-135.8258571541079
5.120677227,1758893484.673677227,/studio/euler_deg.meas_yaw_deg,-135.8258571541079
5.12247369,1758893484.675473690,/studio/euler_deg.meas_yaw_deg,-135.8258571541079
5.125710496,1758893484.678710496,/studio/euler_deg.meas_yaw_deg,-135.8258571541079
5.129166744,1758893484.682166744,/studio/euler_deg.meas_yaw_deg,-135.8258571541079
5.130066203,1758893484.683066203,/studio/euler_deg.meas_yaw_deg,-137.52698809062315
5.13264738,1758893484.685647380,/studio/euler_deg.meas_yaw_deg,-137.52698809062315
5.135833974,1758893484.688833974,/studio/euler_deg.meas_yaw_deg,-137.52698809062315
5.139313312,1758893484.692313312,/studio/euler_deg.meas_yaw_deg,-137.52698809062315
5.140091314,1758893484.693091314,/studio/euler_deg.meas_yaw_deg,-138.97756788326856
5.142353189,1758893484.695353189,/studio/euler_deg.meas_yaw_deg,-138.97756788326856
5.145687591,1758893484.698687591,/studio/euler_deg.meas_yaw_deg,-138.97756788326856
5.149181895,1758893484.702181895,/studio/euler_deg.meas_yaw_deg,-138.97756788326856
5.150101696,1758893484.703101696,/studio/euler_deg.meas_yaw_deg,-140.54371477371336
5.152607779,1758893484.705607779,/studio/euler_deg.meas_yaw_deg,-140.54371477371336
5.155826878,1758893484.708826878,/studio/euler_deg.meas_yaw_deg,-140.54371477371336
5.159318468,1758893484.712318468,/studio/euler_deg.meas_yaw_deg,-140.54371477371336
5.160096697,1758893484.713096697,/studio/euler_deg.meas_yaw_deg,-142.04701492641348
5.162469975,1758893484.715469975,/studio/euler_deg.meas_yaw_deg,-142.04701492641348
5.165821814,1758893484.718821814,/studio/euler_deg.meas_yaw_deg,-142.04701492641348
5.169078474,1758893484.722078474,/studio/euler_deg.meas_yaw_deg,-142.04701492641348
5.170069496,1758893484.723069496,/studio/euler_deg.meas_yaw_deg,-143.49297113012
5.172366222,1758893484.725366222,/studio/euler_deg.meas_yaw_deg,-143.49297113012
5.175641835,1758893484.728641835,/studio/euler_deg.meas_yaw_deg,-143.49297113012
5.179017193,1758893484.732017193,/studio/euler_deg.meas_yaw_deg,-143.49297113012
5.180068494,1758893484.733068494,/studio/euler_deg.meas_yaw_deg,-144.70727716597145
5.18256401,1758893484.735564010,/studio/euler_deg.meas_yaw_deg,-144.70727716597145
5.185745112,1758893484.738745112,/studio/euler_deg.meas_yaw_deg,-144.70727716597145
5.189187988,1758893484.742187988,/studio/euler_deg.meas_yaw_deg,-144.70727716597145
5.19007554,1758893484.743075540,/studio/euler_deg.meas_yaw_deg,-146.23358384380074
5.192438801,1758893484.745438801,/studio/euler_deg.meas_yaw_deg,-146.23358384380074
5.195760922,1758893484.748760922,/studio/euler_deg.meas_yaw_deg,-146.23358384380074
5.198110764,1758893484.751110764,/studio/euler_deg.meas_yaw_deg,-147.59065968642008
5.199099303,1758893484.752099303,/studio/euler_deg.meas_yaw_deg,-147.59065968642008
5.202478907,1758893484.755478907,/studio/euler_deg.meas_yaw_deg,-147.59065968642008
5.205718553,1758893484.758718553,/studio/euler_deg.meas_yaw_deg,-147.59065968642008
5.209011491,1758893484.762011491,/studio/euler_deg.meas_yaw_deg,-147.59065968642008
5.210097773,1758893484.763097773,/studio/euler_deg.meas_yaw_deg,-148.9488037401554
5.212360531,1758893484.765360531,/studio/euler_deg.meas_yaw_deg,-148.9488037401554
5.215717275,1758893484.768717275,/studio/euler_deg.meas_yaw_deg,-148.9488037401554
5.219020061,1758893484.772020061,/studio/euler_deg.meas_yaw_deg,-148.9488037401554
5.22009287,1758893484.773092870,/studio/euler_deg.meas_yaw_deg,-150.46056684681054
5.222915878,1758893484.775915878,/studio/euler_deg.meas_yaw_deg,-150.46056684681054
5.225681899,1758893484.778681899,/studio/euler_deg.meas_yaw_deg,-150.46056684681054
5.228980438,1758893484.781980438,/studio/euler_deg.meas_yaw_deg,-150.46056684681054
5.23010526,1758893484.783105260,/studio/euler_deg.meas_yaw_deg,-152.1115011917404
5.232440718,1758893484.785440718,/studio/euler_deg.meas_yaw_deg,-152.1115011917404
5.235694059,1758893484.788694059,/studio/euler_deg.meas_yaw_deg,-152.1115011917404
5.239041549,1758893484.792041549,/studio/euler_deg.meas_yaw_deg,-152.1115011917404
5.240080807,1758893484.793080807,/studio/euler_deg.meas_yaw_deg,-153.52605015018634
5.242652957,1758893484.795652957,/studio/euler_deg.meas_yaw_deg,-153.52605015018634
5.24573444,1758893484.798734440,/studio/euler_deg.meas_yaw_deg,-153.52605015018634
5.249104917,1758893484.802104917,/studio/euler_deg.meas_yaw_deg,-153.52605015018634
5.250121298,1758893484.803121298,/studio/euler_deg.meas_yaw_deg,-154.95565059088665
5.252433807,1758893484.805433807,/studio/euler_deg.meas_yaw_deg,-154.95565059088665
5.255722879,1758893484.808722879,/studio/euler_deg.meas_yaw_deg,-154.95565059088665
5.259014578,1758893484.812014578,/studio/euler_deg.meas_yaw_deg,-154.95565059088665
5.26014406,1758893484.813144060,/studio/euler_deg.meas_yaw_deg,-156.47674762527328
5.26241046,1758893484.815410460,/studio/euler_deg.meas_yaw_deg,-156.47674762527328
5.265747943,1758893484.818747943,/studio/euler_deg.meas_yaw_deg,-156.47674762527328
5.269155458,1758893484.822155458,/studio/euler_deg.meas_yaw_deg,-156.47674762527328
5.270114145,1758893484.823114145,/studio/euler_deg.meas_yaw_deg,-157.8999541977778
5.272337367,1758893484.825337367,/studio/euler_deg.meas_yaw_deg,-157.8999541977778
5.27579395,1758893484.828793950,/studio/euler_deg.meas_yaw_deg,-157.8999541977778
5.27889705,1758893484.831897050,/studio/euler_deg.meas_yaw_deg,-157.8999541977778
5.280124555,1758893484.833124555,/studio/euler_deg.meas_yaw_deg,-159.29694346541882
5.282408332,1758893484.835408332,/studio/euler_deg.meas_yaw_deg,-159.29694346541882
5.285762162,1758893484.838762162,/studio/euler_deg.meas_yaw_deg,-159.29694346541882
5.28905768,1758893484.842057680,/studio/euler_deg.meas_yaw_deg,-159.29694346541882
5.290123348,1758893484.843123348,/studio/euler_deg.meas_yaw_deg,-160.73684446285665
5.292297059,1758893484.845297059,/studio/euler_deg.meas_yaw_deg,-160.73684446285665
5.295658578,1758893484.848658578,/studio/euler_deg.meas_yaw_deg,-160.73684446285665
5.298120769,1758893484.851120769,/studio/euler_deg.meas_yaw_deg,-162.197040300181
5.299103499,1758893484.852103499,/studio/euler_deg.meas_yaw_deg,-162.197040300181
5.302434147,1758893484.855434147,/studio/euler_deg.meas_yaw_deg,-162.197040300181
5.310118287,1758893484.863118287,/studio/euler_deg.meas_yaw_deg,-163.59366870494952
5.318899245,1758893484.871899245,/studio/euler_deg.meas_yaw_deg,-163.59366870494952
5.318902562,1758893484.871902562,/studio/euler_deg.meas_yaw_deg,-163.59366870494952
5.318904763,1758893484.871904763,/studio/euler_deg.meas_yaw_deg,-163.59366870494952
5.318923031,1758893484.871923031,/studio/euler_deg.meas_yaw_deg,-163.59366870494952
5.320126106,1758893484.873126106,/studio/euler_deg.meas_yaw_deg,-164.98641309214466
5.325323113,1758893484.878323113,/studio/euler_deg.meas_yaw_deg,-164.98641309214466
5.325325281,1758893484.878325281,/studio/euler_deg.meas_yaw_deg,-164.98641309214466
5.326250388,1758893484.879250388,/studio/euler_deg.meas_yaw_deg,-164.98641309214466
5.328077184,1758893484.881077184,/studio/euler_deg.meas_yaw_deg,-166.4793857199664
5.329048266,1758893484.882048266,/studio/euler_deg.meas_yaw_deg,-166.4793857199664
5.332217404,1758893484.885217404,/studio/euler_deg.meas_yaw_deg,-166.4793857199664
5.335685415,1758893484.888685415,/studio/euler_deg.meas_yaw_deg,-166.4793857199664
5.33895828,1758893484.891958280,/studio/euler_deg.meas_yaw_deg,-166.4793857199664
5.340084128,1758893484.893084128,/studio/euler_deg.meas_yaw_deg,-168.2922297261129
5.34243965,1758893484.895439650,/studio/euler_deg.meas_yaw_deg,-168.2922297261129
5.345698353,1758893484.898698353,/studio/euler_deg.meas_yaw_deg,-168.2922297261129
5.348786907,1758893484.901786907,/studio/euler_deg.meas_yaw_deg,-168.2922297261129
5.350075099,1758893484.903075099,/studio/euler_deg.meas_yaw_deg,-169.68066759041216
5.352512784,1758893484.905512784,/studio/euler_deg.meas_yaw_deg,-169.68066759041216
5.355729423,1758893484.908729423,/studio/euler_deg.meas_yaw_deg,-169.68066759041216
5.3581006,1758893484.911100600,/studio/euler_deg.meas_yaw_deg,-171.1228112956564
5.359028793,1758893484.912028793,/studio/euler_deg.meas_yaw_deg,-171.1228112956564
5.362373395,1758893484.915373395,/studio/euler_deg.meas_yaw_deg,-171.1228112956564
5.365670222,1758893484.918670222,/studio/euler_deg.meas_yaw_deg,-171.1228112956564
5.3680839,1758893484.921083900,/studio/euler_deg.meas_yaw_deg,-172.61733334230573
5.369026863,1758893484.922026863,/studio/euler_deg.meas_yaw_deg,-172.61733334230573
5.372374473,1758893484.925374473,/studio/euler_deg.meas_yaw_deg,-172.61733334230573
5.375702765,1758893484.928702765,/studio/euler_deg.meas_yaw_deg,-172.61733334230573
5.378074144,1758893484.931074144,/studio/euler_deg.meas_yaw_deg,-174.04130536321844
5.379036879,1758893484.932036879,/studio/euler_deg.meas_yaw_deg,-174.04130536321844
5.382652909,1758893484.935652909,/studio/euler_deg.meas_yaw_deg,-174.04130536321844
5.385472392,1758893484.938472392,/studio/euler_deg.meas_yaw_deg,-174.04130536321844
5.388095177,1758893484.941095177,/studio/euler_deg.meas_yaw_deg,-175.48047650304215
5.389175074,1758893484.942175074,/studio/euler_deg.meas_yaw_deg,-175.48047650304215
5.392768059,1758893484.945768059,/studio/euler_deg.meas_yaw_deg,-175.48047650304215
5.396124164,1758893484.949124164,/studio/euler_deg.meas_yaw_deg,-175.48047650304215
5.398975085,1758893484.951975085,/studio/euler_deg.meas_yaw_deg,-175.48047650304215
5.400129375,1758893484.953129375,/studio/euler_deg.meas_yaw_deg,-176.95705736407405
5.402256559,1758893484.955256559,/studio/euler_deg.meas_yaw_deg,-176.95705736407405
5.405811884,1758893484.958811884,/studio/euler_deg.meas_yaw_deg,-176.95705736407405
5.40807117,1758893484.961071170,/studio/euler_deg.meas_yaw_deg,-178.4048186487983
5.408869351,1758893484.961869351,/studio/euler_deg.meas_yaw_deg,-178.4048186487983
5.412192368,1758893484.965192368,/studio/euler_deg.meas_yaw_deg,-178.4048186487983
5.415573722,1758893484.968573722,/studio/euler_deg.meas_yaw_deg,-178.4048186487983
5.418118303,1758893484.971118303,/studio/euler_deg.meas_yaw_deg,-179.86400835754753
5.418816544,1758893484.971816544,/studio/euler_deg.meas_yaw_deg,-179.86400835754753
5.422291294,1758893484.975291294,/studio/euler_deg.meas_yaw_deg,-179.86400835754753
5.425499366,1758893484.978499366,/studio/euler_deg.meas_yaw_deg,-179.86400835754753
5.428833203,1758893484.981833203,/studio/euler_deg.meas_yaw_deg,-179.86400835754753
5.430071282,1758893484.983071282,/studio/euler_deg.meas_yaw_deg,178.6611695301398
5.432318847,1758893484.985318847,/studio/euler_deg.meas_yaw_deg,178.6611695301398
5.435620105,1758893484.988620105,/studio/euler_deg.meas_yaw_deg,178.6611695301398
5.438945369,1758893484.991945369,/studio/euler_deg.meas_yaw_deg,178.6611695301398
5.4401194,1758893484.993119400,/studio/euler_deg.meas_yaw_deg,177.15569008324488
5.44214342,1758893484.995143420,/studio/euler_deg.meas_yaw_deg,177.15569008324488
5.445593014,1758893484.998593014,/studio/euler_deg.meas_yaw_deg,177.15569008324488
5.448980643,1758893485.001980643,/studio/euler_deg.meas_yaw_deg,177.15569008324488
5.450120594,1758893485.003120594,/studio/euler_deg.meas_yaw_deg,175.70985797658565
5.452370849,1758893485.005370849,/studio/euler_deg.meas_yaw_deg,175.70985797658565
5.455579243,1758893485.008579243,/studio/euler_deg.meas_yaw_deg,175.70985797658565
5.458090931,1758893485.011090931,/studio/euler_deg.meas_yaw_deg,174.23949380462096
5.458929336,1758893485.011929336,/studio/euler_deg.meas_yaw_deg,174.23949380462096
5.462378157,1758893485.015378157,/studio/euler_deg.meas_yaw_deg,174.23949380462096
5.466021842,1758893485.019021842,/studio/euler_deg.meas_yaw_deg,174.23949380462096
5.468079265,1758893485.021079265,/studio/euler_deg.meas_yaw_deg,172.7184433076137
5.468984519,1758893485.021984519,/studio/euler_deg.meas_yaw_deg,172.7184433076137
5.472256084,1758893485.025256084,/studio/euler_deg.meas_yaw_deg,172.7184433076137
5.475537531,1758893485.028537531,/studio/euler_deg.meas_yaw_deg,172.7184433076137
5.478890658,1758893485.031890658,/studio/euler_deg.meas_yaw_deg,172.7184433076137
5.480083366,1758893485.033083366,/studio/euler_deg.meas_yaw_deg,171.21345074996242
5.48230829,1758893485.035308290,/studio/euler_deg.meas_yaw_deg,171.21345074996242
5.485605882,1758893485.038605882,/studio/euler_deg.meas_yaw_deg,171.21345074996242
5.488934701,1758893485.041934701,/studio/euler_deg.meas_yaw_deg,171.21345074996242
5.490080338,1758893485.043080338,/studio/euler_deg.meas_yaw_deg,169.80281772517364
5.492353929,1758893485.045353929,/studio/euler_deg.meas_yaw_deg,169.80281772517364
5.496311123,1758893485.049311123,/studio/euler_deg.meas_yaw_deg,169.80281772517364
5.498068057,1758893485.051068057,/studio/euler_deg.meas_yaw_deg,168.29453527795192
5.498837451,1758893485.051837451,/studio/euler_deg.meas_yaw_deg,168.29453527795192
5.502228396,1758893485.055228396,/studio/euler_deg.meas_yaw_deg,168.29453527795192
5.505492271,1758893485.058492271,/studio/euler_deg.meas_yaw_deg,168.29453527795192
5.509050354,1758893485.062050354,/studio/euler_deg.meas_yaw_deg,168.29453527795192
5.510075104,1758893485.063075104,/studio/euler_deg.meas_yaw_deg,166.9153116865049
5.518144906,1758893485.071144906,/studio/euler_deg.meas_yaw_deg,165.1515868548851
5.52549035,1758893485.078490350,/studio/euler_deg.meas_yaw_deg,165.1515868548851
5.5254940900000005,1758893485.078494090,/studio/euler_deg.meas_yaw_deg,165.1515868548851
5.52552065,1758893485.078520650,/studio/euler_deg.meas_yaw_deg,165.1515868548851
5.525522764,1758893485.078522764,/studio/euler_deg.meas_yaw_deg,165.1515868548851
5.52810471,1758893485.081104710,/studio/euler_deg.meas_yaw_deg,163.59666249958144
5.529613618,1758893485.082613618,/studio/euler_deg.meas_yaw_deg,163.59666249958144
5.529615263,1758893485.082615263,/studio/euler_deg.meas_yaw_deg,163.59666249958144
5.532165371,1758893485.085165371,/studio/euler_deg.meas_yaw_deg,163.59666249958144
5.535491619,1758893485.088491619,/studio/euler_deg.meas_yaw_deg,163.59666249958144
5.538667481,1758893485.091667481,/studio/euler_deg.meas_yaw_deg,163.59666249958144
5.540067188,1758893485.093067188,/studio/euler_deg.meas_yaw_deg,161.37560616449912
5.542107089,1758893485.095107089,/studio/euler_deg.meas_yaw_deg,161.37560616449912
5.545479328,1758893485.098479328,/studio/euler_deg.meas_yaw_deg,161.37560616449912
5.548100682,1758893485.101100682,/studio/euler_deg.meas_yaw_deg,159.86701483594916
5.548797608,1758893485.101797608,/studio/euler_deg.meas_yaw_deg,159.86701483594916
5.55194101,1758893485.104941010,/studio/euler_deg.meas_yaw_deg,159.86701483594916
5.556543561,1758893485.109543561,/studio/euler_deg.meas_yaw_deg,159.86701483594916
5.558735177,1758893485.111735177,/studio/euler_deg.meas_yaw_deg,159.86701483594916
5.5601273330000005,1758893485.113127333,/studio/euler_deg.meas_yaw_deg,158.40463906501586
5.562317647,1758893485.115317647,/studio/euler_deg.meas_yaw_deg,158.40463906501586
5.565431864,1758893485.118431864,/studio/euler_deg.meas_yaw_deg,158.40463906501586
5.5687168190000005,1758893485.121716819,/studio/euler_deg.meas_yaw_deg,158.40463906501586
5.570080157,1758893485.123080157,/studio/euler_deg.meas_yaw_deg,157.06044818199376
5.572012753,1758893485.125012753,/studio/euler_deg.meas_yaw_deg,157.06044818199376
5.575640563,1758893485.128640563,/studio/euler_deg.meas_yaw_deg,157.06044818199376
5.578071905,1758893485.131071905,/studio/euler_deg.meas_yaw_deg,155.6727536480226
5.57873756,1758893485.131737560,/studio/euler_deg.meas_yaw_deg,155.6727536480226
5.582274675,1758893485.135274675,/studio/euler_deg.meas_yaw_deg,155.6727536480226
5.5853978390000005,1758893485.138397839,/studio/euler_deg.meas_yaw_deg,155.6727536480226
5.588650667,1758893485.141650667,/studio/euler_deg.meas_yaw_deg,155.6727536480226
5.590072127,1758893485.143072127,/studio/euler_deg.meas_yaw_deg,154.3410322574049
5.592332943,1758893485.145332943,/studio/euler_deg.meas_yaw_deg,154.3410322574049
5.595485861,1758893485.148485861,/studio/euler_deg.meas_yaw_deg,154.3410322574049
5.598725471,1758893485.151725471,/studio/euler_deg.meas_yaw_deg,154.3410322574049
5.600073802,1758893485.153073802,/studio/euler_deg.meas_yaw_deg,154.09993910649675
5.60200594,1758893485.155005940,/studio/euler_deg.meas_yaw_deg,154.09993910649675
5.6053167340000005,1758893485.158316734,/studio/euler_deg.meas_yaw_deg,154.09993910649675
5.608665456,1758893485.161665456,/studio/euler_deg.meas_yaw_deg,154.09993910649675
5.610076511,1758893485.163076511,/studio/euler_deg.meas_yaw_deg,152.92535110452206
5.612131856,1758893485.165131856,/studio/euler_deg.meas_yaw_deg,152.92535110452206
5.61539826,1758893485.168398260,/studio/euler_deg.meas_yaw_deg,152.92535110452206
5.618072388,1758893485.171072388,/studio/euler_deg.meas_yaw_deg,151.67858571954224
5.618558392,1758893485.171558392,/studio/euler_deg.meas_yaw_deg,151.67858571954224
5.622045353,1758893485.175045353,/studio/euler_deg.meas_yaw_deg,151.67858571954224
5.625421932,1758893485.178421932,/studio/euler_deg.meas_yaw_deg,151.67858571954224
5.628775027,1758893485.181775027,/studio/euler_deg.meas_yaw_deg,151.67858571954224
5.630075662,1758893485.183075662,/studio/euler_deg.meas_yaw_deg,150.33758946435526
5.632794917,1758893485.185794917,/studio/euler_deg.meas_yaw_deg,150.33758946435526
5.635362011,1758893485.188362011,/studio/euler_deg.meas_yaw_deg,150.33758946435526
5.638619858,1758893485.191619858,/studio/euler_deg.meas_yaw_deg,150.33758946435526
5.640088028,1758893485.193088028,/studio/euler_deg.meas_yaw_deg,149.06583065594162
5.642025506,1758893485.195025506,/studio/euler_deg.meas_yaw_deg,149.06583065594162
5.645261982,1758893485.198261982,/studio/euler_deg.meas_yaw_deg,149.06583065594162
5.6480921120000005,1758893485.201092112,/studio/euler_deg.meas_yaw_deg,147.9788783426736
5.648589339,1758893485.201589339,/studio/euler_deg.meas_yaw_deg,147.9788783426736
5.651940967,1758893485.204940967,/studio/euler_deg.meas_yaw_deg,147.9788783426736
5.655295935,1758893485.208295935,/studio/euler_deg.meas_yaw_deg,147.9788783426736
5.658100483,1758893485.211100483,/studio/euler_deg.meas_yaw_deg,146.4447493693799
5.658654685,1758893485.211654685,/studio/euler_deg.meas_yaw_deg,146.4447493693799
5.661929353,1758893485.214929353,/studio/euler_deg.meas_yaw_deg,146.4447493693799
5.665300431,1758893485.218300431,/studio/euler_deg.meas_yaw_deg,146.4447493693799
5.6685732170000005,1758893485.221573217,/studio/euler_deg.meas_yaw_deg,146.4447493693799
5.670145031,1758893485.223145031,/studio/euler_deg.meas_yaw_deg,144.96026427889134
5.671893804,1758893485.224893804,/studio/euler_deg.meas_yaw_deg,144.96026427889134
5.675401739,1758893485.228401739,/studio/euler_deg.meas_yaw_deg,144.96026427889134
5.67858744,1758893485.231587440,/studio/euler_deg.meas_yaw_deg,144.96026427889134
5.680072254,1758893485.233072254,/studio/euler_deg.meas_yaw_deg,143.55759535158833
5.682085748,1758893485.235085748,/studio/euler_deg.meas_yaw_deg,143.55759535158833
5.685220366,1758893485.238220366,/studio/euler_deg.meas_yaw_deg,143.55759535158833
5.688768174,1758893485.241768174,/studio/euler_deg.meas_yaw_deg,143.55759535158833
5.690104646,1758893485.243104646,/studio/euler_deg.meas_yaw_deg,141.94162977057275
5.691924365,1758893485.244924365,/studio/euler_deg.meas_yaw_deg,141.94162977057275
5.695515782,1758893485.248515782,/studio/euler_deg.meas_yaw_deg,141.94162977057275
5.698102828,1758893485.251102828,/studio/euler_deg.meas_yaw_deg,140.15578583530893
5.698551574,1758893485.251551574,/studio/euler_deg.meas_yaw_deg,140.15578583530893
5.701858065,1758893485.254858065,/studio/euler_deg.meas_yaw_deg,140.15578583530893
5.705226344,1758893485.258226344,/studio/euler_deg.meas_yaw_deg,140.15578583530893
5.708676877,1758893485.261676877,/studio/euler_deg.meas_yaw_deg,140.15578583530893
5.7101028320000005,1758893485.263102832,/studio/euler_deg.meas_yaw_deg,138.6913921646354
5.712180369,1758893485.265180369,/studio/euler_deg.meas_yaw_deg,138.6913921646354
5.720152427,1758893485.273152427,/studio/euler_deg.meas_yaw_deg,137.16136480553118
5.728094492,1758893485.281094492,/studio/euler_deg.meas_yaw_deg,135.62865382541602
5.731819022,1758893485.284819022,/studio/euler_deg.meas_yaw_deg,135.62865382541602
5.731822846,1758893485.284822846,/studio/euler_deg.meas_yaw_deg,135.62865382541602
5.73182488,1758893485.284824880,/studio/euler_deg.meas_yaw_deg,135.62865382541602
5.731965841,1758893485.284965841,/studio/euler_deg.meas_yaw_deg,135.62865382541602
5.734366378,1758893485.287366378,/studio/euler_deg.meas_yaw_deg,135.62865382541602
5.734368692,1758893485.287368692,/studio/euler_deg.meas_yaw_deg,135.62865382541602
5.73609765,1758893485.289097650,/studio/euler_deg.meas_yaw_deg,135.62865382541602
5.738527358,1758893485.291527358,/studio/euler_deg.meas_yaw_deg,135.62865382541602
5.7400707870000005,1758893485.293070787,/studio/euler_deg.meas_yaw_deg,134.09334838570422
5.741987509,1758893485.294987509,/studio/euler_deg.meas_yaw_deg,134.09334838570422
5.745238428,1758893485.298238428,/studio/euler_deg.meas_yaw_deg,134.09334838570422
5.748733851,1758893485.301733851,/studio/euler_deg.meas_yaw_deg,134.09334838570422
5.750073442,1758893485.303073442,/studio/euler_deg.meas_yaw_deg,132.59082991851068
5.752049643,1758893485.305049643,/studio/euler_deg.meas_yaw_deg,132.59082991851068
5.755349431,1758893485.308349431,/studio/euler_deg.meas_yaw_deg,132.59082991851068
5.7594142040000005,1758893485.312414204,/studio/euler_deg.meas_yaw_deg,132.59082991851068
5.760086789,1758893485.313086789,/studio/euler_deg.meas_yaw_deg,130.9849815494517
5.762036845,1758893485.315036845,/studio/euler_deg.meas_yaw_deg,130.9849815494517
5.765942973,1758893485.318942973,/studio/euler_deg.meas_yaw_deg,130.9849815494517
5.768595681,1758893485.321595681,/studio/euler_deg.meas_yaw_deg,130.9849815494517
5.770118366,1758893485.323118366,/studio/euler_deg.meas_yaw_deg,129.52514939544898
5.771881409,1758893485.324881409,/studio/euler_deg.meas_yaw_deg,129.52514939544898
5.775070164,1758893485.328070164,/studio/euler_deg.meas_yaw_deg,129.52514939544898
5.778083562,1758893485.331083562,/studio/euler_deg.meas_yaw_deg,128.10866989665897
5.778433854,1758893485.331433854,/studio/euler_deg.meas_yaw_deg,128.10866989665897
5.781893506,1758893485.334893506,/studio/euler_deg.meas_yaw_deg,128.10866989665897
5.785134246,1758893485.338134246,/studio/euler_deg.meas_yaw_deg,128.10866989665897
5.788495566,1758893485.341495566,/studio/euler_deg.meas_yaw_deg,128.10866989665897
5.790075443,1758893485.343075443,/studio/euler_deg.meas_yaw_deg,126.7077060439232
5.791768016,1758893485.344768016,/studio/euler_deg.meas_yaw_deg,126.7077060439232
5.795066935,1758893485.348066935,/studio/euler_deg.meas_yaw_deg,126.7077060439232
5.798507533,1758893485.351507533,/studio/euler_deg.meas_yaw_deg,126.7077060439232
5.800101094,1758893485.353101094,/studio/euler_deg.meas_yaw_deg,125.24564482467109
5.801739983,1758893485.354739983,/studio/euler_deg.meas_yaw_deg,125.24564482467109
5.805096027,1758893485.358096027,/studio/euler_deg.meas_yaw_deg,125.24564482467109
5.808111662,1758893485.361111662,/studio/euler_deg.meas_yaw_deg,123.79258418514576
5.808354423,1758893485.361354423,/studio/euler_deg.meas_yaw_deg,123.79258418514576
5.811770908,1758893485.364770908,/studio/euler_deg.meas_yaw_deg,123.79258418514576
5.815513388,1758893485.368513388,/studio/euler_deg.meas_yaw_deg,123.79258418514576
5.818393622,1758893485.371393622,/studio/euler_deg.meas_yaw_deg,123.79258418514576
5.820114201,1758893485.373114201,/studio/euler_deg.meas_yaw_deg,122.11176882671155
5.822014577,1758893485.375014577,/studio/euler_deg.meas_yaw_deg,122.11176882671155
5.825147946,1758893485.378147946,/studio/euler_deg.meas_yaw_deg,122.11176882671155
5.828383599,1758893485.381383599,/studio/euler_deg.meas_yaw_deg,122.11176882671155
5.830067033,1758893485.383067033,/studio/euler_deg.meas_yaw_deg,120.87122504410284
5.831847464,1758893485.384847464,/studio/euler_deg.meas_yaw_deg,120.87122504410284
5.835125121,1758893485.388125121,/studio/euler_deg.meas_yaw_deg,120.87122504410284
5.838513076,1758893485.391513076,/studio/euler_deg.meas_yaw_deg,120.87122504410284
5.840072196,1758893485.393072196,/studio/euler_deg.meas_yaw_deg,119.54667488162156
5.841794709,1758893485.394794709,/studio/euler_deg.meas_yaw_deg,119.54667488162156
5.844983901,1758893485.397983901,/studio/euler_deg.meas_yaw_deg,119.54667488162156
5.848518704,1758893485.401518704,/studio/euler_deg.meas_yaw_deg,119.54667488162156
5.850082327,1758893485.403082327,/studio/euler_deg.meas_yaw_deg,118.15288105025795
5.851874277,1758893485.404874277,/studio/euler_deg.meas_yaw_deg,118.15288105025795
5.8550780840000005,1758893485.408078084,/studio/euler_deg.meas_yaw_deg,118.15288105025795
5.858417316,1758893485.411417316,/studio/euler_deg.meas_yaw_deg,118.15288105025795
5.86008376,1758893485.413083760,/studio/euler_deg.meas_yaw_deg,116.8843605206352
5.861758682,1758893485.414758682,/studio/euler_deg.meas_yaw_deg,116.8843605206352
5.865069324,1758893485.418069324,/studio/euler_deg.meas_yaw_deg,116.8843605206352
5.868346271,1758893485.421346271,/studio/euler_deg.meas_yaw_deg,116.8843605206352
5.87012353,1758893485.423123530,/studio/euler_deg.meas_yaw_deg,115.58576622678987
5.871869607,1758893485.424869607,/studio/euler_deg.meas_yaw_deg,115.58576622678987
5.874990563,1758893485.427990563,/studio/euler_deg.meas_yaw_deg,115.58576622678987
5.878334749,1758893485.431334749,/studio/euler_deg.meas_yaw_deg,115.58576622678987
5.8800712740000005,1758893485.433071274,/studio/euler_deg.meas_yaw_deg,114.16908419924908
5.88171044,1758893485.434710440,/studio/euler_deg.meas_yaw_deg,114.16908419924908
5.885069145,1758893485.438069145,/studio/euler_deg.meas_yaw_deg,114.16908419924908
5.888122256,1758893485.441122256,/studio/euler_deg.meas_yaw_deg,112.45781158661605
5.888421035,1758893485.441421035,/studio/euler_deg.meas_yaw_deg,112.45781158661605
5.891679472,1758893485.444679472,/studio/euler_deg.meas_yaw_deg,112.45781158661605
5.895100676,1758893485.448100676,/studio/euler_deg.meas_yaw_deg,112.45781158661605
5.898079781,1758893485.451079781,/studio/euler_deg.meas_yaw_deg,111.18695241589116
5.898447566,1758893485.451447566,/studio/euler_deg.meas_yaw_deg,111.18695241589116
5.901732867,1758893485.454732867,/studio/euler_deg.meas_yaw_deg,111.18695241589116
5.905119333,1758893485.458119333,/studio/euler_deg.meas_yaw_deg,111.18695241589116
5.908073309,1758893485.461073309,/studio/euler_deg.meas_yaw_deg,109.72456417206085
5.908362768,1758893485.461362768,/studio/euler_deg.meas_yaw_deg,109.72456417206085
5.911673093,1758893485.464673093,/studio/euler_deg.meas_yaw_deg,109.72456417206085
5.915223824,1758893485.468223824,/studio/euler_deg.meas_yaw_deg,109.72456417206085
5.91807407,1758893485.471074070,/studio/euler_deg.meas_yaw_deg,108.36444712772519
5.918638775,1758893485.471638775,/studio/euler_deg.meas_yaw_deg,108.36444712772519
5.928114615,1758893485.481114615,/studio/euler_deg.meas_yaw_deg,107.00338772493457
5.93704328,1758893485.490043280,/studio/euler_deg.meas_yaw_deg,107.00338772493457
5.9370451630000005,1758893485.490045163,/studio/euler_deg.meas_yaw_deg,107.00338772493457
5.9370496,1758893485.490049600,/studio/euler_deg.meas_yaw_deg,107.00338772493457
5.9370523550000005,1758893485.490052355,/studio/euler_deg.meas_yaw_deg,107.00338772493457
5.938018645,1758893485.491018645,/studio/euler_deg.meas_yaw_deg,107.00338772493457
5.938860901,1758893485.491860901,/studio/euler_deg.meas_yaw_deg,107.00338772493457
5.940071337,1758893485.493071337,/studio/euler_deg.meas_yaw_deg,105.59674321780071
5.941695978,1758893485.494695978,/studio/euler_deg.meas_yaw_deg,105.59674321780071
5.944966221,1758893485.497966221,/studio/euler_deg.meas_yaw_deg,105.59674321780071
5.948391351,1758893485.501391351,/studio/euler_deg.meas_yaw_deg,105.59674321780071
5.95008358,1758893485.503083580,/studio/euler_deg.meas_yaw_deg,104.20171785043314
5.951690559,1758893485.504690559,/studio/euler_deg.meas_yaw_deg,104.20171785043314
5.95499701,1758893485.507997010,/studio/euler_deg.meas_yaw_deg,104.20171785043314
5.958070187,1758893485.511070187,/studio/euler_deg.meas_yaw_deg,102.80216488007495
5.958302443,1758893485.511302443,/studio/euler_deg.meas_yaw_deg,102.80216488007495
5.961748121,1758893485.514748121,/studio/euler_deg.meas_yaw_deg,102.80216488007495
5.965046893,1758893485.518046893,/studio/euler_deg.meas_yaw_deg,102.80216488007495
5.968340467,1758893485.521340467,/studio/euler_deg.meas_yaw_deg,102.80216488007495
5.970080639,1758893485.523080639,/studio/euler_deg.meas_yaw_deg,101.43938950125701
5.97168144,1758893485.524681440,/studio/euler_deg.meas_yaw_deg,101.43938950125701
5.974944238,1758893485.527944238,/studio/euler_deg.meas_yaw_deg,101.43938950125701
5.978297316,1758893485.531297316,/studio/euler_deg.meas_yaw_deg,101.43938950125701
5.980130859,1758893485.533130859,/studio/euler_deg.meas_yaw_deg,100.08079869449685
5.981593358,1758893485.534593358,/studio/euler_deg.meas_yaw_deg,100.08079869449685
5.985107075,1758893485.538107075,/studio/euler_deg.meas_yaw_deg,100.08079869449685
5.988338302,1758893485.541338302,/studio/euler_deg.meas_yaw_deg,100.08079869449685
5.990071304,1758893485.543071304,/studio/euler_deg.meas_yaw_deg,99.01535745238809
5.991795098,1758893485.544795098,/studio/euler_deg.meas_yaw_deg,99.01535745238809
5.9950701330000005,1758893485.548070133,/studio/euler_deg.meas_yaw_deg,99.01535745238809
5.9983627120000005,1758893485.551362712,/studio/euler_deg.meas_yaw_deg,99.01535745238809
6.000093189,1758893485.553093189,/studio/euler_deg.meas_yaw_deg,97.51043982870112
6.001707379,1758893485.554707379,/studio/euler_deg.meas_yaw_deg,97.51043982870112
6.005035169,1758893485.558035169,/studio/euler_deg.meas_yaw_deg,97.51043982870112
0.000820863,1758893479.553820863,/studio/euler_deg.ref_yaw_deg,0.00009685091370469532
0.004137654,1758893479.557137654,/studio/euler_deg.ref_yaw_deg,0.00037519933342775
0.0074457,1758893479.560445700,/studio/euler_deg.ref_yaw_deg,0.00027938078379929703
0.008129117,1758893479.561129117,/studio/euler_deg.ref_yaw_deg,0.00027938078379929703
0.010741305000000001,1758893479.563741305,/studio/euler_deg.ref_yaw_deg,0.0001504370758876971
0.014148644,1758893479.567148644,/studio/euler_deg.ref_yaw_deg,-0.0008011602373875879
0.017380898000000002,1758893479.570380898,/studio/euler_deg.ref_yaw_deg,-0.0021875817909943387
0.020103304000000002,1758893479.573103304,/studio/euler_deg.ref_yaw_deg,-0.0021875817909943387
0.020758143,1758893479.573758143,/studio/euler_deg.ref_yaw_deg,-0.0032124841624758833
0.024089679000000003,1758893479.577089679,/studio/euler_deg.ref_yaw_deg,-0.004429640615125545
0.027513318000000002,1758893479.580513318,/studio/euler_deg.ref_yaw_deg,-0.005247038430712525
0.028071627000000002,1758893479.581071627,/studio/euler_deg.ref_yaw_deg,-0.005247038430712525
0.030770311,1758893479.583770311,/studio/euler_deg.ref_yaw_deg,-0.005703841041764819
0.034032549,1758893479.587032549,/studio/euler_deg.ref_yaw_deg,-0.0053554357193113505
0.037551246,1758893479.590551246,/studio/euler_deg.ref_yaw_deg,-0.004573593856816018
0.040155124,1758893479.593155124,/studio/euler_deg.ref_yaw_deg,-0.004573593856816018
0.040791879,1758893479.593791879,/studio/euler_deg.ref_yaw_deg,-0.0034275352268969303
0.044099039,1758893479.597099039,/studio/euler_deg.ref_yaw_deg,-0.002004467278884091
0.047574762,1758893479.600574762,/studio/euler_deg.ref_yaw_deg,-0.001091657710595983
0.050103248,1758893479.603103248,/studio/euler_deg.ref_yaw_deg,-0.001091657710595983
0.050756832,1758893479.603756832,/studio/euler_deg.ref_yaw_deg,-0.000422843207526103
0.054552253,1758893479.607552253,/studio/euler_deg.ref_yaw_deg,0.0002765594315944351
0.057326593,1758893479.610326593,/studio/euler_deg.ref_yaw_deg,0.0006866854863334741
0.058087733,1758893479.611087733,/studio/euler_deg.ref_yaw_deg,0.0006866854863334741
0.060651351000000006,1758893479.613651351,/studio/euler_deg.ref_yaw_deg,0.0010663057680110528
0.06408464,1758893479.617084640,/studio/euler_deg.ref_yaw_deg,0.0013809720273690548
0.06766119500000001,1758893479.620661195,/studio/euler_deg.ref_yaw_deg,0.0014519591133595163
0.07011360800000001,1758893479.623113608,/studio/euler_deg.ref_yaw_deg,0.0014519591133595163
0.070939073,1758893479.623939073,/studio/euler_deg.ref_yaw_deg,0.0012105119788390747
0.074201451,1758893479.627201451,/studio/euler_deg.ref_yaw_deg,-0.00004489873666268987
0.077486835,1758893479.630486835,/studio/euler_deg.ref_yaw_deg,-0.00033798892731010897
0.080178889,1758893479.633178889,/studio/euler_deg.ref_yaw_deg,-0.00033798892731010897
0.080988061,1758893479.633988061,/studio/euler_deg.ref_yaw_deg,-0.0005339210596243542
0.08420582500000001,1758893479.637205825,/studio/euler_deg.ref_yaw_deg,-0.0006121038949840693
0.087606634,1758893479.640606634,/studio/euler_deg.ref_yaw_deg,-0.0009309594882261479
0.090084406,1758893479.643084406,/studio/euler_deg.ref_yaw_deg,-0.0009309594882261479
0.090847514,1758893479.643847514,/studio/euler_deg.ref_yaw_deg,-0.0014254291408739219
0.09418288500000001,1758893479.647182885,/studio/euler_deg.ref_yaw_deg,-0.0019387180860458405
0.09758569,1758893479.650585690,/studio/euler_deg.ref_yaw_deg,-0.0027121058739672096
0.100074784,1758893479.653074784,/studio/euler_deg.ref_yaw_deg,-0.0027121058739672096
0.100855792,1758893479.653855792,/studio/euler_deg.ref_yaw_deg,-0.0031545531100226768
0.104321986,1758893479.657321986,/studio/euler_deg.ref_yaw_deg,-0.0028836047722094714
0.10766605500000001,1758893479.660666055,/studio/euler_deg.ref_yaw_deg,-0.002952588487520648
0.110124858,1758893479.663124858,/studio/euler_deg.ref_yaw_deg,-0.002952588487520648
0.11082755700000001,1758893479.663827557,/studio/euler_deg.ref_yaw_deg,-0.0026794001559823557
0.11428432300000001,1758893479.667284323,/studio/euler_deg.ref_yaw_deg,-0.0023394498221684995
0.11771637200000001,1758893479.670716372,/studio/euler_deg.ref_yaw_deg,-0.00208915164802075
0.12012202300000001,1758893479.673122023,/studio/euler_deg.ref_yaw_deg,-0.00208915164802075
0.12157907000000001,1758893479.674579070,/studio/euler_deg.ref_yaw_deg,-0.0017647624520092501
0.12410457700000001,1758893479.677104577,/studio/euler_deg.ref_yaw_deg,-0.0014412997901011206
0.127613414,1758893479.680613414,/studio/euler_deg.ref_yaw_deg,-0.001132758162742177
0.13016871600000002,1758893479.683168716,/studio/euler_deg.ref_yaw_deg,-0.001132758162742177
0.130914943,1758893479.683914943,/studio/euler_deg.ref_yaw_deg,-0.0007600977501090239
0.134212205,1758893479.687212205,/studio/euler_deg.ref_yaw_deg,-0.0006413621811507383
0.13748858,1758893479.690488580,/studio/euler_deg.ref_yaw_deg,-0.0004014719475018316
0.140132278,1758893479.693132278,/studio/euler_deg.ref_yaw_deg,-0.0004014719475018316
0.14077272700000001,1758893479.693772727,/studio/euler_deg.ref_yaw_deg,-0.0001938105695342759
0.144104607,1758893479.697104607,/studio/euler_deg.ref_yaw_deg,-0.00009070864220840901
0.147543641,1758893479.700543641,/studio/euler_deg.ref_yaw_deg,0.00006181837126391624
0.148085338,1758893479.701085338,/studio/euler_deg.ref_yaw_deg,0.00006181837126391624
0.150814774,1758893479.703814774,/studio/euler_deg.ref_yaw_deg,0.0001540714566706303
0.1542075,1758893479.707207500,/studio/euler_deg.ref_yaw_deg,0.0001776859281251238
0.158173225,1758893479.711173225,/studio/euler_deg.ref_yaw_deg,0.0001776859281251238
0.15942999900000002,1758893479.712429999,/studio/euler_deg.ref_yaw_deg,0.00010853636044666907
0.16081282900000002,1758893479.713812829,/studio/euler_deg.ref_yaw_deg,0.000012024614976218055
0.164139334,1758893479.717139334,/studio/euler_deg.ref_yaw_deg,-0.0001343067005364595
0.167553115,1758893479.720553115,/studio/euler_deg.ref_yaw_deg,-0.00012407967436706558
0.170116961,1758893479.723116961,/studio/euler_deg.ref_yaw_deg,-0.00012407967436706558
0.17087675900000002,1758893479.723876759,/studio/euler_deg.ref_yaw_deg,-0.000052930304367176234
0.174072735,1758893479.727072735,/studio/euler_deg.ref_yaw_deg,-0.0001934792599581128
0.177405639,1758893479.730405639,/studio/euler_deg.ref_yaw_deg,-0.0000516952449663033
0.180121043,1758893479.733121043,/studio/euler_deg.ref_yaw_deg,-0.0000516952449663033
0.18092647,1758893479.733926470,/studio/euler_deg.ref_yaw_deg,0.00002309159982086855
0.18428053100000003,1758893479.737280531,/studio/euler_deg.ref_yaw_deg,0.000011643122934762298
0.19012947400000002,1758893479.743129474,/studio/euler_deg.ref_yaw_deg,0.000011643122934762298
0.20032681200000002,1758893479.753326812,/studio/euler_deg.ref_yaw_deg,0.000011643122934762298
0.201291081,1758893479.754291081,/studio/euler_deg.ref_yaw_deg,0.000009095578873522284
0.201293942,1758893479.754293942,/studio/euler_deg.ref_yaw_deg,0.000014397267831355345
0.20129617500000002,1758893479.754296175,/studio/euler_deg.ref_yaw_deg,-0.0000025779561776157534
0.20129823100000002,1758893479.754298231,/studio/euler_deg.ref_yaw_deg,-0.00011723368650241653
0.204779271,1758893479.757779271,/studio/euler_deg.ref_yaw_deg,-0.00033005688204629235
0.20478130800000002,1758893479.757781308,/studio/euler_deg.ref_yaw_deg,-0.0006419162763106234
0.20752472200000002,1758893479.760524722,/studio/euler_deg.ref_yaw_deg,-0.0011425950905356735
0.210124064,1758893479.763124064,/studio/euler_deg.ref_yaw_deg,-0.0011425950905356735
0.21074852100000002,1758893479.763748521,/studio/euler_deg.ref_yaw_deg,-0.0015922302213726574
0.2140842,1758893479.767084200,/studio/euler_deg.ref_yaw_deg,-0.002372405882784195
0.21743381,1758893479.770433810,/studio/euler_deg.ref_yaw_deg,-0.0030661788664202824
0.21812388100000002,1758893479.771123881,/studio/euler_deg.ref_yaw_deg,-0.0030661788664202824
0.22077084700000002,1758893479.773770847,/studio/euler_deg.ref_yaw_deg,-0.0035258572225234704
0.22404325900000002,1758893479.777043259,/studio/euler_deg.ref_yaw_deg,-0.0040411365254752925
0.227707655,1758893479.780707655,/studio/euler_deg.ref_yaw_deg,-0.004868648097802011
0.22816333200000002,1758893479.781163332,/studio/euler_deg.ref_yaw_deg,-0.004868648097802011
0.230659302,1758893479.783659302,/studio/euler_deg.ref_yaw_deg,-0.0054194123965663615
0.234066296,1758893479.787066296,/studio/euler_deg.ref_yaw_deg,-0.006070075317435366
0.23745891100000002,1758893479.790458911,/studio/euler_deg.ref_yaw_deg,-0.007303323106565523
0.238079337,1758893479.791079337,/studio/euler_deg.ref_yaw_deg,-0.007303323106565523
0.240724705,1758893479.793724705,/studio/euler_deg.ref_yaw_deg,-0.008799743006092453
0.24408444,1758893479.797084440,/studio/euler_deg.ref_yaw_deg,-0.008940395722324194
0.24745169600000003,1758893479.800451696,/studio/euler_deg.ref_yaw_deg,-0.008649928884119036
0.25012125,1758893479.803121250,/studio/euler_deg.ref_yaw_deg,-0.008649928884119036
0.250627594,1758893479.803627594,/studio/euler_deg.ref_yaw_deg,-0.008269855741196461
0.254088703,1758893479.807088703,/studio/euler_deg.ref_yaw_deg,-0.0077357968598429335
0.257323815,1758893479.810323815,/studio/euler_deg.ref_yaw_deg,-0.007373197876369772
0.260115509,1758893479.813115509,/studio/euler_deg.ref_yaw_deg,-0.007373197876369772
0.2615308,1758893479.814530800,/studio/euler_deg.ref_yaw_deg,-0.007178126663882678
0.264062852,1758893479.817062852,/studio/euler_deg.ref_yaw_deg,-0.005505379880385357
0.267424938,1758893479.820424938,/studio/euler_deg.ref_yaw_deg,-0.005242712394966547
0.270122309,1758893479.823122309,/studio/euler_deg.ref_yaw_deg,-0.005242712394966547
0.27073845700000004,1758893479.823738457,/studio/euler_deg.ref_yaw_deg,-0.005035679882941128
0.274004209,1758893479.827004209,/studio/euler_deg.ref_yaw_deg,-0.005305563419768221
0.277468584,1758893479.830468584,/studio/euler_deg.ref_yaw_deg,-0.004893386576873586
0.28018297600000003,1758893479.833182976,/studio/euler_deg.ref_yaw_deg,-0.004893386576873586
0.280610811,1758893479.833610811,/studio/euler_deg.ref_yaw_deg,-0.004549047221467353
0.283989486,1758893479.836989486,/studio/euler_deg.ref_yaw_deg,-0.003618746475430082
0.287486629,1758893479.840486629,/studio/euler_deg.ref_yaw_deg,-0.0033264105404820633
0.28815303800000003,1758893479.841153038,/studio/euler_deg.ref_yaw_deg,-0.0033264105404820633
0.290640756,1758893479.843640756,/studio/euler_deg.ref_yaw_deg,-0.0033115437366854376
0.294017038,1758893479.847017038,/studio/euler_deg.ref_yaw_deg,-0.0030449819534480605
0.297298373,1758893479.850298373,/studio/euler_deg.ref_yaw_deg,-0.002869803475705361
0.30016992200000003,1758893479.853169922,/studio/euler_deg.ref_yaw_deg,-0.002869803475705361
0.300641816,1758893479.853641816,/studio/euler_deg.ref_yaw_deg,-0.0027553527148755303
0.30402930100000003,1758893479.857029301,/studio/euler_deg.ref_yaw_deg,-0.0026040654870041428
0.30807778900000005,1758893479.861077789,/studio/euler_deg.ref_yaw_deg,-0.002565653846894182
0.30821816500000004,1758893479.861218165,/studio/euler_deg.ref_yaw_deg,-0.002565653846894182
0.31076473400000004,1758893479.863764734,/studio/euler_deg.ref_yaw_deg,-0.0025253805487769156
0.313943119,1758893479.866943119,/studio/euler_deg.ref_yaw_deg,-0.001636610891281867
0.317291682,1758893479.870291682,/studio/euler_deg.ref_yaw_deg,0.0003488954667436997
0.320135402,1758893479.873135402,/studio/euler_deg.ref_yaw_deg,0.0003488954667436997
0.320609841,1758893479.873609841,/studio/euler_deg.ref_yaw_deg,0.0025260256637989033
0.324092451,1758893479.877092451,/studio/euler_deg.ref_yaw_deg,0.004828038584731026
0.327355919,1758893479.880355919,/studio/euler_deg.ref_yaw_deg,0.0063895799768825985
0.330149902,1758893479.883149902,/studio/euler_deg.ref_yaw_deg,0.0063895799768825985
0.330575976,1758893479.883575976,/studio/euler_deg.ref_yaw_deg,0.005840123463878437
0.33392741200000003,1758893479.886927412,/studio/euler_deg.ref_yaw_deg,0.00529239285991789
0.337365638,1758893479.890365638,/studio/euler_deg.ref_yaw_deg,0.003384128406365787
0.34012126800000003,1758893479.893121268,/studio/euler_deg.ref_yaw_deg,0.003384128406365787
0.340590124,1758893479.893590124,/studio/euler_deg.ref_yaw_deg,0.00010661804657264743
0.34392524500000005,1758893479.896925245,/studio/euler_deg.ref_yaw_deg,-0.0017903407185503502
0.347425749,1758893479.900425749,/studio/euler_deg.ref_yaw_deg,-0.0033394166835897135
0.350178545,1758893479.903178545,/studio/euler_deg.ref_yaw_deg,-0.0033394166835897135
0.350666166,1758893479.903666166,/studio/euler_deg.ref_yaw_deg,-0.004302797004975731
0.35403616400000004,1758893479.907036164,/studio/euler_deg.ref_yaw_deg,-0.004519241113225199
0.357354598,1758893479.910354598,/studio/euler_deg.ref_yaw_deg,-0.004358880235060815
0.36014344600000003,1758893479.913143446,/studio/euler_deg.ref_yaw_deg,-0.004358880235060815
0.360708529,1758893479.913708529,/studio/euler_deg.ref_yaw_deg,-0.0038759591836825275
0.36475765800000004,1758893479.917757658,/studio/euler_deg.ref_yaw_deg,-0.0026190740288907165
0.36722238500000004,1758893479.920222385,/studio/euler_deg.ref_yaw_deg,-0.0018091048827107061
0.37008646700000003,1758893479.923086467,/studio/euler_deg.ref_yaw_deg,-0.0018091048827107061
0.37058306500000004,1758893479.923583065,/studio/euler_deg.ref_yaw_deg,-0.000992659171680618
0.37390142600000004,1758893479.926901426,/studio/euler_deg.ref_yaw_deg,-0.0001867404390162312
0.37725286300000005,1758893479.930252863,/studio/euler_deg.ref_yaw_deg,0.00011269317099641162
0.38008034300000004,1758893479.933080343,/studio/euler_deg.ref_yaw_deg,0.00011269317099641162
0.38052338100000005,1758893479.933523381,/studio/euler_deg.ref_yaw_deg,0.0002791480146146425
0.383848575,1758893479.936848575,/studio/euler_deg.ref_yaw_deg,0.00032526450263120794
0.387308482,1758893479.940308482,/studio/euler_deg.ref_yaw_deg,0.00025361863560357845
0.390126095,1758893479.943126095,/studio/euler_deg.ref_yaw_deg,0.00025361863560357845
0.39814138200000004,1758893479.951141382,/studio/euler_deg.ref_yaw_deg,0.00025361863560357845
0.40468762100000005,1758893479.957687621,/studio/euler_deg.ref_yaw_deg,0.0002527385034486793
0.40473911900000004,1758893479.957739119,/studio/euler_deg.ref_yaw_deg,0.0003178545102617522
0.404745049,1758893479.957745049,/studio/euler_deg.ref_yaw_deg,0.0003674570814445922
0.40475266400000004,1758893479.957752664,/studio/euler_deg.ref_yaw_deg,0.0005857274795087266
0.408626833,1758893479.961626833,/studio/euler_deg.ref_yaw_deg,0.0009304205335860864
0.40863002000000004,1758893479.961630020,/studio/euler_deg.ref_yaw_deg,0.0011786340289405037
0.410078588,1758893479.963078588,/studio/euler_deg.ref_yaw_deg,0.0011786340289405037
0.41055486300000005,1758893479.963554863,/studio/euler_deg.ref_yaw_deg,0.0014385931641645007
0.4138101,1758893479.966810100,/studio/euler_deg.ref_yaw_deg,0.0016227014866837437
0.417099892,1758893479.970099892,/studio/euler_deg.ref_yaw_deg,0.0016228693599506022
0.420143182,1758893479.973143182,/studio/euler_deg.ref_yaw_deg,0.0016228693599506022
0.42048707500000004,1758893479.973487075,/studio/euler_deg.ref_yaw_deg,0.0016100547588928425
0.424026811,1758893479.977026811,/studio/euler_deg.ref_yaw_deg,0.0017922248017335247
0.427156272,1758893479.980156272,/studio/euler_deg.ref_yaw_deg,0.0017141476152753782
0.43012297600000005,1758893479.983122976,/studio/euler_deg.ref_yaw_deg,0.0017141476152753782
0.43060623000000003,1758893479.983606230,/studio/euler_deg.ref_yaw_deg,0.0015452212574647236
0.433886319,1758893479.986886319,/studio/euler_deg.ref_yaw_deg,0.0011414630956481841
0.437121643,1758893479.990121643,/studio/euler_deg.ref_yaw_deg,0.0007359847420955846
0.440165754,1758893479.993165754,/studio/euler_deg.ref_yaw_deg,0.0007359847420955846
0.44050786300000006,1758893479.993507863,/studio/euler_deg.ref_yaw_deg,0.00025419186512963196
0.443948008,1758893479.996948008,/studio/euler_deg.ref_yaw_deg,-0.00007270833573740925
0.447082009,1758893480.000082009,/studio/euler_deg.ref_yaw_deg,-0.00029472180990262604
0.44812319500000003,1758893480.001123195,/studio/euler_deg.ref_yaw_deg,-0.00029472180990262604
0.450503072,1758893480.003503072,/studio/euler_deg.ref_yaw_deg,-0.0006179679245091989
0.453871114,1758893480.006871114,/studio/euler_deg.ref_yaw_deg,-0.000631051168509772
0.45720337200000005,1758893480.010203372,/studio/euler_deg.ref_yaw_deg,-0.00048454759112919377
0.460166556,1758893480.013166556,/studio/euler_deg.ref_yaw_deg,-0.00048454759112919377
0.46054950800000005,1758893480.013549508,/studio/euler_deg.ref_yaw_deg,-0.00045786833864547337
0.46392927500000003,1758893480.016929275,/studio/euler_deg.ref_yaw_deg,-0.0003518768051660938
0.46698725700000004,1758893480.019987257,/studio/euler_deg.ref_yaw_deg,-0.000217913514942616
0.470165995,1758893480.023165995,/studio/euler_deg.ref_yaw_deg,-0.000217913514942616
0.470457098,1758893480.023457098,/studio/euler_deg.ref_yaw_deg,-0.0003010703230725132
0.473822632,1758893480.026822632,/studio/euler_deg.ref_yaw_deg,0.000050042153800469356
0.47739613200000003,1758893480.030396132,/studio/euler_deg.ref_yaw_deg,0.00025859107994980634
0.480148096,1758893480.033148096,/studio/euler_deg.ref_yaw_deg,0.00025859107994980634
0.48067969800000004,1758893480.033679698,/studio/euler_deg.ref_yaw_deg,0.0003177370704474743
0.48388297100000005,1758893480.036882971,/studio/euler_deg.ref_yaw_deg,0.0007607707033368002
0.487110615,1758893480.040110615,/studio/euler_deg.ref_yaw_deg,0.0013590118700549181
0.490177501,1758893480.043177501,/studio/euler_deg.ref_yaw_deg,0.0013590118700549181
0.49104184900000003,1758893480.044041849,/studio/euler_deg.ref_yaw_deg,0.0016295991117965393
0.49384192200000004,1758893480.046841922,/studio/euler_deg.ref_yaw_deg,0.001970187086614232
0.497086619,1758893480.050086619,/studio/euler_deg.ref_yaw_deg,0.0025035991082775736
0.500135326,1758893480.053135326,/studio/euler_deg.ref_yaw_deg,0.0025035991082775736
0.500497612,1758893480.053497612,/studio/euler_deg.ref_yaw_deg,0.0025240341038240376
0.50378279,1758893480.056782790,/studio/euler_deg.ref_yaw_deg,0.0024031628675880937
0.507199983,1758893480.060199983,/studio/euler_deg.ref_yaw_deg,0.0026684875168818084
0.5101202770000001,1758893480.063120277,/studio/euler_deg.ref_yaw_deg,0.0026684875168818084
0.5104551030000001,1758893480.063455103,/studio/euler_deg.ref_yaw_deg,0.0026403784596690395
0.51390218,1758893480.066902180,/studio/euler_deg.ref_yaw_deg,0.00267114801209848
0.517177601,1758893480.070177601,/studio/euler_deg.ref_yaw_deg,0.003359076061008045
0.52010164,1758893480.073101640,/studio/euler_deg.ref_yaw_deg,0.003359076061008045
0.520468432,1758893480.073468432,/studio/euler_deg.ref_yaw_deg,0.003717770682094554
0.524285557,1758893480.077285557,/studio/euler_deg.ref_yaw_deg,0.004336123341343297
0.527673213,1758893480.080673213,/studio/euler_deg.ref_yaw_deg,0.004824353251054455
0.53008253,1758893480.083082530,/studio/euler_deg.ref_yaw_deg,0.004824353251054455
0.5306781340000001,1758893480.083678134,/studio/euler_deg.ref_yaw_deg,0.004782704032085999
0.5346062060000001,1758893480.087606206,/studio/euler_deg.ref_yaw_deg,0.0047495059495618955
0.53703681,1758893480.090036810,/studio/euler_deg.ref_yaw_deg,0.004609647218968257
0.5400784670000001,1758893480.093078467,/studio/euler_deg.ref_yaw_deg,0.004609647218968257
0.540546706,1758893480.093546706,/studio/euler_deg.ref_yaw_deg,0.004233718530278464
0.544063257,1758893480.097063257,/studio/euler_deg.ref_yaw_deg,0.003612069404861455
0.547036082,1758893480.100036082,/studio/euler_deg.ref_yaw_deg,0.0026384850442312717
0.5500765360000001,1758893480.103076536,/studio/euler_deg.ref_yaw_deg,0.0026384850442312717
0.5503401950000001,1758893480.103340195,/studio/euler_deg.ref_yaw_deg,0.0014392830861632555
0.553725935,1758893480.106725935,/studio/euler_deg.ref_yaw_deg,0.0006829457736879255
0.5570495870000001,1758893480.110049587,/studio/euler_deg.ref_yaw_deg,-0.0006500718850891635
0.560137733,1758893480.113137733,/studio/euler_deg.ref_yaw_deg,-0.0006500718850891635
0.56039055,1758893480.113390550,/studio/euler_deg.ref_yaw_deg,-0.0021905878916353805
0.5638654120000001,1758893480.116865412,/studio/euler_deg.ref_yaw_deg,-0.0028897609061968614
0.5671198660000001,1758893480.120119866,/studio/euler_deg.ref_yaw_deg,-0.004611796266714739
0.5701200710000001,1758893480.123120071,/studio/euler_deg.ref_yaw_deg,-0.004611796266714739
0.570388772,1758893480.123388772,/studio/euler_deg.ref_yaw_deg,-0.0062862922388938446
0.573735082,1758893480.126735082,/studio/euler_deg.ref_yaw_deg,-0.007506062134529719
0.5769839210000001,1758893480.129983921,/studio/euler_deg.ref_yaw_deg,-0.00801231580390903
0.5801264220000001,1758893480.133126422,/studio/euler_deg.ref_yaw_deg,-0.00801231580390903
0.580414732,1758893480.133414732,/studio/euler_deg.ref_yaw_deg,-0.00776689270217118
0.583709628,1758893480.136709628,/studio/euler_deg.ref_yaw_deg,-0.006654377669407731
0.586995532,1758893480.139995532,/studio/euler_deg.ref_yaw_deg,-0.005991981309620907
0.590111472,1758893480.143111472,/studio/euler_deg.ref_yaw_deg,-0.005991981309620907
0.590441886,1758893480.143441886,/studio/euler_deg.ref_yaw_deg,-0.005737950510020043
0.5938281160000001,1758893480.146828116,/studio/euler_deg.ref_yaw_deg,-0.005729058556968891
0.598110117,1758893480.151110117,/studio/euler_deg.ref_yaw_deg,-0.005729058556968891
0.6101961260000001,1758893480.163196126,/studio/euler_deg.ref_yaw_deg,-0.005729058556968891
0.6108060860000001,1758893480.163806086,/studio/euler_deg.ref_yaw_deg,-0.005739438483461449
0.610809228,1758893480.163809228,/studio/euler_deg.ref_yaw_deg,-0.00601548854033806
0.610812205,1758893480.163812205,/studio/euler_deg.ref_yaw_deg,-0.006104139495413569
0.6108148830000001,1758893480.163814883,/studio/euler_deg.ref_yaw_deg,-0.005908471514787099
0.614163978,1758893480.167163978,/studio/euler_deg.ref_yaw_deg,-0.005574093175839511
0.614165775,1758893480.167165775,/studio/euler_deg.ref_yaw_deg,-0.005213537981293924
0.617103732,1758893480.170103732,/studio/euler_deg.ref_yaw_deg,-0.005172979721966399
0.620217216,1758893480.173217216,/studio/euler_deg.ref_yaw_deg,-0.005172979721966399
0.620292233,1758893480.173292233,/studio/euler_deg.ref_yaw_deg,-0.004691723489883394
0.623881836,1758893480.176881836,/studio/euler_deg.ref_yaw_deg,-0.005161684482659988
0.62699002,1758893480.179990020,/studio/euler_deg.ref_yaw_deg,-0.004253968550916886
0.630165901,1758893480.183165901,/studio/euler_deg.ref_yaw_deg,-0.004253968550916886
0.63036075,1758893480.183360750,/studio/euler_deg.ref_yaw_deg,-0.003187586354287363
0.6338225590000001,1758893480.186822559,/studio/euler_deg.ref_yaw_deg,-0.002933154322684754
0.6370091680000001,1758893480.190009168,/studio/euler_deg.ref_yaw_deg,-0.0013074730522961062
0.6401585710000001,1758893480.193158571,/studio/euler_deg.ref_yaw_deg,-0.0013074730522961062
0.640224698,1758893480.193224698,/studio/euler_deg.ref_yaw_deg,0.00014982427636819166
0.643720203,1758893480.196720203,/studio/euler_deg.ref_yaw_deg,0.0003106791027863909
0.647010437,1758893480.200010437,/studio/euler_deg.ref_yaw_deg,0.0012940004659520435
0.6501033580000001,1758893480.203103358,/studio/euler_deg.ref_yaw_deg,0.0012940004659520435
0.6503979350000001,1758893480.203397935,/studio/euler_deg.ref_yaw_deg,0.0020576990346817653
0.653682446,1758893480.206682446,/studio/euler_deg.ref_yaw_deg,0.0015145843337782574
0.6570083630000001,1758893480.210008363,/studio/euler_deg.ref_yaw_deg,0.002092374320742458
0.660189625,1758893480.213189625,/studio/euler_deg.ref_yaw_deg,0.002092374320742458
0.6602202410000001,1758893480.213220241,/studio/euler_deg.ref_yaw_deg,0.0026032441779771744
0.6638643660000001,1758893480.216864366,/studio/euler_deg.ref_yaw_deg,0.0024350295044160987
0.6670352310000001,1758893480.220035231,/studio/euler_deg.ref_yaw_deg,0.002184241086042028
0.670106262,1758893480.223106262,/studio/euler_deg.ref_yaw_deg,0.002184241086042028
0.670519912,1758893480.223519912,/studio/euler_deg.ref_yaw_deg,0.0010484275611331137
0.6736419770000001,1758893480.226641977,/studio/euler_deg.ref_yaw_deg,-0.0013678716972116336
0.676997225,1758893480.229997225,/studio/euler_deg.ref_yaw_deg,-0.002591856150924035
0.6801613740000001,1758893480.233161374,/studio/euler_deg.ref_yaw_deg,-0.002591856150924035
0.6804230870000001,1758893480.233423087,/studio/euler_deg.ref_yaw_deg,-0.0038019298884777314
0.6840334370000001,1758893480.237033437,/studio/euler_deg.ref_yaw_deg,-0.006200457028630891
0.687095824,1758893480.240095824,/studio/euler_deg.ref_yaw_deg,-0.006955120490219069
0.6900984450000001,1758893480.243098445,/studio/euler_deg.ref_yaw_deg,-0.006955120490219069
0.690536255,1758893480.243536255,/studio/euler_deg.ref_yaw_deg,-0.007835358271813761
0.6936570200000001,1758893480.246657020,/studio/euler_deg.ref_yaw_deg,-0.011254624838070965
0.6971699100000001,1758893480.250169910,/studio/euler_deg.ref_yaw_deg,-0.012223303134102022
0.7001003650000001,1758893480.253100365,/studio/euler_deg.ref_yaw_deg,-0.012223303134102022
0.700519278,1758893480.253519278,/studio/euler_deg.ref_yaw_deg,-0.013451965324104406
0.703808753,1758893480.256808753,/studio/euler_deg.ref_yaw_deg,-0.01768983006421109
0.70687212,1758893480.259872120,/studio/euler_deg.ref_yaw_deg,-0.01827615991707324
0.7101162010000001,1758893480.263116201,/studio/euler_deg.ref_yaw_deg,-0.01827615991707324
0.7102296220000001,1758893480.263229622,/studio/euler_deg.ref_yaw_deg,-0.018503150521652148
0.7138035450000001,1758893480.266803545,/studio/euler_deg.ref_yaw_deg,-0.022010365135517823
0.717477707,1758893480.270477707,/studio/euler_deg.ref_yaw_deg,-0.020983910354218517
0.718129625,1758893480.271129625,/studio/euler_deg.ref_yaw_deg,-0.020983910354218517
0.7202141350000001,1758893480.273214135,/studio/euler_deg.ref_yaw_deg,-0.024202290837443196
0.723529685,1758893480.276529685,/studio/euler_deg.ref_yaw_deg,-0.02329600797454752
0.72679472,1758893480.279794720,/studio/euler_deg.ref_yaw_deg,-0.023192514767683206
0.730126649,1758893480.283126649,/studio/euler_deg.ref_yaw_deg,-0.023192514767683206
0.7303311960000001,1758893480.283331196,/studio/euler_deg.ref_yaw_deg,-0.02540886738903069
0.7335409940000001,1758893480.286540994,/studio/euler_deg.ref_yaw_deg,-0.03205812889015137
0.736918438,1758893480.289918438,/studio/euler_deg.ref_yaw_deg,-0.03170263087876137
0.740298949,1758893480.293298949,/studio/euler_deg.ref_yaw_deg,-0.03170263087876137
0.7403064890000001,1758893480.293306489,/studio/euler_deg.ref_yaw_deg,-0.03214375511998022
0.7434862720000001,1758893480.296486272,/studio/euler_deg.ref_yaw_deg,-0.037329587548329886
0.7469078290000001,1758893480.299907829,/studio/euler_deg.ref_yaw_deg,-0.03625254887378056
0.7502453570000001,1758893480.303245357,/studio/euler_deg.ref_yaw_deg,-0.03625254887378056
0.750319397,1758893480.303319397,/studio/euler_deg.ref_yaw_deg,-0.037267154751289576
0.7535708560000001,1758893480.306570856,/studio/euler_deg.ref_yaw_deg,-0.046127061493632
0.756839088,1758893480.309839088,/studio/euler_deg.ref_yaw_deg,-0.0473767313634058
0.760144021,1758893480.313144021,/studio/euler_deg.ref_yaw_deg,-0.0473767313634058
0.7602564110000001,1758893480.313256411,/studio/euler_deg.ref_yaw_deg,-0.05097568390004225
0.7637999480000001,1758893480.316799948,/studio/euler_deg.ref_yaw_deg,-0.06397958714179992
0.766832425,1758893480.319832425,/studio/euler_deg.ref_yaw_deg,-0.06586771691162135
0.770136397,1758893480.323136397,/studio/euler_deg.ref_yaw_deg,-0.06586771691162135
0.7702417180000001,1758893480.323241718,/studio/euler_deg.ref_yaw_deg,-0.0679812835236505
0.773423623,1758893480.326423623,/studio/euler_deg.ref_yaw_deg,-0.08035748120683463
0.7767911780000001,1758893480.329791178,/studio/euler_deg.ref_yaw_deg,-0.07749148761868842
0.7801607340000001,1758893480.333160734,/studio/euler_deg.ref_yaw_deg,-0.07749148761868842
0.780388431,1758893480.333388431,/studio/euler_deg.ref_yaw_deg,-0.07587869629895942
0.7836709940000001,1758893480.336670994,/studio/euler_deg.ref_yaw_deg,-0.08509259784314599
0.786921501,1758893480.339921501,/studio/euler_deg.ref_yaw_deg,-0.08158822876128216
0.790095768,1758893480.343095768,/studio/euler_deg.ref_yaw_deg,-0.07999360367027633
0.7901275510000001,1758893480.343127551,/studio/euler_deg.ref_yaw_deg,-0.07999360367027633
0.793529989,1758893480.346529989,/studio/euler_deg.ref_yaw_deg,-0.09357686655917741
0.79684083,1758893480.349840830,/studio/euler_deg.ref_yaw_deg,-0.09157539241752216
0.800078771,1758893480.353078771,/studio/euler_deg.ref_yaw_deg,-0.09157539241752216
0.8101229090000001,1758893480.363122909,/studio/euler_deg.ref_yaw_deg,-0.09157539241752216
0.8146057950000001,1758893480.367605795,/studio/euler_deg.ref_yaw_deg,-0.09061564620101566
0.8146079220000001,1758893480.367607922,/studio/euler_deg.ref_yaw_deg,-0.09477700413961052
0.814610837,1758893480.367610837,/studio/euler_deg.ref_yaw_deg,-0.0976168023195361
0.814614774,1758893480.367614774,/studio/euler_deg.ref_yaw_deg,-0.10008205795833054
0.8181596090000001,1758893480.371159609,/studio/euler_deg.ref_yaw_deg,-0.10447982703504748
0.818174449,1758893480.371174449,/studio/euler_deg.ref_yaw_deg,-0.10912861289609817
0.820074407,1758893480.373074407,/studio/euler_deg.ref_yaw_deg,-0.10912861289609817
0.8201794570000001,1758893480.373179457,/studio/euler_deg.ref_yaw_deg,-0.11441319492510237
0.8235460480000001,1758893480.376546048,/studio/euler_deg.ref_yaw_deg,-0.1314058940885623
0.826653689,1758893480.379653689,/studio/euler_deg.ref_yaw_deg,-0.13246293848829735
0.8280730110000001,1758893480.381073011,/studio/euler_deg.ref_yaw_deg,-0.13246293848829735
0.8301255790000001,1758893480.383125579,/studio/euler_deg.ref_yaw_deg,-0.13413038261185192
0.833498854,1758893480.386498854,/studio/euler_deg.ref_yaw_deg,-0.15085600106476554
0.836885812,1758893480.389885812,/studio/euler_deg.ref_yaw_deg,-0.15029529100169126
0.840101803,1758893480.393101803,/studio/euler_deg.ref_yaw_deg,-0.15539890131449813
0.840115995,1758893480.393115995,/studio/euler_deg.ref_yaw_deg,-0.15539890131449813
0.843499046,1758893480.396499046,/studio/euler_deg.ref_yaw_deg,-0.17179506012777004
0.846743749,1758893480.399743749,/studio/euler_deg.ref_yaw_deg,-0.172005838817708
0.850112564,1758893480.403112564,/studio/euler_deg.ref_yaw_deg,-0.17694889166554134
0.8501326480000001,1758893480.403132648,/studio/euler_deg.ref_yaw_deg,-0.17694889166554134
0.8534576880000001,1758893480.406457688,/studio/euler_deg.ref_yaw_deg,-0.20205883332697802
0.856774994,1758893480.409774994,/studio/euler_deg.ref_yaw_deg,-0.20681211058350896
0.8600756350000001,1758893480.413075635,/studio/euler_deg.ref_yaw_deg,-0.2154236244491633
0.860171648,1758893480.413171648,/studio/euler_deg.ref_yaw_deg,-0.2154236244491633
0.863522506,1758893480.416522506,/studio/euler_deg.ref_yaw_deg,-0.24399526943051772
0.866759999,1758893480.419759999,/studio/euler_deg.ref_yaw_deg,-0.2444248160912644
0.8680786930000001,1758893480.421078693,/studio/euler_deg.ref_yaw_deg,-0.2444248160912644
0.8700700090000001,1758893480.423070009,/studio/euler_deg.ref_yaw_deg,-0.2812761157936303
0.8734093690000001,1758893480.426409369,/studio/euler_deg.ref_yaw_deg,-0.2804733048011024
0.87667128,1758893480.429671280,/studio/euler_deg.ref_yaw_deg,-0.276380223061529
0.879996701,1758893480.432996701,/studio/euler_deg.ref_yaw_deg,-0.2830046467463769
0.880095453,1758893480.433095453,/studio/euler_deg.ref_yaw_deg,-0.2830046467463769
0.883535928,1758893480.436535928,/studio/euler_deg.ref_yaw_deg,-0.3070804941500184
0.886758601,1758893480.439758601,/studio/euler_deg.ref_yaw_deg,-0.29952715603471725
0.8900665950000001,1758893480.443066595,/studio/euler_deg.ref_yaw_deg,-0.29523326042722187
0.890158632,1758893480.443158632,/studio/euler_deg.ref_yaw_deg,-0.29523326042722187
0.893332969,1758893480.446332969,/studio/euler_deg.ref_yaw_deg,-0.33101027403298394
0.8973001850000001,1758893480.450300185,/studio/euler_deg.ref_yaw_deg,-0.31941999977896873
0.898129017,1758893480.451129017,/studio/euler_deg.ref_yaw_deg,-0.31941999977896873
0.900313086,1758893480.453313086,/studio/euler_deg.ref_yaw_deg,-0.3384776471379014
0.9035494230000001,1758893480.456549423,/studio/euler_deg.ref_yaw_deg,-0.3326409782653272
0.9067343590000001,1758893480.459734359,/studio/euler_deg.ref_yaw_deg,-0.32001729618828073
0.9100142550000001,1758893480.463014255,/studio/euler_deg.ref_yaw_deg,-0.31368277349285906
0.9101449810000001,1758893480.463144981,/studio/euler_deg.ref_yaw_deg,-0.31368277349285906
0.9132860800000001,1758893480.466286080,/studio/euler_deg.ref_yaw_deg,-0.3647444258318945
0.9169196740000001,1758893480.469919674,/studio/euler_deg.ref_yaw_deg,-0.35320187048074986
0.9200768340000001,1758893480.473076834,/studio/euler_deg.ref_yaw_deg,-0.34222434499469356
0.9201527770000001,1758893480.473152777,/studio/euler_deg.ref_yaw_deg,-0.34222434499469356
0.9235765560000001,1758893480.476576556,/studio/euler_deg.ref_yaw_deg,-0.3771764874557636
0.9266629110000001,1758893480.479662911,/studio/euler_deg.ref_yaw_deg,-0.37344737935213773
0.9299581410000001,1758893480.482958141,/studio/euler_deg.ref_yaw_deg,-0.37221470409095364
0.930114521,1758893480.483114521,/studio/euler_deg.ref_yaw_deg,-0.37221470409095364
0.9334460830000001,1758893480.486446083,/studio/euler_deg.ref_yaw_deg,-0.4201232490023104
0.936716458,1758893480.489716458,/studio/euler_deg.ref_yaw_deg,-0.4268174808968601
0.93811283,1758893480.491112830,/studio/euler_deg.ref_yaw_deg,-0.4268174808968601
0.939980816,1758893480.492980816,/studio/euler_deg.ref_yaw_deg,-0.43526365887378504
0.9433426300000001,1758893480.496342630,/studio/euler_deg.ref_yaw_deg,-0.47376056335616235
0.9467296890000001,1758893480.499729689,/studio/euler_deg.ref_yaw_deg,-0.4844186342061537
0.950014015,1758893480.503014015,/studio/euler_deg.ref_yaw_deg,-0.5019810439811866
0.950121603,1758893480.503121603,/studio/euler_deg.ref_yaw_deg,-0.5019810439811866
0.953286257,1758893480.506286257,/studio/euler_deg.ref_yaw_deg,-0.5561683818378751
0.9566286070000001,1758893480.509628607,/studio/euler_deg.ref_yaw_deg,-0.5634715452156694
0.9581184260000001,1758893480.511118426,/studio/euler_deg.ref_yaw_deg,-0.5634715452156694
0.9599304320000001,1758893480.512930432,/studio/euler_deg.ref_yaw_deg,-0.5975415854020489
0.963448013,1758893480.516448013,/studio/euler_deg.ref_yaw_deg,-0.5964471869803181
0.966646302,1758893480.519646302,/studio/euler_deg.ref_yaw_deg,-0.5999612555678141
0.9700197290000001,1758893480.523019729,/studio/euler_deg.ref_yaw_deg,-0.6126683045473577
0.9700997680000001,1758893480.523099768,/studio/euler_deg.ref_yaw_deg,-0.6126683045473577
0.9733900430000001,1758893480.526390043,/studio/euler_deg.ref_yaw_deg,-0.6666595045599719
0.9765949060000001,1758893480.529594906,/studio/euler_deg.ref_yaw_deg,-0.6686956318895606
0.9799564220000001,1758893480.532956422,/studio/euler_deg.ref_yaw_deg,-0.6672723774771344
0.9801367590000001,1758893480.533136759,/studio/euler_deg.ref_yaw_deg,-0.6672723774771344
0.9835661280000001,1758893480.536566128,/studio/euler_deg.ref_yaw_deg,-0.7099738907998202
0.9867163840000001,1758893480.539716384,/studio/euler_deg.ref_yaw_deg,-0.7054522542569638
0.988101627,1758893480.541101627,/studio/euler_deg.ref_yaw_deg,-0.7054522542569638
0.9899321710000001,1758893480.542932171,/studio/euler_deg.ref_yaw_deg,-0.7591579428055902
0.993308834,1758893480.546308834,/studio/euler_deg.ref_yaw_deg,-0.7517998374431322
0.9966402950000001,1758893480.549640295,/studio/euler_deg.ref_yaw_deg,-0.7546119510540193
1.000111704,1758893480.553111704,/studio/euler_deg.ref_yaw_deg,-0.7546119510540193
1.000282534,1758893480.553282534,/studio/euler_deg.ref_yaw_deg,-0.7769081266004095
1.003464841,1758893480.556464841,/studio/euler_deg.ref_yaw_deg,-0.8407799697797282
1.010138063,1758893480.563138063,/studio/euler_deg.ref_yaw_deg,-0.8407799697797282
1.020208041,1758893480.573208041,/studio/euler_deg.ref_yaw_deg,-0.8407799697797282
1.020838027,1758893480.573838027,/studio/euler_deg.ref_yaw_deg,-0.8545879855761436
1.020840872,1758893480.573840872,/studio/euler_deg.ref_yaw_deg,-0.8694970139020006
1.020843091,1758893480.573843091,/studio/euler_deg.ref_yaw_deg,-0.9063350192248489
1.020846634,1758893480.573846634,/studio/euler_deg.ref_yaw_deg,-0.941823590020476
1.024722563,1758893480.577722563,/studio/euler_deg.ref_yaw_deg,-0.9715775683438421
1.024725655,1758893480.577725655,/studio/euler_deg.ref_yaw_deg,-0.9983247733887372
1.026568259,1758893480.579568259,/studio/euler_deg.ref_yaw_deg,-1.0507364504659313
1.030099979,1758893480.583099979,/studio/euler_deg.ref_yaw_deg,-1.0507364504659313
1.030135669,1758893480.583135669,/studio/euler_deg.ref_yaw_deg,-1.06641524557
1.033257275,1758893480.586257275,/studio/euler_deg.ref_yaw_deg,-1.1680497847833262
1.03665402,1758893480.589654020,/studio/euler_deg.ref_yaw_deg,-1.1802573382949053
1.040083166,1758893480.593083166,/studio/euler_deg.ref_yaw_deg,-1.1802573382949053
1.040202117,1758893480.593202117,/studio/euler_deg.ref_yaw_deg,-1.1945223138716325
1.043600961,1758893480.596600961,/studio/euler_deg.ref_yaw_deg,-1.272188312576929
1.046812012,1758893480.599812012,/studio/euler_deg.ref_yaw_deg,-1.267538859696969
1.050081457,1758893480.603081457,/studio/euler_deg.ref_yaw_deg,-1.267538859696969
1.050115988,1758893480.603115988,/studio/euler_deg.ref_yaw_deg,-1.2691943113821829
1.053348755,1758893480.606348755,/studio/euler_deg.ref_yaw_deg,-1.3591595944379002
1.056705086,1758893480.609705086,/studio/euler_deg.ref_yaw_deg,-1.3475467579584952
1.060212948,1758893480.613212948,/studio/euler_deg.ref_yaw_deg,-1.3475467579584952
1.060319762,1758893480.613319762,/studio/euler_deg.ref_yaw_deg,-1.3484670321272234
1.063362342,1758893480.616362342,/studio/euler_deg.ref_yaw_deg,-1.421335728230885
1.066673156,1758893480.619673156,/studio/euler_deg.ref_yaw_deg,-1.4035543589149047
1.068118976,1758893480.621118976,/studio/euler_deg.ref_yaw_deg,-1.4035543589149047
1.069983176,1758893480.622983176,/studio/euler_deg.ref_yaw_deg,-1.4790233153874328
1.073323776,1758893480.626323776,/studio/euler_deg.ref_yaw_deg,-1.4630249525191341
1.076645033,1758893480.629645033,/studio/euler_deg.ref_yaw_deg,-1.4392503003674832
1.079920906,1758893480.632920906,/studio/euler_deg.ref_yaw_deg,-1.451302319971758
1.080123402,1758893480.633123402,/studio/euler_deg.ref_yaw_deg,-1.451302319971758
1.083408407,1758893480.636408407,/studio/euler_deg.ref_yaw_deg,-1.5203426296393425
1.086492266,1758893480.639492266,/studio/euler_deg.ref_yaw_deg,-1.4999994971435906
1.08992053,1758893480.642920530,/studio/euler_deg.ref_yaw_deg,-1.4966527826597136
1.0901587130000001,1758893480.643158713,/studio/euler_deg.ref_yaw_deg,-1.4966527826597136
1.093226992,1758893480.646226992,/studio/euler_deg.ref_yaw_deg,-1.5605705525211286
1.096531258,1758893480.649531258,/studio/euler_deg.ref_yaw_deg,-1.5381531658553236
1.099816485,1758893480.652816485,/studio/euler_deg.ref_yaw_deg,-1.5313300949568769
1.100113804,1758893480.653113804,/studio/euler_deg.ref_yaw_deg,-1.5313300949568769
1.103309415,1758893480.656309415,/studio/euler_deg.ref_yaw_deg,-1.5662415844751612
1.106558293,1758893480.659558293,/studio/euler_deg.ref_yaw_deg,-1.5451516338552227
1.109941796,1758893480.662941796,/studio/euler_deg.ref_yaw_deg,-1.5411258275402206
1.110108066,1758893480.663108066,/studio/euler_deg.ref_yaw_deg,-1.5411258275402206
1.113309354,1758893480.666309354,/studio/euler_deg.ref_yaw_deg,-1.6761651747318005
1.116431693,1758893480.669431693,/studio/euler_deg.ref_yaw_deg,-1.6670293217926062
1.119752949,1758893480.672752949,/studio/euler_deg.ref_yaw_deg,-1.6732053578559944
1.120117673,1758893480.673117673,/studio/euler_deg.ref_yaw_deg,-1.6732053578559944
1.123413917,1758893480.676413917,/studio/euler_deg.ref_yaw_deg,-1.7889538242970542
1.127108135,1758893480.680108135,/studio/euler_deg.ref_yaw_deg,-1.7894248779696587
1.12992722,1758893480.682927220,/studio/euler_deg.ref_yaw_deg,-1.8022388095044373
1.130111806,1758893480.683111806,/studio/euler_deg.ref_yaw_deg,-1.8022388095044373
1.133064801,1758893480.686064801,/studio/euler_deg.ref_yaw_deg,-1.9677419552942863
1.136604149,1758893480.689604149,/studio/euler_deg.ref_yaw_deg,-1.9668331010891011
1.139920122,1758893480.692920122,/studio/euler_deg.ref_yaw_deg,-1.9619986853341915
1.140119103,1758893480.693119103,/studio/euler_deg.ref_yaw_deg,-1.9619986853341915
1.143181408,1758893480.696181408,/studio/euler_deg.ref_yaw_deg,-2.0536981831475836
1.14655248,1758893480.699552480,/studio/euler_deg.ref_yaw_deg,-2.0388333472842475
1.149726672,1758893480.702726672,/studio/euler_deg.ref_yaw_deg,-2.021479921461985
1.150106181,1758893480.703106181,/studio/euler_deg.ref_yaw_deg,-2.021479921461985
1.153099012,1758893480.706099012,/studio/euler_deg.ref_yaw_deg,-2.1327903576010616
1.156487946,1758893480.709487946,/studio/euler_deg.ref_yaw_deg,-2.1451161330869435
1.158128658,1758893480.711128658,/studio/euler_deg.ref_yaw_deg,-2.1451161330869435
1.159867499,1758893480.712867499,/studio/euler_deg.ref_yaw_deg,-2.1735692935537205
1.163106569,1758893480.716106569,/studio/euler_deg.ref_yaw_deg,-2.3171301970585283
1.166430417,1758893480.719430417,/studio/euler_deg.ref_yaw_deg,-2.354327670375209
1.168157967,1758893480.721157967,/studio/euler_deg.ref_yaw_deg,-2.354327670375209
1.16978605,1758893480.722786050,/studio/euler_deg.ref_yaw_deg,-2.5089239215722583
1.173098511,1758893480.726098511,/studio/euler_deg.ref_yaw_deg,-2.516485575196001
1.176406598,1758893480.729406598,/studio/euler_deg.ref_yaw_deg,-2.5222562057936297
1.179853625,1758893480.732853625,/studio/euler_deg.ref_yaw_deg,-2.5442641024505885
1.180097068,1758893480.733097068,/studio/euler_deg.ref_yaw_deg,-2.5442641024505885
1.183177627,1758893480.736177627,/studio/euler_deg.ref_yaw_deg,-2.5940079420801534
1.1863985160000001,1758893480.739398516,/studio/euler_deg.ref_yaw_deg,-2.60583718710205
1.189770731,1758893480.742770731,/studio/euler_deg.ref_yaw_deg,-2.62994271769135
1.190120038,1758893480.743120038,/studio/euler_deg.ref_yaw_deg,-2.62994271769135
1.193082689,1758893480.746082689,/studio/euler_deg.ref_yaw_deg,-2.7674574186469405
1.196382319,1758893480.749382319,/studio/euler_deg.ref_yaw_deg,-2.7908255611704162
1.199747293,1758893480.752747293,/studio/euler_deg.ref_yaw_deg,-2.8182115919699955
1.200097237,1758893480.753097237,/studio/euler_deg.ref_yaw_deg,-2.8182115919699955
1.203013256,1758893480.756013256,/studio/euler_deg.ref_yaw_deg,-2.9519420944534827
1.206522603,1758893480.759522603,/studio/euler_deg.ref_yaw_deg,-2.9529567468022124
1.208117715,1758893480.761117715,/studio/euler_deg.ref_yaw_deg,-2.9529567468022124
1.220145442,1758893480.773145442,/studio/euler_deg.ref_yaw_deg,-2.9529567468022124
1.224013197,1758893480.777013197,/studio/euler_deg.ref_yaw_deg,-2.9505475509321024
1.224016882,1758893480.777016882,/studio/euler_deg.ref_yaw_deg,-2.9860196670694252
1.224022112,1758893480.777022112,/studio/euler_deg.ref_yaw_deg,-3.009460811579088
1.224025186,1758893480.777025186,/studio/euler_deg.ref_yaw_deg,-3.047745326958516
1.228597479,1758893480.781597479,/studio/euler_deg.ref_yaw_deg,-3.1082239911017613
1.228601333,1758893480.781601333,/studio/euler_deg.ref_yaw_deg,-3.151893151877393
1.230115509,1758893480.783115509,/studio/euler_deg.ref_yaw_deg,-3.151893151877393
1.2305258430000001,1758893480.783525843,/studio/euler_deg.ref_yaw_deg,-3.335307349135087
1.233039243,1758893480.786039243,/studio/euler_deg.ref_yaw_deg,-3.4806750134289834
1.236393724,1758893480.789393724,/studio/euler_deg.ref_yaw_deg,-3.500047161192472
1.239709541,1758893480.792709541,/studio/euler_deg.ref_yaw_deg,-3.4950075161803227
1.24014659,1758893480.793146590,/studio/euler_deg.ref_yaw_deg,-3.4950075161803227
1.243051059,1758893480.796051059,/studio/euler_deg.ref_yaw_deg,-3.542874072404864
1.24639717,1758893480.799397170,/studio/euler_deg.ref_yaw_deg,-3.53608548647029
1.248125485,1758893480.801125485,/studio/euler_deg.ref_yaw_deg,-3.53608548647029
1.249681223,1758893480.802681223,/studio/euler_deg.ref_yaw_deg,-3.5107145374360895
1.252996225,1758893480.805996225,/studio/euler_deg.ref_yaw_deg,-3.558600213015864
1.256336735,1758893480.809336735,/studio/euler_deg.ref_yaw_deg,-3.5395216074544926
1.259778951,1758893480.812778951,/studio/euler_deg.ref_yaw_deg,-3.527158173159564
1.260130893,1758893480.813130893,/studio/euler_deg.ref_yaw_deg,-3.527158173159564
1.2630890350000001,1758893480.816089035,/studio/euler_deg.ref_yaw_deg,-3.50313416484512
1.266391761,1758893480.819391761,/studio/euler_deg.ref_yaw_deg,-3.481541193866342
1.269904946,1758893480.822904946,/studio/euler_deg.ref_yaw_deg,-3.47836228577128
1.270162195,1758893480.823162195,/studio/euler_deg.ref_yaw_deg,-3.47836228577128
1.273457347,1758893480.826457347,/studio/euler_deg.ref_yaw_deg,-3.5709284489256907
1.276468638,1758893480.829468638,/studio/euler_deg.ref_yaw_deg,-3.5649549788918296
1.278141,1758893480.831141000,/studio/euler_deg.ref_yaw_deg,-3.5649549788918296
1.27989968,1758893480.832899680,/studio/euler_deg.ref_yaw_deg,-3.7289580472396446
1.283446845,1758893480.836446845,/studio/euler_deg.ref_yaw_deg,-3.7691295188855927
1.286202416,1758893480.839202416,/studio/euler_deg.ref_yaw_deg,-3.7961221550297806
1.289644515,1758893480.842644515,/studio/euler_deg.ref_yaw_deg,-3.8368322310844607
1.290171515,1758893480.843171515,/studio/euler_deg.ref_yaw_deg,-3.8368322310844607
1.2932915600000001,1758893480.846291560,/studio/euler_deg.ref_yaw_deg,-4.0552780231436785
1.296331394,1758893480.849331394,/studio/euler_deg.ref_yaw_deg,-4.081275449318531
1.2996271799999999,1758893480.852627180,/studio/euler_deg.ref_yaw_deg,-4.092418727520064
1.300141956,1758893480.853141956,/studio/euler_deg.ref_yaw_deg,-4.092418727520064
1.30294571,1758893480.855945710,/studio/euler_deg.ref_yaw_deg,-4.185039267352016
1.306455974,1758893480.859455974,/studio/euler_deg.ref_yaw_deg,-4.199163402093504
1.308158605,1758893480.861158605,/studio/euler_deg.ref_yaw_deg,-4.199163402093504
1.309859431,1758893480.862859431,/studio/euler_deg.ref_yaw_deg,-4.348954947425598
1.313116941,1758893480.866116941,/studio/euler_deg.ref_yaw_deg,-4.353163223950162
1.316447968,1758893480.869447968,/studio/euler_deg.ref_yaw_deg,-4.349421601011393
1.319818498,1758893480.872818498,/studio/euler_deg.ref_yaw_deg,-4.363835670806809
1.320120308,1758893480.873120308,/studio/euler_deg.ref_yaw_deg,-4.363835670806809
1.322918716,1758893480.875918716,/studio/euler_deg.ref_yaw_deg,-4.326430232840001
1.326485311,1758893480.879485311,/studio/euler_deg.ref_yaw_deg,-4.304190069916152
1.328189303,1758893480.881189303,/studio/euler_deg.ref_yaw_deg,-4.304190069916152
1.329719768,1758893480.882719768,/studio/euler_deg.ref_yaw_deg,-4.375974742336712
1.332907383,1758893480.885907383,/studio/euler_deg.ref_yaw_deg,-4.35268489632626
1.336208337,1758893480.889208337,/studio/euler_deg.ref_yaw_deg,-4.306557891412272
1.34012677,1758893480.893126770,/studio/euler_deg.ref_yaw_deg,-4.306557891412272
1.340160664,1758893480.893160664,/studio/euler_deg.ref_yaw_deg,-4.270017175226237
1.3443282970000001,1758893480.897328297,/studio/euler_deg.ref_yaw_deg,-4.253364763207622
1.350172448,1758893480.903172448,/studio/euler_deg.ref_yaw_deg,-4.253364763207622
1.35322234,1758893480.906222340,/studio/euler_deg.ref_yaw_deg,-4.262786136640703
1.354396866,1758893480.907396866,/studio/euler_deg.ref_yaw_deg,-4.257897879597229
1.354405275,1758893480.907405275,/studio/euler_deg.ref_yaw_deg,-4.283955939490555
1.356259862,1758893480.909259862,/studio/euler_deg.ref_yaw_deg,-4.271524937743999
1.360049439,1758893480.913049439,/studio/euler_deg.ref_yaw_deg,-4.257592035392139
1.360167163,1758893480.913167163,/studio/euler_deg.ref_yaw_deg,-4.257592035392139
1.364305397,1758893480.917305397,/studio/euler_deg.ref_yaw_deg,-4.281368285622126
1.370223485,1758893480.923223485,/studio/euler_deg.ref_yaw_deg,-4.281368285622126
1.373437234,1758893480.926437234,/studio/euler_deg.ref_yaw_deg,-4.26725553286453
1.375663825,1758893480.928663825,/studio/euler_deg.ref_yaw_deg,-4.279320415945239
1.375667291,1758893480.928667291,/studio/euler_deg.ref_yaw_deg,-4.338328639624373
1.37739576,1758893480.930395760,/studio/euler_deg.ref_yaw_deg,-4.297800599048805
1.378140208,1758893480.931140208,/studio/euler_deg.ref_yaw_deg,-4.297800599048805
1.3796097010000001,1758893480.932609701,/studio/euler_deg.ref_yaw_deg,-4.283856740992206
1.382858535,1758893480.935858535,/studio/euler_deg.ref_yaw_deg,-4.4567228346501295
1.386290918,1758893480.939290918,/studio/euler_deg.ref_yaw_deg,-4.430710556633516
1.389621478,1758893480.942621478,/studio/euler_deg.ref_yaw_deg,-4.415245775085686
1.390195101,1758893480.943195101,/studio/euler_deg.ref_yaw_deg,-4.415245775085686
1.392968506,1758893480.945968506,/studio/euler_deg.ref_yaw_deg,-4.4058119819249635
1.396232862,1758893480.949232862,/studio/euler_deg.ref_yaw_deg,-4.424452065643052
1.399497628,1758893480.952497628,/studio/euler_deg.ref_yaw_deg,-4.440589321208172
1.40014926,1758893480.953149260,/studio/euler_deg.ref_yaw_deg,-4.440589321208172
1.402821292,1758893480.955821292,/studio/euler_deg.ref_yaw_deg,-4.460977411841999
1.406298987,1758893480.959298987,/studio/euler_deg.ref_yaw_deg,-4.483394451103981
1.409641277,1758893480.962641277,/studio/euler_deg.ref_yaw_deg,-4.499190162998343
1.410103994,1758893480.963103994,/studio/euler_deg.ref_yaw_deg,-4.499190162998343
1.413011371,1758893480.966011371,/studio/euler_deg.ref_yaw_deg,-4.5714082464733545
1.420147969,1758893480.973147969,/studio/euler_deg.ref_yaw_deg,-4.5714082464733545
1.430145291,1758893480.983145291,/studio/euler_deg.ref_yaw_deg,-4.5714082464733545
1.430642886,1758893480.983642886,/studio/euler_deg.ref_yaw_deg,-4.597305005570371
1.430644739,1758893480.983644739,/studio/euler_deg.ref_yaw_deg,-4.643699014431234
1.430649491,1758893480.983649491,/studio/euler_deg.ref_yaw_deg,-4.649294737934251
1.430652729,1758893480.983652729,/studio/euler_deg.ref_yaw_deg,-4.638220255346022
1.434338125,1758893480.987338125,/studio/euler_deg.ref_yaw_deg,-4.632001352991558
1.434339997,1758893480.987339997,/studio/euler_deg.ref_yaw_deg,-4.637370270029718
1.436580913,1758893480.989580913,/studio/euler_deg.ref_yaw_deg,-4.9062359771772766
1.438107063,1758893480.991107063,/studio/euler_deg.ref_yaw_deg,-4.9062359771772766
1.440078381,1758893480.993078381,/studio/euler_deg.ref_yaw_deg,-4.918119166437378
1.442803255,1758893480.995803255,/studio/euler_deg.ref_yaw_deg,-5.218000616073854
1.446111958,1758893480.999111958,/studio/euler_deg.ref_yaw_deg,-5.240659765669743
1.449571655,1758893481.002571655,/studio/euler_deg.ref_yaw_deg,-5.262099953348787
1.450106858,1758893481.003106858,/studio/euler_deg.ref_yaw_deg,-5.262099953348787
1.452862467,1758893481.005862467,/studio/euler_deg.ref_yaw_deg,-5.377646879698544
1.457202996,1758893481.010202996,/studio/euler_deg.ref_yaw_deg,-5.400563022179058
1.458122113,1758893481.011122113,/studio/euler_deg.ref_yaw_deg,-5.400563022179058
1.4594814120000001,1758893481.012481412,/studio/euler_deg.ref_yaw_deg,-5.432232893059042
1.46276841,1758893481.015768410,/studio/euler_deg.ref_yaw_deg,-5.776510714393692
1.466329189,1758893481.019329189,/studio/euler_deg.ref_yaw_deg,-5.740626884368433
1.468184506,1758893481.021184506,/studio/euler_deg.ref_yaw_deg,-5.740626884368433
1.4697308150000001,1758893481.022730815,/studio/euler_deg.ref_yaw_deg,-5.867387941795662
1.4727884,1758893481.025788400,/studio/euler_deg.ref_yaw_deg,-5.834136512743347
1.476118884,1758893481.029118884,/studio/euler_deg.ref_yaw_deg,-5.810224814373256
1.479490141,1758893481.032490141,/studio/euler_deg.ref_yaw_deg,-5.78290082097139
1.480179342,1758893481.033179342,/studio/euler_deg.ref_yaw_deg,-5.78290082097139
1.482822816,1758893481.035822816,/studio/euler_deg.ref_yaw_deg,-5.466313122149997
1.486643422,1758893481.039643422,/studio/euler_deg.ref_yaw_deg,-5.452640772457008
1.4881745180000001,1758893481.041174518,/studio/euler_deg.ref_yaw_deg,-5.452640772457008
1.489492838,1758893481.042492838,/studio/euler_deg.ref_yaw_deg,-5.451811578253483
1.492752587,1758893481.045752587,/studio/euler_deg.ref_yaw_deg,-5.786178136915277
1.496335116,1758893481.049335116,/studio/euler_deg.ref_yaw_deg,-5.759642653160961
1.4981448080000002,1758893481.051144808,/studio/euler_deg.ref_yaw_deg,-5.759642653160961
1.499521989,1758893481.052521989,/studio/euler_deg.ref_yaw_deg,-5.767199276144295
1.50275091,1758893481.055750910,/studio/euler_deg.ref_yaw_deg,-5.944028651856536
1.5063180219999999,1758893481.059318022,/studio/euler_deg.ref_yaw_deg,-5.941318257025943
1.508191969,1758893481.061191969,/studio/euler_deg.ref_yaw_deg,-5.941318257025943
1.5094731270000001,1758893481.062473127,/studio/euler_deg.ref_yaw_deg,-5.957524275741371
1.512744501,1758893481.065744501,/studio/euler_deg.ref_yaw_deg,-6.169346515225681
1.516127041,1758893481.069127041,/studio/euler_deg.ref_yaw_deg,-6.1977583867702
1.518160331,1758893481.071160331,/studio/euler_deg.ref_yaw_deg,-6.1977583867702
1.519751749,1758893481.072751749,/studio/euler_deg.ref_yaw_deg,-6.378324499419582
1.522809572,1758893481.075809572,/studio/euler_deg.ref_yaw_deg,-6.352096134699105
1.5259804250000002,1758893481.078980425,/studio/euler_deg.ref_yaw_deg,-6.32509627651431
1.529465911,1758893481.082465911,/studio/euler_deg.ref_yaw_deg,-6.291234304052398
1.530153058,1758893481.083153058,/studio/euler_deg.ref_yaw_deg,-6.291234304052398
1.532855423,1758893481.085855423,/studio/euler_deg.ref_yaw_deg,-5.995612691787483
1.536770605,1758893481.089770605,/studio/euler_deg.ref_yaw_deg,-5.9545092100278145
1.5396710260000002,1758893481.092671026,/studio/euler_deg.ref_yaw_deg,-5.924890083028866
1.540150514,1758893481.093150514,/studio/euler_deg.ref_yaw_deg,-5.924890083028866
1.54267577,1758893481.095675770,/studio/euler_deg.ref_yaw_deg,-6.000504354632487
1.546017004,1758893481.099017004,/studio/euler_deg.ref_yaw_deg,-5.938869845584516
1.549516506,1758893481.102516506,/studio/euler_deg.ref_yaw_deg,-5.880322052545485
1.550157251,1758893481.103157251,/studio/euler_deg.ref_yaw_deg,-5.880322052545485
1.552878207,1758893481.105878207,/studio/euler_deg.ref_yaw_deg,-6.180938124510857
1.556025735,1758893481.109025735,/studio/euler_deg.ref_yaw_deg,-6.142458531559958
1.5581643230000002,1758893481.111164323,/studio/euler_deg.ref_yaw_deg,-6.142458531559958
1.559530139,1758893481.112530139,/studio/euler_deg.ref_yaw_deg,-6.096666967702841
1.562795241,1758893481.115795241,/studio/euler_deg.ref_yaw_deg,-6.831529342428701
1.56605639,1758893481.119056390,/studio/euler_deg.ref_yaw_deg,-6.842682617733462
1.569512558,1758893481.122512558,/studio/euler_deg.ref_yaw_deg,-6.856068456854982
1.570181139,1758893481.123181139,/studio/euler_deg.ref_yaw_deg,-6.856068456854982
1.572651875,1758893481.125651875,/studio/euler_deg.ref_yaw_deg,-6.80295347843347
1.576004609,1758893481.129004609,/studio/euler_deg.ref_yaw_deg,-6.750009668691873
1.5794088780000002,1758893481.132408878,/studio/euler_deg.ref_yaw_deg,-6.696803149049435
1.580123763,1758893481.133123763,/studio/euler_deg.ref_yaw_deg,-6.696803149049435
1.582765065,1758893481.135765065,/studio/euler_deg.ref_yaw_deg,-6.942742694309865
1.586041402,1758893481.139041402,/studio/euler_deg.ref_yaw_deg,-6.883260675007016
1.589358422,1758893481.142358422,/studio/euler_deg.ref_yaw_deg,-6.818345800071156
1.590113091,1758893481.143113091,/studio/euler_deg.ref_yaw_deg,-6.818345800071156
1.5927313889999999,1758893481.145731389,/studio/euler_deg.ref_yaw_deg,-7.28920686389589
1.595973258,1758893481.148973258,/studio/euler_deg.ref_yaw_deg,-7.2900666884995875
1.598109454,1758893481.151109454,/studio/euler_deg.ref_yaw_deg,-7.2900666884995875
1.599448789,1758893481.152448789,/studio/euler_deg.ref_yaw_deg,-7.275332478688927
1.602722838,1758893481.155722838,/studio/euler_deg.ref_yaw_deg,-8.234034388444279
1.606005852,1758893481.159005852,/studio/euler_deg.ref_yaw_deg,-8.208553454724246
1.609299013,1758893481.162299013,/studio/euler_deg.ref_yaw_deg,-8.224191065141035
1.6101234070000001,1758893481.163123407,/studio/euler_deg.ref_yaw_deg,-8.224191065141035
1.612616755,1758893481.165616755,/studio/euler_deg.ref_yaw_deg,-8.266265903271249
1.616030569,1758893481.169030569,/studio/euler_deg.ref_yaw_deg,-8.175116136204414
1.618094336,1758893481.171094336,/studio/euler_deg.ref_yaw_deg,-8.175116136204414
1.628183122,1758893481.181183122,/studio/euler_deg.ref_yaw_deg,-8.175116136204414
1.6334379920000002,1758893481.186437992,/studio/euler_deg.ref_yaw_deg,-8.08865609258499
1.63343944,1758893481.186439440,/studio/euler_deg.ref_yaw_deg,-8.14313998694281
1.6334675619999999,1758893481.186467562,/studio/euler_deg.ref_yaw_deg,-8.229414904879224
1.633477289,1758893481.186477289,/studio/euler_deg.ref_yaw_deg,-8.296366318842077
1.6381721200000001,1758893481.191172120,/studio/euler_deg.ref_yaw_deg,-8.37876018043423
1.6381763020000002,1758893481.191176302,/studio/euler_deg.ref_yaw_deg,-8.47855669780739
1.639687319,1758893481.192687319,/studio/euler_deg.ref_yaw_deg,-9.552205324200699
1.6401478690000002,1758893481.193147869,/studio/euler_deg.ref_yaw_deg,-9.552205324200699
1.642631176,1758893481.195631176,/studio/euler_deg.ref_yaw_deg,-9.172647814693777
1.6458860240000002,1758893481.198886024,/studio/euler_deg.ref_yaw_deg,-9.069402448208322
1.6491952,1758893481.202195200,/studio/euler_deg.ref_yaw_deg,-8.989292066094848
1.650141416,1758893481.203141416,/studio/euler_deg.ref_yaw_deg,-8.989292066094848
1.6527727570000001,1758893481.205772757,/studio/euler_deg.ref_yaw_deg,-9.427868148090742
1.655933053,1758893481.208933053,/studio/euler_deg.ref_yaw_deg,-9.33970918672691
1.6594519980000002,1758893481.212451998,/studio/euler_deg.ref_yaw_deg,-9.248667888954877
1.660162304,1758893481.213162304,/studio/euler_deg.ref_yaw_deg,-9.248667888954877
1.6626154560000002,1758893481.215615456,/studio/euler_deg.ref_yaw_deg,-9.906736808128926
1.66588552,1758893481.218885520,/studio/euler_deg.ref_yaw_deg,-9.848448643090315
1.669270944,1758893481.222270944,/studio/euler_deg.ref_yaw_deg,-9.782851500158186
1.670144369,1758893481.223144369,/studio/euler_deg.ref_yaw_deg,-9.782851500158186
1.672789764,1758893481.225789764,/studio/euler_deg.ref_yaw_deg,-10.781398952281588
1.675968545,1758893481.228968545,/studio/euler_deg.ref_yaw_deg,-10.73318157959088
1.679182193,1758893481.232182193,/studio/euler_deg.ref_yaw_deg,-10.717311526464737
1.680185737,1758893481.233185737,/studio/euler_deg.ref_yaw_deg,-10.717311526464737
1.6826683340000002,1758893481.235668334,/studio/euler_deg.ref_yaw_deg,-11.58820831435665
1.686011933,1758893481.239011933,/studio/euler_deg.ref_yaw_deg,-11.48499908705203
1.688201585,1758893481.241201585,/studio/euler_deg.ref_yaw_deg,-11.48499908705203
1.689308038,1758893481.242308038,/studio/euler_deg.ref_yaw_deg,-11.376404427982711
1.692939438,1758893481.245939438,/studio/euler_deg.ref_yaw_deg,-12.973590486271098
1.695927449,1758893481.248927449,/studio/euler_deg.ref_yaw_deg,-12.898651242096868
1.698091757,1758893481.251091757,/studio/euler_deg.ref_yaw_deg,-12.898651242096868
1.6992490500000001,1758893481.252249050,/studio/euler_deg.ref_yaw_deg,-12.929240000379021
1.702590271,1758893481.255590271,/studio/euler_deg.ref_yaw_deg,-13.8861604858694
1.705887695,1758893481.258887695,/studio/euler_deg.ref_yaw_deg,-13.858577368785317
1.7081763300000001,1758893481.261176330,/studio/euler_deg.ref_yaw_deg,-13.858577368785317
1.7092589980000001,1758893481.262258998,/studio/euler_deg.ref_yaw_deg,-14.017670680610653
1.7126901970000001,1758893481.265690197,/studio/euler_deg.ref_yaw_deg,-14.715004454086142
1.715932527,1758893481.268932527,/studio/euler_deg.ref_yaw_deg,-14.65710629680094
1.719477407,1758893481.272477407,/studio/euler_deg.ref_yaw_deg,-14.729314612684593
1.720167905,1758893481.273167905,/studio/euler_deg.ref_yaw_deg,-14.729314612684593
1.722608386,1758893481.275608386,/studio/euler_deg.ref_yaw_deg,-14.196347093923732
1.726165688,1758893481.279165688,/studio/euler_deg.ref_yaw_deg,-14.115279278120918
1.7281195180000002,1758893481.281119518,/studio/euler_deg.ref_yaw_deg,-14.115279278120918
1.729176522,1758893481.282176522,/studio/euler_deg.ref_yaw_deg,-14.008030520891676
1.732545669,1758893481.285545669,/studio/euler_deg.ref_yaw_deg,-15.297745574660347
1.7358636930000002,1758893481.288863693,/studio/euler_deg.ref_yaw_deg,-15.211681790712316
1.7394233950000002,1758893481.292423395,/studio/euler_deg.ref_yaw_deg,-15.27168113693946
1.740169001,1758893481.293169001,/studio/euler_deg.ref_yaw_deg,-15.27168113693946
1.7424452330000002,1758893481.295445233,/studio/euler_deg.ref_yaw_deg,-15.457332768688183
1.746960879,1758893481.299960879,/studio/euler_deg.ref_yaw_deg,-15.156564043776369
1.7493026660000002,1758893481.302302666,/studio/euler_deg.ref_yaw_deg,-15.058020032894067
1.750132236,1758893481.303132236,/studio/euler_deg.ref_yaw_deg,-15.058020032894067
1.7525208700000001,1758893481.305520870,/studio/euler_deg.ref_yaw_deg,-15.92100430241621
1.756586309,1758893481.309586309,/studio/euler_deg.ref_yaw_deg,-15.811213970431172
1.75814535,1758893481.311145350,/studio/euler_deg.ref_yaw_deg,-15.811213970431172
1.75940329,1758893481.312403290,/studio/euler_deg.ref_yaw_deg,-15.672358194892682
1.762725421,1758893481.315725421,/studio/euler_deg.ref_yaw_deg,-17.612947702327336
1.768915819,1758893481.321915819,/studio/euler_deg.ref_yaw_deg,-17.524393212120813
1.770112799,1758893481.323112799,/studio/euler_deg.ref_yaw_deg,-17.524393212120813
1.770484514,1758893481.323484514,/studio/euler_deg.ref_yaw_deg,-17.613047500147832
1.773016132,1758893481.326016132,/studio/euler_deg.ref_yaw_deg,-18.119724068703807
1.775951375,1758893481.328951375,/studio/euler_deg.ref_yaw_deg,-18.04406601111368
1.779191216,1758893481.332191216,/studio/euler_deg.ref_yaw_deg,-18.033798235264126
1.780102608,1758893481.333102608,/studio/euler_deg.ref_yaw_deg,-18.033798235264126
1.7831612410000002,1758893481.336161241,/studio/euler_deg.ref_yaw_deg,-19.16624417092275
1.787688498,1758893481.340688498,/studio/euler_deg.ref_yaw_deg,-19.131680595194613
1.788094492,1758893481.341094492,/studio/euler_deg.ref_yaw_deg,-19.131680595194613
1.7893030740000002,1758893481.342303074,/studio/euler_deg.ref_yaw_deg,-19.070543388202168
1.792543367,1758893481.345543367,/studio/euler_deg.ref_yaw_deg,-21.270018353867627
1.7980920340000002,1758893481.351092034,/studio/euler_deg.ref_yaw_deg,-21.257238324946268
1.799269483,1758893481.352269483,/studio/euler_deg.ref_yaw_deg,-21.433214197359877
1.8001026470000001,1758893481.353102647,/studio/euler_deg.ref_yaw_deg,-21.433214197359877
1.802579707,1758893481.355579707,/studio/euler_deg.ref_yaw_deg,-21.7994548954334
1.805883771,1758893481.358883771,/studio/euler_deg.ref_yaw_deg,-21.694521778357597
1.809187263,1758893481.362187263,/studio/euler_deg.ref_yaw_deg,-21.6316285939071
1.810140891,1758893481.363140891,/studio/euler_deg.ref_yaw_deg,-21.6316285939071
1.812434648,1758893481.365434648,/studio/euler_deg.ref_yaw_deg,-22.661583203050746
1.816251098,1758893481.369251098,/studio/euler_deg.ref_yaw_deg,-22.572198502538235
1.820122789,1758893481.373122789,/studio/euler_deg.ref_yaw_deg,-22.572198502538235
1.820473411,1758893481.373473411,/studio/euler_deg.ref_yaw_deg,-22.44954521686108
1.830329523,1758893481.383329523,/studio/euler_deg.ref_yaw_deg,-22.44954521686108
1.838185312,1758893481.391185312,/studio/euler_deg.ref_yaw_deg,-22.44954521686108
1.8418429330000001,1758893481.394842933,/studio/euler_deg.ref_yaw_deg,-22.734973929624886
1.841847856,1758893481.394847856,/studio/euler_deg.ref_yaw_deg,-23.146081331185478
1.8418509410000001,1758893481.394850941,/studio/euler_deg.ref_yaw_deg,-23.599975833423258
1.8418538130000002,1758893481.394853813,/studio/euler_deg.ref_yaw_deg,-24.059773947898314
1.8428354960000002,1758893481.395835496,/studio/euler_deg.ref_yaw_deg,-24.443640877371855
1.842838606,1758893481.395838606,/studio/euler_deg.ref_yaw_deg,-24.780439329865953
1.8428403750000002,1758893481.395840375,/studio/euler_deg.ref_yaw_deg,-25.11716029690179
1.846839581,1758893481.399839581,/studio/euler_deg.ref_yaw_deg,-27.562435028874557
1.849421553,1758893481.402421553,/studio/euler_deg.ref_yaw_deg,-27.651063893181288
1.850106559,1758893481.403106559,/studio/euler_deg.ref_yaw_deg,-27.651063893181288
1.852783557,1758893481.405783557,/studio/euler_deg.ref_yaw_deg,-27.86661565455006
1.856548439,1758893481.409548439,/studio/euler_deg.ref_yaw_deg,-27.692571725476366
1.858168773,1758893481.411168773,/studio/euler_deg.ref_yaw_deg,-27.692571725476366
1.859316722,1758893481.412316722,/studio/euler_deg.ref_yaw_deg,-27.5506502778052
1.862625629,1758893481.415625629,/studio/euler_deg.ref_yaw_deg,-29.50355468255111
1.865741367,1758893481.418741367,/studio/euler_deg.ref_yaw_deg,-29.363922715029013
1.8681057820000002,1758893481.421105782,/studio/euler_deg.ref_yaw_deg,-29.363922715029013
1.868976907,1758893481.421976907,/studio/euler_deg.ref_yaw_deg,-29.428026703904504
1.873044203,1758893481.426044203,/studio/euler_deg.ref_yaw_deg,-30.869480724777205
1.875755894,1758893481.428755894,/studio/euler_deg.ref_yaw_deg,-30.769783832168077
1.87917859,1758893481.432178590,/studio/euler_deg.ref_yaw_deg,-30.97089174750933
1.880103406,1758893481.433103406,/studio/euler_deg.ref_yaw_deg,-30.97089174750933
1.882390545,1758893481.435390545,/studio/euler_deg.ref_yaw_deg,-30.793279749525745
1.886379952,1758893481.439379952,/studio/euler_deg.ref_yaw_deg,-30.705962245308783
1.888222969,1758893481.441222969,/studio/euler_deg.ref_yaw_deg,-30.705962245308783
1.888955743,1758893481.441955743,/studio/euler_deg.ref_yaw_deg,-30.630417239203886
1.893076902,1758893481.446076902,/studio/euler_deg.ref_yaw_deg,-32.820558581345544
1.896450486,1758893481.449450486,/studio/euler_deg.ref_yaw_deg,-32.82021351286579
1.8998347720000002,1758893481.452834772,/studio/euler_deg.ref_yaw_deg,-33.06334026167224
1.900127301,1758893481.453127301,/studio/euler_deg.ref_yaw_deg,-33.06334026167224
1.902750884,1758893481.455750884,/studio/euler_deg.ref_yaw_deg,-33.463308236526444
1.906302334,1758893481.459302334,/studio/euler_deg.ref_yaw_deg,-33.45977758203552
1.90810074,1758893481.461100740,/studio/euler_deg.ref_yaw_deg,-33.45977758203552
1.909377592,1758893481.462377592,/studio/euler_deg.ref_yaw_deg,-33.513539755810044
1.912519974,1758893481.465519974,/studio/euler_deg.ref_yaw_deg,-36.01533455290031
1.916071786,1758893481.469071786,/studio/euler_deg.ref_yaw_deg,-36.04250623607182
1.9200730620000002,1758893481.473073062,/studio/euler_deg.ref_yaw_deg,-36.26076033335022
1.920130973,1758893481.473130973,/studio/euler_deg.ref_yaw_deg,-36.26076033335022
1.923104045,1758893481.476104045,/studio/euler_deg.ref_yaw_deg,-36.772898266008994
1.925888208,1758893481.478888208,/studio/euler_deg.ref_yaw_deg,-36.6829671781584
1.929085213,1758893481.482085213,/studio/euler_deg.ref_yaw_deg,-36.595558841296125
1.930169844,1758893481.483169844,/studio/euler_deg.ref_yaw_deg,-36.595558841296125
1.932774739,1758893481.485774739,/studio/euler_deg.ref_yaw_deg,-36.97960273069979
1.935902483,1758893481.488902483,/studio/euler_deg.ref_yaw_deg,-37.81760502995952
1.938881174,1758893481.491881174,/studio/euler_deg.ref_yaw_deg,-37.60868704794119
1.9401027640000001,1758893481.493102764,/studio/euler_deg.ref_yaw_deg,-37.60868704794119
1.9426363910000002,1758893481.495636391,/studio/euler_deg.ref_yaw_deg,-39.19542525314517
1.946649268,1758893481.499649268,/studio/euler_deg.ref_yaw_deg,-39.01490052288952
1.94894626,1758893481.501946260,/studio/euler_deg.ref_yaw_deg,-38.86919991344349
1.950103553,1758893481.503103553,/studio/euler_deg.ref_yaw_deg,-38.86919991344349
1.952246307,1758893481.505246307,/studio/euler_deg.ref_yaw_deg,-40.68492226942177
1.9555729460000002,1758893481.508572946,/studio/euler_deg.ref_yaw_deg,-40.559177152817384
1.959053664,1758893481.512053664,/studio/euler_deg.ref_yaw_deg,-40.43791041997782
1.960127329,1758893481.513127329,/studio/euler_deg.ref_yaw_deg,-40.43791041997782
1.962300447,1758893481.515300447,/studio/euler_deg.ref_yaw_deg,-42.245731916559315
1.965706535,1758893481.518706535,/studio/euler_deg.ref_yaw_deg,-42.19494263323202
1.9689997090000002,1758893481.521999709,/studio/euler_deg.ref_yaw_deg,-42.182654519227015
1.970112913,1758893481.523112913,/studio/euler_deg.ref_yaw_deg,-42.182654519227015
1.972445869,1758893481.525445869,/studio/euler_deg.ref_yaw_deg,-44.02138571801846
1.975650173,1758893481.528650173,/studio/euler_deg.ref_yaw_deg,-43.99637185585721
1.979010732,1758893481.532010732,/studio/euler_deg.ref_yaw_deg,-43.996120173626224
1.980164189,1758893481.533164189,/studio/euler_deg.ref_yaw_deg,-43.996120173626224
1.9822758870000001,1758893481.535275887,/studio/euler_deg.ref_yaw_deg,-45.639771758243704
1.98554183,1758893481.538541830,/studio/euler_deg.ref_yaw_deg,-45.71715642866553
1.988104641,1758893481.541104641,/studio/euler_deg.ref_yaw_deg,-45.71715642866553
1.98886464,1758893481.541864640,/studio/euler_deg.ref_yaw_deg,-45.796645998436674
1.992363032,1758893481.545363032,/studio/euler_deg.ref_yaw_deg,-48.95268293585606
1.995668592,1758893481.548668592,/studio/euler_deg.ref_yaw_deg,-48.96049422530294
1.9981058200000001,1758893481.551105820,/studio/euler_deg.ref_yaw_deg,-48.96049422530294
1.9989694290000002,1758893481.551969429,/studio/euler_deg.ref_yaw_deg,-49.19917883586371
2.002275679,1758893481.555275679,/studio/euler_deg.ref_yaw_deg,-51.85020160272233
2.005537814,1758893481.558537814,/studio/euler_deg.ref_yaw_deg,-51.7365312504923
2.008970915,1758893481.561970915,/studio/euler_deg.ref_yaw_deg,-51.89504639662466
2.010148887,1758893481.563148887,/studio/euler_deg.ref_yaw_deg,-51.89504639662466
2.012276548,1758893481.565276548,/studio/euler_deg.ref_yaw_deg,-51.67687940656392
2.015563519,1758893481.568563519,/studio/euler_deg.ref_yaw_deg,-51.44140793008918
2.018844693,1758893481.571844693,/studio/euler_deg.ref_yaw_deg,-51.18378969259219
2.020092209,1758893481.573092209,/studio/euler_deg.ref_yaw_deg,-51.18378969259219
2.022442751,1758893481.575442751,/studio/euler_deg.ref_yaw_deg,-51.4687579245096
2.025591716,1758893481.578591716,/studio/euler_deg.ref_yaw_deg,-51.26515321970554
2.030196301,1758893481.583196301,/studio/euler_deg.ref_yaw_deg,-51.26515321970554
2.040127987,1758893481.593127987,/studio/euler_deg.ref_yaw_deg,-51.26515321970554
2.0441263,1758893481.597126300,/studio/euler_deg.ref_yaw_deg,-51.07892401184282
2.044128585,1758893481.597128585,/studio/euler_deg.ref_yaw_deg,-51.49469451925755
2.044130871,1758893481.597130871,/studio/euler_deg.ref_yaw_deg,-52.10747987075545
2.044133245,1758893481.597133245,/studio/euler_deg.ref_yaw_deg,-52.75308995808893
2.046382177,1758893481.599382177,/studio/euler_deg.ref_yaw_deg,-53.425122844140816
2.046385409,1758893481.599385409,/studio/euler_deg.ref_yaw_deg,-54.138802771609136
2.048943352,1758893481.601943352,/studio/euler_deg.ref_yaw_deg,-54.10851132405071
2.050116383,1758893481.603116383,/studio/euler_deg.ref_yaw_deg,-54.10851132405071
2.052246681,1758893481.605246681,/studio/euler_deg.ref_yaw_deg,-56.227513844594014
2.055565373,1758893481.608565373,/studio/euler_deg.ref_yaw_deg,-56.34540793645317
2.058837177,1758893481.611837177,/studio/euler_deg.ref_yaw_deg,-56.42288946107649
2.060160801,1758893481.613160801,/studio/euler_deg.ref_yaw_deg,-56.42288946107649
2.062236036,1758893481.615236036,/studio/euler_deg.ref_yaw_deg,-58.42125094076655
2.065544296,1758893481.618544296,/studio/euler_deg.ref_yaw_deg,-58.35082296109106
2.068864552,1758893481.621864552,/studio/euler_deg.ref_yaw_deg,-58.23302741511864
2.070156909,1758893481.623156909,/studio/euler_deg.ref_yaw_deg,-58.23302741511864
2.072174039,1758893481.625174039,/studio/euler_deg.ref_yaw_deg,-59.67347731272015
2.075550035,1758893481.628550035,/studio/euler_deg.ref_yaw_deg,-59.53560670064885
2.078869386,1758893481.631869386,/studio/euler_deg.ref_yaw_deg,-59.362614666776395
2.080152284,1758893481.633152284,/studio/euler_deg.ref_yaw_deg,-59.362614666776395
2.082182654,1758893481.635182654,/studio/euler_deg.ref_yaw_deg,-60.96159579245438
2.085590288,1758893481.638590288,/studio/euler_deg.ref_yaw_deg,-60.69789995679165
2.088108023,1758893481.641108023,/studio/euler_deg.ref_yaw_deg,-60.69789995679165
2.088802334,1758893481.641802334,/studio/euler_deg.ref_yaw_deg,-60.41124727580263
2.092155967,1758893481.645155967,/studio/euler_deg.ref_yaw_deg,-63.64917402492687
2.095613953,1758893481.648613953,/studio/euler_deg.ref_yaw_deg,-63.44163732909606
2.098892325,1758893481.651892325,/studio/euler_deg.ref_yaw_deg,-63.6143384310241
2.100104112,1758893481.653104112,/studio/euler_deg.ref_yaw_deg,-63.6143384310241
2.102232855,1758893481.655232855,/studio/euler_deg.ref_yaw_deg,-64.18107277957515
2.105820181,1758893481.658820181,/studio/euler_deg.ref_yaw_deg,-64.12832229018271
2.108109394,1758893481.661109394,/studio/euler_deg.ref_yaw_deg,-64.12832229018271
2.108783943,1758893481.661783943,/studio/euler_deg.ref_yaw_deg,-64.08436390569588
2.1122534,1758893481.665253400,/studio/euler_deg.ref_yaw_deg,-66.66623037292625
2.115679203,1758893481.668679203,/studio/euler_deg.ref_yaw_deg,-66.66215011033482
2.118811133,1758893481.671811133,/studio/euler_deg.ref_yaw_deg,-66.98174634375563
2.120153193,1758893481.673153193,/studio/euler_deg.ref_yaw_deg,-66.98174634375563
2.122155314,1758893481.675155314,/studio/euler_deg.ref_yaw_deg,-67.27735865147255
2.125442608,1758893481.678442608,/studio/euler_deg.ref_yaw_deg,-67.3839500789521
2.129044658,1758893481.682044658,/studio/euler_deg.ref_yaw_deg,-67.47173062964482
2.130151195,1758893481.683151195,/studio/euler_deg.ref_yaw_deg,-67.47173062964482
2.132238993,1758893481.685238993,/studio/euler_deg.ref_yaw_deg,-68.05844967597804
2.135497628,1758893481.688497628,/studio/euler_deg.ref_yaw_deg,-68.66034975680503
2.138767877,1758893481.691767877,/studio/euler_deg.ref_yaw_deg,-68.69333503889462
2.140140946,1758893481.693140946,/studio/euler_deg.ref_yaw_deg,-68.69333503889462
2.14224697,1758893481.695246970,/studio/euler_deg.ref_yaw_deg,-70.38373364724005
2.145559129,1758893481.698559129,/studio/euler_deg.ref_yaw_deg,-70.39430830053938
2.148711434,1758893481.701711434,/studio/euler_deg.ref_yaw_deg,-70.39966800348986
2.150135421,1758893481.703135421,/studio/euler_deg.ref_yaw_deg,-70.39966800348986
2.152251406,1758893481.705251406,/studio/euler_deg.ref_yaw_deg,-70.88212471945641
2.155551497,1758893481.708551497,/studio/euler_deg.ref_yaw_deg,-72.23302433609642
2.158855775,1758893481.711855775,/studio/euler_deg.ref_yaw_deg,-72.10991739766074
2.160134726,1758893481.713134726,/studio/euler_deg.ref_yaw_deg,-72.10991739766074
2.162180046,1758893481.715180046,/studio/euler_deg.ref_yaw_deg,-73.81879273108814
2.165432283,1758893481.718432283,/studio/euler_deg.ref_yaw_deg,-73.65388915884053
2.168925406,1758893481.721925406,/studio/euler_deg.ref_yaw_deg,-73.51829334004813
2.170122591,1758893481.723122591,/studio/euler_deg.ref_yaw_deg,-73.51829334004813
2.17212272,1758893481.725122720,/studio/euler_deg.ref_yaw_deg,-75.38254538568377
2.175561424,1758893481.728561424,/studio/euler_deg.ref_yaw_deg,-75.29721156464781
2.178118809,1758893481.731118809,/studio/euler_deg.ref_yaw_deg,-75.29721156464781
2.178837938,1758893481.731837938,/studio/euler_deg.ref_yaw_deg,-75.19354998334869
2.182071189,1758893481.735071189,/studio/euler_deg.ref_yaw_deg,-78.3029222150856
2.185397618,1758893481.738397618,/studio/euler_deg.ref_yaw_deg,-78.16617257254919
2.188776578,1758893481.741776578,/studio/euler_deg.ref_yaw_deg,-78.30402347103687
2.190119652,1758893481.743119652,/studio/euler_deg.ref_yaw_deg,-78.30402347103687
2.192120419,1758893481.745120419,/studio/euler_deg.ref_yaw_deg,-78.95761147700671
2.195652845,1758893481.748652845,/studio/euler_deg.ref_yaw_deg,-78.67572682402323
2.198915328,1758893481.751915328,/studio/euler_deg.ref_yaw_deg,-78.72350940214403
2.200123991,1758893481.753123991,/studio/euler_deg.ref_yaw_deg,-78.72350940214403
2.202010751,1758893481.755010751,/studio/euler_deg.ref_yaw_deg,-79.30365785598885
2.206495188,1758893481.759495188,/studio/euler_deg.ref_yaw_deg,-79.94877161530422
2.208828179,1758893481.761828179,/studio/euler_deg.ref_yaw_deg,-80.00313523923937
2.210121358,1758893481.763121358,/studio/euler_deg.ref_yaw_deg,-80.00313523923937
2.212077473,1758893481.765077473,/studio/euler_deg.ref_yaw_deg,-80.5268769251826
2.216636368,1758893481.769636368,/studio/euler_deg.ref_yaw_deg,-81.58640983666501
2.219374707,1758893481.772374707,/studio/euler_deg.ref_yaw_deg,-81.61551444610183
2.220108209,1758893481.773108209,/studio/euler_deg.ref_yaw_deg,-81.61551444610183
2.221987154,1758893481.774987154,/studio/euler_deg.ref_yaw_deg,-83.40880231980228
2.22533379,1758893481.778333790,/studio/euler_deg.ref_yaw_deg,-83.47787282683292
2.229737061,1758893481.782737061,/studio/euler_deg.ref_yaw_deg,-83.51265316103424
2.230119668,1758893481.783119668,/studio/euler_deg.ref_yaw_deg,-83.51265316103424
2.23814528,1758893481.791145280,/studio/euler_deg.ref_yaw_deg,-83.51265316103424
2.248172668,1758893481.801172668,/studio/euler_deg.ref_yaw_deg,-83.51265316103424
2.251816266,1758893481.804816266,/studio/euler_deg.ref_yaw_deg,-83.98036545068753
2.2518248290000002,1758893481.804824829,/studio/euler_deg.ref_yaw_deg,-84.54796822024832
2.251828891,1758893481.804828891,/studio/euler_deg.ref_yaw_deg,-85.05807159284241
2.25183561,1758893481.804835610,/studio/euler_deg.ref_yaw_deg,-85.54872320149254
2.254913638,1758893481.807913638,/studio/euler_deg.ref_yaw_deg,-86.06087877180296
2.254916654,1758893481.807916654,/studio/euler_deg.ref_yaw_deg,-86.59449943987966
2.25491907,1758893481.807919070,/studio/euler_deg.ref_yaw_deg,-87.13898846203885
2.256228118,1758893481.809228118,/studio/euler_deg.ref_yaw_deg,-89.76900459951428
2.258132528,1758893481.811132528,/studio/euler_deg.ref_yaw_deg,-89.76900459951428
2.258946044,1758893481.811946044,/studio/euler_deg.ref_yaw_deg,-89.88369531871959
2.2619399749999998,1758893481.814939975,/studio/euler_deg.ref_yaw_deg,-91.32957169683641
2.265259622,1758893481.818259622,/studio/euler_deg.ref_yaw_deg,-91.21845526888569
2.268828983,1758893481.821828983,/studio/euler_deg.ref_yaw_deg,-91.39790331535531
2.270112669,1758893481.823112669,/studio/euler_deg.ref_yaw_deg,-91.39790331535531
2.272095554,1758893481.825095554,/studio/euler_deg.ref_yaw_deg,-92.13491101171759
2.275552297,1758893481.828552297,/studio/euler_deg.ref_yaw_deg,-90.85347089802643
2.278576866,1758893481.831576866,/studio/euler_deg.ref_yaw_deg,-91.00606409757536
2.280185212,1758893481.833185212,/studio/euler_deg.ref_yaw_deg,-91.00606409757536
2.282026853,1758893481.835026853,/studio/euler_deg.ref_yaw_deg,-91.62648059464799
2.2853988530000002,1758893481.838398853,/studio/euler_deg.ref_yaw_deg,-92.03862007124481
2.288124849,1758893481.841124849,/studio/euler_deg.ref_yaw_deg,-92.03862007124481
2.288685429,1758893481.841685429,/studio/euler_deg.ref_yaw_deg,-92.13277918436127
2.292044301,1758893481.845044301,/studio/euler_deg.ref_yaw_deg,-95.09190419809238
2.295481668,1758893481.848481668,/studio/euler_deg.ref_yaw_deg,-95.1732771592672
2.298670336,1758893481.851670336,/studio/euler_deg.ref_yaw_deg,-95.48190713008653
2.300161017,1758893481.853161017,/studio/euler_deg.ref_yaw_deg,-95.48190713008653
2.302015345,1758893481.855015345,/studio/euler_deg.ref_yaw_deg,-95.96501312497061
2.3053620820000003,1758893481.858362082,/studio/euler_deg.ref_yaw_deg,-95.98524217045475
2.308600026,1758893481.861600026,/studio/euler_deg.ref_yaw_deg,-95.92782571564084
2.310173561,1758893481.863173561,/studio/euler_deg.ref_yaw_deg,-95.92782571564084
2.311950153,1758893481.864950153,/studio/euler_deg.ref_yaw_deg,-97.58073560301928
2.315499302,1758893481.868499302,/studio/euler_deg.ref_yaw_deg,-97.40146542318276
2.31816341,1758893481.871163410,/studio/euler_deg.ref_yaw_deg,-97.40146542318276
2.318621743,1758893481.871621743,/studio/euler_deg.ref_yaw_deg,-97.20553368145244
2.322108082,1758893481.875108082,/studio/euler_deg.ref_yaw_deg,-100.10653289111754
2.325472038,1758893481.878472038,/studio/euler_deg.ref_yaw_deg,-99.95774034435046
2.328583593,1758893481.881583593,/studio/euler_deg.ref_yaw_deg,-100.04674648754066
2.330168244,1758893481.883168244,/studio/euler_deg.ref_yaw_deg,-100.04674648754066
2.33198111,1758893481.884981110,/studio/euler_deg.ref_yaw_deg,-100.35402241377474
2.335456082,1758893481.888456082,/studio/euler_deg.ref_yaw_deg,-100.27899699751521
2.338113017,1758893481.891113017,/studio/euler_deg.ref_yaw_deg,-100.27899699751521
2.3385676760000003,1758893481.891567676,/studio/euler_deg.ref_yaw_deg,-100.23502561188477
2.34196738,1758893481.894967380,/studio/euler_deg.ref_yaw_deg,-102.78445446595858
2.345258004,1758893481.898258004,/studio/euler_deg.ref_yaw_deg,-102.83105360177741
2.348110156,1758893481.901110156,/studio/euler_deg.ref_yaw_deg,-102.83105360177741
2.348559071,1758893481.901559071,/studio/euler_deg.ref_yaw_deg,-103.15976749294585
2.3520058390000003,1758893481.905005839,/studio/euler_deg.ref_yaw_deg,-105.15447313724131
2.355867071,1758893481.908867071,/studio/euler_deg.ref_yaw_deg,-105.402257443931
2.358646686,1758893481.911646686,/studio/euler_deg.ref_yaw_deg,-105.85420236422372
2.360178019,1758893481.913178019,/studio/euler_deg.ref_yaw_deg,-105.85420236422372
2.361960136,1758893481.914960136,/studio/euler_deg.ref_yaw_deg,-106.74254367989181
2.365351339,1758893481.918351339,/studio/euler_deg.ref_yaw_deg,-105.74426783108896
2.36812304,1758893481.921123040,/studio/euler_deg.ref_yaw_deg,-105.74426783108896
2.368728981,1758893481.921728981,/studio/euler_deg.ref_yaw_deg,-105.98353224607914
2.372002556,1758893481.925002556,/studio/euler_deg.ref_yaw_deg,-108.581333341367
2.376712869,1758893481.929712869,/studio/euler_deg.ref_yaw_deg,-108.73821480939479
2.380140846,1758893481.933140846,/studio/euler_deg.ref_yaw_deg,-108.73821480939479
2.381177005,1758893481.934177005,/studio/euler_deg.ref_yaw_deg,-109.03222430838386
2.382601789,1758893481.935601789,/studio/euler_deg.ref_yaw_deg,-109.70202568543836
2.385380499,1758893481.938380499,/studio/euler_deg.ref_yaw_deg,-109.30683836116533
2.388153042,1758893481.941153042,/studio/euler_deg.ref_yaw_deg,-109.30683836116533
2.388773683,1758893481.941773683,/studio/euler_deg.ref_yaw_deg,-109.20853605404595
2.392933436,1758893481.945933436,/studio/euler_deg.ref_yaw_deg,-111.63311986624649
2.395341203,1758893481.948341203,/studio/euler_deg.ref_yaw_deg,-111.36372948053562
2.398142079,1758893481.951142079,/studio/euler_deg.ref_yaw_deg,-111.36372948053562
2.398446307,1758893481.951446307,/studio/euler_deg.ref_yaw_deg,-111.25996239759222
2.402007246,1758893481.955007246,/studio/euler_deg.ref_yaw_deg,-112.93515023021318
2.4051680920000003,1758893481.958168092,/studio/euler_deg.ref_yaw_deg,-112.7030955554293
2.408587439,1758893481.961587439,/studio/euler_deg.ref_yaw_deg,-112.69897062529162
2.410156125,1758893481.963156125,/studio/euler_deg.ref_yaw_deg,-112.69897062529162
2.412009177,1758893481.965009177,/studio/euler_deg.ref_yaw_deg,-113.17987106075644
2.415795185,1758893481.968795185,/studio/euler_deg.ref_yaw_deg,-112.13877887787824
2.4185283,1758893481.971528300,/studio/euler_deg.ref_yaw_deg,-112.08706305346105
2.420140475,1758893481.973140475,/studio/euler_deg.ref_yaw_deg,-112.08706305346105
2.421976259,1758893481.974976259,/studio/euler_deg.ref_yaw_deg,-112.49929747377102
2.425188799,1758893481.978188799,/studio/euler_deg.ref_yaw_deg,-113.16509147806202
2.428440984,1758893481.981440984,/studio/euler_deg.ref_yaw_deg,-113.32493418004901
2.430150331,1758893481.983150331,/studio/euler_deg.ref_yaw_deg,-113.32493418004901
2.431860119,1758893481.984860119,/studio/euler_deg.ref_yaw_deg,-113.90764802048864
2.438162064,1758893481.991162064,/studio/euler_deg.ref_yaw_deg,-113.90764802048864
2.444296629,1758893481.997296629,/studio/euler_deg.ref_yaw_deg,-115.32800220307281
2.450195397,1758893482.003195397,/studio/euler_deg.ref_yaw_deg,-115.32800220307281
2.454713797,1758893482.007713797,/studio/euler_deg.ref_yaw_deg,-115.5278003207689
2.454717103,1758893482.007717103,/studio/euler_deg.ref_yaw_deg,-116.11166804726206
2.454720071,1758893482.007720071,/studio/euler_deg.ref_yaw_deg,-116.86603922152761
2.454722812,1758893482.007722812,/studio/euler_deg.ref_yaw_deg,-117.61810565286342
2.457125069,1758893482.010125069,/studio/euler_deg.ref_yaw_deg,-118.36896061593849
2.457127133,1758893482.010127133,/studio/euler_deg.ref_yaw_deg,-119.09185216794755
2.458793847,1758893482.011793847,/studio/euler_deg.ref_yaw_deg,-120.64567212226858
2.460128529,1758893482.013128529,/studio/euler_deg.ref_yaw_deg,-120.64567212226858
2.461980254,1758893482.014980254,/studio/euler_deg.ref_yaw_deg,-121.04429019015393
2.465137567,1758893482.018137567,/studio/euler_deg.ref_yaw_deg,-121.77096904368597
2.468727469,1758893482.021727469,/studio/euler_deg.ref_yaw_deg,-121.64984506884515
2.470103495,1758893482.023103495,/studio/euler_deg.ref_yaw_deg,-121.64984506884515
2.471912796,1758893482.024912796,/studio/euler_deg.ref_yaw_deg,-121.892276359832
2.475106214,1758893482.028106214,/studio/euler_deg.ref_yaw_deg,-122.87486951189157
2.478659486,1758893482.031659486,/studio/euler_deg.ref_yaw_deg,-122.70429929525703
2.480191794,1758893482.033191794,/studio/euler_deg.ref_yaw_deg,-122.70429929525703
2.48183185,1758893482.034831850,/studio/euler_deg.ref_yaw_deg,-124.18531056364321
2.485195416,1758893482.038195416,/studio/euler_deg.ref_yaw_deg,-123.97744235186379
2.488492945,1758893482.041492945,/studio/euler_deg.ref_yaw_deg,-123.75253578653495
2.490149116,1758893482.043149116,/studio/euler_deg.ref_yaw_deg,-123.75253578653495
2.491900241,1758893482.044900241,/studio/euler_deg.ref_yaw_deg,-125.23902847961678
2.495213745,1758893482.048213745,/studio/euler_deg.ref_yaw_deg,-125.10491487892753
2.498497184,1758893482.051497184,/studio/euler_deg.ref_yaw_deg,-125.04962153886959
2.500105176,1758893482.053105176,/studio/euler_deg.ref_yaw_deg,-125.04962153886959
2.501801066,1758893482.054801066,/studio/euler_deg.ref_yaw_deg,-125.4518070873288
2.505370208,1758893482.058370208,/studio/euler_deg.ref_yaw_deg,-126.77975009188208
2.508155583,1758893482.061155583,/studio/euler_deg.ref_yaw_deg,-126.77975009188208
2.50864097,1758893482.061640970,/studio/euler_deg.ref_yaw_deg,-126.85146062066732
2.511885185,1758893482.064885185,/studio/euler_deg.ref_yaw_deg,-129.9764793246288
2.515412928,1758893482.068412928,/studio/euler_deg.ref_yaw_deg,-130.08147522330208
2.518492464,1758893482.071492464,/studio/euler_deg.ref_yaw_deg,-130.39785558447238
2.520158585,1758893482.073158585,/studio/euler_deg.ref_yaw_deg,-130.39785558447238
2.521818081,1758893482.074818081,/studio/euler_deg.ref_yaw_deg,-131.23454734401508
2.525167566,1758893482.078167566,/studio/euler_deg.ref_yaw_deg,-130.93379584799064
2.528148174,1758893482.081148174,/studio/euler_deg.ref_yaw_deg,-130.93379584799064
2.528524945,1758893482.081524945,/studio/euler_deg.ref_yaw_deg,-131.12988016028743
2.5319486060000003,1758893482.084948606,/studio/euler_deg.ref_yaw_deg,-133.68420272370437
2.535211426,1758893482.088211426,/studio/euler_deg.ref_yaw_deg,-133.77045853588655
2.538134589,1758893482.091134589,/studio/euler_deg.ref_yaw_deg,-133.77045853588655
2.538596299,1758893482.091596299,/studio/euler_deg.ref_yaw_deg,-133.95742217425652
2.541844619,1758893482.094844619,/studio/euler_deg.ref_yaw_deg,-135.51867839052193
2.545151375,1758893482.098151375,/studio/euler_deg.ref_yaw_deg,-135.45785823347418
2.548488889,1758893482.101488889,/studio/euler_deg.ref_yaw_deg,-135.5765555639835
2.550234431,1758893482.103234431,/studio/euler_deg.ref_yaw_deg,-135.5765555639835
2.551777389,1758893482.104777389,/studio/euler_deg.ref_yaw_deg,-136.1849282844292
2.5551900080000003,1758893482.108190008,/studio/euler_deg.ref_yaw_deg,-134.6742473873568
2.558422134,1758893482.111422134,/studio/euler_deg.ref_yaw_deg,-134.56948687492422
2.560156984,1758893482.113156984,/studio/euler_deg.ref_yaw_deg,-134.56948687492422
2.561745784,1758893482.114745784,/studio/euler_deg.ref_yaw_deg,-134.79495105894958
2.565094176,1758893482.118094176,/studio/euler_deg.ref_yaw_deg,-134.9849198371041
2.56830266,1758893482.121302660,/studio/euler_deg.ref_yaw_deg,-134.86827713710557
2.570147297,1758893482.123147297,/studio/euler_deg.ref_yaw_deg,-134.86827713710557
2.571856324,1758893482.124856324,/studio/euler_deg.ref_yaw_deg,-135.1480597518897
2.575108954,1758893482.128108954,/studio/euler_deg.ref_yaw_deg,-136.21897752692155
2.578218468,1758893482.131218468,/studio/euler_deg.ref_yaw_deg,-136.21897752692155
2.578506621,1758893482.131506621,/studio/euler_deg.ref_yaw_deg,-136.235954052134
2.581754011,1758893482.134754011,/studio/euler_deg.ref_yaw_deg,-139.4396152906501
2.584998607,1758893482.137998607,/studio/euler_deg.ref_yaw_deg,-139.4940844723005
2.588505703,1758893482.141505703,/studio/euler_deg.ref_yaw_deg,-139.71016179370613
2.590148237,1758893482.143148237,/studio/euler_deg.ref_yaw_deg,-139.71016179370613
2.591802656,1758893482.144802656,/studio/euler_deg.ref_yaw_deg,-140.3909411039417
2.595004581,1758893482.148004581,/studio/euler_deg.ref_yaw_deg,-140.53274761545194
2.598303916,1758893482.151303916,/studio/euler_deg.ref_yaw_deg,-140.68746514714016
2.600099719,1758893482.153099719,/studio/euler_deg.ref_yaw_deg,-140.68746514714016
2.601632053,1758893482.154632053,/studio/euler_deg.ref_yaw_deg,-141.20286441425506
2.605046422,1758893482.158046422,/studio/euler_deg.ref_yaw_deg,-142.07936410340525
2.6084738190000003,1758893482.161473819,/studio/euler_deg.ref_yaw_deg,-142.19107457334223
2.6101219760000003,1758893482.163121976,/studio/euler_deg.ref_yaw_deg,-142.19107457334223
2.611824866,1758893482.164824866,/studio/euler_deg.ref_yaw_deg,-143.7915060322229
2.61514834,1758893482.168148340,/studio/euler_deg.ref_yaw_deg,-143.85841618032939
2.6182855160000003,1758893482.171285516,/studio/euler_deg.ref_yaw_deg,-143.9398065712929
2.620146437,1758893482.173146437,/studio/euler_deg.ref_yaw_deg,-143.9398065712929
2.621801097,1758893482.174801097,/studio/euler_deg.ref_yaw_deg,-144.39384557739376
2.624993597,1758893482.177993597,/studio/euler_deg.ref_yaw_deg,-145.7932576322257
2.628420296,1758893482.181420296,/studio/euler_deg.ref_yaw_deg,-145.85912730433856
2.630100701,1758893482.183100701,/studio/euler_deg.ref_yaw_deg,-145.85912730433856
2.631608113,1758893482.184608113,/studio/euler_deg.ref_yaw_deg,-146.24446023874447
2.6348594050000003,1758893482.187859405,/studio/euler_deg.ref_yaw_deg,-147.58336749422384
2.638090199,1758893482.191090199,/studio/euler_deg.ref_yaw_deg,-147.58336749422384
2.638306,1758893482.191306000,/studio/euler_deg.ref_yaw_deg,-147.50820020629283
2.641870057,1758893482.194870057,/studio/euler_deg.ref_yaw_deg,-150.51176909993248
2.650205223,1758893482.203205223,/studio/euler_deg.ref_yaw_deg,-150.51176909993248
2.658986188,1758893482.211986188,/studio/euler_deg.ref_yaw_deg,-150.38861976439256
2.658988969,1758893482.211988969,/studio/euler_deg.ref_yaw_deg,-150.42776247545925
2.658992385,1758893482.211992385,/studio/euler_deg.ref_yaw_deg,-150.98597977498756
2.658995526,1758893482.211995526,/studio/euler_deg.ref_yaw_deg,-151.56323473722193
2.660131767,1758893482.213131767,/studio/euler_deg.ref_yaw_deg,-151.56323473722193
2.662092427,1758893482.215092427,/studio/euler_deg.ref_yaw_deg,-152.14093023963548
2.6620966360000002,1758893482.215096636,/studio/euler_deg.ref_yaw_deg,-152.70906425890954
2.664956168,1758893482.217956168,/studio/euler_deg.ref_yaw_deg,-151.07642436399368
2.668361685,1758893482.221361685,/studio/euler_deg.ref_yaw_deg,-150.99198533960876
2.6701573720000003,1758893482.223157372,/studio/euler_deg.ref_yaw_deg,-150.99198533960876
2.671815153,1758893482.224815153,/studio/euler_deg.ref_yaw_deg,-151.27971708588703
2.6748670910000003,1758893482.227867091,/studio/euler_deg.ref_yaw_deg,-152.1888607597218
2.678457844,1758893482.231457844,/studio/euler_deg.ref_yaw_deg,-152.21792536675582
2.680151815,1758893482.233151815,/studio/euler_deg.ref_yaw_deg,-152.21792536675582
2.682043075,1758893482.235043075,/studio/euler_deg.ref_yaw_deg,-153.73938995165594
2.684993568,1758893482.237993568,/studio/euler_deg.ref_yaw_deg,-153.79449154105828
2.688260586,1758893482.241260586,/studio/euler_deg.ref_yaw_deg,-153.8256638806332
2.690102467,1758893482.243102467,/studio/euler_deg.ref_yaw_deg,-153.8256638806332
2.691690563,1758893482.244690563,/studio/euler_deg.ref_yaw_deg,-154.18180207733332
2.694999653,1758893482.247999653,/studio/euler_deg.ref_yaw_deg,-155.39119395651718
2.698220803,1758893482.251220803,/studio/euler_deg.ref_yaw_deg,-155.40729037451786
2.700110591,1758893482.253110591,/studio/euler_deg.ref_yaw_deg,-155.40729037451786
2.701584856,1758893482.254584856,/studio/euler_deg.ref_yaw_deg,-155.78011988336638
2.70494585,1758893482.257945850,/studio/euler_deg.ref_yaw_deg,-157.07973174838642
2.7081421,1758893482.261142100,/studio/euler_deg.ref_yaw_deg,-157.07973174838642
2.708217727,1758893482.261217727,/studio/euler_deg.ref_yaw_deg,-157.0926636598351
2.7116177,1758893482.264617700,/studio/euler_deg.ref_yaw_deg,-160.14627542237454
2.715054929,1758893482.268054929,/studio/euler_deg.ref_yaw_deg,-160.10950619301798
2.718163819,1758893482.271163819,/studio/euler_deg.ref_yaw_deg,-160.10950619301798
2.718208939,1758893482.271208939,/studio/euler_deg.ref_yaw_deg,-160.19093519997088
2.72161925,1758893482.274619250,/studio/euler_deg.ref_yaw_deg,-161.9368978082269
2.724839492,1758893482.277839492,/studio/euler_deg.ref_yaw_deg,-161.9307952001598
2.7282698080000003,1758893482.281269808,/studio/euler_deg.ref_yaw_deg,-162.08662066524212
2.730151972,1758893482.283151972,/studio/euler_deg.ref_yaw_deg,-162.08662066524212
2.731561192,1758893482.284561192,/studio/euler_deg.ref_yaw_deg,-162.7782626598939
2.734878564,1758893482.287878564,/studio/euler_deg.ref_yaw_deg,-161.38204578236918
2.738185545,1758893482.291185545,/studio/euler_deg.ref_yaw_deg,-161.42374276088077
2.740165426,1758893482.293165426,/studio/euler_deg.ref_yaw_deg,-161.42374276088077
2.741518867,1758893482.294518867,/studio/euler_deg.ref_yaw_deg,-161.7939015827641
2.744995624,1758893482.297995624,/studio/euler_deg.ref_yaw_deg,-162.08339214103142
2.748242881,1758893482.301242881,/studio/euler_deg.ref_yaw_deg,-162.16008466600113
2.750127478,1758893482.303127478,/studio/euler_deg.ref_yaw_deg,-162.16008466600113
2.751610624,1758893482.304610624,/studio/euler_deg.ref_yaw_deg,-162.583706625385
2.7548887029999998,1758893482.307888703,/studio/euler_deg.ref_yaw_deg,-163.65909825085114
2.7581756840000002,1758893482.311175684,/studio/euler_deg.ref_yaw_deg,-163.74399900942348
2.7601397480000003,1758893482.313139748,/studio/euler_deg.ref_yaw_deg,-163.74399900942348
2.761645328,1758893482.314645328,/studio/euler_deg.ref_yaw_deg,-164.08577043852384
2.765654204,1758893482.318654204,/studio/euler_deg.ref_yaw_deg,-165.30122854140166
2.768461913,1758893482.321461913,/studio/euler_deg.ref_yaw_deg,-165.21594760304797
2.770128875,1758893482.323128875,/studio/euler_deg.ref_yaw_deg,-165.21594760304797
2.7714850230000003,1758893482.324485023,/studio/euler_deg.ref_yaw_deg,-165.43207627055162
2.77485079,1758893482.327850790,/studio/euler_deg.ref_yaw_deg,-166.7347229213066
2.778282903,1758893482.331282903,/studio/euler_deg.ref_yaw_deg,-166.62948664765383
2.780118958,1758893482.333118958,/studio/euler_deg.ref_yaw_deg,-166.62948664765383
2.781767672,1758893482.334767672,/studio/euler_deg.ref_yaw_deg,-166.83506937715458
2.7852858410000003,1758893482.338285841,/studio/euler_deg.ref_yaw_deg,-168.07571026150262
2.78864278,1758893482.341642780,/studio/euler_deg.ref_yaw_deg,-167.9672450596909
2.790093878,1758893482.343093878,/studio/euler_deg.ref_yaw_deg,-167.9672450596909
2.791745445,1758893482.344745445,/studio/euler_deg.ref_yaw_deg,-168.2161283879922
2.795030486,1758893482.348030486,/studio/euler_deg.ref_yaw_deg,-169.45923796963876
2.79829399,1758893482.351293990,/studio/euler_deg.ref_yaw_deg,-169.45337392787073
2.800081136,1758893482.353081136,/studio/euler_deg.ref_yaw_deg,-169.45337392787073
2.801572619,1758893482.354572619,/studio/euler_deg.ref_yaw_deg,-169.8175248791007
2.804727719,1758893482.357727719,/studio/euler_deg.ref_yaw_deg,-171.05734342812843
2.808113468,1758893482.361113468,/studio/euler_deg.ref_yaw_deg,-171.10636282823032
2.810130041,1758893482.363130041,/studio/euler_deg.ref_yaw_deg,-171.10636282823032
2.811525149,1758893482.364525149,/studio/euler_deg.ref_yaw_deg,-171.46843077489632
2.814771018,1758893482.367771018,/studio/euler_deg.ref_yaw_deg,-172.66398238257048
2.818123957,1758893482.371123957,/studio/euler_deg.ref_yaw_deg,-172.71949058097866
2.820133818,1758893482.373133818,/studio/euler_deg.ref_yaw_deg,-172.71949058097866
2.821419036,1758893482.374419036,/studio/euler_deg.ref_yaw_deg,-173.14087620148837
2.824782935,1758893482.377782935,/studio/euler_deg.ref_yaw_deg,-174.35720477078314
2.828388147,1758893482.381388147,/studio/euler_deg.ref_yaw_deg,-174.44834690399094
2.830127004,1758893482.383127004,/studio/euler_deg.ref_yaw_deg,-174.44834690399094
2.831598013,1758893482.384598013,/studio/euler_deg.ref_yaw_deg,-174.83630123415946
2.83482032,1758893482.387820320,/studio/euler_deg.ref_yaw_deg,-175.98178205838832
2.838092291,1758893482.391092291,/studio/euler_deg.ref_yaw_deg,-175.96209982286598
2.840081119,1758893482.393081119,/studio/euler_deg.ref_yaw_deg,-175.96209982286598
2.841558312,1758893482.394558312,/studio/euler_deg.ref_yaw_deg,-177.31186387334085
2.844968469,1758893482.397968469,/studio/euler_deg.ref_yaw_deg,-177.2596134379959
2.8501207490000002,1758893482.403120749,/studio/euler_deg.ref_yaw_deg,-177.2596134379959
2.860222425,1758893482.413222425,/studio/euler_deg.ref_yaw_deg,-177.2596134379959
2.862835067,1758893482.415835067,/studio/euler_deg.ref_yaw_deg,-177.2273212737339
2.862837539,1758893482.415837539,/studio/euler_deg.ref_yaw_deg,-177.53171319175578
2.862839476,1758893482.415839476,/studio/euler_deg.ref_yaw_deg,-178.05775098762845
2.862846616,1758893482.415846616,/studio/euler_deg.ref_yaw_deg,-178.56166932414544
2.866127108,1758893482.419127108,/studio/euler_deg.ref_yaw_deg,-179.07098804649956
2.86612887,1758893482.419128870,/studio/euler_deg.ref_yaw_deg,-179.62095247186076
2.868937124,1758893482.421937124,/studio/euler_deg.ref_yaw_deg,-179.8265004409481
2.870113192,1758893482.423113192,/studio/euler_deg.ref_yaw_deg,-179.8265004409481
2.8717278410000002,1758893482.424727841,/studio/euler_deg.ref_yaw_deg,179.79187396267864
2.874804589,1758893482.427804589,/studio/euler_deg.ref_yaw_deg,178.63741192262978
2.877980856,1758893482.430980856,/studio/euler_deg.ref_yaw_deg,178.54056440982427
2.878075787,1758893482.431075787,/studio/euler_deg.ref_yaw_deg,178.54056440982427
2.881449125,1758893482.434449125,/studio/euler_deg.ref_yaw_deg,175.61543658957066
2.8846473450000003,1758893482.437647345,/studio/euler_deg.ref_yaw_deg,175.54530664912997
2.888152579,1758893482.441152579,/studio/euler_deg.ref_yaw_deg,175.40874924790148
2.890085124,1758893482.443085124,/studio/euler_deg.ref_yaw_deg,175.40874924790148
2.891480406,1758893482.444480406,/studio/euler_deg.ref_yaw_deg,174.75880293821572
2.894664384,1758893482.447664384,/studio/euler_deg.ref_yaw_deg,175.16102404603882
2.898039173,1758893482.451039173,/studio/euler_deg.ref_yaw_deg,175.07632431185652
2.900118398,1758893482.453118398,/studio/euler_deg.ref_yaw_deg,175.07632431185652
2.901711825,1758893482.454711825,/studio/euler_deg.ref_yaw_deg,174.23133977823176
2.904909784,1758893482.457909784,/studio/euler_deg.ref_yaw_deg,174.20736833676796
2.908719068,1758893482.461719068,/studio/euler_deg.ref_yaw_deg,174.24540436696296
2.910116184,1758893482.463116184,/studio/euler_deg.ref_yaw_deg,174.24540436696296
2.9114600260000003,1758893482.464460026,/studio/euler_deg.ref_yaw_deg,174.01849344872434
2.914736765,1758893482.467736765,/studio/euler_deg.ref_yaw_deg,173.2168960811676
2.9179824720000003,1758893482.470982472,/studio/euler_deg.ref_yaw_deg,173.31944083385724
2.920111773,1758893482.473111773,/studio/euler_deg.ref_yaw_deg,173.31944083385724
2.921408959,1758893482.474408959,/studio/euler_deg.ref_yaw_deg,173.11164386572986
2.9247770810000002,1758893482.477777081,/studio/euler_deg.ref_yaw_deg,172.02442793026572
2.927960838,1758893482.480960838,/studio/euler_deg.ref_yaw_deg,172.04526509306456
2.928109637,1758893482.481109637,/studio/euler_deg.ref_yaw_deg,172.04526509306456
2.931462024,1758893482.484462024,/studio/euler_deg.ref_yaw_deg,169.0632331512363
2.93477831,1758893482.487778310,/studio/euler_deg.ref_yaw_deg,169.10436107307189
2.938089497,1758893482.491089497,/studio/euler_deg.ref_yaw_deg,169.07291340099965
2.940118786,1758893482.493118786,/studio/euler_deg.ref_yaw_deg,169.07291340099965
2.94153655,1758893482.494536550,/studio/euler_deg.ref_yaw_deg,168.83157050598334
2.944800451,1758893482.497800451,/studio/euler_deg.ref_yaw_deg,168.83679214519918
2.9482869650000003,1758893482.501286965,/studio/euler_deg.ref_yaw_deg,168.79333298306042
2.950144588,1758893482.503144588,/studio/euler_deg.ref_yaw_deg,168.79333298306042
2.951506873,1758893482.504506873,/studio/euler_deg.ref_yaw_deg,168.41973910820073
2.954663586,1758893482.507663586,/studio/euler_deg.ref_yaw_deg,167.80038438337718
2.95797665,1758893482.510976650,/studio/euler_deg.ref_yaw_deg,167.76314442140463
2.960147673,1758893482.513147673,/studio/euler_deg.ref_yaw_deg,167.76314442140463
2.961318786,1758893482.514318786,/studio/euler_deg.ref_yaw_deg,167.45889751868827
2.964724766,1758893482.517724766,/studio/euler_deg.ref_yaw_deg,166.43970664941938
2.968024109,1758893482.521024109,/studio/euler_deg.ref_yaw_deg,166.42945786004844
2.968125354,1758893482.521125354,/studio/euler_deg.ref_yaw_deg,166.42945786004844
2.971545387,1758893482.524545387,/studio/euler_deg.ref_yaw_deg,163.45434832182357
2.974592727,1758893482.527592727,/studio/euler_deg.ref_yaw_deg,163.41393461705627
2.977968894,1758893482.530968894,/studio/euler_deg.ref_yaw_deg,163.29657293696704
2.9780807950000003,1758893482.531080795,/studio/euler_deg.ref_yaw_deg,163.29657293696704
2.981495678,1758893482.534495678,/studio/euler_deg.ref_yaw_deg,161.26831238203064
2.9846638700000003,1758893482.537663870,/studio/euler_deg.ref_yaw_deg,161.2920700007121
2.9880213860000002,1758893482.541021386,/studio/euler_deg.ref_yaw_deg,161.27174867389252
2.9900779,1758893482.543077900,/studio/euler_deg.ref_yaw_deg,161.27174867389252
2.991346128,1758893482.544346128,/studio/euler_deg.ref_yaw_deg,160.72491206975678
2.99459178,1758893482.547591780,/studio/euler_deg.ref_yaw_deg,161.89876986134922
2.9981259920000003,1758893482.551125992,/studio/euler_deg.ref_yaw_deg,161.93348220504564
3.000076266,1758893482.553076266,/studio/euler_deg.ref_yaw_deg,161.93348220504564
3.001269994,1758893482.554269994,/studio/euler_deg.ref_yaw_deg,161.6642415029588
3.00459829,1758893482.557598290,/studio/euler_deg.ref_yaw_deg,161.30531046595277
3.007900173,1758893482.560900173,/studio/euler_deg.ref_yaw_deg,161.31849501235416
3.010092754,1758893482.563092754,/studio/euler_deg.ref_yaw_deg,161.31849501235416
3.0113915,1758893482.564391500,/studio/euler_deg.ref_yaw_deg,161.04719387751155
3.014645301,1758893482.567645301,/studio/euler_deg.ref_yaw_deg,159.98378650928476
3.018031093,1758893482.571031093,/studio/euler_deg.ref_yaw_deg,159.90480317481095
3.02007808,1758893482.573078080,/studio/euler_deg.ref_yaw_deg,159.90480317481095
3.021196174,1758893482.574196174,/studio/euler_deg.ref_yaw_deg,159.50696879126693
3.024820033,1758893482.577820033,/studio/euler_deg.ref_yaw_deg,158.10604270079378
3.027923899,1758893482.580923899,/studio/euler_deg.ref_yaw_deg,157.98220371047339
3.030072709,1758893482.583072709,/studio/euler_deg.ref_yaw_deg,157.98220371047339
3.031420847,1758893482.584420847,/studio/euler_deg.ref_yaw_deg,157.60490276736215
3.03461273,1758893482.587612730,/studio/euler_deg.ref_yaw_deg,156.16150343381642
3.037983043,1758893482.590983043,/studio/euler_deg.ref_yaw_deg,156.06487492394425
3.038066429,1758893482.591066429,/studio/euler_deg.ref_yaw_deg,156.06487492394425
3.041336211,1758893482.594336211,/studio/euler_deg.ref_yaw_deg,152.85837200031352
3.04450592,1758893482.597505920,/studio/euler_deg.ref_yaw_deg,152.74145941500782
3.047994636,1758893482.600994636,/studio/euler_deg.ref_yaw_deg,152.58397938220523
3.048114223,1758893482.601114223,/studio/euler_deg.ref_yaw_deg,152.58397938220523
3.051485363,1758893482.604485363,/studio/euler_deg.ref_yaw_deg,150.2662378754331
3.060180874,1758893482.613180874,/studio/euler_deg.ref_yaw_deg,150.2662378754331
3.068018253,1758893482.621018253,/studio/euler_deg.ref_yaw_deg,150.28985033955902
3.068023882,1758893482.621023882,/studio/euler_deg.ref_yaw_deg,150.2927155122545
3.068028203,1758893482.621028203,/studio/euler_deg.ref_yaw_deg,149.74868090944932
3.068077693,1758893482.621077693,/studio/euler_deg.ref_yaw_deg,149.20331921868265
3.068094947,1758893482.621094947,/studio/euler_deg.ref_yaw_deg,149.20331921868265
3.072673742,1758893482.625673742,/studio/euler_deg.ref_yaw_deg,148.65433041894232
3.072676192,1758893482.625676192,/studio/euler_deg.ref_yaw_deg,148.1002318753429
3.076265004,1758893482.629265004,/studio/euler_deg.ref_yaw_deg,148.21319489641945
3.077874161,1758893482.630874161,/studio/euler_deg.ref_yaw_deg,148.24895060421122
3.078117495,1758893482.631117495,/studio/euler_deg.ref_yaw_deg,148.24895060421122
3.081299336,1758893482.634299336,/studio/euler_deg.ref_yaw_deg,146.46594261704914
3.084629845,1758893482.637629845,/studio/euler_deg.ref_yaw_deg,146.50815795995197
3.087948676,1758893482.640948676,/studio/euler_deg.ref_yaw_deg,146.4454580487895
3.090126521,1758893482.643126521,/studio/euler_deg.ref_yaw_deg,146.4454580487895
3.091348132,1758893482.644348132,/studio/euler_deg.ref_yaw_deg,145.78284311866517
3.094490836,1758893482.647490836,/studio/euler_deg.ref_yaw_deg,146.90584840692097
3.097818638,1758893482.650818638,/studio/euler_deg.ref_yaw_deg,146.81914234046866
3.100080251,1758893482.653080251,/studio/euler_deg.ref_yaw_deg,146.81914234046866
3.101114335,1758893482.654114335,/studio/euler_deg.ref_yaw_deg,146.44877687289906
3.104665277,1758893482.657665277,/studio/euler_deg.ref_yaw_deg,146.02511732889482
3.107801003,1758893482.660801003,/studio/euler_deg.ref_yaw_deg,145.8983799105451
3.11008718,1758893482.663087180,/studio/euler_deg.ref_yaw_deg,145.8983799105451
3.111363438,1758893482.664363438,/studio/euler_deg.ref_yaw_deg,145.51341900835936
3.11450134,1758893482.667501340,/studio/euler_deg.ref_yaw_deg,144.3512349246261
3.117754767,1758893482.670754767,/studio/euler_deg.ref_yaw_deg,144.19670235464483
3.120122939,1758893482.673122939,/studio/euler_deg.ref_yaw_deg,144.19670235464483
3.121362673,1758893482.674362673,/studio/euler_deg.ref_yaw_deg,143.75553628801916
3.124600111,1758893482.677600111,/studio/euler_deg.ref_yaw_deg,142.23414510970565
3.127835923,1758893482.680835923,/studio/euler_deg.ref_yaw_deg,142.0807450532056
3.130114861,1758893482.683114861,/studio/euler_deg.ref_yaw_deg,142.0807450532056
3.131166639,1758893482.684166639,/studio/euler_deg.ref_yaw_deg,141.7483160223447
3.134477566,1758893482.687477566,/studio/euler_deg.ref_yaw_deg,140.2736898822945
3.137815335,1758893482.690815335,/studio/euler_deg.ref_yaw_deg,140.3633139120028
3.140105465,1758893482.693105465,/studio/euler_deg.ref_yaw_deg,140.3633139120028
3.141175971,1758893482.694175971,/studio/euler_deg.ref_yaw_deg,140.23145123981135
3.144403323,1758893482.697403323,/studio/euler_deg.ref_yaw_deg,139.53453200305012
3.1477392220000002,1758893482.700739222,/studio/euler_deg.ref_yaw_deg,139.7089625553229
3.150082999,1758893482.703082999,/studio/euler_deg.ref_yaw_deg,139.7089625553229
3.15106106,1758893482.704061060,/studio/euler_deg.ref_yaw_deg,139.61726993392978
3.154509519,1758893482.707509519,/studio/euler_deg.ref_yaw_deg,138.53783269526502
3.157765783,1758893482.710765783,/studio/euler_deg.ref_yaw_deg,138.63930278997185
3.16013695,1758893482.713136950,/studio/euler_deg.ref_yaw_deg,138.63930278997185
3.1610700290000002,1758893482.714070029,/studio/euler_deg.ref_yaw_deg,138.4872340256067
3.164412831,1758893482.717412831,/studio/euler_deg.ref_yaw_deg,137.18008065562339
3.167714203,1758893482.720714203,/studio/euler_deg.ref_yaw_deg,137.2830457455039
3.170070169,1758893482.723070169,/studio/euler_deg.ref_yaw_deg,137.2830457455039
3.171108051,1758893482.724108051,/studio/euler_deg.ref_yaw_deg,137.07679620777486
3.175031525,1758893482.728031525,/studio/euler_deg.ref_yaw_deg,135.64993301973453
3.17776933,1758893482.730769330,/studio/euler_deg.ref_yaw_deg,135.63541427352206
3.178076788,1758893482.731076788,/studio/euler_deg.ref_yaw_deg,135.63541427352206
3.181033819,1758893482.734033819,/studio/euler_deg.ref_yaw_deg,132.4893084803278
3.184454274,1758893482.737454274,/studio/euler_deg.ref_yaw_deg,132.4668617918087
3.187805741,1758893482.740805741,/studio/euler_deg.ref_yaw_deg,132.38841190869448
3.190077762,1758893482.743077762,/studio/euler_deg.ref_yaw_deg,132.38841190869448
3.191070128,1758893482.744070128,/studio/euler_deg.ref_yaw_deg,131.71451550880755
3.194387177,1758893482.747387177,/studio/euler_deg.ref_yaw_deg,131.96502519617414
3.197828228,1758893482.750828228,/studio/euler_deg.ref_yaw_deg,131.97287659933502
3.198075551,1758893482.751075551,/studio/euler_deg.ref_yaw_deg,131.97287659933502
3.201015049,1758893482.754015049,/studio/euler_deg.ref_yaw_deg,129.6234851425982
3.204401956,1758893482.757401956,/studio/euler_deg.ref_yaw_deg,129.69991488768292
3.20795495,1758893482.760954950,/studio/euler_deg.ref_yaw_deg,129.7348401279498
3.210121675,1758893482.763121675,/studio/euler_deg.ref_yaw_deg,129.7348401279498
3.211201475,1758893482.764201475,/studio/euler_deg.ref_yaw_deg,129.16767313508936
3.214363975,1758893482.767363975,/studio/euler_deg.ref_yaw_deg,129.803751502796
3.217724481,1758893482.770724481,/studio/euler_deg.ref_yaw_deg,129.87199383116604
3.220106953,1758893482.773106953,/studio/euler_deg.ref_yaw_deg,129.87199383116604
3.221377633,1758893482.774377633,/studio/euler_deg.ref_yaw_deg,129.70708070426838
3.2244947330000002,1758893482.777494733,/studio/euler_deg.ref_yaw_deg,129.26416557603122
3.227847258,1758893482.780847258,/studio/euler_deg.ref_yaw_deg,129.3149860581326
3.230071412,1758893482.783071412,/studio/euler_deg.ref_yaw_deg,129.3149860581326
3.231035762,1758893482.784035762,/studio/euler_deg.ref_yaw_deg,129.080737635095
3.234384803,1758893482.787384803,/studio/euler_deg.ref_yaw_deg,127.96669947709809
3.237739965,1758893482.790739965,/studio/euler_deg.ref_yaw_deg,127.96207530237403
3.240073796,1758893482.793073796,/studio/euler_deg.ref_yaw_deg,127.96207530237403
3.240998401,1758893482.793998401,/studio/euler_deg.ref_yaw_deg,127.69683437939376
3.244205568,1758893482.797205568,/studio/euler_deg.ref_yaw_deg,126.28734512934611
3.247515708,1758893482.800515708,/studio/euler_deg.ref_yaw_deg,126.19853104387329
3.248073742,1758893482.801073742,/studio/euler_deg.ref_yaw_deg,126.19853104387329
3.250816942,1758893482.803816942,/studio/euler_deg.ref_yaw_deg,122.88567303757974
3.254163928,1758893482.807163928,/studio/euler_deg.ref_yaw_deg,122.71370008485448
3.260164785,1758893482.813164785,/studio/euler_deg.ref_yaw_deg,122.71370008485448
3.270086225,1758893482.823086225,/studio/euler_deg.ref_yaw_deg,122.71370008485448
3.272481,1758893482.825481000,/studio/euler_deg.ref_yaw_deg,122.53255341807977
3.27248678,1758893482.825486780,/studio/euler_deg.ref_yaw_deg,121.81568317018515
3.272511982,1758893482.825511982,/studio/euler_deg.ref_yaw_deg,121.13746009898806
3.272516271,1758893482.825516271,/studio/euler_deg.ref_yaw_deg,120.46080892959306
3.275763902,1758893482.828763902,/studio/euler_deg.ref_yaw_deg,119.76009469849316
3.2757657030000003,1758893482.828765703,/studio/euler_deg.ref_yaw_deg,119.04810725126855
3.277500005,1758893482.830500005,/studio/euler_deg.ref_yaw_deg,120.75873518872102
3.278079572,1758893482.831079572,/studio/euler_deg.ref_yaw_deg,120.75873518872102
3.2810900050000003,1758893482.834090005,/studio/euler_deg.ref_yaw_deg,117.84062402036547
3.28439552,1758893482.837395520,/studio/euler_deg.ref_yaw_deg,117.86648425468323
3.287731114,1758893482.840731114,/studio/euler_deg.ref_yaw_deg,117.8810854843433
3.29010828,1758893482.843108280,/studio/euler_deg.ref_yaw_deg,117.8810854843433
3.291052488,1758893482.844052488,/studio/euler_deg.ref_yaw_deg,117.29235183099067
3.294357526,1758893482.847357526,/studio/euler_deg.ref_yaw_deg,117.56068712269008
3.297656005,1758893482.850656005,/studio/euler_deg.ref_yaw_deg,117.56831378085323
3.300087392,1758893482.853087392,/studio/euler_deg.ref_yaw_deg,117.56831378085323
3.300989056,1758893482.853989056,/studio/euler_deg.ref_yaw_deg,117.34621488567974
3.304339445,1758893482.857339445,/studio/euler_deg.ref_yaw_deg,116.7088865107857
3.307830551,1758893482.860830551,/studio/euler_deg.ref_yaw_deg,116.76305014949276
3.310124279,1758893482.863124279,/studio/euler_deg.ref_yaw_deg,116.76305014949276
3.3109266870000003,1758893482.863926687,/studio/euler_deg.ref_yaw_deg,116.57888185097102
3.314268082,1758893482.867268082,/studio/euler_deg.ref_yaw_deg,115.47316589883557
3.317586139,1758893482.870586139,/studio/euler_deg.ref_yaw_deg,115.49632537172582
3.320137274,1758893482.873137274,/studio/euler_deg.ref_yaw_deg,115.49632537172582
3.321027241,1758893482.874027241,/studio/euler_deg.ref_yaw_deg,115.26000912729508
3.324402465,1758893482.877402465,/studio/euler_deg.ref_yaw_deg,113.8899246785063
3.327620757,1758893482.880620757,/studio/euler_deg.ref_yaw_deg,113.9021742650717
3.328117061,1758893482.881117061,/studio/euler_deg.ref_yaw_deg,113.9021742650717
3.330938536,1758893482.883938536,/studio/euler_deg.ref_yaw_deg,110.91012303775764
3.334357655,1758893482.887357655,/studio/euler_deg.ref_yaw_deg,110.89905178851605
3.337688968,1758893482.890688968,/studio/euler_deg.ref_yaw_deg,110.83601136325967
3.340088512,1758893482.893088512,/studio/euler_deg.ref_yaw_deg,110.83601136325967
3.34106337,1758893482.894063370,/studio/euler_deg.ref_yaw_deg,110.15293391808169
3.344303932,1758893482.897303932,/studio/euler_deg.ref_yaw_deg,110.27266926727623
3.347622938,1758893482.900622938,/studio/euler_deg.ref_yaw_deg,110.24091861152183
3.350078642,1758893482.903078642,/studio/euler_deg.ref_yaw_deg,110.24091861152183
3.3509149860000003,1758893482.903914986,/studio/euler_deg.ref_yaw_deg,109.99782506217451
3.354244281,1758893482.907244281,/studio/euler_deg.ref_yaw_deg,109.31873029322396
3.357819123,1758893482.910819123,/studio/euler_deg.ref_yaw_deg,109.33973019985038
3.360094003,1758893482.913094003,/studio/euler_deg.ref_yaw_deg,109.33973019985038
3.360927574,1758893482.913927574,/studio/euler_deg.ref_yaw_deg,109.13263870524491
3.364268971,1758893482.917268971,/studio/euler_deg.ref_yaw_deg,108.07288471730739
3.367607236,1758893482.920607236,/studio/euler_deg.ref_yaw_deg,108.05883576258873
3.3701272270000002,1758893482.923127227,/studio/euler_deg.ref_yaw_deg,108.05883576258873
3.370778289,1758893482.923778289,/studio/euler_deg.ref_yaw_deg,107.80631649041621
3.374318484,1758893482.927318484,/studio/euler_deg.ref_yaw_deg,106.63557441804736
3.377526274,1758893482.930526274,/studio/euler_deg.ref_yaw_deg,106.67703817420318
3.380078073,1758893482.933078073,/studio/euler_deg.ref_yaw_deg,106.67703817420318
3.380940396,1758893482.933940396,/studio/euler_deg.ref_yaw_deg,106.5126263052333
3.384233597,1758893482.937233597,/studio/euler_deg.ref_yaw_deg,105.10966350215772
3.387516835,1758893482.940516835,/studio/euler_deg.ref_yaw_deg,105.1346981977952
3.390140744,1758893482.943140744,/studio/euler_deg.ref_yaw_deg,105.1346981977952
3.390892388,1758893482.943892388,/studio/euler_deg.ref_yaw_deg,104.90231980620388
3.394489155,1758893482.947489155,/studio/euler_deg.ref_yaw_deg,103.55031859450239
3.397549006,1758893482.950549006,/studio/euler_deg.ref_yaw_deg,103.54956153209899
3.400129944,1758893482.953129944,/studio/euler_deg.ref_yaw_deg,103.54956153209899
3.400956644,1758893482.953956644,/studio/euler_deg.ref_yaw_deg,103.33696143886027
3.404221216,1758893482.957221216,/studio/euler_deg.ref_yaw_deg,102.07181235202845
3.40754676,1758893482.960546760,/studio/euler_deg.ref_yaw_deg,102.08979429665376
3.408084283,1758893482.961084283,/studio/euler_deg.ref_yaw_deg,102.08979429665376
3.410879101,1758893482.963879101,/studio/euler_deg.ref_yaw_deg,99.17015552578457
3.414198138,1758893482.967198138,/studio/euler_deg.ref_yaw_deg,99.17703575248059
3.417437832,1758893482.970437832,/studio/euler_deg.ref_yaw_deg,99.17647463930652
3.420077241,1758893482.973077241,/studio/euler_deg.ref_yaw_deg,99.17647463930652
3.420755912,1758893482.973755912,/studio/euler_deg.ref_yaw_deg,98.55672437100316
3.424182891,1758893482.977182891,/studio/euler_deg.ref_yaw_deg,98.98275725505589
3.427609992,1758893482.980609992,/studio/euler_deg.ref_yaw_deg,99.01642758099077
3.430071049,1758893482.983071049,/studio/euler_deg.ref_yaw_deg,99.01642758099077
3.430890582,1758893482.983890582,/studio/euler_deg.ref_yaw_deg,98.8161346360155
3.434238798,1758893482.987238798,/studio/euler_deg.ref_yaw_deg,98.25629865938147
3.437532249,1758893482.990532249,/studio/euler_deg.ref_yaw_deg,98.22156519277519
3.440076236,1758893482.993076236,/studio/euler_deg.ref_yaw_deg,98.22156519277519
3.440911,1758893482.993911000,/studio/euler_deg.ref_yaw_deg,97.96383486319492
3.444198601,1758893482.997198601,/studio/euler_deg.ref_yaw_deg,96.96550887629589
3.447596076,1758893483.000596076,/studio/euler_deg.ref_yaw_deg,96.97911078086629
3.450082374,1758893483.003082374,/studio/euler_deg.ref_yaw_deg,96.97911078086629
3.450851657,1758893483.003851657,/studio/euler_deg.ref_yaw_deg,96.78724423863984
3.454151457,1758893483.007151457,/studio/euler_deg.ref_yaw_deg,95.5960680232026
3.457699308,1758893483.010699308,/studio/euler_deg.ref_yaw_deg,95.59312707673179
3.458094655,1758893483.011094655,/studio/euler_deg.ref_yaw_deg,95.59312707673179
3.461103669,1758893483.014103669,/studio/euler_deg.ref_yaw_deg,92.65435830768713
3.468115482,1758893483.021115482,/studio/euler_deg.ref_yaw_deg,92.65435830768713
3.479292663,1758893483.032292663,/studio/euler_deg.ref_yaw_deg,92.65273810211032
3.479313889,1758893483.032313889,/studio/euler_deg.ref_yaw_deg,92.67365622959016
3.479323352,1758893483.032323352,/studio/euler_deg.ref_yaw_deg,92.13044727719218
3.479403971,1758893483.032403971,/studio/euler_deg.ref_yaw_deg,91.58013134687846
3.4794792020000003,1758893483.032479202,/studio/euler_deg.ref_yaw_deg,91.58013134687846
3.481341675,1758893483.034341675,/studio/euler_deg.ref_yaw_deg,91.01443156424477
3.481344586,1758893483.034344586,/studio/euler_deg.ref_yaw_deg,90.41279820697248
3.484189937,1758893483.037189937,/studio/euler_deg.ref_yaw_deg,89.68113033057668
3.487534347,1758893483.040534347,/studio/euler_deg.ref_yaw_deg,89.68452241067415
3.490106576,1758893483.043106576,/studio/euler_deg.ref_yaw_deg,89.68452241067415
3.490735889,1758893483.043735889,/studio/euler_deg.ref_yaw_deg,89.16541851047523
3.493939775,1758893483.046939775,/studio/euler_deg.ref_yaw_deg,90.4443429003455
3.497316912,1758893483.050316912,/studio/euler_deg.ref_yaw_deg,90.47346570612234
3.500090958,1758893483.053090958,/studio/euler_deg.ref_yaw_deg,90.47346570612234
3.500606888,1758893483.053606888,/studio/euler_deg.ref_yaw_deg,90.25852308181055
3.503927985,1758893483.056927985,/studio/euler_deg.ref_yaw_deg,89.76332503066071
3.507416255,1758893483.060416255,/studio/euler_deg.ref_yaw_deg,89.711874523494
3.510117968,1758893483.063117968,/studio/euler_deg.ref_yaw_deg,89.711874523494
3.510552066,1758893483.063552066,/studio/euler_deg.ref_yaw_deg,89.47779088316321
3.513893853,1758893483.066893853,/studio/euler_deg.ref_yaw_deg,88.22094667050621
3.517284512,1758893483.070284512,/studio/euler_deg.ref_yaw_deg,88.17146578757534
3.520168102,1758893483.073168102,/studio/euler_deg.ref_yaw_deg,88.17146578757534
3.520594885,1758893483.073594885,/studio/euler_deg.ref_yaw_deg,87.94069764301884
3.523849884,1758893483.076849884,/studio/euler_deg.ref_yaw_deg,86.42974627756325
3.527456859,1758893483.080456859,/studio/euler_deg.ref_yaw_deg,86.40550683797983
3.53011403,1758893483.083114030,/studio/euler_deg.ref_yaw_deg,86.40550683797983
3.530585292,1758893483.083585292,/studio/euler_deg.ref_yaw_deg,86.18566894243355
3.534142139,1758893483.087142139,/studio/euler_deg.ref_yaw_deg,84.52688173177076
3.537197399,1758893483.090197399,/studio/euler_deg.ref_yaw_deg,84.5043878826281
3.5380692810000003,1758893483.091069281,/studio/euler_deg.ref_yaw_deg,84.5043878826281
3.540503385,1758893483.093503385,/studio/euler_deg.ref_yaw_deg,81.41216701949642
3.543827074,1758893483.096827074,/studio/euler_deg.ref_yaw_deg,81.43168508216043
3.547384362,1758893483.100384362,/studio/euler_deg.ref_yaw_deg,81.44767295377639
3.550138397,1758893483.103138397,/studio/euler_deg.ref_yaw_deg,81.44767295377639
3.550543656,1758893483.103543656,/studio/euler_deg.ref_yaw_deg,80.86686976704361
3.553868999,1758893483.106868999,/studio/euler_deg.ref_yaw_deg,80.93336368365323
3.557234547,1758893483.110234547,/studio/euler_deg.ref_yaw_deg,80.91061367487403
3.560110763,1758893483.113110763,/studio/euler_deg.ref_yaw_deg,80.91061367487403
3.560523999,1758893483.113523999,/studio/euler_deg.ref_yaw_deg,80.7232441021878
3.563966352,1758893483.116966352,/studio/euler_deg.ref_yaw_deg,79.97278681482459
3.567202357,1758893483.120202357,/studio/euler_deg.ref_yaw_deg,80.00247984746213
3.570133089,1758893483.123133089,/studio/euler_deg.ref_yaw_deg,80.00247984746213
3.570525265,1758893483.123525265,/studio/euler_deg.ref_yaw_deg,79.81969803570689
3.57385194,1758893483.126851940,/studio/euler_deg.ref_yaw_deg,78.67529618507278
3.5771470990000003,1758893483.130147099,/studio/euler_deg.ref_yaw_deg,78.64153671158604
3.580126974,1758893483.133126974,/studio/euler_deg.ref_yaw_deg,78.64153671158604
3.5807055979999998,1758893483.133705598,/studio/euler_deg.ref_yaw_deg,78.404035664401
3.584421442,1758893483.137421442,/studio/euler_deg.ref_yaw_deg,77.09609897517824
3.5871119780000003,1758893483.140111978,/studio/euler_deg.ref_yaw_deg,77.08322096099045
3.590081339,1758893483.143081339,/studio/euler_deg.ref_yaw_deg,77.08322096099045
3.590560392,1758893483.143560392,/studio/euler_deg.ref_yaw_deg,76.90456214263844
3.593917513,1758893483.146917513,/studio/euler_deg.ref_yaw_deg,75.5991007500801
3.597307898,1758893483.150307898,/studio/euler_deg.ref_yaw_deg,75.56220023612815
3.598083672,1758893483.151083672,/studio/euler_deg.ref_yaw_deg,75.56220023612815
3.600570653,1758893483.153570653,/studio/euler_deg.ref_yaw_deg,72.56657024413354
3.603880072,1758893483.156880072,/studio/euler_deg.ref_yaw_deg,72.48985863618663
3.607143015,1758893483.160143015,/studio/euler_deg.ref_yaw_deg,72.45316397011432
3.6081051459999998,1758893483.161105146,/studio/euler_deg.ref_yaw_deg,72.45316397011432
3.61046422,1758893483.163464220,/studio/euler_deg.ref_yaw_deg,70.4259391651289
3.613881772,1758893483.166881772,/studio/euler_deg.ref_yaw_deg,70.43481341274331
3.617174143,1758893483.170174143,/studio/euler_deg.ref_yaw_deg,70.42657970415321
3.618070094,1758893483.171070094,/studio/euler_deg.ref_yaw_deg,70.42657970415321
3.620472405,1758893483.173472405,/studio/euler_deg.ref_yaw_deg,69.21218407801904
3.6238441640000003,1758893483.176844164,/studio/euler_deg.ref_yaw_deg,69.21313185712638
3.62712623,1758893483.180126230,/studio/euler_deg.ref_yaw_deg,69.25288722538295
3.62808472,1758893483.181084720,/studio/euler_deg.ref_yaw_deg,69.25288722538295
3.630528338,1758893483.183528338,/studio/euler_deg.ref_yaw_deg,68.28529869990942
3.633796781,1758893483.186796781,/studio/euler_deg.ref_yaw_deg,68.37893949145445
3.637126466,1758893483.190126466,/studio/euler_deg.ref_yaw_deg,68.48656420703328
3.6401186770000002,1758893483.193118677,/studio/euler_deg.ref_yaw_deg,68.48656420703328
3.640669493,1758893483.193669493,/studio/euler_deg.ref_yaw_deg,68.04107014229783
3.64390366,1758893483.196903660,/studio/euler_deg.ref_yaw_deg,69.56215852259623
3.647186661,1758893483.200186661,/studio/euler_deg.ref_yaw_deg,69.6476323770915
3.650155298,1758893483.203155298,/studio/euler_deg.ref_yaw_deg,69.6476323770915
3.6505206550000002,1758893483.203520655,/studio/euler_deg.ref_yaw_deg,69.57130108435862
3.653800822,1758893483.206800822,/studio/euler_deg.ref_yaw_deg,69.20218233228539
3.657267757,1758893483.210267757,/studio/euler_deg.ref_yaw_deg,69.28997320032664
3.658129689,1758893483.211129689,/studio/euler_deg.ref_yaw_deg,69.28997320032664
3.660400501,1758893483.213400501,/studio/euler_deg.ref_yaw_deg,66.5921611224078
3.663761638,1758893483.216761638,/studio/euler_deg.ref_yaw_deg,66.54842377670391
3.6681726,1758893483.221172600,/studio/euler_deg.ref_yaw_deg,66.54842377670391
3.6704885320000002,1758893483.223488532,/studio/euler_deg.ref_yaw_deg,66.44632029450725
3.678188841,1758893483.231188841,/studio/euler_deg.ref_yaw_deg,66.44632029450725
3.684376738,1758893483.237376738,/studio/euler_deg.ref_yaw_deg,65.8212629939327
3.684379408,1758893483.237379408,/studio/euler_deg.ref_yaw_deg,65.13254814589101
3.684381878,1758893483.237381878,/studio/euler_deg.ref_yaw_deg,64.42850612225145
3.684383841,1758893483.237383841,/studio/euler_deg.ref_yaw_deg,63.69199308872132
3.6858305160000002,1758893483.238830516,/studio/euler_deg.ref_yaw_deg,62.92461376608096
3.687469289,1758893483.240469289,/studio/euler_deg.ref_yaw_deg,61.52559091410129
3.690116886,1758893483.243116886,/studio/euler_deg.ref_yaw_deg,61.52559091410129
3.690394877,1758893483.243394877,/studio/euler_deg.ref_yaw_deg,60.79317023471653
3.693658368,1758893483.246658368,/studio/euler_deg.ref_yaw_deg,61.48627722800225
3.697023099,1758893483.250023099,/studio/euler_deg.ref_yaw_deg,61.338561422695484
3.698117623,1758893483.251117623,/studio/euler_deg.ref_yaw_deg,61.338561422695484
3.700392332,1758893483.253392332,/studio/euler_deg.ref_yaw_deg,58.95029322126845
3.703753892,1758893483.256753892,/studio/euler_deg.ref_yaw_deg,58.89078998594458
3.707033786,1758893483.260033786,/studio/euler_deg.ref_yaw_deg,58.86673236971487
3.7081195730000003,1758893483.261119573,/studio/euler_deg.ref_yaw_deg,58.86673236971487
3.710333612,1758893483.263333612,/studio/euler_deg.ref_yaw_deg,56.85295569036041
3.714400102,1758893483.267400102,/studio/euler_deg.ref_yaw_deg,56.85173699329898
3.717070752,1758893483.270070752,/studio/euler_deg.ref_yaw_deg,56.88957637587289
3.720108595,1758893483.273108595,/studio/euler_deg.ref_yaw_deg,56.88957637587289
3.720398873,1758893483.273398873,/studio/euler_deg.ref_yaw_deg,56.46866382187312
3.723724054,1758893483.276724054,/studio/euler_deg.ref_yaw_deg,57.2448967694796
3.727499538,1758893483.280499538,/studio/euler_deg.ref_yaw_deg,57.39344763589701
3.730156962,1758893483.283156962,/studio/euler_deg.ref_yaw_deg,57.39344763589701
3.730456509,1758893483.283456509,/studio/euler_deg.ref_yaw_deg,57.35623321014652
3.733794805,1758893483.286794805,/studio/euler_deg.ref_yaw_deg,56.62146205110899
3.7370729330000003,1758893483.290072933,/studio/euler_deg.ref_yaw_deg,56.69248233844985
3.738120741,1758893483.291120741,/studio/euler_deg.ref_yaw_deg,56.69248233844985
3.740487588,1758893483.293487588,/studio/euler_deg.ref_yaw_deg,56.62376638182825
3.74375661,1758893483.296756610,/studio/euler_deg.ref_yaw_deg,53.93746194465018
3.747048432,1758893483.300048432,/studio/euler_deg.ref_yaw_deg,53.992803369246076
3.750150144,1758893483.303150144,/studio/euler_deg.ref_yaw_deg,53.992803369246076
3.750396499,1758893483.303396499,/studio/euler_deg.ref_yaw_deg,53.501401064836024
3.753646901,1758893483.306646901,/studio/euler_deg.ref_yaw_deg,53.23748582025207
3.756997179,1758893483.309997179,/studio/euler_deg.ref_yaw_deg,53.16990187846475
3.75809383,1758893483.311093830,/studio/euler_deg.ref_yaw_deg,53.16990187846475
3.760292992,1758893483.313292992,/studio/euler_deg.ref_yaw_deg,52.93893850199261
3.763611038,1758893483.316611038,/studio/euler_deg.ref_yaw_deg,50.37648788814952
3.76740195,1758893483.320401950,/studio/euler_deg.ref_yaw_deg,50.34980121477344
3.7681212840000002,1758893483.321121284,/studio/euler_deg.ref_yaw_deg,50.34980121477344
3.770316501,1758893483.323316501,/studio/euler_deg.ref_yaw_deg,48.315826923946496
3.773618645,1758893483.326618645,/studio/euler_deg.ref_yaw_deg,48.31743338036942
3.776968795,1758893483.329968795,/studio/euler_deg.ref_yaw_deg,48.30484824978034
3.778124075,1758893483.331124075,/studio/euler_deg.ref_yaw_deg,48.30484824978034
3.780386493,1758893483.333386493,/studio/euler_deg.ref_yaw_deg,46.85005583543091
3.783702467,1758893483.336702467,/studio/euler_deg.ref_yaw_deg,46.85052427509429
3.787056395,1758893483.340056395,/studio/euler_deg.ref_yaw_deg,46.89502321249992
3.790108037,1758893483.343108037,/studio/euler_deg.ref_yaw_deg,46.89502321249992
3.79039607,1758893483.343396070,/studio/euler_deg.ref_yaw_deg,46.439007589965975
3.793711558,1758893483.346711558,/studio/euler_deg.ref_yaw_deg,47.588944980915876
3.7969444130000003,1758893483.349944413,/studio/euler_deg.ref_yaw_deg,47.6522603389091
3.8000787650000003,1758893483.353078765,/studio/euler_deg.ref_yaw_deg,47.6522603389091
3.800385673,1758893483.353385673,/studio/euler_deg.ref_yaw_deg,47.55428503338474
3.803820334,1758893483.356820334,/studio/euler_deg.ref_yaw_deg,47.00431657076777
3.806949449,1758893483.359949449,/studio/euler_deg.ref_yaw_deg,47.0818604418377
3.810200592,1758893483.363200592,/studio/euler_deg.ref_yaw_deg,47.0818604418377
3.810348512,1758893483.363348512,/studio/euler_deg.ref_yaw_deg,47.01269210381887
3.813761719,1758893483.366761719,/studio/euler_deg.ref_yaw_deg,45.74236421248421
3.81694947,1758893483.369949470,/studio/euler_deg.ref_yaw_deg,45.77454784189549
3.820132009,1758893483.373132009,/studio/euler_deg.ref_yaw_deg,45.77454784189549
3.820431557,1758893483.373431557,/studio/euler_deg.ref_yaw_deg,45.63405257131006
3.824145614,1758893483.377145614,/studio/euler_deg.ref_yaw_deg,43.97830490592168
3.826893841,1758893483.379893841,/studio/euler_deg.ref_yaw_deg,43.93886045162525
3.828078476,1758893483.381078476,/studio/euler_deg.ref_yaw_deg,43.93886045162525
3.830368836,1758893483.383368836,/studio/euler_deg.ref_yaw_deg,40.66342369910567
3.83374833,1758893483.386748330,/studio/euler_deg.ref_yaw_deg,40.64404743260847
3.836912072,1758893483.389912072,/studio/euler_deg.ref_yaw_deg,40.62417681177623
3.838112252,1758893483.391112252,/studio/euler_deg.ref_yaw_deg,40.62417681177623
3.840289535,1758893483.393289535,/studio/euler_deg.ref_yaw_deg,38.30086786536446
3.843680914,1758893483.396680914,/studio/euler_deg.ref_yaw_deg,38.22759153634225
3.847005957,1758893483.400005957,/studio/euler_deg.ref_yaw_deg,38.14911165675497
3.850187453,1758893483.403187453,/studio/euler_deg.ref_yaw_deg,38.14911165675497
3.850358231,1758893483.403358231,/studio/euler_deg.ref_yaw_deg,37.55934330500257
3.8535799600000002,1758893483.406579960,/studio/euler_deg.ref_yaw_deg,38.41879817805449
3.856943759,1758893483.409943759,/studio/euler_deg.ref_yaw_deg,38.408420670568674
3.858095907,1758893483.411095907,/studio/euler_deg.ref_yaw_deg,38.408420670568674
3.860231267,1758893483.413231267,/studio/euler_deg.ref_yaw_deg,36.14594413877822
3.863584297,1758893483.416584297,/studio/euler_deg.ref_yaw_deg,36.09961404475121
3.866981365,1758893483.419981365,/studio/euler_deg.ref_yaw_deg,36.03744348774933
3.868120234,1758893483.421120234,/studio/euler_deg.ref_yaw_deg,36.03744348774933
3.870657433,1758893483.423657433,/studio/euler_deg.ref_yaw_deg,34.14159664101896
3.880068326,1758893483.433068326,/studio/euler_deg.ref_yaw_deg,34.14159664101896
3.888122298,1758893483.441122298,/studio/euler_deg.ref_yaw_deg,34.10871578792384
3.888129136,1758893483.441129136,/studio/euler_deg.ref_yaw_deg,34.125077713082874
3.888214046,1758893483.441214046,/studio/euler_deg.ref_yaw_deg,33.67048075129807
3.888218446,1758893483.441218446,/studio/euler_deg.ref_yaw_deg,33.15822584221001
3.8900918410000003,1758893483.443091841,/studio/euler_deg.ref_yaw_deg,33.15822584221001
3.891021072,1758893483.444021072,/studio/euler_deg.ref_yaw_deg,32.64009244469447
3.891022723,1758893483.444022723,/studio/euler_deg.ref_yaw_deg,32.09421925049233
3.893530164,1758893483.446530164,/studio/euler_deg.ref_yaw_deg,34.01642774173561
3.896814869,1758893483.449814869,/studio/euler_deg.ref_yaw_deg,34.08255577778475
3.9000698700000003,1758893483.453069870,/studio/euler_deg.ref_yaw_deg,34.08255577778475
3.900103131,1758893483.453103131,/studio/euler_deg.ref_yaw_deg,34.0398179111404
3.9034271140000003,1758893483.456427114,/studio/euler_deg.ref_yaw_deg,32.78648825841643
3.906827718,1758893483.459827718,/studio/euler_deg.ref_yaw_deg,32.84470868986923
3.910088071,1758893483.463088071,/studio/euler_deg.ref_yaw_deg,32.84470868986923
3.91013708,1758893483.463137080,/studio/euler_deg.ref_yaw_deg,32.73190712338143
3.914438993,1758893483.467438993,/studio/euler_deg.ref_yaw_deg,32.202460500219644
3.916913235,1758893483.469913235,/studio/euler_deg.ref_yaw_deg,31.14441529136103
3.920074909,1758893483.473074909,/studio/euler_deg.ref_yaw_deg,31.14441529136103
3.920206667,1758893483.473206667,/studio/euler_deg.ref_yaw_deg,31.021467578294747
3.9235767900000003,1758893483.476576790,/studio/euler_deg.ref_yaw_deg,29.365686953125753
3.9268605350000003,1758893483.479860535,/studio/euler_deg.ref_yaw_deg,29.349986834509334
3.930133798,1758893483.483133798,/studio/euler_deg.ref_yaw_deg,29.349986834509334
3.930175058,1758893483.483175058,/studio/euler_deg.ref_yaw_deg,29.17602856864146
3.933558128,1758893483.486558128,/studio/euler_deg.ref_yaw_deg,27.48075139803035
3.936822115,1758893483.489822115,/studio/euler_deg.ref_yaw_deg,27.404791904334672
3.940079203,1758893483.493079203,/studio/euler_deg.ref_yaw_deg,27.404791904334672
3.940169887,1758893483.493169887,/studio/euler_deg.ref_yaw_deg,27.21471033161715
3.94350054,1758893483.496500540,/studio/euler_deg.ref_yaw_deg,25.613507627761837
3.94680276,1758893483.499802760,/studio/euler_deg.ref_yaw_deg,25.619482369011628
3.950186896,1758893483.503186896,/studio/euler_deg.ref_yaw_deg,25.619482369011628
3.95019458,1758893483.503194580,/studio/euler_deg.ref_yaw_deg,25.48140690889698
3.953474056,1758893483.506474056,/studio/euler_deg.ref_yaw_deg,24.079341880663467
3.9568348550000003,1758893483.509834855,/studio/euler_deg.ref_yaw_deg,24.03432524806969
3.960144815,1758893483.513144815,/studio/euler_deg.ref_yaw_deg,24.03432524806969
3.960166247,1758893483.513166247,/studio/euler_deg.ref_yaw_deg,23.87763552377856
3.963447076,1758893483.516447076,/studio/euler_deg.ref_yaw_deg,22.552418169375336
3.9667496250000003,1758893483.519749625,/studio/euler_deg.ref_yaw_deg,22.59773590815051
3.9681204240000003,1758893483.521120424,/studio/euler_deg.ref_yaw_deg,22.59773590815051
3.970187929,1758893483.523187929,/studio/euler_deg.ref_yaw_deg,19.685260469758134
3.973573977,1758893483.526573977,/studio/euler_deg.ref_yaw_deg,19.72643218549748
3.976982038,1758893483.529982038,/studio/euler_deg.ref_yaw_deg,19.75556064470915
3.978123827,1758893483.531123827,/studio/euler_deg.ref_yaw_deg,19.75556064470915
3.980135219,1758893483.533135219,/studio/euler_deg.ref_yaw_deg,17.813889492184604
3.984709311,1758893483.537709311,/studio/euler_deg.ref_yaw_deg,17.816016049679565
3.98677729,1758893483.539777290,/studio/euler_deg.ref_yaw_deg,17.82531847738513
3.990106815,1758893483.543106815,/studio/euler_deg.ref_yaw_deg,17.82531847738513
3.990240004,1758893483.543240004,/studio/euler_deg.ref_yaw_deg,17.33327800234334
3.994024476,1758893483.547024476,/studio/euler_deg.ref_yaw_deg,18.526860603481285
3.99673643,1758893483.549736430,/studio/euler_deg.ref_yaw_deg,18.57091547874838
4.000062226,1758893483.553062226,/studio/euler_deg.ref_yaw_deg,18.441793990343573
4.00009038,1758893483.553090380,/studio/euler_deg.ref_yaw_deg,18.441793990343573
4.00344887,1758893483.556448870,/studio/euler_deg.ref_yaw_deg,17.91587537940726
4.006755583,1758893483.559755583,/studio/euler_deg.ref_yaw_deg,17.82973562135218
4.010119249,1758893483.563119249,/studio/euler_deg.ref_yaw_deg,17.82973562135218
4.010135132,1758893483.563135132,/studio/euler_deg.ref_yaw_deg,17.637346261620582
4.013456368,1758893483.566456368,/studio/euler_deg.ref_yaw_deg,16.42660910970852
4.016661217,1758893483.569661217,/studio/euler_deg.ref_yaw_deg,16.35716606557874
4.018079236,1758893483.571079236,/studio/euler_deg.ref_yaw_deg,16.35716606557874
4.020235927,1758893483.573235927,/studio/euler_deg.ref_yaw_deg,13.329173532828802
4.023505991,1758893483.576505991,/studio/euler_deg.ref_yaw_deg,13.265991294469947
4.02672482,1758893483.579724820,/studio/euler_deg.ref_yaw_deg,13.218847144199414
4.030051371,1758893483.583051371,/studio/euler_deg.ref_yaw_deg,12.703506779475385
4.030108955,1758893483.583108955,/studio/euler_deg.ref_yaw_deg,12.703506779475385
4.033375643,1758893483.586375643,/studio/euler_deg.ref_yaw_deg,12.596004121982054
4.036758274,1758893483.589758274,/studio/euler_deg.ref_yaw_deg,12.641429982155334
4.040117875,1758893483.593117875,/studio/euler_deg.ref_yaw_deg,12.641429982155334
4.04027377,1758893483.593273770,/studio/euler_deg.ref_yaw_deg,12.623878221521664
4.043480774,1758893483.596480774,/studio/euler_deg.ref_yaw_deg,11.838279150230512
4.046731824,1758893483.599731824,/studio/euler_deg.ref_yaw_deg,11.953870427315541
4.048066087,1758893483.601066087,/studio/euler_deg.ref_yaw_deg,11.953870427315541
4.050019751,1758893483.603019751,/studio/euler_deg.ref_yaw_deg,9.217704469893198
4.053465417,1758893483.606465417,/studio/euler_deg.ref_yaw_deg,9.274530388371149
4.056858179,1758893483.609858179,/studio/euler_deg.ref_yaw_deg,9.345320778886764
4.060155727,1758893483.613155727,/studio/euler_deg.ref_yaw_deg,9.345320778886764
4.060175799,1758893483.613175799,/studio/euler_deg.ref_yaw_deg,8.950640472106105
4.063432298,1758893483.616432298,/studio/euler_deg.ref_yaw_deg,9.146850218403477
4.066625453,1758893483.619625453,/studio/euler_deg.ref_yaw_deg,9.220556543915654
4.070031863,1758893483.623031863,/studio/euler_deg.ref_yaw_deg,9.145028568811176
4.070095242,1758893483.623095242,/studio/euler_deg.ref_yaw_deg,9.145028568811176
4.073371764,1758893483.626371764,/studio/euler_deg.ref_yaw_deg,8.168042093507934
4.080081542,1758893483.633081542,/studio/euler_deg.ref_yaw_deg,8.168042093507934
4.090120919,1758893483.643120919,/studio/euler_deg.ref_yaw_deg,8.168042093507934
4.093810767,1758893483.646810767,/studio/euler_deg.ref_yaw_deg,8.154383906087874
4.093814453,1758893483.646814453,/studio/euler_deg.ref_yaw_deg,8.034751965228109
4.093816549,1758893483.646816549,/studio/euler_deg.ref_yaw_deg,7.494192152640809
4.09382296,1758893483.646822960,/studio/euler_deg.ref_yaw_deg,6.965896417138353
4.094863106,1758893483.647863106,/studio/euler_deg.ref_yaw_deg,6.4273185354596825
4.094866751,1758893483.647866751,/studio/euler_deg.ref_yaw_deg,5.860956902524693
4.096642327,1758893483.649642327,/studio/euler_deg.ref_yaw_deg,5.014854369395702
4.098151011,1758893483.651151011,/studio/euler_deg.ref_yaw_deg,5.014854369395702
4.100058867,1758893483.653058867,/studio/euler_deg.ref_yaw_deg,1.8861461104990143
4.1035371210000005,1758893483.656537121,/studio/euler_deg.ref_yaw_deg,1.9021782881663343
4.10660527,1758893483.659605270,/studio/euler_deg.ref_yaw_deg,1.950884732202932
4.110149342,1758893483.663149342,/studio/euler_deg.ref_yaw_deg,1.950884732202932
4.110172119,1758893483.663172119,/studio/euler_deg.ref_yaw_deg,1.5302159399949447
4.113398145,1758893483.666398145,/studio/euler_deg.ref_yaw_deg,1.6910126308367763
4.116712724,1758893483.669712724,/studio/euler_deg.ref_yaw_deg,1.7554029585826292
4.120010216,1758893483.673010216,/studio/euler_deg.ref_yaw_deg,1.7071662669922791
4.120118414,1758893483.673118414,/studio/euler_deg.ref_yaw_deg,1.7071662669922791
4.123299151,1758893483.676299151,/studio/euler_deg.ref_yaw_deg,0.9796416647238864
4.126643304,1758893483.679643304,/studio/euler_deg.ref_yaw_deg,1.0655697752042574
4.130051127,1758893483.683051127,/studio/euler_deg.ref_yaw_deg,1.0541184138065578
4.130168157,1758893483.683168157,/studio/euler_deg.ref_yaw_deg,1.0541184138065578
4.13324374,1758893483.686243740,/studio/euler_deg.ref_yaw_deg,-0.0973747692963073
4.136635367,1758893483.689635367,/studio/euler_deg.ref_yaw_deg,-0.04038027459374757
4.139983,1758893483.692983000,/studio/euler_deg.ref_yaw_deg,-0.11729294442495754
4.140095528,1758893483.693095528,/studio/euler_deg.ref_yaw_deg,-0.11729294442495754
4.143484888,1758893483.696484888,/studio/euler_deg.ref_yaw_deg,-1.5743714475483308
4.146716313,1758893483.699716313,/studio/euler_deg.ref_yaw_deg,-1.5978402514956416
4.149926505,1758893483.702926505,/studio/euler_deg.ref_yaw_deg,-1.7228151092220365
4.150093817,1758893483.703093817,/studio/euler_deg.ref_yaw_deg,-1.7228151092220365
4.153230238,1758893483.706230238,/studio/euler_deg.ref_yaw_deg,-3.271739034400142
4.156569719,1758893483.709569719,/studio/euler_deg.ref_yaw_deg,-3.291876222238835
4.158119347,1758893483.711119347,/studio/euler_deg.ref_yaw_deg,-3.291876222238835
4.160040904,1758893483.713040904,/studio/euler_deg.ref_yaw_deg,-6.304799723042366
4.163356652,1758893483.716356652,/studio/euler_deg.ref_yaw_deg,-6.3737660052196246
4.166568948,1758893483.719568948,/studio/euler_deg.ref_yaw_deg,-6.466204051855148
4.169892149,1758893483.722892149,/studio/euler_deg.ref_yaw_deg,-7.028601057719617
4.170117681,1758893483.723117681,/studio/euler_deg.ref_yaw_deg,-7.028601057719617
4.173205158,1758893483.726205158,/studio/euler_deg.ref_yaw_deg,-6.943354822997919
4.177008278,1758893483.730008278,/studio/euler_deg.ref_yaw_deg,-6.955055577616329
4.178128089,1758893483.731128089,/studio/euler_deg.ref_yaw_deg,-6.955055577616329
4.1798993,1758893483.732899300,/studio/euler_deg.ref_yaw_deg,-7.043929941478527
4.183383038,1758893483.736383038,/studio/euler_deg.ref_yaw_deg,-9.280600704371533
4.1872021870000005,1758893483.740202187,/studio/euler_deg.ref_yaw_deg,-9.299671869293627
4.188149876,1758893483.741149876,/studio/euler_deg.ref_yaw_deg,-9.299671869293627
4.190147132,1758893483.743147132,/studio/euler_deg.ref_yaw_deg,-9.79548758281626
4.193197981,1758893483.746197981,/studio/euler_deg.ref_yaw_deg,-11.074538002265966
4.196630449,1758893483.749630449,/studio/euler_deg.ref_yaw_deg,-11.0659574153151
4.199887963,1758893483.752887963,/studio/euler_deg.ref_yaw_deg,-11.501508287683246
4.200112865,1758893483.753112865,/studio/euler_deg.ref_yaw_deg,-11.501508287683246
4.203387665,1758893483.756387665,/studio/euler_deg.ref_yaw_deg,-10.475951201860665
4.207274042,1758893483.760274042,/studio/euler_deg.ref_yaw_deg,-10.4491203774519
4.210128727,1758893483.763128727,/studio/euler_deg.ref_yaw_deg,-10.4491203774519
4.210832561,1758893483.763832561,/studio/euler_deg.ref_yaw_deg,-10.51935674745381
4.213978073,1758893483.766978073,/studio/euler_deg.ref_yaw_deg,-11.057087932922062
4.216569694,1758893483.769569694,/studio/euler_deg.ref_yaw_deg,-11.127082633011959
4.219860231,1758893483.772860231,/studio/euler_deg.ref_yaw_deg,-11.172740397271747
4.220113608,1758893483.773113608,/studio/euler_deg.ref_yaw_deg,-11.172740397271747
4.223151102,1758893483.776151102,/studio/euler_deg.ref_yaw_deg,-12.46676428779777
4.226476174,1758893483.779476174,/studio/euler_deg.ref_yaw_deg,-12.45269252247414
4.229975036,1758893483.782975036,/studio/euler_deg.ref_yaw_deg,-12.551858100990431
4.230111125,1758893483.783111125,/studio/euler_deg.ref_yaw_deg,-12.551858100990431
4.233527726,1758893483.786527726,/studio/euler_deg.ref_yaw_deg,-13.126598209086623
4.237252861,1758893483.790252861,/studio/euler_deg.ref_yaw_deg,-14.276012823017217
4.240134766,1758893483.793134766,/studio/euler_deg.ref_yaw_deg,-14.276012823017217
4.240191191,1758893483.793191191,/studio/euler_deg.ref_yaw_deg,-14.369305589241092
4.243402432,1758893483.796402432,/studio/euler_deg.ref_yaw_deg,-14.904304117729364
4.24812681,1758893483.801126810,/studio/euler_deg.ref_yaw_deg,-14.904304117729364
4.251051124,1758893483.804051124,/studio/euler_deg.ref_yaw_deg,-16.07489256366803
4.2510574,1758893483.804057400,/studio/euler_deg.ref_yaw_deg,-16.15430746485804
4.254649137,1758893483.807649137,/studio/euler_deg.ref_yaw_deg,-19.16456008271916
4.256533247,1758893483.809533247,/studio/euler_deg.ref_yaw_deg,-19.19350389427152
4.258184406,1758893483.811184406,/studio/euler_deg.ref_yaw_deg,-19.19350389427152
4.259828532,1758893483.812828532,/studio/euler_deg.ref_yaw_deg,-21.187343882928534
4.26313305,1758893483.816133050,/studio/euler_deg.ref_yaw_deg,-21.206497139934964
4.266543058,1758893483.819543058,/studio/euler_deg.ref_yaw_deg,-21.179100917955978
4.269822445,1758893483.822822445,/studio/euler_deg.ref_yaw_deg,-21.56637550397666
4.270096238,1758893483.823096238,/studio/euler_deg.ref_yaw_deg,-21.56637550397666
4.273142778,1758893483.826142778,/studio/euler_deg.ref_yaw_deg,-20.670856047383975
4.276415153,1758893483.829415153,/studio/euler_deg.ref_yaw_deg,-20.630410464799215
4.280077102,1758893483.833077102,/studio/euler_deg.ref_yaw_deg,-20.630410464799215
4.280278472,1758893483.833278472,/studio/euler_deg.ref_yaw_deg,-20.69021078561792
4.290102388,1758893483.843102388,/studio/euler_deg.ref_yaw_deg,-20.69021078561792
4.297223481,1758893483.850223481,/studio/euler_deg.ref_yaw_deg,-21.2173332012397
4.297242033,1758893483.850242033,/studio/euler_deg.ref_yaw_deg,-21.713598108484234
4.297244944,1758893483.850244944,/studio/euler_deg.ref_yaw_deg,-22.191125928556705
4.297248976,1758893483.850248976,/studio/euler_deg.ref_yaw_deg,-22.692961567477454
4.3000703510000005,1758893483.853070351,/studio/euler_deg.ref_yaw_deg,-22.692961567477454
4.301925982,1758893483.854925982,/studio/euler_deg.ref_yaw_deg,-23.225108290841757
4.301927459,1758893483.854927459,/studio/euler_deg.ref_yaw_deg,-23.77323118461554
4.303238233,1758893483.856238233,/studio/euler_deg.ref_yaw_deg,-24.293391110841906
4.306556466,1758893483.859556466,/studio/euler_deg.ref_yaw_deg,-24.253166811270063
4.309892181,1758893483.862892181,/studio/euler_deg.ref_yaw_deg,-24.270855516148995
4.310067242,1758893483.863067242,/studio/euler_deg.ref_yaw_deg,-24.270855516148995
4.313167417,1758893483.866167417,/studio/euler_deg.ref_yaw_deg,-25.9587070201857
4.316480216,1758893483.869480216,/studio/euler_deg.ref_yaw_deg,-25.916807931198367
4.319815399,1758893483.872815399,/studio/euler_deg.ref_yaw_deg,-25.982815453344028
4.320070105,1758893483.873070105,/studio/euler_deg.ref_yaw_deg,-25.982815453344028
4.323149378,1758893483.876149378,/studio/euler_deg.ref_yaw_deg,-27.565319310881517
4.32660383,1758893483.879603830,/studio/euler_deg.ref_yaw_deg,-27.558215885957644
4.329781466,1758893483.882781466,/studio/euler_deg.ref_yaw_deg,-27.612218552425688
4.330111368,1758893483.883111368,/studio/euler_deg.ref_yaw_deg,-27.612218552425688
4.333366506,1758893483.886366506,/studio/euler_deg.ref_yaw_deg,-29.118262509217708
4.3364151920000005,1758893483.889415192,/studio/euler_deg.ref_yaw_deg,-29.13797284854624
4.33974352,1758893483.892743520,/studio/euler_deg.ref_yaw_deg,-29.244694598446465
4.340068381,1758893483.893068381,/studio/euler_deg.ref_yaw_deg,-29.244694598446465
4.343016869,1758893483.896016869,/studio/euler_deg.ref_yaw_deg,-30.699410080173628
4.346371775,1758893483.899371775,/studio/euler_deg.ref_yaw_deg,-30.723589790165775
4.348081014,1758893483.901081014,/studio/euler_deg.ref_yaw_deg,-30.723589790165775
4.349832613,1758893483.902832613,/studio/euler_deg.ref_yaw_deg,-33.66874936262881
4.353168618,1758893483.906168618,/studio/euler_deg.ref_yaw_deg,-33.699051103356645
4.356585268,1758893483.909585268,/studio/euler_deg.ref_yaw_deg,-33.752566078545485
4.359711844,1758893483.912711844,/studio/euler_deg.ref_yaw_deg,-34.30090994317865
4.360104638,1758893483.913104638,/studio/euler_deg.ref_yaw_deg,-34.30090994317865
4.363001184,1758893483.916001184,/studio/euler_deg.ref_yaw_deg,-34.22432171594336
4.36636082,1758893483.919360820,/studio/euler_deg.ref_yaw_deg,-34.371229612900834
4.369755831,1758893483.922755831,/studio/euler_deg.ref_yaw_deg,-34.54884010736826
4.3701365580000004,1758893483.923136558,/studio/euler_deg.ref_yaw_deg,-34.54884010736826
4.37301442,1758893483.926014420,/studio/euler_deg.ref_yaw_deg,-35.38311317094157
4.376312918,1758893483.929312918,/studio/euler_deg.ref_yaw_deg,-35.39033333204822
4.379673152,1758893483.932673152,/studio/euler_deg.ref_yaw_deg,-35.43239532224679
4.380107747,1758893483.933107747,/studio/euler_deg.ref_yaw_deg,-35.43239532224679
4.383068436,1758893483.936068436,/studio/euler_deg.ref_yaw_deg,-36.624209546322064
4.38644206,1758893483.939442060,/studio/euler_deg.ref_yaw_deg,-36.57352247551049
4.388105617,1758893483.941105617,/studio/euler_deg.ref_yaw_deg,-36.57352247551049
4.389822107,1758893483.942822107,/studio/euler_deg.ref_yaw_deg,-36.55018532656079
4.393024854,1758893483.946024854,/studio/euler_deg.ref_yaw_deg,-39.2786073072873
4.396344035,1758893483.949344035,/studio/euler_deg.ref_yaw_deg,-39.11934574914739
4.399851895,1758893483.952851895,/studio/euler_deg.ref_yaw_deg,-39.39680131923681
4.400111391,1758893483.953111391,/studio/euler_deg.ref_yaw_deg,-39.39680131923681
4.404122611,1758893483.957122611,/studio/euler_deg.ref_yaw_deg,-39.22168776289745
4.406345816,1758893483.959345816,/studio/euler_deg.ref_yaw_deg,-39.155446555430345
4.4096624,1758893483.962662400,/studio/euler_deg.ref_yaw_deg,-39.151303257514364
4.410117455,1758893483.963117455,/studio/euler_deg.ref_yaw_deg,-39.151303257514364
4.413011736,1758893483.966011736,/studio/euler_deg.ref_yaw_deg,-39.81168068823073
4.416412184,1758893483.969412184,/studio/euler_deg.ref_yaw_deg,-39.751108585607994
4.419667056,1758893483.972667056,/studio/euler_deg.ref_yaw_deg,-39.76840469187725
4.420167518,1758893483.973167518,/studio/euler_deg.ref_yaw_deg,-39.76840469187725
4.423004556,1758893483.976004556,/studio/euler_deg.ref_yaw_deg,-41.12123312052753
4.4262751,1758893483.979275100,/studio/euler_deg.ref_yaw_deg,-41.16969126273831
4.429634068,1758893483.982634068,/studio/euler_deg.ref_yaw_deg,-41.289016918416316
4.430166086,1758893483.983166086,/studio/euler_deg.ref_yaw_deg,-41.289016918416316
4.433046322,1758893483.986046322,/studio/euler_deg.ref_yaw_deg,-42.842928197010316
4.436335561,1758893483.989335561,/studio/euler_deg.ref_yaw_deg,-42.8938495686064
4.439640259,1758893483.992640259,/studio/euler_deg.ref_yaw_deg,-42.96475418780065
4.440150806,1758893483.993150806,/studio/euler_deg.ref_yaw_deg,-42.96475418780065
4.442945696,1758893483.995945696,/studio/euler_deg.ref_yaw_deg,-44.7255659723893
4.446280548,1758893483.999280548,/studio/euler_deg.ref_yaw_deg,-44.77169866687302
4.44974814,1758893484.002748140,/studio/euler_deg.ref_yaw_deg,-44.870122259345635
4.450145956,1758893484.003145956,/studio/euler_deg.ref_yaw_deg,-44.870122259345635
4.452987442,1758893484.005987442,/studio/euler_deg.ref_yaw_deg,-46.47805261435246
4.45642306,1758893484.009423060,/studio/euler_deg.ref_yaw_deg,-46.43014084413082
4.458127289,1758893484.011127289,/studio/euler_deg.ref_yaw_deg,-46.43014084413082
4.459690194,1758893484.012690194,/studio/euler_deg.ref_yaw_deg,-46.37750054977254
4.462982217,1758893484.015982217,/studio/euler_deg.ref_yaw_deg,-49.3011439482723
4.466336988,1758893484.019336988,/studio/euler_deg.ref_yaw_deg,-49.1957688803182
4.468121447,1758893484.021121447,/studio/euler_deg.ref_yaw_deg,-49.1957688803182
4.469631563,1758893484.022631563,/studio/euler_deg.ref_yaw_deg,-51.228127688858045
4.472975725,1758893484.025975725,/studio/euler_deg.ref_yaw_deg,-51.188220852621896
4.476258948,1758893484.029258948,/studio/euler_deg.ref_yaw_deg,-51.19160366081419
4.479600197,1758893484.032600197,/studio/euler_deg.ref_yaw_deg,-51.670297690898764
4.480148524,1758893484.033148524,/studio/euler_deg.ref_yaw_deg,-51.670297690898764
4.482939961,1758893484.035939961,/studio/euler_deg.ref_yaw_deg,-50.7593411149331
4.487038137,1758893484.040038137,/studio/euler_deg.ref_yaw_deg,-50.86641950439403
4.490115552,1758893484.043115552,/studio/euler_deg.ref_yaw_deg,-50.86641950439403
4.498117819,1758893484.051117819,/studio/euler_deg.ref_yaw_deg,-50.86641950439403
4.503727405,1758893484.056727405,/studio/euler_deg.ref_yaw_deg,-51.07790466201241
4.50373103,1758893484.056731030,/studio/euler_deg.ref_yaw_deg,-51.87170380635826
4.503733928,1758893484.056733928,/studio/euler_deg.ref_yaw_deg,-52.660813739696856
4.503737458,1758893484.056737458,/studio/euler_deg.ref_yaw_deg,-53.40555479977374
4.50521611,1758893484.058216110,/studio/euler_deg.ref_yaw_deg,-54.105980392452636
4.506988834,1758893484.059988834,/studio/euler_deg.ref_yaw_deg,-55.25031989199424
4.508115324,1758893484.061115324,/studio/euler_deg.ref_yaw_deg,-55.25031989199424
4.509577214,1758893484.062577214,/studio/euler_deg.ref_yaw_deg,-55.743985841414904
4.512895916,1758893484.065895916,/studio/euler_deg.ref_yaw_deg,-57.5212776735402
4.516420861,1758893484.069420861,/studio/euler_deg.ref_yaw_deg,-57.57970168952257
4.519629151,1758893484.072629151,/studio/euler_deg.ref_yaw_deg,-58.00530370477395
4.520130966,1758893484.073130966,/studio/euler_deg.ref_yaw_deg,-58.00530370477395
4.522879309,1758893484.075879309,/studio/euler_deg.ref_yaw_deg,-57.308313631124214
4.526276869,1758893484.079276869,/studio/euler_deg.ref_yaw_deg,-57.18990940796452
4.528133998,1758893484.081133998,/studio/euler_deg.ref_yaw_deg,-57.18990940796452
4.529540763,1758893484.082540763,/studio/euler_deg.ref_yaw_deg,-57.04768748636793
4.532884244,1758893484.085884244,/studio/euler_deg.ref_yaw_deg,-59.227863498718165
4.536569208,1758893484.089569208,/studio/euler_deg.ref_yaw_deg,-59.049109303386615
4.539653555,1758893484.092653555,/studio/euler_deg.ref_yaw_deg,-59.28330650442149
4.540111653,1758893484.093111653,/studio/euler_deg.ref_yaw_deg,-59.28330650442149
4.542855468,1758893484.095855468,/studio/euler_deg.ref_yaw_deg,-59.117763696584355
4.546249925,1758893484.099249925,/studio/euler_deg.ref_yaw_deg,-58.967693743294454
4.548109454,1758893484.101109454,/studio/euler_deg.ref_yaw_deg,-58.967693743294454
4.549619048,1758893484.102619048,/studio/euler_deg.ref_yaw_deg,-58.85655971874317
4.552937313,1758893484.105937313,/studio/euler_deg.ref_yaw_deg,-61.25657120557484
4.55625943,1758893484.109259430,/studio/euler_deg.ref_yaw_deg,-61.18563419552596
4.558116315,1758893484.111116315,/studio/euler_deg.ref_yaw_deg,-61.18563419552596
4.559642196,1758893484.112642196,/studio/euler_deg.ref_yaw_deg,-61.557062420341076
4.562858922,1758893484.115858922,/studio/euler_deg.ref_yaw_deg,-63.165570224837985
4.566319947,1758893484.119319947,/studio/euler_deg.ref_yaw_deg,-63.21935253023537
4.569537521,1758893484.122537521,/studio/euler_deg.ref_yaw_deg,-63.66765696092918
4.570116679,1758893484.123116679,/studio/euler_deg.ref_yaw_deg,-63.66765696092918
4.572852408,1758893484.125852408,/studio/euler_deg.ref_yaw_deg,-63.028745456917044
4.576349429,1758893484.129349429,/studio/euler_deg.ref_yaw_deg,-63.083478880041724
4.579625388,1758893484.132625388,/studio/euler_deg.ref_yaw_deg,-63.19391606294762
4.580119042,1758893484.133119042,/studio/euler_deg.ref_yaw_deg,-63.19391606294762
4.582808678,1758893484.135808678,/studio/euler_deg.ref_yaw_deg,-64.12678744097967
4.586651612,1758893484.139651612,/studio/euler_deg.ref_yaw_deg,-64.25734852489123
4.589536475,1758893484.142536475,/studio/euler_deg.ref_yaw_deg,-64.39917548209627
4.590119963,1758893484.143119963,/studio/euler_deg.ref_yaw_deg,-64.39917548209627
4.592826412,1758893484.145826412,/studio/euler_deg.ref_yaw_deg,-65.98458955920309
4.596124044,1758893484.149124044,/studio/euler_deg.ref_yaw_deg,-66.04157790399262
4.599464625,1758893484.152464625,/studio/euler_deg.ref_yaw_deg,-66.10880458701311
4.600117058,1758893484.153117058,/studio/euler_deg.ref_yaw_deg,-66.10880458701311
4.602778933,1758893484.155778933,/studio/euler_deg.ref_yaw_deg,-67.94913494213462
4.606288164,1758893484.159288164,/studio/euler_deg.ref_yaw_deg,-67.999127053355
4.609465491,1758893484.162465491,/studio/euler_deg.ref_yaw_deg,-68.05671081488742
4.610128642,1758893484.163128642,/studio/euler_deg.ref_yaw_deg,-68.05671081488742
4.612885494,1758893484.165885494,/studio/euler_deg.ref_yaw_deg,-69.95988761332309
4.616084152,1758893484.169084152,/studio/euler_deg.ref_yaw_deg,-69.90902867749054
4.619771016,1758893484.172771016,/studio/euler_deg.ref_yaw_deg,-69.86180032259682
4.6201373310000005,1758893484.173137331,/studio/euler_deg.ref_yaw_deg,-69.86180032259682
4.623141137,1758893484.176141137,/studio/euler_deg.ref_yaw_deg,-71.66364490801209
4.626081705,1758893484.179081705,/studio/euler_deg.ref_yaw_deg,-71.64422592148273
4.628156168,1758893484.181156168,/studio/euler_deg.ref_yaw_deg,-71.64422592148273
4.629488591,1758893484.182488591,/studio/euler_deg.ref_yaw_deg,-74.86396403741008
4.632746144,1758893484.185746144,/studio/euler_deg.ref_yaw_deg,-74.88822428429134
4.636155453,1758893484.189155453,/studio/euler_deg.ref_yaw_deg,-74.90499948949423
4.639491013,1758893484.192491013,/studio/euler_deg.ref_yaw_deg,-75.30378502857211
4.6401372,1758893484.193137200,/studio/euler_deg.ref_yaw_deg,-75.30378502857211
4.642813634,1758893484.195813634,/studio/euler_deg.ref_yaw_deg,-75.1686605786375
4.646122043,1758893484.199122043,/studio/euler_deg.ref_yaw_deg,-75.16862103056852
4.649470229,1758893484.202470229,/studio/euler_deg.ref_yaw_deg,-75.22073587716174
4.650112569,1758893484.203112569,/studio/euler_deg.ref_yaw_deg,-75.22073587716174
4.652818916,1758893484.205818916,/studio/euler_deg.ref_yaw_deg,-76.15744497231562
4.656331659,1758893484.209331659,/studio/euler_deg.ref_yaw_deg,-76.22918702460798
4.659635303,1758893484.212635303,/studio/euler_deg.ref_yaw_deg,-76.30209327835017
4.660124048,1758893484.213124048,/studio/euler_deg.ref_yaw_deg,-76.30209327835017
4.666241867,1758893484.219241867,/studio/euler_deg.ref_yaw_deg,-77.63637743213044
4.667125849,1758893484.220125849,/studio/euler_deg.ref_yaw_deg,-77.63076669784944
4.669509252,1758893484.222509252,/studio/euler_deg.ref_yaw_deg,-77.60350099496216
4.67011762,1758893484.223117620,/studio/euler_deg.ref_yaw_deg,-77.60350099496216
4.672759605,1758893484.225759605,/studio/euler_deg.ref_yaw_deg,-79.04082790832834
4.676339573,1758893484.229339573,/studio/euler_deg.ref_yaw_deg,-78.9478211173369
4.6795171920000005,1758893484.232517192,/studio/euler_deg.ref_yaw_deg,-78.85903580697199
4.680152763,1758893484.233152763,/studio/euler_deg.ref_yaw_deg,-78.85903580697199
4.682801211,1758893484.235801211,/studio/euler_deg.ref_yaw_deg,-80.28914155531736
4.686080203,1758893484.239080203,/studio/euler_deg.ref_yaw_deg,-80.16997178751369
4.688148896,1758893484.241148896,/studio/euler_deg.ref_yaw_deg,-80.16997178751369
4.692818668,1758893484.245818668,/studio/euler_deg.ref_yaw_deg,-80.01731843760095
4.700122934,1758893484.253122934,/studio/euler_deg.ref_yaw_deg,-80.01731843760095
4.709071654,1758893484.262071654,/studio/euler_deg.ref_yaw_deg,-80.41741369859294
4.709074606,1758893484.262074606,/studio/euler_deg.ref_yaw_deg,-80.83701979923727
4.709110622,1758893484.262110622,/studio/euler_deg.ref_yaw_deg,-81.2968300341374
4.709116706,1758893484.262116706,/studio/euler_deg.ref_yaw_deg,-81.80964768910178
4.710091466,1758893484.263091466,/studio/euler_deg.ref_yaw_deg,-81.80964768910178
4.710254813,1758893484.263254813,/studio/euler_deg.ref_yaw_deg,-82.38106743419817
4.710256862,1758893484.263256862,/studio/euler_deg.ref_yaw_deg,-83.008961361619
4.7130295360000005,1758893484.266029536,/studio/euler_deg.ref_yaw_deg,-83.88998674314638
4.71645203,1758893484.269452030,/studio/euler_deg.ref_yaw_deg,-83.96601632087005
4.719477559,1758893484.272477559,/studio/euler_deg.ref_yaw_deg,-84.0462511572774
4.720136937,1758893484.273136937,/studio/euler_deg.ref_yaw_deg,-84.0462511572774
4.722675733,1758893484.275675733,/studio/euler_deg.ref_yaw_deg,-85.43456043323458
4.726046299,1758893484.279046299,/studio/euler_deg.ref_yaw_deg,-85.57766784467962
4.729352379,1758893484.282352379,/studio/euler_deg.ref_yaw_deg,-85.76146610009275
4.730165832,1758893484.283165832,/studio/euler_deg.ref_yaw_deg,-85.76146610009275
4.732790589,1758893484.285790589,/studio/euler_deg.ref_yaw_deg,-87.48162063800827
4.73609564,1758893484.289095640,/studio/euler_deg.ref_yaw_deg,-87.65672175794214
4.739478849,1758893484.292478849,/studio/euler_deg.ref_yaw_deg,-87.78884567626548
4.7401231169999996,1758893484.293123117,/studio/euler_deg.ref_yaw_deg,-87.78884567626548
4.743806704,1758893484.296806704,/studio/euler_deg.ref_yaw_deg,-88.42737695300421
4.746049985,1758893484.299049985,/studio/euler_deg.ref_yaw_deg,-89.44476545873033
4.749846772,1758893484.302846772,/studio/euler_deg.ref_yaw_deg,-89.47299771636236
4.750121089,1758893484.303121089,/studio/euler_deg.ref_yaw_deg,-89.47299771636236
4.752722227,1758893484.305722227,/studio/euler_deg.ref_yaw_deg,-91.16727197204163
4.756015026,1758893484.309015026,/studio/euler_deg.ref_yaw_deg,-91.17591134412405
4.759468382,1758893484.312468382,/studio/euler_deg.ref_yaw_deg,-91.13355682754447
4.76009191,1758893484.313091910,/studio/euler_deg.ref_yaw_deg,-91.13355682754447
4.762724059,1758893484.315724059,/studio/euler_deg.ref_yaw_deg,-92.60661703370589
4.766005744,1758893484.319005744,/studio/euler_deg.ref_yaw_deg,-92.48247451367673
4.7681109280000005,1758893484.321110928,/studio/euler_deg.ref_yaw_deg,-92.48247451367673
4.769383073,1758893484.322383073,/studio/euler_deg.ref_yaw_deg,-92.36714049641506
4.772646284,1758893484.325646284,/studio/euler_deg.ref_yaw_deg,-95.33541633854603
4.776000612,1758893484.329000612,/studio/euler_deg.ref_yaw_deg,-95.28937007316215
4.778147406,1758893484.331147406,/studio/euler_deg.ref_yaw_deg,-95.28937007316215
4.779438331,1758893484.332438331,/studio/euler_deg.ref_yaw_deg,-95.6325090872933
4.782772912,1758893484.335772912,/studio/euler_deg.ref_yaw_deg,-97.50705962281208
4.785965342,1758893484.338965342,/studio/euler_deg.ref_yaw_deg,-97.47636735389655
4.789426361,1758893484.342426361,/studio/euler_deg.ref_yaw_deg,-97.83060602883583
4.790103615,1758893484.343103615,/studio/euler_deg.ref_yaw_deg,-97.83060602883583
4.793501993,1758893484.346501993,/studio/euler_deg.ref_yaw_deg,-98.50939435672983
4.795980319,1758893484.348980319,/studio/euler_deg.ref_yaw_deg,-96.97738149059452
4.798102985,1758893484.351102985,/studio/euler_deg.ref_yaw_deg,-96.97738149059452
4.799350356,1758893484.352350356,/studio/euler_deg.ref_yaw_deg,-97.05536564410986
4.802611174,1758893484.355611174,/studio/euler_deg.ref_yaw_deg,-99.19192847899805
4.80605607,1758893484.359056070,/studio/euler_deg.ref_yaw_deg,-99.24287372536214
4.809355613,1758893484.362355613,/studio/euler_deg.ref_yaw_deg,-99.62015540867533
4.810072884,1758893484.363072884,/studio/euler_deg.ref_yaw_deg,-99.62015540867533
4.813222437,1758893484.366222437,/studio/euler_deg.ref_yaw_deg,-99.29883164478876
4.815955463,1758893484.368955463,/studio/euler_deg.ref_yaw_deg,-99.34847286329608
4.81941064,1758893484.372410640,/studio/euler_deg.ref_yaw_deg,-99.40115478819028
4.820095156,1758893484.373095156,/studio/euler_deg.ref_yaw_deg,-99.40115478819028
4.822601217,1758893484.375601217,/studio/euler_deg.ref_yaw_deg,-100.33551282341189
4.825965049,1758893484.378965049,/studio/euler_deg.ref_yaw_deg,-100.32012132915655
4.829256367,1758893484.382256367,/studio/euler_deg.ref_yaw_deg,-100.2680210271808
4.8300660220000005,1758893484.383066022,/studio/euler_deg.ref_yaw_deg,-100.2680210271808
4.832654346,1758893484.385654346,/studio/euler_deg.ref_yaw_deg,-101.74529115998313
4.835961213,1758893484.388961213,/studio/euler_deg.ref_yaw_deg,-101.67729240519716
4.839371936,1758893484.392371936,/studio/euler_deg.ref_yaw_deg,-101.62655670787407
4.840099092,1758893484.393099092,/studio/euler_deg.ref_yaw_deg,-101.62655670787407
4.842804758,1758893484.395804758,/studio/euler_deg.ref_yaw_deg,-103.27414047457464
4.84590952,1758893484.398909520,/studio/euler_deg.ref_yaw_deg,-103.22573611566477
4.848076336,1758893484.401076336,/studio/euler_deg.ref_yaw_deg,-103.22573611566477
4.849223568,1758893484.402223568,/studio/euler_deg.ref_yaw_deg,-103.15912889633506
4.852569807,1758893484.405569807,/studio/euler_deg.ref_yaw_deg,-106.3231135352889
4.855836503,1758893484.408836503,/studio/euler_deg.ref_yaw_deg,-106.27927489432854
4.85947599,1758893484.412475990,/studio/euler_deg.ref_yaw_deg,-106.62562499216556
4.860080943,1758893484.413080943,/studio/euler_deg.ref_yaw_deg,-106.62562499216556
4.862739805,1758893484.415739805,/studio/euler_deg.ref_yaw_deg,-106.84530003696888
4.86619489,1758893484.419194890,/studio/euler_deg.ref_yaw_deg,-106.89401199957463
4.869553456,1758893484.422553456,/studio/euler_deg.ref_yaw_deg,-106.94206754295014
4.87009977,1758893484.423099770,/studio/euler_deg.ref_yaw_deg,-106.94206754295014
4.872526855,1758893484.425526855,/studio/euler_deg.ref_yaw_deg,-108.0179003714588
4.875902753,1758893484.428902753,/studio/euler_deg.ref_yaw_deg,-108.10060220546411
4.878095483,1758893484.431095483,/studio/euler_deg.ref_yaw_deg,-108.10060220546411
4.879272708,1758893484.432272708,/studio/euler_deg.ref_yaw_deg,-108.2176466222855
4.882507794,1758893484.435507794,/studio/euler_deg.ref_yaw_deg,-111.23420090305449
4.886156963,1758893484.439156963,/studio/euler_deg.ref_yaw_deg,-111.34796567397625
4.889213032,1758893484.442213032,/studio/euler_deg.ref_yaw_deg,-111.77841290987033
4.8900783400000005,1758893484.443078340,/studio/euler_deg.ref_yaw_deg,-111.77841290987033
4.89291108,1758893484.445911080,/studio/euler_deg.ref_yaw_deg,-111.86345537306316
4.898105783,1758893484.451105783,/studio/euler_deg.ref_yaw_deg,-111.86345537306316
4.90970628,1758893484.462706280,/studio/euler_deg.ref_yaw_deg,-111.90614307188176
4.909709309,1758893484.462709309,/studio/euler_deg.ref_yaw_deg,-111.94290150769274
4.909714603,1758893484.462714603,/studio/euler_deg.ref_yaw_deg,-112.51633155582128
4.909720294,1758893484.462720294,/studio/euler_deg.ref_yaw_deg,-113.08797622309892
4.910109761,1758893484.463109761,/studio/euler_deg.ref_yaw_deg,-113.08797622309892
4.913890503,1758893484.466890503,/studio/euler_deg.ref_yaw_deg,-113.61161064011365
4.913893231,1758893484.466893231,/studio/euler_deg.ref_yaw_deg,-114.09886739280766
4.915916167,1758893484.468916167,/studio/euler_deg.ref_yaw_deg,-114.4312855607942
4.919463086,1758893484.472463086,/studio/euler_deg.ref_yaw_deg,-114.33814254005661
4.92011523,1758893484.473115230,/studio/euler_deg.ref_yaw_deg,-114.33814254005661
4.922742529,1758893484.475742529,/studio/euler_deg.ref_yaw_deg,-115.19164070322974
4.926432938,1758893484.479432938,/studio/euler_deg.ref_yaw_deg,-115.15871671758876
4.9281027,1758893484.481102700,/studio/euler_deg.ref_yaw_deg,-115.15871671758876
4.930087936,1758893484.483087936,/studio/euler_deg.ref_yaw_deg,-115.12309986456876
4.932696953,1758893484.485696953,/studio/euler_deg.ref_yaw_deg,-118.04365796743896
4.936138634,1758893484.489138634,/studio/euler_deg.ref_yaw_deg,-117.98879227747307
4.939829995,1758893484.492829995,/studio/euler_deg.ref_yaw_deg,-118.26343783562245
4.940107029,1758893484.493107029,/studio/euler_deg.ref_yaw_deg,-118.26343783562245
4.944486061,1758893484.497486061,/studio/euler_deg.ref_yaw_deg,-118.43852825662607
4.945861205,1758893484.498861205,/studio/euler_deg.ref_yaw_deg,-118.44738845771913
4.948100469,1758893484.501100469,/studio/euler_deg.ref_yaw_deg,-118.44738845771913
4.949339989,1758893484.502339989,/studio/euler_deg.ref_yaw_deg,-118.47891786194037
4.952537963,1758893484.505537963,/studio/euler_deg.ref_yaw_deg,-121.12300173458802
4.958740997,1758893484.511740997,/studio/euler_deg.ref_yaw_deg,-121.1481368008365
4.95977909,1758893484.512779090,/studio/euler_deg.ref_yaw_deg,-121.49706561498671
4.960087806,1758893484.513087806,/studio/euler_deg.ref_yaw_deg,-121.49706561498671
4.962758556,1758893484.515758556,/studio/euler_deg.ref_yaw_deg,-121.40115360623498
4.966236909,1758893484.519236909,/studio/euler_deg.ref_yaw_deg,-121.42192494394797
4.969528987,1758893484.522528987,/studio/euler_deg.ref_yaw_deg,-121.43045376105448
4.9701007530000005,1758893484.523100753,/studio/euler_deg.ref_yaw_deg,-121.43045376105448
4.972435595,1758893484.525435595,/studio/euler_deg.ref_yaw_deg,-122.46275234844977
4.976125193,1758893484.529125193,/studio/euler_deg.ref_yaw_deg,-122.43136681348632
4.978115308,1758893484.531115308,/studio/euler_deg.ref_yaw_deg,-122.43136681348632
4.979413635,1758893484.532413635,/studio/euler_deg.ref_yaw_deg,-122.39125484320618
4.9824898,1758893484.535489800,/studio/euler_deg.ref_yaw_deg,-125.32397787926293
4.985778593,1758893484.538778593,/studio/euler_deg.ref_yaw_deg,-125.31101096967241
4.989322423,1758893484.542322423,/studio/euler_deg.ref_yaw_deg,-125.63214852534378
4.990117521,1758893484.543117521,/studio/euler_deg.ref_yaw_deg,-125.63214852534378
4.992423092,1758893484.545423092,/studio/euler_deg.ref_yaw_deg,-125.79796568618666
4.996208695,1758893484.549208695,/studio/euler_deg.ref_yaw_deg,-125.76638582732217
4.999153207,1758893484.552153207,/studio/euler_deg.ref_yaw_deg,-125.72343940500426
5.000073756,1758893484.553073756,/studio/euler_deg.ref_yaw_deg,-125.72343940500426
5.002456948,1758893484.555456948,/studio/euler_deg.ref_yaw_deg,-126.7739752193272
5.005836851,1758893484.558836851,/studio/euler_deg.ref_yaw_deg,-126.75957501570039
5.008145238,1758893484.561145238,/studio/euler_deg.ref_yaw_deg,-126.75957501570039
5.009898946,1758893484.562898946,/studio/euler_deg.ref_yaw_deg,-126.7588833885489
5.012544482,1758893484.565544482,/studio/euler_deg.ref_yaw_deg,-129.72539979524413
5.015948832,1758893484.568948832,/studio/euler_deg.ref_yaw_deg,-129.72890242417301
5.0181502,1758893484.571150200,/studio/euler_deg.ref_yaw_deg,-129.72890242417301
5.019111649,1758893484.572111649,/studio/euler_deg.ref_yaw_deg,-130.0464267521168
5.022480374,1758893484.575480374,/studio/euler_deg.ref_yaw_deg,-131.86947928293344
5.025694819,1758893484.578694819,/studio/euler_deg.ref_yaw_deg,-131.86428127052454
5.029300902,1758893484.582300902,/studio/euler_deg.ref_yaw_deg,-132.1897781728687
5.030245854,1758893484.583245854,/studio/euler_deg.ref_yaw_deg,-132.1897781728687
5.032503629,1758893484.585503629,/studio/euler_deg.ref_yaw_deg,-131.55406188604238
5.035739007,1758893484.588739007,/studio/euler_deg.ref_yaw_deg,-131.59529423700053
5.039059691,1758893484.592059691,/studio/euler_deg.ref_yaw_deg,-131.60692838004806
5.040083423,1758893484.593083423,/studio/euler_deg.ref_yaw_deg,-131.60692838004806
5.042480315,1758893484.595480315,/studio/euler_deg.ref_yaw_deg,-132.27113605309407
5.045740591,1758893484.598740591,/studio/euler_deg.ref_yaw_deg,-132.2378159578592
5.049043357,1758893484.602043357,/studio/euler_deg.ref_yaw_deg,-132.20943829711035
5.050070329,1758893484.603070329,/studio/euler_deg.ref_yaw_deg,-132.20943829711035
5.052434735,1758893484.605434735,/studio/euler_deg.ref_yaw_deg,-133.59851054618775
5.0557096,1758893484.608709600,/studio/euler_deg.ref_yaw_deg,-133.5858649774516
5.058945459,1758893484.611945459,/studio/euler_deg.ref_yaw_deg,-133.57240830674297
5.060085159,1758893484.613085159,/studio/euler_deg.ref_yaw_deg,-133.57240830674297
5.062618908,1758893484.615618908,/studio/euler_deg.ref_yaw_deg,-135.20662067306017
5.065804906,1758893484.618804906,/studio/euler_deg.ref_yaw_deg,-135.15104537821423
5.068071009,1758893484.621071009,/studio/euler_deg.ref_yaw_deg,-135.15104537821423
5.069168521,1758893484.622168521,/studio/euler_deg.ref_yaw_deg,-135.07515607214646
5.073264174,1758893484.626264174,/studio/euler_deg.ref_yaw_deg,-138.21235062981364
5.076024589,1758893484.629024589,/studio/euler_deg.ref_yaw_deg,-138.1629821199753
5.079547959,1758893484.632547959,/studio/euler_deg.ref_yaw_deg,-138.4469572332004
5.080084333,1758893484.633084333,/studio/euler_deg.ref_yaw_deg,-138.4469572332004
5.082732933,1758893484.635732933,/studio/euler_deg.ref_yaw_deg,-138.6911521903776
5.086052468,1758893484.639052468,/studio/euler_deg.ref_yaw_deg,-138.65027291752006
5.088068833,1758893484.641068833,/studio/euler_deg.ref_yaw_deg,-138.65027291752006
5.089305142,1758893484.642305142,/studio/euler_deg.ref_yaw_deg,-138.6029785319662
5.09257488,1758893484.645574880,/studio/euler_deg.ref_yaw_deg,-141.18601985460617
5.095890816,1758893484.648890816,/studio/euler_deg.ref_yaw_deg,-141.19003927593906
5.100066453,1758893484.653066453,/studio/euler_deg.ref_yaw_deg,-141.19003927593906
5.102525746,1758893484.655525746,/studio/euler_deg.ref_yaw_deg,-141.5398173339686
5.110120658,1758893484.663120658,/studio/euler_deg.ref_yaw_deg,-141.5398173339686
5.118795846,1758893484.671795846,/studio/euler_deg.ref_yaw_deg,-142.23719798133712
5.11879904,1758893484.671799040,/studio/euler_deg.ref_yaw_deg,-142.94859686275487
5.118805187,1758893484.671805187,/studio/euler_deg.ref_yaw_deg,-143.65684986265333
5.118806723,1758893484.671806723,/studio/euler_deg.ref_yaw_deg,-144.3696874313022
5.119111397,1758893484.672111397,/studio/euler_deg.ref_yaw_deg,-145.09203665947598
5.120076038,1758893484.673076038,/studio/euler_deg.ref_yaw_deg,-145.09203665947598
5.120677227,1758893484.673677227,/studio/euler_deg.ref_yaw_deg,-145.8313891308794
5.12247369,1758893484.675473690,/studio/euler_deg.ref_yaw_deg,-144.09197514962392
5.125710496,1758893484.678710496,/studio/euler_deg.ref_yaw_deg,-144.1993549217347
5.129166744,1758893484.682166744,/studio/euler_deg.ref_yaw_deg,-144.2796041471038
5.130066203,1758893484.683066203,/studio/euler_deg.ref_yaw_deg,-144.2796041471038
5.13264738,1758893484.685647380,/studio/euler_deg.ref_yaw_deg,-145.91238999817477
5.135833974,1758893484.688833974,/studio/euler_deg.ref_yaw_deg,-145.89853118610677
5.139313312,1758893484.692313312,/studio/euler_deg.ref_yaw_deg,-145.8382249580586
5.140091314,1758893484.693091314,/studio/euler_deg.ref_yaw_deg,-145.8382249580586
5.142353189,1758893484.695353189,/studio/euler_deg.ref_yaw_deg,-147.38336620449704
5.145687591,1758893484.698687591,/studio/euler_deg.ref_yaw_deg,-147.29989266212453
5.149181895,1758893484.702181895,/studio/euler_deg.ref_yaw_deg,-147.2304946342745
5.150101696,1758893484.703101696,/studio/euler_deg.ref_yaw_deg,-147.2304946342745
5.152607779,1758893484.705607779,/studio/euler_deg.ref_yaw_deg,-148.81886137942953
5.155826878,1758893484.708826878,/studio/euler_deg.ref_yaw_deg,-148.74451283124142
5.159318468,1758893484.712318468,/studio/euler_deg.ref_yaw_deg,-148.6524110838229
5.160096697,1758893484.713096697,/studio/euler_deg.ref_yaw_deg,-148.6524110838229
5.162469975,1758893484.715469975,/studio/euler_deg.ref_yaw_deg,-150.1090111276663
5.165821814,1758893484.718821814,/studio/euler_deg.ref_yaw_deg,-150.0354002469799
5.169078474,1758893484.722078474,/studio/euler_deg.ref_yaw_deg,-150.03096865857287
5.170069496,1758893484.723069496,/studio/euler_deg.ref_yaw_deg,-150.03096865857287
5.172366222,1758893484.725366222,/studio/euler_deg.ref_yaw_deg,-151.61603140966616
5.175641835,1758893484.728641835,/studio/euler_deg.ref_yaw_deg,-151.7425749992595
5.179017193,1758893484.732017193,/studio/euler_deg.ref_yaw_deg,-151.86855405559484
5.180068494,1758893484.733068494,/studio/euler_deg.ref_yaw_deg,-151.86855405559484
5.18256401,1758893484.735564010,/studio/euler_deg.ref_yaw_deg,-153.2587167295852
5.185745112,1758893484.738745112,/studio/euler_deg.ref_yaw_deg,-153.34118222898627
5.189187988,1758893484.742187988,/studio/euler_deg.ref_yaw_deg,-153.4022139293489
5.19007554,1758893484.743075540,/studio/euler_deg.ref_yaw_deg,-153.4022139293489
5.192438801,1758893484.745438801,/studio/euler_deg.ref_yaw_deg,-154.87228887751033
5.195760922,1758893484.748760922,/studio/euler_deg.ref_yaw_deg,-154.8652639896303
5.198110764,1758893484.751110764,/studio/euler_deg.ref_yaw_deg,-154.8652639896303
5.199099303,1758893484.752099303,/studio/euler_deg.ref_yaw_deg,-154.85150983144754
5.202478907,1758893484.755478907,/studio/euler_deg.ref_yaw_deg,-157.77321269777468
5.205718553,1758893484.758718553,/studio/euler_deg.ref_yaw_deg,-157.78266498556857
5.209011491,1758893484.762011491,/studio/euler_deg.ref_yaw_deg,-158.05002413512787
5.210097773,1758893484.763097773,/studio/euler_deg.ref_yaw_deg,-158.05002413512787
5.212360531,1758893484.765360531,/studio/euler_deg.ref_yaw_deg,-157.81815831431197
5.215717275,1758893484.768717275,/studio/euler_deg.ref_yaw_deg,-157.70664369789023
5.219020061,1758893484.772020061,/studio/euler_deg.ref_yaw_deg,-157.5813747740829
5.22009287,1758893484.773092870,/studio/euler_deg.ref_yaw_deg,-157.5813747740829
5.222915878,1758893484.775915878,/studio/euler_deg.ref_yaw_deg,-158.26337673230918
5.225681899,1758893484.778681899,/studio/euler_deg.ref_yaw_deg,-158.18362123190548
5.228980438,1758893484.781980438,/studio/euler_deg.ref_yaw_deg,-158.12333289896594
5.23010526,1758893484.783105260,/studio/euler_deg.ref_yaw_deg,-158.12333289896594
5.232440718,1758893484.785440718,/studio/euler_deg.ref_yaw_deg,-159.4109644324592
5.235694059,1758893484.788694059,/studio/euler_deg.ref_yaw_deg,-159.36783402100932
5.239041549,1758893484.792041549,/studio/euler_deg.ref_yaw_deg,-159.34110007288464
5.240080807,1758893484.793080807,/studio/euler_deg.ref_yaw_deg,-159.34110007288464
5.242652957,1758893484.795652957,/studio/euler_deg.ref_yaw_deg,-160.75376651113882
5.24573444,1758893484.798734440,/studio/euler_deg.ref_yaw_deg,-160.8024343985583
5.249104917,1758893484.802104917,/studio/euler_deg.ref_yaw_deg,-160.8965778068155
5.250121298,1758893484.803121298,/studio/euler_deg.ref_yaw_deg,-160.8965778068155
5.252433807,1758893484.805433807,/studio/euler_deg.ref_yaw_deg,-162.4856333756888
5.255722879,1758893484.808722879,/studio/euler_deg.ref_yaw_deg,-162.59905025354158
5.259014578,1758893484.812014578,/studio/euler_deg.ref_yaw_deg,-162.694966766917
5.26014406,1758893484.813144060,/studio/euler_deg.ref_yaw_deg,-162.694966766917
5.26241046,1758893484.815410460,/studio/euler_deg.ref_yaw_deg,-163.2507071444965
5.265747943,1758893484.818747943,/studio/euler_deg.ref_yaw_deg,-164.44573947127162
5.269155458,1758893484.822155458,/studio/euler_deg.ref_yaw_deg,-164.59000401782268
5.270114145,1758893484.823114145,/studio/euler_deg.ref_yaw_deg,-164.59000401782268
5.272337367,1758893484.825337367,/studio/euler_deg.ref_yaw_deg,-166.28046225981296
5.27579395,1758893484.828793950,/studio/euler_deg.ref_yaw_deg,-166.39899529653312
5.27889705,1758893484.831897050,/studio/euler_deg.ref_yaw_deg,-166.47171373401622
5.280124555,1758893484.833124555,/studio/euler_deg.ref_yaw_deg,-166.47171373401622
5.282408332,1758893484.835408332,/studio/euler_deg.ref_yaw_deg,-167.9718112390215
5.285762162,1758893484.838762162,/studio/euler_deg.ref_yaw_deg,-167.9626202499311
5.28905768,1758893484.842057680,/studio/euler_deg.ref_yaw_deg,-167.93970283816876
5.290123348,1758893484.843123348,/studio/euler_deg.ref_yaw_deg,-167.93970283816876
5.292297059,1758893484.845297059,/studio/euler_deg.ref_yaw_deg,-169.38573111719194
5.295658578,1758893484.848658578,/studio/euler_deg.ref_yaw_deg,-169.37287252660522
5.298120769,1758893484.851120769,/studio/euler_deg.ref_yaw_deg,-169.37287252660522
5.299103499,1758893484.852103499,/studio/euler_deg.ref_yaw_deg,-169.3502640597201
5.302434147,1758893484.855434147,/studio/euler_deg.ref_yaw_deg,-172.2688040290779
5.310118287,1758893484.863118287,/studio/euler_deg.ref_yaw_deg,-172.2688040290779
5.318899245,1758893484.871899245,/studio/euler_deg.ref_yaw_deg,-172.1965219670631
5.318902562,1758893484.871902562,/studio/euler_deg.ref_yaw_deg,-172.39500431951643
5.318904763,1758893484.871904763,/studio/euler_deg.ref_yaw_deg,-172.9788743384076
5.318923031,1758893484.871923031,/studio/euler_deg.ref_yaw_deg,-173.60188538998244
5.320126106,1758893484.873126106,/studio/euler_deg.ref_yaw_deg,-173.60188538998244
5.325323113,1758893484.878323113,/studio/euler_deg.ref_yaw_deg,-174.2485586450994
5.325325281,1758893484.878325281,/studio/euler_deg.ref_yaw_deg,-174.89988537921766
5.326250388,1758893484.879250388,/studio/euler_deg.ref_yaw_deg,-172.99610656602712
5.328077184,1758893484.881077184,/studio/euler_deg.ref_yaw_deg,-172.99610656602712
5.329048266,1758893484.882048266,/studio/euler_deg.ref_yaw_deg,-172.9993630311116
5.332217404,1758893484.885217404,/studio/euler_deg.ref_yaw_deg,-175.81516874189583
5.335685415,1758893484.888685415,/studio/euler_deg.ref_yaw_deg,-175.89438513075277
5.33895828,1758893484.891958280,/studio/euler_deg.ref_yaw_deg,-176.24045116114647
5.340084128,1758893484.893084128,/studio/euler_deg.ref_yaw_deg,-176.24045116114647
5.34243965,1758893484.895439650,/studio/euler_deg.ref_yaw_deg,-176.31053666938502
5.345698353,1758893484.898698353,/studio/euler_deg.ref_yaw_deg,-176.38323280791053
5.348786907,1758893484.901786907,/studio/euler_deg.ref_yaw_deg,-176.44678455023995
5.350075099,1758893484.903075099,/studio/euler_deg.ref_yaw_deg,-176.44678455023995
5.352512784,1758893484.905512784,/studio/euler_deg.ref_yaw_deg,-177.40251765899552
5.355729423,1758893484.908729423,/studio/euler_deg.ref_yaw_deg,-177.45392545215387
5.3581006,1758893484.911100600,/studio/euler_deg.ref_yaw_deg,-177.45392545215387
5.359028793,1758893484.912028793,/studio/euler_deg.ref_yaw_deg,-177.5103965186685
5.362373395,1758893484.915373395,/studio/euler_deg.ref_yaw_deg,179.6274555337159
5.365670222,1758893484.918670222,/studio/euler_deg.ref_yaw_deg,179.63153012190247
5.3680839,1758893484.921083900,/studio/euler_deg.ref_yaw_deg,179.63153012190247
5.369026863,1758893484.922026863,/studio/euler_deg.ref_yaw_deg,179.45768310584776
5.372374473,1758893484.925374473,/studio/euler_deg.ref_yaw_deg,177.67349660491945
5.375702765,1758893484.928702765,/studio/euler_deg.ref_yaw_deg,177.75766041697068
5.378074144,1758893484.931074144,/studio/euler_deg.ref_yaw_deg,177.75766041697068
5.379036879,1758893484.932036879,/studio/euler_deg.ref_yaw_deg,177.55958193421023
5.382652909,1758893484.935652909,/studio/euler_deg.ref_yaw_deg,176.49878882757466
5.385472392,1758893484.938472392,/studio/euler_deg.ref_yaw_deg,176.54939673728222
5.388095177,1758893484.941095177,/studio/euler_deg.ref_yaw_deg,176.54939673728222
5.389175074,1758893484.942175074,/studio/euler_deg.ref_yaw_deg,176.332684104465
5.392768059,1758893484.945768059,/studio/euler_deg.ref_yaw_deg,175.56458863084927
5.396124164,1758893484.949124164,/studio/euler_deg.ref_yaw_deg,175.56802468007524
5.398975085,1758893484.951975085,/studio/euler_deg.ref_yaw_deg,175.29170517310192
5.400129375,1758893484.953129375,/studio/euler_deg.ref_yaw_deg,175.29170517310192
5.402256559,1758893484.955256559,/studio/euler_deg.ref_yaw_deg,176.25974631211548
5.405811884,1758893484.958811884,/studio/euler_deg.ref_yaw_deg,176.23398492500587
5.40807117,1758893484.961071170,/studio/euler_deg.ref_yaw_deg,176.23398492500587
5.408869351,1758893484.961869351,/studio/euler_deg.ref_yaw_deg,176.20641259701233
5.412192368,1758893484.965192368,/studio/euler_deg.ref_yaw_deg,173.85781629374657
5.415573722,1758893484.968573722,/studio/euler_deg.ref_yaw_deg,173.80583066371256
5.418118303,1758893484.971118303,/studio/euler_deg.ref_yaw_deg,173.80583066371256
5.418816544,1758893484.971816544,/studio/euler_deg.ref_yaw_deg,173.5264349033307
5.422291294,1758893484.975291294,/studio/euler_deg.ref_yaw_deg,171.665659123382
5.425499366,1758893484.978499366,/studio/euler_deg.ref_yaw_deg,171.6473586402067
5.428833203,1758893484.981833203,/studio/euler_deg.ref_yaw_deg,171.44163389446632
5.430071282,1758893484.983071282,/studio/euler_deg.ref_yaw_deg,171.44163389446632
5.432318847,1758893484.985318847,/studio/euler_deg.ref_yaw_deg,171.758505923073
5.435620105,1758893484.988620105,/studio/euler_deg.ref_yaw_deg,171.823508943722
5.438945369,1758893484.991945369,/studio/euler_deg.ref_yaw_deg,171.8789316525772
5.4401194,1758893484.993119400,/studio/euler_deg.ref_yaw_deg,171.8789316525772
5.44214342,1758893484.995143420,/studio/euler_deg.ref_yaw_deg,170.8803139429873
5.445593014,1758893484.998593014,/studio/euler_deg.ref_yaw_deg,170.94160321787342
5.448980643,1758893485.001980643,/studio/euler_deg.ref_yaw_deg,171.01810601259464
5.450120594,1758893485.003120594,/studio/euler_deg.ref_yaw_deg,171.01810601259464
5.452370849,1758893485.005370849,/studio/euler_deg.ref_yaw_deg,169.43742904954334
5.455579243,1758893485.008579243,/studio/euler_deg.ref_yaw_deg,169.4638242219311
5.458090931,1758893485.011090931,/studio/euler_deg.ref_yaw_deg,169.4638242219311
5.458929336,1758893485.011929336,/studio/euler_deg.ref_yaw_deg,169.4481632896344
5.462378157,1758893485.015378157,/studio/euler_deg.ref_yaw_deg,166.17266495070234
5.466021842,1758893485.019021842,/studio/euler_deg.ref_yaw_deg,166.14251552868183
5.468079265,1758893485.021079265,/studio/euler_deg.ref_yaw_deg,166.14251552868183
5.468984519,1758893485.021984519,/studio/euler_deg.ref_yaw_deg,165.89430408415527
5.472256084,1758893485.025256084,/studio/euler_deg.ref_yaw_deg,163.68278801220475
5.475537531,1758893485.028537531,/studio/euler_deg.ref_yaw_deg,163.65358017112447
5.478890658,1758893485.031890658,/studio/euler_deg.ref_yaw_deg,163.37845696542072
5.480083366,1758893485.033083366,/studio/euler_deg.ref_yaw_deg,163.37845696542072
5.48230829,1758893485.035308290,/studio/euler_deg.ref_yaw_deg,163.77018936032945
5.485605882,1758893485.038605882,/studio/euler_deg.ref_yaw_deg,163.68976511649228
5.488934701,1758893485.041934701,/studio/euler_deg.ref_yaw_deg,163.59950098552946
5.490080338,1758893485.043080338,/studio/euler_deg.ref_yaw_deg,163.59950098552946
5.492353929,1758893485.045353929,/studio/euler_deg.ref_yaw_deg,162.74931937898853
5.496311123,1758893485.049311123,/studio/euler_deg.ref_yaw_deg,162.71105917985426
5.498068057,1758893485.051068057,/studio/euler_deg.ref_yaw_deg,162.71105917985426
5.498837451,1758893485.051837451,/studio/euler_deg.ref_yaw_deg,162.69263674383546
5.502228396,1758893485.055228396,/studio/euler_deg.ref_yaw_deg,159.6377389156195
5.505492271,1758893485.058492271,/studio/euler_deg.ref_yaw_deg,159.6216503125305
5.509050354,1758893485.062050354,/studio/euler_deg.ref_yaw_deg,159.41818056279652
5.510075104,1758893485.063075104,/studio/euler_deg.ref_yaw_deg,159.41818056279652
5.518144906,1758893485.071144906,/studio/euler_deg.ref_yaw_deg,159.41818056279652
5.52549035,1758893485.078490350,/studio/euler_deg.ref_yaw_deg,158.87425994608705
5.5254940900000005,1758893485.078494090,/studio/euler_deg.ref_yaw_deg,158.35476952432188
5.52552065,1758893485.078520650,/studio/euler_deg.ref_yaw_deg,157.83739550737752
5.525522764,1758893485.078522764,/studio/euler_deg.ref_yaw_deg,157.3178375933366
5.52810471,1758893485.081104710,/studio/euler_deg.ref_yaw_deg,157.3178375933366
5.529613618,1758893485.082613618,/studio/euler_deg.ref_yaw_deg,156.80914499495648
5.529615263,1758893485.082615263,/studio/euler_deg.ref_yaw_deg,156.32048358520495
5.532165371,1758893485.085165371,/studio/euler_deg.ref_yaw_deg,155.31087797934174
5.535491619,1758893485.088491619,/studio/euler_deg.ref_yaw_deg,155.44233955669412
5.538667481,1758893485.091667481,/studio/euler_deg.ref_yaw_deg,155.331291479216
5.540067188,1758893485.093067188,/studio/euler_deg.ref_yaw_deg,155.331291479216
5.542107089,1758893485.095107089,/studio/euler_deg.ref_yaw_deg,154.77949601179637
5.545479328,1758893485.098479328,/studio/euler_deg.ref_yaw_deg,155.33659502987243
5.548100682,1758893485.101100682,/studio/euler_deg.ref_yaw_deg,155.33659502987243
5.548797608,1758893485.101797608,/studio/euler_deg.ref_yaw_deg,155.27850589216416
5.55194101,1758893485.104941010,/studio/euler_deg.ref_yaw_deg,152.68218461380894
5.556543561,1758893485.109543561,/studio/euler_deg.ref_yaw_deg,152.54677355710047
5.558735177,1758893485.111735177,/studio/euler_deg.ref_yaw_deg,152.19864017716725
5.5601273330000005,1758893485.113127333,/studio/euler_deg.ref_yaw_deg,152.19864017716725
5.562317647,1758893485.115317647,/studio/euler_deg.ref_yaw_deg,152.11086759886712
5.565431864,1758893485.118431864,/studio/euler_deg.ref_yaw_deg,151.96082369022173
5.5687168190000005,1758893485.121716819,/studio/euler_deg.ref_yaw_deg,151.77502013211156
5.570080157,1758893485.123080157,/studio/euler_deg.ref_yaw_deg,151.77502013211156
5.572012753,1758893485.125012753,/studio/euler_deg.ref_yaw_deg,150.66255670099133
5.575640563,1758893485.128640563,/studio/euler_deg.ref_yaw_deg,150.4234417186161
5.578071905,1758893485.131071905,/studio/euler_deg.ref_yaw_deg,150.4234417186161
5.57873756,1758893485.131737560,/studio/euler_deg.ref_yaw_deg,150.19857278887346
5.582274675,1758893485.135274675,/studio/euler_deg.ref_yaw_deg,147.1337117431891
5.5853978390000005,1758893485.138397839,/studio/euler_deg.ref_yaw_deg,146.94915092674873
5.588650667,1758893485.141650667,/studio/euler_deg.ref_yaw_deg,146.60103272377478
5.590072127,1758893485.143072127,/studio/euler_deg.ref_yaw_deg,146.60103272377478
5.592332943,1758893485.145332943,/studio/euler_deg.ref_yaw_deg,146.18632434601471
5.595485861,1758893485.148485861,/studio/euler_deg.ref_yaw_deg,146.14067145333132
5.598725471,1758893485.151725471,/studio/euler_deg.ref_yaw_deg,146.11915085506988
5.600073802,1758893485.153073802,/studio/euler_deg.ref_yaw_deg,146.11915085506988
5.60200594,1758893485.155005940,/studio/euler_deg.ref_yaw_deg,146.0254794869773
5.6053167340000005,1758893485.158316734,/studio/euler_deg.ref_yaw_deg,146.07521149748314
5.608665456,1758893485.161665456,/studio/euler_deg.ref_yaw_deg,146.20280280984886
5.610076511,1758893485.163076511,/studio/euler_deg.ref_yaw_deg,146.20280280984886
5.612131856,1758893485.165131856,/studio/euler_deg.ref_yaw_deg,146.03170439910647
5.61539826,1758893485.168398260,/studio/euler_deg.ref_yaw_deg,145.41598548129323
5.618072388,1758893485.171072388,/studio/euler_deg.ref_yaw_deg,145.41598548129323
5.618558392,1758893485.171558392,/studio/euler_deg.ref_yaw_deg,145.6307628254441
5.622045353,1758893485.175045353,/studio/euler_deg.ref_yaw_deg,142.6489915150824
5.625421932,1758893485.178421932,/studio/euler_deg.ref_yaw_deg,142.85061530364723
5.628775027,1758893485.181775027,/studio/euler_deg.ref_yaw_deg,142.86365116420373
5.630075662,1758893485.183075662,/studio/euler_deg.ref_yaw_deg,142.86365116420373
5.632794917,1758893485.185794917,/studio/euler_deg.ref_yaw_deg,142.5331713378032
5.635362011,1758893485.188362011,/studio/euler_deg.ref_yaw_deg,142.73812012310455
5.638619858,1758893485.191619858,/studio/euler_deg.ref_yaw_deg,142.92539749312314
5.640088028,1758893485.193088028,/studio/euler_deg.ref_yaw_deg,142.92539749312314
5.642025506,1758893485.195025506,/studio/euler_deg.ref_yaw_deg,142.68936429087105
5.645261982,1758893485.198261982,/studio/euler_deg.ref_yaw_deg,142.09331370703825
5.6480921120000005,1758893485.201092112,/studio/euler_deg.ref_yaw_deg,142.09331370703825
5.648589339,1758893485.201589339,/studio/euler_deg.ref_yaw_deg,142.27055854538344
5.651940967,1758893485.204940967,/studio/euler_deg.ref_yaw_deg,139.50619994952046
5.655295935,1758893485.208295935,/studio/euler_deg.ref_yaw_deg,139.58586334363898
5.658100483,1758893485.211100483,/studio/euler_deg.ref_yaw_deg,139.58586334363898
5.658654685,1758893485.211654685,/studio/euler_deg.ref_yaw_deg,139.41411588580823
5.661929353,1758893485.214929353,/studio/euler_deg.ref_yaw_deg,137.38653990291414
5.665300431,1758893485.218300431,/studio/euler_deg.ref_yaw_deg,137.39717064348307
5.6685732170000005,1758893485.221573217,/studio/euler_deg.ref_yaw_deg,137.18432760906447
5.670145031,1758893485.223145031,/studio/euler_deg.ref_yaw_deg,137.18432760906447
5.671893804,1758893485.224893804,/studio/euler_deg.ref_yaw_deg,137.7518983142387
5.675401739,1758893485.228401739,/studio/euler_deg.ref_yaw_deg,137.65780923508356
5.67858744,1758893485.231587440,/studio/euler_deg.ref_yaw_deg,137.54377896442924
5.680072254,1758893485.233072254,/studio/euler_deg.ref_yaw_deg,137.54377896442924
5.682085748,1758893485.235085748,/studio/euler_deg.ref_yaw_deg,136.65028308417442
5.685220366,1758893485.238220366,/studio/euler_deg.ref_yaw_deg,136.5646216851429
5.688768174,1758893485.241768174,/studio/euler_deg.ref_yaw_deg,136.50056869272436
5.690104646,1758893485.243104646,/studio/euler_deg.ref_yaw_deg,136.50056869272436
5.691924365,1758893485.244924365,/studio/euler_deg.ref_yaw_deg,136.0557483276293
5.695515782,1758893485.248515782,/studio/euler_deg.ref_yaw_deg,134.9252934023436
5.698102828,1758893485.251102828,/studio/euler_deg.ref_yaw_deg,134.9252934023436
5.698551574,1758893485.251551574,/studio/euler_deg.ref_yaw_deg,134.9240765181785
5.701858065,1758893485.254858065,/studio/euler_deg.ref_yaw_deg,131.56231152787825
5.705226344,1758893485.258226344,/studio/euler_deg.ref_yaw_deg,131.62810513647761
5.708676877,1758893485.261676877,/studio/euler_deg.ref_yaw_deg,131.49385750438378
5.7101028320000005,1758893485.263102832,/studio/euler_deg.ref_yaw_deg,131.49385750438378
5.712180369,1758893485.265180369,/studio/euler_deg.ref_yaw_deg,131.1243214709441
5.720152427,1758893485.273152427,/studio/euler_deg.ref_yaw_deg,131.1243214709441
5.728094492,1758893485.281094492,/studio/euler_deg.ref_yaw_deg,131.1243214709441
5.731819022,1758893485.284819022,/studio/euler_deg.ref_yaw_deg,131.17213283810335
5.731822846,1758893485.284822846,/studio/euler_deg.ref_yaw_deg,131.2383508067086
5.73182488,1758893485.284824880,/studio/euler_deg.ref_yaw_deg,130.9092668979835
5.731965841,1758893485.284965841,/studio/euler_deg.ref_yaw_deg,130.40821308336643
5.734366378,1758893485.287366378,/studio/euler_deg.ref_yaw_deg,129.8866693325367
5.734368692,1758893485.287368692,/studio/euler_deg.ref_yaw_deg,129.3062361947479
5.73609765,1758893485.289097650,/studio/euler_deg.ref_yaw_deg,127.5732300387144
5.738527358,1758893485.291527358,/studio/euler_deg.ref_yaw_deg,127.21237937309346
5.7400707870000005,1758893485.293070787,/studio/euler_deg.ref_yaw_deg,127.21237937309346
5.741987509,1758893485.294987509,/studio/euler_deg.ref_yaw_deg,126.35086196225751
5.745238428,1758893485.298238428,/studio/euler_deg.ref_yaw_deg,126.47239792557849
5.748733851,1758893485.301733851,/studio/euler_deg.ref_yaw_deg,126.21195393743885
5.750073442,1758893485.303073442,/studio/euler_deg.ref_yaw_deg,126.21195393743885
5.752049643,1758893485.305049643,/studio/euler_deg.ref_yaw_deg,125.61152960435075
5.755349431,1758893485.308349431,/studio/euler_deg.ref_yaw_deg,124.9054611760343
5.7594142040000005,1758893485.312414204,/studio/euler_deg.ref_yaw_deg,124.80595437370022
5.760086789,1758893485.313086789,/studio/euler_deg.ref_yaw_deg,124.80595437370022
5.762036845,1758893485.315036845,/studio/euler_deg.ref_yaw_deg,124.34576168976349
5.765942973,1758893485.318942973,/studio/euler_deg.ref_yaw_deg,123.23687298014626
5.768595681,1758893485.321595681,/studio/euler_deg.ref_yaw_deg,123.2059303525105
5.770118366,1758893485.323118366,/studio/euler_deg.ref_yaw_deg,123.2059303525105
5.771881409,1758893485.324881409,/studio/euler_deg.ref_yaw_deg,122.82456894376196
5.775070164,1758893485.328070164,/studio/euler_deg.ref_yaw_deg,121.66224113753267
5.778083562,1758893485.331083562,/studio/euler_deg.ref_yaw_deg,121.66224113753267
5.778433854,1758893485.331433854,/studio/euler_deg.ref_yaw_deg,121.77953997292174
5.781893506,1758893485.334893506,/studio/euler_deg.ref_yaw_deg,118.9004122971614
5.785134246,1758893485.338134246,/studio/euler_deg.ref_yaw_deg,119.07393021134745
5.788495566,1758893485.341495566,/studio/euler_deg.ref_yaw_deg,119.04384549068868
5.790075443,1758893485.343075443,/studio/euler_deg.ref_yaw_deg,119.04384549068868
5.791768016,1758893485.344768016,/studio/euler_deg.ref_yaw_deg,118.52395522161265
5.795066935,1758893485.348066935,/studio/euler_deg.ref_yaw_deg,118.99788761164285
5.798507533,1758893485.351507533,/studio/euler_deg.ref_yaw_deg,119.06296410646404
5.800101094,1758893485.353101094,/studio/euler_deg.ref_yaw_deg,119.06296410646404
5.801739983,1758893485.354739983,/studio/euler_deg.ref_yaw_deg,118.75033372269634
5.805096027,1758893485.358096027,/studio/euler_deg.ref_yaw_deg,118.33203898003794
5.808111662,1758893485.361111662,/studio/euler_deg.ref_yaw_deg,118.33203898003794
5.808354423,1758893485.361354423,/studio/euler_deg.ref_yaw_deg,118.34074705681725
5.811770908,1758893485.364770908,/studio/euler_deg.ref_yaw_deg,115.48497634705096
5.815513388,1758893485.368513388,/studio/euler_deg.ref_yaw_deg,115.38457998468468
5.818393622,1758893485.371393622,/studio/euler_deg.ref_yaw_deg,115.06957399071788
5.820114201,1758893485.373114201,/studio/euler_deg.ref_yaw_deg,115.06957399071788
5.822014577,1758893485.375014577,/studio/euler_deg.ref_yaw_deg,114.29918769741217
5.825147946,1758893485.378147946,/studio/euler_deg.ref_yaw_deg,114.52549825066404
5.828383599,1758893485.381383599,/studio/euler_deg.ref_yaw_deg,114.40880862247252
5.830067033,1758893485.383067033,/studio/euler_deg.ref_yaw_deg,114.40880862247252
5.831847464,1758893485.384847464,/studio/euler_deg.ref_yaw_deg,113.93382054996633
5.835125121,1758893485.388125121,/studio/euler_deg.ref_yaw_deg,113.24641862886872
5.838513076,1758893485.391513076,/studio/euler_deg.ref_yaw_deg,113.15371008827412
5.840072196,1758893485.393072196,/studio/euler_deg.ref_yaw_deg,113.15371008827412
5.841794709,1758893485.394794709,/studio/euler_deg.ref_yaw_deg,112.72427815168453
5.844983901,1758893485.397983901,/studio/euler_deg.ref_yaw_deg,111.84276629151788
5.848518704,1758893485.401518704,/studio/euler_deg.ref_yaw_deg,111.9106266013173
5.850082327,1758893485.403082327,/studio/euler_deg.ref_yaw_deg,111.9106266013173
5.851874277,1758893485.404874277,/studio/euler_deg.ref_yaw_deg,111.6484327268161
5.8550780840000005,1758893485.408078084,/studio/euler_deg.ref_yaw_deg,110.69605767991253
5.858417316,1758893485.411417316,/studio/euler_deg.ref_yaw_deg,110.76294163444435
5.86008376,1758893485.413083760,/studio/euler_deg.ref_yaw_deg,110.76294163444435
5.861758682,1758893485.414758682,/studio/euler_deg.ref_yaw_deg,110.42345133982703
5.865069324,1758893485.418069324,/studio/euler_deg.ref_yaw_deg,109.10967139016151
5.868346271,1758893485.421346271,/studio/euler_deg.ref_yaw_deg,109.07650563022413
5.87012353,1758893485.423123530,/studio/euler_deg.ref_yaw_deg,109.07650563022413
5.871869607,1758893485.424869607,/studio/euler_deg.ref_yaw_deg,108.67440759556288
5.874990563,1758893485.427990563,/studio/euler_deg.ref_yaw_deg,107.38405073523165
5.878334749,1758893485.431334749,/studio/euler_deg.ref_yaw_deg,107.40156089353687
5.8800712740000005,1758893485.433071274,/studio/euler_deg.ref_yaw_deg,107.40156089353687
5.88171044,1758893485.434710440,/studio/euler_deg.ref_yaw_deg,107.06337912276385
5.885069145,1758893485.438069145,/studio/euler_deg.ref_yaw_deg,105.92360672582471
5.888122256,1758893485.441122256,/studio/euler_deg.ref_yaw_deg,105.92360672582471
5.888421035,1758893485.441421035,/studio/euler_deg.ref_yaw_deg,105.93919530289061
5.891679472,1758893485.444679472,/studio/euler_deg.ref_yaw_deg,102.83499138972986
5.895100676,1758893485.448100676,/studio/euler_deg.ref_yaw_deg,102.91557139476099
5.898079781,1758893485.451079781,/studio/euler_deg.ref_yaw_deg,102.91557139476099
5.898447566,1758893485.451447566,/studio/euler_deg.ref_yaw_deg,102.86720340018073
5.901732867,1758893485.454732867,/studio/euler_deg.ref_yaw_deg,101.15047371193116
5.905119333,1758893485.458119333,/studio/euler_deg.ref_yaw_deg,101.22942141537315
5.908073309,1758893485.461073309,/studio/euler_deg.ref_yaw_deg,101.22942141537315
5.908362768,1758893485.461362768,/studio/euler_deg.ref_yaw_deg,101.12866400592483
5.911673093,1758893485.464673093,/studio/euler_deg.ref_yaw_deg,100.19069324933754
5.915223824,1758893485.468223824,/studio/euler_deg.ref_yaw_deg,100.25045584929617
5.91807407,1758893485.471074070,/studio/euler_deg.ref_yaw_deg,100.25045584929617
5.918638775,1758893485.471638775,/studio/euler_deg.ref_yaw_deg,100.15843993219754
5.928114615,1758893485.481114615,/studio/euler_deg.ref_yaw_deg,100.15843993219754
5.93704328,1758893485.490043280,/studio/euler_deg.ref_yaw_deg,99.59104670580194
5.9370451630000005,1758893485.490045163,/studio/euler_deg.ref_yaw_deg,98.98807407149128
5.9370496,1758893485.490049600,/studio/euler_deg.ref_yaw_deg,98.32079323441864
5.9370523550000005,1758893485.490052355,/studio/euler_deg.ref_yaw_deg,97.58861091038881
5.938018645,1758893485.491018645,/studio/euler_deg.ref_yaw_deg,96.84369961041746
5.938860901,1758893485.491860901,/studio/euler_deg.ref_yaw_deg,97.30119539029229
5.940071337,1758893485.493071337,/studio/euler_deg.ref_yaw_deg,97.30119539029229
5.941695978,1758893485.494695978,/studio/euler_deg.ref_yaw_deg,97.76565651835897
5.944966221,1758893485.497966221,/studio/euler_deg.ref_yaw_deg,99.2972060804891
5.948391351,1758893485.501391351,/studio/euler_deg.ref_yaw_deg,99.29357091890179
5.95008358,1758893485.503083580,/studio/euler_deg.ref_yaw_deg,99.29357091890179
5.951690559,1758893485.504690559,/studio/euler_deg.ref_yaw_deg,98.93949863285839
5.95499701,1758893485.507997010,/studio/euler_deg.ref_yaw_deg,98.42171109236166
5.958070187,1758893485.511070187,/studio/euler_deg.ref_yaw_deg,98.42171109236166
5.958302443,1758893485.511302443,/studio/euler_deg.ref_yaw_deg,98.44203778417166
5.961748121,1758893485.514748121,/studio/euler_deg.ref_yaw_deg,95.51039915854051
5.965046893,1758893485.518046893,/studio/euler_deg.ref_yaw_deg,95.5769820847866
5.968340467,1758893485.521340467,/studio/euler_deg.ref_yaw_deg,95.50710523870094
5.970080639,1758893485.523080639,/studio/euler_deg.ref_yaw_deg,95.50710523870094
5.97168144,1758893485.524681440,/studio/euler_deg.ref_yaw_deg,94.89658774304928
5.974944238,1758893485.527944238,/studio/euler_deg.ref_yaw_deg,94.92134980455042
5.978297316,1758893485.531297316,/studio/euler_deg.ref_yaw_deg,94.95409274361502
5.980130859,1758893485.533130859,/studio/euler_deg.ref_yaw_deg,94.95409274361502
5.981593358,1758893485.534593358,/studio/euler_deg.ref_yaw_deg,94.68156486782094
5.985107075,1758893485.538107075,/studio/euler_deg.ref_yaw_deg,93.65892825900602
5.988338302,1758893485.541338302,/studio/euler_deg.ref_yaw_deg,93.71507110706251
5.990071304,1758893485.543071304,/studio/euler_deg.ref_yaw_deg,93.71507110706251
5.991795098,1758893485.544795098,/studio/euler_deg.ref_yaw_deg,93.37857777951508
5.9950701330000005,1758893485.548070133,/studio/euler_deg.ref_yaw_deg,92.27409998784908
5.9983627120000005,1758893485.551362712,/studio/euler_deg.ref_yaw_deg,92.19472547572774
6.000093189,1758893485.553093189,/studio/euler_deg.ref_yaw_deg,92.19472547572774
6.001707379,1758893485.554707379,/studio/euler_deg.ref_yaw_deg,91.78372281645396
6.005035169,1758893485.558035169,/studio/euler_deg.ref_yaw_deg,90.37194292490435
